ADTF_CHUNK_TIME,INS_ANGLE_TRUE_HEADING,INS_Pos_Abs_Latitude,INS_Pos_Abs_Longitude,INS_Vel_Frame_X,INS_Vel_Frame_Y,INS_Vel_Frame_Z,System_TimeSinceInit,GPS_Time_Milliseconds,GPS_Time_Weeks,INS_Time_Milliseconds,INS_Time_Week,INS_Angle_Roll,INS_Angle_Pitch,AccelBodyX,AccelBodyY,AccelBodyZ,AccelHorizontalX,AccelHorizontalY,AccelHorizontalZ
3395,6562,508888227,54394485,2629,-5812,-37,6212,293072100,2115,293072150,2115,-146,-54,48,-28,2398,27,32,2397
14003,6563,508888239,54394444,2628,-5812,-36,6212,293072100,2115,293072160,2115,-146,-53,35,46,2366,15,106,2362
23888,6564,508888251,54394403,2626,-5813,-34,6212,293072150,2115,293072170,2115,-147,-52,47,82,2320,27,141,2316
33484,6564,508888262,54394362,2626,-5813,-33,6212,293072150,2115,293072180,2115,-147,-52,-5,-55,2378,-24,5,2377
43407,6565,508888274,54394322,2625,-5813,-33,6212,293072150,2115,293072190,2115,-147,-51,-8,70,2384,-28,130,2380
53872,6566,508888286,54394281,2625,-5813,-32,6212,293072150,2115,293072200,2115,-148,-51,-12,-3,2381,-31,58,2379
63683,6567,508888298,54394240,2624,-5814,-31,6212,293072150,2115,293072210,2115,-148,-50,64,-6,2393,45,55,2391
73536,6567,508888310,54394199,2624,-5815,-30,6212,293072200,2115,293072220,2115,-149,-50,39,96,2428,20,159,2423
83877,6568,508888321,54394158,2623,-5815,-29,6212,293072200,2115,293072230,2115,-149,-50,56,38,2387,37,100,2384
93405,6569,508888333,54394117,2623,-5815,-29,6212,293072200,2115,293072240,2115,-150,-50,18,6,2468,-2,70,2465
103399,6570,508888345,54394077,2622,-5816,-29,6212,293072200,2115,293072250,2115,-150,-50,-2,-5,2448,-21,59,2445
113916,6570,508888357,54394036,2621,-5816,-29,6212,293072200,2115,293072260,2115,-150,-51,-5,100,2491,-26,165,2485
123584,6571,508888369,54393995,2622,-5815,-28,6212,293072250,2115,293072270,2115,-151,-51,-5,14,2449,-25,78,2445
133460,6572,508888380,54393954,2621,-5816,-28,6212,293072250,2115,293072280,2115,-151,-52,64,18,2521,43,85,2518
144166,6573,508888392,54393913,2621,-5817,-28,6212,293072250,2115,293072290,2115,-152,-53,67,18,2502,46,84,2499
153424,6573,508888404,54393872,2619,-5817,-28,6212,293072250,2115,293072300,2115,-152,-55,11,126,2487,-11,191,2481
163691,6574,508888416,54393831,2619,-5817,-28,6212,293072250,2115,293072310,2115,-152,-56,5,-8,2462,-17,57,2459
173983,6575,508888427,54393790,2618,-5818,-28,6212,293072300,2115,293072320,2115,-153,-57,-18,-14,2561,-41,54,2559
183468,6575,508888439,54393749,2617,-5818,-29,6212,293072300,2115,293072330,2115,-153,-58,21,18,2599,-3,87,2596
193420,6576,508888451,54393709,2617,-5819,-30,6212,293072300,2115,293072340,2115,-153,-59,59,37,2655,34,108,2652
203733,6576,508888463,54393668,2616,-5820,-32,6212,293072300,2115,293072350,2115,-154,-61,59,88,2675,33,159,2671
213735,6577,508888474,54393627,2615,-5820,-33,6212,293072300,2115,293072360,2115,-154,-62,29,-33,2683,2,38,2681
223550,6578,508888486,54393586,2615,-5819,-34,6212,293072350,2115,293072370,2115,-153,-63,-25,64,2647,-52,134,2642
233619,6578,508888498,54393545,2614,-5819,-35,6212,293072350,2115,293072380,2115,-153,-64,-21,27,2619,-48,97,2615
243416,6579,508888510,54393504,2614,-5819,-36,6212,293072350,2115,293072390,2115,-153,-65,-15,-44,2594,-42,25,2592
253431,6579,508888522,54393463,2613,-5819,-37,6212,293072350,2115,293072400,2115,-153,-65,16,-1,2594,-12,67,2591
263916,6580,508888533,54393422,2612,-5820,-38,6212,293072350,2115,293072410,2115,-153,-65,34,72,2634,5,142,2630
274531,6581,508888545,54393381,2611,-5819,-38,6212,293072400,2115,293072420,2115,-152,-66,44,6,2674,16,77,2672
283479,6581,508888557,54393340,2610,-5820,-39,6212,293072400,2115,293072430,2115,-152,-66,16,44,2663,-13,114,2659
293449,6582,508888568,54393300,2610,-5820,-41,6212,293072400,2115,293072440,2115,-151,-66,-2,12,2639,-30,81,2636
303389,6582,508888580,54393259,2609,-5819,-42,6212,293072400,2115,293072450,2115,-150,-65,-20,-31,2629,-48,37,2627
313685,6583,508888592,54393218,2609,-5819,-43,6212,293072400,2115,293072460,2115,-150,-65,-43,2,2648,-71,70,2644
323546,6583,508888604,54393177,2607,-5819,-43,6212,293072450,2115,293072470,2115,-150,-64,58,9,2599,30,77,2597
333480,6584,508888615,54393136,2607,-5820,-43,6212,293072450,2115,293072480,2115,-150,-64,51,6,2535,25,72,2532
343721,6584,508888627,54393095,2607,-5820,-44,6212,293072450,2115,293072490,2115,-150,-63,61,11,2508,36,76,2505
353408,6585,508888639,54393054,2606,-5820,-43,6212,293072450,2115,293072500,2115,-149,-62,9,0,2481,-16,64,2478
363670,6586,508888651,54393013,2605,-5820,-43,6212,293072450,2115,293072510,2115,-149,-62,-11,6,2503,-36,71,2500
373721,6586,508888662,54392972,2605,-5821,-43,6212,293072500,2115,293072520,2115,-149,-61,17,8,2489,-7,72,2486
383924,6587,508888674,54392931,2605,-5822,-44,6212,293072500,2115,293072530,2115,-149,-61,41,33,2536,16,98,2533
393387,6588,508888686,54392890,2604,-5823,-44,6212,293072500,2115,293072540,2115,-150,-61,89,-7,2561,64,60,2559
403388,6588,508888697,54392850,2604,-5823,-45,6212,293072500,2115,293072550,2115,-150,-61,42,22,2597,16,89,2594
414170,6589,508888709,54392809,2603,-5823,-45,6212,293072500,2115,293072560,2115,-150,-60,0,90,2570,-26,157,2565
423529,6590,508888721,54392767,2602,-5824,-45,6212,293072550,2115,293072570,2115,-151,-60,8,19,2535,-17,85,2532
433479,6590,508888732,54392727,2601,-5824,-45,6212,293072550,2115,293072580,2115,-151,-60,-18,58,2459,-42,122,2455
443793,6591,508888744,54392686,2601,-5824,-45,6212,293072550,2115,293072590,2115,-151,-59,21,-46,2462,-3,19,2461
453420,6591,508888756,54392645,2600,-5824,-45,6212,293072550,2115,293072600,2115,-151,-59,34,-5,2541,10,62,2538
463628,6592,508888767,54392604,2599,-5825,-45,6212,293072550,2115,293072610,2115,-152,-59,65,92,2531,40,159,2527
474003,6593,508888779,54392563,2599,-5825,-46,6212,293072600,2115,293072620,2115,-152,-59,46,78,2559,21,146,2554
483479,6593,508888791,54392522,2598,-5826,-46,6212,293072600,2115,293072630,2115,-153,-60,25,36,2489,1,102,2485
493393,6594,508888803,54392481,2597,-5826,-46,6212,293072600,2115,293072640,2115,-153,-60,-23,24,2499,-47,90,2495
504179,6594,508888814,54392440,2597,-5826,-46,6212,293072600,2115,293072650,2115,-152,-60,-16,-4,2506,-41,62,2503
514028,6595,508888826,54392399,2595,-5826,-46,6212,293072600,2115,293072660,2115,-152,-60,35,84,2517,11,150,2512
523560,6595,508888838,54392358,2595,-5827,-46,6212,293072650,2115,293072670,2115,-151,-60,56,-23,2502,32,42,2501
533497,6596,508888849,54392317,2594,-5828,-46,6212,293072650,2115,293072680,2115,-151,-60,67,42,2525,42,108,2521
543411,6597,508888861,54392276,2594,-5828,-46,6212,293072650,2115,293072690,2115,-151,-60,18,35,2502,-6,101,2499
553406,6597,508888873,54392235,2593,-5828,-46,6212,293072650,2115,293072700,2115,-151,-60,-2,5,2549,-27,72,2546
564353,6598,508888884,54392194,2593,-5828,-47,6212,293072650,2115,293072710,2115,-151,-60,-6,-4,2512,-31,61,2509
573548,6598,508888896,54392153,2592,-5828,-46,6212,293072700,2115,293072720,2115,-151,-61,4,-10,2472,-20,55,2470
583493,6599,508888908,54392112,2591,-5829,-46,6212,293072700,2115,293072730,2115,-151,-61,31,51,2489,6,116,2485
593775,6600,508888919,54392071,2590,-5829,-46,6212,293072700,2115,293072740,2115,-150,-61,39,-11,2504,14,55,2502
603390,6600,508888931,54392030,2590,-5830,-47,6212,293072700,2115,293072750,2115,-150,-62,39,53,2600,13,120,2596
613940,6601,508888943,54391989,2589,-5830,-48,6212,293072700,2115,293072760,2115,-149,-63,31,11,2589,5,78,2586
623537,6601,508888954,54391948,2589,-5830,-48,6213,293072750,2115,293072770,2115,-148,-64,57,7,2590,30,74,2587
633461,6602,508888966,54391907,2589,-5830,-48,6213,293072750,2115,293072780,2115,-146,-65,20,-71,2510,-6,-7,2510
643392,6602,508888977,54391866,2588,-5830,-47,6213,293072750,2115,293072790,2115,-144,-66,-2,60,2427,-28,120,2423
653643,6603,508888989,54391825,2587,-5830,-47,6213,293072750,2115,293072800,2115,-143,-67,-8,9,2438,-35,69,2435
663706,6604,508889001,54391784,2586,-5831,-47,6213,293072750,2115,293072810,2115,-142,-68,3,80,2536,-25,143,2531
673547,6604,508889012,54391743,2586,-5831,-48,6213,293072800,2115,293072820,2115,-142,-69,51,-64,2571,23,0,2571
683943,6605,508889024,54391702,2587,-5832,-49,6213,293072800,2115,293072830,2115,-141,-70,100,-94,2674,70,-28,2674
705283,6606,508889036,54391661,2586,-5832,-50,6213,293072800,2115,293072840,2115,-140,-71,17,47,2601,-14,110,2597
705344,6607,508889047,54391620,2585,-5832,-52,6213,293072800,2115,293072850,2115,-139,-72,9,-27,2717,-23,38,2715
714939,6607,508889059,54391579,2585,-5832,-53,6213,293072800,2115,293072860,2115,-137,-72,-14,-40,2651,-45,23,2649
723539,6608,508889070,54391538,2583,-5831,-52,6213,293072850,2115,293072870,2115,-137,-73,-80,146,2516,-111,205,2508
733485,6609,508889082,54391497,2582,-5831,-52,6213,293072850,2115,293072880,2115,-136,-73,11,-39,2521,-19,21,2520
743386,6610,508889094,54391456,2582,-5831,-53,6213,293072850,2115,293072890,2115,-135,-73,27,31,2544,-4,91,2541
753399,6610,508889105,54391415,2581,-5831,-54,6213,293072850,2115,293072900,2115,-133,-74,62,-7,2638,30,54,2636
763655,6611,508889117,54391374,2581,-5832,-54,6213,293072850,2115,293072910,2115,-132,-74,110,23,2533,79,81,2531
773828,6612,508889128,54391332,2580,-5833,-54,6213,293072900,2115,293072920,2115,-130,-74,43,70,2522,12,127,2518
783472,6612,508889140,54391291,2579,-5833,-53,6213,293072900,2115,293072930,2115,-129,-74,-20,62,2427,-50,115,2423
793395,6613,508889152,54391251,2578,-5832,-53,6213,293072900,2115,293072940,2115,-127,-74,-89,68,2543,-120,123,2538
804114,6613,508889163,54391210,2578,-5832,-53,6213,293072900,2115,293072950,2115,-126,-74,37,-112,2466,8,-58,2467
813978,6614,508889175,54391169,2578,-5832,-54,6213,293072900,2115,293072960,2115,-124,-73,48,-8,2600,17,48,2599
823550,6615,508889186,54391127,2577,-5833,-54,6213,293072950,2115,293072970,2115,-123,-72,85,58,2465,55,111,2462
834214,6616,508889198,54391086,2576,-5833,-53,6213,293072950,2115,293072980,2115,-121,-72,17,140,2455,-12,191,2450
843401,6616,508889209,54391045,2575,-5833,-53,6213,293072950,2115,293072990,2115,-120,-70,-48,-53,2430,-75,-3,2428
853413,6617,508889221,54391004,2575,-5832,-52,6213,293072950,2115,293073000,2115,-119,-69,-38,34,2418,-65,83,2415
864619,6618,508889233,54390963,2574,-5833,-52,6213,293072950,2115,293073010,2115,-119,-68,39,-24,2501,12,28,2500
873549,6619,508889244,54390922,2574,-5833,-52,6213,293073000,2115,293073020,2115,-118,-66,68,75,2446,41,125,2442
883465,6619,508889256,54390881,2574,-5833,-51,6213,293073000,2115,293073030,2115,-117,-65,59,15,2393,34,64,2391
893409,6620,508889267,54390840,2574,-5833,-50,6213,293073000,2115,293073040,2115,-116,-64,34,-66,2411,10,-18,2411
903391,6621,508889279,54390799,2572,-5833,-49,6213,293073000,2115,293073050,2115,-115,-62,-42,115,2281,-66,160,2276
913701,6621,508889290,54390758,2571,-5834,-47,6213,293073000,2115,293073060,2115,-115,-61,5,146,2279,-18,191,2274
923892,6622,508889302,54390716,2571,-5834,-45,6213,293073050,2115,293073070,2115,-115,-59,38,-23,2352,15,24,2350
933466,6623,508889313,54390675,2571,-5834,-43,6213,293073050,2115,293073080,2115,-116,-58,51,5,2302,29,51,2300
943406,6624,508889325,54390635,2570,-5835,-42,6213,293073050,2115,293073090,2115,-116,-57,72,162,2380,50,210,2375
953415,6625,508889336,54390594,2569,-5836,-42,6213,293073050,2115,293073100,2115,-117,-56,72,106,2398,50,155,2394
963632,6625,508889348,54390553,2569,-5836,-41,6213,293073050,2115,293073110,2115,-117,-56,40,-20,2426,18,29,2425
973571,6626,508889359,54390511,2568,-5837,-40,6213,293073100,2115,293073120,2115,-118,-55,-4,77,2334,-25,125,2330
983468,6627,508889371,54390470,2566,-5838,-38,6213,293073100,2115,293073130,2115,-118,-55,-29,203,2328,-50,250,2321
993397,6628,508889382,54390429,2565,-5838,-37,6213,293073100,2115,293073140,2115,-119,-55,45,-11,2351,25,37,2350
1003390,6629,508889394,54390388,2565,-5838,-36,6213,293073100,2115,293073150,2115,-120,-55,69,9,2388,48,59,2386
1013671,6629,508889405,54390347,2564,-5839,-35,6213,293073100,2115,293073160,2115,-121,-56,74,117,2376,53,166,2371
1023551,6630,508889417,54390305,2563,-5841,-34,6213,293073150,2115,293073170,2115,-121,-56,40,87,2463,17,139,2459
1033470,6631,508889428,54390264,2563,-5841,-34,6213,293073150,2115,293073180,2115,-122,-57,-1,-4,2418,-23,47,2416
1043412,6632,508889440,54390223,2562,-5841,-33,6213,293073150,2115,293073190,2115,-123,-57,17,87,2457,-6,139,2453
1053431,6632,508889451,54390182,2561,-5842,-33,6213,293073150,2115,293073200,2115,-124,-58,40,126,2447,16,178,2442
1064210,6633,508889463,54390141,2559,-5842,-33,6213,293073150,2115,293073210,2115,-125,-59,32,134,2507,8,188,2502
1073546,6634,508889474,54390099,2559,-5843,-33,6213,293073200,2115,293073220,2115,-126,-59,29,-29,2521,5,25,2519
1083473,6635,508889486,54390058,2558,-5843,-33,6213,293073200,2115,293073230,2115,-126,-60,18,67,2538,-7,122,2534
1093411,6635,508889497,54390017,2557,-5843,-33,6213,293073200,2115,293073240,2115,-127,-61,0,67,2485,-24,122,2481
1103393,6636,508889509,54389976,2556,-5843,-33,6213,293073200,2115,293073250,2115,-127,-61,8,85,2484,-17,140,2479
1113665,6637,508889520,54389935,2555,-5844,-33,6213,293073200,2115,293073260,2115,-128,-62,30,123,2515,5,178,2510
1123536,6638,508889532,54389893,2555,-5844,-34,6213,293073250,2115,293073270,2115,-129,-63,68,-77,2554,43,-20,2554
1133480,6639,508889543,54389852,2553,-5845,-34,6213,293073250,2115,293073280,2115,-129,-64,23,150,2550,-4,207,2544
1143398,6639,508889555,54389811,2552,-5846,-34,6213,293073250,2115,293073290,2115,-130,-64,18,161,2557,-9,219,2550
1153396,6640,508889566,54389770,2551,-5846,-35,6213,293073250,2115,293073300,2115,-130,-65,4,48,2543,-23,105,2539
1163904,6641,508889578,54389729,2551,-5846,-35,6213,293073250,2115,293073310,2115,-130,-65,24,-67,2517,-2,-10,2516
1173582,6642,508889589,54389687,2550,-5847,-35,6213,293073300,2115,293073320,2115,-131,-66,-1,84,2502,-28,140,2497
1183477,6642,508889601,54389646,2548,-5847,-36,6213,293073300,2115,293073330,2115,-131,-66,38,136,2555,10,194,2550
1193618,6643,508889612,54389605,2547,-5848,-36,6213,293073300,2115,293073340,2115,-132,-66,47,85,2568,19,144,2564
1203412,6644,508889623,54389564,2547,-5848,-37,6213,293073300,2115,293073350,2115,-132,-66,35,-3,2594,7,57,2591
1213710,6645,508889635,54389523,2546,-5848,-38,6213,293073300,2115,293073360,2115,-132,-67,-4,95,2576,-32,154,2571
1224327,6646,508889646,54389481,2545,-5848,-38,6213,293073350,2115,293073370,2115,-133,-67,-5,42,2565,-33,101,2561
1233473,6646,508889658,54389440,2544,-5848,-38,6213,293073350,2115,293073380,2115,-133,-66,23,35,2548,-4,94,2545
1243399,6647,508889669,54389399,2543,-5848,-39,6213,293073350,2115,293073390,2115,-134,-66,28,26,2559,1,85,2556
1253396,6648,508889681,54389358,2542,-5849,-39,6213,293073350,2115,293073400,2115,-134,-66,-8,125,2507,-36,183,2501
1263641,6649,508889692,54389317,2541,-5849,-39,6213,293073350,2115,293073410,2115,-135,-66,8,97,2604,-21,157,2599
1273558,6650,508889703,54389275,2540,-5849,-41,6213,293073400,2115,293073420,2115,-135,-65,37,0,2567,10,60,2565
1283464,6651,508889715,54389234,2540,-5850,-41,6213,293073400,2115,293073430,2115,-136,-65,68,5,2606,41,67,2604
1293428,6651,508889726,54389193,2538,-5850,-42,6213,293073400,2115,293073440,2115,-137,-65,7,153,2519,-20,213,2512
1303394,6652,508889738,54389152,2537,-5851,-41,6213,293073400,2115,293073450,2115,-137,-65,0,131,2458,-26,189,2452
1313822,6653,508889749,54389111,2537,-5851,-42,6213,293073400,2115,293073460,2115,-138,-64,6,-25,2547,-20,35,2545
1323537,6654,508889760,54389069,2536,-5851,-42,6213,293073450,2115,293073470,2115,-138,-64,49,65,2620,21,128,2616
1333478,6655,508889772,54389028,2535,-5851,-43,6213,293073450,2115,293073480,2115,-139,-64,31,110,2548,4,172,2543
1343395,6656,508889783,54388987,2532,-5852,-43,6213,293073450,2115,293073490,2115,-140,-64,41,244,2579,12,306,2571
1353430,6657,508889795,54388946,2534,-5852,-44,6213,293073450,2115,293073500,2115,-140,-65,61,-211,2593,35,-148,2596
1363672,6658,508889806,54388905,2533,-5852,-45,6213,293073450,2115,293073510,2115,-140,-65,19,36,2614,-8,99,2611
1373856,6659,508889817,54388863,2530,-5853,-44,6213,293073500,2115,293073520,2115,-140,-65,-16,251,2511,-44,311,2502
1383473,6659,508889829,54388821,2529,-5854,-45,6213,293073500,2115,293073530,2115,-140,-65,36,79,2545,9,141,2541
1393399,6660,508889840,54388780,2529,-5854,-45,6213,293073500,2115,293073540,2115,-140,-65,-6,-66,2500,-32,-5,2499
1403399,6661,508889852,54388739,2528,-5854,-45,6213,293073500,2115,293073550,2115,-140,-64,40,65,2602,12,128,2598
1414321,6662,508889863,54388698,2527,-5855,-46,6213,293073500,2115,293073560,2115,-139,-64,49,129,2584,22,192,2579
1423571,6663,508889874,54388656,2525,-5855,-46,6213,293073550,2115,293073570,2115,-139,-64,20,63,2629,-7,127,2625
1433461,6664,508889886,54388615,2525,-5855,-47,6213,293073550,2115,293073580,2115,-138,-63,9,-63,2589,-17,-1,2588
1443408,6665,508889897,54388574,2524,-5855,-47,6213,293073550,2115,293073590,2115,-137,-62,-15,65,2598,-42,127,2594
1453403,6666,508889908,54388533,2523,-5855,-48,6213,293073550,2115,293073600,2115,-136,-61,-13,74,2528,-38,133,2523
1463640,6666,508889920,54388492,2523,-5856,-48,6213,293073550,2115,293073610,2115,-135,-60,31,0,2527,6,60,2524
1473555,6667,508889931,54388449,2521,-5857,-47,6213,293073600,2115,293073620,2115,-134,-59,17,59,2478,-7,117,2474
1483480,6668,508889942,54388408,2521,-5857,-47,6213,293073600,2115,293073630,2115,-132,-58,38,11,2455,15,67,2453
1493404,6669,508889954,54388367,2521,-5857,-46,6213,293073600,2115,293073640,2115,-131,-57,19,-1,2396,-3,53,2394
1503410,6670,508889965,54388326,2520,-5857,-45,6213,293073600,2115,293073650,2115,-130,-56,29,40,2393,8,94,2390
1513658,6671,508889976,54388285,2519,-5858,-44,6213,293073600,2115,293073660,2115,-129,-55,57,79,2389,35,132,2386
1523551,6672,508889988,54388243,2519,-5859,-44,6213,293073650,2115,293073670,2115,-127,-55,15,22,2380,-6,74,2377
1533484,6673,508889999,54388202,2517,-5859,-43,6213,293073650,2115,293073680,2115,-126,-54,23,161,2431,1,214,2425
1543408,6674,508890010,54388160,2518,-5859,-43,6213,293073650,2115,293073690,2115,-125,-53,55,-87,2459,34,-34,2459
1553870,6675,508890022,54388119,2517,-5860,-42,6213,293073650,2115,293073700,2115,-124,-53,39,63,2448,18,116,2444
1564722,6676,508890033,54388078,2516,-5860,-42,6213,293073650,2115,293073710,2115,-122,-52,9,24,2383,-11,74,2380
1573895,6677,508890044,54388036,2516,-5860,-41,6213,293073700,2115,293073720,2115,-121,-52,16,88,2442,-5,139,2438
1583504,6677,508890055,54387995,2514,-5860,-41,6213,293073700,2115,293073730,2115,-120,-52,35,108,2415,14,158,2410
1593403,6678,508890067,54387954,2514,-5861,-40,6213,293073700,2115,293073740,2115,-119,-52,50,1,2470,30,52,2468
1603414,6679,508890078,54387912,2513,-5861,-40,6213,293073700,2115,293073750,2115,-118,-53,55,74,2432,34,123,2428
1614790,6680,508890089,54387871,2512,-5862,-39,6213,293073700,2115,293073760,2115,-117,-53,4,90,2436,-17,140,2432
1623566,6681,508890101,54387829,2512,-5862,-39,6213,293073750,2115,293073770,2115,-117,-54,12,81,2380,-8,128,2377
1633477,6682,508890112,54387787,2511,-5863,-39,6213,293073750,2115,293073780,2115,-116,-54,12,37,2456,-9,86,2453
1644299,6683,508890123,54387746,2510,-5863,-38,6213,293073750,2115,293073790,2115,-116,-55,41,108,2444,19,157,2439
1653428,6684,508890134,54387705,2509,-5864,-38,6214,293073750,2115,293073800,2115,-116,-56,38,44,2535,15,94,2532
1663642,6685,508890146,54387664,2508,-5864,-38,6214,293073750,2115,293073810,2115,-115,-57,45,94,2521,21,144,2517
1673625,6685,508890157,54387621,2507,-5865,-39,6214,293073800,2115,293073820,2115,-116,-59,33,71,2538,9,122,2535
1683515,6686,508890168,54387580,2506,-5865,-39,6214,293073800,2115,293073830,2115,-116,-60,16,132,2503,-9,183,2498
1693423,6687,508890179,54387539,2505,-5865,-38,6214,293073800,2115,293073840,2115,-117,-61,9,90,2434,-15,139,2429
1703397,6688,508890191,54387498,2505,-5865,-38,6214,293073800,2115,293073850,2115,-117,-62,-9,-7,2504,-34,44,2502
1713661,6689,508890202,54387457,2504,-5865,-39,6214,293073800,2115,293073860,2115,-118,-64,-2,88,2584,-29,141,2579
1723562,6690,508890213,54387414,2503,-5866,-39,6214,293073850,2115,293073870,2115,-119,-65,85,101,2600,57,155,2596
1733487,6691,508890224,54387373,2501,-5867,-39,6214,293073850,2115,293073880,2115,-120,-66,62,158,2520,34,211,2515
1743420,6692,508890235,54387332,2501,-5867,-40,6214,293073850,2115,293073890,2115,-122,-67,7,64,2566,-21,118,2562
1753405,6692,508890247,54387290,2500,-5867,-41,6214,293073850,2115,293073900,2115,-123,-68,-19,14,2647,-49,70,2643
1763710,6693,508890258,54387249,2498,-5868,-42,6214,293073850,2115,293073910,2115,-125,-69,2,127,2659,-29,185,2653
1773552,6694,508890269,54387207,2498,-5867,-42,6214,293073900,2115,293073920,2115,-127,-70,22,66,2539,-7,122,2535
1783477,6695,508890280,54387165,2496,-5868,-42,6214,293073900,2115,293073930,2115,-129,-70,40,238,2467,11,293,2459
1793395,6696,508890292,54387124,2495,-5868,-42,6214,293073900,2115,293073940,2115,-131,-70,28,78,2555,-2,136,2551
1803422,6696,508890303,54387083,2494,-5868,-43,6214,293073900,2115,293073950,2115,-131,-69,-27,-31,2585,-57,27,2583
1813662,6697,508890314,54387042,2493,-5868,-44,6214,293073900,2115,293073960,2115,-131,-69,18,109,2604,-12,168,2599
1823560,6697,508890325,54386999,2491,-5868,-43,6214,293073950,2115,293073970,2115,-132,-68,22,143,2532,-7,201,2526
1833572,6698,508890336,54386958,2490,-5869,-44,6214,293073950,2115,293073980,2115,-132,-68,55,117,2521,26,175,2516
1843430,6699,508890347,54386917,2490,-5869,-44,6214,293073950,2115,293073990,2115,-134,-67,12,-54,2555,-15,5,2554
1853419,6699,508890359,54386876,2488,-5869,-44,6214,293073950,2115,293074000,2115,-135,-66,27,139,2500,0,197,2494
1864777,6700,508890370,54386834,2487,-5869,-42,6214,293073950,2115,293074010,2115,-135,-65,-50,61,2314,-75,115,2309
1873538,6701,508890381,54386792,2485,-5870,-41,6214,293074000,2115,293074020,2115,-136,-63,23,105,2330,-1,159,2325
1883477,6701,508890392,54386750,2485,-5870,-40,6214,293074000,2115,293074030,2115,-135,-61,-9,-66,2339,-32,-11,2338
1893409,6702,508890403,54386709,2485,-5871,-40,6214,293074000,2115,293074040,2115,-135,-60,75,-5,2489,51,53,2487
1903413,6703,508890414,54386668,2484,-5872,-39,6214,293074000,2115,293074050,2115,-135,-58,72,111,2432,49,168,2428
1913660,6703,508890425,54386627,2483,-5872,-39,6214,293074000,2115,293074060,2115,-135,-57,57,34,2544,34,93,2541
1923558,6704,508890436,54386584,2483,-5872,-39,6214,293074050,2115,293074070,2115,-135,-55,-11,-20,2426,-32,37,2424
1933496,6705,508890448,54386543,2482,-5872,-38,6214,293074050,2115,293074080,2115,-135,-54,14,84,2439,-7,141,2435
1943401,6706,508890459,54386501,2481,-5872,-37,6214,293074050,2115,293074090,2115,-135,-53,-32,123,2301,-51,177,2295
1953392,6706,508890470,54386460,2481,-5873,-36,6214,293074050,2115,293074100,2115,-134,-52,39,-43,2353,20,12,2352
1963690,6707,508890481,54386419,2481,-5873,-34,6214,293074050,2115,293074110,2115,-134,-51,59,3,2291,40,56,2289
1973563,6708,508890492,54386376,2479,-5875,-33,6214,293074100,2115,293074120,2115,-134,-50,50,134,2313,31,187,2308
1983470,6708,508890503,54386335,2479,-5876,-32,6214,293074100,2115,293074130,2115,-134,-50,70,4,2429,50,61,2427
1993398,6709,508890514,54386294,2478,-5877,-32,6214,293074100,2115,293074140,2115,-133,-50,92,73,2463,72,131,2460
2003398,6710,508890525,54386252,2478,-5877,-32,6214,293074100,2115,293074150,2115,-133,-51,37,2,2515,17,60,2512
2014046,6711,508890537,54386211,2477,-5877,-32,6214,293074100,2115,293074160,2115,-133,-51,16,8,2468,-4,64,2466
2023550,6711,508890548,54386168,2475,-5879,-31,6214,293074150,2115,293074170,2115,-133,-52,-28,97,2406,-48,152,2401
2033463,6712,508890559,54386127,2475,-5879,-30,6214,293074150,2115,293074180,2115,-133,-52,-12,-8,2426,-32,47,2423
2043747,6713,508890570,54386086,2474,-5880,-30,6214,293074150,2115,293074190,2115,-133,-52,21,52,2551,-1,110,2547
2053413,6714,508890581,54386044,2473,-5880,-31,6214,293074150,2115,293074200,2115,-132,-53,45,32,2607,23,92,2604
2063653,6715,508890592,54386003,2473,-5881,-32,6214,293074150,2115,293074210,2115,-132,-54,62,34,2615,39,93,2612
2073880,6715,508890603,54385960,2472,-5881,-33,6214,293074200,2115,293074220,2115,-132,-55,31,-11,2548,9,47,2545
2083470,6716,508890614,54385919,2471,-5881,-33,6214,293074200,2115,293074230,2115,-131,-55,6,26,2563,-17,84,2560
2093474,6717,508890625,54385878,2470,-5881,-33,6214,293074200,2115,293074240,2115,-131,-56,-19,52,2513,-42,109,2509
2103398,6717,508890636,54385836,2469,-5881,-34,6214,293074200,2115,293074250,2115,-131,-57,10,104,2588,-14,162,2583
2113672,6718,508890647,54385795,2469,-5882,-34,6214,293074200,2115,293074260,2115,-130,-58,23,1,2557,-1,59,2555
2123548,6719,508890658,54385752,2469,-5881,-35,6214,293074250,2115,293074270,2115,-130,-59,44,7,2619,19,67,2616
2133479,6719,508890669,54385711,2468,-5881,-36,6214,293074250,2115,293074280,2115,-130,-60,60,4,2618,35,63,2616
2143429,6720,508890681,54385670,2467,-5882,-36,6214,293074250,2115,293074290,2115,-129,-61,29,77,2575,3,134,2571
2153392,6721,508890692,54385628,2467,-5882,-37,6214,293074250,2115,293074300,2115,-129,-62,19,42,2575,-6,99,2572
2163690,6721,508890703,54385587,2466,-5882,-37,6214,293074250,2115,293074310,2115,-129,-63,33,-5,2608,7,53,2606
2173549,6722,508890714,54385544,2466,-5881,-38,6214,293074300,2115,293074320,2115,-129,-64,0,37,2628,-27,95,2625
2183479,6723,508890725,54385503,2465,-5881,-40,6214,293074300,2115,293074330,2115,-128,-65,23,80,2650,-5,139,2646
2193507,6723,508890736,54385461,2464,-5881,-41,6214,293074300,2115,293074340,2115,-128,-66,29,8,2673,1,67,2671
2203402,6724,508890747,54385420,2464,-5882,-42,6214,293074300,2115,293074350,2115,-128,-67,51,-2,2680,22,57,2678
2213669,6724,508890758,54385379,2463,-5882,-43,6214,293074300,2115,293074360,2115,-128,-68,25,66,2645,-4,124,2641
2223609,6725,508890769,54385336,2462,-5882,-44,6214,293074350,2115,293074370,2115,-128,-69,-1,80,2612,-31,138,2607
2233514,6726,508890780,54385294,2461,-5882,-45,6214,293074350,2115,293074380,2115,-128,-69,-16,58,2632,-46,116,2628
2243398,6726,508890791,54385253,2461,-5882,-46,6214,293074350,2115,293074390,2115,-128,-70,21,-3,2590,-9,54,2588
2253517,6727,508890802,54385212,2460,-5882,-46,6214,293074350,2115,293074400,2115,-128,-71,50,43,2595,19,101,2592
2264278,6728,508890813,54385171,2460,-5882,-48,6214,293074350,2115,293074410,2115,-128,-71,34,4,2681,2,63,2678
2273559,6728,508890824,54385127,2459,-5883,-49,6214,293074400,2115,293074420,2115,-127,-72,28,82,2719,-5,142,2715
2283475,6729,508890835,54385086,2458,-5883,-51,6214,293074400,2115,293074430,2115,-127,-72,-11,45,2669,-43,104,2665
2293421,6729,508890846,54385045,2458,-5883,-52,6214,293074400,2115,293074440,2115,-128,-73,0,28,2653,-32,87,2650
2303410,6730,508890857,54385004,2456,-5883,-53,6214,293074400,2115,293074450,2115,-128,-73,3,78,2624,-29,136,2620
2314025,6731,508890868,54384962,2456,-5883,-53,6214,293074400,2115,293074460,2115,-128,-73,41,50,2585,10,107,2582
2323545,6731,508890879,54384919,2455,-5883,-54,6214,293074450,2115,293074470,2115,-128,-73,24,-5,2524,-6,51,2522
2333513,6732,508890890,54384878,2454,-5884,-55,6214,293074450,2115,293074480,2115,-128,-73,39,53,2604,7,110,2601
2343984,6733,508890901,54384837,2453,-5884,-55,6214,293074450,2115,293074490,2115,-127,-73,32,90,2544,1,146,2539
2353408,6733,508890912,54384795,2452,-5884,-56,6214,293074450,2115,293074500,2115,-127,-72,32,-9,2581,1,48,2579
2363798,6734,508890923,54384754,2452,-5884,-56,6214,293074450,2115,293074510,2115,-128,-72,-10,46,2566,-41,103,2562
2373999,6735,508890934,54384711,2451,-5885,-57,6214,293074500,2115,293074520,2115,-128,-71,30,16,2575,0,73,2572
2383795,6735,508890945,54384670,2450,-5885,-58,6214,293074500,2115,293074530,2115,-128,-70,10,49,2559,-19,106,2555
2393414,6736,508890956,54384628,2449,-5885,-58,6214,293074500,2115,293074540,2115,-128,-69,22,51,2526,-7,107,2523
2403461,6737,508890967,54384587,2448,-5885,-58,6214,293074500,2115,293074550,2115,-128,-68,13,57,2477,-15,111,2474
2413707,6737,508890978,54384546,2448,-5886,-57,6214,293074500,2115,293074560,2115,-127,-67,26,-42,2450,-1,12,2449
2423552,6738,508890989,54384503,2447,-5885,-57,6214,293074550,2115,293074570,2115,-127,-65,13,39,2421,-13,93,2418
2433736,6739,508891000,54384461,2447,-5885,-56,6214,293074550,2115,293074580,2115,-127,-64,38,57,2450,12,111,2446
2443969,6739,508891011,54384420,2446,-5886,-55,6214,293074550,2115,293074590,2115,-127,-63,26,27,2402,1,80,2399
2453413,6740,508891022,54384379,2445,-5886,-54,6214,293074550,2115,293074600,2115,-126,-62,28,36,2386,4,88,2383
2463937,6741,508891033,54384337,2445,-5886,-53,6214,293074550,2115,293074610,2115,-126,-61,43,27,2364,20,78,2361
2473561,6741,508891044,54384294,2445,-5887,-52,6214,293074600,2115,293074620,2115,-125,-60,23,10,2340,0,60,2337
2483459,6742,508891055,54384253,2444,-5888,-51,6214,293074600,2115,293074630,2115,-125,-59,26,79,2338,4,130,2334
2493876,6743,508891066,54384212,2443,-5888,-50,6214,293074600,2115,293074640,2115,-124,-59,31,31,2373,8,82,2370
2503401,6743,508891077,54384170,2443,-5888,-49,6214,293074600,2115,293074650,2115,-124,-58,54,-13,2386,31,39,2384
2513690,6744,508891088,54384129,2442,-5889,-48,6214,293074600,2115,293074660,2115,-123,-58,37,96,2417,14,147,2413
2524138,6745,508891099,54384086,2441,-5890,-47,6214,293074650,2115,293074670,2115,-123,-58,58,14,2391,36,65,2389
2534466,6746,508891110,54384044,2440,-5891,-46,6214,293074650,2115,293074680,2115,-122,-58,35,56,2342,13,105,2339
2543405,6747,508891121,54384003,2439,-5891,-45,6214,293074650,2115,293074690,2115,-121,-58,-3,58,2335,-25,107,2331
2553404,6747,508891132,54383962,2439,-5891,-44,6214,293074650,2115,293074700,2115,-120,-58,29,25,2429,6,75,2427
2563665,6748,508891142,54383920,2438,-5891,-43,6214,293074650,2115,293074710,2115,-120,-58,1,12,2416,-22,62,2413
2573675,6749,508891153,54383877,2437,-5893,-43,6214,293074700,2115,293074720,2115,-119,-58,25,127,2423,2,177,2418
2583673,6750,508891164,54383836,2437,-5893,-43,6214,293074700,2115,293074730,2115,-119,-59,44,3,2430,21,53,2428
2593394,6751,508891175,54383794,2435,-5893,-42,6214,293074700,2115,293074740,2115,-118,-59,26,118,2438,2,168,2433
2603414,6752,508891186,54383753,2435,-5894,-41,6214,293074700,2115,293074750,2115,-117,-60,28,-2,2431,5,47,2429
2613820,6752,508891197,54383712,2434,-5894,-41,6214,293074700,2115,293074760,2115,-116,-60,31,69,2441,7,118,2438
2623552,6753,508891208,54383668,2434,-5894,-40,6214,293074750,2115,293074770,2115,-116,-61,-2,88,2353,-25,135,2349
2633478,6754,508891219,54383627,2434,-5894,-39,6214,293074750,2115,293074780,2115,-115,-61,26,-20,2439,2,29,2438
2643981,6755,508891230,54383586,2432,-5894,-39,6214,293074750,2115,293074790,2115,-115,-62,13,132,2455,-12,181,2450
2653395,6756,508891241,54383544,2432,-5895,-39,6214,293074750,2115,293074800,2115,-115,-62,61,40,2525,35,91,2523
2663654,6757,508891252,54383503,2431,-5895,-38,6214,293074750,2115,293074810,2115,-115,-62,31,48,2429,7,96,2426
2674031,6758,508891263,54383460,2431,-5895,-38,6215,293074800,2115,293074820,2115,-114,-63,38,51,2449,13,99,2446
2683471,6758,508891273,54383418,2430,-5895,-38,6215,293074800,2115,293074830,2115,-114,-63,-13,83,2450,-38,131,2446
2693775,6759,508891284,54383377,2429,-5895,-38,6215,293074800,2115,293074840,2115,-114,-63,8,29,2534,-18,79,2531
2703934,6760,508891295,54383336,2428,-5895,-38,6215,293074800,2115,293074850,2115,-114,-63,9,63,2513,-17,113,2509
2713669,6761,508891306,54383294,2428,-5896,-38,6215,293074800,2115,293074860,2115,-114,-64,58,47,2467,32,96,2464
2723562,6762,508891317,54383251,2426,-5895,-37,6215,293074850,2115,293074870,2115,-114,-64,26,107,2470,0,155,2465
2733493,6763,508891328,54383210,2426,-5895,-37,6215,293074850,2115,293074880,2115,-114,-64,43,59,2437,17,107,2434
2743445,6763,508891339,54383168,2425,-5896,-37,6215,293074850,2115,293074890,2115,-114,-64,22,33,2521,-5,83,2518
2753410,6764,508891350,54383127,2424,-5896,-37,6215,293074850,2115,293074900,2115,-115,-65,23,39,2506,-3,89,2503
2764288,6765,508891361,54383086,2423,-5896,-37,6215,293074850,2115,293074910,2115,-115,-65,17,117,2490,-10,166,2486
2773705,6766,508891371,54383042,2422,-5897,-36,6215,293074900,2115,293074920,2115,-115,-65,34,137,2463,7,187,2458
2783479,6767,508891382,54383001,2422,-5897,-36,6215,293074900,2115,293074930,2115,-115,-65,39,-4,2551,11,47,2549
2794288,6767,508891393,54382960,2421,-5898,-36,6215,293074900,2115,293074940,2115,-115,-65,40,38,2489,14,88,2486
2803407,6768,508891404,54382918,2420,-5898,-37,6215,293074900,2115,293074950,2115,-115,-65,30,139,2550,2,189,2545
2813672,6769,508891415,54382877,2419,-5898,-37,6215,293074900,2115,293074960,2115,-115,-65,-2,20,2513,-29,70,2510
2824379,6770,508891426,54382834,2418,-5898,-37,6215,293074950,2115,293074970,2115,-116,-65,-9,47,2536,-37,97,2533
2833536,6771,508891437,54382792,2417,-5899,-37,6215,293074950,2115,293074980,2115,-116,-65,36,89,2552,8,140,2549
2843399,6771,508891448,54382751,2416,-5900,-38,6215,293074950,2115,293074990,2115,-116,-65,48,98,2579,20,150,2575
2853410,6772,508891458,54382709,2415,-5900,-38,6215,293074950,2115,293075000,2115,-116,-65,46,57,2472,20,106,2469
2864610,6773,508891469,54382668,2415,-5900,-37,6215,293074950,2115,293075010,2115,-116,-65,9,21,2482,-17,70,2479
2874171,6774,508891480,54382625,2413,-5899,-37,6215,293075000,2115,293075020,2115,-116,-65,-20,98,2489,-47,147,2484
2883489,6775,508891491,54382583,2412,-5900,-38,6215,293075000,2115,293075030,2115,-116,-64,36,79,2552,9,130,2549
2893417,6775,508891502,54382542,2412,-5900,-38,6215,293075000,2115,293075040,2115,-116,-64,45,20,2622,17,72,2620
2903407,6776,508891513,54382500,2411,-5901,-39,6215,293075000,2115,293075050,2115,-116,-64,79,92,2516,53,142,2512
2914003,6777,508891523,54382459,2410,-5901,-39,6215,293075000,2115,293075060,2115,-116,-64,31,61,2601,4,114,2598
2923565,6778,508891534,54382416,2409,-5901,-39,6215,293075050,2115,293075070,2115,-117,-63,-20,49,2528,-46,100,2524
2935003,6779,508891545,54382374,2408,-5901,-39,6215,293075050,2115,293075080,2115,-117,-63,-26,59,2448,-51,109,2445
2943558,6779,508891556,54382333,2407,-5902,-38,6215,293075050,2115,293075090,2115,-117,-62,43,94,2409,18,143,2405
2953416,6780,508891567,54382291,2407,-5902,-38,6215,293075050,2115,293075100,2115,-118,-62,56,54,2544,31,106,2541
2963868,6781,508891577,54382250,2406,-5903,-39,6215,293075050,2115,293075110,2115,-119,-61,55,-4,2535,30,48,2533
2973593,6782,508891588,54382207,2406,-5904,-40,6215,293075100,2115,293075120,2115,-119,-61,54,126,2551,29,179,2546
2983481,6782,508891599,54382165,2405,-5904,-40,6215,293075100,2115,293075130,2115,-120,-60,5,67,2515,-20,119,2511
2993408,6783,508891610,54382124,2404,-5905,-40,6215,293075100,2115,293075140,2115,-120,-59,10,38,2523,-14,91,2520
3003436,6784,508891621,54382082,2403,-5905,-40,6215,293075100,2115,293075150,2115,-121,-59,-4,63,2474,-28,115,2470
3014484,6784,508891631,54382041,2402,-5905,-40,6215,293075100,2115,293075160,2115,-122,-58,55,57,2529,31,110,2526
3023584,6785,508891642,54381997,2403,-5905,-40,6215,293075150,2115,293075170,2115,-122,-57,29,-10,2523,6,44,2520
3034023,6786,508891653,54381956,2401,-5906,-39,6215,293075150,2115,293075180,2115,-123,-56,17,142,2475,-6,195,2469
3043406,6787,508891664,54381915,2400,-5906,-39,6215,293075150,2115,293075190,2115,-124,-55,35,92,2438,13,144,2434
3053405,6787,508891674,54381873,2400,-5906,-39,6215,293075150,2115,293075200,2115,-125,-54,26,13,2452,5,66,2449
3065009,6788,508891685,54381832,2399,-5907,-38,6215,293075150,2115,293075210,2115,-125,-53,14,50,2394,-7,102,2391
3074229,6788,508891696,54381788,2398,-5907,-37,6215,293075200,2115,293075220,2115,-126,-52,28,37,2383,8,89,2380
3083486,6789,508891707,54381747,2397,-5908,-37,6215,293075200,2115,293075230,2115,-127,-51,12,105,2480,-8,159,2475
3093426,6790,508891718,54381705,2396,-5908,-36,6215,293075200,2115,293075240,2115,-127,-50,26,55,2444,7,109,2440
3103409,6790,508891728,54381664,2395,-5909,-36,6215,293075200,2115,293075250,2115,-128,-49,62,93,2519,42,149,2515
3114828,6791,508891739,54381622,2395,-5909,-36,6215,293075200,2115,293075260,2115,-129,-48,55,6,2421,37,60,2419
3123561,6791,508891750,54381579,2394,-5910,-35,6215,293075250,2115,293075270,2115,-129,-47,25,11,2404,7,65,2402
3133483,6792,508891761,54381537,2393,-5910,-33,6215,293075250,2115,293075280,2115,-130,-47,2,110,2275,-15,161,2270
3143418,6793,508891771,54381496,2392,-5910,-32,6215,293075250,2115,293075290,2115,-130,-46,21,69,2344,4,122,2340
3153436,6793,508891782,54381454,2392,-5911,-31,6215,293075250,2115,293075300,2115,-131,-45,24,-15,2357,7,39,2355
3163666,6794,508891793,54381413,2391,-5912,-30,6215,293075250,2115,293075310,2115,-131,-45,65,126,2400,48,180,2395
3174361,6795,508891804,54381369,2390,-5913,-29,6215,293075300,2115,293075320,2115,-132,-44,67,17,2433,50,73,2430
3183481,6795,508891814,54381327,2390,-5914,-28,6215,293075300,2115,293075330,2115,-132,-44,51,16,2421,34,71,2418
3193406,6796,508891825,54381286,2389,-5914,-28,6215,293075300,2115,293075340,2115,-132,-44,-7,-17,2387,-24,38,2385
3203414,6796,508891836,54381244,2389,-5914,-27,6215,293075300,2115,293075350,2115,-133,-44,31,30,2380,15,84,2377
3213651,6797,508891847,54381203,2388,-5914,-26,6215,293075300,2115,293075360,2115,-133,-44,-10,93,2400,-26,148,2396
3223554,6798,508891857,54381159,2387,-5915,-25,6215,293075350,2115,293075370,2115,-134,-44,52,38,2410,35,94,2407
3233464,6798,508891868,54381117,2387,-5916,-25,6215,293075350,2115,293075380,2115,-134,-44,42,-31,2486,25,26,2484
3243416,6799,508891879,54381076,2386,-5916,-25,6215,293075350,2115,293075390,2115,-134,-44,40,63,2456,23,120,2452
3253863,6799,508891889,54381034,2385,-5917,-24,6215,293075350,2115,293075400,2115,-134,-44,36,69,2468,18,126,2464
3263653,6800,508891900,54380993,2385,-5917,-24,6215,293075350,2115,293075410,2115,-133,-45,37,-64,2434,20,-8,2433
3273559,6800,508891911,54380949,2384,-5917,-23,6215,293075400,2115,293075420,2115,-133,-45,31,70,2430,14,126,2427
3283493,6801,508891922,54380907,2384,-5917,-22,6215,293075400,2115,293075430,2115,-133,-46,13,-13,2410,-4,42,2408
3293399,6802,508891932,54380866,2383,-5918,-22,6215,293075400,2115,293075440,2115,-133,-47,9,59,2434,-9,115,2430
3303529,6802,508891943,54380824,2382,-5918,-22,6215,293075400,2115,293075450,2115,-133,-47,48,14,2453,29,71,2450
3313652,6803,508891954,54380783,2382,-5918,-21,6215,293075400,2115,293075460,2115,-133,-48,70,-23,2479,51,34,2477
3323561,6803,508891964,54380739,2383,-5919,-22,6215,293075450,2115,293075470,2115,-132,-49,38,-13,2529,19,45,2527
3333868,6804,508891975,54380697,2382,-5919,-22,6215,293075450,2115,293075480,2115,-132,-49,32,11,2533,13,69,2530
3343414,6804,508891986,54380656,2381,-5919,-22,6215,293075450,2115,293075490,2115,-131,-50,7,35,2525,-14,92,2521
3353400,6804,508891996,54380614,2381,-5919,-22,6215,293075450,2115,293075500,2115,-131,-51,2,43,2545,-19,100,2542
3363666,6805,508892007,54380573,2380,-5919,-23,6215,293075450,2115,293075510,2115,-130,-52,19,-3,2563,-2,55,2561
3374687,6805,508892018,54380529,2379,-5919,-23,6215,293075500,2115,293075520,2115,-130,-53,54,-22,2527,33,35,2525
3383482,6806,508892028,54380487,2379,-5919,-23,6215,293075500,2115,293075530,2115,-129,-53,46,-31,2521,25,26,2519
3393400,6806,508892039,54380446,2378,-5920,-23,6215,293075500,2115,293075540,2115,-129,-54,20,63,2547,-2,120,2543
3403409,6807,508892050,54380404,2377,-5920,-24,6215,293075500,2115,293075550,2115,-128,-55,23,53,2565,0,110,2561
3414659,6807,508892060,54380362,2377,-5920,-25,6215,293075500,2115,293075560,2115,-127,-56,35,-10,2622,12,48,2620
3423918,6808,508892071,54380318,2376,-5921,-26,6215,293075550,2115,293075570,2115,-127,-57,28,1,2639,4,59,2637
3433490,6808,508892082,54380277,2376,-5921,-26,6215,293075550,2115,293075580,2115,-126,-58,62,-4,2595,37,53,2593
3443421,6809,508892092,54380235,2376,-5921,-27,6215,293075550,2115,293075590,2115,-125,-59,30,-28,2539,6,27,2537
3453998,6809,508892103,54380194,2375,-5921,-27,6215,293075550,2115,293075600,2115,-125,-60,17,-6,2563,-7,50,2560
3464848,6810,508892114,54380152,2375,-5921,-28,6215,293075550,2115,293075610,2115,-125,-60,5,46,2622,-20,103,2619
3473753,6810,508892124,54380108,2375,-5920,-28,6215,293075600,2115,293075620,2115,-125,-61,0,50,2587,-26,106,2583
3483496,6811,508892135,54380066,2374,-5920,-30,6215,293075600,2115,293075630,2115,-124,-61,36,0,2678,9,57,2675
3493845,6811,508892146,54380025,2374,-5921,-31,6215,293075600,2115,293075640,2115,-124,-62,68,-42,2655,41,15,2654
3503409,6812,508892156,54379983,2373,-5921,-32,6215,293075600,2115,293075650,2115,-123,-62,28,63,2672,1,120,2668
3514294,6812,508892167,54379942,2373,-5921,-33,6215,293075600,2115,293075660,2115,-123,-63,28,6,2627,1,62,2625
3523565,6813,508892177,54379897,2373,-5920,-34,6215,293075650,2115,293075670,2115,-123,-63,6,10,2582,-20,65,2579
3533612,6813,508892188,54379856,2372,-5920,-34,6215,293075650,2115,293075680,2115,-123,-63,-29,25,2484,-55,78,2481
3543402,6814,508892199,54379814,2371,-5920,-35,6215,293075650,2115,293075690,2115,-124,-63,25,0,2646,-2,57,2644
3553406,6814,508892209,54379773,2371,-5921,-35,6215,293075650,2115,293075700,2115,-124,-63,48,56,2562,22,111,2558
3564825,6815,508892220,54379731,2371,-5921,-36,6215,293075650,2115,293075710,2115,-125,-62,78,-12,2637,51,45,2635
3573767,6815,508892231,54379687,2370,-5922,-37,6215,293075700,2115,293075720,2115,-125,-62,53,43,2618,27,99,2615
3583484,6815,508892241,54379645,2369,-5922,-38,6215,293075700,2115,293075730,2115,-125,-62,38,-27,2582,12,29,2580
3593412,6816,508892252,54379604,2369,-5922,-38,6215,293075700,2115,293075740,2115,-126,-62,-3,14,2566,-29,69,2563
3603411,6816,508892263,54379562,2368,-5922,-39,6215,293075700,2115,293075750,2115,-126,-61,-14,15,2596,-40,72,2593
3613658,6817,508892273,54379521,2368,-5922,-40,6215,293075700,2115,293075760,2115,-127,-61,19,24,2559,-6,81,2556
3623545,6817,508892284,54379476,2367,-5923,-40,6215,293075750,2115,293075770,2115,-128,-60,57,62,2558,31,119,2555
3633492,6818,508892294,54379435,2367,-5923,-40,6215,293075750,2115,293075780,2115,-129,-60,62,-6,2557,37,51,2555
3644217,6818,508892305,54379393,2366,-5924,-41,6215,293075750,2115,293075790,2115,-130,-60,57,60,2534,32,117,2531
3653516,6819,508892316,54379352,2365,-5924,-41,6215,293075750,2115,293075800,2115,-130,-60,21,24,2528,-4,81,2525
3663664,6819,508892326,54379310,2365,-5924,-41,6215,293075750,2115,293075810,2115,-131,-59,9,-23,2535,-15,34,2533
3673949,6820,508892337,54379265,2365,-5924,-41,6215,293075800,2115,293075820,2115,-132,-59,8,36,2564,-17,95,2561
3683487,6820,508892347,54379224,2364,-5925,-41,6215,293075800,2115,293075830,2115,-133,-59,26,48,2506,2,105,2502
3693423,6821,508892358,54379182,2364,-5925,-42,6216,293075800,2115,293075840,2115,-134,-59,57,22,2556,33,82,2553
3703433,6821,508892369,54379141,2363,-5926,-42,6216,293075800,2115,293075850,2115,-134,-59,49,36,2562,24,95,2559
3713661,6822,508892379,54379099,2363,-5926,-43,6216,293075800,2115,293075860,2115,-135,-59,65,28,2581,40,88,2578
3723583,6822,508892390,54379054,2362,-5928,-43,6216,293075850,2115,293075870,2115,-136,-59,40,-28,2508,16,31,2507
3733497,6823,508892400,54379013,2361,-5928,-44,6216,293075850,2115,293075880,2115,-137,-59,-6,88,2566,-31,149,2561
3743442,6823,508892411,54378971,2361,-5928,-44,6216,293075850,2115,293075890,2115,-139,-60,22,6,2543,-2,68,2540
3753407,6824,508892422,54378930,2360,-5929,-44,6216,293075850,2115,293075900,2115,-140,-60,69,36,2519,45,97,2517
3763670,6824,508892432,54378888,2360,-5929,-44,6216,293075850,2115,293075910,2115,-140,-60,41,-36,2411,17,23,2410
3773559,6825,508892443,54378843,2360,-5928,-44,6216,293075900,2115,293075920,2115,-140,-60,28,2,2465,4,62,2463
3784113,6825,508892453,54378802,2359,-5929,-44,6216,293075900,2115,293075930,2115,-140,-60,10,148,2546,-16,210,2539
3793452,6825,508892464,54378760,2358,-5929,-45,6216,293075900,2115,293075940,2115,-141,-61,25,-22,2615,-1,41,2613
3803429,6826,508892474,54378719,2359,-5929,-46,6216,293075900,2115,293075950,2115,-141,-61,44,-75,2639,19,-11,2638
3813769,6826,508892485,54378677,2358,-5930,-46,6216,293075900,2115,293075960,2115,-141,-61,57,67,2515,32,129,2512
3823557,6827,508892496,54378632,2356,-5931,-46,6216,293075950,2115,293075970,2115,-142,-61,25,32,2492,1,93,2488
3833493,6827,508892506,54378591,2356,-5931,-45,6216,293075950,2115,293075980,2115,-142,-61,-13,-51,2412,-36,9,2411
3843451,6828,508892517,54378549,2355,-5931,-44,6216,293075950,2115,293075990,2115,-142,-60,-4,27,2403,-28,86,2400
3853410,6828,508892527,54378508,2355,-5931,-43,6216,293075950,2115,293076000,2115,-142,-59,9,-31,2371,-13,28,2369
3863659,6828,508892538,54378466,2354,-5931,-44,6216,293075950,2115,293076010,2115,-142,-59,38,20,2542,14,83,2539
3874183,6829,508892548,54378421,2354,-5931,-44,6216,293076000,2115,293076020,2115,-143,-58,79,-43,2533,55,20,2533
3884000,6829,508892559,54378380,2354,-5932,-44,6216,293076000,2115,293076030,2115,-143,-58,71,-10,2559,47,54,2558
3893955,6830,508892570,54378338,2353,-5932,-44,6216,293076000,2115,293076040,2115,-143,-58,23,-22,2477,0,39,2475
3903405,6830,508892580,54378296,2353,-5932,-43,6216,293076000,2115,293076050,2115,-143,-57,-24,18,2376,-46,77,2373
3914391,6831,508892591,54378255,2351,-5932,-42,6216,293076000,2115,293076060,2115,-143,-56,-31,80,2348,-52,138,2343
3923557,6831,508892605,54378032,2352,-5932,-41,6216,293076050,2115,293076070,2115,-143,-56,39,-17,2370,18,42,2368
3933504,6831,508892615,54377990,2352,-5932,-40,6216,293076050,2115,293076080,2115,-143,-55,65,-90,2375,44,-31,2376
3943417,6832,508892626,54377949,2351,-5933,-39,6216,293076050,2115,293076090,2115,-142,-55,74,64,2381,53,122,2378
3953404,6832,508892637,54377907,2351,-5933,-39,6216,293076050,2115,293076100,2115,-142,-55,61,1,2454,39,61,2452
3963685,6833,508892647,54377865,2351,-5934,-38,6216,293076050,2115,293076110,2115,-140,-54,54,21,2428,33,81,2426
3974513,6833,508892659,54377772,2350,-5934,-37,6216,293076100,2115,293076120,2115,-140,-54,14,17,2365,-6,74,2363
3983495,6834,508892669,54377731,2350,-5934,-36,6216,293076100,2115,293076130,2115,-138,-54,9,-108,2323,-10,-53,2323
3993416,6834,508892680,54377689,2349,-5934,-35,6216,293076100,2115,293076140,2115,-138,-54,-14,36,2374,-34,92,2370
4003435,6834,508892690,54377647,2349,-5934,-35,6216,293076100,2115,293076150,2115,-137,-53,21,3,2486,0,62,2483
4013706,6835,508892701,54377606,2349,-5935,-35,6216,293076100,2115,293076160,2115,-136,-53,84,-47,2547,63,14,2546
4023557,6836,508892711,54377554,2349,-5935,-34,6216,293076150,2115,293076170,2115,-135,-53,60,-17,2455,39,40,2453
4033489,6836,508892722,54377513,2348,-5936,-34,6216,293076150,2115,293076180,2115,-134,-53,58,76,2425,37,133,2422
4043408,6837,508892733,54377471,2347,-5936,-33,6216,293076150,2115,293076190,2115,-133,-53,28,-14,2345,8,40,2343
4054351,6837,508892743,54377429,2347,-5936,-31,6216,293076150,2115,293076200,2115,-132,-53,-19,-46,2349,-38,8,2347
4063816,6837,508892754,54377388,2347,-5936,-30,6216,293076150,2115,293076210,2115,-131,-54,-15,-42,2323,-34,10,2321
4073560,6838,508892764,54377342,2347,-5936,-29,6216,293076200,2115,293076220,2115,-130,-54,35,-23,2420,15,32,2418
4083502,6838,508892775,54377300,2346,-5936,-29,6216,293076200,2115,293076230,2115,-129,-54,62,37,2465,40,92,2463
4093944,6839,508892785,54377258,2346,-5937,-30,6216,293076200,2115,293076240,2115,-129,-55,77,-22,2576,55,36,2574
4103414,6839,508892796,54377217,2346,-5937,-31,6216,293076200,2115,293076250,2115,-129,-56,95,-43,2628,71,16,2627
4113660,6840,508892806,54377175,2346,-5938,-31,6216,293076200,2115,293076260,2115,-129,-57,61,11,2548,38,68,2546
4123960,6840,508892817,54377130,2346,-5938,-31,6216,293076250,2115,293076270,2115,-129,-59,-32,11,2499,-55,67,2496
4133479,6841,508892828,54377088,2345,-5937,-30,6216,293076250,2115,293076280,2115,-130,-60,-42,11,2325,-64,63,2322
4143420,6841,508892838,54377047,2344,-5937,-28,6216,293076250,2115,293076290,2115,-131,-61,0,12,2346,-23,65,2344
4154096,6842,508892849,54377005,2344,-5938,-27,6216,293076250,2115,293076300,2115,-132,-61,17,16,2375,-6,71,2372
4163726,6842,508892859,54376963,2344,-5938,-29,6216,293076250,2115,293076310,2115,-133,-62,114,-33,2689,87,29,2688
4173563,6843,508892870,54376919,2344,-5939,-30,6216,293076300,2115,293076320,2115,-134,-63,109,-13,2691,81,50,2690
4183592,6843,508892880,54376877,2343,-5939,-31,6216,293076300,2115,293076330,2115,-136,-64,-3,30,2630,-31,92,2627
4193399,6843,508892891,54376836,2343,-5939,-34,6216,293076300,2115,293076340,2115,-138,-66,-28,-88,2854,-58,-20,2852
4203422,6844,508892901,54376794,2341,-5938,-36,6216,293076300,2115,293076350,2115,-140,-67,-70,123,2822,-102,190,2815
4214823,6844,508892912,54376752,2341,-5939,-40,6216,293076300,2115,293076360,2115,-144,-68,46,-35,2899,13,37,2897
4223552,6844,508892923,54376708,2341,-5938,-37,6216,293076350,2115,293076370,2115,-148,-69,-12,-75,2147,-35,-20,2146
4233496,6845,508892933,54376667,2340,-5940,-35,6216,293076350,2115,293076380,2115,-154,-70,174,164,2330,147,226,2325
4243741,6844,508892944,54376625,2339,-5939,-33,6216,293076350,2115,293076390,2115,-157,-70,-145,-8,2157,-169,49,2153
4253420,6844,508892954,54376583,2338,-5940,-34,6216,293076350,2115,293076400,2115,-159,-69,68,83,2640,38,156,2635
4263983,6843,508892965,54376542,2339,-5940,-38,6216,293076350,2115,293076410,2115,-160,-68,126,-144,3034,92,-59,3036
4273775,6843,508892975,54376498,2337,-5941,-41,6216,293076400,2115,293076420,2115,-161,-68,80,150,2861,47,231,2854
4283486,6843,508892986,54376456,2336,-5940,-42,6216,293076400,2115,293076430,2115,-163,-68,-64,-9,2644,-93,65,2640
4293413,6843,508892996,54376415,2335,-5941,-44,6216,293076400,2115,293076440,2115,-166,-66,87,70,2771,57,151,2767
4304395,6843,508893007,54376373,2334,-5938,-44,6216,293076400,2115,293076450,2115,-169,-64,-372,-64,2584,-399,10,2579
4313672,6842,508893017,54376331,2333,-5939,-43,6216,293076400,2115,293076460,2115,-171,-61,-16,72,2275,-39,139,2270
4323556,6842,508893028,54376287,2335,-5938,-40,6216,293076450,2115,293076470,2115,-170,-59,28,-376,2095,10,-314,2104
4333537,6842,508893038,54376246,2337,-5937,-38,6216,293076450,2115,293076480,2115,-170,-57,-51,-285,2275,-70,-218,2280
4343405,6842,508893049,54376204,2335,-5940,-38,6216,293076450,2115,293076490,2115,-169,-55,298,275,2474,275,348,2465
4353446,6842,508893059,54376162,2336,-5942,-40,6216,293076450,2115,293076500,2115,-168,-53,433,-138,2850,409,-52,2855
4364670,6842,508893070,54376121,2339,-5944,-42,6216,293076450,2115,293076510,2115,-168,-52,254,-302,2666,233,-223,2674
4373573,6843,508893080,54376077,2337,-5941,-39,6216,293076500,2115,293076520,2115,-167,-51,-371,8,2157,-388,69,2151
4383497,6843,508893091,54376035,2336,-5938,-35,6216,293076500,2115,293076530,2115,-166,-49,-336,-78,1963,-350,-23,1959
4394065,6843,508893101,54375994,2336,-5937,-32,6216,293076500,2115,293076540,2115,-164,-47,-117,-81,2170,-132,-20,2169
4403431,6844,508893112,54375952,2336,-5939,-32,6216,293076500,2115,293076550,2115,-161,-45,214,-68,2484,196,3,2484
4413682,6844,508893122,54375910,2336,-5941,-33,6216,293076500,2115,293076560,2115,-159,-44,320,48,2578,302,120,2576
4423752,6844,508893133,54375867,2337,-5943,-33,6216,293076550,2115,293076570,2115,-157,-43,253,-111,2607,236,-39,2609
4433507,6845,508893143,54375825,2338,-5943,-33,6216,293076550,2115,293076580,2115,-155,-43,0,-94,2509,-16,-27,2509
4443416,6846,508893154,54375783,2336,-5941,-32,6216,293076550,2115,293076590,2115,-153,-42,-232,-8,2343,-247,53,2338
4454280,6847,508893164,54375742,2336,-5940,-30,6216,293076550,2115,293076600,2115,-150,-42,-115,-38,2281,-129,21,2279
4463700,6847,508893175,54375700,2335,-5940,-29,6216,293076550,2115,293076610,2115,-147,-41,12,-1,2302,-2,58,2300
4473571,6848,508893185,54375656,2336,-5941,-28,6216,293076600,2115,293076620,2115,-145,-41,124,-90,2368,109,-30,2368
4483980,6849,508893196,54375615,2337,-5943,-28,6216,293076600,2115,293076630,2115,-143,-41,198,-19,2504,182,44,2503
4493414,6849,508893206,54375573,2337,-5943,-28,6216,293076600,2115,293076640,2115,-141,-41,82,-84,2508,66,-22,2508
4503418,6850,508893217,54375531,2336,-5943,-28,6216,293076600,2115,293076650,2115,-139,-42,12,39,2533,-5,101,2530
4514069,6851,508893227,54375489,2336,-5943,-28,6216,293076600,2115,293076660,2115,-138,-43,-73,-49,2466,-89,9,2464
4523570,6852,508893238,54375446,2335,-5942,-27,6216,293076650,2115,293076670,2115,-137,-44,-27,-42,2380,-43,14,2378
4533598,6853,508893248,54375404,2335,-5943,-26,6216,293076650,2115,293076680,2115,-136,-44,16,0,2385,-1,56,2383
4544117,6853,508893259,54375362,2334,-5943,-26,6216,293076650,2115,293076690,2115,-135,-45,67,96,2551,48,155,2547
4553408,6854,508893269,54375321,2335,-5944,-27,6216,293076650,2115,293076700,2115,-134,-46,118,-98,2620,99,-37,2621
4563672,6855,508893280,54375279,2334,-5945,-29,6216,293076650,2115,293076710,2115,-134,-48,71,20,2667,50,82,2665
4573730,6856,508893290,54375235,2333,-5945,-29,6216,293076700,2115,293076720,2115,-134,-49,-13,80,2602,-34,140,2597
4583473,6856,508893301,54375194,2333,-5944,-30,6216,293076700,2115,293076730,2115,-133,-51,-31,-26,2607,-52,35,2605
4593446,6857,508893311,54375152,2332,-5944,-30,6216,293076700,2115,293076740,2115,-133,-53,-34,77,2458,-55,134,2453
4603747,6858,508893322,54375110,2331,-5945,-30,6216,293076700,2115,293076750,2115,-133,-54,46,34,2569,23,94,2566
4614416,6858,508893332,54375068,2331,-5945,-31,6216,293076700,2115,293076760,2115,-133,-56,75,9,2573,52,69,2570
4623561,6859,508893343,54375025,2330,-5946,-32,6216,293076750,2115,293076770,2115,-133,-58,92,64,2659,67,126,2656
4633830,6859,508893353,54374983,2329,-5947,-33,6216,293076750,2115,293076780,2115,-134,-60,68,18,2662,42,80,2660
4643434,6860,508893364,54374941,2329,-5947,-34,6216,293076750,2115,293076790,2115,-134,-62,-12,47,2627,-39,108,2623
4653423,6860,508893374,54374900,2328,-5947,-35,6216,293076750,2115,293076800,2115,-134,-64,-24,25,2659,-52,86,2655
4664371,6861,508893384,54374858,2327,-5947,-36,6216,293076750,2115,293076810,2115,-135,-65,20,27,2638,-9,88,2634
4673594,6861,508893395,54374814,2326,-5947,-38,6216,293076800,2115,293076820,2115,-135,-67,34,41,2691,5,104,2687
4683493,6862,508893405,54374772,2326,-5948,-39,6216,293076800,2115,293076830,2115,-135,-68,38,19,2662,8,81,2659
4693428,6862,508893416,54374731,2325,-5948,-40,6216,293076800,2115,293076840,2115,-135,-69,42,58,2666,11,120,2663
4703417,6863,508893426,54374689,2324,-5948,-42,6216,293076800,2115,293076850,2115,-135,-70,4,-5,2657,-26,57,2655
4713813,6863,508893437,54374647,2324,-5948,-43,6216,293076800,2115,293076860,2115,-135,-71,-22,7,2675,-53,69,2672
4724246,6863,508893447,54374604,2323,-5948,-44,6217,293076850,2115,293076870,2115,-135,-72,15,16,2659,-17,78,2656
4733496,6864,508893458,54374562,2322,-5948,-46,6217,293076850,2115,293076880,2115,-135,-72,43,51,2688,11,114,2684
4743442,6864,508893468,54374520,2322,-5949,-46,6217,293076850,2115,293076890,2115,-135,-72,62,8,2606,31,69,2604
4754167,6865,508893478,54374478,2321,-5949,-47,6217,293076850,2115,293076900,2115,-134,-72,13,-2,2559,-17,57,2556
4764239,6865,508893489,54374437,2320,-5949,-47,6217,293076850,2115,293076910,2115,-134,-72,-13,58,2509,-42,116,2505
4773560,6866,508893499,54374393,2319,-5949,-47,6217,293076900,2115,293076920,2115,-134,-71,-3,56,2545,-33,114,2541
4783505,6866,508893510,54374351,2320,-5948,-48,6217,293076900,2115,293076930,2115,-133,-70,16,-123,2554,-13,-64,2554
4793423,6866,508893520,54374309,2319,-5949,-48,6217,293076900,2115,293076940,2115,-133,-69,41,81,2551,12,140,2547
4803424,6867,508893531,54374268,2318,-5950,-48,6217,293076900,2115,293076950,2115,-133,-68,54,56,2558,26,115,2555
4814358,6867,508893541,54374226,2318,-5950,-49,6217,293076900,2115,293076960,2115,-133,-67,61,7,2548,34,65,2546
4823585,6868,508893551,54374182,2317,-5950,-49,6217,293076950,2115,293076970,2115,-132,-66,23,16,2482,-4,73,2480
4833509,6868,508893562,54374140,2317,-5950,-48,6217,293076950,2115,293076980,2115,-132,-64,14,-31,2457,-12,25,2456
4843891,6869,508893572,54374099,2317,-5950,-48,6217,293076950,2115,293076990,2115,-132,-63,6,-7,2424,-19,48,2421
4853418,6869,508893583,54374057,2315,-5950,-47,6217,293076950,2115,293077000,2115,-132,-61,-20,87,2365,-43,140,2361
4863697,6870,508893593,54374015,2315,-5951,-45,6217,293076950,2115,293077010,2115,-132,-60,58,-31,2349,35,23,2348
4873941,6870,508893603,54373972,2315,-5951,-44,6217,293077000,2115,293077020,2115,-133,-58,68,-38,2363,46,16,2362
4883507,6871,508893614,54373930,2314,-5952,-44,6217,293077000,2115,293077030,2115,-133,-57,57,101,2451,34,158,2447
4893431,6871,508893624,54373888,2313,-5952,-43,6217,293077000,2115,293077040,2115,-133,-56,48,50,2421,26,106,2418
4903417,6872,508893635,54373846,2314,-5952,-43,6217,293077000,2115,293077050,2115,-133,-55,16,-70,2455,-5,-13,2455
4913664,6872,508893645,54373805,2313,-5952,-42,6217,293077000,2115,293077060,2115,-134,-54,-8,-16,2427,-29,40,2425
4923565,6873,508893655,54373761,2312,-5952,-41,6217,293077050,2115,293077070,2115,-134,-53,26,78,2359,6,133,2355
4933471,6873,508893666,54373719,2312,-5953,-40,6217,293077050,2115,293077080,2115,-135,-53,63,56,2340,43,111,2337
4943407,6874,508893676,54373677,2311,-5953,-39,6217,293077050,2115,293077090,2115,-135,-52,50,-24,2397,30,32,2396
4953439,6874,508893687,54373635,2311,-5954,-38,6217,293077050,2115,293077100,2115,-136,-52,30,-8,2366,11,48,2364
4963687,6875,508893697,54373594,2310,-5954,-38,6217,293077050,2115,293077110,2115,-136,-52,35,73,2464,14,131,2460
4973582,6875,508893707,54373550,2310,-5954,-37,6217,293077100,2115,293077120,2115,-137,-52,27,7,2391,7,64,2389
4983498,6876,508893718,54373508,2310,-5955,-36,6217,293077100,2115,293077130,2115,-138,-53,37,-43,2461,17,16,2460
4993456,6876,508893728,54373466,2309,-5955,-36,6217,293077100,2115,293077140,2115,-138,-53,28,79,2453,7,138,2449
5003439,6877,508893739,54373424,2308,-5955,-36,6217,293077100,2115,293077150,2115,-139,-53,46,40,2494,25,100,2491
5014225,6877,508893749,54373383,2307,-5956,-36,6217,293077100,2115,293077160,2115,-140,-54,10,40,2450,-11,99,2446
5023564,6878,508893759,54373339,2307,-5956,-35,6217,293077150,2115,293077170,2115,-140,-54,18,-27,2437,-3,32,2435
5033485,6878,508893770,54373297,2306,-5956,-35,6217,293077150,2115,293077180,2115,-141,-54,19,34,2461,-2,94,2458
5043410,6879,508893780,54373255,2305,-5956,-34,6217,293077150,2115,293077190,2115,-142,-55,16,65,2463,-6,125,2459
5053410,6879,508893790,54373214,2305,-5956,-35,6217,293077150,2115,293077200,2115,-143,-55,32,-44,2529,9,18,2527
5063657,6880,508893801,54373172,2305,-5957,-34,6217,293077150,2115,293077210,2115,-143,-55,47,3,2483,25,65,2480
5073567,6881,508893811,54373128,2303,-5957,-34,6217,293077200,2115,293077220,2115,-144,-56,28,125,2491,5,187,2486
5083519,6881,508893821,54373086,2302,-5958,-33,6217,293077200,2115,293077230,2115,-144,-56,38,84,2404,16,144,2399
5093701,6882,508893832,54373044,2303,-5957,-33,6217,293077200,2115,293077240,2115,-145,-56,-4,-139,2445,-26,-77,2446
5103415,6882,508893842,54373002,2303,-5957,-33,6217,293077200,2115,293077250,2115,-146,-56,-23,-44,2475,-45,18,2473
5113701,6883,508893853,54372961,2301,-5958,-32,6217,293077200,2115,293077260,2115,-147,-56,21,207,2470,-2,270,2462
5123588,6883,508893863,54372917,2300,-5958,-33,6217,293077250,2115,293077270,2115,-148,-57,61,-8,2524,38,57,2522
5133514,6884,508893873,54372875,2300,-5959,-33,6217,293077250,2115,293077280,2115,-149,-57,69,-31,2493,46,34,2491
5143424,6885,508893884,54372833,2300,-5959,-33,6217,293077250,2115,293077290,2115,-150,-57,38,32,2502,15,97,2499
5153441,6885,508893894,54372791,2299,-5959,-32,6217,293077250,2115,293077300,2115,-150,-57,14,41,2477,-9,106,2474
5164281,6886,508893904,54372749,2298,-5959,-32,6217,293077250,2115,293077310,2115,-151,-58,-36,-11,2451,-58,53,2448
5174580,6886,508893915,54372705,2298,-5959,-32,6217,293077300,2115,293077320,2115,-152,-58,14,6,2474,-9,70,2471
5183497,6887,508893925,54372664,2297,-5959,-31,6217,293077300,2115,293077330,2115,-152,-58,31,43,2464,7,108,2460
5193452,6887,508893935,54372622,2296,-5960,-31,6217,293077300,2115,293077340,2115,-153,-58,54,22,2521,30,89,2519
5203430,6888,508893946,54372580,2296,-5961,-32,6217,293077300,2115,293077350,2115,-153,-59,71,38,2520,47,105,2517
5213682,6888,508893956,54372538,2295,-5961,-32,6217,293077300,2115,293077360,2115,-153,-59,32,37,2496,8,103,2492
5223569,6889,508893966,54372494,2294,-5961,-32,6217,293077350,2115,293077370,2115,-152,-59,12,9,2506,-12,75,2503
5233668,6889,508893976,54372452,2294,-5961,-32,6217,293077350,2115,293077380,2115,-152,-60,4,-97,2523,-20,-30,2523
5243413,6890,508893987,54372411,2294,-5961,-32,6217,293077350,2115,293077390,2115,-152,-60,10,57,2540,-15,124,2536
5254383,6891,508893997,54372369,2292,-5962,-32,6217,293077350,2115,293077400,2115,-151,-60,37,78,2499,13,144,2494
5264268,6891,508894007,54372327,2292,-5962,-33,6217,293077350,2115,293077410,2115,-151,-60,42,-34,2594,17,34,2593
5273580,6892,508894018,54372283,2292,-5962,-33,6217,293077400,2115,293077420,2115,-150,-60,26,6,2558,1,73,2555
5283510,6893,508894028,54372241,2291,-5962,-34,6217,293077400,2115,293077430,2115,-149,-60,12,-28,2575,-13,38,2573
5293473,6893,508894038,54372199,2291,-5962,-34,6217,293077400,2115,293077440,2115,-148,-60,-4,25,2529,-29,90,2525
5303418,6894,508894049,54372157,2290,-5962,-34,6217,293077400,2115,293077450,2115,-147,-60,10,52,2536,-15,117,2532
5313684,6895,508894059,54372115,2290,-5962,-34,6217,293077400,2115,293077460,2115,-146,-60,19,-87,2522,-5,-23,2522
5323586,6895,508894069,54372071,2289,-5963,-35,6217,293077450,2115,293077470,2115,-145,-60,36,51,2536,11,115,2532
5334145,6896,508894079,54372029,2289,-5963,-35,6217,293077450,2115,293077480,2115,-144,-60,58,0,2516,33,63,2514
5343425,6897,508894090,54371988,2288,-5964,-35,6217,293077450,2115,293077490,2115,-143,-60,53,-7,2546,29,56,2544
5353440,6897,508894100,54371946,2288,-5963,-35,6217,293077450,2115,293077500,2115,-142,-60,-11,-25,2522,-36,37,2520
5364087,6898,508894110,54371904,2288,-5963,-36,6217,293077450,2115,293077510,2115,-141,-60,-9,-35,2564,-34,28,2562
5373591,6899,508894121,54371860,2287,-5963,-36,6217,293077500,2115,293077520,2115,-140,-60,3,44,2545,-21,106,2541
5383498,6899,508894131,54371818,2286,-5964,-37,6217,293077500,2115,293077530,2115,-139,-60,40,20,2588,15,82,2585
5393423,6900,508894141,54371776,2286,-5964,-37,6217,293077500,2115,293077540,2115,-138,-59,63,-2,2550,39,59,2548
5403441,6901,508894151,54371734,2286,-5964,-38,6217,293077500,2115,293077550,2115,-137,-59,40,-35,2574,16,26,2572
5413676,6902,508894162,54371692,2284,-5965,-38,6217,293077500,2115,293077560,2115,-136,-59,12,100,2537,-13,160,2532
5423559,6902,508894172,54371648,2284,-5964,-38,6217,293077550,2115,293077570,2115,-135,-60,-2,-13,2512,-26,46,2509
5433513,6903,508894182,54371606,2284,-5965,-38,6217,293077550,2115,293077580,2115,-135,-60,16,-4,2502,-8,54,2499
5443434,6904,508894192,54371565,2284,-5965,-38,6217,293077550,2115,293077590,2115,-134,-60,20,-24,2530,-5,34,2528
5453608,6904,508894203,54371523,2282,-5965,-38,6217,293077550,2115,293077600,2115,-133,-60,31,128,2549,6,187,2543
5463679,6905,508894213,54371481,2282,-5966,-39,6217,293077550,2115,293077610,2115,-133,-60,55,8,2536,30,67,2534
5473592,6906,508894223,54371437,2282,-5966,-39,6217,293077600,2115,293077620,2115,-132,-60,46,-29,2558,21,30,2557
5483509,6907,508894234,54371395,2281,-5966,-39,6217,293077600,2115,293077630,2115,-131,-60,-17,76,2496,-41,133,2492
5493519,6907,508894244,54371353,2280,-5966,-40,6217,293077600,2115,293077640,2115,-131,-59,-14,44,2572,-39,102,2568
5503453,6908,508894254,54371311,2279,-5966,-40,6217,293077600,2115,293077650,2115,-131,-59,6,68,2586,-19,126,2581
5513670,6908,508894264,54371269,2278,-5966,-41,6217,293077600,2115,293077660,2115,-130,-58,36,-9,2638,12,50,2636
5523592,6909,508894275,54371225,2278,-5967,-41,6217,293077650,2115,293077670,2115,-130,-58,44,21,2533,20,78,2531
5534062,6910,508894285,54371183,2277,-5967,-41,6217,293077650,2115,293077680,2115,-129,-57,18,76,2483,-5,131,2479
5543423,6910,508894295,54371141,2276,-5967,-41,6217,293077650,2115,293077690,2115,-129,-56,2,19,2461,-20,74,2458
5553475,6911,508894305,54371099,2275,-5967,-41,6217,293077650,2115,293077700,2115,-129,-55,2,45,2492,-20,100,2488
5563710,6911,508894315,54371057,2275,-5968,-41,6217,293077650,2115,293077710,2115,-129,-55,20,53,2481,-2,109,2477
5573565,6912,508894326,54371013,2274,-5968,-40,6217,293077700,2115,293077720,2115,-129,-54,54,50,2481,32,106,2478
5583505,6913,508894336,54370971,2273,-5969,-40,6217,293077700,2115,293077730,2115,-129,-54,48,83,2422,27,137,2418
5593463,6913,508894346,54370929,2273,-5969,-39,6217,293077700,2115,293077740,2115,-129,-53,47,-40,2425,26,14,2423
5603484,6914,508894356,54370888,2272,-5969,-39,6217,293077700,2115,293077750,2115,-129,-53,24,78,2420,3,132,2416
5613694,6914,508894367,54370846,2271,-5970,-38,6217,293077700,2115,293077760,2115,-129,-52,-12,108,2424,-32,162,2419
5623557,6915,508894377,54370801,2270,-5970,-38,6217,293077750,2115,293077770,2115,-129,-51,-8,-6,2452,-28,48,2450
5633534,6916,508894387,54370759,2270,-5970,-37,6217,293077750,2115,293077780,2115,-130,-50,25,-4,2458,6,51,2456
5643438,6916,508894397,54370717,2269,-5971,-37,6217,293077750,2115,293077790,2115,-130,-50,73,112,2508,52,169,2504
5653448,6917,508894407,54370676,2268,-5971,-37,6217,293077750,2115,293077800,2115,-130,-49,57,15,2482,38,71,2479
5663762,6917,508894418,54370634,2268,-5971,-36,6217,293077750,2115,293077810,2115,-130,-49,27,29,2421,9,83,2418
5673587,6918,508894428,54370589,2266,-5971,-36,6217,293077800,2115,293077820,2115,-130,-48,-37,107,2458,-56,162,2453
5683504,6919,508894438,54370547,2266,-5971,-36,6217,293077800,2115,293077830,2115,-129,-48,0,-50,2499,-19,5,2498
5693431,6919,508894448,54370506,2265,-5972,-34,6217,293077800,2115,293077840,2115,-128,-48,-2,95,2222,-19,144,2217
5703422,6920,508894458,54370464,2265,-5972,-32,6217,293077800,2115,293077850,2115,-127,-47,91,-8,2326,74,43,2325
5713688,6920,508894468,54370422,2265,-5972,-31,6217,293077800,2115,293077860,2115,-127,-47,-1,11,2359,-18,63,2356
5723572,6921,508894479,54370377,2264,-5973,-31,6217,293077850,2115,293077870,2115,-128,-47,61,12,2498,43,68,2495
5733496,6922,508894489,54370335,2263,-5974,-31,6217,293077850,2115,293077880,2115,-128,-47,48,117,2520,29,173,2515
5743425,6923,508894499,54370293,2263,-5974,-31,6218,293077850,2115,293077890,2115,-128,-48,2,2,2408,-16,55,2406
5753432,6923,508894509,54370252,2263,-5974,-30,6218,293077850,2115,293077900,2115,-128,-48,27,-44,2442,9,10,2441
5763743,6924,508894519,54370210,2261,-5974,-30,6218,293077850,2115,293077910,2115,-128,-49,-2,99,2443,-21,152,2439
5773568,6925,508894529,54370165,2262,-5974,-29,6218,293077900,2115,293077920,2115,-128,-49,46,-194,2450,27,-140,2452
5783493,6926,508894540,54370123,2259,-5975,-28,6218,293077900,2115,293077930,2115,-128,-49,17,369,2357,-3,421,2346
5793410,6926,508894550,54370081,2258,-5975,-27,6218,293077900,2115,293077940,2115,-128,-50,-6,88,2417,-25,141,2413
5803419,6927,508894560,54370039,2260,-5975,-27,6218,293077900,2115,293077950,2115,-129,-50,51,-274,2441,33,-219,2446
5813746,6928,508894570,54369998,2259,-5975,-28,6218,293077900,2115,293077960,2115,-129,-51,50,84,2643,28,143,2639
5823561,6929,508894580,54369953,2257,-5977,-29,6218,293077950,2115,293077970,2115,-130,-52,81,273,2577,58,331,2569
5833520,6929,508894590,54369911,2257,-5977,-29,6218,293077950,2115,293077980,2115,-129,-53,37,-43,2574,16,14,2573
5843429,6930,508894600,54369869,2256,-5976,-29,6218,293077950,2115,293077990,2115,-129,-54,-56,-38,2436,-76,16,2434
5853440,6931,508894611,54369827,2254,-5976,-28,6218,293077950,2115,293078000,2115,-130,-54,-52,168,2452,-74,222,2445
5863855,6931,508894621,54369785,2254,-5977,-27,6218,293077950,2115,293078010,2115,-130,-54,6,53,2400,-14,106,2396
5873578,6932,508894631,54369741,2253,-5977,-27,6218,293078000,2115,293078020,2115,-130,-54,65,-13,2467,44,43,2466
5883503,6933,508894641,54369699,2253,-5977,-27,6218,293078000,2115,293078030,2115,-131,-54,58,48,2499,36,105,2496
5894393,6933,508894651,54369657,2252,-5978,-28,6218,293078000,2115,293078040,2115,-131,-54,60,25,2604,37,84,2601
5903997,6934,508894661,54369615,2251,-5978,-28,6218,293078000,2115,293078050,2115,-131,-54,25,40,2537,3,98,2534
5914111,6935,508894671,54369573,2251,-5978,-28,6218,293078000,2115,293078060,2115,-131,-54,-1,56,2541,-23,113,2537
5923562,6935,508894681,54369529,2250,-5978,-28,6218,293078050,2115,293078070,2115,-131,-54,-23,70,2486,-44,126,2481
5933485,6936,508894692,54369487,2249,-5978,-28,6218,293078050,2115,293078080,2115,-131,-54,6,-6,2437,-15,50,2434
5943418,6936,508894702,54369445,2248,-5979,-27,6218,293078050,2115,293078090,2115,-132,-53,6,71,2451,-15,127,2447
5953481,6937,508894712,54369403,2248,-5979,-27,6218,293078050,2115,293078100,2115,-132,-53,42,19,2449,21,75,2446
5964621,6938,508894722,54369361,2247,-5979,-27,6218,293078050,2115,293078110,2115,-132,-53,60,-7,2501,39,51,2499
5974267,6938,508894732,54369316,2246,-5980,-26,6218,293078100,2115,293078120,2115,-132,-52,12,157,2411,-9,212,2405
5983498,6939,508894742,54369274,2245,-5980,-26,6218,293078100,2115,293078130,2115,-132,-52,34,37,2462,13,93,2459
5993542,6940,508894752,54369233,2245,-5981,-26,6218,293078100,2115,293078140,2115,-132,-51,43,-10,2485,23,47,2483
6003457,6940,508894762,54369191,2244,-5981,-26,6218,293078100,2115,293078150,2115,-132,-51,-4,65,2502,-25,123,2498
6014825,6941,508894772,54369149,2243,-5981,-25,6218,293078100,2115,293078160,2115,-133,-51,29,16,2487,9,74,2484
6023560,6942,508894782,54369104,2242,-5981,-25,6218,293078150,2115,293078170,2115,-133,-51,20,74,2492,-1,131,2488
6033518,6942,508894792,54369062,2242,-5982,-25,6218,293078150,2115,293078180,2115,-133,-50,17,-34,2506,-3,24,2504
6043426,6943,508894803,54369020,2241,-5982,-25,6218,293078150,2115,293078190,2115,-134,-50,16,62,2429,-4,118,2425
6053883,6944,508894813,54368978,2240,-5982,-24,6218,293078150,2115,293078200,2115,-134,-50,11,122,2360,-9,176,2354
6064812,6945,508894823,54368936,2239,-5983,-23,6218,293078150,2115,293078210,2115,-135,-49,70,40,2482,51,98,2479
6073620,6945,508894833,54368892,2240,-5983,-23,6218,293078200,2115,293078220,2115,-136,-49,40,-57,2455,22,0,2454
6083712,6946,508894843,54368850,2238,-5983,-23,6218,293078200,2115,293078230,2115,-137,-49,-1,102,2531,-21,162,2526
6093446,6947,508894853,54368808,2237,-5984,-24,6218,293078200,2115,293078240,2115,-138,-49,4,67,2589,-16,128,2584
6103422,6947,508894863,54368766,2237,-5984,-24,6218,293078200,2115,293078250,2115,-139,-50,18,37,2549,-2,98,2546
6115117,6948,508894873,54368724,2235,-5984,-24,6218,293078200,2115,293078260,2115,-140,-50,23,89,2504,2,149,2500
6123578,6949,508894883,54368679,2235,-5985,-24,6218,293078250,2115,293078270,2115,-141,-50,42,47,2507,22,108,2504
6133501,6949,508894893,54368637,2234,-5985,-24,6218,293078250,2115,293078280,2115,-141,-50,28,65,2528,8,127,2524
6143433,6950,508894903,54368595,2234,-5985,-25,6218,293078250,2115,293078290,2115,-142,-51,13,-22,2515,-8,40,2513
6153427,6951,508894913,54368553,2233,-5985,-25,6218,293078250,2115,293078300,2115,-143,-52,-5,63,2556,-26,126,2551
6163739,6951,508894923,54368511,2232,-5986,-25,6218,293078250,2115,293078310,2115,-145,-52,35,32,2523,14,96,2520
6173579,6952,508894933,54368467,2230,-5986,-26,6218,293078300,2115,293078320,2115,-146,-53,22,156,2577,-1,221,2570
6183500,6953,508894943,54368425,2230,-5987,-26,6218,293078300,2115,293078330,2115,-147,-54,66,-25,2591,43,41,2590
6193435,6953,508894953,54368383,2230,-5987,-28,6218,293078300,2115,293078340,2115,-147,-55,41,-58,2669,17,10,2668
6203505,6954,508894963,54368341,2229,-5987,-29,6218,293078300,2115,293078350,2115,-147,-56,-25,81,2636,-49,148,2631
6214272,6955,508894973,54368299,2227,-5987,-30,6218,293078300,2115,293078360,2115,-148,-56,-27,101,2659,-52,169,2654
6223568,6956,508894983,54368254,2227,-5987,-31,6218,293078350,2115,293078370,2115,-148,-57,-10,-91,2668,-34,-23,2668
6234041,6956,508894993,54368212,2226,-5987,-32,6218,293078350,2115,293078380,2115,-149,-58,25,115,2645,0,184,2639
6243428,6957,508895003,54368170,2224,-5988,-33,6218,293078350,2115,293078390,2115,-150,-58,29,152,2632,4,220,2625
6253417,6958,508895013,54368128,2224,-5988,-35,6218,293078350,2115,293078400,2115,-150,-58,45,6,2711,19,76,2708
6263642,6958,508895023,54368086,2223,-5988,-36,6218,293078350,2115,293078410,2115,-150,-59,-9,-48,2647,-34,21,2645
6273578,6959,508895033,54368041,2223,-5988,-37,6218,293078400,2115,293078420,2115,-150,-59,-2,2,2649,-27,70,2646
6283502,6960,508895043,54367999,2221,-5988,-38,6218,293078400,2115,293078430,2115,-150,-60,-14,153,2662,-41,222,2655
6293997,6960,508895053,54367957,2221,-5988,-40,6218,293078400,2115,293078440,2115,-150,-60,13,5,2709,-14,75,2706
6304720,6961,508895063,54367915,2220,-5989,-41,6218,293078400,2115,293078450,2115,-149,-60,50,21,2647,24,89,2644
6313694,6962,508895073,54367873,2220,-5989,-42,6218,293078400,2115,293078460,2115,-149,-60,29,4,2625,3,72,2623
6323944,6962,508895083,54367829,2218,-5989,-43,6218,293078450,2115,293078470,2115,-148,-60,20,55,2584,-5,122,2580
6333533,6963,508895093,54367787,2218,-5989,-43,6218,293078450,2115,293078480,2115,-147,-60,-29,-27,2585,-54,39,2583
6343449,6963,508895103,54367745,2217,-5989,-44,6218,293078450,2115,293078490,2115,-147,-60,13,32,2624,-13,98,2621
6353435,6964,508895113,54367703,2217,-5989,-45,6218,293078450,2115,293078500,2115,-147,-60,23,-43,2641,-3,24,2640
6363699,6965,508895123,54367661,2216,-5990,-46,6218,293078450,2115,293078510,2115,-147,-60,37,73,2600,11,139,2596
6374056,6966,508895133,54367616,2215,-5990,-47,6218,293078500,2115,293078520,2115,-146,-60,40,37,2587,15,103,2583
6383542,6966,508895143,54367574,2215,-5990,-48,6218,293078500,2115,293078530,2115,-146,-60,26,-4,2617,1,62,2615
6393434,6967,508895153,54367532,2215,-5990,-48,6218,293078500,2115,293078540,2115,-145,-60,11,-43,2547,-13,21,2546
6403451,6967,508895163,54367490,2214,-5990,-48,6218,293078500,2115,293078550,2115,-144,-60,-13,-14,2541,-38,49,2539
6414525,6968,508895173,54367448,2213,-5990,-48,6218,293078500,2115,293078560,2115,-143,-60,-4,71,2502,-29,133,2498
6423569,6969,508895183,54367403,2213,-5991,-49,6218,293078550,2115,293078570,2115,-142,-59,32,-28,2552,7,35,2550
6433542,6969,508895193,54367361,2213,-5991,-49,6218,293078550,2115,293078580,2115,-141,-59,60,-13,2538,36,49,2536
6443488,6970,508895203,54367319,2213,-5991,-49,6218,293078550,2115,293078590,2115,-141,-59,35,1,2565,11,64,2562
6453567,6971,508895213,54367277,2212,-5991,-50,6218,293078550,2115,293078600,2115,-140,-59,16,19,2568,-9,81,2565
6463707,6971,508895223,54367235,2211,-5991,-50,6218,293078550,2115,293078610,2115,-139,-59,-13,27,2546,-37,88,2542
6474051,6972,508895233,54367190,2210,-5991,-50,6218,293078600,2115,293078620,2115,-137,-59,-17,70,2460,-41,128,2456
6483531,6972,508895242,54367148,2210,-5991,-49,6218,293078600,2115,293078630,2115,-136,-59,27,-90,2432,4,-32,2432
6493423,6973,508895252,54367106,2209,-5991,-48,6218,293078600,2115,293078640,2115,-135,-58,-21,31,2383,-43,86,2379
6504191,6974,508895262,54367064,2208,-5992,-48,6218,293078600,2115,293078650,2115,-135,-58,29,89,2412,6,146,2408
6513683,6974,508895272,54367022,2208,-5992,-47,6218,293078600,2115,293078660,2115,-134,-57,49,12,2456,27,69,2453
6523609,6975,508895282,54366977,2208,-5992,-47,6218,293078650,2115,293078670,2115,-133,-57,40,-54,2483,17,3,2482
6534209,6976,508895292,54366935,2207,-5992,-47,6218,293078650,2115,293078680,2115,-132,-57,3,31,2501,-20,89,2497
6543464,6976,508895302,54366893,2206,-5992,-46,6218,293078650,2115,293078690,2115,-132,-56,-12,67,2414,-34,122,2409
6553441,6977,508895312,54366851,2205,-5992,-46,6218,293078650,2115,293078700,2115,-131,-56,4,94,2458,-18,150,2453
6563800,6978,508895322,54366809,2205,-5992,-45,6218,293078650,2115,293078710,2115,-131,-55,27,-35,2347,6,18,2346
6573586,6978,508895332,54366765,2204,-5993,-43,6218,293078700,2115,293078720,2115,-130,-54,33,49,2319,13,102,2316
6583492,6979,508895342,54366723,2203,-5993,-42,6218,293078700,2115,293078730,2115,-130,-54,11,58,2335,-9,110,2331
6593424,6980,508895352,54366681,2203,-5993,-41,6218,293078700,2115,293078740,2115,-130,-53,2,47,2358,-18,100,2354
6603422,6980,508895361,54366639,2202,-5994,-40,6218,293078700,2115,293078750,2115,-129,-53,40,89,2362,19,142,2358
6613949,6981,508895371,54366597,2201,-5994,-39,6218,293078700,2115,293078760,2115,-129,-52,40,-1,2417,19,53,2415
6623639,6981,508895381,54366552,2201,-5995,-38,6218,293078750,2115,293078770,2115,-129,-52,25,58,2358,5,111,2355
6633506,6982,508895391,54366510,2199,-5995,-37,6218,293078750,2115,293078780,2115,-129,-51,3,105,2374,-17,158,2370
6643434,6983,508895401,54366468,2199,-5995,-35,6218,293078750,2115,293078790,2115,-129,-51,10,9,2316,-9,61,2313
6654104,6983,508895411,54366426,2198,-5995,-34,6218,293078750,2115,293078800,2115,-129,-51,10,18,2371,-9,71,2368
6663694,6984,508895421,54366384,2197,-5995,-34,6218,293078750,2115,293078810,2115,-130,-51,-9,74,2403,-29,128,2398
6673580,6985,508895431,54366339,2196,-5996,-33,6218,293078800,2115,293078820,2115,-130,-50,28,61,2374,9,114,2371
6684325,6985,508895440,54366297,2195,-5996,-32,6218,293078800,2115,293078830,2115,-130,-50,33,45,2408,13,99,2404
6694324,6986,508895450,54366255,2195,-5996,-31,6218,293078800,2115,293078840,2115,-130,-50,35,10,2405,16,64,2402
6703445,6987,508895460,54366213,2194,-5997,-30,6218,293078800,2115,293078850,2115,-130,-51,31,105,2328,12,157,2324
6714039,6987,508895470,54366171,2193,-5997,-28,6218,293078800,2115,293078860,2115,-130,-51,-5,45,2336,-24,98,2332
6723580,6988,508895480,54366126,2193,-5997,-28,6218,293078850,2115,293078870,2115,-131,-51,16,-22,2423,-3,33,2421
6733499,6989,508895490,54366084,2192,-5997,-27,6218,293078850,2115,293078880,2115,-131,-51,6,57,2413,-13,111,2409
6743897,6989,508895500,54366042,2191,-5997,-27,6218,293078850,2115,293078890,2115,-131,-51,23,52,2460,3,108,2457
6753427,6990,508895509,54366000,2190,-5998,-26,6218,293078850,2115,293078900,2115,-132,-51,23,57,2433,3,112,2429
6763686,6991,508895519,54365958,2190,-5998,-26,6218,293078850,2115,293078910,2115,-132,-51,33,51,2495,13,108,2491
6773999,6992,508895529,54365913,2189,-5998,-26,6219,293078900,2115,293078920,2115,-132,-52,42,-4,2481,22,53,2479
6783482,6992,508895539,54365871,2188,-5999,-25,6219,293078900,2115,293078930,2115,-132,-52,3,81,2453,-18,137,2449
6793425,6993,508895549,54365829,2188,-5999,-25,6219,293078900,2115,293078940,2115,-132,-52,-24,21,2401,-44,75,2397
6803442,6994,508895559,54365787,2187,-5999,-24,6219,293078900,2115,293078950,2115,-132,-53,7,-11,2431,-14,44,2429
6813680,6994,508895569,54365744,2186,-5999,-24,6219,293078900,2115,293078960,2115,-132,-53,19,103,2479,-3,159,2474
6823569,6995,508895578,54365700,2185,-6000,-24,6219,293078950,2115,293078970,2115,-132,-53,73,54,2531,51,112,2528
6833501,6996,508895588,54365658,2185,-6000,-24,6219,293078950,2115,293078980,2115,-131,-54,77,49,2524,55,107,2521
6843433,6997,508895598,54365616,2184,-6000,-24,6219,293078950,2115,293078990,2115,-131,-54,-9,29,2497,-30,85,2493
6853788,6997,508895608,54365573,2184,-6000,-24,6219,293078950,2115,293079000,2115,-131,-55,-3,-45,2547,-25,12,2546
6864787,6998,508895618,54365531,2182,-6000,-24,6219,293078950,2115,293079010,2115,-130,-55,-11,132,2507,-34,188,2501
6873584,6999,508895627,54365487,2181,-6001,-25,6219,293079000,2115,293079020,2115,-130,-55,13,67,2579,-10,124,2575
6883538,7000,508895637,54365444,2182,-6001,-25,6219,293079000,2115,293079030,2115,-129,-56,42,-77,2462,21,-22,2462
6893493,7001,508895647,54365402,2181,-6001,-25,6219,293079000,2115,293079040,2115,-128,-55,26,53,2548,3,110,2544
6903457,7001,508895657,54365360,2180,-6002,-26,6219,293079000,2115,293079050,2115,-128,-55,36,63,2573,13,119,2569
6913761,7002,508895667,54365318,2179,-6002,-26,6219,293079000,2115,293079060,2115,-127,-56,5,93,2584,-18,150,2579
6923620,7003,508895676,54365273,2178,-6002,-26,6219,293079050,2115,293079070,2115,-127,-56,14,-15,2518,-8,40,2516
6934498,7004,508895686,54365231,2178,-6002,-27,6219,293079050,2115,293079080,2115,-126,-56,-14,7,2607,-37,63,2604
6943452,7004,508895696,54365189,2177,-6002,-28,6219,293079050,2115,293079090,2115,-126,-56,35,17,2576,12,73,2574
6953429,7005,508895706,54365147,2176,-6002,-28,6219,293079050,2115,293079100,2115,-126,-56,26,112,2566,3,168,2561
6963784,7006,508895716,54365105,2175,-6003,-28,6219,293079050,2115,293079110,2115,-125,-56,9,96,2501,-14,150,2497
6973613,7007,508895725,54365060,2175,-6003,-28,6219,293079100,2115,293079120,2115,-125,-56,49,-6,2506,26,48,2505
6983516,7008,508895735,54365018,2175,-6003,-29,6219,293079100,2115,293079130,2115,-124,-56,13,-29,2562,-10,26,2560
6993462,7008,508895745,54364976,2173,-6004,-29,6219,293079100,2115,293079140,2115,-124,-56,23,96,2545,0,150,2541
7003440,7009,508895755,54364934,2173,-6004,-30,6219,293079100,2115,293079150,2115,-124,-56,34,41,2612,10,97,2609
7015106,7010,508895764,54364892,2172,-6004,-30,6219,293079100,2115,293079160,2115,-124,-56,12,63,2583,-11,118,2579
7023600,7011,508895774,54364847,2171,-6005,-31,6219,293079150,2115,293079170,2115,-124,-56,39,110,2588,15,165,2583
7033509,7012,508895784,54364805,2170,-6005,-32,6219,293079150,2115,293079180,2115,-124,-56,51,7,2619,27,63,2616
7043944,7012,508895794,54364763,2169,-6005,-33,6219,293079150,2115,293079190,2115,-124,-57,27,83,2652,2,139,2648
7053470,7013,508895804,54364721,2169,-6005,-34,6219,293079150,2115,293079200,2115,-123,-57,-3,4,2593,-27,59,2590
7063676,7014,508895813,54364678,2168,-6005,-34,6219,293079150,2115,293079210,2115,-123,-58,-13,32,2582,-37,87,2578
7073607,7015,508895823,54364634,2167,-6006,-35,6219,293079200,2115,293079220,2115,-124,-58,27,68,2529,4,122,2525
7083517,7015,508895833,54364591,2166,-6006,-35,6219,293079200,2115,293079230,2115,-124,-58,26,118,2594,1,174,2589
7094389,7016,508895842,54364549,2165,-6007,-36,6219,293079200,2115,293079240,2115,-124,-58,51,-5,2587,27,51,2585
7103415,7017,508895852,54364507,2165,-6007,-37,6219,293079200,2115,293079250,2115,-124,-58,33,34,2637,8,91,2634
7114924,7018,508895862,54364465,2164,-6007,-38,6219,293079200,2115,293079260,2115,-125,-59,-14,44,2640,-39,101,2636
7123590,7018,508895872,54364420,2163,-6007,-39,6219,293079250,2115,293079270,2115,-125,-59,-3,99,2666,-29,156,2661
7133504,7019,508895881,54364378,2162,-6007,-41,6219,293079250,2115,293079280,2115,-125,-59,17,20,2682,-9,78,2679
7143425,7020,508895891,54364336,2162,-6007,-42,6219,293079250,2115,293079290,2115,-125,-59,43,7,2675,17,65,2672
7153434,7021,508895901,54364294,2161,-6008,-42,6219,293079250,2115,293079300,2115,-126,-59,30,81,2546,5,136,2542
7163680,7022,508895911,54364252,2160,-6008,-42,6219,293079250,2115,293079310,2115,-126,-59,25,69,2452,2,122,2449
7173599,7022,508895920,54364207,2158,-6008,-43,6219,293079300,2115,293079320,2115,-126,-59,1,131,2593,-24,188,2587
7183501,7023,508895930,54364165,2158,-6008,-43,6219,293079300,2115,293079330,2115,-126,-59,21,-49,2508,-3,6,2507
7193441,7024,508895940,54364122,2157,-6009,-43,6219,293079300,2115,293079340,2115,-127,-59,12,88,2567,-13,144,2563
7203453,7025,508895949,54364080,2156,-6009,-44,6219,293079300,2115,293079350,2115,-127,-59,8,107,2582,-17,163,2577
7213684,7026,508895959,54364038,2155,-6010,-45,6219,293079300,2115,293079360,2115,-127,-58,61,32,2644,36,90,2641
7223582,7026,508895969,54363993,2155,-6010,-46,6219,293079350,2115,293079370,2115,-127,-58,31,32,2575,7,89,2572
7233506,7027,508895978,54363951,2153,-6010,-46,6219,293079350,2115,293079380,2115,-127,-57,5,141,2539,-19,196,2533
7243447,7028,508895988,54363909,2152,-6010,-45,6219,293079350,2115,293079390,2115,-127,-56,6,12,2448,-16,66,2446
7253670,7029,508895998,54363867,2151,-6010,-45,6219,293079350,2115,293079400,2115,-127,-55,-20,75,2473,-42,130,2468
7263706,7029,508896007,54363825,2151,-6011,-45,6219,293079350,2115,293079410,2115,-127,-55,21,29,2474,-1,84,2471
7273590,7030,508896017,54363780,2150,-6011,-44,6219,293079400,2115,293079420,2115,-128,-54,64,80,2455,43,135,2451
7283522,7031,508896027,54363738,2149,-6012,-44,6219,293079400,2115,293079430,2115,-128,-53,49,54,2424,28,108,2421
7293429,7032,508896036,54363695,2148,-6012,-43,6219,293079400,2115,293079440,2115,-128,-53,52,69,2428,31,123,2424
7303422,7033,508896046,54363653,2147,-6012,-43,6219,293079400,2115,293079450,2115,-128,-52,3,45,2469,-18,100,2466
7313676,7033,508896056,54363611,2146,-6013,-42,6219,293079400,2115,293079460,2115,-128,-52,-5,114,2421,-26,167,2416
7323571,7034,508896065,54363566,2146,-6013,-41,6219,293079450,2115,293079470,2115,-128,-52,22,-24,2388,2,29,2386
7334393,7035,508896075,54363524,2146,-6013,-41,6219,293079450,2115,293079480,2115,-128,-51,34,47,2434,14,101,2431
7343409,7035,508896085,54363482,2144,-6014,-40,6219,293079450,2115,293079490,2115,-129,-51,53,102,2391,33,156,2387
7353438,7036,508896094,54363440,2144,-6014,-39,6219,293079450,2115,293079500,2115,-129,-51,47,61,2427,27,115,2424
7363711,7037,508896104,54363397,2143,-6015,-39,6219,293079450,2115,293079510,2115,-130,-51,34,93,2432,14,148,2428
7373587,7038,508896114,54363353,2142,-6015,-38,6219,293079500,2115,293079520,2115,-130,-51,15,-17,2435,-4,38,2433
7383507,7039,508896123,54363310,2141,-6015,-38,6219,293079500,2115,293079530,2115,-130,-51,-9,114,2422,-28,168,2417
7393432,7039,508896133,54363268,2140,-6016,-37,6219,293079500,2115,293079540,2115,-130,-51,18,38,2411,-1,93,2408
7403465,7040,508896142,54363226,2139,-6016,-36,6219,293079500,2115,293079550,2115,-130,-51,59,45,2445,40,100,2442
7414534,7041,508896152,54363184,2139,-6017,-36,6219,293079500,2115,293079560,2115,-131,-51,47,64,2421,27,119,2417
7423588,7042,508896162,54363139,2137,-6017,-35,6219,293079550,2115,293079570,2115,-132,-51,24,92,2447,4,147,2442
7433526,7042,508896171,54363097,2137,-6017,-35,6219,293079550,2115,293079580,2115,-132,-51,7,37,2412,-13,92,2408
7443449,7043,508896181,54363054,2136,-6017,-34,6219,293079550,2115,293079590,2115,-132,-52,9,41,2430,-11,97,2427
7453427,7044,508896190,54363012,2135,-6017,-33,6219,293079550,2115,293079600,2115,-132,-52,13,15,2405,-7,70,2402
7464549,7045,508896200,54362970,2134,-6018,-33,6219,293079550,2115,293079610,2115,-133,-52,49,131,2453,29,188,2448
7473597,7045,508896210,54362925,2133,-6018,-32,6219,293079600,2115,293079620,2115,-133,-52,20,37,2429,-1,93,2426
7483520,7046,508896219,54362883,2132,-6019,-32,6219,293079600,2115,293079630,2115,-134,-52,37,78,2462,17,135,2458
7493984,7047,508896229,54362841,2132,-6019,-31,6219,293079600,2115,293079640,2115,-134,-52,15,-21,2431,-5,36,2429
7503431,7048,508896238,54362798,2131,-6019,-31,6219,293079600,2115,293079650,2115,-134,-53,12,48,2485,-9,105,2481
7514860,7048,508896248,54362756,2130,-6019,-31,6219,293079600,2115,293079660,2115,-134,-53,-2,119,2444,-23,175,2439
7523593,7049,508896257,54362711,2130,-6020,-31,6219,293079650,2115,293079670,2115,-135,-53,51,-42,2501,30,16,2499
7533531,7050,508896267,54362669,2129,-6020,-30,6219,293079650,2115,293079680,2115,-135,-53,39,100,2385,18,156,2380
7543417,7050,508896277,54362627,2128,-6021,-29,6219,293079650,2115,293079690,2115,-135,-53,17,75,2420,-4,132,2416
7553455,7051,508896286,54362584,2127,-6021,-28,6219,293079650,2115,293079700,2115,-135,-53,42,-7,2413,22,50,2411
7563703,7052,508896296,54362542,2127,-6021,-28,6219,293079650,2115,293079710,2115,-136,-53,21,37,2432,1,94,2429
7573760,7052,508896305,54362497,2126,-6021,-27,6219,293079700,2115,293079720,2115,-135,-53,27,14,2420,6,71,2417
7583506,7053,508896315,54362455,2126,-6022,-27,6219,293079700,2115,293079730,2115,-136,-53,31,12,2485,10,70,2482
7593456,7054,508896324,54362413,2125,-6022,-27,6219,293079700,2115,293079740,2115,-136,-53,9,100,2471,-13,158,2467
7603432,7055,508896334,54362371,2124,-6022,-27,6219,293079700,2115,293079750,2115,-136,-53,52,54,2494,30,113,2491
7613719,7055,508896344,54362328,2123,-6023,-27,6219,293079700,2115,293079760,2115,-137,-53,18,11,2491,-3,70,2488
7623577,7056,508896353,54362283,2123,-6023,-26,6219,293079750,2115,293079770,2115,-137,-53,16,47,2400,-4,103,2396
7633502,7057,508896363,54362241,2122,-6023,-25,6219,293079750,2115,293079780,2115,-137,-52,20,11,2434,0,68,2431
7643451,7057,508896372,54362199,2121,-6023,-24,6219,293079750,2115,293079790,2115,-137,-52,6,66,2409,-15,123,2404
7653840,7058,508896382,54362157,2120,-6024,-25,6219,293079750,2115,293079800,2115,-137,-52,47,50,2541,26,110,2538
7663673,7059,508896391,54362114,2119,-6024,-24,6219,293079750,2115,293079810,2115,-137,-52,31,94,2428,11,152,2423
7673589,7059,508896401,54362069,2119,-6025,-24,6219,293079800,2115,293079820,2115,-137,-52,50,27,2491,29,86,2489
7683506,7060,508896410,54362027,2118,-6025,-24,6219,293079800,2115,293079830,2115,-137,-51,39,-28,2527,18,32,2525
7693483,7061,508896420,54361985,2117,-6025,-24,6219,293079800,2115,293079840,2115,-138,-51,6,86,2508,-15,146,2503
7703470,7061,508896429,54361942,2116,-6025,-24,6219,293079800,2115,293079850,2115,-138,-51,-16,54,2472,-36,113,2468
7713712,7062,508896439,54361900,2116,-6025,-24,6219,293079800,2115,293079860,2115,-138,-51,31,-7,2526,10,53,2524
7723617,7062,508896448,54361855,2115,-6026,-24,6219,293079850,2115,293079870,2115,-138,-51,31,70,2451,11,129,2447
7733517,7063,508896458,54361813,2114,-6026,-24,6219,293079850,2115,293079880,2115,-138,-50,31,41,2499,11,100,2496
7743425,7064,508896467,54361771,2113,-6027,-23,6219,293079850,2115,293079890,2115,-138,-50,38,97,2484,17,156,2479
7753457,7064,508896477,54361728,2113,-6027,-23,6219,293079850,2115,293079900,2115,-138,-50,46,-32,2492,26,27,2491
7763712,7065,508896486,54361686,2113,-6027,-24,6219,293079850,2115,293079910,2115,-138,-50,21,-43,2525,1,18,2523
7773605,7066,508896496,54361641,2112,-6027,-24,6219,293079900,2115,293079920,2115,-138,-50,7,104,2496,-13,164,2491
7783522,7066,508896505,54361599,2111,-6027,-24,6219,293079900,2115,293079930,2115,-138,-49,9,36,2559,-11,97,2556
7793433,7067,508896515,54361557,2111,-6027,-24,6220,293079900,2115,293079940,2115,-139,-49,8,-67,2488,-11,-7,2487
7803440,7068,508896524,54361514,2109,-6028,-24,6220,293079900,2115,293079950,2115,-139,-49,36,142,2571,15,204,2565
7814420,7068,508896534,54361472,2109,-6028,-24,6220,293079900,2115,293079960,2115,-140,-49,48,54,2513,29,115,2509
7823574,7069,508896543,54361427,2108,-6029,-25,6220,293079950,2115,293079970,2115,-140,-49,19,-22,2581,-1,41,2579
7833515,7069,508896553,54361385,2108,-6029,-25,6220,293079950,2115,293079980,2115,-140,-49,19,-10,2548,0,52,2545
7843474,7070,508896562,54361342,2107,-6029,-25,6220,293079950,2115,293079990,2115,-140,-49,23,83,2535,4,145,2530
7853456,7071,508896572,54361300,2106,-6029,-25,6220,293079950,2115,293080000,2115,-141,-48,22,82,2439,3,142,2434
7863721,7071,508896581,54361258,2105,-6030,-25,6220,293079950,2115,293080010,2115,-142,-48,36,14,2530,17,76,2528
7873592,7072,508896591,54361213,2105,-6030,-25,6220,293080000,2115,293080020,2115,-142,-48,23,33,2514,4,95,2511
7883519,7073,508896600,54361171,2104,-6031,-25,6220,293080000,2115,293080030,2115,-143,-48,46,44,2534,26,106,2530
7893576,7073,508896609,54361128,2104,-6031,-26,6220,293080000,2115,293080040,2115,-143,-48,22,-22,2582,2,42,2580
7903427,7074,508896619,54361086,2103,-6031,-27,6220,293080000,2115,293080050,2115,-143,-49,36,96,2560,16,160,2555
7913722,7075,508896628,54361044,2102,-6031,-27,6220,293080000,2115,293080060,2115,-143,-49,-6,-44,2538,-25,19,2537
7923612,7075,508896638,54360999,2101,-6031,-27,6220,293080050,2115,293080070,2115,-144,-49,28,74,2522,8,137,2518
7933562,7076,508896647,54360956,2100,-6032,-27,6220,293080050,2115,293080080,2115,-145,-48,-9,115,2505,-29,177,2499
7943448,7077,508896657,54360914,2100,-6032,-27,6220,293080050,2115,293080090,2115,-145,-48,35,-12,2503,16,52,2501
7953476,7077,508896666,54360872,2099,-6032,-27,6220,293080050,2115,293080100,2115,-146,-48,28,11,2520,9,74,2518
7963715,7078,508896676,54360829,2099,-6032,-27,6220,293080050,2115,293080110,2115,-146,-48,25,-7,2529,6,57,2527
7974481,7079,508896685,54360784,2098,-6033,-28,6220,293080100,2115,293080120,2115,-147,-47,30,58,2565,10,123,2561
7983492,7080,508896694,54360742,2097,-6033,-28,6220,293080100,2115,293080130,2115,-147,-47,22,60,2534,3,125,2530
7993436,7080,508896704,54360700,2096,-6034,-28,6220,293080100,2115,293080140,2115,-147,-47,34,92,2508,15,156,2503
8003487,7081,508896713,54360657,2096,-6034,-28,6220,293080100,2115,293080150,2115,-148,-46,14,-77,2477,-3,-13,2476
8013714,7082,508896723,54360615,2095,-6034,-27,6220,293080100,2115,293080160,2115,-148,-46,48,98,2444,30,161,2439
8023583,7083,508896732,54360570,2094,-6034,-27,6220,293080150,2115,293080170,2115,-149,-45,6,46,2443,-12,109,2439
8033522,7083,508896742,54360528,2093,-6035,-27,6220,293080150,2115,293080180,2115,-149,-45,27,35,2502,9,100,2499
8043496,7084,508896751,54360485,2093,-6035,-26,6220,293080150,2115,293080190,2115,-150,-44,44,6,2439,27,69,2436
8053528,7085,508896760,54360443,2091,-6036,-26,6220,293080150,2115,293080200,2115,-150,-44,18,132,2437,0,195,2431
8063792,7085,508896770,54360401,2090,-6036,-26,6220,293080150,2115,293080210,2115,-150,-43,33,34,2479,17,98,2476
8073609,7086,508896779,54360356,2090,-6036,-25,6220,293080200,2115,293080220,2115,-150,-42,54,-75,2499,38,-9,2499
8083519,7087,508896788,54360313,2089,-6037,-25,6220,293080200,2115,293080230,2115,-151,-42,19,85,2484,3,149,2479
8093487,7088,508896798,54360271,2088,-6037,-24,6220,293080200,2115,293080240,2115,-151,-41,1,113,2403,-15,175,2397
8104109,7088,508896807,54360228,2088,-6037,-24,6220,293080200,2115,293080250,2115,-150,-41,11,-26,2396,-4,36,2394
8114038,7089,508896817,54360186,2087,-6037,-23,6220,293080200,2115,293080260,2115,-150,-41,38,-27,2447,23,37,2446
8123610,7090,508896826,54360141,2087,-6038,-23,6220,293080250,2115,293080270,2115,-150,-41,57,78,2455,42,143,2451
8133851,7091,508896835,54360099,2085,-6039,-22,6220,293080250,2115,293080280,2115,-150,-41,77,124,2435,61,188,2429
8143422,7091,508896845,54360056,2085,-6039,-22,6220,293080250,2115,293080290,2115,-150,-41,55,-22,2467,40,42,2465
8153452,7092,508896854,54360014,2085,-6039,-22,6220,293080250,2115,293080300,2115,-150,-41,14,-94,2433,-2,-30,2433
8164465,7093,508896863,54359972,2084,-6040,-21,6220,293080250,2115,293080310,2115,-149,-42,-13,169,2413,-29,231,2406
8173610,7094,508896873,54359926,2083,-6040,-20,6220,293080300,2115,293080320,2115,-149,-42,9,23,2444,-7,86,2441
8183514,7094,508896882,54359884,2083,-6041,-21,6220,293080300,2115,293080330,2115,-148,-43,73,-13,2520,56,52,2518
8194277,7095,508896892,54359842,2082,-6041,-21,6220,293080300,2115,293080340,2115,-148,-44,44,9,2500,27,73,2497
8203480,7096,508896901,54359799,2082,-6042,-21,6220,293080300,2115,293080350,2115,-148,-44,69,62,2541,51,127,2537
8214843,7097,508896910,54359757,2081,-6042,-21,6220,293080300,2115,293080360,2115,-148,-45,6,46,2519,-12,110,2516
8224142,7097,508896920,54359712,2080,-6042,-21,6220,293080350,2115,293080370,2115,-147,-46,-8,26,2560,-27,92,2557
8233520,7098,508896929,54359669,2080,-6042,-21,6220,293080350,2115,293080380,2115,-147,-47,-3,-30,2466,-21,32,2464
8243461,7099,508896938,54359627,2079,-6042,-21,6220,293080350,2115,293080390,2115,-146,-48,9,56,2495,-10,119,2491
8253457,7100,508896948,54359585,2078,-6043,-21,6220,293080350,2115,293080400,2115,-146,-49,35,74,2540,15,139,2536
8264223,7100,508896957,54359542,2077,-6043,-22,6220,293080350,2115,293080410,2115,-146,-49,64,22,2585,44,88,2582
8273598,7101,508896966,54359497,2076,-6043,-23,6220,293080400,2115,293080420,2115,-145,-50,55,36,2602,34,102,2599
8284035,7102,508896976,54359455,2076,-6043,-23,6220,293080400,2115,293080430,2115,-145,-51,-2,-1,2611,-23,64,2608
8293461,7103,508896985,54359412,2074,-6044,-24,6220,293080400,2115,293080440,2115,-145,-52,-7,112,2596,-29,177,2590
8303481,7103,508896994,54359370,2074,-6044,-24,6220,293080400,2115,293080450,2115,-145,-52,10,-35,2536,-11,28,2535
8315091,7104,508897004,54359328,2074,-6044,-24,6220,293080400,2115,293080460,2115,-144,-53,27,-15,2503,6,48,2501
8323597,7105,508897013,54359282,2072,-6044,-24,6220,293080450,2115,293080470,2115,-144,-53,12,94,2515,-10,157,2510
8333502,7105,508897022,54359240,2071,-6045,-25,6220,293080450,2115,293080480,2115,-145,-53,43,76,2582,20,141,2578
8344080,7106,508897032,54359198,2071,-6045,-26,6220,293080450,2115,293080490,2115,-145,-54,39,-27,2570,17,38,2569
8353439,7106,508897041,54359155,2071,-6045,-27,6220,293080450,2115,293080500,2115,-145,-54,13,-24,2648,-9,43,2646
8363701,7107,508897050,54359113,2070,-6045,-27,6220,293080450,2115,293080510,2115,-145,-54,16,33,2535,-6,96,2532
8373943,7107,508897059,54359068,2069,-6045,-27,6220,293080500,2115,293080520,2115,-146,-54,2,76,2555,-20,141,2550
8383495,7108,508897069,54359025,2068,-6046,-28,6220,293080500,2115,293080530,2115,-146,-54,31,35,2579,8,100,2575
8393451,7108,508897078,54358983,2068,-6046,-29,6220,293080500,2115,293080540,2115,-147,-54,55,42,2594,32,108,2591
8403457,7109,508897087,54358941,2068,-6046,-29,6220,293080500,2115,293080550,2115,-147,-54,23,-55,2534,1,9,2532
8413740,7109,508897097,54358898,2067,-6046,-30,6220,293080500,2115,293080560,2115,-148,-53,12,62,2599,-10,129,2594
8423587,7109,508897106,54358853,2065,-6047,-30,6220,293080550,2115,293080570,2115,-149,-53,11,78,2495,-11,142,2490
8433531,7110,508897115,54358811,2065,-6047,-30,6220,293080550,2115,293080580,2115,-149,-53,35,-45,2543,13,20,2541
8443459,7110,508897124,54358768,2065,-6047,-30,6220,293080550,2115,293080590,2115,-150,-53,26,-27,2542,5,39,2540
8453917,7110,508897134,54358726,2064,-6048,-31,6220,293080550,2115,293080600,2115,-151,-53,35,81,2553,13,148,2549
8463857,7111,508897143,54358683,2063,-6048,-31,6220,293080550,2115,293080610,2115,-151,-53,43,70,2525,21,136,2521
8473604,7111,508897152,54358638,2064,-6048,-31,6220,293080600,2115,293080620,2115,-152,-53,32,-135,2589,11,-67,2590
8483565,7111,508897162,54358596,2063,-6048,-32,6220,293080600,2115,293080630,2115,-153,-53,-27,-37,2619,-49,32,2617
8493590,7111,508897171,54358553,2062,-6048,-33,6220,293080600,2115,293080640,2115,-153,-53,7,73,2645,-16,144,2640
8503435,7111,508897180,54358511,2062,-6048,-34,6220,293080600,2115,293080650,2115,-154,-54,58,23,2612,36,93,2609
8513962,7111,508897189,54358468,2062,-6049,-35,6220,293080600,2115,293080660,2115,-155,-54,130,-58,2581,108,12,2581
8523953,7112,508897199,54358423,2061,-6050,-35,6220,293080650,2115,293080670,2115,-156,-55,41,-2,2491,19,66,2488
8534450,7112,508897208,54358381,2061,-6049,-34,6220,293080650,2115,293080680,2115,-157,-56,-45,-8,2346,-65,56,2343
8543446,7112,508897217,54358338,2060,-6049,-34,6220,293080650,2115,293080690,2115,-158,-56,-65,14,2592,-88,84,2588
8554065,7112,508897226,54358296,2060,-6049,-35,6220,293080650,2115,293080700,2115,-158,-57,32,-41,2655,8,31,2654
8563750,7112,508897236,54358253,2060,-6050,-37,6220,293080650,2115,293080710,2115,-158,-57,134,-95,2703,110,-20,2704
8573600,7112,508897245,54358208,2059,-6050,-37,6220,293080700,2115,293080720,2115,-159,-58,73,4,2553,49,75,2550
8583627,7112,508897254,54358166,2058,-6051,-38,6220,293080700,2115,293080730,2115,-160,-58,64,151,2583,39,223,2576
8593459,7113,508897263,54358123,2059,-6050,-39,6220,293080700,2115,293080740,2115,-160,-57,-77,-220,2644,-101,-146,2647
8603453,7113,508897273,54358081,2058,-6049,-40,6220,293080700,2115,293080750,2115,-161,-56,-108,-7,2565,-131,64,2561
8614460,7113,508897282,54358038,2057,-6049,-40,6220,293080700,2115,293080760,2115,-161,-55,-58,48,2513,-80,117,2508
8623580,7113,508897291,54357993,2057,-6049,-40,6220,293080750,2115,293080770,2115,-161,-53,34,-62,2614,12,11,2613
8633519,7113,508897300,54357951,2057,-6050,-41,6220,293080750,2115,293080780,2115,-161,-52,136,-57,2523,115,14,2523
8643778,7113,508897310,54357908,2057,-6051,-42,6220,293080750,2115,293080790,2115,-161,-51,121,-22,2648,99,52,2647
8653450,7113,508897319,54357866,2057,-6051,-42,6220,293080750,2115,293080800,2115,-161,-50,1,-74,2469,-18,-5,2468
8664811,7113,508897328,54357824,2056,-6050,-39,6220,293080750,2115,293080810,2115,-162,-49,-85,9,2217,-102,71,2213
8673785,7113,508897337,54357778,2056,-6049,-37,6220,293080800,2115,293080820,2115,-162,-48,-83,-40,2247,-100,23,2244
8683520,7113,508897347,54357736,2056,-6049,-36,6220,293080800,2115,293080830,2115,-162,-46,1,-159,2282,-15,-95,2284
8693533,7113,508897356,54357694,2056,-6050,-35,6220,293080800,2115,293080840,2115,-162,-45,163,8,2393,146,76,2392
8704045,7114,508897365,54357651,2055,-6052,-34,6220,293080800,2115,293080850,2115,-162,-44,155,48,2412,138,117,2409
8714278,7114,508897374,54357609,2056,-6052,-34,6220,293080800,2115,293080860,2115,-162,-44,122,-163,2504,105,-92,2506
8723608,7114,508897384,54357563,2056,-6052,-34,6220,293080850,2115,293080870,2115,-163,-43,-55,-52,2431,-71,16,2429
8734021,7114,508897393,54357521,2055,-6051,-32,6220,293080850,2115,293080880,2115,-163,-43,-98,38,2337,-113,104,2333
8743444,7114,508897402,54357479,2055,-6051,-31,6220,293080850,2115,293080890,2115,-164,-42,-35,-105,2345,-50,-39,2345
8753479,7115,508897411,54357436,2055,-6051,-30,6220,293080850,2115,293080900,2115,-164,-42,58,-51,2377,43,17,2376
8763721,7115,508897421,54357394,2055,-6052,-29,6220,293080850,2115,293080910,2115,-164,-42,104,-20,2359,89,48,2357
8773750,7115,508897430,54357349,2055,-6052,-28,6220,293080900,2115,293080920,2115,-165,-42,91,-47,2412,76,22,2411
8783506,7115,508897439,54357306,2055,-6053,-28,6220,293080900,2115,293080930,2115,-166,-42,24,-19,2435,8,51,2433
8794202,7116,508897448,54357264,2054,-6053,-27,6220,293080900,2115,293080940,2115,-166,-43,-21,39,2417,-37,108,2413
8803445,7116,508897457,54357221,2054,-6052,-26,6220,293080900,2115,293080950,2115,-167,-44,-5,-99,2427,-21,-29,2427
8814832,7116,508897467,54357179,2054,-6053,-26,6221,293080900,2115,293080960,2115,-167,-45,32,-12,2438,15,58,2436
8823591,7117,508897476,54357133,2054,-6053,-25,6221,293080950,2115,293080970,2115,-168,-46,53,-51,2421,36,19,2420
8833498,7117,508897485,54357091,2053,-6053,-25,6221,293080950,2115,293080980,2115,-168,-47,59,-27,2466,41,45,2465
8843456,7118,508897494,54357049,2052,-6054,-25,6221,293080950,2115,293080990,2115,-168,-48,5,48,2480,-15,120,2476
8853588,7118,508897504,54357006,2052,-6054,-25,6221,293080950,2115,293081000,2115,-169,-50,34,-47,2551,14,28,2550
8863723,7119,508897513,54356964,2052,-6054,-25,6221,293080950,2115,293081010,2115,-169,-51,5,-56,2542,-15,19,2540
8873590,7119,508897522,54356918,2051,-6054,-25,6221,293081000,2115,293081020,2115,-169,-53,14,5,2488,-7,78,2485
8884254,7120,508897531,54356876,2051,-6054,-26,6221,293081000,2115,293081030,2115,-169,-54,34,-55,2551,12,20,2549
8893474,7120,508897541,54356833,2051,-6054,-26,6221,293081000,2115,293081040,2115,-169,-56,34,-87,2507,12,-13,2507
8903431,7121,508897550,54356791,2051,-6054,-27,6221,293081000,2115,293081050,2115,-169,-57,27,16,2612,3,92,2608
8913760,7121,508897559,54356749,2050,-6054,-27,6221,293081000,2115,293081060,2115,-169,-59,-19,13,2561,-43,88,2557
8923597,7122,508897568,54356703,2049,-6054,-28,6221,293081050,2115,293081070,2115,-169,-59,23,-3,2599,-2,73,2596
8933532,7122,508897577,54356661,2050,-6054,-28,6221,293081050,2115,293081080,2115,-169,-60,14,-128,2584,-10,-52,2585
8943428,7123,508897587,54356618,2049,-6054,-30,6221,293081050,2115,293081090,2115,-169,-61,7,2,2649,-20,79,2645
8953433,7124,508897596,54356576,2049,-6054,-30,6221,293081050,2115,293081100,2115,-168,-62,18,6,2613,-9,82,2610
8963718,7124,508897605,54356533,2048,-6055,-32,6221,293081050,2115,293081110,2115,-168,-63,35,-29,2696,7,50,2694
8973607,7125,508897614,54356488,2048,-6055,-33,6221,293081100,2115,293081120,2115,-167,-64,16,-30,2597,-11,45,2595
8983519,7125,508897623,54356446,2048,-6055,-34,6221,293081100,2115,293081130,2115,-166,-65,16,-53,2616,-12,23,2615
8993445,7126,508897633,54356403,2047,-6055,-34,6221,293081100,2115,293081140,2115,-165,-65,1,15,2552,-26,88,2549
9003480,7127,508897642,54356361,2046,-6055,-34,6221,293081100,2115,293081150,2115,-165,-66,9,-20,2538,-18,52,2536
9014088,7127,508897651,54356318,2047,-6055,-35,6221,293081100,2115,293081160,2115,-163,-66,50,-90,2576,22,-17,2576
9023573,7128,508897660,54356273,2046,-6055,-35,6221,293081150,2115,293081170,2115,-162,-66,40,3,2592,12,76,2589
9033491,7129,508897669,54356231,2045,-6055,-37,6221,293081150,2115,293081180,2115,-162,-66,36,112,2641,7,186,2635
9043469,7129,508897679,54356188,2045,-6056,-37,6221,293081150,2115,293081190,2115,-161,-66,30,-61,2621,2,12,2620
9053440,7130,508897688,54356146,2045,-6055,-39,6221,293081150,2115,293081200,2115,-160,-66,0,-96,2689,-29,-22,2689
9063744,7131,508897697,54356103,2044,-6055,-40,6221,293081150,2115,293081210,2115,-160,-66,-6,-23,2650,-35,50,2648
9073592,7131,508897706,54356058,2043,-6055,-41,6221,293081200,2115,293081220,2115,-159,-66,-16,92,2587,-44,163,2581
9083522,7132,508897715,54356016,2042,-6056,-41,6221,293081200,2115,293081230,2115,-158,-65,26,53,2524,-1,122,2520
9094133,7133,508897724,54355973,2042,-6056,-41,6221,293081200,2115,293081240,2115,-158,-65,42,-51,2528,16,18,2527
9103439,7133,508897734,54355931,2042,-6056,-41,6221,293081200,2115,293081250,2115,-158,-64,20,-23,2524,-6,46,2522
9113751,7134,508897743,54355888,2041,-6056,-42,6221,293081200,2115,293081260,2115,-158,-63,42,75,2568,15,146,2563
9123588,7135,508897752,54355843,2040,-6056,-42,6221,293081250,2115,293081270,2115,-159,-63,24,6,2579,-2,77,2576
9133542,7136,508897761,54355800,2039,-6057,-43,6221,293081250,2115,293081280,2115,-159,-62,13,21,2566,-13,91,2563
9143455,7136,508897770,54355758,2039,-6057,-43,6221,293081250,2115,293081290,2115,-159,-61,19,16,2510,-6,85,2507
9153425,7137,508897780,54355715,2038,-6057,-43,6221,293081250,2115,293081300,2115,-159,-60,32,29,2458,9,97,2454
9163742,7138,508897789,54355673,2037,-6057,-42,6221,293081250,2115,293081310,2115,-159,-59,4,96,2468,-20,163,2463
9174215,7138,508897798,54355628,2036,-6057,-42,6221,293081300,2115,293081320,2115,-159,-58,18,15,2500,-6,84,2497
9183543,7139,508897807,54355585,2035,-6058,-42,6221,293081300,2115,293081330,2115,-159,-57,18,28,2446,-4,96,2442
9193541,7139,508897816,54355543,2035,-6058,-42,6221,293081300,2115,293081340,2115,-160,-56,28,-48,2490,6,21,2488
9203450,7140,508897825,54355500,2033,-6058,-41,6221,293081300,2115,293081350,2115,-160,-55,26,137,2465,4,206,2458
9213733,7141,508897834,54355458,2033,-6058,-41,6221,293081300,2115,293081360,2115,-160,-54,33,-29,2433,13,39,2431
9223609,7141,508897844,54355413,2033,-6059,-40,6221,293081350,2115,293081370,2115,-160,-53,20,26,2409,0,93,2406
9233504,7142,508897853,54355370,2032,-6059,-39,6221,293081350,2115,293081380,2115,-161,-52,11,36,2419,-9,104,2415
9243440,7142,508897862,54355328,2031,-6059,-39,6221,293081350,2115,293081390,2115,-161,-50,12,66,2447,-8,134,2442
9254272,7143,508897871,54355285,2031,-6059,-38,6221,293081350,2115,293081400,2115,-161,-49,33,-28,2400,15,39,2399
9263719,7143,508897880,54355243,2030,-6060,-37,6221,293081350,2115,293081410,2115,-161,-48,13,30,2412,-6,97,2408
9274268,7144,508897889,54355197,2029,-6060,-36,6221,293081400,2115,293081420,2115,-160,-47,34,3,2372,17,69,2369
9283524,7145,508897898,54355155,2028,-6060,-36,6221,293081400,2115,293081430,2115,-160,-47,22,8,2414,5,75,2411
9293443,7145,508897907,54355112,2028,-6061,-35,6221,293081400,2115,293081440,2115,-159,-46,30,43,2364,13,108,2360
9303825,7146,508897917,54355070,2027,-6061,-34,6221,293081400,2115,293081450,2115,-159,-45,26,36,2376,9,101,2372
9313674,7146,508897926,54355027,2026,-6061,-32,6221,293081400,2115,293081460,2115,-159,-45,-7,15,2365,-24,79,2362
9323602,7147,508897935,54354982,2026,-6061,-32,6221,293081450,2115,293081470,2115,-158,-44,23,28,2445,6,94,2441
9334592,7148,508897944,54354939,2025,-6062,-31,6221,293081450,2115,293081480,2115,-157,-44,36,-9,2427,20,57,2425
9343436,7148,508897953,54354897,2025,-6062,-31,6221,293081450,2115,293081490,2115,-156,-44,18,-18,2417,2,47,2415
9353435,7149,508897962,54354854,2024,-6062,-30,6221,293081450,2115,293081500,2115,-155,-44,43,58,2379,26,122,2375
9364232,7149,508897971,54354812,2023,-6063,-29,6221,293081450,2115,293081510,2115,-155,-44,44,61,2368,27,125,2364
9373601,7150,508897980,54354767,2023,-6063,-28,6221,293081500,2115,293081520,2115,-154,-44,3,-17,2427,-13,48,2424
9383498,7151,508897989,54354724,2023,-6063,-28,6221,293081500,2115,293081530,2115,-153,-44,17,-69,2447,0,-3,2446
9393429,7151,508897998,54354681,2021,-6063,-27,6221,293081500,2115,293081540,2115,-153,-45,16,136,2433,-2,200,2427
9403462,7152,508898008,54354639,2022,-6063,-27,6221,293081500,2115,293081550,2115,-152,-45,28,-123,2479,11,-58,2480
9413906,7153,508898017,54354596,2021,-6064,-27,6221,293081500,2115,293081560,2115,-151,-46,21,47,2489,3,112,2486
9423573,7153,508898026,54354551,2021,-6064,-26,6221,293081550,2115,293081570,2115,-150,-47,21,-3,2444,3,60,2442
9433504,7154,508898035,54354509,2020,-6064,-26,6221,293081550,2115,293081580,2115,-150,-48,16,59,2460,-3,122,2456
9443445,7155,508898044,54354466,2019,-6064,-26,6221,293081550,2115,293081590,2115,-149,-48,-1,29,2519,-20,94,2516
9453841,7156,508898053,54354424,2018,-6064,-26,6221,293081550,2115,293081600,2115,-149,-49,24,6,2535,4,71,2532
9463746,7156,508898062,54354381,2018,-6064,-26,6221,293081550,2115,293081610,2115,-148,-50,35,-17,2473,15,46,2471
9473585,7157,508898071,54354336,2018,-6065,-27,6221,293081600,2115,293081620,2115,-148,-51,8,7,2588,-13,73,2585
9483530,7158,508898080,54354293,2017,-6065,-27,6221,293081600,2115,293081630,2115,-147,-53,26,36,2567,4,102,2564
9493821,7158,508898089,54354251,2016,-6065,-28,6221,293081600,2115,293081640,2115,-147,-54,7,34,2597,-16,101,2594
9503449,7159,508898098,54354208,2015,-6065,-29,6221,293081600,2115,293081650,2115,-147,-56,39,48,2593,15,114,2589
9513694,7160,508898107,54354165,2015,-6066,-29,6221,293081600,2115,293081660,2115,-147,-57,18,-16,2576,-6,50,2574
9523599,7161,508898116,54354120,2014,-6066,-29,6221,293081650,2115,293081670,2115,-148,-59,14,79,2472,-10,142,2468
9533531,7161,508898125,54354078,2013,-6066,-29,6221,293081650,2115,293081680,2115,-148,-60,-33,33,2508,-57,97,2504
9543427,7162,508898134,54354035,2013,-6065,-31,6221,293081650,2115,293081690,2115,-148,-61,-32,-19,2718,-59,51,2715
9553446,7163,508898144,54353993,2012,-6065,-32,6221,293081650,2115,293081700,2115,-149,-63,35,-40,2659,8,29,2657
9563776,7163,508898153,54353950,2011,-6066,-35,6221,293081650,2115,293081710,2115,-149,-65,20,116,2898,-12,191,2892
9573961,7164,508898162,54353905,2010,-6067,-38,6221,293081700,2115,293081720,2115,-150,-67,166,78,2845,135,152,2842
9583529,7165,508898171,54353862,2010,-6068,-38,6221,293081700,2115,293081730,2115,-152,-69,88,-59,2589,59,10,2589
9593485,7165,508898180,54353820,2009,-6067,-37,6221,293081700,2115,293081740,2115,-155,-70,-91,35,2351,-118,97,2347
9603455,7166,508898189,54353777,2006,-6066,-36,6221,293081700,2115,293081750,2115,-156,-70,-239,262,2434,-267,326,2421
9613743,7166,508898198,54353734,2006,-6065,-36,6221,293081700,2115,293081760,2115,-157,-69,-90,-134,2458,-117,-68,2458
9623584,7167,508898207,54353689,2005,-6066,-38,6221,293081750,2115,293081770,2115,-156,-68,118,89,2703,88,163,2699
9633513,7167,508898216,54353647,2006,-6067,-41,6221,293081750,2115,293081780,2115,-157,-67,180,-105,2870,149,-26,2872
9643441,7168,508898225,54353604,2006,-6069,-45,6221,293081750,2115,293081790,2115,-159,-67,263,0,3010,229,84,3010
9654123,7168,508898234,54353561,2001,-6068,-47,6221,293081750,2115,293081800,2115,-161,-65,-295,423,2812,-327,500,2794
9664450,7168,508898243,54353519,2002,-6067,-48,6221,293081750,2115,293081810,2115,-162,-63,7,-202,2667,-20,-126,2670
9673594,7169,508898252,54353474,2005,-6065,-47,6221,293081800,2115,293081820,2115,-164,-61,-108,-470,2351,-129,-404,2360
9683536,7169,508898261,54353431,1999,-6065,-42,6221,293081800,2115,293081830,2115,-165,-59,-197,643,1910,-218,696,1887
9694188,7170,508898270,54353389,1998,-6065,-39,6221,293081800,2115,293081840,2115,-165,-56,4,-15,2045,-14,44,2043
9703443,7170,508898279,54353346,2001,-6066,-39,6221,293081800,2115,293081850,2115,-165,-53,195,-405,2574,175,-330,2584
9714382,7170,508898288,54353303,2000,-6068,-39,6221,293081800,2115,293081860,2115,-167,-51,252,231,2528,230,306,2521
9723583,7171,508898297,54353258,1999,-6069,-39,6221,293081850,2115,293081870,2115,-168,-50,146,90,2486,126,163,2481
9734152,7172,508898306,54353216,2000,-6069,-38,6221,293081850,2115,293081880,2115,-169,-48,70,-252,2372,53,-182,2378
9743449,7172,508898315,54353173,1998,-6069,-37,6221,293081850,2115,293081890,2115,-169,-46,-130,141,2273,-147,207,2265
9753452,7173,508898324,54353130,1995,-6068,-34,6221,293081850,2115,293081900,2115,-169,-44,-139,273,2202,-155,336,2190
9763709,7173,508898333,54353088,1996,-6068,-33,6221,293081850,2115,293081910,2115,-168,-42,-38,-112,2299,-52,-45,2299
9773597,7174,508898342,54353043,1996,-6068,-31,6221,293081900,2115,293081920,2115,-169,-39,36,-62,2349,22,6,2348
9783504,7174,508898351,54353000,1995,-6069,-30,6221,293081900,2115,293081930,2115,-169,-37,103,88,2375,89,158,2370
9793451,7175,508898360,54352957,1994,-6070,-30,6221,293081900,2115,293081940,2115,-170,-36,130,-12,2468,116,61,2466
9803447,7175,508898369,54352915,1994,-6071,-30,6221,293081900,2115,293081950,2115,-170,-35,86,-10,2458,73,63,2456
9813739,7176,508898378,54352872,1993,-6071,-28,6221,293081900,2115,293081960,2115,-169,-34,3,33,2339,-9,102,2335
9823595,7176,508898387,54352827,1993,-6071,-26,6221,293081950,2115,293081970,2115,-168,-33,-63,-10,2177,-74,53,2174
9833522,7177,508898395,54352784,1992,-6070,-23,6221,293081950,2115,293081980,2115,-168,-31,-111,54,2169,-121,117,2164
9843463,7177,508898404,54352742,1991,-6070,-21,6222,293081950,2115,293081990,2115,-168,-31,0,19,2206,-10,83,2203
9854245,7178,508898413,54352699,1991,-6071,-20,6222,293081950,2115,293082000,2115,-168,-30,97,0,2408,86,71,2406
9864637,7179,508898422,54352657,1991,-6072,-20,6222,293081950,2115,293082010,2115,-168,-30,131,-20,2450,120,52,2448
9873604,7179,508898431,54352611,1990,-6073,-19,6222,293082000,2115,293082020,2115,-168,-31,141,100,2432,129,171,2427
9883711,7180,508898440,54352569,1989,-6073,-19,6222,293082000,2115,293082030,2115,-167,-31,-14,-28,2416,-25,42,2413
9894325,7180,508898449,54352526,1989,-6072,-18,6222,293082000,2115,293082040,2115,-166,-32,-116,-77,2380,-127,-9,2379
9903423,7181,508898458,54352483,1988,-6072,-16,6222,293082000,2115,293082050,2115,-165,-32,-94,77,2358,-106,144,2353
9913913,7181,508898467,54352441,1987,-6072,-16,6222,293082000,2115,293082060,2115,-165,-33,20,6,2436,8,75,2433
9923920,7182,508898476,54352395,1987,-6073,-16,6222,293082050,2115,293082070,2115,-164,-34,128,-27,2515,115,45,2514
9934932,7183,508898485,54352353,1987,-6074,-16,6222,293082050,2115,293082080,2115,-163,-36,132,10,2514,118,82,2512
9944364,7183,508898494,54352310,1986,-6074,-16,6222,293082050,2115,293082090,2115,-163,-37,23,-33,2498,9,38,2497
9953490,7184,508898503,54352268,1986,-6074,-16,6222,293082050,2115,293082100,2115,-162,-39,-51,-16,2484,-66,54,2482
9964349,7185,508898512,54352225,1985,-6074,-16,6222,293082050,2115,293082110,2115,-161,-40,-69,64,2475,-84,132,2470
9974143,7185,508898521,54352180,1985,-6074,-15,6222,293082100,2115,293082120,2115,-161,-42,6,-62,2485,-10,7,2484
9983507,7186,508898530,54352137,1984,-6074,-16,6222,293082100,2115,293082130,2115,-160,-43,29,0,2597,11,73,2595
9993433,7187,508898538,54352094,1983,-6075,-17,6222,293082100,2115,293082140,2115,-159,-45,76,61,2580,57,133,2575
10003457,7187,508898547,54352052,1983,-6075,-18,6222,293082100,2115,293082150,2115,-158,-46,37,-54,2626,18,18,2625
10013703,7188,508898556,54352009,1983,-6075,-19,6222,293082100,2115,293082160,2115,-158,-48,-23,-17,2663,-44,55,2660
10023589,7189,508898565,54351964,1982,-6075,-20,6222,293082150,2115,293082170,2115,-157,-50,-24,36,2589,-45,106,2585
10033515,7189,508898574,54351921,1981,-6074,-20,6222,293082150,2115,293082180,2115,-156,-51,-22,-8,2566,-43,61,2563
10043445,7190,508898583,54351879,1980,-6075,-21,6222,293082150,2115,293082190,2115,-155,-52,-2,70,2604,-24,140,2599
10053448,7191,508898592,54351836,1980,-6075,-22,6222,293082150,2115,293082200,2115,-154,-54,27,-55,2596,5,15,2595
10063704,7191,508898601,54351793,1980,-6075,-23,6222,293082150,2115,293082210,2115,-153,-55,71,-48,2666,47,22,2665
10073630,7192,508898610,54351748,1979,-6075,-24,6222,293082200,2115,293082220,2115,-151,-57,18,8,2660,-7,78,2657
10083661,7192,508898619,54351705,1979,-6076,-25,6222,293082200,2115,293082230,2115,-150,-58,42,9,2676,17,79,2674
10093526,7193,508898628,54351663,1977,-6076,-26,6222,293082200,2115,293082240,2115,-149,-59,-48,109,2606,-74,176,2599
10103450,7194,508898637,54351620,1977,-6075,-28,6222,293082200,2115,293082250,2115,-147,-60,-20,-68,2660,-46,0,2659
10113693,7194,508898645,54351578,1977,-6075,-29,6222,293082200,2115,293082260,2115,-146,-61,12,-56,2690,-15,12,2689
10124091,7195,508898654,54351532,1977,-6075,-31,6222,293082250,2115,293082270,2115,-145,-62,35,-13,2714,8,55,2712
10134396,7196,508898663,54351490,1975,-6076,-33,6222,293082250,2115,293082280,2115,-143,-62,52,115,2708,24,183,2703
10143449,7196,508898672,54351447,1975,-6076,-34,6222,293082250,2115,293082290,2115,-142,-63,22,-28,2638,-5,37,2636
10153433,7197,508898681,54351404,1975,-6076,-35,6222,293082250,2115,293082300,2115,-140,-63,-12,-40,2623,-39,24,2621
10164292,7198,508898690,54351362,1974,-6076,-35,6222,293082250,2115,293082310,2115,-139,-63,-38,16,2610,-65,78,2606
10173583,7199,508898699,54351316,1973,-6076,-36,6222,293082300,2115,293082320,2115,-138,-63,-1,71,2612,-29,133,2607
10183515,7199,508898708,54351274,1973,-6076,-37,6222,293082300,2115,293082330,2115,-137,-63,54,-34,2627,27,28,2626
10193461,7200,508898716,54351231,1972,-6076,-39,6222,293082300,2115,293082340,2115,-135,-63,29,0,2671,2,63,2669
10203453,7201,508898725,54351188,1972,-6076,-39,6222,293082300,2115,293082350,2115,-134,-62,30,9,2621,3,70,2618
10214967,7202,508898734,54351146,1971,-6076,-40,6222,293082300,2115,293082360,2115,-133,-61,6,48,2619,-20,108,2615
10223590,7202,508898743,54351100,1970,-6076,-41,6222,293082350,2115,293082370,2115,-133,-60,-31,96,2565,-56,154,2560
10233501,7203,508898752,54351058,1969,-6076,-41,6222,293082350,2115,293082380,2115,-132,-59,0,-16,2601,-25,44,2599
10243443,7204,508898761,54351015,1969,-6076,-41,6222,293082350,2115,293082390,2115,-132,-58,0,-36,2499,-23,21,2497
10253482,7204,508898770,54350973,1968,-6076,-41,6222,293082350,2115,293082400,2115,-131,-56,16,72,2480,-7,129,2476
10263679,7205,508898778,54350930,1967,-6077,-41,6222,293082350,2115,293082410,2115,-131,-54,40,52,2433,19,108,2430
10274275,7206,508898787,54350885,1967,-6077,-40,6222,293082400,2115,293082420,2115,-131,-53,45,32,2426,25,88,2423
10283850,7206,508898796,54350842,1966,-6077,-39,6222,293082400,2115,293082430,2115,-131,-51,24,88,2440,3,144,2436
10293462,7207,508898805,54350799,1965,-6077,-39,6222,293082400,2115,293082440,2115,-132,-50,14,50,2454,-5,106,2450
10304467,7208,508898814,54350757,1965,-6078,-39,6222,293082400,2115,293082450,2115,-132,-49,16,32,2521,-3,89,2517
10313713,7208,508898823,54350714,1964,-6078,-38,6222,293082400,2115,293082460,2115,-133,-48,32,-29,2421,14,27,2420
10323600,7209,508898832,54350669,1963,-6078,-37,6222,293082450,2115,293082470,2115,-134,-46,27,131,2343,9,185,2338
10333932,7209,508898840,54350626,1963,-6079,-36,6222,293082450,2115,293082480,2115,-135,-45,29,-18,2371,12,38,2369
10343440,7210,508898849,54350583,1962,-6079,-35,6222,293082450,2115,293082490,2115,-136,-44,22,96,2409,5,153,2404
10353443,7210,508898858,54350541,1961,-6079,-35,6222,293082450,2115,293082500,2115,-138,-43,20,44,2407,4,102,2404
10364894,7211,508898867,54350498,1960,-6079,-34,6222,293082450,2115,293082510,2115,-140,-42,15,56,2470,-2,115,2466
10373635,7211,508898876,54350453,1959,-6080,-33,6222,293082500,2115,293082520,2115,-141,-42,18,32,2350,3,89,2347
10383942,7212,508898885,54350410,1958,-6080,-33,6222,293082500,2115,293082530,2115,-143,-42,28,97,2436,12,157,2432
10394241,7212,508898893,54350368,1958,-6080,-32,6222,293082500,2115,293082540,2115,-144,-41,38,10,2377,23,70,2374
10403478,7213,508898902,54350325,1957,-6081,-31,6222,293082500,2115,293082550,2115,-146,-41,19,69,2421,3,131,2417
10413714,7213,508898911,54350282,1956,-6081,-30,6222,293082500,2115,293082560,2115,-148,-41,8,101,2348,-7,161,2343
10424329,7214,508898920,54350237,1955,-6081,-29,6222,293082550,2115,293082570,2115,-149,-42,10,51,2441,-6,114,2437
10433529,7214,508898929,54350194,1954,-6082,-29,6222,293082550,2115,293082580,2115,-151,-42,7,62,2433,-9,125,2429
10443455,7214,508898937,54350151,1953,-6082,-29,6222,293082550,2115,293082590,2115,-152,-43,51,-12,2538,34,55,2536
10453666,7215,508898946,54350109,1953,-6083,-29,6222,293082550,2115,293082600,2115,-153,-43,42,56,2489,25,122,2485
10464866,7215,508898955,54350066,1952,-6083,-28,6222,293082550,2115,293082610,2115,-155,-44,17,31,2429,0,96,2426
10473606,7215,508898964,54350021,1951,-6083,-27,6222,293082600,2115,293082620,2115,-156,-45,-17,12,2419,-34,77,2415
10483702,7216,508898972,54349978,1950,-6083,-27,6222,293082600,2115,293082630,2115,-158,-45,3,124,2501,-16,192,2494
10493454,7216,508898981,54349935,1949,-6083,-27,6222,293082600,2115,293082640,2115,-159,-46,3,-39,2477,-15,29,2476
10503450,7216,508898990,54349893,1949,-6084,-27,6222,293082600,2115,293082650,2115,-160,-47,30,8,2531,11,78,2528
10514489,7217,508898999,54349850,1948,-6084,-28,6222,293082600,2115,293082660,2115,-161,-48,34,15,2518,15,85,2515
10523606,7217,508899008,54349805,1948,-6084,-27,6222,293082650,2115,293082670,2115,-161,-49,25,-22,2470,7,47,2468
10534350,7217,508899016,54349762,1947,-6084,-27,6222,293082650,2115,293082680,2115,-162,-49,-1,30,2515,-21,100,2511
10544107,7218,508899025,54349719,1946,-6084,-27,6222,293082650,2115,293082690,2115,-163,-50,-2,7,2509,-22,78,2505
10553455,7218,508899034,54349677,1946,-6084,-28,6222,293082650,2115,293082700,2115,-164,-51,19,-26,2577,-2,47,2575
10564911,7219,508899043,54349634,1945,-6084,-28,6222,293082650,2115,293082710,2115,-164,-52,7,-7,2544,-14,65,2541
10573640,7219,508899051,54349588,1945,-6084,-29,6222,293082700,2115,293082720,2115,-164,-52,26,6,2569,5,79,2566
10584174,7220,508899060,54349546,1944,-6084,-29,6222,293082700,2115,293082730,2115,-165,-53,11,-15,2485,-10,56,2482
10593451,7220,508899069,54349503,1944,-6085,-29,6222,293082700,2115,293082740,2115,-165,-54,14,-22,2532,-8,50,2529
10603453,7221,508899078,54349460,1944,-6085,-29,6222,293082700,2115,293082750,2115,-165,-54,27,-62,2514,6,10,2513
10614436,7221,508899086,54349418,1943,-6085,-29,6222,293082700,2115,293082760,2115,-165,-55,-6,7,2555,-29,80,2551
10623587,7222,508899095,54349372,1943,-6085,-30,6222,293082750,2115,293082770,2115,-165,-55,7,33,2586,-16,107,2582
10633512,7222,508899104,54349330,1942,-6085,-31,6222,293082750,2115,293082780,2115,-165,-55,23,-23,2601,0,51,2599
10643458,7223,508899113,54349287,1942,-6085,-31,6222,293082750,2115,293082790,2115,-165,-56,46,-88,2578,23,-14,2578
10653446,7223,508899121,54349244,1942,-6085,-32,6222,293082750,2115,293082800,2115,-165,-56,17,-49,2524,-5,23,2523
10664231,7224,508899130,54349202,1941,-6085,-32,6222,293082750,2115,293082810,2115,-165,-56,-2,72,2501,-25,143,2496
10673583,7224,508899139,54349156,1940,-6085,-32,6222,293082800,2115,293082820,2115,-164,-57,5,-20,2495,-17,51,2493
10683534,7225,508899147,54349113,1940,-6085,-32,6222,293082800,2115,293082830,2115,-164,-57,-16,-66,2610,-39,8,2609
10693515,7225,508899156,54349071,1940,-6085,-33,6222,293082800,2115,293082840,2115,-164,-57,51,-8,2556,28,64,2553
10703437,7226,508899165,54349028,1940,-6085,-34,6222,293082800,2115,293082850,2115,-163,-57,37,-24,2601,13,49,2599
10713691,7226,508899174,54348985,1939,-6086,-34,6222,293082800,2115,293082860,2115,-162,-57,35,-4,2534,12,68,2532
10723603,7227,508899182,54348940,1938,-6086,-34,6222,293082850,2115,293082870,2115,-162,-57,-11,9,2580,-35,81,2577
10733558,7227,508899191,54348897,1938,-6086,-34,6222,293082850,2115,293082880,2115,-161,-57,-2,-38,2505,-25,32,2503
10743450,7228,508899200,54348855,1937,-6085,-35,6222,293082850,2115,293082890,2115,-160,-57,-16,-27,2597,-40,45,2595
10754172,7228,508899208,54348812,1937,-6085,-36,6222,293082850,2115,293082900,2115,-160,-57,7,-3,2562,-16,68,2560
10763712,7229,508899217,54348769,1936,-6086,-36,6222,293082850,2115,293082910,2115,-159,-57,43,35,2557,19,106,2553
10773602,7229,508899226,54348724,1937,-6086,-36,6222,293082900,2115,293082920,2115,-158,-57,45,-88,2551,21,-18,2551
10784329,7230,508899235,54348681,1936,-6086,-37,6222,293082900,2115,293082930,2115,-157,-58,43,22,2563,19,92,2560
10793447,7230,508899243,54348638,1935,-6086,-37,6222,293082900,2115,293082940,2115,-156,-58,0,51,2550,-24,120,2545
10803453,7231,508899252,54348596,1935,-6086,-38,6222,293082900,2115,293082950,2115,-155,-58,24,-57,2566,0,13,2565
10814587,7232,508899261,54348553,1935,-6086,-37,6222,293082900,2115,293082960,2115,-154,-58,-7,-111,2464,-29,-45,2464
10823586,7232,508899269,54348508,1934,-6086,-38,6222,293082950,2115,293082970,2115,-154,-58,-33,87,2561,-58,155,2555
10833530,7233,508899278,54348465,1933,-6087,-38,6222,293082950,2115,293082980,2115,-153,-58,42,74,2553,18,141,2549
10844439,7233,508899287,54348422,1933,-6087,-38,6222,293082950,2115,293082990,2115,-151,-58,65,-140,2533,42,-73,2534
10853456,7234,508899295,54348379,1933,-6087,-39,6222,293082950,2115,293083000,2115,-150,-57,41,-12,2558,17,55,2555
10863702,7234,508899304,54348337,1932,-6087,-39,6223,293082950,2115,293083010,2115,-150,-57,12,17,2519,-11,82,2516
10873599,7235,508899313,54348291,1931,-6087,-40,6223,293083000,2115,293083020,2115,-149,-57,-39,68,2581,-63,134,2576
10883594,7235,508899322,54348249,1931,-6087,-40,6223,293083000,2115,293083030,2115,-148,-57,-10,-97,2503,-33,-33,2502
10893485,7236,508899330,54348206,1931,-6087,-40,6223,293083000,2115,293083040,2115,-147,-56,10,4,2509,-12,68,2506
10903449,7236,508899339,54348163,1930,-6087,-39,6223,293083000,2115,293083050,2115,-146,-55,36,35,2447,14,97,2444
10913870,7237,508899348,54348121,1930,-6087,-39,6223,293083000,2115,293083060,2115,-145,-55,-12,-21,2443,-33,40,2441
10923619,7237,508899356,54348075,1930,-6087,-39,6223,293083050,2115,293083070,2115,-143,-54,53,-66,2504,32,-4,2504
10933538,7238,508899365,54348032,1929,-6087,-39,6223,293083050,2115,293083080,2115,-142,-53,18,11,2514,-3,73,2511
10943448,7239,508899374,54347990,1928,-6087,-39,6223,293083050,2115,293083090,2115,-141,-53,2,100,2470,-19,160,2465
10953448,7239,508899382,54347947,1928,-6088,-38,6223,293083050,2115,293083100,2115,-140,-52,38,-8,2455,18,52,2453
10963752,7240,508899391,54347904,1928,-6087,-38,6223,293083050,2115,293083110,2115,-140,-51,-19,-114,2433,-38,-55,2433
10973595,7240,508899400,54347859,1927,-6087,-36,6223,293083100,2115,293083120,2115,-139,-50,21,46,2345,3,103,2341
10983635,7241,508899408,54347816,1926,-6088,-35,6223,293083100,2115,293083130,2115,-138,-49,8,140,2346,-11,195,2340
10993440,7241,508899417,54347774,1926,-6088,-34,6223,293083100,2115,293083140,2115,-136,-48,77,-31,2389,59,26,2388
11003450,7242,508899426,54347731,1926,-6088,-34,6223,293083100,2115,293083150,2115,-135,-47,1,-59,2418,-17,-2,2417
11013738,7243,508899434,54347688,1925,-6088,-33,6223,293083100,2115,293083160,2115,-135,-47,11,6,2488,-8,64,2486
11023631,7243,508899443,54347643,1924,-6089,-32,6223,293083150,2115,293083170,2115,-134,-46,7,109,2368,-10,164,2363
11033528,7244,508899452,54347600,1924,-6089,-31,6223,293083150,2115,293083180,2115,-133,-45,4,-23,2387,-13,32,2386
11043456,7244,508899460,54347557,1924,-6089,-31,6223,293083150,2115,293083190,2115,-132,-44,48,-64,2393,32,-9,2393
11053652,7245,508899469,54347515,1923,-6089,-30,6223,293083150,2115,293083200,2115,-132,-43,27,66,2371,11,120,2367
11063700,7245,508899478,54347472,1922,-6090,-29,6223,293083150,2115,293083210,2115,-132,-42,7,138,2378,-9,192,2373
11073601,7246,508899486,54347426,1922,-6090,-28,6223,293083200,2115,293083220,2115,-131,-42,24,-124,2431,9,-69,2431
11083853,7246,508899495,54347384,1921,-6090,-27,6223,293083200,2115,293083230,2115,-131,-41,22,54,2422,7,109,2419
11093454,7247,508899503,54347341,1920,-6090,-26,6223,293083200,2115,293083240,2115,-131,-41,37,36,2333,22,88,2330
11103485,7247,508899512,54347298,1920,-6091,-25,6223,293083200,2115,293083250,2115,-130,-41,35,39,2329,20,91,2326
11113930,7248,508899521,54347255,1919,-6091,-23,6223,293083200,2115,293083260,2115,-130,-41,40,1,2288,25,53,2286
11123608,7248,508899529,54347210,1919,-6091,-22,6223,293083250,2115,293083270,2115,-130,-40,13,-34,2391,-2,20,2389
11133512,7249,508899538,54347167,1918,-6091,-21,6223,293083250,2115,293083280,2115,-131,-40,-29,99,2412,-44,153,2407
11143457,7249,508899547,54347125,1917,-6091,-21,6223,293083250,2115,293083290,2115,-131,-40,18,64,2471,2,120,2467
11153447,7250,508899555,54347082,1917,-6092,-21,6223,293083250,2115,293083300,2115,-132,-40,49,-7,2466,34,49,2464
11164841,7250,508899564,54347039,1917,-6092,-21,6223,293083250,2115,293083310,2115,-132,-40,42,5,2463,27,61,2460
11173591,7251,508899572,54346994,1916,-6092,-20,6223,293083300,2115,293083320,2115,-132,-40,23,22,2432,8,78,2429
11183902,7251,508899581,54346951,1915,-6092,-19,6223,293083300,2115,293083330,2115,-133,-40,4,35,2393,-11,90,2390
11193484,7252,508899590,54346908,1914,-6092,-19,6223,293083300,2115,293083340,2115,-134,-40,-31,60,2429,-46,116,2424
11203450,7252,508899598,54346865,1914,-6092,-18,6223,293083300,2115,293083350,2115,-135,-41,8,-22,2436,-7,35,2434
11213765,7253,508899607,54346823,1913,-6092,-18,6223,293083300,2115,293083360,2115,-135,-41,3,50,2461,-13,108,2457
11223589,7253,508899615,54346777,1912,-6093,-18,6223,293083350,2115,293083370,2115,-136,-42,68,92,2518,51,151,2514
11233537,7254,508899624,54346734,1912,-6094,-18,6223,293083350,2115,293083380,2115,-137,-42,79,14,2501,62,74,2499
11243459,7254,508899633,54346692,1912,-6094,-18,6223,293083350,2115,293083390,2115,-137,-43,27,-53,2495,10,6,2494
11253463,7255,508899641,54346649,1911,-6095,-18,6223,293083350,2115,293083400,2115,-138,-44,26,103,2504,9,163,2499
11263689,7255,508899650,54346606,1910,-6094,-16,6223,293083350,2115,293083410,2115,-139,-45,-45,21,2337,-61,77,2334
11273607,7256,508899658,54346561,1909,-6094,-17,6223,293083400,2115,293083420,2115,-140,-46,-19,8,2582,-37,71,2579
11284034,7256,508899667,54346518,1909,-6094,-18,6223,293083400,2115,293083430,2115,-142,-47,28,-7,2631,8,58,2629
11293469,7257,508899676,54346475,1908,-6095,-18,6223,293083400,2115,293083440,2115,-143,-48,110,59,2549,90,123,2546
11303478,7257,508899684,54346432,1907,-6096,-20,6223,293083400,2115,293083450,2115,-144,-50,69,10,2658,47,77,2656
11313708,7258,508899693,54346390,1906,-6096,-20,6223,293083400,2115,293083460,2115,-144,-51,-11,64,2617,-32,130,2612
11323596,7258,508899701,54346344,1905,-6096,-21,6223,293083450,2115,293083470,2115,-145,-53,-22,30,2634,-45,96,2630
11333831,7259,508899710,54346301,1905,-6096,-22,6223,293083450,2115,293083480,2115,-145,-54,-25,-5,2570,-47,60,2567
11343462,7260,508899718,54346259,1904,-6095,-21,6223,293083450,2115,293083490,2115,-146,-54,-32,42,2387,-53,102,2383
11353482,7260,508899727,54346216,1903,-6096,-21,6223,293083450,2115,293083500,2115,-147,-55,4,13,2538,-18,77,2535
11363742,7261,508899735,54346173,1902,-6096,-23,6223,293083450,2115,293083510,2115,-148,-55,-17,77,2695,-41,146,2690
11373596,7262,508899744,54346128,1903,-6096,-25,6223,293083500,2115,293083520,2115,-148,-55,95,-93,2844,70,-19,2845
11384121,7262,508899753,54346085,1902,-6097,-29,6223,293083500,2115,293083530,2115,-149,-56,71,64,2915,45,140,2911
11393443,7263,508899761,54346042,1901,-6097,-30,6223,293083500,2115,293083540,2115,-150,-56,26,-30,2727,2,41,2725
11403441,7264,508899770,54345999,1901,-6097,-32,6223,293083500,2115,293083550,2115,-152,-56,12,-29,2658,-12,41,2656
11413745,7264,508899778,54345956,1899,-6096,-32,6223,293083500,2115,293083560,2115,-153,-57,-97,117,2573,-121,184,2566
11423580,7265,508899787,54345911,1898,-6096,-31,6223,293083550,2115,293083570,2115,-154,-57,-75,119,2366,-97,181,2360
11433514,7266,508899795,54345868,1898,-6096,-30,6223,293083550,2115,293083580,2115,-154,-57,15,-109,2405,-7,-45,2405
11443470,7266,508899804,54345825,1897,-6097,-30,6223,293083550,2115,293083590,2115,-154,-57,124,128,2515,100,196,2510
11453464,7266,508899812,54345783,1897,-6098,-32,6223,293083550,2115,293083600,2115,-154,-57,165,-10,2661,140,62,2660
11464096,7267,508899821,54345740,1898,-6099,-34,6223,293083550,2115,293083610,2115,-155,-58,155,-153,2814,129,-77,2816
11473589,7268,508899829,54345694,1896,-6099,-36,6223,293083600,2115,293083620,2115,-155,-58,-41,175,2748,-68,249,2739
11484436,7268,508899838,54345652,1895,-6099,-38,6223,293083600,2115,293083630,2115,-156,-58,-55,-4,2740,-81,70,2737
11493475,7269,508899846,54345609,1895,-6097,-38,6223,293083600,2115,293083640,2115,-156,-58,-130,-147,2535,-153,-79,2535
11503805,7269,508899855,54345566,1893,-6097,-38,6223,293083600,2115,293083650,2115,-156,-58,-91,137,2537,-115,205,2529
11513722,7269,508899863,54345523,1892,-6098,-39,6223,293083600,2115,293083660,2115,-156,-57,71,141,2617,47,212,2610
11523607,7269,508899872,54345478,1893,-6098,-41,6223,293083650,2115,293083670,2115,-156,-57,123,-218,2705,99,-145,2709
11533544,7270,508899880,54345435,1894,-6098,-43,6223,293083650,2115,293083680,2115,-156,-57,108,-219,2737,83,-144,2741
11543452,7270,508899889,54345392,1892,-6099,-43,6223,293083650,2115,293083690,2115,-157,-57,12,203,2576,-12,273,2568
11553458,7270,508899897,54345349,1891,-6099,-43,6223,293083650,2115,293083700,2115,-157,-57,-17,106,2515,-41,175,2509
11564035,7271,508899906,54345307,1892,-6098,-43,6223,293083650,2115,293083710,2115,-157,-56,1,-217,2446,-21,-150,2449
11573604,7271,508899915,54345261,1891,-6099,-43,6223,293083700,2115,293083720,2115,-157,-56,23,21,2500,0,89,2497
11584381,7271,508899923,54345218,1890,-6099,-42,6223,293083700,2115,293083730,2115,-157,-55,17,80,2440,-5,147,2435
11593456,7271,508899932,54345175,1890,-6099,-43,6223,293083700,2115,293083740,2115,-157,-55,33,-27,2642,10,45,2640
11603471,7271,508899940,54345133,1890,-6099,-44,6223,293083700,2115,293083750,2115,-157,-54,3,-56,2586,-19,14,2585
11613735,7271,508899949,54345090,1890,-6100,-45,6223,293083700,2115,293083760,2115,-157,-54,62,-26,2614,40,45,2613
11623591,7271,508899957,54345044,1889,-6100,-45,6223,293083750,2115,293083770,2115,-156,-53,34,-10,2476,13,57,2474
11633967,7272,508899966,54345002,1889,-6100,-45,6223,293083750,2115,293083780,2115,-156,-53,21,-54,2478,0,13,2477
11643450,7272,508899974,54344959,1889,-6100,-44,6223,293083750,2115,293083790,2115,-156,-52,28,-57,2395,9,8,2394
11653443,7272,508899983,54344916,1888,-6100,-44,6223,293083750,2115,293083800,2115,-156,-52,-8,19,2505,-29,87,2502
11663754,7272,508899991,54344873,1888,-6100,-43,6223,293083750,2115,293083810,2115,-155,-51,27,-31,2432,8,35,2431
11673610,7272,508900000,54344828,1888,-6100,-43,6223,293083800,2115,293083820,2115,-155,-50,27,-101,2503,7,-34,2503
11683534,7272,508900008,54344785,1888,-6100,-42,6223,293083800,2115,293083830,2115,-154,-50,61,-13,2394,43,51,2392
11693455,7273,508900017,54344742,1887,-6101,-41,6223,293083800,2115,293083840,2115,-154,-49,31,13,2330,13,75,2327
11703476,7273,508900025,54344699,1887,-6101,-40,6223,293083800,2115,293083850,2115,-153,-48,7,-78,2332,-11,-16,2332
11714857,7273,508900034,54344657,1887,-6100,-39,6223,293083800,2115,293083860,2115,-152,-47,3,-56,2389,-15,7,2388
11723627,7273,508900042,54344611,1887,-6100,-38,6223,293083850,2115,293083870,2115,-152,-46,6,-92,2471,-12,-27,2471
11733538,7274,508900051,54344568,1887,-6101,-38,6223,293083850,2115,293083880,2115,-151,-45,48,27,2474,31,93,2471
11743435,7274,508900059,54344526,1886,-6101,-38,6223,293083850,2115,293083890,2115,-151,-45,43,-16,2444,26,48,2442
11753462,7274,508900068,54344483,1887,-6101,-37,6223,293083850,2115,293083900,2115,-150,-44,76,-107,2343,60,-46,2344
11763702,7274,508900076,54344440,1886,-6101,-35,6223,293083850,2115,293083910,2115,-149,-44,-1,-18,2302,-16,42,2300
11773622,7275,508900085,54344394,1886,-6101,-33,6223,293083900,2115,293083920,2115,-148,-44,-31,-15,2237,-46,42,2234
11783517,7275,508900093,54344352,1886,-6101,-31,6223,293083900,2115,293083930,2115,-148,-43,26,-39,2316,10,20,2315
11793448,7275,508900102,54344309,1886,-6101,-30,6223,293083900,2115,293083940,2115,-147,-43,32,-88,2297,17,-29,2297
11803449,7276,508900110,54344266,1886,-6102,-29,6223,293083900,2115,293083950,2115,-146,-44,58,13,2390,42,73,2387
11813725,7276,508900118,54344223,1885,-6102,-28,6223,293083900,2115,293083960,2115,-145,-44,69,11,2377,53,71,2375
11823603,7276,508900127,54344178,1886,-6103,-27,6223,293083950,2115,293083970,2115,-144,-44,82,-77,2435,65,-15,2435
11833534,7276,508900136,54344135,1886,-6103,-26,6223,293083950,2115,293083980,2115,-143,-45,5,-98,2346,-11,-40,2346
11843490,7277,508900144,54344092,1886,-6103,-26,6223,293083950,2115,293083990,2115,-142,-46,3,33,2525,-16,95,2522
11853455,7277,508900153,54344049,1885,-6103,-26,6223,293083950,2115,293084000,2115,-141,-47,-40,-1,2416,-57,58,2413
11864680,7277,508900161,54344006,1885,-6103,-25,6223,293083950,2115,293084010,2115,-139,-48,0,-46,2483,-18,13,2481
11873606,7277,508900170,54343961,1885,-6103,-25,6223,293084000,2115,293084020,2115,-138,-49,71,-72,2485,52,-13,2484
11883529,7278,508900178,54343918,1885,-6104,-25,6223,293084000,2115,293084030,2115,-136,-50,104,-48,2476,85,11,2476
11893449,7278,508900187,54343875,1885,-6104,-25,6224,293084000,2115,293084040,2115,-135,-52,36,-13,2453,16,44,2451
11903500,7278,508900195,54343832,1885,-6104,-25,6224,293084000,2115,293084050,2115,-133,-53,11,-49,2475,-9,8,2474
11914837,7279,508900203,54343790,1885,-6103,-23,6224,293084000,2115,293084060,2115,-133,-54,-77,-120,2297,-96,-67,2296
11923602,7279,508900212,54343744,1884,-6103,-23,6224,293084050,2115,293084070,2115,-133,-55,-17,31,2534,-40,89,2530
11933996,7279,508900220,54343701,1883,-6103,-24,6224,293084050,2115,293084080,2115,-132,-56,20,71,2560,-4,130,2556
11943439,7280,508900229,54343658,1884,-6104,-25,6224,293084050,2115,293084090,2115,-131,-57,121,-118,2691,97,-56,2692
11953439,7280,508900237,54343616,1884,-6104,-26,6224,293084050,2115,293084100,2115,-131,-58,64,-67,2667,39,-6,2666
11963717,7281,508900246,54343573,1884,-6104,-27,6224,293084050,2115,293084110,2115,-129,-59,-1,-32,2568,-25,25,2567
11973617,7281,508900254,54343527,1882,-6103,-26,6224,293084100,2115,293084120,2115,-128,-59,-85,67,2434,-108,120,2429
11983541,7281,508900263,54343484,1883,-6102,-26,6224,293084100,2115,293084130,2115,-128,-59,-72,-109,2480,-95,-55,2479
11993463,7282,508900271,54343442,1882,-6102,-26,6224,293084100,2115,293084140,2115,-128,-59,-38,51,2444,-61,105,2440
12003486,7282,508900280,54343399,1882,-6102,-26,6224,293084100,2115,293084150,2115,-128,-59,76,-86,2496,52,-31,2496
12013712,7283,508900288,54343356,1882,-6103,-26,6224,293084100,2115,293084160,2115,-129,-59,134,13,2603,109,71,2602
12023599,7283,508900297,54343310,1880,-6104,-28,6224,293084150,2115,293084170,2115,-129,-59,90,168,2655,64,228,2649
12033524,7283,508900305,54343268,1879,-6104,-28,6224,293084150,2115,293084180,2115,-129,-59,-12,49,2603,-37,107,2599
12043484,7284,508900314,54343225,1880,-6104,-29,6224,293084150,2115,293084190,2115,-128,-58,-42,-185,2538,-65,-129,2540
12053459,7284,508900322,54343182,1880,-6103,-29,6224,293084150,2115,293084200,2115,-127,-58,-54,-86,2484,-77,-32,2483
12063770,7285,508900331,54343139,1879,-6103,-27,6224,293084150,2115,293084210,2115,-127,-56,-49,111,2365,-70,163,2360
12073613,7285,508900339,54343094,1878,-6103,-27,6224,293084200,2115,293084220,2115,-128,-55,36,44,2468,14,98,2464
12084037,7286,508900347,54343051,1878,-6103,-27,6224,293084200,2115,293084230,2115,-128,-53,66,-64,2456,45,-9,2456
12093469,7286,508900356,54343008,1879,-6104,-28,6224,293084200,2115,293084240,2115,-130,-52,105,-85,2679,83,-25,2679
12103470,7287,508900364,54342965,1876,-6105,-29,6224,293084200,2115,293084250,2115,-130,-51,15,310,2551,-8,367,2541
12113820,7287,508900373,54342922,1877,-6105,-29,6224,293084200,2115,293084260,2115,-129,-51,105,-254,2586,85,-196,2590
12123608,7287,508900381,54342877,1877,-6104,-29,6224,293084250,2115,293084270,2115,-129,-50,-58,-61,2509,-77,-6,2507
12133542,7288,508900390,54342834,1876,-6104,-28,6224,293084250,2115,293084280,2115,-129,-49,-90,110,2367,-109,163,2361
12143942,7288,508900398,54342791,1875,-6104,-26,6224,293084250,2115,293084290,2115,-130,-47,-27,66,2285,-44,117,2281
12153440,7289,508900407,54342748,1875,-6104,-26,6224,293084250,2115,293084300,2115,-130,-46,39,-75,2468,22,-19,2467
12163712,7289,508900415,54342706,1876,-6105,-26,6224,293084250,2115,293084310,2115,-131,-46,143,-123,2473,126,-66,2475
12174230,7290,508900423,54342660,1876,-6106,-27,6224,293084300,2115,293084320,2115,-132,-45,189,5,2651,170,67,2649
12184064,7290,508900432,54342617,1872,-6107,-28,6224,293084300,2115,293084330,2115,-132,-45,18,385,2565,-2,443,2554
12193490,7291,508900440,54342574,1872,-6107,-27,6224,293084300,2115,293084340,2115,-132,-45,-82,22,2482,-99,78,2478
12204271,7291,508900449,54342531,1873,-6106,-27,6224,293084300,2115,293084350,2115,-132,-44,-79,-277,2491,-95,-220,2494
12213780,7291,508900457,54342489,1873,-6105,-27,6224,293084300,2115,293084360,2115,-132,-44,8,-110,2481,-8,-53,2481
12223607,7292,508900466,54342443,1871,-6106,-27,6224,293084350,2115,293084370,2115,-132,-43,41,303,2532,22,361,2523
12233621,7292,508900474,54342400,1870,-6107,-27,6224,293084350,2115,293084380,2115,-132,-43,42,-34,2430,26,22,2429
12243501,7292,508900482,54342357,1871,-6107,-28,6224,293084350,2115,293084390,2115,-131,-42,67,-142,2601,50,-83,2602
12253473,7292,508900491,54342314,1870,-6107,-27,6224,293084350,2115,293084400,2115,-131,-42,34,115,2496,18,172,2492
12264474,7292,508900499,54342272,1869,-6107,-28,6224,293084350,2115,293084410,2115,-132,-41,-6,55,2599,-23,114,2595
12273609,7293,508900508,54342226,1869,-6107,-28,6224,293084400,2115,293084420,2115,-132,-41,-21,-47,2506,-36,10,2504
12283540,7293,508900516,54342183,1870,-6107,-28,6224,293084400,2115,293084430,2115,-133,-41,33,-172,2432,18,-116,2434
12293827,7293,508900524,54342140,1869,-6107,-28,6224,293084400,2115,293084440,2115,-133,-41,39,55,2475,23,112,2472
12303600,7294,508900533,54342098,1868,-6108,-27,6224,293084400,2115,293084450,2115,-134,-41,61,75,2427,45,131,2423
12313716,7294,508900541,54342055,1867,-6108,-27,6224,293084400,2115,293084460,2115,-135,-41,8,8,2514,-8,67,2511
12324144,7294,508900550,54342009,1868,-6108,-27,6224,293084450,2115,293084470,2115,-136,-41,-12,-66,2523,-28,-7,2522
12333541,7295,508900558,54341966,1867,-6108,-27,6224,293084450,2115,293084480,2115,-137,-42,24,91,2462,8,149,2458
12343466,7295,508900566,54341923,1866,-6109,-27,6224,293084450,2115,293084490,2115,-137,-42,84,-26,2505,68,33,2504
12353905,7295,508900575,54341881,1867,-6109,-27,6224,293084450,2115,293084500,2115,-137,-43,70,-64,2474,53,-5,2474
12364139,7295,508900583,54341838,1866,-6110,-26,6224,293084450,2115,293084510,2115,-138,-44,9,52,2440,-8,110,2436
12373592,7296,508900592,54341792,1865,-6110,-26,6224,293084500,2115,293084520,2115,-140,-45,-24,42,2545,-42,104,2541
12383546,7296,508900600,54341749,1864,-6109,-27,6224,293084500,2115,293084530,2115,-141,-45,-51,3,2591,-69,66,2588
12393485,7296,508900608,54341706,1864,-6109,-28,6224,293084500,2115,293084540,2115,-142,-46,37,12,2621,18,77,2618
12403446,7297,508900617,54341663,1863,-6110,-29,6224,293084500,2115,293084550,2115,-143,-47,85,-37,2622,65,29,2621
12413729,7297,508900625,54341621,1863,-6111,-29,6224,293084500,2115,293084560,2115,-144,-48,76,-10,2493,57,53,2491
12423590,7297,508900633,54341575,1863,-6111,-29,6224,293084550,2115,293084570,2115,-145,-49,26,20,2447,7,82,2444
12433519,7298,508900642,54341532,1862,-6110,-29,6224,293084550,2115,293084580,2115,-146,-49,-74,26,2598,-95,91,2594
12443442,7298,508900650,54341489,1862,-6110,-29,6224,293084550,2115,293084590,2115,-146,-50,-60,-101,2527,-80,-37,2526
12453463,7298,508900659,54341446,1861,-6109,-30,6224,293084550,2115,293084600,2115,-146,-51,-13,-32,2614,-34,34,2612
12463710,7299,508900667,54341404,1861,-6110,-32,6224,293084550,2115,293084610,2115,-146,-51,106,-20,2648,84,47,2646
12473929,7299,508900675,54341358,1861,-6111,-32,6224,293084600,2115,293084620,2115,-146,-52,89,-6,2638,66,61,2636
12484406,7300,508900684,54341315,1860,-6111,-34,6224,293084600,2115,293084630,2115,-147,-53,67,47,2653,44,115,2649
12493467,7300,508900692,54341272,1860,-6111,-34,6224,293084600,2115,293084640,2115,-147,-54,-37,-46,2490,-58,18,2488
12503489,7301,508900700,54341229,1860,-6110,-34,6224,293084600,2115,293084650,2115,-147,-55,-84,-134,2498,-105,-71,2498
12513783,7301,508900709,54341186,1859,-6109,-33,6224,293084600,2115,293084660,2115,-147,-55,-89,15,2435,-111,77,2431
12523616,7301,508900717,54341141,1859,-6110,-34,6224,293084650,2115,293084670,2115,-146,-56,97,59,2638,73,126,2634
12534149,7302,508900725,54341098,1859,-6112,-35,6224,293084650,2115,293084680,2115,-145,-57,208,-55,2622,185,12,2623
12543457,7302,508900734,54341055,1859,-6112,-36,6224,293084650,2115,293084690,2115,-144,-57,75,-71,2623,51,-5,2623
12553457,7303,508900742,54341012,1859,-6112,-35,6224,293084650,2115,293084700,2115,-142,-58,-21,-49,2448,-44,11,2446
12564536,7303,508900750,54340969,1858,-6111,-36,6224,293084650,2115,293084710,2115,-141,-58,-108,-11,2576,-132,51,2573
12573619,7304,508900759,54340924,1857,-6110,-36,6224,293084700,2115,293084720,2115,-140,-58,-76,-10,2512,-99,50,2509
12583516,7304,508900767,54340881,1857,-6110,-36,6224,293084700,2115,293084730,2115,-139,-58,3,24,2527,-21,85,2524
12594287,7305,508900776,54340838,1856,-6111,-37,6224,293084700,2115,293084740,2115,-138,-58,73,-1,2622,48,62,2620
12603451,7305,508900784,54340795,1856,-6112,-38,6224,293084700,2115,293084750,2115,-137,-58,118,-30,2663,93,34,2662
12613740,7306,508900792,54340752,1856,-6112,-40,6224,293084700,2115,293084760,2115,-135,-57,55,-36,2690,30,27,2688
12623716,7306,508900801,54340707,1856,-6112,-40,6224,293084750,2115,293084770,2115,-133,-57,-23,-34,2504,-46,23,2502
12633522,7307,508900809,54340664,1856,-6111,-39,6224,293084750,2115,293084780,2115,-131,-57,-71,-90,2395,-92,-36,2393
12643508,7307,508900817,54340621,1855,-6111,-38,6224,293084750,2115,293084790,2115,-128,-56,-25,38,2354,-46,90,2350
12654331,7308,508900826,54340578,1855,-6111,-37,6224,293084750,2115,293084800,2115,-127,-55,16,-28,2365,-5,24,2363
12663691,7308,508900834,54340535,1855,-6111,-36,6224,293084750,2115,293084810,2115,-126,-55,96,-45,2414,75,8,2413
12673600,7309,508900842,54340489,1855,-6112,-37,6224,293084800,2115,293084820,2115,-126,-54,89,2,2571,67,58,2569
12683533,7310,508900851,54340447,1854,-6112,-37,6224,293084800,2115,293084830,2115,-126,-54,55,14,2551,33,70,2549
12693470,7310,508900859,54340404,1854,-6112,-38,6224,293084800,2115,293084840,2115,-125,-54,34,-4,2578,12,52,2576
12703484,7311,508900867,54340361,1854,-6112,-37,6224,293084800,2115,293084850,2115,-124,-53,-44,-43,2444,-65,9,2442
12714245,7311,508900876,54340318,1853,-6112,-36,6224,293084800,2115,293084860,2115,-124,-53,-17,-9,2366,-37,41,2364
12723616,7312,508900884,54340272,1853,-6112,-35,6224,293084850,2115,293084870,2115,-124,-52,-22,0,2356,-41,50,2354
12733535,7313,508900892,54340229,1852,-6112,-34,6224,293084850,2115,293084880,2115,-125,-51,27,103,2431,6,155,2427
12743444,7314,508900901,54340187,1851,-6113,-35,6224,293084850,2115,293084890,2115,-126,-51,83,14,2513,63,69,2510
12753442,7314,508900909,54340144,1851,-6113,-34,6224,293084850,2115,293084900,2115,-127,-50,66,47,2464,46,101,2461
12763851,7315,508900917,54340101,1850,-6114,-34,6224,293084850,2115,293084910,2115,-128,-50,85,10,2517,65,66,2515
12774154,7316,508900925,54340055,1849,-6114,-34,6224,293084900,2115,293084920,2115,-128,-51,-2,95,2499,-23,150,2494
12783514,7316,508900934,54340012,1848,-6114,-34,6224,293084900,2115,293084930,2115,-129,-51,-35,80,2482,-55,135,2478
12793455,7317,508900942,54339969,1847,-6114,-34,6224,293084900,2115,293084940,2115,-129,-50,-27,42,2433,-47,96,2430
12803465,7317,508900950,54339926,1847,-6114,-33,6224,293084900,2115,293084950,2115,-130,-50,27,36,2384,8,90,2381
12814381,7318,508900959,54339884,1846,-6114,-31,6224,293084900,2115,293084960,2115,-131,-50,37,34,2322,18,86,2319
12823617,7318,508900967,54339838,1845,-6115,-31,6224,293084950,2115,293084970,2115,-131,-50,45,27,2515,25,85,2512
12833525,7318,508900975,54339795,1844,-6116,-32,6224,293084950,2115,293084980,2115,-132,-50,70,123,2558,49,182,2553
12843459,7319,508900984,54339752,1843,-6116,-32,6224,293084950,2115,293084990,2115,-133,-50,60,34,2554,39,93,2551
12853488,7319,508900992,54339709,1843,-6116,-32,6224,293084950,2115,293085000,2115,-133,-50,-20,52,2475,-40,109,2472
12863933,7319,508901000,54339666,1842,-6116,-31,6224,293084950,2115,293085010,2115,-133,-50,-45,39,2428,-64,95,2425
12873610,7320,508901008,54339621,1842,-6115,-31,6224,293085000,2115,293085020,2115,-133,-50,0,-101,2485,-20,-44,2485
12883537,7320,508901017,54339578,1841,-6116,-31,6224,293085000,2115,293085030,2115,-133,-50,29,55,2496,9,113,2493
12893469,7321,508901025,54339535,1841,-6116,-31,6224,293085000,2115,293085040,2115,-133,-50,53,14,2470,33,71,2468
12903484,7321,508901033,54339492,1840,-6117,-31,6224,293085000,2115,293085050,2115,-133,-50,58,93,2500,38,151,2495
12913701,7322,508901041,54339449,1840,-6117,-30,6225,293085000,2115,293085060,2115,-133,-50,-15,-58,2444,-35,-1,2443
12924402,7322,508901050,54339403,1839,-6117,-30,6225,293085050,2115,293085070,2115,-133,-50,32,25,2458,12,81,2455
12933521,7322,508901058,54339360,1839,-6117,-29,6225,293085050,2115,293085080,2115,-132,-50,-3,-5,2387,-22,49,2384
12943452,7323,508901066,54339317,1839,-6117,-29,6225,293085050,2115,293085090,2115,-131,-50,55,-3,2456,35,53,2454
12953448,7323,508901075,54339275,1838,-6117,-28,6225,293085050,2115,293085100,2115,-130,-49,17,-33,2449,-2,22,2448
12963706,7323,508901083,54339232,1838,-6117,-28,6225,293085050,2115,293085110,2115,-130,-49,-8,-2,2485,-27,54,2482
12973618,7324,508901091,54339186,1837,-6117,-28,6225,293085100,2115,293085120,2115,-130,-49,24,-4,2552,4,53,2550
12983513,7324,508901099,54339143,1836,-6117,-29,6225,293085100,2115,293085130,2115,-130,-49,0,55,2539,-20,112,2535
12993455,7325,508901108,54339100,1836,-6117,-29,6225,293085100,2115,293085140,2115,-130,-48,41,14,2483,22,70,2480
13003515,7325,508901116,54339057,1836,-6118,-28,6225,293085100,2115,293085150,2115,-129,-48,24,-23,2484,5,33,2482
13013742,7325,508901124,54339014,1835,-6118,-28,6225,293085100,2115,293085160,2115,-129,-49,8,10,2508,-11,66,2506
13023611,7326,508901132,54338969,1835,-6118,-28,6225,293085150,2115,293085170,2115,-128,-49,35,-67,2450,17,-13,2450
13033563,7326,508901141,54338926,1834,-6118,-28,6225,293085150,2115,293085180,2115,-127,-49,9,18,2483,-10,72,2480
13043477,7326,508901149,54338883,1834,-6118,-27,6225,293085150,2115,293085190,2115,-127,-50,31,-5,2447,11,48,2444
13053493,7327,508901157,54338840,1834,-6119,-27,6225,293085150,2115,293085200,2115,-127,-51,55,14,2483,35,69,2480
13063814,7327,508901165,54338797,1833,-6119,-27,6225,293085150,2115,293085210,2115,-126,-51,37,-10,2501,16,45,2499
13073605,7327,508901174,54338751,1833,-6119,-28,6225,293085200,2115,293085220,2115,-125,-52,46,5,2598,25,62,2596
13083576,7328,508901182,54338708,1833,-6119,-28,6225,293085200,2115,293085230,2115,-124,-53,4,-16,2537,-18,38,2535
13093469,7328,508901190,54338665,1833,-6119,-29,6225,293085200,2115,293085240,2115,-123,-54,4,-71,2626,-19,-16,2625
13103457,7328,508901198,54338623,1833,-6119,-30,6225,293085200,2115,293085250,2115,-122,-55,-17,-58,2570,-40,-4,2569
13114842,7329,508901206,54338580,1832,-6119,-31,6225,293085200,2115,293085260,2115,-122,-55,18,10,2593,-5,64,2590
13123858,7329,508901215,54338534,1832,-6119,-31,6225,293085250,2115,293085270,2115,-122,-55,15,-11,2533,-8,42,2531
13133540,7330,508901223,54338491,1832,-6119,-31,6225,293085250,2115,293085280,2115,-123,-55,21,-8,2515,-1,45,2513
13143470,7330,508901231,54338448,1832,-6119,-31,6225,293085250,2115,293085290,2115,-124,-55,-1,-51,2560,-24,4,2559
13153444,7331,508901239,54338405,1831,-6119,-32,6225,293085250,2115,293085300,2115,-124,-55,17,-14,2644,-7,43,2642
13163731,7331,508901248,54338362,1831,-6119,-34,6225,293085250,2115,293085310,2115,-124,-55,33,41,2645,9,97,2641
13173626,7332,508901256,54338317,1830,-6119,-34,6225,293085300,2115,293085320,2115,-124,-55,13,9,2602,-10,65,2599
13183534,7332,508901264,54338274,1829,-6119,-35,6225,293085300,2115,293085330,2115,-123,-55,7,-10,2565,-16,45,2562
13193473,7332,508901272,54338231,1829,-6119,-35,6225,293085300,2115,293085340,2115,-124,-55,-14,-17,2532,-36,37,2530
13203489,7333,508901281,54338188,1828,-6119,-35,6225,293085300,2115,293085350,2115,-124,-54,8,57,2464,-14,110,2461
13213726,7333,508901289,54338145,1828,-6119,-34,6225,293085300,2115,293085360,2115,-125,-54,22,3,2420,1,55,2417
13223592,7333,508901297,54338099,1827,-6120,-34,6225,293085350,2115,293085370,2115,-125,-54,59,70,2526,36,124,2522
13233559,7334,508901305,54338056,1827,-6120,-34,6225,293085350,2115,293085380,2115,-126,-54,72,-9,2446,51,45,2445
13243460,7334,508901313,54338013,1826,-6120,-34,6225,293085350,2115,293085390,2115,-126,-54,26,80,2500,5,135,2496
13253490,7334,508901322,54337970,1826,-6120,-33,6225,293085350,2115,293085400,2115,-127,-53,-3,-22,2454,-24,32,2452
13263713,7335,508901330,54337927,1826,-6120,-33,6225,293085350,2115,293085410,2115,-128,-53,8,-34,2481,-12,21,2479
13273623,7335,508901338,54337882,1825,-6120,-33,6225,293085400,2115,293085420,2115,-129,-53,7,-12,2505,-14,44,2503
13283672,7336,508901346,54337839,1825,-6121,-34,6225,293085400,2115,293085430,2115,-130,-52,43,35,2589,21,93,2586
13293485,7336,508901354,54337796,1824,-6121,-34,6225,293085400,2115,293085440,2115,-131,-52,36,33,2520,15,90,2517
13303462,7336,508901363,54337753,1823,-6121,-34,6225,293085400,2115,293085450,2115,-131,-51,9,29,2548,-12,87,2544
13314545,7336,508901371,54337710,1823,-6121,-33,6225,293085400,2115,293085460,2115,-131,-51,-12,-52,2389,-31,2,2388
13323619,7337,508901379,54337664,1823,-6121,-33,6225,293085450,2115,293085470,2115,-131,-50,-1,-18,2387,-20,36,2385
13333524,7337,508901387,54337621,1822,-6121,-31,6225,293085450,2115,293085480,2115,-133,-49,-15,28,2362,-33,82,2359
13344423,7337,508901395,54337578,1821,-6122,-31,6225,293085450,2115,293085490,2115,-134,-49,76,44,2467,57,101,2464
13353488,7338,508901404,54337535,1821,-6122,-31,6225,293085450,2115,293085500,2115,-136,-48,51,-11,2510,32,48,2508
13364111,7338,508901412,54337492,1820,-6122,-31,6225,293085450,2115,293085510,2115,-138,-48,41,44,2472,22,103,2469
13373606,7339,508901420,54337447,1820,-6122,-30,6225,293085500,2115,293085520,2115,-138,-47,2,45,2400,-16,102,2396
13383545,7339,508901428,54337404,1819,-6122,-30,6225,293085500,2115,293085530,2115,-138,-46,-4,-19,2430,-22,39,2428
13393479,7339,508901436,54337361,1819,-6122,-29,6225,293085500,2115,293085540,2115,-138,-46,4,-16,2420,-14,42,2418
13403486,7339,508901444,54337318,1818,-6123,-28,6225,293085500,2115,293085550,2115,-138,-45,18,-7,2409,1,51,2406
13413718,7340,508901453,54337275,1818,-6123,-27,6225,293085500,2115,293085560,2115,-138,-45,34,1,2416,17,59,2414
13423605,7340,508901461,54337229,1817,-6124,-27,6225,293085550,2115,293085570,2115,-138,-45,77,19,2441,59,78,2439
13433552,7340,508901469,54337186,1817,-6124,-28,6225,293085550,2115,293085580,2115,-138,-45,78,66,2577,59,128,2573
13443473,7341,508901477,54337143,1816,-6124,-27,6225,293085550,2115,293085590,2115,-138,-45,28,-40,2419,11,17,2418
13453464,7341,508901485,54337100,1816,-6124,-26,6225,293085550,2115,293085600,2115,-137,-45,-17,43,2392,-34,100,2389
13463854,7341,508901493,54337057,1815,-6124,-25,6225,293085550,2115,293085610,2115,-136,-45,6,-40,2336,-11,15,2335
13473621,7341,508901502,54337012,1816,-6124,-24,6225,293085600,2115,293085620,2115,-135,-45,8,-82,2426,-9,-25,2425
13483539,7342,508901510,54336969,1815,-6125,-24,6225,293085600,2115,293085630,2115,-135,-45,40,-16,2485,23,42,2483
13493503,7342,508901518,54336926,1815,-6125,-25,6225,293085600,2115,293085640,2115,-134,-45,59,-44,2591,41,16,2590
13503459,7343,508901526,54336883,1815,-6125,-25,6225,293085600,2115,293085650,2115,-133,-44,30,-77,2517,13,-19,2516
13514172,7343,508901534,54336840,1815,-6125,-25,6225,293085600,2115,293085660,2115,-133,-44,-15,-60,2465,-32,-3,2463
13523613,7344,508901542,54336794,1815,-6124,-25,6225,293085650,2115,293085670,2115,-132,-44,-23,9,2510,-40,67,2507
13533570,7344,508901551,54336751,1814,-6124,-25,6225,293085650,2115,293085680,2115,-132,-44,7,38,2484,-10,95,2481
13543497,7345,508901559,54336708,1815,-6124,-24,6225,293085650,2115,293085690,2115,-133,-44,31,-125,2448,15,-68,2449
13553463,7345,508901567,54336665,1814,-6125,-24,6225,293085650,2115,293085700,2115,-132,-44,63,28,2417,46,84,2414
13563731,7346,508901575,54336622,1814,-6125,-23,6225,293085650,2115,293085710,2115,-131,-44,11,-83,2416,-5,-28,2416
13573640,7346,508901583,54336576,1814,-6125,-22,6225,293085700,2115,293085720,2115,-131,-44,34,16,2411,18,71,2409
13583556,7347,508901591,54336533,1812,-6125,-21,6225,293085700,2115,293085730,2115,-132,-45,6,102,2426,-12,157,2421
13593481,7347,508901599,54336490,1812,-6126,-21,6225,293085700,2115,293085740,2115,-132,-45,65,-41,2512,47,17,2511
13603463,7348,508901608,54336448,1812,-6126,-22,6225,293085700,2115,293085750,2115,-133,-46,41,-26,2553,23,33,2551
13613716,7348,508901616,54336405,1811,-6126,-22,6225,293085700,2115,293085760,2115,-134,-47,33,61,2486,14,119,2482
13623596,7349,508901624,54336359,1811,-6127,-23,6225,293085750,2115,293085770,2115,-134,-47,18,6,2634,-2,67,2631
13633531,7349,508901632,54336316,1811,-6126,-24,6225,293085750,2115,293085780,2115,-134,-48,-27,-37,2622,-47,24,2620
13643513,7350,508901640,54336273,1810,-6126,-24,6225,293085750,2115,293085790,2115,-134,-49,8,55,2554,-12,114,2550
13653471,7350,508901648,54336230,1809,-6127,-24,6225,293085750,2115,293085800,2115,-134,-50,31,34,2500,11,92,2497
13663721,7351,508901656,54336187,1809,-6127,-24,6225,293085750,2115,293085810,2115,-135,-51,44,-5,2556,23,55,2554
13673609,7351,508901665,54336141,1809,-6127,-25,6225,293085800,2115,293085820,2115,-135,-52,63,-56,2541,43,4,2540
13683527,7352,508901673,54336098,1808,-6128,-26,6225,293085800,2115,293085830,2115,-136,-53,11,120,2631,-11,182,2625
13693519,7352,508901681,54336055,1807,-6128,-27,6225,293085800,2115,293085840,2115,-136,-54,-1,52,2671,-24,115,2667
13703463,7352,508901689,54336012,1807,-6128,-28,6225,293085800,2115,293085850,2115,-135,-55,31,-34,2665,8,29,2663
13713757,7353,508901697,54335969,1806,-6128,-29,6225,293085800,2115,293085860,2115,-135,-56,29,25,2614,5,86,2611
13723620,7353,508901705,54335923,1806,-6128,-30,6225,293085850,2115,293085870,2115,-134,-57,48,-142,2650,24,-80,2651
13733551,7353,508901713,54335880,1806,-6128,-32,6225,293085850,2115,293085880,2115,-134,-58,-2,5,2673,-27,67,2670
13743463,7354,508901721,54335837,1805,-6128,-33,6225,293085850,2115,293085890,2115,-135,-59,-16,59,2628,-41,120,2623
13753482,7354,508901730,54335794,1804,-6128,-34,6225,293085850,2115,293085900,2115,-135,-59,0,-17,2679,-26,46,2676
13764020,7355,508901738,54335751,1803,-6128,-35,6225,293085850,2115,293085910,2115,-136,-60,7,48,2620,-19,110,2617
13773624,7356,508901746,54335706,1803,-6128,-36,6225,293085900,2115,293085920,2115,-136,-61,59,15,2619,33,77,2617
13783535,7356,508901754,54335663,1803,-6129,-37,6225,293085900,2115,293085930,2115,-136,-62,86,-92,2702,59,-28,2703
13793473,7356,508901762,54335620,1803,-6129,-39,6225,293085900,2115,293085940,2115,-136,-63,16,-57,2712,-12,7,2710
13803450,7357,508901770,54335577,1802,-6128,-40,6225,293085900,2115,293085950,2115,-136,-63,-7,-13,2626,-34,49,2624
13814875,7357,508901778,54335534,1802,-6128,-41,6225,293085900,2115,293085960,2115,-136,-64,-59,34,2649,-87,96,2645
13823604,7358,508901786,54335488,1801,-6128,-42,6225,293085950,2115,293085970,2115,-137,-64,-11,-39,2675,-39,24,2673
13834148,7358,508901794,54335445,1801,-6128,-44,6225,293085950,2115,293085980,2115,-138,-65,52,36,2673,23,100,2670
13843457,7359,508901803,54335402,1800,-6129,-45,6225,293085950,2115,293085990,2115,-139,-65,81,-25,2659,52,39,2658
13853625,7359,508901811,54335359,1800,-6129,-46,6225,293085950,2115,293086000,2115,-139,-66,59,65,2660,30,129,2656
13863737,7359,508901819,54335316,1799,-6129,-47,6225,293085950,2115,293086010,2115,-139,-66,-34,2,2596,-62,64,2593
13873608,7360,508901827,54335270,1799,-6129,-48,6225,293086000,2115,293086020,2115,-138,-67,-29,-30,2678,-58,34,2675
13883568,7360,508901835,54335227,1799,-6128,-50,6225,293086000,2115,293086030,2115,-138,-67,5,-52,2656,-24,11,2654
13894126,7360,508901843,54335184,1798,-6129,-51,6225,293086000,2115,293086040,2115,-138,-67,71,0,2617,42,63,2615
13903465,7361,508901851,54335141,1798,-6129,-51,6225,293086000,2115,293086050,2115,-139,-67,65,42,2524,37,103,2521
13913720,7361,508901859,54335098,1797,-6130,-51,6225,293086000,2115,293086060,2115,-139,-67,55,-31,2591,27,32,2590
13923632,7361,508901867,54335052,1797,-6130,-52,6225,293086050,2115,293086070,2115,-139,-67,-1,1,2565,-29,63,2563
13933562,7362,508901875,54335009,1796,-6129,-53,6226,293086050,2115,293086080,2115,-139,-66,-39,-19,2630,-68,44,2627
13943445,7362,508901883,54334966,1796,-6129,-54,6226,293086050,2115,293086090,2115,-138,-66,19,-25,2621,-9,37,2619
13953453,7362,508901891,54334923,1796,-6129,-55,6226,293086050,2115,293086100,2115,-138,-65,18,-42,2619,-9,21,2617
13963781,7363,508901900,54334880,1795,-6130,-55,6226,293086050,2115,293086110,2115,-138,-64,73,20,2582,46,82,2579
13973630,7363,508901908,54334835,1795,-6130,-55,6226,293086100,2115,293086120,2115,-137,-63,35,-17,2469,10,42,2467
13983527,7363,508901916,54334792,1795,-6130,-56,6226,293086100,2115,293086130,2115,-137,-63,29,-36,2592,3,26,2591
13993463,7363,508901924,54334749,1794,-6130,-55,6226,293086100,2115,293086140,2115,-138,-62,-18,7,2394,-42,63,2391
14003485,7364,508901932,54334706,1793,-6130,-54,6226,293086100,2115,293086150,2115,-137,-61,-2,8,2412,-26,65,2409
14013734,7364,508901940,54334663,1793,-6129,-52,6226,293086100,2115,293086160,2115,-137,-60,-3,-54,2296,-25,1,2295
14023611,7364,508901948,54334617,1793,-6131,-53,6226,293086150,2115,293086170,2115,-137,-59,110,33,2519,85,93,2517
14033564,7364,508901956,54334574,1793,-6131,-52,6226,293086150,2115,293086180,2115,-137,-58,78,-25,2375,56,32,2374
14044153,7365,508901964,54334531,1794,-6131,-52,6226,293086150,2115,293086190,2115,-138,-58,-7,-165,2520,-30,-105,2521
14053484,7365,508901972,54334488,1793,-6131,-52,6226,293086150,2115,293086200,2115,-139,-58,16,68,2505,-8,129,2501
14064872,7366,508901980,54334445,1792,-6131,-51,6226,293086150,2115,293086210,2115,-142,-57,15,-13,2442,-8,47,2440
14073832,7366,508901988,54334399,1792,-6131,-51,6226,293086200,2115,293086220,2115,-143,-57,32,-57,2422,10,3,2421
14083555,7366,508901996,54334356,1792,-6131,-49,6226,293086200,2115,293086230,2115,-145,-57,55,20,2287,34,77,2285
14093481,7366,508902004,54334313,1791,-6131,-46,6226,293086200,2115,293086240,2115,-146,-56,22,67,2136,3,121,2132
14103874,7366,508902012,54334270,1790,-6131,-43,6226,293086200,2115,293086250,2115,-146,-54,-52,14,2141,-71,68,2138
14114869,7366,508902021,54334227,1790,-6131,-42,6226,293086200,2115,293086260,2115,-146,-52,-65,-4,2310,-84,54,2307
14123625,7366,508902029,54334181,1789,-6132,-42,6226,293086250,2115,293086270,2115,-147,-51,146,-10,2544,125,56,2543
14134094,7366,508902037,54334138,1789,-6132,-43,6226,293086250,2115,293086280,2115,-149,-50,64,-81,2646,43,-12,2646
14143451,7367,508902045,54334095,1788,-6132,-43,6226,293086250,2115,293086290,2115,-150,-49,20,130,2473,0,194,2467
14153472,7367,508902053,54334052,1787,-6133,-43,6226,293086250,2115,293086300,2115,-150,-48,36,110,2513,16,176,2507
14164436,7367,508902061,54334009,1787,-6132,-41,6226,293086250,2115,293086310,2115,-150,-47,-75,-115,2196,-91,-58,2196
14173598,7367,508902069,54333963,1787,-6131,-36,6226,293086300,2115,293086320,2115,-150,-45,-126,-91,1925,-139,-42,1925
14183538,7366,508902077,54333920,1786,-6130,-31,6226,293086300,2115,293086330,2115,-151,-43,-68,56,1905,-81,106,1900
14193474,7366,508902085,54333877,1786,-6131,-28,6226,293086300,2115,293086340,2115,-150,-42,116,-92,2100,103,-37,2100
14203474,7366,508902093,54333834,1787,-6132,-26,6226,293086300,2115,293086350,2115,-150,-42,200,-140,2259,186,-81,2261
14213742,7366,508902101,54333791,1787,-6135,-26,6226,293086300,2115,293086360,2115,-150,-42,287,71,2526,270,138,2524
14223625,7366,508902109,54333745,1787,-6136,-27,6226,293086350,2115,293086370,2115,-148,-42,151,-23,2528,135,42,2527
14233540,7365,508902117,54333702,1787,-6136,-26,6226,293086350,2115,293086380,2115,-147,-42,-14,-99,2457,-29,-37,2456
14243458,7365,508902125,54333659,1786,-6134,-24,6226,293086350,2115,293086390,2115,-145,-43,-260,28,2223,-275,82,2218
14253481,7364,508902133,54333616,1786,-6133,-21,6226,293086350,2115,293086400,2115,-144,-43,-122,-161,2088,-135,-110,2088
14263723,7364,508902141,54333573,1787,-6132,-18,6226,293086350,2115,293086410,2115,-142,-42,-59,-150,2132,-72,-97,2133
14273638,7363,508902149,54333527,1787,-6133,-17,6226,293086400,2115,293086420,2115,-142,-42,173,-45,2343,158,14,2343
14283559,7363,508902157,54333484,1786,-6135,-17,6226,293086400,2115,293086430,2115,-141,-42,195,67,2512,178,129,2509
14293471,7363,508902165,54333441,1788,-6136,-17,6226,293086400,2115,293086440,2115,-140,-43,183,-234,2556,167,-171,2560
14303456,7362,508902173,54333398,1789,-6135,-17,6226,293086400,2115,293086450,2115,-139,-43,13,-252,2487,-3,-192,2491
14313900,7362,508902181,54333355,1789,-6134,-16,6226,293086400,2115,293086460,2115,-139,-44,-140,-85,2357,-156,-29,2355
14323639,7362,508902189,54333309,1790,-6133,-15,6226,293086450,2115,293086470,2115,-139,-44,-111,-87,2316,-127,-32,2315
14333602,7362,508902197,54333266,1790,-6133,-13,6226,293086450,2115,293086480,2115,-139,-45,-9,-153,2289,-24,-98,2290
14344132,7362,508902205,54333223,1790,-6133,-12,6226,293086450,2115,293086490,2115,-140,-45,88,-68,2414,72,-9,2413
14353465,7362,508902213,54333180,1791,-6134,-12,6226,293086450,2115,293086500,2115,-141,-45,88,-110,2429,71,-51,2430
14364249,7361,508902221,54333137,1791,-6134,-12,6226,293086450,2115,293086510,2115,-141,-45,78,-74,2541,60,-11,2541
14374083,7361,508902230,54333092,1792,-6134,-12,6226,293086500,2115,293086520,2115,-142,-46,37,-110,2452,19,-49,2453
14383527,7361,508902238,54333048,1792,-6134,-12,6226,293086500,2115,293086530,2115,-143,-47,-9,-71,2524,-28,-9,2523
14393488,7361,508902246,54333005,1792,-6134,-11,6226,293086500,2115,293086540,2115,-143,-48,1,-74,2439,-17,-14,2439
14403494,7360,508902254,54332962,1792,-6134,-11,6226,293086500,2115,293086550,2115,-145,-48,18,-91,2531,0,-28,2531
14413720,7360,508902262,54332919,1792,-6134,-12,6226,293086500,2115,293086560,2115,-146,-49,18,-46,2521,-1,18,2519
14423621,7360,508902270,54332874,1792,-6134,-13,6226,293086550,2115,293086570,2115,-146,-49,32,-76,2626,12,-9,2626
14433679,7360,508902278,54332831,1792,-6134,-13,6226,293086550,2115,293086580,2115,-147,-50,59,-112,2558,39,-46,2559
14443478,7360,508902286,54332788,1793,-6134,-13,6226,293086550,2115,293086590,2115,-148,-50,106,-65,2499,86,-1,2499
14453482,7359,508902294,54332744,1793,-6134,-12,6226,293086550,2115,293086600,2115,-150,-51,-74,-96,2335,-93,-36,2334
14463742,7359,508902302,54332701,1793,-6133,-12,6226,293086550,2115,293086610,2115,-151,-50,-60,-132,2483,-79,-67,2483
14473619,7359,508902310,54332656,1793,-6133,-12,6226,293086600,2115,293086620,2115,-153,-50,-25,-58,2605,-45,10,2604
14483552,7359,508902318,54332613,1793,-6133,-14,6226,293086600,2115,293086630,2115,-154,-50,65,-52,2672,44,19,2671
14493691,7359,508902326,54332570,1793,-6134,-15,6226,293086600,2115,293086640,2115,-154,-49,114,-103,2671,93,-31,2672
14503447,7359,508902334,54332527,1793,-6134,-16,6226,293086600,2115,293086650,2115,-154,-49,89,-51,2648,68,20,2648
14513711,7359,508902342,54332484,1793,-6134,-17,6226,293086600,2115,293086660,2115,-154,-49,-27,-101,2583,-46,-32,2583
14524097,7359,508902350,54332438,1794,-6133,-17,6226,293086650,2115,293086670,2115,-155,-48,-122,-148,2515,-140,-82,2515
14533554,7359,508902359,54332395,1793,-6132,-17,6226,293086650,2115,293086680,2115,-155,-47,0,-30,2448,-18,36,2446
14543459,7359,508902367,54332352,1793,-6132,-16,6226,293086650,2115,293086690,2115,-156,-46,-66,-102,2381,-83,-38,2381
14553607,7359,508902375,54332309,1793,-6133,-16,6226,293086650,2115,293086700,2115,-156,-45,110,25,2511,92,93,2508
14563727,7359,508902383,54332266,1793,-6133,-16,6226,293086650,2115,293086710,2115,-156,-45,124,-109,2535,107,-40,2536
14573636,7359,508902391,54332220,1793,-6135,-18,6226,293086700,2115,293086720,2115,-156,-44,187,10,2798,168,87,2797
14584101,7359,508902399,54332177,1794,-6135,-19,6226,293086700,2115,293086730,2115,-155,-44,11,-197,2558,-6,-128,2561
14593494,7360,508902407,54332134,1794,-6134,-19,6226,293086700,2115,293086740,2115,-155,-43,-117,-70,2525,-134,-3,2523
14603480,7360,508902415,54332091,1793,-6133,-19,6226,293086700,2115,293086750,2115,-155,-43,-121,-40,2452,-137,25,2449
14613935,7360,508902423,54332048,1793,-6133,-19,6226,293086700,2115,293086760,2115,-155,-42,25,-76,2515,9,-8,2515
14623984,7360,508902431,54332002,1794,-6133,-19,6226,293086750,2115,293086770,2115,-154,-42,129,-97,2538,113,-29,2539
14633531,7360,508902439,54331959,1793,-6135,-20,6226,293086750,2115,293086780,2115,-154,-42,135,2,2600,118,72,2598
14643676,7360,508902447,54331916,1794,-6135,-21,6226,293086750,2115,293086790,2115,-153,-42,52,-99,2628,35,-29,2628
14653462,7360,508902455,54331873,1794,-6134,-21,6226,293086750,2115,293086800,2115,-151,-42,-17,-121,2570,-33,-53,2570
14663762,7360,508902463,54331830,1794,-6134,-22,6226,293086750,2115,293086810,2115,-151,-42,-39,-107,2576,-55,-40,2576
14673620,7361,508902471,54331784,1794,-6133,-22,6226,293086800,2115,293086820,2115,-150,-42,-34,-46,2532,-51,20,2530
14683534,7361,508902479,54331741,1794,-6134,-22,6226,293086800,2115,293086830,2115,-149,-42,43,-6,2535,27,60,2533
14694156,7361,508902487,54331698,1794,-6134,-23,6226,293086800,2115,293086840,2115,-148,-42,71,-115,2541,55,-50,2542
14704037,7361,508902495,54331655,1795,-6134,-24,6226,293086800,2115,293086850,2115,-147,-42,53,-105,2650,36,-37,2650
14713714,7361,508902504,54331612,1795,-6134,-24,6226,293086800,2115,293086860,2115,-146,-42,-3,-66,2591,-19,-1,2590
14723617,7361,508902512,54331566,1794,-6134,-25,6226,293086850,2115,293086870,2115,-144,-42,-17,-43,2611,-34,22,2610
14734070,7361,508902520,54331523,1795,-6134,-25,6226,293086850,2115,293086880,2115,-143,-42,-10,-116,2515,-26,-54,2516
14743483,7362,508902528,54331480,1795,-6134,-26,6226,293086850,2115,293086890,2115,-142,-41,46,-62,2534,30,1,2533
14753471,7362,508902536,54331437,1795,-6134,-26,6226,293086850,2115,293086900,2115,-141,-41,42,-17,2477,27,43,2475
14764115,7362,508902544,54331393,1794,-6134,-26,6226,293086850,2115,293086910,2115,-139,-40,36,-21,2537,20,40,2535
14773618,7362,508902552,54331347,1794,-6134,-26,6226,293086900,2115,293086920,2115,-138,-40,10,-143,2521,-5,-83,2522
14784175,7362,508902560,54331304,1794,-6134,-26,6226,293086900,2115,293086930,2115,-137,-39,-3,-29,2542,-18,31,2540
14793464,7362,508902568,54331261,1794,-6134,-26,6226,293086900,2115,293086940,2115,-136,-38,5,-58,2511,-9,1,2510
14803465,7363,508902576,54331218,1794,-6134,-26,6226,293086900,2115,293086950,2115,-135,-37,30,-11,2454,16,46,2452
14813754,7363,508902584,54331175,1794,-6134,-26,6226,293086900,2115,293086960,2115,-134,-37,12,-83,2435,-1,-27,2434
14824252,7363,508902592,54331129,1794,-6135,-26,6226,293086950,2115,293086970,2115,-132,-36,78,-55,2527,64,3,2526
14833543,7363,508902600,54331086,1794,-6135,-25,6226,293086950,2115,293086980,2115,-131,-35,33,29,2449,20,85,2446
14843480,7363,508902608,54331043,1794,-6135,-24,6226,293086950,2115,293086990,2115,-130,-35,24,-61,2395,12,-7,2394
14853477,7363,508902616,54331000,1794,-6135,-24,6226,293086950,2115,293087000,2115,-130,-34,0,-97,2386,-12,-43,2386
14863765,7364,508902624,54330957,1794,-6135,-22,6226,293086950,2115,293087010,2115,-130,-34,10,-18,2311,-1,34,2310
14874141,7364,508902632,54330911,1793,-6135,-21,6226,293087000,2115,293087020,2115,-130,-33,39,22,2397,26,76,2395
14883544,7364,508902640,54330868,1794,-6136,-20,6226,293087000,2115,293087030,2115,-129,-33,68,-84,2386,57,-30,2386
14893474,7364,508902648,54330825,1793,-6136,-20,6226,293087000,2115,293087040,2115,-129,-33,55,-25,2464,43,31,2463
14903463,7364,508902656,54330782,1793,-6136,-19,6226,293087000,2115,293087050,2115,-129,-33,27,-41,2434,16,14,2433
14913785,7364,508902664,54330739,1793,-6136,-19,6226,293087000,2115,293087060,2115,-129,-33,-7,32,2475,-20,87,2472
14923607,7365,508902672,54330693,1793,-6136,-19,6226,293087050,2115,293087070,2115,-130,-32,10,-118,2436,-1,-63,2437
14933547,7365,508902680,54330650,1793,-6136,-18,6226,293087050,2115,293087080,2115,-130,-32,14,-23,2424,3,32,2422
14943465,7365,508902688,54330607,1793,-6136,-17,6226,293087050,2115,293087090,2115,-131,-32,14,2,2341,2,55,2339
14953499,7365,508902696,54330564,1792,-6137,-16,6226,293087050,2115,293087100,2115,-132,-32,52,-17,2357,40,37,2356
14963993,7366,508902704,54330521,1792,-6137,-14,6227,293087050,2115,293087110,2115,-133,-32,47,-39,2336,36,15,2335
14973613,7366,508902712,54330475,1792,-6138,-14,6227,293087100,2115,293087120,2115,-133,-33,56,-28,2437,44,28,2436
14983531,7366,508902721,54330432,1792,-6138,-13,6227,293087100,2115,293087130,2115,-135,-33,22,-30,2465,10,27,2464
14993459,7366,508902729,54330389,1791,-6138,-13,6227,293087100,2115,293087140,2115,-136,-34,21,42,2396,9,98,2392
15003486,7366,508902737,54330346,1791,-6138,-12,6227,293087100,2115,293087150,2115,-137,-34,25,-54,2473,13,4,2472
15013807,7366,508902745,54330303,1791,-6138,-12,6227,293087100,2115,293087160,2115,-137,-35,26,-31,2438,13,27,2436
15023705,7367,508902753,54330257,1790,-6139,-11,6227,293087150,2115,293087170,2115,-138,-36,17,69,2435,4,128,2431
15033572,7367,508902761,54330214,1790,-6139,-11,6227,293087150,2115,293087180,2115,-139,-36,39,-35,2474,26,24,2472
15043474,7367,508902769,54330171,1790,-6139,-11,6227,293087150,2115,293087190,2115,-139,-37,37,-30,2491,23,30,2490
15053482,7367,508902777,54330128,1790,-6139,-11,6227,293087150,2115,293087200,2115,-140,-37,26,-73,2480,13,-13,2479
15063966,7367,508902785,54330085,1789,-6139,-11,6227,293087150,2115,293087210,2115,-140,-38,15,40,2524,0,101,2521
15073612,7367,508902793,54330039,1789,-6140,-11,6227,293087200,2115,293087220,2115,-140,-39,34,-14,2482,20,46,2480
15083579,7367,508902801,54329996,1789,-6140,-11,6227,293087200,2115,293087230,2115,-140,-39,42,-51,2497,27,9,2496
15093824,7367,508902809,54329953,1789,-6140,-11,6227,293087200,2115,293087240,2115,-140,-40,15,-89,2511,0,-28,2511
15103753,7367,508902817,54329909,1788,-6140,-11,6227,293087200,2115,293087250,2115,-139,-41,2,-19,2552,-14,43,2549
15114867,7367,508902825,54329866,1788,-6140,-12,6227,293087200,2115,293087260,2115,-139,-41,29,-32,2540,13,29,2539
15123853,7367,508902833,54329820,1788,-6140,-12,6227,293087250,2115,293087270,2115,-138,-42,33,-7,2574,16,55,2572
15133545,7367,508902841,54329777,1788,-6140,-13,6227,293087250,2115,293087280,2115,-137,-43,73,-73,2587,56,-11,2587
15143541,7367,508902849,54329734,1789,-6141,-13,6227,293087250,2115,293087290,2115,-136,-44,40,-109,2579,22,-48,2579
15154332,7367,508902857,54329691,1788,-6141,-14,6227,293087250,2115,293087300,2115,-134,-45,10,-31,2557,-8,29,2555
15163724,7367,508902865,54329648,1788,-6141,-14,6227,293087250,2115,293087310,2115,-133,-46,19,-51,2527,1,7,2526
15173621,7367,508902873,54329602,1788,-6140,-14,6227,293087300,2115,293087320,2115,-131,-47,-15,-59,2535,-34,-1,2534
15183686,7367,508902881,54329559,1788,-6141,-15,6227,293087300,2115,293087330,2115,-130,-48,39,-71,2611,20,-13,2610
15193460,7367,508902889,54329516,1788,-6141,-16,6227,293087300,2115,293087340,2115,-128,-48,49,-90,2593,29,-32,2593
15203505,7367,508902897,54329473,1789,-6141,-17,6227,293087300,2115,293087350,2115,-126,-49,56,-126,2673,35,-68,2674
15213741,7367,508902905,54329430,1789,-6141,-18,6227,293087300,2115,293087360,2115,-124,-49,18,-75,2611,-2,-19,2610
15223613,7368,508902913,54329384,1789,-6141,-19,6227,293087350,2115,293087370,2115,-122,-49,-18,-25,2623,-38,30,2621
15233531,7368,508902921,54329341,1789,-6140,-20,6227,293087350,2115,293087380,2115,-120,-49,-2,-97,2598,-22,-43,2598
15243472,7368,508902929,54329298,1790,-6140,-20,6227,293087350,2115,293087390,2115,-117,-49,-3,-118,2573,-22,-66,2573
15253463,7368,508902937,54329255,1790,-6140,-21,6227,293087350,2115,293087400,2115,-115,-48,35,-47,2578,16,4,2576
15264832,7368,508902945,54329212,1790,-6140,-21,6227,293087350,2115,293087410,2115,-113,-47,52,-116,2559,33,-66,2560
15273613,7368,508902953,54329166,1791,-6140,-22,6227,293087400,2115,293087420,2115,-111,-47,34,-95,2570,16,-45,2570
15283545,7368,508902961,54329123,1791,-6140,-22,6227,293087400,2115,293087430,2115,-109,-46,20,-50,2521,1,-3,2520
15293475,7368,508902969,54329080,1791,-6140,-22,6227,293087400,2115,293087440,2115,-107,-46,25,-100,2520,8,-54,2520
15303502,7368,508902977,54329037,1791,-6140,-22,6227,293087400,2115,293087450,2115,-105,-45,-2,-57,2420,-18,-13,2419
15313751,7368,508902985,54328994,1791,-6140,-22,6227,293087400,2115,293087460,2115,-103,-44,21,-96,2499,4,-52,2499
15323650,7369,508902993,54328948,1792,-6140,-21,6227,293087450,2115,293087470,2115,-100,-43,41,-62,2461,25,-19,2460
15333558,7369,508903002,54328905,1792,-6140,-21,6227,293087450,2115,293087480,2115,-99,-42,59,-62,2479,43,-20,2478
15344145,7369,508903010,54328861,1792,-6140,-21,6227,293087450,2115,293087490,2115,-97,-41,38,-28,2498,23,14,2496
15353466,7369,508903018,54328818,1792,-6140,-21,6227,293087450,2115,293087500,2115,-96,-40,24,-39,2517,8,2,2515
15363744,7369,508903026,54328775,1792,-6140,-21,6227,293087450,2115,293087510,2115,-94,-39,4,-66,2461,-10,-26,2460
15373632,7369,508903034,54328729,1792,-6140,-20,6227,293087500,2115,293087520,2115,-93,-38,25,-86,2447,11,-47,2446
15383552,7369,508903042,54328686,1792,-6140,-20,6227,293087500,2115,293087530,2115,-91,-37,7,4,2408,-6,42,2406
15393466,7369,508903050,54328643,1792,-6140,-19,6227,293087500,2115,293087540,2115,-90,-36,10,-5,2411,-3,33,2409
15403468,7369,508903058,54328600,1792,-6141,-18,6227,293087500,2115,293087550,2115,-89,-35,24,-16,2407,11,21,2406
15414440,7369,508903066,54328557,1792,-6141,-18,6227,293087500,2115,293087560,2115,-87,-33,48,-27,2415,36,9,2414
15423636,7369,508903074,54328511,1792,-6141,-17,6227,293087550,2115,293087570,2115,-86,-33,63,-131,2477,51,-93,2477
15433540,7369,508903082,54328468,1792,-6141,-17,6227,293087550,2115,293087580,2115,-85,-32,13,-22,2427,1,14,2426
15443481,7369,508903090,54328425,1791,-6141,-16,6227,293087550,2115,293087590,2115,-85,-31,14,96,2394,3,131,2391
15453488,7369,508903098,54328382,1792,-6141,-15,6227,293087550,2115,293087600,2115,-85,-30,3,-83,2393,-7,-48,2392
15464007,7369,508903106,54328339,1792,-6141,-14,6227,293087550,2115,293087610,2115,-84,-29,38,-32,2346,28,2,2344
15473617,7369,508903114,54328293,1792,-6142,-13,6227,293087600,2115,293087620,2115,-84,-29,43,-45,2367,34,-11,2365
15483543,7369,508903122,54328250,1792,-6142,-12,6227,293087600,2115,293087630,2115,-83,-28,46,83,2442,36,118,2439
15493484,7369,508903130,54328207,1792,-6142,-12,6227,293087600,2115,293087640,2115,-83,-28,32,-99,2413,22,-64,2412
15504375,7369,508903138,54328164,1793,-6143,-12,6227,293087600,2115,293087650,2115,-83,-27,48,-89,2496,39,-53,2495
15514195,7369,508903146,54328121,1792,-6143,-11,6227,293087600,2115,293087660,2115,-83,-27,13,63,2428,3,97,2425
15523629,7369,508903154,54328075,1791,-6143,-11,6227,293087650,2115,293087670,2115,-83,-28,9,19,2441,-1,54,2438
15533549,7369,508903163,54328032,1791,-6143,-10,6227,293087650,2115,293087680,2115,-83,-28,29,-22,2377,20,12,2376
15543465,7369,508903171,54327988,1791,-6143,-9,6227,293087650,2115,293087690,2115,-84,-28,29,-10,2412,19,25,2411
15553480,7369,508903179,54327945,1791,-6144,-8,6227,293087650,2115,293087700,2115,-84,-29,46,-37,2391,37,-2,2389
15564907,7369,508903187,54327902,1791,-6144,-8,6227,293087650,2115,293087710,2115,-84,-29,20,-26,2511,10,11,2509
15573709,7369,508903195,54327856,1791,-6144,-8,6227,293087700,2115,293087720,2115,-85,-30,46,-15,2497,35,22,2495
15584340,7369,508903203,54327813,1791,-6145,-8,6227,293087700,2115,293087730,2115,-86,-31,55,21,2524,43,59,2522
15593464,7369,508903211,54327770,1790,-6145,-8,6227,293087700,2115,293087740,2115,-86,-32,13,26,2529,0,63,2527
15603489,7369,508903219,54327727,1790,-6145,-8,6227,293087700,2115,293087750,2115,-87,-33,48,-8,2510,35,29,2509
15613729,7369,508903227,54327684,1790,-6145,-9,6227,293087700,2115,293087760,2115,-88,-34,7,-79,2548,-6,-40,2547
15623641,7369,508903235,54327638,1790,-6145,-9,6227,293087750,2115,293087770,2115,-89,-35,11,5,2541,-3,43,2539
15633551,7370,508903243,54327595,1790,-6145,-9,6227,293087750,2115,293087780,2115,-89,-36,-1,-28,2523,-15,10,2522
15643469,7370,508903251,54327552,1789,-6145,-10,6227,293087750,2115,293087790,2115,-90,-37,34,30,2600,18,71,2597
15653481,7370,508903259,54327509,1789,-6145,-11,6227,293087750,2115,293087800,2115,-90,-38,60,-2,2619,44,39,2617
15663726,7370,508903267,54327466,1789,-6146,-12,6227,293087750,2115,293087810,2115,-91,-40,26,-54,2596,11,-13,2594
15673637,7370,508903275,54327420,1788,-6146,-12,6227,293087800,2115,293087820,2115,-91,-41,31,59,2606,14,100,2603
15683543,7370,508903283,54327376,1788,-6146,-13,6227,293087800,2115,293087830,2115,-92,-42,13,-88,2546,-3,-47,2545
15693466,7370,508903291,54327333,1788,-6145,-13,6227,293087800,2115,293087840,2115,-92,-42,-31,-30,2510,-47,9,2508
15703464,7370,508903299,54327290,1788,-6145,-13,6227,293087800,2115,293087850,2115,-92,-43,-13,-19,2543,-29,21,2541
15714843,7370,508903307,54327247,1788,-6146,-14,6227,293087800,2115,293087860,2115,-92,-43,52,28,2630,35,70,2627
15723764,7370,508903315,54327201,1788,-6146,-15,6227,293087850,2115,293087870,2115,-92,-43,69,-39,2677,51,4,2676
15733799,7370,508903323,54327158,1788,-6146,-16,6227,293087850,2115,293087880,2115,-92,-44,59,-80,2596,41,-39,2596
15743745,7370,508903331,54327115,1788,-6146,-16,6227,293087850,2115,293087890,2115,-92,-44,17,-46,2519,0,-6,2518
15753500,7370,508903339,54327072,1788,-6146,-16,6227,293087850,2115,293087900,2115,-91,-44,-34,-44,2441,-50,-6,2439
15763769,7370,508903347,54327029,1787,-6146,-15,6227,293087850,2115,293087910,2115,-90,-42,-31,45,2361,-46,82,2358
15773621,7370,508903355,54326983,1788,-6145,-14,6227,293087900,2115,293087920,2115,-90,-41,-8,-139,2410,-23,-101,2410
15783553,7371,508903363,54326940,1788,-6145,-14,6227,293087900,2115,293087930,2115,-90,-40,25,-25,2536,10,15,2534
15793518,7371,508903371,54326897,1788,-6146,-15,6227,293087900,2115,293087940,2115,-90,-38,86,-63,2647,70,-21,2646
15803504,7371,508903379,54326854,1788,-6146,-16,6227,293087900,2115,293087950,2115,-90,-37,78,7,2587,63,48,2585
15813747,7371,508903387,54326810,1789,-6147,-17,6227,293087900,2115,293087960,2115,-89,-36,37,-85,2563,24,-45,2562
15824390,7371,508903395,54326765,1788,-6146,-16,6227,293087950,2115,293087970,2115,-89,-34,-42,-21,2444,-54,16,2442
15833543,7372,508903404,54326721,1788,-6146,-14,6227,293087950,2115,293087980,2115,-89,-33,-65,11,2272,-77,45,2269
15843530,7372,508903412,54326678,1788,-6145,-13,6227,293087950,2115,293087990,2115,-89,-31,-14,-75,2328,-24,-40,2327
15853683,7372,508903420,54326635,1788,-6146,-11,6227,293087950,2115,293088000,2115,-89,-30,38,-28,2275,28,6,2274
15863726,7372,508903428,54326592,1787,-6147,-10,6227,293087950,2115,293088010,2115,-89,-29,140,63,2371,130,99,2369
15873626,7372,508903436,54326546,1788,-6148,-10,6227,293088000,2115,293088020,2115,-88,-29,154,-50,2451,143,-12,2450
15883552,7372,508903444,54326503,1788,-6149,-10,6227,293088000,2115,293088030,2115,-87,-29,87,-37,2505,77,1,2504
15893466,7372,508903452,54326460,1788,-6149,-10,6227,293088000,2115,293088040,2115,-86,-30,-1,-35,2481,-12,2,2480
15903465,7372,508903460,54326417,1787,-6148,-9,6227,293088000,2115,293088050,2115,-85,-30,-84,58,2408,-95,93,2404
15913736,7372,508903468,54326374,1787,-6148,-8,6227,293088000,2115,293088060,2115,-84,-30,-42,-72,2438,-53,-37,2437
15923613,7373,508903476,54326328,1788,-6148,-9,6227,293088050,2115,293088070,2115,-83,-31,44,-96,2573,32,-59,2573
15933573,7373,508903484,54326284,1787,-6149,-10,6227,293088050,2115,293088080,2115,-82,-32,98,41,2605,85,78,2603
15943469,7373,508903492,54326241,1787,-6149,-11,6227,293088050,2115,293088090,2115,-81,-34,86,-5,2615,73,32,2614
15953491,7373,508903500,54326198,1788,-6149,-12,6227,293088050,2115,293088100,2115,-79,-35,26,-56,2691,11,-19,2689
15963744,7373,508903508,54326155,1788,-6149,-13,6227,293088050,2115,293088110,2115,-77,-37,-25,-74,2640,-40,-39,2639
15973636,7373,508903516,54326109,1787,-6148,-14,6227,293088100,2115,293088120,2115,-75,-39,-36,-27,2580,-52,6,2578
15984039,7373,508903524,54326066,1787,-6148,-14,6228,293088100,2115,293088130,2115,-73,-40,-14,19,2585,-30,52,2583
15993471,7373,508903532,54326023,1787,-6149,-16,6228,293088100,2115,293088140,2115,-71,-42,61,-61,2686,43,-28,2685
16003478,7373,508903540,54325980,1788,-6149,-17,6228,293088100,2115,293088150,2115,-68,-44,63,-123,2691,45,-91,2691
16013779,7373,508903548,54325937,1787,-6149,-19,6228,293088100,2115,293088160,2115,-66,-46,27,65,2717,7,96,2714
16023618,7373,508903556,54325891,1788,-6149,-20,6228,293088150,2115,293088170,2115,-63,-47,9,-75,2689,-11,-46,2688
16033558,7374,508903564,54325847,1788,-6148,-22,6228,293088150,2115,293088180,2115,-60,-49,-13,-164,2748,-34,-136,2747
16043476,7374,508903572,54325804,1788,-6148,-23,6228,293088150,2115,293088190,2115,-57,-50,-37,3,2639,-58,28,2637
16053509,7374,508903580,54325761,1788,-6148,-25,6228,293088150,2115,293088200,2115,-55,-50,-1,41,2641,-22,65,2638
16063724,7374,508903588,54325718,1788,-6148,-26,6228,293088150,2115,293088210,2115,-52,-50,3,-119,2646,-18,-95,2645
16073630,7375,508903596,54325672,1789,-6147,-27,6228,293088200,2115,293088220,2115,-50,-50,23,-138,2666,3,-115,2665
16083559,7375,508903604,54325629,1789,-6147,-28,6228,293088200,2115,293088230,2115,-48,-50,1,38,2688,-21,61,2685
16093740,7375,508903612,54325586,1788,-6147,-30,6228,293088200,2115,293088240,2115,-47,-49,26,25,2675,5,47,2673
16103467,7376,508903620,54325543,1789,-6147,-31,6228,293088200,2115,293088250,2115,-45,-49,20,-57,2641,0,-37,2640
16113728,7376,508903628,54325500,1789,-6147,-31,6228,293088200,2115,293088260,2115,-43,-48,-3,-14,2584,-23,5,2582
16123875,7377,508903636,54325454,1789,-6147,-32,6228,293088250,2115,293088270,2115,-42,-47,0,-25,2561,-19,-6,2559
16133541,7377,508903644,54325411,1789,-6147,-32,6228,293088250,2115,293088280,2115,-41,-46,8,-31,2505,-10,-13,2504
16144273,7377,508903652,54325368,1788,-6147,-32,6228,293088250,2115,293088290,2115,-39,-45,11,42,2479,-7,59,2477
16154296,7378,508903661,54325324,1788,-6147,-31,6228,293088250,2115,293088300,2115,-38,-44,15,-24,2429,-1,-9,2427
16164003,7378,508903669,54325281,1788,-6147,-30,6228,293088250,2115,293088310,2115,-38,-43,36,42,2398,20,58,2396
16173644,7378,508903677,54325235,1788,-6147,-30,6228,293088300,2115,293088320,2115,-37,-42,51,43,2421,35,59,2419
16184222,7379,508903685,54325192,1787,-6148,-29,6228,293088300,2115,293088330,2115,-36,-41,64,14,2427,48,29,2425
16193477,7379,508903693,54325149,1787,-6148,-28,6228,293088300,2115,293088340,2115,-35,-40,15,-11,2427,0,3,2426
16203488,7379,508903701,54325106,1787,-6148,-28,6228,293088300,2115,293088350,2115,-35,-40,-4,63,2485,-19,78,2483
16214153,7379,508903709,54325063,1787,-6148,-28,6228,293088300,2115,293088360,2115,-34,-39,9,-13,2439,-6,1,2437
16224429,7380,508903717,54325017,1786,-6148,-28,6228,293088350,2115,293088370,2115,-33,-38,24,28,2518,9,42,2516
16233550,7380,508903725,54324974,1786,-6148,-28,6228,293088350,2115,293088380,2115,-33,-38,30,40,2468,16,53,2466
16244298,7380,508903733,54324931,1786,-6149,-28,6228,293088350,2115,293088390,2115,-32,-37,28,52,2534,13,66,2532
16253475,7380,508903741,54324888,1785,-6149,-27,6228,293088350,2115,293088400,2115,-31,-37,-5,69,2429,-19,82,2426
16264508,7381,508903749,54324844,1785,-6149,-27,6228,293088350,2115,293088410,2115,-29,-37,14,-80,2459,1,-68,2458
16273762,7381,508903757,54324798,1785,-6149,-26,6228,293088400,2115,293088420,2115,-28,-36,9,69,2373,-4,80,2371
16283556,7381,508903765,54324755,1784,-6149,-25,6228,293088400,2115,293088430,2115,-27,-36,37,67,2404,24,78,2403
16293495,7381,508903773,54324712,1784,-6149,-24,6228,293088400,2115,293088440,2115,-26,-37,41,18,2389,27,28,2387
16303968,7381,508903781,54324669,1784,-6150,-24,6228,293088400,2115,293088450,2115,-24,-37,33,-5,2471,19,5,2470
16313741,7381,508903789,54324626,1784,-6150,-24,6228,293088400,2115,293088460,2115,-23,-37,27,11,2449,12,20,2447
16323623,7381,508903797,54324580,1784,-6150,-23,6228,293088450,2115,293088470,2115,-21,-38,30,3,2411,16,12,2409
16334405,7381,508903805,54324537,1784,-6150,-22,6228,293088450,2115,293088480,2115,-19,-38,4,-13,2388,-10,-6,2386
16343663,7382,508903813,54324494,1783,-6150,-22,6228,293088450,2115,293088490,2115,-17,-38,-2,49,2494,-16,56,2492
16353786,7382,508903821,54324451,1783,-6150,-22,6228,293088450,2115,293088500,2115,-15,-38,2,51,2478,-13,57,2476
16365279,7382,508903829,54324407,1783,-6150,-22,6228,293088450,2115,293088510,2115,-13,-38,46,-69,2523,32,-64,2521
16373668,7382,508903837,54324361,1783,-6150,-22,6228,293088500,2115,293088520,2115,-11,-38,14,30,2489,-1,35,2487
16383556,7382,508903845,54324318,1782,-6150,-22,6228,293088500,2115,293088530,2115,-9,-38,7,77,2498,-8,81,2496
16393551,7382,508903853,54324275,1782,-6150,-22,6228,293088500,2115,293088540,2115,-7,-39,20,36,2474,6,39,2472
16404041,7382,508903861,54324232,1783,-6150,-21,6228,293088500,2115,293088550,2115,-5,-39,11,-73,2423,-3,-71,2421
16413752,7382,508903869,54324189,1783,-6150,-20,6228,293088500,2115,293088560,2115,-2,-39,5,8,2386,-9,8,2385
16424392,7383,508903877,54324143,1783,-6150,-19,6228,293088550,2115,293088570,2115,0,-39,24,18,2367,10,18,2366
16434075,7383,508903885,54324100,1782,-6150,-19,6228,293088550,2115,293088580,2115,2,-39,29,47,2454,14,46,2453
16444068,7383,508903893,54324057,1783,-6150,-18,6228,293088550,2115,293088590,2115,4,-39,30,-28,2468,16,-30,2466
16454097,7383,508903901,54324013,1783,-6150,-18,6228,293088550,2115,293088600,2115,6,-39,26,-21,2504,11,-24,2502
16463755,7383,508903909,54323970,1782,-6150,-18,6228,293088550,2115,293088610,2115,8,-40,13,59,2453,-2,55,2452
16473634,7384,508903917,54323924,1782,-6150,-17,6228,293088600,2115,293088620,2115,10,-40,6,-39,2442,-9,-44,2440
16483549,7384,508903925,54323881,1782,-6150,-17,6228,293088600,2115,293088630,2115,12,-40,18,15,2440,3,10,2439
16494212,7384,508903933,54323838,1782,-6150,-17,6228,293088600,2115,293088640,2115,14,-40,30,2,2471,15,-4,2470
16503470,7384,508903941,54323795,1782,-6150,-16,6228,293088600,2115,293088650,2115,15,-40,0,52,2465,-15,45,2463
16514091,7385,508903949,54323752,1782,-6150,-16,6228,293088600,2115,293088660,2115,16,-40,9,31,2456,-6,23,2454
16523650,7385,508903957,54323706,1783,-6150,-16,6228,293088650,2115,293088670,2115,18,-40,34,-30,2476,19,-38,2474
16533566,7385,508903965,54323663,1783,-6150,-16,6228,293088650,2115,293088680,2115,19,-39,15,38,2477,0,29,2476
16543627,7385,508903973,54323620,1782,-6151,-15,6228,293088650,2115,293088690,2115,21,-39,28,55,2469,13,46,2468
16553477,7386,508903981,54323576,1782,-6151,-15,6228,293088650,2115,293088700,2115,21,-39,14,10,2509,-1,0,2507
16563723,7386,508903989,54323533,1782,-6150,-15,6228,293088650,2115,293088710,2115,22,-39,-20,55,2503,-35,45,2501
16574135,7386,508903997,54323487,1781,-6151,-15,6228,293088700,2115,293088720,2115,22,-38,20,42,2439,6,31,2437
16583569,7387,508904005,54323444,1780,-6151,-15,6228,293088700,2115,293088730,2115,23,-38,24,85,2461,9,75,2460
16594364,7387,508904013,54323401,1780,-6151,-14,6228,293088700,2115,293088740,2115,24,-38,19,53,2459,4,42,2457
16603485,7387,508904021,54323358,1780,-6151,-14,6228,293088700,2115,293088750,2115,24,-38,26,52,2502,12,41,2501
16613839,7387,508904029,54323315,1780,-6151,-13,6228,293088700,2115,293088760,2115,24,-38,22,22,2402,9,12,2401
16624173,7388,508904037,54323269,1780,-6152,-13,6228,293088750,2115,293088770,2115,25,-37,28,69,2446,14,58,2444
16633537,7388,508904045,54323226,1779,-6152,-12,6228,293088750,2115,293088780,2115,24,-37,-12,119,2434,-26,108,2432
16643496,7388,508904053,54323182,1778,-6152,-13,6228,293088750,2115,293088790,2115,24,-37,19,114,2528,4,103,2527
16653475,7389,508904061,54323139,1778,-6152,-13,6228,293088750,2115,293088800,2115,24,-37,33,-32,2516,19,-43,2514
16664589,7389,508904069,54323096,1778,-6152,-13,6228,293088750,2115,293088810,2115,24,-37,55,50,2557,40,39,2556
16673629,7389,508904077,54323050,1777,-6152,-13,6228,293088800,2115,293088820,2115,24,-37,9,120,2489,-5,109,2488
16683537,7389,508904085,54323007,1777,-6152,-13,6228,293088800,2115,293088830,2115,24,-37,-19,21,2484,-33,10,2483
16693853,7389,508904093,54322964,1776,-6152,-13,6228,293088800,2115,293088840,2115,24,-37,-32,129,2502,-47,118,2500
16703495,7390,508904101,54322921,1776,-6152,-13,6228,293088800,2115,293088850,2115,23,-37,24,36,2550,9,26,2549
16714404,7390,508904109,54322878,1776,-6153,-13,6228,293088800,2115,293088860,2115,23,-37,56,37,2536,42,26,2534
16723960,7390,508904117,54322832,1776,-6153,-14,6228,293088850,2115,293088870,2115,23,-37,55,42,2509,40,32,2507
16733551,7390,508904125,54322788,1775,-6153,-14,6228,293088850,2115,293088880,2115,23,-37,5,48,2531,-10,37,2529
16743491,7390,508904133,54322745,1774,-6153,-13,6228,293088850,2115,293088890,2115,23,-38,6,108,2446,-8,98,2445
16753478,7391,508904141,54322702,1774,-6153,-13,6228,293088850,2115,293088900,2115,23,-37,-4,33,2513,-19,22,2511
16764545,7391,508904149,54322659,1774,-6153,-14,6228,293088850,2115,293088910,2115,23,-38,9,46,2532,-6,35,2530
16773634,7391,508904157,54322613,1774,-6153,-14,6228,293088900,2115,293088920,2115,23,-38,21,46,2576,6,35,2574
16784178,7391,508904165,54322570,1773,-6153,-15,6228,293088900,2115,293088930,2115,24,-38,30,31,2582,15,20,2581
16793467,7392,508904173,54322527,1773,-6154,-16,6228,293088900,2115,293088940,2115,24,-38,26,118,2612,10,106,2611
16803487,7392,508904181,54322483,1773,-6154,-16,6228,293088900,2115,293088950,2115,25,-38,2,-1,2581,-13,-13,2579
16814550,7392,508904189,54322440,1773,-6153,-17,6228,293088900,2115,293088960,2115,26,-39,12,-14,2598,-3,-26,2596
16823609,7392,508904197,54322394,1772,-6153,-17,6228,293088950,2115,293088970,2115,27,-39,-32,62,2470,-47,50,2468
16833538,7392,508904205,54322351,1772,-6153,-17,6228,293088950,2115,293088980,2115,27,-39,14,81,2525,-2,69,2524
16844380,7393,508904213,54322308,1772,-6153,-18,6228,293088950,2115,293088990,2115,28,-40,17,15,2564,1,2,2562
16853506,7393,508904221,54322265,1772,-6154,-18,6228,293088950,2115,293089000,2115,29,-40,65,18,2547,49,5,2545
16863793,7393,508904229,54322222,1772,-6154,-19,6228,293088950,2115,293089010,2115,31,-41,27,5,2591,10,-10,2589
16874975,7393,508904236,54322176,1772,-6154,-19,6228,293089000,2115,293089020,2115,32,-42,13,41,2598,-4,27,2596
16883562,7394,508904244,54322133,1771,-6154,-20,6228,293089000,2115,293089030,2115,33,-42,-3,83,2595,-20,67,2594
16893483,7394,508904252,54322089,1771,-6154,-21,6228,293089000,2115,293089040,2115,34,-43,-3,9,2598,-21,-7,2596
16904020,7394,508904260,54322046,1771,-6154,-22,6228,293089000,2115,293089050,2115,35,-43,10,14,2611,-8,-3,2609
16913741,7395,508904268,54322003,1771,-6154,-23,6228,293089000,2115,293089060,2115,37,-43,9,37,2624,-9,20,2622
16923862,7395,508904276,54321957,1771,-6154,-23,6228,293089050,2115,293089070,2115,38,-44,8,91,2583,-10,74,2582
16934202,7395,508904284,54321914,1771,-6154,-24,6228,293089050,2115,293089080,2115,39,-44,21,-4,2603,3,-22,2601
16943488,7396,508904292,54321871,1771,-6154,-24,6228,293089050,2115,293089090,2115,40,-44,11,20,2566,-7,1,2564
16953489,7396,508904300,54321828,1770,-6154,-25,6228,293089050,2115,293089100,2115,42,-44,2,80,2567,-16,61,2566
16963803,7396,508904308,54321784,1770,-6154,-26,6228,293089050,2115,293089110,2115,43,-44,31,67,2576,13,47,2575
16973629,7397,508904316,54321738,1770,-6154,-26,6228,293089100,2115,293089120,2115,44,-44,4,43,2520,-13,24,2519
16983553,7397,508904324,54321695,1770,-6154,-26,6228,293089100,2115,293089130,2115,46,-44,5,40,2542,-13,19,2540
16993488,7397,508904332,54321652,1770,-6154,-26,6228,293089100,2115,293089140,2115,47,-43,19,13,2480,2,-8,2478
17003482,7398,508904340,54321609,1769,-6154,-26,6228,293089100,2115,293089150,2115,48,-43,-1,127,2541,-19,105,2540
17013725,7398,508904348,54321566,1769,-6154,-27,6229,293089100,2115,293089160,2115,49,-42,7,21,2562,-10,-2,2560
17023631,7398,508904356,54321520,1769,-6154,-27,6229,293089150,2115,293089170,2115,50,-41,28,52,2569,11,29,2567
17033547,7399,508904364,54321477,1768,-6154,-27,6229,293089150,2115,293089180,2115,52,-40,6,84,2520,-10,61,2519
17043515,7399,508904372,54321433,1768,-6154,-27,6229,293089150,2115,293089190,2115,53,-39,-13,39,2493,-28,16,2491
17053495,7399,508904380,54321390,1768,-6154,-27,6229,293089150,2115,293089200,2115,54,-39,6,11,2446,-8,-12,2444
17063724,7399,508904388,54321347,1767,-6154,-26,6229,293089150,2115,293089210,2115,55,-37,20,122,2384,6,98,2383
17073620,7400,508904395,54321301,1767,-6154,-25,6229,293089200,2115,293089220,2115,56,-36,31,25,2355,17,1,2354
17083582,7400,508904403,54321258,1767,-6154,-23,6229,293089200,2115,293089230,2115,57,-36,8,25,2364,-5,1,2363
17093485,7400,508904411,54321215,1766,-6154,-22,6229,293089200,2115,293089240,2115,58,-35,25,115,2373,12,90,2372
17103485,7400,508904419,54321172,1766,-6155,-22,6229,293089200,2115,293089250,2115,59,-34,28,30,2412,15,5,2410
17113731,7400,508904427,54321128,1766,-6155,-21,6229,293089200,2115,293089260,2115,60,-33,26,85,2419,13,59,2418
17123649,7401,508904435,54321082,1766,-6155,-21,6229,293089250,2115,293089270,2115,61,-32,36,13,2409,25,-13,2407
17133537,7401,508904443,54321039,1765,-6155,-20,6229,293089250,2115,293089280,2115,62,-31,9,118,2416,-3,92,2415
17143465,7401,508904451,54320996,1765,-6155,-20,6229,293089250,2115,293089290,2115,63,-31,14,35,2429,3,8,2427
17153518,7401,508904459,54320953,1765,-6155,-19,6229,293089250,2115,293089300,2115,64,-30,20,34,2411,9,6,2410
17163831,7401,508904467,54320910,1764,-6155,-17,6229,293089250,2115,293089310,2115,65,-30,-5,92,2334,-16,65,2333
17173620,7402,508904475,54320864,1764,-6156,-17,6229,293089300,2115,293089320,2115,67,-30,25,39,2383,14,11,2382
17183575,7402,508904483,54320821,1764,-6156,-16,6229,293089300,2115,293089330,2115,68,-30,34,71,2366,23,42,2365
17193476,7402,508904491,54320777,1764,-6156,-15,6229,293089300,2115,293089340,2115,69,-30,40,29,2347,30,0,2345
17203478,7402,508904498,54320734,1764,-6156,-13,6229,293089300,2115,293089350,2115,71,-31,16,42,2335,5,13,2334
17213722,7402,508904506,54320691,1763,-6157,-12,6229,293089300,2115,293089360,2115,72,-31,56,65,2382,45,35,2381
17223628,7402,508904514,54320645,1763,-6157,-12,6229,293089350,2115,293089370,2115,73,-32,5,78,2414,-7,47,2413
17233551,7403,508904522,54320602,1763,-6157,-12,6229,293089350,2115,293089380,2115,75,-33,39,9,2521,27,-24,2520
17243517,7403,508904530,54320559,1763,-6157,-11,6229,293089350,2115,293089390,2115,76,-33,0,73,2453,-13,40,2452
17253496,7403,508904538,54320515,1762,-6157,-12,6229,293089350,2115,293089400,2115,78,-34,24,44,2536,11,10,2535
17263728,7403,508904546,54320472,1762,-6157,-11,6229,293089350,2115,293089410,2115,79,-35,11,98,2452,-2,63,2452
17273664,7404,508904554,54320426,1763,-6157,-10,6229,293089400,2115,293089420,2115,81,-36,-12,50,2469,-26,15,2468
17283576,7404,508904562,54320383,1763,-6157,-10,6229,293089400,2115,293089430,2115,83,-37,9,-22,2497,-5,-58,2495
17293489,7404,508904570,54320340,1762,-6157,-10,6229,293089400,2115,293089440,2115,84,-39,-6,114,2475,-21,77,2474
17303506,7405,508904578,54320297,1762,-6157,-10,6229,293089400,2115,293089450,2115,85,-40,25,101,2528,9,63,2527
17313783,7405,508904586,54320253,1763,-6157,-11,6229,293089400,2115,293089460,2115,86,-41,50,-38,2568,33,-77,2566
17324161,7405,508904593,54320207,1763,-6157,-11,6229,293089450,2115,293089470,2115,88,-42,38,61,2537,21,22,2536
17334391,7405,508904601,54320164,1763,-6157,-12,6229,293089450,2115,293089480,2115,88,-43,18,67,2540,1,27,2539
17343856,7406,508904609,54320121,1762,-6157,-12,6229,293089450,2115,293089490,2115,89,-44,-36,116,2571,-55,75,2570
17353467,7406,508904617,54320078,1762,-6157,-12,6229,293089450,2115,293089500,2115,90,-45,-8,82,2521,-26,41,2520
17363748,7407,508904625,54320035,1762,-6157,-13,6229,293089450,2115,293089510,2115,91,-46,-9,40,2616,-28,-2,2614
17373638,7407,508904633,54319989,1762,-6157,-14,6229,293089500,2115,293089520,2115,91,-47,35,75,2566,16,34,2565
17384490,7407,508904641,54319945,1762,-6157,-15,6229,293089500,2115,293089530,2115,92,-48,33,51,2600,13,9,2599
17393482,7407,508904649,54319902,1761,-6157,-15,6229,293089500,2115,293089540,2115,92,-48,16,60,2572,-4,18,2571
17403466,7408,508904657,54319859,1761,-6157,-16,6229,293089500,2115,293089550,2115,92,-48,14,132,2618,-7,90,2618
17413854,7408,508904665,54319816,1760,-6157,-17,6229,293089500,2115,293089560,2115,93,-48,-16,80,2573,-36,38,2572
17423672,7408,508904673,54319770,1760,-6157,-17,6229,293089550,2115,293089570,2115,93,-48,4,22,2599,-16,-21,2597
17433543,7408,508904681,54319727,1760,-6156,-18,6229,293089550,2115,293089580,2115,93,-48,-3,93,2563,-23,51,2562
17443498,7408,508904689,54319684,1759,-6157,-18,6229,293089550,2115,293089590,2115,93,-48,31,87,2594,11,44,2594
17453492,7408,508904696,54319640,1759,-6157,-19,6229,293089550,2115,293089600,2115,93,-47,20,70,2578,0,27,2577
17463738,7408,508904704,54319597,1759,-6157,-20,6229,293089550,2115,293089610,2115,93,-47,46,64,2592,27,22,2591
17473634,7408,508904712,54319551,1759,-6157,-20,6229,293089600,2115,293089620,2115,92,-46,15,80,2579,-4,38,2578
17483573,7408,508904720,54319508,1758,-6157,-20,6229,293089600,2115,293089630,2115,92,-45,-5,110,2472,-23,70,2472
17493509,7408,508904728,54319465,1758,-6157,-20,6229,293089600,2115,293089640,2115,91,-43,-12,89,2482,-29,49,2481
17503497,7408,508904736,54319422,1758,-6156,-19,6229,293089600,2115,293089650,2115,91,-42,-13,-4,2476,-29,-43,2474
17513757,7408,508904744,54319378,1757,-6157,-19,6229,293089600,2115,293089660,2115,90,-41,35,94,2508,19,54,2508
17523638,7408,508904752,54319332,1757,-6157,-19,6229,293089650,2115,293089670,2115,90,-39,60,94,2486,44,55,2486
17533597,7408,508904760,54319289,1757,-6158,-20,6229,293089650,2115,293089680,2115,89,-38,59,51,2533,44,11,2532
17543497,7408,508904768,54319246,1757,-6158,-19,6229,293089650,2115,293089690,2115,89,-37,0,56,2460,-15,17,2458
17553508,7408,508904775,54319203,1756,-6158,-19,6229,293089650,2115,293089700,2115,88,-36,-17,118,2483,-31,79,2482
17563753,7408,508904783,54319160,1756,-6158,-18,6229,293089650,2115,293089710,2115,88,-35,6,48,2402,-7,10,2400
17573631,7408,508904791,54319114,1756,-6158,-18,6229,293089700,2115,293089720,2115,88,-34,25,31,2416,12,-7,2414
17583580,7408,508904799,54319070,1756,-6158,-17,6229,293089700,2115,293089730,2115,88,-33,54,78,2399,42,40,2398
17593486,7407,508904807,54319027,1756,-6158,-17,6229,293089700,2115,293089740,2115,88,-32,47,45,2444,35,7,2443
17603484,7407,508904815,54318984,1756,-6159,-16,6229,293089700,2115,293089750,2115,88,-31,25,72,2475,13,34,2474
17613766,7407,508904823,54318941,1756,-6159,-16,6229,293089700,2115,293089760,2115,88,-31,13,71,2502,1,32,2501
17623646,7407,508904831,54318895,1756,-6159,-16,6229,293089750,2115,293089770,2115,88,-30,-8,36,2446,-19,-2,2444
17633549,7407,508904839,54318852,1756,-6159,-15,6229,293089750,2115,293089780,2115,89,-30,19,33,2439,8,-5,2438
17643524,7407,508904846,54318808,1756,-6158,-15,6229,293089750,2115,293089790,2115,89,-29,-7,-12,2434,-17,-50,2432
17653524,7406,508904854,54318765,1756,-6159,-14,6229,293089750,2115,293089800,2115,89,-29,43,72,2395,33,34,2394
17663788,7406,508904862,54318722,1756,-6159,-14,6229,293089750,2115,293089810,2115,90,-29,14,47,2451,4,8,2450
17673645,7406,508904870,54318676,1756,-6159,-14,6229,293089800,2115,293089820,2115,90,-29,28,-14,2510,17,-53,2508
17683553,7406,508904878,54318633,1756,-6159,-14,6229,293089800,2115,293089830,2115,90,-29,2,86,2485,-9,47,2484
17693511,7406,508904886,54318590,1756,-6159,-13,6229,293089800,2115,293089840,2115,91,-29,10,17,2463,0,-22,2461
17703498,7406,508904894,54318546,1756,-6159,-13,6229,293089800,2115,293089850,2115,92,-29,42,-3,2451,31,-43,2449
17714067,7406,508904902,54318503,1756,-6159,-12,6229,293089800,2115,293089860,2115,93,-30,-2,56,2405,-13,17,2404
17723658,7406,508904910,54318457,1756,-6159,-11,6229,293089850,2115,293089870,2115,94,-30,20,63,2424,9,23,2423
17733575,7406,508904918,54318414,1757,-6159,-11,6229,293089850,2115,293089880,2115,95,-31,30,-30,2513,18,-72,2510
17743506,7406,508904925,54318371,1756,-6159,-12,6229,293089850,2115,293089890,2115,96,-31,29,75,2560,16,32,2559
17753480,7406,508904933,54318327,1757,-6159,-12,6229,293089850,2115,293089900,2115,97,-32,34,-28,2504,22,-71,2502
17763711,7406,508904941,54318284,1757,-6159,-12,6229,293089850,2115,293089910,2115,98,-33,43,11,2545,30,-33,2543
17774347,7407,508904949,54318238,1757,-6159,-12,6229,293089900,2115,293089920,2115,99,-34,12,39,2448,-1,-4,2446
17783558,7407,508904957,54318195,1757,-6159,-12,6229,293089900,2115,293089930,2115,101,-35,3,77,2496,-11,33,2495
17793479,7407,508904965,54318152,1757,-6159,-11,6229,293089900,2115,293089940,2115,102,-36,0,-8,2454,-14,-52,2451
17803507,7407,508904973,54318109,1758,-6159,-12,6229,293089900,2115,293089950,2115,103,-36,0,5,2530,-14,-41,2528
17813755,7407,508904981,54318065,1757,-6159,-12,6229,293089900,2115,293089960,2115,105,-37,4,79,2535,-11,32,2534
17823657,7407,508904989,54318019,1758,-6159,-13,6229,293089950,2115,293089970,2115,106,-37,31,33,2598,16,-16,2596
17833986,7408,508904997,54317976,1758,-6159,-13,6229,293089950,2115,293089980,2115,108,-38,39,16,2576,24,-32,2574
17843497,7408,508905004,54317933,1758,-6159,-14,6229,293089950,2115,293089990,2115,110,-38,2,-7,2556,-13,-56,2554
17853488,7408,508905012,54317890,1758,-6159,-14,6229,293089950,2115,293090000,2115,111,-38,8,101,2541,-7,51,2540
17864138,7408,508905020,54317847,1758,-6159,-14,6229,293089950,2115,293090010,2115,112,-38,-4,78,2490,-19,29,2489
17873629,7408,508905028,54317800,1758,-6159,-14,6229,293090000,2115,293090020,2115,114,-39,11,26,2516,-4,-24,2514
17883568,7409,508905036,54317757,1758,-6159,-14,6229,293090000,2115,293090030,2115,115,-39,28,-10,2471,14,-60,2469
17893511,7409,508905044,54317714,1758,-6159,-14,6229,293090000,2115,293090040,2115,117,-39,36,87,2515,21,35,2515
17903521,7409,508905052,54317671,1758,-6159,-14,6229,293090000,2115,293090050,2115,119,-40,45,42,2482,30,-10,2481
17914110,7409,508905060,54317628,1758,-6159,-13,6229,293090000,2115,293090060,2115,121,-40,44,87,2477,28,34,2477
17923634,7410,508905068,54317582,1758,-6159,-13,6229,293090050,2115,293090070,2115,123,-41,18,11,2476,3,-42,2474
17933592,7410,508905076,54317538,1758,-6159,-14,6229,293090050,2115,293090080,2115,124,-41,16,32,2570,0,-24,2568
17943478,7410,508905084,54317495,1758,-6159,-14,6229,293090050,2115,293090090,2115,126,-42,2,84,2550,-15,27,2549
17953494,7410,508905091,54317452,1758,-6159,-15,6229,293090050,2115,293090100,2115,127,-42,23,122,2608,6,64,2608
17963868,7410,508905099,54317409,1758,-6160,-15,6229,293090050,2115,293090110,2115,129,-43,51,-30,2570,34,-88,2567
17973655,7411,508905107,54317363,1758,-6160,-16,6229,293090100,2115,293090120,2115,131,-43,26,137,2577,8,77,2577
17983564,7411,508905115,54317320,1758,-6159,-16,6229,293090100,2115,293090130,2115,133,-43,-7,35,2452,-24,-23,2451
17993595,7411,508905123,54317276,1758,-6159,-16,6229,293090100,2115,293090140,2115,135,-44,4,67,2549,-13,6,2548
18003504,7411,508905131,54317233,1757,-6159,-16,6229,293090100,2115,293090150,2115,136,-44,-21,145,2533,-40,84,2533
18013758,7412,508905139,54317190,1758,-6159,-17,6229,293090100,2115,293090160,2115,138,-44,33,37,2592,15,-25,2590
18023636,7412,508905147,54317144,1757,-6160,-18,6229,293090150,2115,293090170,2115,139,-45,36,111,2592,18,48,2592
18033550,7412,508905155,54317101,1757,-6160,-19,6230,293090150,2115,293090180,2115,140,-45,58,47,2626,39,-17,2625
18043512,7413,508905163,54317057,1757,-6160,-19,6230,293090150,2115,293090190,2115,141,-46,22,134,2598,2,70,2598
18053542,7413,508905171,54317014,1756,-6160,-20,6230,293090150,2115,293090200,2115,143,-46,-20,78,2551,-39,14,2550
18063763,7413,508905178,54316971,1756,-6159,-20,6230,293090150,2115,293090210,2115,144,-46,-26,86,2518,-45,22,2517
18073621,7414,508905186,54316925,1756,-6159,-20,6230,293090200,2115,293090220,2115,145,-47,-14,85,2533,-33,20,2532
18083587,7414,508905194,54316882,1755,-6159,-21,6230,293090200,2115,293090230,2115,146,-47,13,175,2558,-7,109,2560
18093495,7414,508905202,54316839,1755,-6160,-21,6230,293090200,2115,293090240,2115,147,-47,56,87,2579,36,20,2579
18103509,7414,508905210,54316795,1756,-6160,-22,6230,293090200,2115,293090250,2115,148,-47,60,42,2623,41,-26,2621
18114933,7415,508905218,54316752,1755,-6160,-23,6230,293090200,2115,293090260,2115,148,-47,8,121,2567,-12,54,2568
18123653,7415,508905226,54316706,1754,-6160,-24,6230,293090250,2115,293090270,2115,149,-47,-8,173,2604,-29,105,2606
18133599,7415,508905234,54316663,1754,-6160,-25,6230,293090250,2115,293090280,2115,149,-47,-34,52,2624,-53,-17,2623
18144006,7416,508905242,54316620,1754,-6159,-25,6230,293090250,2115,293090290,2115,150,-46,-10,109,2609,-30,41,2609
18153497,7416,508905249,54316577,1754,-6160,-26,6230,293090250,2115,293090300,2115,150,-46,37,93,2568,18,26,2568
18163776,7416,508905257,54316533,1753,-6160,-26,6230,293090250,2115,293090310,2115,150,-46,35,146,2562,16,78,2563
18174223,7417,508905265,54316487,1753,-6160,-27,6230,293090300,2115,293090320,2115,151,-46,25,85,2496,7,19,2495
18183571,7417,508905273,54316444,1753,-6160,-27,6230,293090300,2115,293090330,2115,151,-45,-6,98,2511,-24,31,2511
18193539,7418,508905281,54316401,1752,-6160,-27,6230,293090300,2115,293090340,2115,151,-45,-17,143,2511,-35,77,2512
18203881,7418,508905289,54316358,1752,-6160,-27,6230,293090300,2115,293090350,2115,151,-45,17,100,2589,-2,32,2589
18213742,7418,508905297,54316314,1751,-6160,-28,6230,293090300,2115,293090360,2115,151,-44,36,133,2566,17,65,2567
18223645,7419,508905305,54316268,1751,-6160,-28,6230,293090350,2115,293090370,2115,151,-44,26,72,2499,8,5,2499
18233551,7419,508905313,54316225,1750,-6161,-28,6230,293090350,2115,293090380,2115,151,-44,12,187,2514,-6,120,2517
18243487,7419,508905320,54316182,1750,-6161,-28,6230,293090350,2115,293090390,2115,151,-43,24,49,2479,8,-17,2477
18253490,7420,508905328,54316139,1750,-6161,-28,6230,293090350,2115,293090400,2115,151,-42,-1,148,2505,-18,81,2506
18264919,7420,508905336,54316096,1749,-6161,-28,6230,293090350,2115,293090410,2115,151,-41,-4,125,2476,-20,59,2476
18273635,7420,508905344,54316049,1748,-6160,-27,6230,293090400,2115,293090420,2115,151,-41,-3,148,2484,-20,82,2485
18283577,7421,508905352,54316006,1748,-6161,-27,6230,293090400,2115,293090430,2115,151,-40,29,137,2458,13,72,2459
18294321,7421,508905360,54315963,1748,-6161,-27,6230,293090400,2115,293090440,2115,152,-39,58,81,2488,43,15,2488
18303501,7421,508905368,54315920,1748,-6161,-26,6230,293090400,2115,293090450,2115,152,-38,27,61,2439,12,-4,2438
18313793,7422,508905375,54315877,1747,-6161,-26,6230,293090400,2115,293090460,2115,152,-37,-4,208,2449,-19,142,2452
18323659,7422,508905383,54315831,1746,-6161,-25,6230,293090450,2115,293090470,2115,152,-36,-10,105,2373,-23,41,2373
18333615,7422,508905391,54315787,1746,-6161,-25,6230,293090450,2115,293090480,2115,152,-36,8,59,2438,-6,-6,2437
18343495,7423,508905399,54315744,1746,-6161,-24,6230,293090450,2115,293090490,2115,152,-35,15,140,2385,2,76,2386
18354206,7423,508905407,54315701,1745,-6162,-23,6230,293090450,2115,293090500,2115,152,-34,51,153,2376,38,89,2378
18363796,7423,508905415,54315658,1745,-6162,-21,6230,293090450,2115,293090510,2115,152,-34,45,56,2299,33,-5,2299
18373633,7423,508905423,54315612,1745,-6162,-20,6230,293090500,2115,293090520,2115,152,-33,3,98,2329,-9,36,2329
18384054,7423,508905430,54315568,1745,-6162,-19,6230,293090500,2115,293090530,2115,152,-33,15,99,2384,3,35,2384
18393502,7424,508905438,54315525,1744,-6162,-18,6230,293090500,2115,293090540,2115,152,-33,12,187,2433,-1,122,2435
18403494,7424,508905446,54315482,1744,-6162,-18,6230,293090500,2115,293090550,2115,152,-33,-10,94,2434,-23,29,2434
18414478,7424,508905454,54315439,1744,-6162,-18,6230,293090500,2115,293090560,2115,152,-34,38,82,2475,25,16,2474
18423652,7424,508905462,54315393,1743,-6163,-18,6230,293090550,2115,293090570,2115,152,-35,67,142,2478,53,76,2479
18433565,7425,508905470,54315349,1743,-6164,-17,6230,293090550,2115,293090580,2115,153,-35,48,56,2439,34,-10,2438
18443835,7425,508905477,54315306,1743,-6163,-16,6230,293090550,2115,293090590,2115,153,-36,-13,118,2378,-27,54,2378
18453495,7425,508905485,54315263,1742,-6163,-15,6230,293090550,2115,293090600,2115,153,-37,-45,99,2331,-59,36,2331
18463738,7425,508905493,54315220,1742,-6163,-15,6230,293090550,2115,293090610,2115,153,-38,-12,99,2498,-27,32,2498
18473849,7425,508905501,54315174,1742,-6163,-15,6230,293090600,2115,293090620,2115,153,-39,58,132,2521,42,65,2522
18483586,7426,508905509,54315130,1742,-6164,-16,6230,293090600,2115,293090630,2115,153,-41,82,72,2617,65,2,2617
18494023,7426,508905517,54315087,1742,-6164,-16,6230,293090600,2115,293090640,2115,154,-42,48,86,2537,31,18,2537
18503845,7426,508905524,54315044,1741,-6164,-17,6230,293090600,2115,293090650,2115,154,-43,-3,105,2581,-21,34,2581
18514875,7426,508905532,54315001,1741,-6164,-17,6230,293090600,2115,293090660,2115,155,-44,-42,103,2509,-60,35,2509
18523637,7426,508905540,54314955,1740,-6163,-17,6230,293090650,2115,293090670,2115,155,-45,-68,125,2565,-87,55,2565
18534098,7426,508905548,54314911,1740,-6163,-17,6230,293090650,2115,293090680,2115,156,-46,-6,58,2506,-25,-10,2505
18543536,7426,508905556,54314868,1740,-6163,-18,6230,293090650,2115,293090690,2115,156,-47,45,68,2558,25,-2,2558
18553492,7426,508905564,54314825,1740,-6164,-18,6230,293090650,2115,293090700,2115,156,-48,70,97,2576,50,26,2577
18564386,7426,508905571,54314782,1740,-6164,-19,6230,293090650,2115,293090710,2115,157,-49,63,131,2621,42,59,2622
18573635,7426,508905579,54314736,1740,-6164,-20,6230,293090700,2115,293090720,2115,157,-49,-14,31,2546,-34,-40,2544
18583571,7426,508905587,54314692,1740,-6163,-20,6230,293090700,2115,293090730,2115,158,-50,-42,68,2547,-62,-3,2546
18593801,7426,508905595,54314649,1740,-6163,-20,6230,293090700,2115,293090740,2115,158,-50,-46,96,2562,-67,25,2561
18603499,7426,508905603,54314606,1739,-6163,-20,6230,293090700,2115,293090750,2115,158,-50,11,116,2506,-9,47,2507
18613745,7426,508905610,54314563,1740,-6163,-21,6230,293090700,2115,293090760,2115,159,-50,37,41,2585,16,-31,2583
18624204,7426,508905618,54314517,1740,-6163,-22,6230,293090750,2115,293090770,2115,159,-49,59,73,2560,39,2,2559
18633557,7426,508905626,54314473,1739,-6163,-22,6230,293090750,2115,293090780,2115,159,-49,29,106,2555,9,34,2556
18643522,7426,508905634,54314430,1739,-6163,-22,6230,293090750,2115,293090790,2115,160,-49,-6,56,2538,-26,-15,2536
18654078,7426,508905642,54314387,1739,-6163,-22,6230,293090750,2115,293090800,2115,160,-48,-14,121,2507,-34,50,2507
18664117,7426,508905650,54314344,1739,-6162,-22,6230,293090750,2115,293090810,2115,160,-48,-13,22,2456,-31,-47,2454
18673636,7426,508905657,54314298,1739,-6163,-22,6230,293090800,2115,293090820,2115,161,-47,23,129,2495,4,59,2496
18683581,7426,508905665,54314254,1739,-6163,-21,6230,293090800,2115,293090830,2115,161,-46,41,61,2446,23,-8,2445
18693790,7426,508905673,54314211,1739,-6163,-21,6230,293090800,2115,293090840,2115,161,-45,36,101,2486,18,31,2487
18703506,7426,508905681,54314168,1738,-6163,-21,6230,293090800,2115,293090850,2115,161,-45,-2,119,2516,-20,48,2517
18714112,7427,508905689,54314125,1739,-6163,-22,6230,293090800,2115,293090860,2115,161,-44,12,39,2523,-6,-32,2522
18723659,7427,508905696,54314079,1738,-6163,-22,6230,293090850,2115,293090870,2115,161,-43,-7,96,2491,-24,25,2491
18733564,7427,508905704,54314035,1738,-6163,-21,6230,293090850,2115,293090880,2115,161,-42,7,138,2484,-10,68,2485
18744003,7427,508905712,54313992,1738,-6163,-21,6230,293090850,2115,293090890,2115,161,-42,13,84,2472,-4,14,2472
18753481,7427,508905720,54313949,1738,-6163,-21,6230,293090850,2115,293090900,2115,161,-41,21,90,2472,4,20,2472
18763803,7427,508905728,54313906,1738,-6163,-21,6230,293090850,2115,293090910,2115,161,-40,26,53,2461,11,-16,2460
18773830,7428,508905735,54313860,1737,-6163,-21,6230,293090900,2115,293090920,2115,161,-40,39,123,2472,23,53,2473
18783548,7428,508905743,54313816,1737,-6163,-20,6230,293090900,2115,293090930,2115,160,-39,-14,129,2491,-30,59,2492
18793942,7428,508905751,54313773,1737,-6163,-20,6230,293090900,2115,293090940,2115,160,-39,-16,88,2507,-31,17,2507
18804133,7428,508905759,54313730,1737,-6163,-21,6230,293090900,2115,293090950,2115,160,-39,27,77,2506,12,6,2505
18813749,7428,508905767,54313687,1736,-6163,-20,6230,293090900,2115,293090960,2115,160,-39,32,103,2473,17,34,2473
18823693,7429,508905774,54313641,1736,-6163,-20,6230,293090950,2115,293090970,2115,160,-39,34,60,2486,19,-9,2485
18834386,7429,508905782,54313597,1736,-6163,-20,6230,293090950,2115,293090980,2115,159,-39,-7,92,2481,-22,23,2481
18843526,7429,508905790,54313554,1736,-6163,-20,6230,293090950,2115,293090990,2115,159,-39,-6,163,2551,-22,91,2553
18853511,7429,508905798,54313511,1736,-6163,-21,6230,293090950,2115,293091000,2115,159,-39,-3,29,2530,-19,-42,2527
18863830,7430,508905806,54313468,1735,-6163,-21,6230,293090950,2115,293091010,2115,159,-40,29,122,2592,12,50,2593
18873646,7430,508905813,54313422,1735,-6164,-22,6230,293091000,2115,293091020,2115,159,-40,33,83,2524,16,12,2523
18883557,7430,508905821,54313378,1735,-6164,-22,6230,293091000,2115,293091030,2115,158,-41,27,110,2563,10,39,2563
18893511,7431,508905829,54313335,1735,-6164,-22,6230,293091000,2115,293091040,2115,158,-42,21,77,2523,4,7,2522
18903483,7431,508905837,54313292,1735,-6164,-23,6230,293091000,2115,293091050,2115,158,-43,2,106,2584,-15,34,2584
18913721,7431,508905845,54313249,1734,-6164,-23,6230,293091000,2115,293091060,2115,158,-44,-8,99,2523,-26,29,2523
18923633,7432,508905852,54313203,1734,-6164,-24,6230,293091050,2115,293091070,2115,158,-45,-6,151,2612,-25,78,2613
18933588,7432,508905860,54313159,1733,-6164,-25,6230,293091050,2115,293091080,2115,159,-46,14,112,2604,-6,40,2604
18943533,7432,508905868,54313116,1734,-6164,-26,6230,293091050,2115,293091090,2115,159,-48,55,66,2617,35,-6,2616
18953491,7432,508905876,54313073,1733,-6164,-27,6230,293091050,2115,293091100,2115,159,-49,26,122,2638,4,48,2638
18963753,7433,508905884,54313030,1733,-6164,-28,6230,293091050,2115,293091110,2115,160,-50,4,113,2622,-18,39,2622
18973641,7433,508905891,54312983,1733,-6163,-29,6230,293091100,2115,293091120,2115,160,-51,-46,57,2667,-68,-18,2665
18983566,7433,508905899,54312940,1732,-6163,-31,6230,293091100,2115,293091130,2115,161,-52,-25,163,2719,-49,86,2721
18993478,7433,508905907,54312897,1732,-6163,-32,6230,293091100,2115,293091140,2115,162,-53,-26,113,2669,-50,37,2669
19003514,7434,508905915,54312854,1732,-6163,-33,6230,293091100,2115,293091150,2115,162,-54,56,43,2698,32,-33,2697
19013776,7434,508905922,54312811,1732,-6163,-35,6230,293091100,2115,293091160,2115,163,-55,24,96,2646,0,20,2646
19023640,7434,508905930,54312764,1732,-6163,-35,6230,293091150,2115,293091170,2115,164,-56,-3,81,2607,-27,6,2606
19033570,7434,508905938,54312721,1731,-6163,-37,6230,293091150,2115,293091180,2115,165,-56,-8,135,2660,-33,57,2660
19044380,7434,508905946,54312678,1731,-6162,-37,6230,293091150,2115,293091190,2115,166,-57,-30,104,2610,-54,28,2610
19053505,7435,508905954,54312635,1731,-6162,-39,6231,293091150,2115,293091200,2115,167,-58,2,67,2697,-24,-12,2696
19063740,7435,508905961,54312592,1731,-6162,-40,6231,293091150,2115,293091210,2115,168,-58,9,55,2621,-16,-22,2620
19073634,7435,508905969,54312545,1730,-6162,-41,6231,293091200,2115,293091220,2115,169,-58,31,165,2613,5,87,2615
19083596,7435,508905977,54312502,1730,-6162,-42,6231,293091200,2115,293091230,2115,170,-58,22,84,2613,-3,6,2613
19094281,7436,508905985,54312459,1730,-6162,-43,6231,293091200,2115,293091240,2115,171,-58,-14,49,2620,-39,-29,2618
19103491,7436,508905992,54312416,1730,-6161,-43,6231,293091200,2115,293091250,2115,172,-58,-23,84,2566,-47,7,2565
19113763,7436,508906000,54312373,1730,-6161,-44,6231,293091200,2115,293091260,2115,173,-58,-42,97,2583,-66,19,2582
19123674,7437,508906008,54312327,1729,-6161,-44,6231,293091250,2115,293091270,2115,174,-57,21,169,2589,-3,90,2591
19133576,7437,508906016,54312283,1730,-6161,-45,6231,293091250,2115,293091280,2115,174,-57,32,27,2562,9,-51,2560
19143504,7437,508906024,54312240,1730,-6161,-45,6231,293091250,2115,293091290,2115,175,-56,65,98,2532,42,21,2532
19153492,7437,508906031,54312197,1729,-6161,-45,6231,293091250,2115,293091300,2115,176,-55,11,114,2473,-11,37,2474
19164871,7438,508906039,54312154,1729,-6161,-44,6231,293091250,2115,293091310,2115,176,-54,-46,125,2444,-68,49,2444
19173678,7438,508906047,54312108,1729,-6161,-44,6231,293091300,2115,293091320,2115,177,-53,-45,78,2458,-66,1,2457
19183577,7438,508906055,54312064,1728,-6161,-44,6231,293091300,2115,293091330,2115,177,-52,6,116,2488,-16,38,2489
19193973,7439,508906062,54312021,1728,-6161,-44,6231,293091300,2115,293091340,2115,177,-52,42,124,2447,21,48,2448
19203486,7439,508906070,54311978,1728,-6162,-44,6231,293091300,2115,293091350,2115,178,-51,86,104,2472,66,27,2473
19213753,7439,508906078,54311935,1728,-6162,-43,6231,293091300,2115,293091360,2115,178,-50,50,101,2395,30,26,2395
19223653,7439,508906086,54311889,1727,-6162,-42,6231,293091350,2115,293091370,2115,178,-49,-17,111,2380,-36,37,2380
19233565,7439,508906093,54311845,1727,-6162,-41,6231,293091350,2115,293091380,2115,178,-48,-17,105,2325,-35,33,2325
19243492,7439,508906101,54311802,1727,-6161,-40,6231,293091350,2115,293091390,2115,178,-47,-12,92,2363,-30,18,2363
19253512,7440,508906109,54311759,1726,-6161,-38,6231,293091350,2115,293091400,2115,178,-46,18,140,2350,0,66,2352
19264171,7440,508906117,54311716,1726,-6162,-38,6231,293091350,2115,293091410,2115,178,-46,79,105,2400,61,30,2401
19273638,7440,508906124,54311670,1726,-6162,-36,6231,293091400,2115,293091420,2115,178,-45,49,63,2342,33,-10,2341
19283561,7440,508906132,54311626,1726,-6162,-35,6231,293091400,2115,293091430,2115,178,-44,3,127,2368,-14,53,2369
19293494,7440,508906140,54311583,1726,-6162,-34,6231,293091400,2115,293091440,2115,177,-44,-13,88,2330,-29,16,2329
19303500,7440,508906148,54311540,1725,-6162,-33,6231,293091400,2115,293091450,2115,177,-43,-29,126,2385,-45,51,2386
19313732,7440,508906156,54311497,1725,-6161,-32,6231,293091400,2115,293091460,2115,177,-42,-7,94,2361,-23,21,2360
19323632,7440,508906163,54311451,1725,-6161,-31,6231,293091450,2115,293091470,2115,176,-42,29,38,2396,13,-36,2394
19333572,7440,508906171,54311408,1725,-6162,-29,6231,293091450,2115,293091480,2115,176,-41,49,133,2349,33,60,2350
19343490,7440,508906179,54311364,1725,-6162,-28,6231,293091450,2115,293091490,2115,176,-41,51,79,2357,36,6,2356
19353483,7440,508906187,54311321,1724,-6162,-27,6231,293091450,2115,293091500,2115,175,-41,17,142,2291,2,71,2293
19364420,7440,508906194,54311278,1724,-6162,-26,6231,293091450,2115,293091510,2115,175,-41,-19,93,2351,-34,20,2351
19373659,7440,508906202,54311232,1724,-6162,-25,6231,293091500,2115,293091520,2115,174,-41,-13,72,2412,-29,-2,2411
19383867,7440,508906210,54311189,1724,-6162,-24,6231,293091500,2115,293091530,2115,174,-42,22,86,2377,6,13,2377
19393491,7440,508906218,54311145,1724,-6162,-23,6231,293091500,2115,293091540,2115,173,-42,47,154,2406,30,81,2408
19403511,7440,508906225,54311102,1724,-6163,-23,6231,293091500,2115,293091550,2115,173,-43,89,90,2418,72,17,2419
19413956,7440,508906233,54311059,1724,-6163,-22,6231,293091500,2115,293091560,2115,173,-44,33,25,2444,16,-49,2442
19423652,7440,508906241,54311013,1724,-6163,-21,6231,293091550,2115,293091570,2115,172,-45,-32,112,2412,-49,39,2412
19433565,7439,508906249,54310970,1723,-6162,-21,6231,293091550,2115,293091580,2115,172,-46,-40,105,2486,-58,30,2486
19443511,7439,508906256,54310926,1723,-6162,-21,6231,293091550,2115,293091590,2115,171,-48,-14,158,2466,-34,84,2468
19453523,7439,508906264,54310883,1723,-6162,-21,6231,293091550,2115,293091600,2115,171,-49,56,30,2544,36,-46,2542
19463780,7439,508906272,54310840,1724,-6163,-22,6231,293091550,2115,293091610,2115,171,-50,79,10,2579,58,-67,2577
19473645,7439,508906279,54310794,1723,-6163,-23,6231,293091600,2115,293091620,2115,170,-52,28,190,2569,6,113,2571
19483610,7439,508906287,54310751,1723,-6163,-23,6231,293091600,2115,293091630,2115,170,-54,-23,18,2572,-45,-59,2569
19493780,7438,508906295,54310707,1723,-6162,-24,6231,293091600,2115,293091640,2115,170,-55,-39,92,2615,-62,14,2615
19503491,7438,508906303,54310664,1723,-6162,-25,6231,293091600,2115,293091650,2115,170,-57,-19,39,2617,-43,-39,2615
19514931,7438,508906310,54310621,1722,-6162,-26,6231,293091600,2115,293091660,2115,169,-59,12,156,2616,-14,78,2618
19523674,7438,508906318,54310575,1722,-6162,-27,6231,293091650,2115,293091670,2115,169,-60,60,76,2647,34,-3,2647
19533575,7438,508906326,54310532,1723,-6162,-28,6231,293091650,2115,293091680,2115,169,-62,58,16,2623,32,-62,2621
19543484,7438,508906334,54310488,1723,-6162,-29,6231,293091650,2115,293091690,2115,170,-63,13,80,2615,-14,2,2615
19553523,7438,508906341,54310445,1723,-6162,-30,6231,293091650,2115,293091700,2115,169,-65,-24,69,2630,-52,-9,2628
19563800,7438,508906349,54310402,1722,-6161,-31,6231,293091650,2115,293091710,2115,169,-66,-59,156,2684,-88,76,2685
19573633,7438,508906357,54310356,1722,-6161,-33,6231,293091700,2115,293091720,2115,169,-67,4,26,2700,-26,-54,2697
19583562,7438,508906365,54310313,1723,-6161,-35,6231,293091700,2115,293091730,2115,169,-68,51,62,2755,20,-19,2754
19593901,7438,508906372,54310269,1723,-6161,-36,6231,293091700,2115,293091740,2115,168,-69,35,83,2650,5,5,2649
19603503,7438,508906380,54310226,1722,-6161,-38,6231,293091700,2115,293091750,2115,168,-69,-4,87,2733,-36,6,2732
19613758,7438,508906388,54310183,1723,-6160,-39,6231,293091700,2115,293091760,2115,168,-70,2,40,2656,-28,-39,2654
19623640,7438,508906396,54310137,1722,-6160,-40,6231,293091750,2115,293091770,2115,168,-70,-40,96,2643,-70,18,2643
19633577,7438,508906403,54310094,1723,-6159,-42,6231,293091750,2115,293091780,2115,167,-70,-39,24,2699,-70,-56,2695
19643491,7439,508906411,54310051,1722,-6160,-43,6231,293091750,2115,293091790,2115,166,-70,56,133,2682,24,54,2684
19653526,7439,508906419,54310007,1722,-6160,-44,6231,293091750,2115,293091800,2115,165,-70,48,107,2619,18,31,2620
19663750,7439,508906427,54309964,1722,-6160,-45,6231,293091750,2115,293091810,2115,165,-69,46,44,2609,17,-32,2608
19673660,7439,508906434,54309918,1722,-6159,-45,6231,293091800,2115,293091820,2115,165,-68,-20,83,2510,-48,10,2509
19683589,7439,508906442,54309875,1722,-6159,-45,6231,293091800,2115,293091830,2115,164,-67,-51,124,2557,-80,50,2557
19693989,7439,508906450,54309832,1722,-6158,-46,6231,293091800,2115,293091840,2115,164,-66,-38,47,2617,-66,-29,2615
19703489,7439,508906458,54309789,1722,-6159,-47,6231,293091800,2115,293091850,2115,164,-64,48,91,2626,20,15,2626
19714904,7440,508906465,54309745,1721,-6159,-47,6231,293091800,2115,293091860,2115,163,-63,60,124,2482,34,53,2483
19723654,7440,508906473,54309699,1721,-6159,-47,6231,293091850,2115,293091870,2115,162,-61,19,65,2498,-6,-6,2497
19733570,7440,508906481,54309656,1721,-6159,-47,6231,293091850,2115,293091880,2115,162,-59,41,71,2449,17,1,2449
19743499,7440,508906489,54309613,1721,-6158,-46,6231,293091850,2115,293091890,2115,162,-57,-60,47,2391,-82,-22,2389
19753500,7441,508906496,54309570,1721,-6158,-45,6231,293091850,2115,293091900,2115,162,-54,-14,149,2406,-35,80,2407
19763739,7441,508906504,54309527,1721,-6158,-44,6231,293091850,2115,293091910,2115,162,-52,-14,37,2417,-34,-32,2415
19773637,7441,508906512,54309481,1720,-6158,-44,6231,293091900,2115,293091920,2115,161,-50,49,152,2479,28,82,2481
19783564,7442,508906519,54309437,1720,-6159,-44,6231,293091900,2115,293091930,2115,161,-48,89,102,2424,70,33,2425
19793497,7442,508906527,54309394,1720,-6159,-43,6231,293091900,2115,293091940,2115,161,-46,70,61,2426,52,-7,2426
19803517,7442,508906535,54309351,1721,-6159,-41,6231,293091900,2115,293091950,2115,162,-44,3,-41,2199,-12,-103,2196
19814927,7442,508906543,54309308,1720,-6159,-38,6231,293091900,2115,293091960,2115,162,-42,-58,181,2210,-73,118,2212
19823669,7443,508906550,54309262,1720,-6158,-36,6231,293091950,2115,293091970,2115,162,-40,-34,83,2262,-48,18,2262
19833557,7443,508906558,54309219,1719,-6159,-35,6231,293091950,2115,293091980,2115,163,-38,62,137,2376,48,69,2378
19843538,7443,508906566,54309175,1720,-6160,-34,6231,293091950,2115,293091990,2115,163,-37,117,39,2363,103,-28,2362
19853510,7444,508906574,54309132,1720,-6160,-34,6231,293091950,2115,293092000,2115,163,-36,87,43,2443,74,-27,2442
19863968,7444,508906581,54309089,1719,-6161,-33,6231,293091950,2115,293092010,2115,164,-36,42,207,2334,29,140,2337
19873638,7444,508906589,54309043,1719,-6160,-31,6231,293092000,2115,293092020,2115,164,-35,-27,56,2281,-40,-10,2280
19883599,7444,508906597,54309000,1719,-6160,-29,6231,293092000,2115,293092030,2115,165,-35,-73,62,2235,-85,-3,2234
19893692,7445,508906605,54308956,1719,-6160,-27,6231,293092000,2115,293092040,2115,166,-35,-10,95,2313,-22,28,2313
19903499,7445,508906612,54308913,1718,-6160,-26,6231,293092000,2115,293092050,2115,166,-35,43,131,2400,30,61,2401
19914349,7445,508906620,54308870,1718,-6161,-26,6231,293092000,2115,293092060,2115,167,-35,99,70,2447,86,-2,2447
19924042,7445,508906628,54308824,1719,-6162,-26,6231,293092050,2115,293092070,2115,168,-36,135,85,2459,121,12,2459
19933596,7445,508906635,54308781,1718,-6162,-25,6231,293092050,2115,293092080,2115,169,-37,8,116,2405,-6,45,2405
19943492,7446,508906643,54308738,1718,-6161,-24,6231,293092050,2115,293092090,2115,170,-38,-81,124,2354,-95,53,2354
19953484,7446,508906651,54308694,1718,-6161,-23,6231,293092050,2115,293092100,2115,171,-39,-45,53,2375,-60,-19,2373
19963773,7446,508906659,54308651,1717,-6160,-22,6231,293092050,2115,293092110,2115,172,-40,-7,96,2432,-22,23,2432
19973674,7446,508906666,54308605,1718,-6161,-22,6231,293092100,2115,293092120,2115,173,-41,42,36,2424,26,-37,2423
19983621,7446,508906674,54308562,1717,-6161,-22,6231,293092100,2115,293092130,2115,173,-43,97,226,2514,79,150,2519
19993490,7447,508906682,54308519,1717,-6162,-22,6231,293092100,2115,293092140,2115,174,-44,71,67,2539,52,-10,2539
20003506,7447,508906690,54308475,1717,-6162,-22,6231,293092100,2115,293092150,2115,175,-46,30,68,2539,11,-10,2539
20014211,7447,508906697,54308432,1717,-6161,-22,6231,293092100,2115,293092160,2115,175,-48,-58,95,2440,-77,19,2439
20023643,7447,508906705,54308386,1716,-6161,-22,6231,293092150,2115,293092170,2115,176,-50,-56,111,2486,-76,34,2486
20033569,7448,508906713,54308343,1716,-6161,-22,6231,293092150,2115,293092180,2115,176,-51,-10,142,2489,-31,65,2490
20043524,7448,508906720,54308300,1716,-6161,-22,6231,293092150,2115,293092190,2115,176,-53,54,114,2568,32,35,2569
20053515,7448,508906728,54308257,1716,-6162,-23,6231,293092150,2115,293092200,2115,176,-54,87,68,2576,64,-12,2576
20063757,7448,508906736,54308213,1716,-6162,-24,6231,293092150,2115,293092210,2115,176,-56,33,79,2641,9,-2,2640
20073634,7448,508906744,54308167,1715,-6161,-25,6231,293092200,2115,293092220,2115,175,-58,-9,176,2589,-34,96,2591
20083593,7449,508906751,54308124,1715,-6161,-25,6232,293092200,2115,293092230,2115,175,-59,-37,100,2599,-62,20,2599
20093591,7449,508906759,54308081,1714,-6161,-26,6232,293092200,2115,293092240,2115,174,-60,-37,116,2588,-63,37,2588
20103518,7449,508906767,54308038,1714,-6161,-27,6232,293092200,2115,293092250,2115,173,-61,3,112,2569,-23,34,2569
20113751,7449,508906774,54307994,1713,-6161,-27,6232,293092200,2115,293092260,2115,173,-62,21,149,2592,-5,70,2593
20123648,7449,508906782,54307948,1713,-6161,-28,6232,293092250,2115,293092270,2115,172,-62,62,132,2554,36,55,2556
20133626,7449,508906790,54307905,1713,-6161,-29,6232,293092250,2115,293092280,2115,171,-63,26,49,2619,-1,-29,2617
20143480,7450,508906797,54307862,1713,-6161,-29,6232,293092250,2115,293092290,2115,170,-63,-16,98,2572,-43,21,2572
20153499,7450,508906805,54307819,1712,-6160,-30,6232,293092250,2115,293092300,2115,169,-63,-20,164,2608,-47,87,2609
20164431,7450,508906813,54307776,1712,-6160,-31,6232,293092250,2115,293092310,2115,168,-63,-26,136,2589,-53,60,2590
20173678,7450,508906821,54307730,1711,-6160,-32,6232,293092300,2115,293092320,2115,167,-63,34,81,2664,7,3,2664
20183579,7450,508906828,54307686,1712,-6161,-33,6232,293092300,2115,293092330,2115,166,-63,58,76,2588,31,1,2588
20193632,7450,508906836,54307643,1711,-6161,-34,6232,293092300,2115,293092340,2115,165,-63,39,133,2607,11,57,2609
20203510,7450,508906844,54307600,1711,-6161,-34,6232,293092300,2115,293092350,2115,164,-62,0,97,2580,-26,22,2580
20213759,7450,508906851,54307557,1711,-6160,-35,6232,293092300,2115,293092360,2115,163,-62,-21,105,2564,-47,31,2563
20223810,7450,508906859,54307511,1710,-6160,-35,6232,293092350,2115,293092370,2115,162,-61,-25,128,2543,-51,56,2543
20233608,7450,508906867,54307467,1710,-6160,-36,6232,293092350,2115,293092380,2115,161,-61,26,81,2572,0,9,2571
20243525,7450,508906874,54307424,1710,-6160,-36,6232,293092350,2115,293092390,2115,160,-60,62,93,2565,36,21,2565
20253801,7450,508906882,54307381,1710,-6160,-37,6232,293092350,2115,293092400,2115,160,-60,56,92,2554,31,21,2554
20264893,7450,508906890,54307338,1710,-6160,-37,6232,293092350,2115,293092410,2115,159,-59,1,89,2536,-24,18,2536
20273667,7450,508906897,54307292,1709,-6161,-37,6232,293092400,2115,293092420,2115,158,-59,12,103,2551,-12,32,2551
20284050,7450,508906905,54307249,1709,-6160,-38,6232,293092400,2115,293092430,2115,157,-58,-16,60,2559,-40,-10,2557
20293515,7450,508906913,54307205,1709,-6160,-38,6232,293092400,2115,293092440,2115,156,-57,-3,65,2507,-26,-3,2506
20303508,7450,508906920,54307162,1709,-6160,-38,6232,293092400,2115,293092450,2115,155,-56,34,134,2520,11,65,2521
20314223,7450,508906928,54307119,1709,-6161,-38,6232,293092400,2115,293092460,2115,154,-55,49,60,2529,26,-8,2529
20323651,7449,508906936,54307073,1709,-6160,-38,6232,293092450,2115,293092470,2115,154,-54,36,64,2530,14,-4,2530
20333580,7449,508906943,54307030,1709,-6160,-38,6232,293092450,2115,293092480,2115,153,-52,7,45,2500,-14,-23,2498
20343630,7449,508906951,54306987,1709,-6160,-39,6232,293092450,2115,293092490,2115,152,-51,-25,107,2534,-47,39,2534
20353510,7449,508906959,54306943,1708,-6160,-39,6232,293092450,2115,293092500,2115,152,-50,-16,132,2500,-36,65,2500
20364273,7449,508906967,54306900,1709,-6160,-38,6232,293092450,2115,293092510,2115,151,-49,23,-2,2476,3,-68,2474
20374281,7449,508906974,54306854,1709,-6160,-38,6232,293092500,2115,293092520,2115,151,-48,29,54,2385,10,-9,2384
20383574,7449,508906982,54306811,1708,-6160,-37,6232,293092500,2115,293092530,2115,150,-47,27,89,2423,8,25,2423
20393499,7448,508906990,54306768,1709,-6160,-37,6232,293092500,2115,293092540,2115,149,-46,30,32,2480,12,-33,2478
20403789,7448,508906997,54306724,1709,-6160,-37,6232,293092500,2115,293092550,2115,149,-46,19,92,2477,1,27,2477
20413766,7448,508907005,54306681,1709,-6160,-36,6232,293092500,2115,293092560,2115,148,-45,59,7,2478,41,-57,2476
20423952,7448,508907013,54306635,1709,-6160,-35,6232,293092550,2115,293092570,2115,148,-45,19,45,2280,3,-14,2279
20434018,7448,508907020,54306592,1709,-6160,-33,6232,293092550,2115,293092580,2115,148,-44,-25,65,2283,-41,5,2282
20443538,7448,508907028,54306549,1709,-6159,-32,6232,293092550,2115,293092590,2115,148,-44,-42,9,2370,-58,-53,2367
20453512,7447,508907036,54306506,1709,-6159,-33,6232,293092550,2115,293092600,2115,148,-44,25,50,2610,7,-18,2609
20464946,7447,508907043,54306462,1709,-6160,-33,6232,293092550,2115,293092610,2115,148,-44,66,95,2489,49,30,2489
20473642,7447,508907051,54306416,1710,-6160,-33,6232,293092600,2115,293092620,2115,148,-44,105,-33,2607,87,-100,2604
20483599,7447,508907059,54306373,1710,-6161,-34,6232,293092600,2115,293092630,2115,148,-45,42,108,2527,24,43,2528
20493551,7447,508907066,54306330,1710,-6160,-33,6232,293092600,2115,293092640,2115,149,-45,-77,55,2405,-94,-8,2403
20503508,7446,508907074,54306287,1711,-6159,-31,6232,293092600,2115,293092650,2115,149,-45,-93,-87,2294,-108,-147,2289
20513782,7446,508907082,54306244,1710,-6158,-30,6232,293092600,2115,293092660,2115,150,-45,-51,76,2314,-67,14,2313
20523972,7446,508907089,54306197,1711,-6158,-29,6232,293092650,2115,293092670,2115,150,-45,46,50,2405,29,-13,2404
20533574,7446,508907097,54306154,1711,-6159,-30,6232,293092650,2115,293092680,2115,150,-45,113,32,2635,94,-37,2634
20543503,7446,508907105,54306111,1712,-6160,-31,6232,293092650,2115,293092690,2115,150,-46,103,11,2640,84,-58,2639
20553738,7446,508907112,54306068,1712,-6160,-32,6232,293092650,2115,293092700,2115,150,-47,48,77,2574,28,10,2573
20564889,7446,508907120,54306025,1711,-6159,-31,6232,293092650,2115,293092710,2115,150,-47,-72,67,2476,-91,2,2474
20573650,7446,508907128,54305979,1712,-6158,-30,6232,293092700,2115,293092720,2115,150,-47,-129,-12,2317,-146,-74,2313
20583590,7446,508907136,54305935,1712,-6157,-29,6232,293092700,2115,293092730,2115,150,-47,-95,0,2400,-113,-64,2397
20593555,7445,508907143,54305892,1712,-6157,-29,6232,293092700,2115,293092740,2115,150,-47,23,99,2514,4,33,2514
20603522,7445,508907151,54305849,1712,-6158,-30,6232,293092700,2115,293092750,2115,150,-47,143,21,2585,123,-46,2583
20613810,7445,508907159,54305806,1713,-6159,-31,6232,293092700,2115,293092760,2115,151,-48,170,76,2664,149,6,2664
20623649,7445,508907166,54305760,1713,-6159,-31,6232,293092750,2115,293092770,2115,152,-49,27,91,2521,7,24,2520
20633588,7445,508907174,54305717,1713,-6158,-30,6232,293092750,2115,293092780,2115,153,-49,-76,-7,2353,-95,-70,2350
20644114,7445,508907182,54305673,1713,-6157,-29,6232,293092750,2115,293092790,2115,153,-49,-179,52,2337,-197,-11,2335
20653513,7445,508907190,54305630,1712,-6157,-28,6232,293092750,2115,293092800,2115,152,-49,-9,121,2449,-29,55,2450
20663725,7445,508907197,54305587,1712,-6157,-28,6232,293092750,2115,293092810,2115,152,-49,108,83,2524,88,16,2525
20673655,7444,508907205,54305541,1714,-6158,-30,6232,293092800,2115,293092820,2115,152,-50,143,-124,2652,122,-194,2647
20683600,7444,508907213,54305498,1713,-6158,-31,6232,293092800,2115,293092830,2115,154,-50,52,136,2667,30,65,2668
20693496,7444,508907220,54305455,1713,-6158,-31,6232,293092800,2115,293092840,2115,155,-50,-52,91,2542,-73,21,2541
20704237,7444,508907228,54305412,1714,-6157,-31,6232,293092800,2115,293092850,2115,156,-50,-74,-37,2480,-94,-106,2475
20714940,7444,508907236,54305368,1714,-6156,-29,6232,293092800,2115,293092860,2115,157,-50,-101,-17,2288,-119,-80,2284
20723684,7444,508907243,54305322,1713,-6156,-28,6232,293092850,2115,293092870,2115,157,-49,-1,146,2380,-21,80,2381
20734330,7444,508907251,54305279,1714,-6156,-28,6232,293092850,2115,293092880,2115,158,-50,56,1,2482,37,-67,2479
20743511,7444,508907259,54305236,1714,-6157,-30,6232,293092850,2115,293092890,2115,158,-50,139,118,2700,117,44,2701
20753532,7444,508907267,54305193,1714,-6157,-31,6232,293092850,2115,293092900,2115,160,-50,109,50,2658,87,-24,2657
20764401,7443,508907274,54305150,1714,-6157,-31,6232,293092850,2115,293092910,2115,161,-50,-20,21,2478,-40,-49,2476
20775289,7443,508907282,54305104,1714,-6156,-29,6232,293092900,2115,293092920,2115,162,-50,-116,84,2296,-134,18,2295
20783588,7443,508907290,54305060,1715,-6155,-28,6232,293092900,2115,293092930,2115,163,-50,-66,-44,2375,-84,-113,2370
20794402,7443,508907297,54305017,1714,-6155,-27,6232,293092900,2115,293092940,2115,163,-50,8,108,2378,-11,40,2379
20803492,7443,508907305,54304974,1715,-6156,-28,6232,293092900,2115,293092950,2115,164,-50,76,13,2587,55,-61,2585
20813760,7443,508907313,54304931,1715,-6156,-29,6232,293092900,2115,293092960,2115,165,-50,111,117,2639,90,41,2640
20823664,7443,508907321,54304885,1715,-6157,-30,6232,293092950,2115,293092970,2115,166,-50,77,91,2639,55,14,2639
20833574,7443,508907328,54304842,1715,-6156,-30,6232,293092950,2115,293092980,2115,167,-50,-48,40,2505,-68,-33,2503
20843526,7443,508907336,54304799,1715,-6155,-29,6232,293092950,2115,293092990,2115,168,-50,-55,-9,2363,-74,-79,2359
20853504,7443,508907344,54304755,1715,-6155,-28,6232,293092950,2115,293093000,2115,168,-50,-25,45,2350,-44,-24,2348
20864901,7443,508907351,54304712,1716,-6155,-27,6232,293092950,2115,293093010,2115,168,-50,-19,11,2398,-38,-60,2395
20873647,7443,508907359,54304666,1715,-6155,-28,6232,293093000,2115,293093020,2115,167,-50,14,158,2604,-7,82,2606
20883612,7444,508907367,54304623,1715,-6155,-29,6232,293093000,2115,293093030,2115,167,-49,74,108,2600,53,32,2600
20893520,7444,508907375,54304580,1716,-6156,-30,6232,293093000,2115,293093040,2115,168,-49,92,14,2619,71,-62,2617
20903523,7444,508907382,54304537,1716,-6156,-30,6232,293093000,2115,293093050,2115,168,-49,23,40,2589,2,-36,2588
20913747,7444,508907390,54304493,1716,-6155,-30,6232,293093000,2115,293093060,2115,167,-49,-15,106,2518,-35,32,2518
20923666,7444,508907398,54304447,1716,-6155,-30,6232,293093050,2115,293093070,2115,167,-49,-74,24,2412,-92,-47,2409
20933578,7444,508907406,54304404,1715,-6154,-29,6232,293093050,2115,293093080,2115,166,-49,-38,130,2440,-58,58,2441
20944050,7444,508907413,54304361,1715,-6154,-29,6232,293093050,2115,293093090,2115,165,-49,3,72,2466,-17,0,2466
20953970,7444,508907421,54304318,1715,-6155,-30,6232,293093050,2115,293093100,2115,165,-49,95,54,2591,74,-21,2590
20963781,7444,508907429,54304275,1715,-6155,-30,6232,293093050,2115,293093110,2115,165,-50,96,135,2566,75,61,2568
20974291,7444,508907436,54304229,1715,-6156,-30,6232,293093100,2115,293093120,2115,165,-51,68,127,2561,47,53,2562
20983570,7444,508907444,54304186,1714,-6156,-31,6232,293093100,2115,293093130,2115,164,-51,-16,105,2515,-37,32,2515
20993523,7444,508907452,54304142,1715,-6155,-30,6232,293093100,2115,293093140,2115,164,-52,-50,-13,2459,-70,-84,2455
21003522,7445,508907459,54304099,1714,-6154,-30,6232,293093100,2115,293093150,2115,164,-52,-65,111,2467,-86,40,2466
21013740,7445,508907467,54304056,1715,-6154,-31,6232,293093100,2115,293093160,2115,164,-52,9,60,2605,-14,-15,2604
21023659,7445,508907475,54304010,1714,-6155,-32,6232,293093150,2115,293093170,2115,165,-53,67,167,2608,44,91,2610
21033604,7445,508907483,54303967,1714,-6155,-33,6232,293093150,2115,293093180,2115,165,-53,87,48,2604,65,-27,2603
21043525,7445,508907490,54303924,1714,-6155,-33,6232,293093150,2115,293093190,2115,165,-54,37,59,2615,15,-17,2614
21053495,7445,508907498,54303881,1714,-6155,-34,6232,293093150,2115,293093200,2115,164,-54,-43,58,2545,-65,-16,2543
21063843,7445,508907506,54303837,1714,-6154,-34,6232,293093150,2115,293093210,2115,163,-54,-61,94,2587,-84,20,2587
21073650,7446,508907513,54303791,1714,-6154,-35,6232,293093200,2115,293093220,2115,163,-54,-32,49,2517,-55,-23,2515
21083592,7446,508907521,54303748,1714,-6154,-35,6232,293093200,2115,293093230,2115,163,-54,14,158,2546,-9,85,2547
21093500,7446,508907529,54303705,1713,-6154,-35,6232,293093200,2115,293093240,2115,164,-55,76,91,2555,53,18,2556
21103523,7446,508907537,54303662,1714,-6155,-36,6233,293093200,2115,293093250,2115,165,-55,109,27,2588,86,-47,2587
21113784,7446,508907544,54303619,1714,-6155,-37,6233,293093200,2115,293093260,2115,166,-56,34,32,2642,10,-45,2640
21123672,7446,508907552,54303573,1714,-6155,-38,6233,293093250,2115,293093270,2115,166,-57,0,105,2569,-23,29,2569
21133567,7446,508907560,54303530,1713,-6154,-37,6233,293093250,2115,293093280,2115,166,-57,-64,164,2438,-87,92,2439
21143521,7446,508907567,54303486,1713,-6154,-37,6233,293093250,2115,293093290,2115,166,-57,-51,49,2435,-74,-22,2433
21153504,7446,508907575,54303443,1714,-6153,-36,6233,293093250,2115,293093300,2115,166,-57,-1,9,2456,-24,-63,2453
21163753,7447,508907583,54303400,1713,-6154,-38,6233,293093250,2115,293093310,2115,166,-57,84,169,2675,58,91,2677
21173661,7447,508907591,54303354,1713,-6154,-39,6233,293093300,2115,293093320,2115,166,-57,95,117,2741,69,38,2742
21183595,7447,508907598,54303311,1713,-6155,-41,6233,293093300,2115,293093330,2115,166,-57,48,52,2731,23,-27,2730
21193498,7447,508907606,54303268,1713,-6154,-42,6233,293093300,2115,293093340,2115,166,-58,-16,21,2664,-41,-57,2661
21203486,7447,508907614,54303225,1713,-6153,-43,6233,293093300,2115,293093350,2115,166,-58,-73,73,2620,-98,-4,2619
21213777,7447,508907621,54303181,1713,-6153,-43,6233,293093300,2115,293093360,2115,166,-58,-59,107,2404,-82,36,2404
21223658,7448,508907629,54303135,1712,-6153,-41,6233,293093350,2115,293093370,2115,167,-57,22,122,2323,0,54,2324
21233618,7448,508907637,54303092,1712,-6153,-40,6233,293093350,2115,293093380,2115,167,-57,52,90,2351,30,22,2351
21243505,7448,508907644,54303049,1713,-6154,-39,6233,293093350,2115,293093390,2115,167,-56,97,38,2432,75,-33,2431
21253542,7448,508907652,54303006,1713,-6154,-41,6233,293093350,2115,293093400,2115,166,-56,43,81,2654,19,4,2654
21263780,7448,508907660,54302963,1712,-6154,-42,6233,293093350,2115,293093410,2115,165,-55,35,124,2676,11,47,2677
21273701,7448,508907668,54302917,1712,-6154,-44,6233,293093400,2115,293093420,2115,165,-55,-23,93,2682,-48,15,2681
21283604,7448,508907675,54302874,1712,-6154,-44,6233,293093400,2115,293093430,2115,165,-54,-6,73,2535,-29,0,2535
21293521,7448,508907683,54302830,1712,-6153,-43,6233,293093400,2115,293093440,2115,165,-53,-26,133,2426,-47,63,2426
21303487,7448,508907691,54302787,1712,-6153,-42,6233,293093400,2115,293093450,2115,164,-52,13,23,2332,-6,-44,2330
21314921,7448,508907698,54302744,1712,-6153,-41,6233,293093400,2115,293093460,2115,164,-51,-24,74,2363,-43,6,2362
21323664,7449,508907706,54302698,1711,-6153,-40,6233,293093450,2115,293093470,2115,163,-50,4,190,2395,-16,121,2397
21333572,7449,508907714,54302655,1711,-6154,-40,6233,293093450,2115,293093480,2115,162,-49,71,107,2447,51,37,2448
21343510,7449,508907721,54302612,1711,-6154,-40,6233,293093450,2115,293093490,2115,162,-48,96,13,2482,77,-58,2481
21353598,7449,508907729,54302569,1712,-6155,-39,6233,293093450,2115,293093500,2115,162,-48,90,64,2480,71,-6,2480
21363765,7448,508907737,54302525,1711,-6155,-39,6233,293093450,2115,293093510,2115,161,-47,3,107,2416,-16,39,2417
21373646,7448,508907745,54302479,1711,-6154,-38,6233,293093500,2115,293093520,2115,160,-47,-29,114,2384,-48,46,2384
21383607,7448,508907752,54302436,1711,-6154,-37,6233,293093500,2115,293093530,2115,159,-47,-47,41,2381,-65,-26,2379
21394492,7448,508907760,54302393,1710,-6154,-36,6233,293093500,2115,293093540,2115,158,-46,-10,109,2412,-28,41,2412
21403527,7448,508907768,54302350,1710,-6154,-36,6233,293093500,2115,293093550,2115,157,-46,51,91,2432,33,24,2432
21414877,7448,508907775,54302307,1710,-6155,-35,6233,293093500,2115,293093560,2115,156,-46,99,65,2455,81,-2,2454
21423634,7448,508907783,54302261,1710,-6155,-35,6233,293093550,2115,293093570,2115,155,-47,110,124,2425,91,58,2426
21433628,7447,508907791,54302218,1711,-6155,-34,6233,293093550,2115,293093580,2115,155,-48,28,13,2408,10,-52,2406
21443525,7447,508907798,54302174,1710,-6155,-33,6233,293093550,2115,293093590,2115,155,-48,-60,120,2363,-79,56,2363
21453513,7447,508907806,54302131,1710,-6154,-32,6233,293093550,2115,293093600,2115,154,-49,-58,23,2378,-77,-41,2376
21463758,7447,508907814,54302088,1710,-6154,-32,6233,293093550,2115,293093610,2115,153,-49,20,89,2475,0,23,2475
21473680,7447,508907821,54302042,1710,-6155,-32,6233,293093600,2115,293093620,2115,153,-50,79,70,2480,59,4,2479
21483601,7446,508907829,54301999,1710,-6155,-32,6233,293093600,2115,293093630,2115,152,-51,83,28,2559,62,-40,2558
21493506,7446,508907837,54301956,1710,-6155,-32,6233,293093600,2115,293093640,2115,152,-52,30,65,2548,8,-3,2547
21503510,7446,508907845,54301912,1710,-6155,-33,6233,293093600,2115,293093650,2115,152,-52,-7,116,2521,-28,48,2521
21513911,7446,508907852,54301869,1710,-6155,-32,6233,293093600,2115,293093660,2115,152,-53,-35,31,2480,-56,-35,2477
21523665,7446,508907860,54301823,1710,-6154,-32,6233,293093650,2115,293093670,2115,152,-53,-49,89,2460,-70,23,2459
21533573,7446,508907868,54301780,1710,-6154,-32,6233,293093650,2115,293093680,2115,152,-53,6,3,2486,-15,-63,2483
21543485,7446,508907875,54301737,1711,-6154,-32,6233,293093650,2115,293093690,2115,152,-54,68,29,2524,46,-38,2522
21553499,7446,508907883,54301694,1710,-6155,-32,6233,293093650,2115,293093700,2115,153,-54,67,123,2572,44,54,2573
21564918,7445,508907891,54301651,1711,-6155,-33,6233,293093650,2115,293093710,2115,153,-55,72,35,2539,50,-33,2538
21573650,7445,508907898,54301605,1710,-6155,-33,6233,293093700,2115,293093720,2115,154,-55,-14,97,2574,-38,27,2573
21583567,7445,508907906,54301561,1710,-6154,-34,6233,293093700,2115,293093730,2115,154,-56,-36,82,2533,-59,13,2532
21593899,7445,508907914,54301518,1710,-6154,-34,6233,293093700,2115,293093740,2115,155,-57,13,38,2533,-11,-31,2531
21603549,7445,508907921,54301475,1711,-6154,-33,6233,293093700,2115,293093750,2115,156,-57,23,32,2396,1,-34,2394
21613738,7445,508907929,54301432,1710,-6155,-32,6233,293093700,2115,293093760,2115,157,-57,62,125,2392,40,59,2393
21623666,7445,508907937,54301386,1711,-6154,-32,6233,293093750,2115,293093770,2115,158,-57,24,-2,2439,1,-69,2436
21633592,7445,508907945,54301343,1711,-6155,-32,6233,293093750,2115,293093780,2115,159,-57,53,45,2591,29,-28,2590
21643526,7445,508907952,54301300,1711,-6154,-33,6233,293093750,2115,293093790,2115,160,-57,-8,10,2598,-32,-63,2595
21653521,7445,508907960,54301256,1712,-6154,-34,6233,293093750,2115,293093800,2115,161,-58,10,18,2665,-15,-57,2663
21663786,7445,508907968,54301213,1711,-6154,-35,6233,293093750,2115,293093810,2115,161,-58,-36,126,2590,-61,53,2591
21674226,7445,508907975,54301167,1711,-6153,-36,6233,293093800,2115,293093820,2115,162,-57,-6,111,2577,-30,38,2577
21683605,7445,508907983,54301124,1711,-6153,-35,6233,293093800,2115,293093830,2115,163,-57,51,-3,2456,29,-73,2454
21693562,7445,508907991,54301081,1712,-6153,-35,6233,293093800,2115,293093840,2115,164,-56,20,-48,2420,-1,-117,2416
21703502,7445,508907998,54301038,1712,-6153,-33,6233,293093800,2115,293093850,2115,164,-55,-15,54,2312,-36,-13,2310
21713868,7446,508908006,54300995,1712,-6152,-33,6233,293093800,2115,293093860,2115,165,-55,-24,80,2421,-45,10,2420
21723651,7446,508908014,54300949,1712,-6153,-32,6233,293093850,2115,293093870,2115,164,-54,28,32,2493,6,-40,2491
21733592,7446,508908021,54300905,1713,-6153,-33,6233,293093850,2115,293093880,2115,163,-53,72,81,2529,50,8,2529
21743536,7446,508908029,54300862,1712,-6154,-33,6233,293093850,2115,293093890,2115,163,-53,90,100,2550,68,27,2551
21754105,7446,508908037,54300819,1713,-6153,-33,6233,293093850,2115,293093900,2115,162,-52,20,19,2440,-1,-50,2438
21763802,7447,508908045,54300776,1712,-6153,-32,6233,293093850,2115,293093910,2115,162,-52,-40,123,2490,-61,52,2490
21773668,7447,508908052,54300730,1712,-6153,-32,6233,293093900,2115,293093920,2115,162,-52,-11,85,2440,-31,16,2440
21783591,7447,508908060,54300687,1712,-6153,-31,6233,293093900,2115,293093930,2115,162,-51,3,76,2418,-17,7,2417
21793529,7447,508908068,54300644,1713,-6153,-30,6233,293093900,2115,293093940,2115,162,-51,11,-5,2357,-8,-72,2354
21803517,7447,508908075,54300600,1712,-6153,-30,6233,293093900,2115,293093950,2115,161,-51,22,128,2453,1,59,2454
21813776,7448,508908083,54300557,1712,-6153,-30,6233,293093900,2115,293093960,2115,159,-51,49,82,2533,28,12,2533
21823638,7448,508908091,54300511,1712,-6154,-31,6233,293093950,2115,293093970,2115,157,-52,73,148,2589,51,76,2591
21834201,7448,508908098,54300468,1712,-6154,-31,6233,293093950,2115,293093980,2115,155,-53,83,123,2589,60,53,2590
21843520,7448,508908106,54300425,1711,-6154,-32,6233,293093950,2115,293093990,2115,153,-54,17,134,2534,-6,65,2535
21853516,7448,508908114,54300382,1711,-6154,-32,6233,293093950,2115,293094000,2115,153,-54,-70,69,2482,-92,1,2481
21864021,7449,508908122,54300339,1710,-6153,-32,6233,293093950,2115,293094010,2115,154,-55,-81,150,2514,-103,82,2514
21873696,7448,508908129,54300293,1710,-6153,-33,6233,293094000,2115,293094020,2115,154,-56,-11,66,2604,-35,-4,2603
21883592,7448,508908137,54300249,1710,-6153,-34,6233,293094000,2115,293094030,2115,153,-57,107,48,2658,83,-24,2658
21893489,7448,508908145,54300206,1709,-6154,-35,6233,293094000,2115,293094040,2115,153,-58,90,218,2685,64,146,2689
21903513,7448,508908152,54300163,1709,-6155,-37,6233,293094000,2115,293094050,2115,154,-59,66,132,2765,39,58,2766
21914482,7448,508908160,54300120,1708,-6154,-39,6233,293094000,2115,293094060,2115,155,-60,-25,196,2689,-52,123,2691
21923662,7448,508908168,54300074,1708,-6153,-40,6233,293094050,2115,293094070,2115,157,-61,-90,20,2670,-117,-54,2666
21933572,7448,508908175,54300031,1708,-6153,-41,6233,293094050,2115,293094080,2115,160,-62,-46,4,2566,-72,-68,2563
21943528,7447,508908183,54299988,1708,-6152,-41,6233,293094050,2115,293094090,2115,162,-62,-21,65,2517,-47,-7,2516
21953545,7447,508908191,54299944,1708,-6152,-41,6233,293094050,2115,293094100,2115,164,-62,40,44,2574,14,-30,2572
21963789,7447,508908198,54299901,1710,-6152,-43,6233,293094050,2115,293094110,2115,167,-62,55,-84,2777,27,-165,2772
21973651,7447,508908206,54299855,1710,-6152,-46,6233,293094100,2115,293094120,2115,169,-62,43,97,2859,14,12,2859
21983580,7447,508908214,54299812,1710,-6152,-48,6233,293094100,2115,293094130,2115,172,-62,42,41,2676,15,-39,2675
21993867,7447,508908221,54299769,1710,-6152,-49,6233,293094100,2115,293094140,2115,175,-62,-36,-15,2638,-63,-97,2634
22003527,7447,508908229,54299726,1710,-6151,-48,6233,293094100,2115,293094150,2115,179,-62,-51,59,2416,-76,-17,2414
22013832,7447,508908237,54299683,1711,-6150,-47,6233,293094100,2115,293094160,2115,181,-61,-25,-59,2413,-48,-136,2408
22023641,7447,508908244,54299637,1712,-6150,-47,6233,293094150,2115,293094170,2115,184,-60,16,13,2475,-8,-67,2472
22033850,7447,508908252,54299594,1713,-6150,-47,6233,293094150,2115,293094180,2115,187,-59,59,-58,2513,35,-141,2508
22043501,7447,508908260,54299550,1713,-6150,-46,6233,293094150,2115,293094190,2115,190,-58,60,50,2407,37,-30,2406
22053496,7447,508908268,54299507,1713,-6150,-47,6233,293094150,2115,293094200,2115,192,-56,27,66,2526,4,-19,2525
22064493,7447,508908275,54299464,1714,-6150,-47,6233,293094150,2115,293094210,2115,194,-55,-33,32,2531,-56,-54,2529
22073737,7448,508908283,54299418,1714,-6149,-47,6233,293094200,2115,293094220,2115,196,-53,-1,107,2604,-24,18,2604
22083578,7448,508908291,54299375,1715,-6149,-47,6233,293094200,2115,293094230,2115,197,-51,10,10,2448,-10,-74,2445
22093872,7448,508908298,54299332,1715,-6149,-46,6233,293094200,2115,293094240,2115,198,-49,25,-13,2323,7,-94,2319
22103534,7448,508908306,54299289,1715,-6149,-43,6233,293094200,2115,293094250,2115,198,-46,-49,57,2195,-65,-20,2193
22113760,7448,508908314,54299246,1715,-6148,-42,6233,293094200,2115,293094260,2115,197,-44,13,63,2341,-3,-18,2340
22124072,7448,508908322,54299200,1715,-6148,-40,6233,293094250,2115,293094270,2115,196,-42,-24,156,2223,-39,79,2225
22133571,7449,508908329,54299157,1715,-6149,-38,6234,293094250,2115,293094280,2115,194,-39,56,-6,2225,43,-82,2222
22143523,7449,508908337,54299113,1715,-6149,-36,6234,293094250,2115,293094290,2115,192,-37,54,113,2232,41,38,2233
22154153,7449,508908345,54299070,1714,-6150,-34,6234,293094250,2115,293094300,2115,189,-35,59,161,2342,46,83,2344
22163813,7449,508908352,54299027,1714,-6150,-34,6234,293094250,2115,293094310,2115,187,-34,51,119,2498,37,38,2499
22173697,7449,508908360,54298981,1714,-6151,-34,6234,293094300,2115,293094320,2115,186,-33,71,150,2406,58,72,2408
22183669,7448,508908368,54298938,1713,-6151,-31,6234,293094300,2115,293094330,2115,185,-32,7,173,2221,-4,101,2223
22193536,7448,508908376,54298895,1713,-6150,-27,6234,293094300,2115,293094340,2115,183,-31,-66,74,1955,-75,10,1955
22203555,7448,508908383,54298852,1712,-6150,-23,6234,293094300,2115,293094350,2115,180,-30,-58,163,2036,-68,98,2039
22214494,7448,508908391,54298809,1712,-6151,-21,6234,293094300,2115,293094360,2115,177,-30,62,175,2177,52,107,2180
22223700,7447,508908399,54298763,1712,-6151,-20,6234,293094350,2115,293094370,2115,174,-30,106,44,2395,95,-29,2394
22234009,7447,508908406,54298719,1711,-6152,-19,6234,293094350,2115,293094380,2115,172,-30,147,168,2376,136,97,2379
22243778,7446,508908414,54298676,1712,-6153,-20,6234,293094350,2115,293094390,2115,172,-31,88,62,2551,75,-14,2550
22253511,7446,508908422,54298633,1711,-6153,-20,6234,293094350,2115,293094400,2115,171,-32,-38,166,2527,-51,89,2529
22263767,7445,508908429,54298590,1711,-6152,-19,6234,293094350,2115,293094410,2115,170,-32,-120,67,2404,-132,-5,2402
22273677,7445,508908437,54298544,1711,-6151,-18,6234,293094400,2115,293094420,2115,169,-33,-76,28,2325,-87,-41,2322
22283599,7445,508908445,54298501,1710,-6151,-16,6234,293094400,2115,293094430,2115,167,-33,0,117,2281,-12,50,2282
22293504,7444,508908452,54298458,1710,-6151,-14,6234,293094400,2115,293094440,2115,166,-34,25,69,2321,13,1,2320
22303509,7444,508908460,54298415,1710,-6152,-14,6234,293094400,2115,293094450,2115,166,-35,85,95,2424,71,25,2424
22314282,7443,508908468,54298371,1710,-6153,-15,6234,293094400,2115,293094460,2115,167,-36,83,99,2622,68,23,2622
22323650,7442,508908476,54298325,1711,-6153,-14,6234,293094450,2115,293094470,2115,167,-38,48,10,2463,34,-62,2461
22334184,7442,508908483,54298282,1711,-6152,-15,6234,293094450,2115,293094480,2115,168,-40,-39,58,2517,-54,-16,2516
22343525,7441,508908491,54298239,1711,-6152,-14,6234,293094450,2115,293094490,2115,168,-41,8,4,2463,-8,-69,2461
22353508,7441,508908499,54298196,1712,-6152,-14,6234,293094450,2115,293094500,2115,168,-43,-9,-109,2480,-25,-182,2474
22364199,7441,508908506,54298153,1712,-6151,-14,6234,293094450,2115,293094510,2115,167,-44,-35,79,2515,-53,5,2514
22373644,7440,508908514,54298107,1712,-6151,-14,6234,293094500,2115,293094520,2115,168,-46,-6,116,2495,-25,43,2495
22383612,7440,508908522,54298064,1712,-6151,-15,6234,293094500,2115,293094530,2115,168,-47,22,25,2583,2,-51,2581
22393613,7439,508908529,54298021,1713,-6151,-16,6234,293094500,2115,293094540,2115,168,-48,67,-43,2615,47,-120,2611
22403489,7439,508908537,54297977,1714,-6151,-16,6234,293094500,2115,293094550,2115,168,-50,44,-17,2620,23,-94,2617
22414152,7439,508908545,54297934,1714,-6151,-18,6234,293094500,2115,293094560,2115,168,-51,21,40,2648,-1,-38,2647
22423774,7439,508908552,54297888,1715,-6150,-18,6234,293094550,2115,293094570,2115,168,-53,-38,-28,2607,-60,-106,2603
22433589,7438,508908560,54297845,1715,-6149,-19,6234,293094550,2115,293094580,2115,168,-54,-40,62,2639,-63,-17,2638
22443506,7438,508908568,54297802,1715,-6149,-20,6234,293094550,2115,293094590,2115,168,-55,-13,42,2612,-36,-35,2610
22453646,7438,508908576,54297759,1716,-6149,-21,6234,293094550,2115,293094600,2115,168,-56,34,-8,2657,10,-86,2654
22464206,7438,508908583,54297716,1716,-6149,-23,6234,293094550,2115,293094610,2115,168,-57,42,85,2652,17,7,2652
22473688,7438,508908591,54297670,1716,-6149,-24,6234,293094600,2115,293094620,2115,168,-58,48,39,2640,23,-38,2638
22484050,7438,508908599,54297627,1717,-6149,-25,6234,293094600,2115,293094630,2115,167,-59,14,-19,2673,-11,-97,2669
22493507,7437,508908606,54297584,1717,-6148,-26,6234,293094600,2115,293094640,2115,167,-59,-29,31,2656,-55,-47,2654
22503505,7437,508908614,54297540,1717,-6148,-28,6234,293094600,2115,293094650,2115,166,-60,2,56,2662,-24,-21,2660
22514135,7437,508908622,54297497,1717,-6148,-29,6234,293094600,2115,293094660,2115,165,-60,-7,47,2622,-33,-29,2620
22523649,7437,508908630,54297451,1717,-6148,-29,6234,293094650,2115,293094670,2115,165,-60,24,120,2620,-2,45,2620
22533584,7437,508908637,54297408,1718,-6148,-30,6234,293094650,2115,293094680,2115,165,-60,42,-7,2633,16,-83,2630
22543533,7437,508908645,54297365,1718,-6148,-32,6234,293094650,2115,293094690,2115,164,-60,22,14,2654,-4,-63,2652
22553523,7437,508908653,54297322,1718,-6147,-33,6234,293094650,2115,293094700,2115,164,-60,-25,62,2655,-51,-15,2653
22563753,7437,508908661,54297279,1718,-6147,-34,6234,293094650,2115,293094710,2115,163,-59,-17,80,2667,-43,4,2666
22573905,7437,508908668,54297233,1718,-6147,-35,6234,293094700,2115,293094720,2115,162,-59,2,13,2627,-23,-62,2624
22583590,7437,508908676,54297190,1718,-6147,-36,6234,293094700,2115,293094730,2115,162,-58,16,104,2556,-8,32,2556
22593527,7437,508908684,54297147,1718,-6147,-36,6234,293094700,2115,293094740,2115,162,-57,42,133,2557,18,61,2558
22603858,7437,508908691,54297104,1718,-6147,-37,6234,293094700,2115,293094750,2115,162,-56,67,-6,2579,44,-79,2576
22613755,7437,508908699,54297060,1719,-6147,-37,6234,293094700,2115,293094760,2115,162,-56,18,11,2551,-5,-62,2548
22623666,7437,508908707,54297015,1719,-6147,-37,6234,293094750,2115,293094770,2115,162,-55,-37,76,2566,-60,3,2565
22634486,7437,508908715,54296971,1718,-6146,-37,6234,293094750,2115,293094780,2115,162,-54,-28,130,2494,-50,59,2495
22643529,7437,508908722,54296928,1718,-6146,-38,6234,293094750,2115,293094790,2115,161,-53,29,36,2540,8,-36,2538
22653534,7437,508908730,54296885,1719,-6147,-38,6234,293094750,2115,293094800,2115,162,-51,65,38,2519,45,-34,2517
22664228,7437,508908738,54296842,1719,-6147,-38,6234,293094750,2115,293094810,2115,162,-50,49,61,2471,29,-9,2471
22673648,7436,508908745,54296796,1719,-6147,-38,6234,293094800,2115,293094820,2115,162,-49,23,77,2508,3,6,2507
22683582,7436,508908753,54296753,1719,-6146,-37,6234,293094800,2115,293094830,2115,162,-48,-41,-35,2434,-59,-104,2430
22694180,7436,508908761,54296710,1719,-6146,-37,6234,293094800,2115,293094840,2115,162,-47,-21,132,2432,-40,63,2433
22703983,7436,508908769,54296667,1719,-6146,-36,6234,293094800,2115,293094850,2115,161,-45,25,53,2487,7,-18,2486
22713800,7436,508908776,54296624,1719,-6146,-36,6234,293094800,2115,293094860,2115,161,-44,67,28,2451,50,-41,2450
22723662,7436,508908784,54296578,1720,-6146,-36,6234,293094850,2115,293094870,2115,161,-43,25,10,2450,8,-59,2448
22733587,7436,508908792,54296535,1720,-6146,-35,6234,293094850,2115,293094880,2115,161,-42,30,98,2417,14,30,2417
22743723,7436,508908799,54296492,1720,-6146,-34,6234,293094850,2115,293094890,2115,161,-40,-9,34,2348,-23,-32,2347
22753523,7436,508908807,54296448,1720,-6146,-33,6234,293094850,2115,293094900,2115,161,-39,-32,24,2410,-47,-44,2408
22763771,7436,508908815,54296405,1720,-6146,-33,6234,293094850,2115,293094910,2115,161,-38,21,41,2462,6,-29,2460
22773670,7436,508908823,54296359,1720,-6146,-32,6234,293094900,2115,293094920,2115,160,-38,35,85,2391,21,18,2391
22783990,7436,508908830,54296316,1720,-6146,-31,6234,293094900,2115,293094930,2115,160,-37,46,61,2430,32,-7,2429
22793874,7436,508908838,54296273,1721,-6146,-30,6234,293094900,2115,293094940,2115,161,-37,47,-17,2359,34,-83,2356
22803511,7435,508908846,54296230,1721,-6146,-29,6234,293094900,2115,293094950,2115,161,-36,2,98,2335,-11,32,2335
22814108,7435,508908853,54296187,1721,-6146,-27,6234,293094900,2115,293094960,2115,161,-36,-4,49,2328,-17,-17,2327
22823665,7435,508908861,54296141,1721,-6146,-27,6234,293094950,2115,293094970,2115,161,-36,6,74,2408,-8,6,2407
22833632,7435,508908869,54296098,1721,-6146,-26,6234,293094950,2115,293094980,2115,161,-36,37,14,2399,24,-53,2397
22843516,7435,508908877,54296055,1721,-6146,-25,6234,293094950,2115,293094990,2115,161,-36,39,36,2423,26,-32,2421
22853497,7435,508908884,54296012,1721,-6147,-25,6234,293094950,2115,293095000,2115,161,-37,52,86,2418,38,18,2418
22863812,7435,508908892,54295969,1721,-6147,-25,6234,293094950,2115,293095010,2115,161,-37,39,81,2492,25,11,2491
22873898,7435,508908900,54295923,1722,-6147,-24,6234,293095000,2115,293095020,2115,161,-37,5,-25,2463,-9,-95,2459
22883607,7435,508908908,54295879,1722,-6146,-24,6234,293095000,2115,293095030,2115,162,-38,-33,112,2470,-48,42,2470
22893520,7435,508908915,54295836,1722,-6146,-24,6234,293095000,2115,293095040,2115,162,-39,-26,55,2448,-41,-15,2446
22903538,7434,508908923,54295793,1722,-6146,-23,6234,293095000,2115,293095050,2115,162,-39,6,66,2467,-9,-5,2466
22913855,7434,508908931,54295750,1722,-6146,-23,6234,293095000,2115,293095060,2115,162,-40,61,73,2436,45,4,2436
22923695,7434,508908939,54295704,1722,-6146,-22,6234,293095050,2115,293095070,2115,162,-41,53,3,2455,37,-66,2452
22934179,7434,508908946,54295661,1723,-6146,-22,6234,293095050,2115,293095080,2115,162,-42,18,46,2463,1,-24,2462
22943498,7434,508908954,54295618,1723,-6146,-22,6234,293095050,2115,293095090,2115,162,-43,-9,47,2437,-25,-22,2436
22953492,7434,508908962,54295575,1722,-6146,-21,6234,293095050,2115,293095100,2115,161,-44,-11,103,2444,-29,34,2444
22963765,7433,508908969,54295532,1722,-6146,-21,6234,293095050,2115,293095110,2115,161,-45,4,73,2513,-14,2,2512
22974269,7433,508908977,54295486,1723,-6146,-21,6234,293095100,2115,293095120,2115,161,-46,53,15,2525,35,-56,2523
22983616,7433,508908985,54295443,1723,-6146,-21,6234,293095100,2115,293095130,2115,161,-47,39,10,2525,20,-61,2523
22993509,7433,508908993,54295400,1723,-6146,-21,6234,293095100,2115,293095140,2115,160,-48,15,57,2502,-4,-14,2501
23003522,7433,508909000,54295356,1723,-6146,-22,6234,293095100,2115,293095150,2115,160,-49,-3,92,2525,-23,21,2524
23013773,7433,508909008,54295313,1723,-6145,-22,6234,293095100,2115,293095160,2115,160,-50,-44,68,2493,-64,-2,2491
23023652,7432,508909016,54295267,1723,-6145,-22,6234,293095150,2115,293095170,2115,160,-50,-2,25,2551,-23,-47,2548
23034272,7432,508909024,54295224,1723,-6145,-23,6234,293095150,2115,293095180,2115,159,-51,31,61,2586,10,-11,2585
23043521,7432,508909031,54295181,1723,-6145,-23,6234,293095150,2115,293095190,2115,159,-51,6,86,2550,-16,14,2550
23053508,7432,508909039,54295138,1723,-6145,-23,6234,293095150,2115,293095200,2115,159,-52,33,55,2554,12,-16,2553
23063771,7432,508909047,54295095,1724,-6145,-24,6234,293095150,2115,293095210,2115,160,-53,33,58,2564,11,-14,2563
23073663,7431,508909055,54295049,1724,-6145,-24,6234,293095200,2115,293095220,2115,160,-53,-4,-4,2567,-26,-76,2564
23083627,7431,508909062,54295006,1724,-6145,-24,6234,293095200,2115,293095230,2115,160,-53,-10,68,2489,-31,-1,2488
23093506,7431,508909070,54294963,1724,-6145,-25,6234,293095200,2115,293095240,2115,159,-54,4,79,2580,-19,7,2579
23103497,7431,508909078,54294920,1724,-6144,-25,6234,293095200,2115,293095250,2115,159,-54,8,30,2540,-14,-41,2538
23113800,7431,508909086,54294877,1724,-6144,-26,6234,293095200,2115,293095260,2115,159,-54,51,46,2561,28,-25,2560
23123674,7431,508909093,54294831,1724,-6144,-26,6234,293095250,2115,293095270,2115,159,-54,27,84,2580,4,12,2579
23133592,7431,508909101,54294788,1725,-6144,-27,6234,293095250,2115,293095280,2115,159,-55,37,-28,2621,14,-101,2617
23143540,7431,508909109,54294745,1724,-6144,-28,6234,293095250,2115,293095290,2115,159,-55,-45,117,2555,-68,45,2554
23153566,7430,508909117,54294702,1724,-6144,-28,6235,293095250,2115,293095300,2115,159,-54,-11,97,2611,-35,24,2610
23163801,7430,508909124,54294658,1725,-6144,-29,6235,293095250,2115,293095310,2115,159,-54,46,-24,2622,24,-97,2618
23173772,7430,508909132,54294613,1726,-6144,-30,6235,293095300,2115,293095320,2115,159,-54,37,-8,2564,14,-79,2561
23183579,7430,508909140,54294569,1725,-6144,-30,6235,293095300,2115,293095330,2115,159,-54,30,141,2528,7,71,2530
23193526,7430,508909148,54294526,1725,-6144,-31,6235,293095300,2115,293095340,2115,159,-54,28,62,2568,6,-10,2567
23203779,7430,508909155,54294483,1726,-6144,-31,6235,293095300,2115,293095350,2115,159,-54,6,1,2571,-16,-71,2568
23213762,7430,508909163,54294440,1725,-6143,-32,6235,293095300,2115,293095360,2115,159,-54,0,80,2586,-22,8,2585
23223686,7430,508909171,54294394,1726,-6143,-33,6235,293095350,2115,293095370,2115,158,-54,3,43,2600,-20,-30,2598
23233595,7430,508909179,54294351,1726,-6143,-33,6235,293095350,2115,293095380,2115,158,-54,16,101,2546,-7,31,2546
23243545,7430,508909186,54294308,1725,-6143,-33,6235,293095350,2115,293095390,2115,158,-54,22,104,2548,-1,33,2548
23253513,7429,508909194,54294265,1726,-6143,-34,6235,293095350,2115,293095400,2115,158,-54,50,-61,2578,28,-132,2574
23263773,7429,508909202,54294222,1726,-6143,-34,6235,293095350,2115,293095410,2115,159,-54,16,59,2571,-7,-12,2570
23273675,7429,508909209,54294176,1725,-6143,-35,6235,293095400,2115,293095420,2115,159,-54,-7,108,2564,-29,36,2564
23283597,7429,508909217,54294133,1725,-6143,-35,6235,293095400,2115,293095430,2115,159,-54,-31,40,2552,-53,-31,2549
23293521,7429,508909225,54294090,1725,-6143,-36,6235,293095400,2115,293095440,2115,159,-53,5,66,2570,-18,-6,2569
23303540,7429,508909233,54294047,1726,-6143,-37,6235,293095400,2115,293095450,2115,159,-53,42,15,2591,20,-57,2589
23314073,7429,508909240,54294004,1726,-6143,-37,6235,293095400,2115,293095460,2115,159,-53,57,42,2587,35,-30,2586
23323651,7429,508909248,54293958,1727,-6143,-38,6235,293095450,2115,293095470,2115,160,-53,25,49,2547,3,-23,2546
23333591,7430,508909256,54293915,1727,-6142,-38,6235,293095450,2115,293095480,2115,160,-52,-24,46,2520,-45,-25,2519
23343492,7430,508909264,54293872,1727,-6142,-38,6235,293095450,2115,293095490,2115,161,-52,-20,76,2486,-41,5,2485
23353553,7430,508909271,54293828,1727,-6142,-38,6235,293095450,2115,293095500,2115,161,-52,-16,75,2514,-37,4,2513
23363853,7430,508909279,54293785,1727,-6142,-38,6235,293095450,2115,293095510,2115,161,-51,43,23,2525,22,-48,2523
23374177,7430,508909287,54293740,1727,-6142,-38,6235,293095500,2115,293095520,2115,161,-51,41,95,2508,21,24,2508
23383577,7430,508909295,54293696,1727,-6142,-38,6235,293095500,2115,293095530,2115,162,-51,59,26,2507,38,-45,2506
23393545,7430,508909303,54293653,1728,-6142,-38,6235,293095500,2115,293095540,2115,162,-50,16,20,2476,-3,-51,2474
23403530,7430,508909310,54293610,1727,-6142,-37,6235,293095500,2115,293095550,2115,163,-50,-33,143,2448,-54,72,2449
23413761,7430,508909318,54293567,1727,-6141,-37,6235,293095500,2115,293095560,2115,163,-49,-51,86,2477,-70,15,2477
23423668,7431,508909326,54293521,1727,-6141,-37,6235,293095550,2115,293095570,2115,163,-49,18,55,2452,-1,-15,2451
23433616,7431,508909334,54293478,1727,-6142,-37,6235,293095550,2115,293095580,2115,164,-48,69,52,2507,50,-19,2506
23443525,7431,508909341,54293435,1728,-6142,-36,6235,293095550,2115,293095590,2115,164,-48,59,31,2441,40,-39,2440
23453495,7431,508909349,54293392,1727,-6142,-36,6235,293095550,2115,293095600,2115,164,-48,21,156,2410,2,87,2412
23463763,7431,508909357,54293349,1727,-6142,-35,6235,293095550,2115,293095610,2115,164,-47,0,44,2467,-18,-27,2465
23473672,7432,508909365,54293303,1727,-6142,-35,6235,293095600,2115,293095620,2115,165,-47,-18,61,2502,-36,-11,2500
23483610,7432,508909372,54293260,1727,-6141,-35,6235,293095600,2115,293095630,2115,164,-47,0,72,2478,-18,1,2477
23493504,7432,508909380,54293217,1726,-6142,-35,6235,293095600,2115,293095640,2115,165,-47,54,190,2476,35,119,2479
23503515,7432,508909388,54293174,1726,-6142,-34,6235,293095600,2115,293095650,2115,165,-47,34,58,2429,16,-12,2428
23513768,7432,508909396,54293131,1726,-6142,-34,6235,293095600,2115,293095660,2115,165,-47,32,48,2437,14,-23,2436
23523696,7433,508909403,54293085,1726,-6142,-33,6235,293095650,2115,293095670,2115,165,-47,-16,117,2407,-35,47,2408
23533636,7433,508909411,54293042,1726,-6142,-32,6235,293095650,2115,293095680,2115,166,-48,-7,56,2401,-26,-14,2400
23543505,7433,508909419,54292999,1726,-6141,-32,6235,293095650,2115,293095690,2115,166,-48,3,107,2461,-16,35,2461
23553556,7433,508909427,54292956,1725,-6142,-32,6235,293095650,2115,293095700,2115,166,-48,25,169,2485,6,96,2487
23563774,7433,508909434,54292913,1725,-6142,-32,6235,293095650,2115,293095710,2115,166,-48,71,53,2535,51,-21,2534
23573677,7433,508909442,54292867,1725,-6142,-32,6235,293095700,2115,293095720,2115,166,-49,26,40,2460,7,-32,2458
23583588,7434,508909450,54292824,1724,-6142,-32,6235,293095700,2115,293095730,2115,167,-49,-7,200,2496,-27,126,2499
23593904,7434,508909458,54292780,1724,-6142,-32,6235,293095700,2115,293095740,2115,168,-49,8,45,2501,-12,-28,2499
23603526,7434,508909465,54292737,1724,-6142,-32,6235,293095700,2115,293095750,2115,168,-50,4,117,2485,-16,44,2486
23613814,7434,508909473,54292694,1724,-6142,-31,6235,293095700,2115,293095760,2115,168,-50,-6,43,2448,-26,-30,2446
23623636,7434,508909481,54292648,1724,-6142,-31,6235,293095750,2115,293095770,2115,168,-51,26,114,2495,5,40,2495
23633619,7434,508909489,54292605,1724,-6142,-31,6235,293095750,2115,293095780,2115,168,-51,29,116,2453,9,44,2454
23643520,7434,508909496,54292562,1724,-6142,-31,6235,293095750,2115,293095790,2115,168,-52,55,81,2529,34,7,2529
23653542,7435,508909504,54292519,1724,-6142,-31,6235,293095750,2115,293095800,2115,169,-52,23,69,2508,2,-5,2507
23664024,7435,508909512,54292476,1723,-6142,-31,6235,293095750,2115,293095810,2115,169,-53,-9,107,2506,-30,32,2506
23673691,7435,508909519,54292430,1723,-6142,-31,6235,293095800,2115,293095820,2115,168,-53,-2,109,2515,-24,35,2515
23683607,7435,508909527,54292387,1723,-6142,-32,6235,293095800,2115,293095830,2115,168,-54,-6,66,2549,-29,-9,2547
23693553,7435,508909535,54292344,1723,-6142,-32,6235,293095800,2115,293095840,2115,168,-54,23,134,2518,0,60,2519
23703514,7435,508909543,54292301,1722,-6142,-32,6235,293095800,2115,293095850,2115,168,-55,30,135,2514,7,60,2516
23713942,7436,508909550,54292258,1722,-6142,-32,6235,293095800,2115,293095860,2115,168,-55,21,93,2515,-1,19,2515
23723682,7436,508909558,54292212,1722,-6142,-32,6235,293095850,2115,293095870,2115,168,-56,35,38,2535,13,-37,2534
23733577,7436,508909566,54292169,1722,-6142,-32,6235,293095850,2115,293095880,2115,167,-56,2,123,2524,-21,49,2524
23743504,7436,508909574,54292126,1721,-6142,-32,6235,293095850,2115,293095890,2115,167,-56,-4,151,2469,-27,79,2470
23753524,7436,508909581,54292083,1721,-6142,-33,6235,293095850,2115,293095900,2115,167,-57,-7,102,2567,-31,27,2566
23764146,7437,508909589,54292040,1721,-6142,-33,6235,293095850,2115,293095910,2115,166,-57,35,84,2525,11,11,2525
23773648,7437,508909597,54291994,1720,-6143,-34,6235,293095900,2115,293095920,2115,166,-57,49,151,2586,24,75,2588
23783592,7437,508909604,54291951,1721,-6143,-34,6235,293095900,2115,293095930,2115,166,-57,43,7,2559,19,-67,2557
23793542,7437,508909612,54291907,1720,-6143,-34,6235,293095900,2115,293095940,2115,166,-57,12,103,2525,-11,30,2525
23803518,7437,508909620,54291864,1720,-6142,-34,6235,293095900,2115,293095950,2115,166,-57,-27,138,2480,-50,65,2481
23814958,7437,508909628,54291821,1719,-6142,-34,6235,293095900,2115,293095960,2115,166,-56,-15,134,2535,-38,60,2536
23823667,7437,508909635,54291775,1719,-6142,-34,6235,293095950,2115,293095970,2115,165,-56,24,19,2502,1,-54,2500
23833589,7437,508909643,54291732,1719,-6142,-34,6235,293095950,2115,293095980,2115,165,-55,42,77,2486,20,5,2486
23843723,7437,508909651,54291689,1719,-6142,-34,6235,293095950,2115,293095990,2115,164,-54,14,155,2471,-9,83,2473
23853502,7437,508909658,54291646,1719,-6142,-34,6235,293095950,2115,293096000,2115,164,-54,38,31,2476,17,-40,2475
23863809,7437,508909666,54291603,1719,-6142,-33,6235,293095950,2115,293096010,2115,164,-53,9,31,2442,-12,-39,2440
23873694,7437,508909674,54291557,1719,-6142,-33,6235,293096000,2115,293096020,2115,163,-52,-3,129,2448,-24,59,2449
23883615,7437,508909681,54291514,1718,-6143,-33,6235,293096000,2115,293096030,2115,163,-51,37,143,2445,16,73,2447
23893518,7437,508909689,54291471,1719,-6142,-32,6235,293096000,2115,293096040,2115,162,-50,31,-30,2404,12,-98,2401
23903525,7437,508909697,54291428,1719,-6143,-31,6235,293096000,2115,293096050,2115,161,-49,46,66,2430,27,-3,2430
23913790,7437,508909705,54291385,1719,-6143,-31,6235,293096000,2115,293096060,2115,161,-48,26,106,2413,8,38,2413
23923683,7437,508909712,54291339,1719,-6143,-30,6235,293096050,2115,293096070,2115,160,-47,18,105,2390,-1,38,2390
23933579,7437,508909720,54291296,1719,-6143,-29,6235,293096050,2115,293096080,2115,159,-46,-6,80,2374,-23,14,2374
23943513,7436,508909728,54291253,1719,-6143,-29,6235,293096050,2115,293096090,2115,158,-45,10,49,2454,-8,-19,2453
23953542,7436,508909735,54291210,1719,-6143,-27,6235,293096050,2115,293096100,2115,157,-44,37,67,2368,20,2,2367
23963784,7436,508909743,54291166,1719,-6143,-27,6235,293096050,2115,293096110,2115,156,-44,76,108,2437,58,41,2438
23973662,7436,508909751,54291121,1718,-6143,-26,6235,293096100,2115,293096120,2115,155,-43,22,49,2397,5,-16,2396
23983601,7436,508909759,54291077,1719,-6143,-25,6235,293096100,2115,293096130,2115,155,-43,18,56,2415,2,-9,2414
23993605,7435,508909766,54291034,1719,-6143,-25,6235,293096100,2115,293096140,2115,154,-42,-6,50,2404,-22,-15,2402
24003540,7435,508909774,54290991,1718,-6143,-24,6235,293096100,2115,293096150,2115,153,-42,2,101,2386,-14,37,2386
24013782,7435,508909782,54290948,1719,-6143,-23,6235,293096100,2115,293096160,2115,152,-41,33,20,2366,18,-43,2365
24023720,7434,508909789,54290902,1719,-6144,-22,6235,293096150,2115,293096170,2115,151,-41,55,65,2465,38,0,2465
24033615,7434,508909797,54290859,1719,-6144,-22,6235,293096150,2115,293096180,2115,151,-41,37,17,2440,21,-48,2438
24043520,7434,508909805,54290816,1719,-6144,-22,6235,293096150,2115,293096190,2115,150,-41,27,34,2474,12,-31,2472
24053560,7434,508909813,54290773,1719,-6144,-21,6235,293096150,2115,293096200,2115,149,-41,-11,157,2450,-28,93,2452
24064186,7433,508909820,54290730,1719,-6143,-21,6235,293096150,2115,293096210,2115,149,-41,5,-7,2458,-10,-71,2455
24073711,7433,508909828,54290684,1719,-6143,-21,6235,293096200,2115,293096220,2115,148,-41,16,22,2452,0,-42,2450
24083606,7433,508909836,54290641,1719,-6143,-21,6235,293096200,2115,293096230,2115,148,-42,32,21,2472,16,-44,2470
24093570,7433,508909843,54290598,1719,-6144,-20,6235,293096200,2115,293096240,2115,148,-42,48,104,2467,32,40,2467
24103515,7432,508909851,54290555,1720,-6144,-20,6235,293096200,2115,293096250,2115,148,-42,48,12,2484,32,-52,2482
24113757,7432,508909859,54290511,1720,-6144,-20,6235,293096200,2115,293096260,2115,148,-43,19,15,2503,2,-50,2501
24123677,7432,508909866,54290465,1720,-6144,-20,6235,293096250,2115,293096270,2115,148,-44,2,63,2480,-16,-2,2479
24133595,7432,508909874,54290422,1720,-6144,-20,6235,293096250,2115,293096280,2115,148,-44,0,76,2491,-17,11,2491
24143629,7431,508909882,54290379,1721,-6143,-20,6235,293096250,2115,293096290,2115,148,-45,23,-7,2530,5,-73,2527
24153508,7431,508909890,54290336,1721,-6144,-20,6235,293096250,2115,293096300,2115,148,-46,38,50,2547,19,-17,2546
24164999,7431,508909897,54290293,1721,-6144,-20,6235,293096250,2115,293096310,2115,149,-46,48,25,2511,30,-41,2509
24174172,7431,508909905,54290247,1722,-6144,-21,6236,293096300,2115,293096320,2115,150,-47,30,31,2561,11,-36,2559
24183586,7430,508909913,54290204,1722,-6143,-21,6236,293096300,2115,293096330,2115,150,-48,-14,67,2569,-33,-1,2568
24193534,7430,508909920,54290161,1722,-6143,-22,6236,293096300,2115,293096340,2115,151,-49,16,-15,2573,-4,-84,2569
24204361,7430,508909928,54290118,1722,-6143,-22,6236,293096300,2115,293096350,2115,152,-50,-14,32,2547,-34,-37,2545
24213832,7430,508909936,54290075,1722,-6143,-23,6236,293096300,2115,293096360,2115,153,-50,9,101,2587,-13,31,2587
24223664,7430,508909944,54290029,1722,-6143,-23,6236,293096350,2115,293096370,2115,154,-51,56,21,2580,35,-48,2579
24233990,7430,508909951,54289986,1723,-6143,-24,6236,293096350,2115,293096380,2115,155,-52,44,24,2579,23,-46,2577
24243555,7430,508909959,54289943,1723,-6143,-25,6236,293096350,2115,293096390,2115,156,-52,4,-26,2606,-17,-97,2603
24253516,7430,508909967,54289900,1723,-6142,-25,6236,293096350,2115,293096400,2115,157,-53,-12,60,2555,-34,-11,2553
24264793,7430,508909975,54289857,1724,-6142,-26,6236,293096350,2115,293096410,2115,158,-53,-20,9,2618,-43,-64,2616
24273664,7430,508909982,54289811,1724,-6142,-26,6236,293096400,2115,293096420,2115,159,-53,19,82,2541,-3,11,2540
24283584,7430,508909990,54289768,1724,-6142,-29,6236,293096400,2115,293096430,2115,160,-53,38,-10,2822,13,-89,2819
24293996,7430,508909998,54289724,1725,-6142,-30,6236,293096400,2115,293096440,2115,161,-54,68,28,2619,46,-46,2617
24303540,7430,508910005,54289681,1725,-6142,-31,6236,293096400,2115,293096450,2115,162,-55,86,56,2676,63,-20,2676
24313798,7430,508910013,54289638,1726,-6142,-31,6236,293096400,2115,293096460,2115,163,-55,-9,-31,2472,-31,-102,2468
24323915,7430,508910021,54289592,1726,-6142,-31,6236,293096450,2115,293096470,2115,163,-55,-31,59,2507,-53,-13,2506
24333573,7430,508910029,54289549,1726,-6141,-31,6236,293096450,2115,293096480,2115,163,-55,-44,95,2479,-67,23,2478
24343534,7430,508910036,54289506,1726,-6141,-31,6236,293096450,2115,293096490,2115,163,-55,7,75,2511,-15,3,2510
24354291,7430,508910044,54289463,1726,-6141,-32,6236,293096450,2115,293096500,2115,163,-55,76,-12,2698,52,-89,2695
24364931,7431,508910052,54289420,1726,-6142,-34,6236,293096450,2115,293096510,2115,163,-55,110,95,2739,85,17,2740
24373656,7431,508910060,54289374,1726,-6142,-36,6236,293096500,2115,293096520,2115,164,-55,21,106,2684,-3,28,2684
24384325,7431,508910067,54289331,1726,-6142,-38,6236,293096500,2115,293096530,2115,165,-55,78,61,2793,53,-20,2792
24393534,7431,508910075,54289288,1726,-6142,-38,6236,293096500,2115,293096540,2115,166,-54,-84,81,2457,-106,9,2456
24403530,7431,508910083,54289245,1727,-6141,-37,6236,293096500,2115,293096550,2115,166,-54,-33,-45,2406,-53,-115,2401
24415417,7431,508910091,54289202,1726,-6140,-37,6236,293096500,2115,293096560,2115,166,-53,-137,123,2456,-158,51,2455
24423660,7431,508910098,54289156,1726,-6140,-37,6236,293096550,2115,293096570,2115,166,-52,72,90,2510,50,17,2511
24433687,7432,508910106,54289113,1727,-6141,-38,6236,293096550,2115,293096580,2115,166,-51,172,38,2626,150,-37,2626
24443976,7432,508910114,54289070,1726,-6143,-38,6236,293096550,2115,293096590,2115,166,-51,176,135,2583,154,60,2586
24453536,7432,508910122,54289027,1727,-6143,-39,6236,293096550,2115,293096600,2115,167,-51,52,-5,2651,31,-83,2648
24463778,7432,508910129,54288984,1725,-6142,-39,6236,293096550,2115,293096610,2115,168,-50,-112,256,2500,-133,181,2504
24474126,7432,508910137,54288938,1725,-6141,-39,6236,293096600,2115,293096620,2115,168,-50,-118,66,2435,-138,-6,2432
24483614,7432,508910145,54288895,1726,-6140,-38,6236,293096600,2115,293096630,2115,169,-49,-10,-100,2368,-28,-170,2362
24493938,7433,508910153,54288852,1726,-6141,-37,6236,293096600,2115,293096640,2115,169,-48,88,124,2456,69,51,2457
24503530,7433,508910160,54288808,1726,-6142,-37,6236,293096600,2115,293096650,2115,170,-47,126,187,2467,106,114,2471
24514991,7433,508910168,54288765,1725,-6143,-38,6236,293096600,2115,293096660,2115,170,-47,75,224,2596,55,146,2600
24523650,7433,508910176,54288719,1726,-6143,-39,6236,293096650,2115,293096670,2115,171,-47,57,-92,2577,38,-169,2572
24533613,7433,508910184,54288676,1725,-6142,-39,6236,293096650,2115,293096680,2115,172,-47,-48,116,2514,-67,40,2514
24543500,7433,508910191,54288633,1724,-6142,-38,6236,293096650,2115,293096690,2115,172,-47,-68,178,2392,-86,105,2393
24553512,7434,508910199,54288590,1725,-6142,-37,6236,293096650,2115,293096700,2115,172,-46,33,19,2378,15,-53,2376
24563776,7434,508910207,54288547,1725,-6143,-36,6236,293096650,2115,293096710,2115,172,-46,79,75,2410,62,2,2409
24573658,7434,508910215,54288501,1724,-6143,-36,6236,293096700,2115,293096720,2115,172,-46,72,162,2478,54,87,2480
24583597,7434,508910222,54288458,1724,-6143,-36,6236,293096700,2115,293096730,2115,172,-46,46,118,2499,27,43,2500
24594067,7434,508910230,54288415,1724,-6143,-36,6236,293096700,2115,293096740,2115,172,-47,-3,62,2457,-21,-12,2456
24603548,7434,508910238,54288372,1724,-6143,-35,6236,293096700,2115,293096750,2115,172,-47,-12,140,2450,-31,66,2451
24613768,7435,508910246,54288329,1724,-6143,-35,6236,293096700,2115,293096760,2115,172,-47,24,35,2493,6,-40,2491
24623685,7435,508910253,54288283,1723,-6143,-35,6236,293096750,2115,293096770,2115,172,-47,16,152,2449,-3,78,2451
24633624,7435,508910261,54288240,1723,-6143,-34,6236,293096750,2115,293096780,2115,172,-47,36,74,2429,18,0,2428
24643528,7435,508910269,54288197,1723,-6143,-34,6236,293096750,2115,293096790,2115,172,-47,39,102,2496,20,27,2496
24654167,7435,508910277,54288154,1723,-6143,-33,6236,293096750,2115,293096800,2115,172,-47,20,77,2420,2,4,2420
24663756,7436,508910284,54288111,1723,-6144,-33,6236,293096750,2115,293096810,2115,172,-47,11,160,2475,-8,85,2477
24673655,7436,508910292,54288065,1722,-6144,-33,6236,293096800,2115,293096820,2115,171,-47,23,115,2412,4,43,2413
24683843,7436,508910300,54288022,1723,-6144,-32,6236,293096800,2115,293096830,2115,171,-47,27,25,2440,9,-48,2438
24693518,7436,508910308,54287978,1722,-6144,-32,6236,293096800,2115,293096840,2115,171,-47,41,128,2434,22,55,2435
24703506,7436,508910315,54287935,1721,-6145,-31,6236,293096800,2115,293096850,2115,170,-47,43,173,2453,24,100,2455
24714124,7436,508910323,54287892,1722,-6144,-31,6236,293096800,2115,293096860,2115,170,-47,26,2,2486,7,-73,2484
24723701,7436,508910331,54287846,1722,-6145,-31,6236,293096850,2115,293096870,2115,170,-48,14,120,2439,-5,47,2440
24733589,7436,508910338,54287803,1722,-6145,-31,6236,293096850,2115,293096880,2115,169,-48,22,102,2470,3,29,2470
24743529,7436,508910346,54287760,1722,-6145,-30,6236,293096850,2115,293096890,2115,169,-48,28,70,2445,9,-3,2444
24753528,7436,508910354,54287717,1721,-6145,-30,6236,293096850,2115,293096900,2115,168,-49,16,164,2462,-4,91,2464
24763842,7436,508910362,54287674,1721,-6145,-29,6236,293096850,2115,293096910,2115,168,-50,55,3,2438,36,-68,2435
24774224,7436,508910369,54287627,1721,-6145,-29,6236,293096900,2115,293096920,2115,168,-50,44,72,2478,23,-1,2478
24783595,7436,508910377,54287584,1721,-6145,-29,6236,293096900,2115,293096930,2115,167,-51,16,143,2451,-5,71,2453
24793583,7436,508910385,54287541,1720,-6145,-29,6236,293096900,2115,293096940,2115,166,-52,30,133,2505,9,60,2506
24804447,7436,508910392,54287498,1721,-6145,-29,6236,293096900,2115,293096950,2115,166,-53,-2,9,2496,-23,-63,2493
24813812,7436,508910400,54287455,1721,-6145,-29,6236,293096900,2115,293096960,2115,165,-54,54,116,2554,31,42,2554
24823691,7436,508910408,54287409,1721,-6145,-29,6236,293096950,2115,293096970,2115,164,-55,47,52,2544,25,-22,2542
24833578,7436,508910415,54287366,1720,-6146,-30,6236,293096950,2115,293096980,2115,164,-56,34,135,2544,10,61,2545
24843552,7436,508910423,54287323,1720,-6145,-29,6236,293096950,2115,293096990,2115,163,-56,-7,49,2464,-29,-22,2462
24854165,7435,508910431,54287279,1720,-6145,-29,6236,293096950,2115,293097000,2115,163,-57,-10,75,2514,-33,3,2513
24864716,7435,508910439,54287236,1720,-6145,-30,6236,293096950,2115,293097010,2115,162,-58,31,128,2526,7,56,2527
24873672,7435,508910446,54287190,1720,-6146,-30,6236,293097000,2115,293097020,2115,162,-58,83,37,2550,59,-35,2549
24883581,7435,508910454,54287147,1720,-6146,-31,6236,293097000,2115,293097030,2115,162,-59,10,81,2579,-15,8,2578
24893551,7435,508910462,54287104,1721,-6146,-32,6236,293097000,2115,293097040,2115,161,-60,30,35,2618,5,-39,2617
24903537,7435,508910469,54287061,1720,-6145,-32,6236,293097000,2115,293097050,2115,161,-60,-12,145,2545,-37,73,2546
24913782,7434,508910477,54287018,1720,-6145,-32,6236,293097000,2115,293097060,2115,161,-60,12,94,2564,-13,21,2564
24923681,7434,508910485,54286971,1720,-6145,-33,6236,293097050,2115,293097070,2115,160,-61,26,-26,2526,2,-97,2523
24933592,7434,508910492,54286928,1720,-6145,-33,6236,293097050,2115,293097080,2115,160,-61,21,62,2564,-5,-10,2563
24943534,7434,508910500,54286885,1720,-6145,-33,6236,293097050,2115,293097090,2115,160,-61,40,141,2533,14,70,2534
24953978,7434,508910508,54286842,1720,-6146,-34,6236,293097050,2115,293097100,2115,160,-61,46,31,2554,20,-40,2552
24963798,7434,508910515,54286799,1721,-6145,-34,6236,293097050,2115,293097110,2115,159,-61,3,25,2551,-22,-46,2549
24973672,7434,508910523,54286753,1721,-6145,-35,6236,293097100,2115,293097120,2115,159,-61,5,29,2580,-21,-43,2578
24983903,7434,508910531,54286710,1721,-6145,-35,6236,293097100,2115,293097130,2115,159,-60,9,77,2545,-16,6,2545
24993548,7433,508910539,54286667,1721,-6145,-36,6236,293097100,2115,293097140,2115,159,-60,44,77,2616,18,4,2615
25003534,7433,508910546,54286624,1721,-6145,-36,6236,293097100,2115,293097150,2115,158,-60,50,60,2549,25,-11,2548
25014198,7433,508910554,54286580,1721,-6145,-36,6236,293097100,2115,293097160,2115,158,-59,-2,13,2502,-26,-57,2499
25023668,7433,508910562,54286534,1721,-6145,-36,6236,293097150,2115,293097170,2115,158,-58,14,76,2514,-10,6,2513
25033661,7433,508910569,54286491,1721,-6145,-36,6236,293097150,2115,293097180,2115,158,-58,9,109,2493,-15,40,2493
25043535,7433,508910577,54286448,1721,-6145,-36,6236,293097150,2115,293097190,2115,157,-57,30,28,2518,7,-42,2516
25053558,7433,508910585,54286405,1721,-6145,-36,6236,293097150,2115,293097200,2115,157,-56,39,44,2473,16,-24,2472
25063834,7433,508910593,54286362,1722,-6145,-37,6236,293097150,2115,293097210,2115,157,-56,17,25,2555,-6,-45,2553
25073670,7433,508910600,54286316,1722,-6145,-37,6236,293097200,2115,293097220,2115,156,-55,51,102,2499,28,34,2500
25083588,7433,508910608,54286273,1722,-6145,-37,6236,293097200,2115,293097230,2115,156,-55,35,72,2543,13,2,2543
25093530,7432,508910616,54286230,1722,-6145,-37,6236,293097200,2115,293097240,2115,156,-54,32,33,2501,10,-36,2499
25103519,7432,508910623,54286186,1723,-6145,-37,6236,293097200,2115,293097250,2115,155,-53,-14,-38,2494,-35,-106,2490
25114016,7432,508910631,54286143,1722,-6145,-36,6236,293097200,2115,293097260,2115,155,-53,9,143,2419,-12,77,2420
25123677,7432,508910639,54286097,1722,-6145,-36,6236,293097250,2115,293097270,2115,154,-52,41,74,2462,20,7,2462
25133608,7432,508910646,54286054,1722,-6145,-36,6236,293097250,2115,293097280,2115,154,-52,72,8,2505,51,-60,2503
25143533,7432,508910654,54286011,1722,-6145,-36,6236,293097250,2115,293097290,2115,154,-52,51,63,2493,30,-4,2492
25153551,7432,508910662,54285968,1723,-6145,-36,6236,293097250,2115,293097300,2115,154,-51,13,62,2524,-8,-6,2523
25163807,7432,508910670,54285925,1722,-6145,-36,6236,293097250,2115,293097310,2115,154,-51,2,105,2472,-19,38,2473
25173681,7432,508910677,54285879,1723,-6145,-36,6236,293097300,2115,293097320,2115,154,-51,-16,2,2480,-37,-65,2477
25183615,7432,508910685,54285836,1723,-6145,-36,6236,293097300,2115,293097330,2115,153,-51,39,16,2486,18,-51,2484
25193549,7431,508910693,54285792,1723,-6145,-35,6236,293097300,2115,293097340,2115,153,-51,36,71,2474,16,5,2473
25203536,7431,508910701,54285749,1723,-6145,-35,6237,293097300,2115,293097350,2115,153,-51,42,67,2501,21,0,2500
25214962,7431,508910708,54285706,1723,-6145,-36,6237,293097300,2115,293097360,2115,153,-51,48,102,2528,28,34,2528
25223669,7431,508910716,54285660,1724,-6145,-35,6237,293097350,2115,293097370,2115,154,-51,13,-11,2485,-7,-78,2482
25233613,7431,508910724,54285617,1724,-6145,-35,6237,293097350,2115,293097380,2115,154,-51,12,8,2484,-8,-59,2481
25243538,7431,508910731,54285574,1724,-6145,-35,6237,293097350,2115,293097390,2115,154,-51,5,73,2437,-15,7,2436
25253526,7431,508910739,54285531,1724,-6145,-34,6237,293097350,2115,293097400,2115,154,-51,43,79,2474,23,13,2474
25263763,7431,508910747,54285488,1724,-6145,-34,6237,293097350,2115,293097410,2115,154,-51,16,2,2467,-4,-65,2464
25273673,7430,508910755,54285442,1724,-6145,-34,6237,293097400,2115,293097420,2115,154,-51,36,64,2501,15,-3,2500
25283632,7430,508910762,54285399,1725,-6145,-34,6237,293097400,2115,293097430,2115,154,-51,22,9,2432,2,-57,2430
25293558,7430,508910770,54285356,1725,-6145,-34,6237,293097400,2115,293097440,2115,154,-51,40,69,2519,19,1,2518
25303523,7430,508910778,54285312,1725,-6145,-33,6237,293097400,2115,293097450,2115,154,-51,-1,55,2458,-21,-12,2457
25313769,7430,508910786,54285269,1725,-6145,-33,6237,293097400,2115,293097460,2115,154,-51,26,-27,2515,5,-95,2511
25323703,7430,508910793,54285223,1725,-6145,-33,6237,293097450,2115,293097470,2115,154,-51,16,115,2477,-5,49,2477
25333613,7430,508910801,54285180,1725,-6145,-33,6237,293097450,2115,293097480,2115,154,-51,29,82,2476,9,15,2476
25343525,7430,508910809,54285137,1726,-6145,-33,6237,293097450,2115,293097490,2115,154,-51,53,-34,2502,33,-102,2499
25353533,7430,508910817,54285094,1726,-6145,-32,6237,293097450,2115,293097500,2115,154,-51,4,56,2419,-16,-9,2417
25363801,7430,508910824,54285051,1726,-6145,-32,6237,293097450,2115,293097510,2115,154,-51,22,49,2435,2,-17,2434
25373683,7430,508910832,54285005,1726,-6145,-31,6237,293097500,2115,293097520,2115,154,-51,6,92,2403,-13,27,2403
25383612,7429,508910840,54284962,1726,-6145,-31,6237,293097500,2115,293097530,2115,153,-50,30,82,2461,10,16,2461
25393530,7429,508910847,54284919,1726,-6145,-30,6237,293097500,2115,293097540,2115,153,-50,45,32,2430,26,-33,2429
25403966,7429,508910855,54284876,1726,-6145,-30,6237,293097500,2115,293097550,2115,153,-50,16,53,2474,-4,-14,2473
25414283,7429,508910863,54284832,1726,-6145,-30,6237,293097500,2115,293097560,2115,153,-49,18,41,2453,-1,-25,2451
25423674,7429,508910871,54284786,1726,-6145,-30,6237,293097550,2115,293097570,2115,153,-49,24,87,2497,5,20,2496
25434010,7429,508910878,54284743,1726,-6145,-30,6237,293097550,2115,293097580,2115,152,-48,25,22,2497,5,-45,2495
25443531,7429,508910886,54284700,1727,-6145,-29,6237,293097550,2115,293097590,2115,153,-48,13,46,2478,-6,-20,2477
25454206,7429,508910894,54284657,1726,-6145,-29,6237,293097550,2115,293097600,2115,153,-47,23,107,2473,4,41,2473
25463787,7428,508910902,54284614,1727,-6145,-29,6237,293097550,2115,293097610,2115,153,-47,47,0,2437,28,-65,2435
25473685,7428,508910909,54284568,1727,-6145,-28,6237,293097600,2115,293097620,2115,153,-47,6,16,2416,-12,-49,2413
25483625,7428,508910917,54284525,1727,-6145,-27,6237,293097600,2115,293097630,2115,153,-47,16,100,2398,-2,35,2398
25493527,7428,508910925,54284482,1727,-6145,-27,6237,293097600,2115,293097640,2115,153,-47,34,11,2461,15,-55,2459
25503527,7428,508910933,54284439,1728,-6145,-26,6237,293097600,2115,293097650,2115,154,-47,52,32,2415,34,-33,2414
25513832,7427,508910940,54284396,1727,-6145,-26,6237,293097600,2115,293097660,2115,154,-48,51,133,2482,31,66,2483
25523682,7427,508910948,54284350,1728,-6145,-26,6237,293097650,2115,293097670,2115,155,-48,40,21,2499,21,-47,2497
25533619,7427,508910956,54284307,1728,-6145,-26,6237,293097650,2115,293097680,2115,155,-49,-2,11,2550,-22,-58,2547
25543565,7427,508910964,54284263,1729,-6145,-26,6237,293097650,2115,293097690,2115,156,-49,28,-63,2481,9,-131,2477
25553524,7427,508910972,54284220,1729,-6145,-26,6237,293097650,2115,293097700,2115,156,-50,44,122,2528,23,53,2529
25563800,7427,508910979,54284177,1729,-6145,-26,6237,293097650,2115,293097710,2115,156,-50,14,66,2476,-6,-2,2475
25573983,7426,508910987,54284131,1729,-6145,-26,6237,293097700,2115,293097720,2115,156,-51,25,-9,2481,5,-77,2478
25583602,7426,508910995,54284088,1730,-6145,-26,6237,293097700,2115,293097730,2115,156,-51,8,-10,2527,-13,-79,2524
25593518,7426,508911003,54284045,1730,-6145,-27,6237,293097700,2115,293097740,2115,156,-51,41,90,2591,19,19,2591
25603528,7426,508911010,54284002,1730,-6145,-27,6237,293097700,2115,293097750,2115,157,-52,27,66,2568,5,-4,2567
25613881,7426,508911018,54283959,1730,-6145,-28,6237,293097700,2115,293097760,2115,157,-52,33,75,2583,12,4,2583
25623674,7426,508911026,54283913,1731,-6145,-29,6237,293097750,2115,293097770,2115,157,-53,37,-45,2579,16,-116,2575
25633650,7426,508911034,54283870,1730,-6145,-29,6237,293097750,2115,293097780,2115,157,-53,6,81,2539,-16,11,2538
25643547,7426,508911041,54283827,1730,-6145,-29,6237,293097750,2115,293097790,2115,157,-53,10,140,2464,-12,72,2465
25653556,7426,508911049,54283783,1731,-6145,-29,6237,293097750,2115,293097800,2115,157,-53,34,-21,2511,12,-90,2507
25663815,7425,508911057,54283740,1731,-6145,-29,6237,293097750,2115,293097810,2115,156,-54,9,15,2535,-13,-55,2532
25673665,7425,508911065,54283694,1731,-6145,-29,6237,293097800,2115,293097820,2115,156,-54,48,91,2535,25,22,2535
25683607,7425,508911073,54283651,1731,-6145,-30,6237,293097800,2115,293097830,2115,155,-54,66,133,2586,43,63,2587
25693589,7425,508911080,54283608,1731,-6145,-30,6237,293097800,2115,293097840,2115,155,-55,37,-8,2581,15,-78,2578
25703535,7425,508911088,54283565,1731,-6145,-31,6237,293097800,2115,293097850,2115,154,-55,10,24,2592,-13,-47,2590
25713814,7425,508911096,54283522,1732,-6145,-31,6237,293097800,2115,293097860,2115,153,-56,-9,54,2533,-32,-15,2532
25723686,7425,508911104,54283477,1731,-6145,-32,6237,293097850,2115,293097870,2115,152,-56,4,160,2562,-20,91,2564
25733623,7425,508911112,54283433,1731,-6144,-32,6237,293097850,2115,293097880,2115,151,-56,-6,38,2489,-28,-28,2487
25743547,7425,508911119,54283390,1731,-6145,-33,6237,293097850,2115,293097890,2115,150,-56,46,112,2612,22,43,2612
25753553,7425,508911127,54283347,1732,-6145,-33,6237,293097850,2115,293097900,2115,149,-56,85,-64,2528,63,-130,2525
25763792,7425,508911135,54283304,1732,-6145,-34,6237,293097850,2115,293097910,2115,148,-56,32,97,2636,8,29,2636
25773712,7425,508911143,54283259,1731,-6145,-34,6237,293097900,2115,293097920,2115,147,-56,4,108,2523,-19,43,2523
25783605,7425,508911151,54283216,1731,-6145,-35,6237,293097900,2115,293097930,2115,145,-55,-9,73,2577,-32,7,2576
25793555,7425,508911159,54283172,1731,-6144,-35,6237,293097900,2115,293097940,2115,144,-55,-32,56,2526,-55,-8,2524
25803569,7425,508911166,54283129,1732,-6144,-35,6237,293097900,2115,293097950,2115,142,-55,40,23,2541,18,-40,2539
25814917,7425,508911174,54283086,1731,-6145,-35,6237,293097900,2115,293097960,2115,140,-55,45,123,2500,23,62,2500
25823672,7425,508911182,54283041,1730,-6145,-35,6237,293097950,2115,293097970,2115,138,-54,77,139,2530,55,78,2532
25833604,7425,508911190,54282997,1730,-6146,-35,6237,293097950,2115,293097980,2115,137,-54,34,44,2478,12,-16,2476
25843536,7425,508911198,54282954,1731,-6145,-35,6237,293097950,2115,293097990,2115,135,-53,24,15,2528,3,-44,2526
25853567,7425,508911205,54282911,1730,-6145,-35,6237,293097950,2115,293098000,2115,134,-53,-54,179,2490,-76,121,2491
25863780,7425,508911213,54282868,1729,-6145,-36,6237,293097950,2115,293098010,2115,133,-52,18,108,2521,-3,49,2521
25873676,7424,508911221,54282822,1730,-6145,-36,6237,293098000,2115,293098020,2115,132,-51,38,30,2545,17,-29,2543
25883610,7424,508911229,54282779,1730,-6145,-36,6237,293098000,2115,293098030,2115,132,-50,51,-8,2516,31,-67,2514
25893533,7424,508911237,54282736,1730,-6146,-36,6237,293098000,2115,293098040,2115,131,-50,39,111,2553,18,52,2553
25903545,7424,508911244,54282693,1729,-6146,-36,6237,293098000,2115,293098050,2115,131,-49,16,106,2495,-4,48,2495
25914446,7424,508911252,54282650,1729,-6146,-36,6237,293098000,2115,293098060,2115,131,-49,10,67,2493,-10,9,2492
25923697,7424,508911260,54282604,1730,-6145,-36,6237,293098050,2115,293098070,2115,131,-49,16,-46,2431,-3,-102,2427
25933609,7424,508911268,54282561,1730,-6145,-35,6237,293098050,2115,293098080,2115,132,-49,50,25,2461,30,-32,2460
25943521,7424,508911276,54282518,1730,-6145,-34,6237,293098050,2115,293098090,2115,132,-49,6,97,2365,-13,42,2365
25953531,7424,508911283,54282475,1730,-6146,-34,6237,293098050,2115,293098100,2115,133,-49,72,64,2499,53,6,2498
25963856,7424,508911291,54282432,1731,-6146,-34,6237,293098050,2115,293098110,2115,134,-49,58,-44,2420,40,-101,2417
25973673,7424,508911299,54282386,1731,-6146,-33,6237,293098100,2115,293098120,2115,136,-49,28,9,2473,9,-49,2471
25983604,7424,508911307,54282343,1731,-6146,-33,6237,293098100,2115,293098130,2115,137,-50,-27,61,2461,-47,1,2460
25993545,7424,508911315,54282300,1732,-6146,-33,6237,293098100,2115,293098140,2115,138,-50,30,17,2504,10,-44,2502
26003542,7424,508911322,54282257,1732,-6146,-33,6237,293098100,2115,293098150,2115,139,-50,36,50,2523,16,-11,2522
26013806,7424,508911330,54282214,1732,-6146,-33,6237,293098100,2115,293098160,2115,141,-50,31,-12,2512,11,-74,2509
26023685,7424,508911338,54282168,1732,-6146,-33,6237,293098150,2115,293098170,2115,142,-50,16,60,2494,-3,-2,2493
26033602,7424,508911346,54282125,1733,-6145,-32,6237,293098150,2115,293098180,2115,144,-49,4,-8,2419,-15,-69,2416
26043522,7424,508911354,54282082,1733,-6145,-32,6237,293098150,2115,293098190,2115,145,-49,2,52,2466,-18,-10,2465
26053542,7424,508911362,54282039,1733,-6145,-32,6237,293098150,2115,293098200,2115,146,-49,10,78,2477,-10,14,2477
26063914,7425,508911369,54281996,1733,-6145,-32,6237,293098150,2115,293098210,2115,147,-49,62,5,2511,42,-60,2509
26073682,7425,508911377,54281950,1734,-6146,-32,6237,293098200,2115,293098220,2115,148,-50,61,21,2439,42,-42,2437
26083646,7425,508911385,54281907,1733,-6145,-31,6237,293098200,2115,293098230,2115,150,-50,-2,91,2444,-22,26,2443
26093565,7425,508911393,54281864,1734,-6145,-30,6237,293098200,2115,293098240,2115,151,-50,20,11,2402,1,-53,2399
26104118,7425,508911401,54281821,1734,-6145,-30,6237,293098200,2115,293098250,2115,151,-50,24,39,2446,4,-26,2445
26113816,7425,508911408,54281778,1734,-6145,-29,6237,293098200,2115,293098260,2115,152,-50,25,107,2444,5,42,2445
26123696,7425,508911416,54281732,1734,-6145,-29,6237,293098250,2115,293098270,2115,153,-51,47,1,2494,27,-66,2491
26134099,7426,508911424,54281689,1734,-6146,-29,6237,293098250,2115,293098280,2115,153,-51,45,101,2495,24,34,2495
26143526,7426,508911432,54281646,1734,-6146,-29,6237,293098250,2115,293098290,2115,154,-51,45,56,2520,24,-12,2519
26153521,7426,508911440,54281603,1734,-6146,-30,6237,293098250,2115,293098300,2115,154,-52,-13,84,2529,-34,15,2528
26163816,7426,508911448,54281560,1734,-6146,-30,6237,293098250,2115,293098310,2115,155,-52,5,112,2504,-16,44,2505
26173705,7426,508911455,54281514,1734,-6145,-30,6237,293098300,2115,293098320,2115,155,-53,18,-8,2537,-4,-77,2534
26183594,7426,508911463,54281471,1734,-6146,-30,6237,293098300,2115,293098330,2115,156,-53,23,113,2567,0,43,2567
26194419,7426,508911471,54281428,1734,-6146,-31,6237,293098300,2115,293098340,2115,156,-53,39,98,2520,17,29,2520
26203537,7426,508911479,54281385,1734,-6146,-31,6237,293098300,2115,293098350,2115,157,-54,53,73,2575,31,3,2575
26213789,7426,508911487,54281341,1734,-6146,-31,6237,293098300,2115,293098360,2115,157,-55,43,56,2537,20,-14,2536
26223865,7426,508911495,54281296,1734,-6146,-32,6238,293098350,2115,293098370,2115,158,-55,2,75,2538,-21,5,2537
26233631,7426,508911502,54281253,1733,-6146,-32,6238,293098350,2115,293098380,2115,158,-56,3,153,2507,-20,83,2508
26243526,7426,508911510,54281209,1733,-6146,-32,6238,293098350,2115,293098390,2115,159,-56,9,42,2511,-14,-28,2509
26253958,7426,508911518,54281166,1733,-6146,-32,6238,293098350,2115,293098400,2115,159,-57,23,42,2544,-1,-29,2542
26264328,7426,508911526,54281123,1733,-6146,-33,6238,293098350,2115,293098410,2115,160,-57,52,89,2546,28,18,2546
26273692,7426,508911534,54281077,1733,-6146,-34,6238,293098400,2115,293098420,2115,160,-57,56,122,2629,31,48,2630
26283632,7426,508911541,54281034,1733,-6146,-34,6238,293098400,2115,293098430,2115,161,-58,18,54,2591,-7,-19,2589
26293529,7426,508911549,54280991,1733,-6146,-35,6238,293098400,2115,293098440,2115,162,-58,-15,100,2623,-40,26,2622
26303547,7426,508911557,54280948,1733,-6146,-36,6238,293098400,2115,293098450,2115,162,-58,18,10,2547,-6,-63,2544
26313844,7426,508911565,54280905,1733,-6146,-36,6238,293098400,2115,293098460,2115,162,-58,-6,87,2561,-30,14,2561
26323686,7426,508911573,54280859,1733,-6146,-37,6238,293098450,2115,293098470,2115,163,-58,8,141,2590,-17,67,2591
26333587,7426,508911580,54280816,1733,-6146,-37,6238,293098450,2115,293098480,2115,163,-58,49,56,2588,24,-18,2587
26343523,7426,508911588,54280773,1733,-6146,-38,6238,293098450,2115,293098490,2115,164,-58,77,26,2583,53,-48,2581
26353553,7426,508911596,54280730,1733,-6146,-38,6238,293098450,2115,293098500,2115,164,-58,14,91,2521,-9,18,2521
26364361,7426,508911604,54280687,1733,-6146,-38,6238,293098450,2115,293098510,2115,164,-57,-1,133,2520,-25,60,2521
26373685,7426,508911612,54280641,1733,-6146,-38,6238,293098500,2115,293098520,2115,164,-57,3,40,2503,-20,-32,2501
26383602,7426,508911619,54280598,1733,-6146,-39,6238,293098500,2115,293098530,2115,164,-57,29,82,2574,4,8,2574
26393554,7426,508911627,54280555,1733,-6146,-39,6238,293098500,2115,293098540,2115,164,-57,50,79,2545,27,6,2545
26404193,7426,508911635,54280512,1733,-6146,-40,6238,293098500,2115,293098550,2115,164,-57,67,72,2594,43,-2,2594
26414464,7426,508911643,54280469,1733,-6147,-40,6238,293098500,2115,293098560,2115,163,-57,27,94,2535,3,22,2535
26423680,7426,508911651,54280423,1733,-6146,-41,6238,293098550,2115,293098570,2115,163,-57,25,27,2575,2,-47,2573
26433672,7426,508911659,54280380,1733,-6146,-40,6238,293098550,2115,293098580,2115,163,-58,-3,55,2480,-26,-16,2479
26443563,7427,508911666,54280337,1732,-6146,-41,6238,293098550,2115,293098590,2115,162,-57,-29,230,2505,-53,158,2509
26453543,7427,508911674,54280294,1732,-6146,-40,6238,293098550,2115,293098600,2115,162,-57,40,-13,2492,17,-84,2489
26463826,7427,508911682,54280250,1733,-6146,-41,6238,293098550,2115,293098610,2115,161,-57,76,31,2522,52,-40,2521
26473683,7427,508911690,54280205,1733,-6146,-41,6238,293098600,2115,293098620,2115,161,-57,46,120,2497,22,49,2498
26483614,7427,508911698,54280162,1732,-6147,-41,6238,293098600,2115,293098630,2115,160,-57,52,145,2550,28,74,2552
26493958,7427,508911705,54280118,1732,-6147,-41,6238,293098600,2115,293098640,2115,160,-57,-5,68,2466,-28,-1,2465
26503536,7427,508911713,54280075,1732,-6146,-41,6238,293098600,2115,293098650,2115,160,-56,-33,69,2535,-56,-2,2534
26513792,7427,508911721,54280032,1732,-6146,-41,6238,293098600,2115,293098660,2115,159,-56,12,105,2510,-11,34,2510
26524115,7427,508911729,54279986,1731,-6147,-41,6238,293098650,2115,293098670,2115,159,-56,74,106,2509,51,36,2510
26533631,7428,508911737,54279943,1731,-6147,-41,6238,293098650,2115,293098680,2115,159,-56,64,84,2488,41,14,2488
26543510,7428,508911744,54279900,1731,-6147,-40,6238,293098650,2115,293098690,2115,159,-56,31,77,2405,9,10,2405
26554202,7428,508911752,54279857,1731,-6147,-40,6238,293098650,2115,293098700,2115,160,-55,-15,97,2400,-37,29,2399
26564475,7428,508911760,54279814,1731,-6147,-39,6238,293098650,2115,293098710,2115,159,-55,-1,108,2445,-23,39,2445
26573675,7428,508911768,54279768,1730,-6147,-39,6238,293098700,2115,293098720,2115,159,-54,27,105,2451,5,37,2452
26583678,7428,508911775,54279725,1731,-6147,-39,6238,293098700,2115,293098730,2115,159,-54,51,39,2475,29,-30,2473
26593553,7428,508911783,54279682,1731,-6147,-39,6238,293098700,2115,293098740,2115,159,-53,37,71,2462,15,2,2461
26603554,7428,508911791,54279639,1730,-6148,-38,6238,293098700,2115,293098750,2115,159,-53,60,125,2474,38,56,2475
26614504,7429,508911799,54279596,1730,-6148,-38,6238,293098700,2115,293098760,2115,159,-53,4,87,2510,-17,17,2509
26623969,7429,508911807,54279550,1730,-6147,-38,6238,293098750,2115,293098770,2115,159,-52,-1,82,2413,-22,15,2413
26633617,7429,508911814,54279507,1730,-6147,-37,6238,293098750,2115,293098780,2115,159,-52,14,75,2412,-6,7,2412
26644124,7429,508911822,54279464,1730,-6147,-36,6238,293098750,2115,293098790,2115,159,-52,-1,12,2436,-21,-56,2433
26653539,7429,508911830,54279420,1730,-6147,-36,6238,293098750,2115,293098800,2115,159,-52,26,173,2416,5,106,2418
26663807,7429,508911838,54279377,1730,-6148,-35,6238,293098750,2115,293098810,2115,159,-52,83,72,2434,63,5,2434
26673928,7429,508911846,54279332,1730,-6148,-34,6238,293098800,2115,293098820,2115,159,-52,53,87,2411,33,20,2411
26683599,7430,508911853,54279288,1730,-6148,-34,6238,293098800,2115,293098830,2115,159,-52,2,40,2433,-18,-28,2431
26693557,7430,508911861,54279245,1729,-6148,-34,6238,293098800,2115,293098840,2115,158,-52,14,97,2469,-7,29,2469
26703517,7430,508911869,54279202,1729,-6148,-33,6238,293098800,2115,293098850,2115,158,-52,-10,134,2460,-31,66,2460
26713775,7430,508911877,54279159,1729,-6148,-33,6238,293098800,2115,293098860,2115,158,-52,46,80,2482,25,11,2482
26723677,7430,508911885,54279113,1729,-6148,-33,6238,293098850,2115,293098870,2115,157,-52,21,71,2515,0,2,2514
26734557,7431,508911892,54279070,1729,-6148,-33,6238,293098850,2115,293098880,2115,157,-52,27,94,2478,6,26,2478
26743531,7431,508911900,54279027,1728,-6148,-32,6238,293098850,2115,293098890,2115,157,-52,28,152,2420,7,85,2422
26753543,7431,508911908,54278984,1728,-6148,-32,6238,293098850,2115,293098900,2115,157,-52,18,59,2461,-3,-9,2459
26763778,7431,508911916,54278941,1728,-6148,-32,6238,293098850,2115,293098910,2115,156,-52,16,60,2486,-5,-8,2485
26773680,7431,508911923,54278895,1728,-6148,-32,6238,293098900,2115,293098920,2115,156,-53,6,83,2462,-15,16,2461
26783602,7432,508911931,54278852,1727,-6149,-32,6238,293098900,2115,293098930,2115,156,-53,17,225,2477,-5,158,2481
26794276,7432,508911939,54278809,1727,-6149,-31,6238,293098900,2115,293098940,2115,155,-53,37,30,2455,16,-37,2453
26803523,7432,508911947,54278766,1727,-6149,-31,6238,293098900,2115,293098950,2115,155,-53,46,6,2476,25,-61,2473
26813786,7432,508911955,54278723,1727,-6149,-30,6238,293098900,2115,293098960,2115,155,-53,5,165,2413,-16,99,2414
26824362,7432,508911962,54278677,1726,-6149,-30,6238,293098950,2115,293098970,2115,155,-53,12,128,2509,-10,60,2509
26833667,7432,508911970,54278634,1726,-6149,-30,6238,293098950,2115,293098980,2115,154,-53,4,60,2510,-17,-8,2509
26843541,7433,508911978,54278591,1726,-6149,-31,6238,293098950,2115,293098990,2115,154,-52,20,92,2537,-1,23,2537
26853543,7433,508911986,54278547,1726,-6149,-31,6238,293098950,2115,293099000,2115,154,-52,31,35,2510,10,-32,2508
26864905,7433,508911993,54278504,1726,-6149,-31,6238,293098950,2115,293099010,2115,153,-52,31,174,2517,9,106,2519
26873681,7433,508912001,54278459,1725,-6149,-30,6238,293099000,2115,293099020,2115,153,-52,26,94,2426,5,28,2426
26883628,7433,508912009,54278415,1726,-6149,-30,6238,293099000,2115,293099030,2115,153,-52,10,39,2431,-10,-26,2429
26893551,7434,508912017,54278372,1725,-6149,-29,6238,293099000,2115,293099040,2115,153,-51,15,118,2431,-5,53,2432
26903548,7434,508912025,54278329,1725,-6149,-29,6238,293099000,2115,293099050,2115,152,-51,16,87,2491,-5,20,2490
26914994,7434,508912032,54278286,1724,-6149,-29,6238,293099000,2115,293099060,2115,152,-51,55,150,2523,33,83,2525
26923691,7434,508912040,54278240,1725,-6150,-30,6238,293099050,2115,293099070,2115,152,-51,53,-14,2548,32,-82,2545
26933629,7434,508912048,54278197,1725,-6150,-30,6238,293099050,2115,293099080,2115,152,-51,45,138,2487,24,72,2488
26943531,7435,508912056,54278154,1724,-6150,-29,6238,293099050,2115,293099090,2115,151,-51,4,94,2489,-17,28,2489
26953580,7435,508912063,54278111,1724,-6150,-29,6238,293099050,2115,293099100,2115,151,-50,-6,104,2447,-26,39,2447
26963868,7435,508912071,54278068,1724,-6149,-29,6238,293099050,2115,293099110,2115,151,-50,-20,55,2442,-39,-10,2441
26973687,7435,508912079,54278022,1723,-6150,-28,6238,293099100,2115,293099120,2115,150,-49,32,136,2484,12,70,2485
26983591,7436,508912087,54277979,1724,-6150,-29,6238,293099100,2115,293099130,2115,150,-49,59,56,2517,39,-10,2516
26993523,7436,508912095,54277936,1723,-6150,-29,6238,293099100,2115,293099140,2115,149,-49,57,114,2530,37,48,2530
27003681,7436,508912102,54277892,1723,-6151,-29,6238,293099100,2115,293099150,2115,149,-49,35,103,2468,16,39,2468
27013783,7436,508912110,54277849,1723,-6150,-29,6238,293099100,2115,293099160,2115,149,-48,20,29,2527,0,-37,2525
27023686,7436,508912118,54277803,1723,-6150,-28,6238,293099150,2115,293099170,2115,148,-48,-1,131,2433,-20,67,2434
27033612,7437,508912126,54277760,1722,-6150,-28,6238,293099150,2115,293099180,2115,148,-48,-27,83,2479,-47,18,2478
27043567,7437,508912133,54277717,1722,-6150,-28,6238,293099150,2115,293099190,2115,147,-48,43,136,2487,23,71,2488
27053541,7437,508912141,54277674,1722,-6151,-28,6238,293099150,2115,293099200,2115,147,-48,51,16,2513,32,-49,2511
27064438,7437,508912149,54277631,1722,-6151,-28,6238,293099150,2115,293099210,2115,147,-48,63,90,2492,43,26,2492
27073688,7437,508912157,54277585,1722,-6151,-28,6238,293099200,2115,293099220,2115,146,-48,25,170,2521,5,105,2523
27083661,7437,508912164,54277542,1722,-6151,-28,6238,293099200,2115,293099230,2115,146,-49,1,56,2528,-19,-9,2527
27094325,7438,508912172,54277499,1721,-6151,-28,6238,293099200,2115,293099240,2115,146,-49,2,99,2525,-18,35,2525
27103534,7438,508912180,54277456,1721,-6151,-29,6238,293099200,2115,293099250,2115,145,-49,11,67,2527,-9,3,2526
27113806,7438,508912188,54277412,1721,-6151,-29,6238,293099200,2115,293099260,2115,145,-50,57,113,2492,36,49,2493
27123694,7438,508912195,54277367,1721,-6151,-29,6238,293099250,2115,293099270,2115,145,-50,26,95,2520,6,31,2520
27133615,7438,508912203,54277323,1721,-6151,-29,6238,293099250,2115,293099280,2115,145,-51,33,43,2542,13,-22,2540
27143523,7438,508912211,54277280,1720,-6151,-29,6238,293099250,2115,293099290,2115,145,-51,15,114,2522,-6,50,2522
27153552,7438,508912219,54277237,1720,-6152,-30,6238,293099250,2115,293099300,2115,145,-52,34,98,2595,12,32,2595
27163813,7438,508912226,54277194,1720,-6152,-31,6238,293099250,2115,293099310,2115,144,-53,12,78,2584,-10,12,2583
27173691,7438,508912234,54277148,1720,-6152,-31,6238,293099300,2115,293099320,2115,144,-53,13,57,2610,-9,-9,2609
27184320,7439,508912242,54277105,1720,-6152,-32,6238,293099300,2115,293099330,2115,144,-54,23,81,2589,0,15,2588
27193537,7439,508912250,54277062,1720,-6152,-33,6238,293099300,2115,293099340,2115,144,-54,37,141,2585,14,76,2587
27203760,7439,508912257,54277019,1719,-6152,-33,6238,293099300,2115,293099350,2115,144,-55,6,97,2543,-17,33,2543
27214406,7439,508912265,54276975,1719,-6152,-33,6238,293099300,2115,293099360,2115,144,-55,11,44,2491,-11,-20,2490
27223697,7439,508912273,54276930,1719,-6152,-33,6238,293099350,2115,293099370,2115,144,-55,8,101,2553,-15,37,2553
27233614,7439,508912281,54276886,1719,-6151,-34,6238,293099350,2115,293099380,2115,144,-55,18,42,2596,-5,-23,2595
27244025,7439,508912288,54276843,1719,-6152,-35,6238,293099350,2115,293099390,2115,143,-56,45,144,2602,21,79,2603
27253559,7440,508912296,54276800,1718,-6152,-36,6239,293099350,2115,293099400,2115,143,-56,49,136,2590,25,71,2591
27263890,7440,508912304,54276757,1719,-6152,-36,6239,293099350,2115,293099410,2115,143,-56,48,19,2577,24,-46,2575
27273710,7440,508912312,54276711,1718,-6152,-37,6239,293099400,2115,293099420,2115,142,-57,-18,55,2607,-42,-10,2605
27283596,7440,508912319,54276668,1718,-6152,-37,6239,293099400,2115,293099430,2115,142,-57,0,167,2520,-24,104,2521
27293532,7440,508912327,54276625,1718,-6152,-38,6239,293099400,2115,293099440,2115,141,-57,-5,63,2551,-29,-1,2550
27303555,7440,508912335,54276582,1717,-6152,-38,6239,293099400,2115,293099450,2115,141,-57,25,100,2517,1,38,2517
27313817,7441,508912343,54276539,1717,-6152,-38,6239,293099400,2115,293099460,2115,140,-57,55,119,2586,31,55,2586
27323696,7441,508912350,54276493,1717,-6153,-39,6239,293099450,2115,293099470,2115,140,-57,76,59,2550,52,-4,2549
27333621,7441,508912358,54276450,1717,-6153,-39,6239,293099450,2115,293099480,2115,140,-58,25,96,2564,1,33,2563
27343539,7441,508912366,54276406,1717,-6152,-39,6239,293099450,2115,293099490,2115,139,-58,1,92,2519,-23,30,2519
27353561,7441,508912374,54276363,1716,-6152,-40,6239,293099450,2115,293099500,2115,139,-58,-34,145,2550,-58,82,2551
27364216,7441,508912381,54276320,1716,-6152,-40,6239,293099450,2115,293099510,2115,138,-58,5,21,2548,-18,-41,2546
27373707,7442,508912389,54276274,1716,-6152,-41,6239,293099500,2115,293099520,2115,138,-58,48,95,2574,23,33,2574
27383592,7442,508912397,54276231,1716,-6152,-41,6239,293099500,2115,293099530,2115,137,-58,47,73,2534,23,12,2534
27393557,7442,508912404,54276188,1715,-6153,-42,6239,293099500,2115,293099540,2115,137,-58,34,153,2576,9,91,2578
27404101,7442,508912412,54276145,1715,-6153,-42,6239,293099500,2115,293099550,2115,137,-58,15,51,2516,-8,-10,2515
27413798,7442,508912420,54276102,1715,-6152,-42,6239,293099500,2115,293099560,2115,136,-58,5,90,2558,-19,29,2558
27423681,7442,508912428,54276056,1715,-6152,-42,6239,293099550,2115,293099570,2115,136,-58,-10,41,2515,-34,-20,2514
27433611,7443,508912435,54276012,1715,-6152,-42,6239,293099550,2115,293099580,2115,136,-58,30,133,2490,6,74,2491
27443544,7443,508912443,54275969,1714,-6153,-42,6239,293099550,2115,293099590,2115,136,-58,55,95,2510,30,35,2510
27453552,7443,508912451,54275926,1714,-6153,-42,6239,293099550,2115,293099600,2115,136,-59,73,64,2530,49,4,2530
27464434,7443,508912458,54275883,1714,-6153,-43,6239,293099550,2115,293099610,2115,136,-59,23,130,2535,-2,70,2535
27473721,7443,508912466,54275837,1714,-6153,-43,6239,293099600,2115,293099620,2115,137,-59,21,46,2539,-3,-15,2538
27483613,7444,508912474,54275794,1714,-6153,-43,6239,293099600,2115,293099630,2115,137,-59,-26,100,2520,-51,39,2519
27493542,7444,508912482,54275751,1713,-6153,-43,6239,293099600,2115,293099640,2115,137,-59,-3,98,2529,-27,37,2529
27503519,7444,508912489,54275708,1713,-6153,-44,6239,293099600,2115,293099650,2115,138,-60,52,76,2565,27,14,2565
27514969,7444,508912497,54275664,1713,-6153,-44,6239,293099600,2115,293099660,2115,139,-60,52,59,2520,28,-2,2519
27523675,7445,508912505,54275619,1713,-6153,-44,6239,293099650,2115,293099670,2115,140,-60,43,85,2507,18,23,2507
27533607,7445,508912512,54275575,1713,-6153,-44,6239,293099650,2115,293099680,2115,141,-60,20,3,2490,-4,-58,2487
27545468,7445,508912520,54275532,1713,-6153,-44,6239,293099650,2115,293099690,2115,142,-60,-23,112,2489,-48,50,2489
27553569,7445,508912528,54275489,1713,-6153,-44,6239,293099650,2115,293099700,2115,143,-59,-35,55,2502,-59,-8,2501
27563877,7445,508912536,54275446,1712,-6153,-44,6239,293099650,2115,293099710,2115,144,-59,40,114,2501,16,51,2502
27573678,7446,508912543,54275400,1713,-6153,-44,6239,293099700,2115,293099720,2115,145,-59,66,-23,2515,42,-87,2512
27583613,7446,508912551,54275357,1713,-6154,-44,6239,293099700,2115,293099730,2115,146,-59,86,86,2471,63,23,2471
27593603,7446,508912559,54275314,1713,-6154,-43,6239,293099700,2115,293099740,2115,148,-58,15,121,2452,-9,58,2452
27604352,7446,508912566,54275271,1712,-6153,-43,6239,293099700,2115,293099750,2115,149,-58,-6,86,2455,-29,21,2454
27613804,7447,508912574,54275227,1713,-6153,-42,6239,293099700,2115,293099760,2115,151,-58,-33,7,2439,-56,-58,2436
27623684,7447,508912582,54275181,1713,-6153,-42,6239,293099750,2115,293099770,2115,153,-58,-4,47,2468,-27,-19,2466
27633639,7447,508912590,54275138,1713,-6153,-42,6239,293099750,2115,293099780,2115,154,-58,67,99,2468,44,32,2468
27643863,7447,508912597,54275095,1713,-6154,-41,6239,293099750,2115,293099790,2115,156,-58,87,96,2437,64,30,2438
27653562,7448,508912605,54275052,1713,-6154,-41,6239,293099750,2115,293099800,2115,158,-58,63,68,2504,39,-1,2504
27664416,7448,508912613,54275009,1713,-6154,-41,6239,293099750,2115,293099810,2115,159,-58,15,21,2452,-8,-48,2450
27673689,7448,508912620,54274963,1712,-6154,-41,6239,293099800,2115,293099820,2115,161,-58,-30,161,2441,-53,91,2443
27683618,7448,508912628,54274920,1713,-6153,-40,6239,293099800,2115,293099830,2115,162,-58,-3,13,2449,-26,-56,2446
27693551,7449,508912636,54274876,1713,-6153,-40,6239,293099800,2115,293099840,2115,164,-58,22,83,2474,-1,12,2474
27703560,7449,508912643,54274833,1713,-6154,-40,6239,293099800,2115,293099850,2115,165,-58,69,50,2472,46,-21,2471
27713804,7449,508912651,54274790,1712,-6154,-40,6239,293099800,2115,293099860,2115,166,-59,83,138,2517,59,65,2519
27723723,7449,508912659,54274744,1712,-6154,-40,6239,293099850,2115,293099870,2115,167,-59,37,121,2501,12,47,2502
27733658,7449,508912667,54274701,1712,-6154,-40,6239,293099850,2115,293099880,2115,168,-59,-18,67,2491,-42,-7,2489
27743531,7449,508912674,54274658,1712,-6153,-40,6239,293099850,2115,293099890,2115,169,-59,-49,47,2505,-73,-27,2503
27753574,7449,508912682,54274615,1712,-6153,-39,6239,293099850,2115,293099900,2115,170,-59,-4,127,2473,-28,53,2474
27764306,7450,508912690,54274571,1712,-6153,-39,6239,293099850,2115,293099910,2115,170,-58,41,114,2445,17,41,2445
27773674,7450,508912697,54274526,1711,-6154,-39,6239,293099900,2115,293099920,2115,171,-58,63,80,2454,40,6,2454
27783629,7450,508912705,54274482,1711,-6154,-38,6239,293099900,2115,293099930,2115,171,-58,49,88,2447,26,15,2447
27793590,7450,508912713,54274439,1711,-6154,-38,6239,293099900,2115,293099940,2115,172,-57,36,117,2443,13,44,2444
27803609,7450,508912720,54274396,1711,-6154,-37,6239,293099900,2115,293099950,2115,172,-57,-26,71,2448,-49,-3,2446
27814152,7450,508912728,54274353,1711,-6154,-37,6239,293099900,2115,293099960,2115,172,-56,0,77,2484,-23,2,2483
27823673,7450,508912736,54274307,1710,-6154,-37,6239,293099950,2115,293099970,2115,171,-55,14,143,2456,-8,69,2457
27834205,7450,508912744,54274264,1711,-6154,-37,6239,293099950,2115,293099980,2115,171,-55,63,62,2462,41,-11,2461
27843870,7450,508912751,54274221,1710,-6154,-36,6239,293099950,2115,293099990,2115,170,-54,58,146,2419,36,74,2421
27853560,7450,508912759,54274177,1710,-6154,-35,6239,293099950,2115,293100000,2115,170,-53,16,121,2374,-4,50,2375
27863858,7450,508912767,54274134,1710,-6154,-34,6239,293099950,2115,293100010,2115,169,-52,28,-1,2381,9,-72,2378
27873689,7450,508912774,54274088,1710,-6154,-33,6239,293100000,2115,293100020,2115,168,-51,-34,113,2354,-54,43,2354
27883606,7450,508912782,54274045,1709,-6154,-32,6239,293100000,2115,293100030,2115,167,-50,6,199,2377,-14,129,2380
27893583,7450,508912790,54274002,1709,-6154,-31,6239,293100000,2115,293100040,2115,165,-49,60,8,2362,42,-60,2360
27903682,7450,508912797,54273959,1709,-6155,-30,6239,293100000,2115,293100050,2115,164,-48,26,138,2428,7,68,2429
27913952,7450,508912805,54273915,1709,-6155,-30,6239,293100000,2115,293100060,2115,163,-47,85,93,2398,67,24,2398
27923710,7450,508912813,54273869,1708,-6155,-29,6239,293100050,2115,293100070,2115,162,-47,15,132,2406,-3,64,2407
27933592,7450,508912820,54273826,1708,-6155,-27,6239,293100050,2115,293100080,2115,160,-46,7,110,2317,-10,44,2317
27943570,7450,508912828,54273783,1708,-6155,-27,6239,293100050,2115,293100090,2115,159,-45,-27,19,2388,-44,-48,2386
27953574,7450,508912836,54273740,1707,-6155,-25,6239,293100050,2115,293100100,2115,157,-45,20,151,2351,3,86,2353
27963803,7449,508912843,54273697,1707,-6156,-25,6239,293100050,2115,293100110,2115,155,-44,64,125,2402,46,60,2403
27974086,7449,508912851,54273651,1707,-6156,-24,6239,293100100,2115,293100120,2115,154,-44,74,52,2382,57,-12,2381
27983658,7449,508912859,54273607,1707,-6156,-23,6239,293100100,2115,293100130,2115,153,-43,76,82,2417,59,17,2417
27993546,7449,508912866,54273564,1707,-6156,-22,6239,293100100,2115,293100140,2115,152,-43,8,50,2416,-9,-15,2414
28003690,7449,508912874,54273521,1707,-6156,-22,6239,293100100,2115,293100150,2115,150,-43,-13,80,2414,-30,16,2413
28013790,7448,508912882,54273478,1707,-6156,-21,6239,293100100,2115,293100160,2115,149,-43,-28,118,2396,-44,54,2396
28023704,7448,508912889,54273432,1707,-6156,-20,6239,293100150,2115,293100170,2115,149,-43,47,30,2439,31,-34,2437
28033630,7448,508912897,54273389,1707,-6156,-20,6239,293100150,2115,293100180,2115,148,-43,64,59,2442,47,-4,2441
28043543,7448,508912905,54273346,1707,-6157,-19,6239,293100150,2115,293100190,2115,147,-43,56,79,2426,40,17,2425
28053563,7447,508912912,54273302,1707,-6157,-19,6239,293100150,2115,293100200,2115,146,-44,37,49,2489,19,-15,2488
28064157,7447,508912920,54273259,1707,-6157,-19,6239,293100150,2115,293100210,2115,146,-44,-5,63,2471,-23,0,2470
28073735,7447,508912928,54273213,1707,-6157,-19,6239,293100200,2115,293100220,2115,145,-44,-7,61,2531,-24,-4,2530
28083628,7447,508912935,54273170,1707,-6157,-19,6239,293100200,2115,293100230,2115,145,-45,18,36,2506,1,-28,2505
28093596,7446,508912943,54273127,1707,-6157,-19,6239,293100200,2115,293100240,2115,145,-45,69,53,2546,50,-12,2545
28104445,7446,508912951,54273084,1708,-6157,-19,6239,293100200,2115,293100250,2115,145,-46,75,6,2475,57,-57,2473
28113990,7445,508912959,54273040,1708,-6157,-19,6239,293100200,2115,293100260,2115,145,-47,43,94,2437,25,32,2437
28123698,7445,508912966,54272994,1708,-6157,-18,6239,293100250,2115,293100270,2115,145,-47,-13,5,2390,-31,-56,2387
28133627,7445,508912974,54272951,1708,-6157,-18,6239,293100250,2115,293100280,2115,145,-47,-23,18,2511,-42,-46,2509
28143534,7444,508912982,54272908,1709,-6157,-18,6239,293100250,2115,293100290,2115,145,-48,24,14,2568,5,-51,2566
28153554,7444,508912989,54272865,1709,-6157,-19,6239,293100250,2115,293100300,2115,145,-49,72,3,2625,52,-64,2623
28165353,7444,508912997,54272821,1710,-6158,-20,6239,293100250,2115,293100310,2115,145,-49,92,64,2581,71,-1,2580
28173712,7444,508913005,54272775,1710,-6157,-21,6239,293100300,2115,293100320,2115,145,-50,49,-12,2590,29,-77,2587
28183630,7443,508913012,54272732,1710,-6157,-21,6239,293100300,2115,293100330,2115,145,-50,-28,30,2543,-49,-36,2541
28193756,7443,508913020,54272689,1710,-6156,-22,6239,293100300,2115,293100340,2115,145,-51,-43,53,2593,-65,-13,2591
28204079,7443,508913028,54272646,1711,-6156,-22,6239,293100300,2115,293100350,2115,145,-51,-4,-63,2570,-24,-129,2566
28214554,7442,508913035,54272603,1712,-6156,-23,6239,293100300,2115,293100360,2115,145,-52,45,13,2562,24,-53,2560
28223685,7442,508913043,54272557,1712,-6157,-24,6239,293100350,2115,293100370,2115,145,-52,78,83,2620,55,17,2620
28233644,7442,508913051,54272514,1712,-6157,-24,6239,293100350,2115,293100380,2115,146,-53,90,41,2557,68,-24,2556
28243657,7442,508913058,54272470,1713,-6157,-25,6239,293100350,2115,293100390,2115,146,-53,40,1,2645,18,-67,2643
28253518,7441,508913066,54272427,1713,-6157,-25,6239,293100350,2115,293100400,2115,147,-54,-11,-61,2553,-33,-127,2549
28263793,7441,508913074,54272384,1713,-6156,-26,6239,293100350,2115,293100410,2115,147,-54,-43,95,2557,-66,29,2556
28273832,7441,508913082,54272338,1713,-6156,-27,6240,293100400,2115,293100420,2115,147,-55,-17,26,2607,-40,-42,2605
28283630,7441,508913089,54272295,1714,-6156,-28,6240,293100400,2115,293100430,2115,147,-55,58,13,2638,34,-55,2636
28293550,7441,508913097,54272252,1714,-6156,-29,6240,293100400,2115,293100440,2115,147,-56,76,61,2632,52,-6,2631
28303925,7441,508913105,54272208,1714,-6157,-30,6240,293100400,2115,293100450,2115,147,-56,71,75,2664,47,7,2664
28313807,7440,508913112,54272165,1714,-6156,-31,6240,293100400,2115,293100460,2115,147,-56,10,-16,2667,-14,-85,2664
28324557,7440,508913120,54272119,1715,-6156,-32,6240,293100450,2115,293100470,2115,148,-57,-22,23,2576,-46,-44,2574
28334117,7440,508913128,54272076,1715,-6155,-33,6240,293100450,2115,293100480,2115,148,-57,-46,50,2593,-70,-18,2591
28343535,7440,508913135,54272033,1715,-6155,-34,6240,293100450,2115,293100490,2115,148,-57,34,32,2632,10,-36,2630
28353567,7440,508913143,54271990,1715,-6156,-35,6240,293100450,2115,293100500,2115,148,-58,71,40,2642,46,-28,2641
28364576,7440,508913151,54271946,1716,-6156,-36,6240,293100450,2115,293100510,2115,148,-58,78,4,2632,53,-64,2630
28373693,7440,508913159,54271900,1716,-6156,-37,6240,293100500,2115,293100520,2115,149,-59,38,67,2630,12,-2,2630
28383611,7440,508913166,54271857,1716,-6156,-37,6240,293100500,2115,293100530,2115,149,-59,-13,39,2531,-37,-27,2529
28393574,7439,508913174,54271814,1716,-6155,-38,6240,293100500,2115,293100540,2115,149,-59,-46,39,2597,-71,-29,2595
28403707,7439,508913182,54271771,1717,-6155,-39,6240,293100500,2115,293100550,2115,149,-59,4,-14,2637,-21,-83,2634
28413793,7439,508913189,54271728,1717,-6155,-40,6240,293100500,2115,293100560,2115,150,-59,28,42,2673,2,-28,2672
28424003,7439,508913197,54271682,1717,-6155,-41,6240,293100550,2115,293100570,2115,150,-59,81,119,2609,55,51,2610
28433626,7439,508913205,54271639,1717,-6155,-42,6240,293100550,2115,293100580,2115,150,-59,59,6,2679,33,-64,2677
28443546,7439,508913213,54271595,1718,-6155,-43,6240,293100550,2115,293100590,2115,151,-59,23,-21,2608,-2,-90,2604
28453906,7439,508913220,54271552,1718,-6154,-44,6240,293100550,2115,293100600,2115,151,-59,-29,49,2649,-54,-21,2647
28464013,7439,508913228,54271509,1718,-6154,-45,6240,293100550,2115,293100610,2115,151,-59,-29,62,2553,-53,-6,2552
28473719,7439,508913236,54271463,1718,-6154,-45,6240,293100600,2115,293100620,2115,151,-58,27,70,2546,3,2,2545
28483631,7439,508913244,54271420,1718,-6154,-45,6240,293100600,2115,293100630,2115,151,-58,72,24,2469,49,-42,2468
28493578,7439,508913251,54271377,1718,-6155,-45,6240,293100600,2115,293100640,2115,151,-58,64,75,2507,40,8,2507
28503557,7439,508913259,54271334,1719,-6155,-45,6240,293100600,2115,293100650,2115,152,-58,39,14,2547,15,-54,2545
28514194,7438,508913267,54271290,1719,-6155,-46,6240,293100600,2115,293100660,2115,152,-57,36,31,2568,12,-37,2567
28523713,7438,508913274,54271244,1719,-6154,-46,6240,293100650,2115,293100670,2115,152,-57,-29,38,2516,-53,-30,2514
28534209,7438,508913282,54271201,1719,-6154,-46,6240,293100650,2115,293100680,2115,151,-57,-4,67,2553,-28,-1,2552
28543560,7438,508913290,54271158,1719,-6154,-47,6240,293100650,2115,293100690,2115,151,-56,31,64,2554,8,-4,2553
28553555,7438,508913298,54271115,1719,-6154,-47,6240,293100650,2115,293100700,2115,151,-56,44,47,2530,21,-20,2529
28565011,7438,508913305,54271072,1719,-6155,-46,6240,293100650,2115,293100710,2115,151,-55,62,77,2448,40,12,2448
28573699,7438,508913313,54271026,1720,-6155,-46,6240,293100700,2115,293100720,2115,151,-55,15,38,2430,-6,-27,2428
28583658,7438,508913321,54270983,1719,-6155,-46,6240,293100700,2115,293100730,2115,150,-54,-16,93,2429,-37,29,2428
28593543,7438,508913329,54270939,1720,-6154,-45,6240,293100700,2115,293100740,2115,150,-54,4,-14,2470,-18,-79,2466
28604157,7438,508913336,54270896,1719,-6154,-45,6240,293100700,2115,293100750,2115,150,-53,8,163,2500,-14,97,2501
28614439,7438,508913344,54270853,1719,-6155,-44,6240,293100700,2115,293100760,2115,149,-53,56,62,2394,36,-1,2393
28623687,7438,508913352,54270807,1719,-6155,-43,6240,293100750,2115,293100770,2115,149,-52,82,31,2342,63,-30,2341
28633647,7438,508913360,54270764,1719,-6155,-41,6240,293100750,2115,293100780,2115,149,-51,17,100,2240,-1,41,2240
28644136,7438,508913367,54270721,1719,-6155,-40,6240,293100750,2115,293100790,2115,148,-50,-18,91,2411,-38,28,2410
28653593,7438,508913375,54270678,1719,-6154,-40,6240,293100750,2115,293100800,2115,148,-49,-26,22,2446,-45,-42,2443
28663781,7438,508913383,54270634,1719,-6154,-40,6240,293100750,2115,293100810,2115,147,-49,20,88,2503,0,23,2503
28673754,7438,508913390,54270588,1719,-6155,-39,6240,293100800,2115,293100820,2115,146,-48,61,58,2431,42,-4,2431
28683711,7438,508913398,54270545,1719,-6155,-38,6240,293100800,2115,293100830,2115,146,-47,84,88,2427,65,26,2427
28693703,7438,508913406,54270502,1719,-6155,-37,6240,293100800,2115,293100840,2115,145,-46,21,99,2322,3,40,2322
28703674,7438,508913414,54270459,1719,-6155,-35,6240,293100800,2115,293100850,2115,145,-46,-2,29,2295,-18,-30,2293
28713814,7438,508913421,54270416,1719,-6154,-33,6240,293100800,2115,293100860,2115,144,-45,-63,39,2248,-79,-18,2246
28724292,7438,508913429,54270370,1718,-6154,-32,6240,293100850,2115,293100870,2115,143,-44,8,94,2273,-8,37,2273
28733619,7438,508913437,54270327,1718,-6155,-31,6240,293100850,2115,293100880,2115,142,-44,77,116,2382,60,57,2383
28744000,7438,508913445,54270283,1718,-6156,-30,6240,293100850,2115,293100890,2115,141,-44,122,37,2428,105,-23,2427
28754334,7438,508913452,54270240,1719,-6156,-30,6240,293100850,2115,293100900,2115,141,-44,85,41,2425,68,-18,2424
28764322,7438,508913460,54270197,1719,-6156,-28,6240,293100850,2115,293100910,2115,140,-45,-9,72,2309,-26,15,2308
28773694,7438,508913468,54270151,1718,-6156,-27,6240,293100900,2115,293100920,2115,139,-45,-47,83,2349,-64,25,2348
28784537,7438,508913475,54270108,1718,-6155,-26,6240,293100900,2115,293100930,2115,138,-45,-32,25,2384,-49,-33,2382
28793545,7438,508913483,54270065,1718,-6155,-25,6240,293100900,2115,293100940,2115,138,-45,17,142,2403,-1,84,2404
28803521,7438,508913491,54270022,1718,-6156,-25,6240,293100900,2115,293100950,2115,137,-45,63,42,2450,46,-16,2449
28814220,7438,508913499,54269978,1718,-6156,-25,6240,293100900,2115,293100960,2115,136,-46,100,105,2529,81,45,2530
28823691,7438,508913506,54269933,1718,-6157,-24,6240,293100950,2115,293100970,2115,136,-46,41,51,2409,23,-7,2408
28833625,7438,508913514,54269889,1718,-6156,-24,6240,293100950,2115,293100980,2115,135,-47,13,47,2467,-5,-12,2465
28843551,7438,508913522,54269846,1718,-6156,-23,6240,293100950,2115,293100990,2115,135,-48,-48,76,2433,-66,18,2432
28853536,7438,508913530,54269803,1718,-6156,-23,6240,293100950,2115,293101000,2115,134,-48,-9,45,2442,-27,-12,2440
28863827,7438,508913537,54269760,1717,-6156,-23,6240,293100950,2115,293101010,2115,134,-49,23,120,2455,4,62,2456
28873720,7438,508913545,54269714,1717,-6156,-23,6240,293101000,2115,293101020,2115,134,-50,70,70,2545,49,10,2545
28883728,7438,508913553,54269671,1718,-6157,-23,6240,293101000,2115,293101030,2115,133,-51,81,29,2483,61,-29,2482
28893560,7438,508913561,54269627,1718,-6157,-23,6240,293101000,2115,293101040,2115,133,-52,36,42,2574,15,-18,2573
28903544,7438,508913568,54269584,1718,-6157,-24,6240,293101000,2115,293101050,2115,134,-53,15,84,2571,-7,23,2570
28913810,7439,508913576,54269541,1718,-6156,-24,6240,293101000,2115,293101060,2115,133,-54,-30,31,2533,-53,-29,2531
28923718,7439,508913584,54269495,1717,-6156,-25,6240,293101050,2115,293101070,2115,133,-56,-10,65,2551,-33,5,2550
28933620,7439,508913591,54269452,1717,-6156,-25,6240,293101050,2115,293101080,2115,133,-57,41,95,2564,17,35,2564
28943572,7439,508913599,54269409,1718,-6157,-26,6240,293101050,2115,293101090,2115,134,-57,61,35,2565,37,-25,2564
28953560,7439,508913607,54269366,1718,-6157,-26,6240,293101050,2115,293101100,2115,134,-58,55,7,2583,31,-54,2581
28964153,7439,508913615,54269322,1718,-6156,-27,6240,293101050,2115,293101110,2115,134,-59,2,35,2580,-23,-26,2578
28973694,7439,508913622,54269276,1718,-6156,-27,6240,293101100,2115,293101120,2115,135,-59,-11,86,2571,-36,25,2570
28983611,7439,508913630,54269233,1718,-6156,-28,6240,293101100,2115,293101130,2115,135,-60,-35,30,2622,-60,-32,2620
28993536,7439,508913638,54269190,1718,-6156,-29,6240,293101100,2115,293101140,2115,135,-60,13,53,2624,-12,-9,2623
29003558,7439,508913646,54269147,1718,-6156,-31,6240,293101100,2115,293101150,2115,136,-60,100,62,2692,73,-2,2692
29013826,7439,508913653,54269104,1718,-6156,-31,6240,293101100,2115,293101160,2115,137,-59,33,36,2531,8,-25,2529
29024045,7439,508913661,54269058,1718,-6156,-31,6240,293101150,2115,293101170,2115,138,-59,-14,55,2481,-38,-5,2479
29033653,7439,508913669,54269015,1718,-6155,-31,6240,293101150,2115,293101180,2115,139,-59,-52,37,2552,-76,-25,2549
29043542,7440,508913676,54268971,1718,-6155,-32,6240,293101150,2115,293101190,2115,140,-58,-1,86,2587,-26,23,2586
29054078,7440,508913684,54268928,1718,-6155,-33,6240,293101150,2115,293101200,2115,140,-58,39,59,2639,14,-6,2638
29063827,7440,508913692,54268885,1718,-6155,-34,6240,293101150,2115,293101210,2115,141,-57,78,56,2609,53,-8,2609
29073690,7440,508913700,54268839,1719,-6156,-34,6240,293101200,2115,293101220,2115,142,-57,86,54,2530,63,-9,2530
29083638,7440,508913707,54268796,1718,-6156,-34,6240,293101200,2115,293101230,2115,143,-57,10,85,2461,-13,23,2461
29093550,7440,508913715,54268753,1718,-6156,-33,6240,293101200,2115,293101240,2115,144,-56,-27,64,2393,-49,3,2391
29103542,7440,508913723,54268710,1718,-6155,-32,6240,293101200,2115,293101250,2115,145,-56,-3,44,2414,-24,-18,2412
29114981,7440,508913731,54268666,1719,-6155,-33,6240,293101200,2115,293101260,2115,145,-55,14,-1,2570,-9,-66,2568
29123688,7440,508913738,54268620,1719,-6155,-34,6240,293101250,2115,293101270,2115,146,-55,55,44,2634,31,-23,2633
29133615,7441,508913746,54268577,1718,-6156,-35,6240,293101250,2115,293101280,2115,146,-55,51,220,2615,26,153,2619
29143541,7441,508913754,54268534,1718,-6157,-36,6240,293101250,2115,293101290,2115,147,-55,105,65,2631,82,-3,2631
29153535,7441,508913762,54268491,1719,-6156,-36,6240,293101250,2115,293101300,2115,147,-55,7,4,2600,-16,-63,2598
29163807,7441,508913769,54268448,1718,-6156,-36,6240,293101250,2115,293101310,2115,148,-54,-54,80,2463,-76,15,2462
29173706,7441,508913777,54268402,1718,-6155,-36,6240,293101300,2115,293101320,2115,149,-54,-73,64,2475,-95,-1,2473
29183606,7441,508913785,54268358,1718,-6155,-35,6240,293101300,2115,293101330,2115,149,-54,-23,74,2456,-44,9,2455
29194294,7441,508913792,54268315,1718,-6156,-36,6240,293101300,2115,293101340,2115,150,-53,132,130,2602,109,62,2604
29203536,7442,508913800,54268272,1718,-6156,-36,6240,293101300,2115,293101350,2115,150,-53,91,14,2520,69,-52,2519
29213785,7442,508913808,54268229,1718,-6156,-37,6240,293101300,2115,293101360,2115,150,-52,55,98,2572,33,30,2572
29223705,7442,508913816,54268183,1718,-6156,-37,6240,293101350,2115,293101370,2115,151,-52,-16,88,2544,-38,21,2543
29233625,7442,508913823,54268140,1718,-6156,-37,6240,293101350,2115,293101380,2115,151,-52,-42,99,2491,-63,33,2490
29243541,7442,508913831,54268097,1718,-6155,-37,6240,293101350,2115,293101390,2115,152,-51,-36,36,2491,-57,-31,2489
29253533,7442,508913839,54268053,1718,-6155,-38,6240,293101350,2115,293101400,2115,152,-51,20,83,2590,-1,14,2589
29263788,7442,508913847,54268010,1718,-6156,-38,6240,293101350,2115,293101410,2115,153,-50,68,84,2573,47,15,2573
29273695,7443,508913854,54267964,1717,-6156,-39,6240,293101400,2115,293101420,2115,153,-50,98,103,2528,77,35,2529
29283652,7443,508913862,54267921,1717,-6156,-38,6240,293101400,2115,293101430,2115,153,-50,27,92,2446,7,26,2446
29293550,7443,508913870,54267878,1718,-6156,-38,6241,293101400,2115,293101440,2115,154,-49,20,-3,2464,1,-69,2461
29304318,7443,508913877,54267835,1717,-6156,-37,6241,293101400,2115,293101450,2115,154,-50,-38,100,2427,-57,34,2426
29313789,7443,508913885,54267791,1716,-6156,-37,6241,293101400,2115,293101460,2115,155,-50,22,182,2447,2,116,2449
29323710,7443,508913893,54267745,1716,-6157,-37,6241,293101450,2115,293101470,2115,155,-50,80,78,2528,60,10,2528
29333639,7443,508913901,54267702,1717,-6157,-37,6241,293101450,2115,293101480,2115,155,-50,56,47,2524,35,-22,2523
29343566,7444,508913908,54267659,1716,-6157,-37,6241,293101450,2115,293101490,2115,156,-50,49,113,2501,29,45,2502
29353543,7444,508913916,54267616,1717,-6157,-37,6241,293101450,2115,293101500,2115,157,-50,22,23,2491,2,-45,2489
29363991,7444,508913924,54267573,1716,-6157,-37,6241,293101450,2115,293101510,2115,157,-50,-12,89,2434,-32,22,2433
29373694,7444,508913932,54267527,1716,-6157,-36,6241,293101500,2115,293101520,2115,157,-50,-51,120,2442,-71,53,2442
29383604,7444,508913939,54267484,1715,-6156,-36,6241,293101500,2115,293101530,2115,157,-50,-25,132,2509,-45,62,2510
29393581,7444,508913947,54267440,1716,-6157,-37,6241,293101500,2115,293101540,2115,158,-50,59,10,2594,38,-62,2592
29403550,7444,508913955,54267397,1716,-6157,-38,6241,293101500,2115,293101550,2115,158,-50,115,64,2580,94,-7,2580
29413850,7444,508913962,54267354,1716,-6158,-38,6241,293101500,2115,293101560,2115,159,-50,49,126,2498,28,57,2499
29423691,7445,508913970,54267308,1715,-6157,-37,6241,293101550,2115,293101570,2115,160,-51,-14,159,2462,-34,90,2464
29433654,7445,508913978,54267265,1716,-6157,-36,6241,293101550,2115,293101580,2115,161,-51,-38,-14,2352,-57,-81,2348
29443573,7445,508913986,54267222,1716,-6156,-35,6241,293101550,2115,293101590,2115,161,-51,-42,88,2416,-62,19,2415
29453553,7445,508913993,54267178,1715,-6156,-35,6241,293101550,2115,293101600,2115,162,-51,16,117,2426,-4,48,2426
29463796,7445,508914001,54267135,1715,-6157,-35,6241,293101550,2115,293101610,2115,163,-52,130,136,2483,109,65,2486
29474884,7445,508914009,54267089,1715,-6158,-35,6241,293101600,2115,293101620,2115,163,-53,98,44,2490,77,-27,2490
29483626,7445,508914017,54267046,1716,-6158,-34,6241,293101600,2115,293101630,2115,164,-53,47,14,2480,26,-58,2478
29493548,7445,508914024,54267003,1715,-6158,-34,6241,293101600,2115,293101640,2115,165,-54,-25,147,2481,-47,74,2482
29503545,7445,508914032,54266960,1715,-6157,-34,6241,293101600,2115,293101650,2115,166,-54,-73,77,2474,-94,4,2472
29513853,7446,508914040,54266916,1715,-6157,-34,6241,293101600,2115,293101660,2115,167,-54,-27,112,2550,-50,37,2550
29524635,7446,508914047,54266871,1715,-6157,-34,6241,293101650,2115,293101670,2115,168,-54,18,-12,2471,-3,-85,2467
29533636,7446,508914055,54266827,1715,-6157,-35,6241,293101650,2115,293101680,2115,168,-54,103,115,2543,80,40,2545
29543548,7446,508914063,54266784,1714,-6158,-35,6241,293101650,2115,293101690,2115,169,-54,51,136,2497,29,63,2498
29553580,7446,508914071,54266741,1714,-6158,-35,6241,293101650,2115,293101700,2115,170,-53,32,100,2510,10,25,2510
29563821,7446,508914078,54266698,1715,-6157,-34,6241,293101650,2115,293101710,2115,170,-53,-45,-54,2410,-65,-126,2405
29573686,7446,508914086,54266652,1714,-6156,-34,6241,293101700,2115,293101720,2115,171,-53,-69,123,2461,-90,49,2461
29583621,7447,508914094,54266609,1714,-6156,-33,6241,293101700,2115,293101730,2115,171,-52,-7,163,2437,-28,90,2439
29593560,7447,508914101,54266565,1713,-6157,-33,6241,293101700,2115,293101740,2115,172,-52,71,90,2443,50,16,2444
29603596,7447,508914109,54266522,1714,-6157,-32,6241,293101700,2115,293101750,2115,172,-51,93,54,2382,73,-18,2382
29613846,7447,508914117,54266479,1714,-6158,-31,6241,293101700,2115,293101760,2115,173,-50,56,63,2420,37,-10,2419
29623724,7447,508914124,54266433,1713,-6157,-30,6241,293101750,2115,293101770,2115,173,-50,-30,138,2381,-49,65,2382
29633628,7448,508914132,54266390,1714,-6157,-29,6241,293101750,2115,293101780,2115,174,-49,-37,44,2383,-56,-28,2381
29643547,7448,508914140,54266347,1713,-6157,-29,6241,293101750,2115,293101790,2115,174,-49,-8,95,2426,-27,21,2426
29653562,7448,508914148,54266303,1713,-6157,-28,6241,293101750,2115,293101800,2115,174,-48,53,131,2424,34,57,2426
29663816,7448,508914155,54266260,1713,-6158,-28,6241,293101750,2115,293101810,2115,174,-48,73,111,2495,54,36,2496
29673680,7448,508914163,54266214,1713,-6158,-28,6241,293101800,2115,293101820,2115,174,-47,102,80,2458,83,5,2458
29683622,7448,508914171,54266171,1713,-6158,-27,6241,293101800,2115,293101830,2115,174,-47,10,88,2443,-8,13,2443
29693558,7448,508914178,54266128,1713,-6158,-26,6241,293101800,2115,293101840,2115,174,-47,-49,45,2396,-66,-29,2394
29703556,7449,508914186,54266085,1712,-6157,-26,6241,293101800,2115,293101850,2115,173,-47,-45,231,2426,-64,157,2429
29713817,7449,508914194,54266042,1712,-6157,-25,6241,293101800,2115,293101860,2115,173,-47,26,38,2427,8,-36,2426
29723695,7449,508914201,54265996,1712,-6158,-25,6241,293101850,2115,293101870,2115,173,-47,81,114,2463,62,40,2464
29733611,7449,508914209,54265952,1711,-6159,-25,6241,293101850,2115,293101880,2115,173,-47,76,113,2468,57,39,2469
29743545,7449,508914217,54265909,1711,-6159,-25,6241,293101850,2115,293101890,2115,173,-47,72,95,2502,53,19,2503
29753554,7449,508914225,54265866,1711,-6159,-24,6241,293101850,2115,293101900,2115,173,-48,-31,83,2457,-50,8,2456
29763816,7449,508914232,54265823,1711,-6158,-24,6241,293101850,2115,293101910,2115,172,-48,-51,144,2497,-71,68,2498
29773699,7449,508914240,54265777,1710,-6158,-24,6241,293101900,2115,293101920,2115,172,-48,-8,90,2468,-27,15,2468
29783623,7450,508914248,54265734,1711,-6158,-24,6241,293101900,2115,293101930,2115,171,-48,30,62,2516,11,-14,2515
29793574,7450,508914255,54265690,1710,-6158,-25,6241,293101900,2115,293101940,2115,171,-48,58,97,2559,38,20,2559
29803571,7450,508914263,54265647,1710,-6159,-25,6241,293101900,2115,293101950,2115,170,-49,80,113,2540,60,38,2541
29813831,7450,508914271,54265604,1710,-6159,-25,6241,293101900,2115,293101960,2115,170,-49,32,152,2532,12,76,2534
29823733,7450,508914278,54265558,1710,-6159,-25,6241,293101950,2115,293101970,2115,170,-49,-39,8,2547,-59,-68,2544
29833630,7450,508914286,54265515,1710,-6158,-26,6241,293101950,2115,293101980,2115,169,-50,-40,122,2536,-60,47,2536
29843571,7450,508914294,54265472,1709,-6158,-26,6241,293101950,2115,293101990,2115,168,-50,-4,112,2490,-24,38,2490
29853530,7450,508914301,54265428,1709,-6158,-27,6241,293101950,2115,293102000,2115,167,-51,47,91,2621,25,14,2621
29864972,7450,508914309,54265385,1710,-6159,-27,6241,293101950,2115,293102010,2115,167,-51,102,62,2576,81,-13,2576
29874079,7450,508914317,54265339,1709,-6159,-28,6241,293102000,2115,293102020,2115,166,-52,58,93,2600,36,17,2600
29883628,7449,508914325,54265296,1709,-6159,-28,6241,293102000,2115,293102030,2115,166,-53,-3,137,2544,-25,63,2545
29893557,7449,508914332,54265253,1709,-6159,-29,6241,293102000,2115,293102040,2115,165,-53,-21,31,2611,-43,-44,2608
29904308,7449,508914340,54265210,1710,-6158,-30,6241,293102000,2115,293102050,2115,165,-54,-21,14,2600,-44,-61,2597
29914343,7449,508914348,54265166,1709,-6159,-31,6241,293102000,2115,293102060,2115,164,-55,38,152,2621,14,77,2623
29923932,7448,508914355,54265120,1709,-6159,-32,6241,293102050,2115,293102070,2115,164,-56,84,111,2607,60,36,2608
29933880,7448,508914363,54265077,1710,-6159,-32,6241,293102050,2115,293102080,2115,164,-57,50,-28,2607,26,-103,2604
29943546,7447,508914371,54265034,1710,-6159,-33,6241,293102050,2115,293102090,2115,163,-58,-4,46,2581,-29,-28,2579
29953574,7447,508914378,54264991,1709,-6159,-34,6241,293102050,2115,293102100,2115,163,-59,-27,131,2662,-54,54,2663
29963854,7447,508914386,54264948,1709,-6158,-35,6241,293102050,2115,293102110,2115,162,-60,-6,72,2637,-32,-3,2635
29973721,7446,508914394,54264901,1710,-6158,-37,6241,293102100,2115,293102120,2115,162,-60,39,-3,2708,13,-80,2705
29984533,7446,508914401,54264858,1711,-6158,-38,6241,293102100,2115,293102130,2115,162,-61,20,-11,2671,-6,-87,2668
29993548,7446,508914409,54264815,1710,-6158,-40,6241,293102100,2115,293102140,2115,162,-61,35,94,2679,8,18,2679
30003532,7445,508914417,54264772,1710,-6158,-40,6241,293102100,2115,293102150,2115,162,-61,-2,74,2608,-28,0,2607
30013921,7445,508914424,54264729,1711,-6158,-42,6241,293102100,2115,293102160,2115,162,-62,-13,23,2687,-40,-54,2684
30024550,7445,508914432,54264683,1711,-6157,-43,6241,293102150,2115,293102170,2115,162,-62,-25,4,2594,-51,-70,2591
30034516,7444,508914440,54264639,1712,-6157,-43,6241,293102150,2115,293102180,2115,162,-62,35,23,2609,9,-51,2607
30043562,7444,508914447,54264596,1712,-6157,-44,6241,293102150,2115,293102190,2115,163,-62,42,50,2623,16,-25,2622
30054124,7443,508914455,54264553,1712,-6157,-45,6241,293102150,2115,293102200,2115,163,-62,59,75,2585,33,2,2585
30064285,7443,508914463,54264510,1712,-6157,-46,6241,293102150,2115,293102210,2115,163,-62,18,60,2572,-8,-14,2571
30073737,7442,508914471,54264464,1712,-6157,-46,6241,293102200,2115,293102220,2115,163,-62,34,25,2576,8,-49,2574
30083936,7442,508914478,54264421,1713,-6157,-47,6241,293102200,2115,293102230,2115,164,-62,-5,-32,2547,-30,-106,2543
30093546,7442,508914486,54264377,1713,-6156,-47,6241,293102200,2115,293102240,2115,164,-62,-9,49,2557,-34,-24,2556
30104125,7441,508914494,54264334,1713,-6156,-48,6241,293102200,2115,293102250,2115,164,-61,-2,49,2575,-28,-26,2573
30114235,7441,508914501,54264291,1714,-6156,-48,6241,293102200,2115,293102260,2115,165,-61,54,-62,2552,30,-135,2547
30123731,7441,508914509,54264245,1715,-6156,-48,6241,293102250,2115,293102270,2115,165,-60,41,24,2550,16,-50,2548
30133629,7440,508914517,54264202,1715,-6156,-48,6241,293102250,2115,293102280,2115,165,-60,43,52,2481,19,-20,2480
30144187,7440,508914524,54264159,1715,-6156,-48,6241,293102250,2115,293102290,2115,166,-59,2,19,2516,-22,-54,2513
30153559,7440,508914532,54264115,1716,-6155,-48,6241,293102250,2115,293102300,2115,166,-58,-58,-51,2453,-80,-123,2448
30164364,7440,508914540,54264072,1716,-6155,-48,6241,293102250,2115,293102310,2115,166,-56,-4,50,2495,-27,-22,2493
30174875,7439,508914548,54264026,1716,-6154,-48,6241,293102300,2115,293102320,2115,165,-55,26,10,2490,4,-62,2488
30183609,7439,508914555,54263983,1717,-6155,-47,6241,293102300,2115,293102330,2115,165,-54,75,31,2442,54,-39,2441
30193602,7439,508914563,54263940,1717,-6155,-46,6241,293102300,2115,293102340,2115,165,-52,47,32,2375,27,-36,2374
30203635,7439,508914571,54263897,1717,-6155,-45,6241,293102300,2115,293102350,2115,164,-51,-5,54,2339,-24,-14,2338
30215003,7439,508914578,54263853,1718,-6154,-43,6241,293102300,2115,293102360,2115,164,-49,-28,-14,2289,-46,-80,2285
30223741,7439,508914586,54263807,1718,-6154,-41,6241,293102350,2115,293102370,2115,163,-47,-32,91,2276,-49,26,2276
30233774,7439,508914594,54263764,1718,-6154,-40,6241,293102350,2115,293102380,2115,162,-46,24,20,2342,7,-47,2340
30243557,7439,508914602,54263721,1718,-6154,-39,6241,293102350,2115,293102390,2115,161,-44,77,42,2323,60,-23,2323
30253570,7438,508914609,54263678,1718,-6155,-37,6241,293102350,2115,293102400,2115,160,-43,61,75,2330,45,10,2330
30264671,7438,508914617,54263635,1719,-6155,-36,6241,293102350,2115,293102410,2115,159,-42,80,39,2315,65,-25,2314
30273700,7438,508914625,54263589,1719,-6155,-35,6241,293102400,2115,293102420,2115,158,-40,14,28,2278,0,-35,2276
30283618,7438,508914632,54263545,1719,-6155,-32,6241,293102400,2115,293102430,2115,157,-39,-53,87,2217,-66,25,2216
30294134,7438,508914640,54263502,1719,-6155,-31,6241,293102400,2115,293102440,2115,156,-38,-18,47,2286,-32,-16,2285
30306279,7438,508914648,54263459,1719,-6155,-28,6241,293102400,2115,293102450,2115,155,-38,47,43,2217,34,-17,2216
30313889,7438,508914656,54263416,1719,-6156,-27,6241,293102400,2115,293102460,2115,153,-37,79,124,2294,65,63,2295
30323734,7437,508914663,54263370,1719,-6156,-25,6242,293102450,2115,293102470,2115,152,-37,89,74,2285,76,13,2285
30333615,7437,508914671,54263327,1719,-6156,-24,6242,293102450,2115,293102480,2115,151,-37,32,-20,2338,19,-82,2336
30343549,7437,508914679,54263283,1720,-6155,-22,6242,293102450,2115,293102490,2115,150,-37,-40,8,2358,-53,-54,2356
30353544,7437,508914687,54263240,1719,-6155,-22,6242,293102450,2115,293102500,2115,149,-37,-30,155,2383,-44,92,2384
30363840,7436,508914694,54263197,1719,-6155,-21,6242,293102450,2115,293102510,2115,148,-37,8,32,2379,-5,-30,2377
30373711,7436,508914702,54263151,1719,-6155,-19,6242,293102500,2115,293102520,2115,147,-37,59,31,2387,46,-31,2386
30383620,7436,508914710,54263108,1719,-6156,-19,6242,293102500,2115,293102530,2115,146,-38,77,64,2400,63,3,2400
30393565,7435,508914717,54263065,1719,-6156,-18,6242,293102500,2115,293102540,2115,146,-39,51,44,2406,36,-18,2405
30403570,7435,508914725,54263022,1719,-6156,-17,6242,293102500,2115,293102550,2115,145,-40,6,58,2420,-9,-4,2418
30414101,7435,508914733,54262978,1719,-6156,-16,6242,293102500,2115,293102560,2115,145,-41,-21,45,2368,-36,-16,2367
30423713,7434,508914741,54262932,1719,-6155,-16,6242,293102550,2115,293102570,2115,144,-42,-2,15,2441,-18,-47,2439
30433647,7434,508914748,54262889,1719,-6156,-15,6242,293102550,2115,293102580,2115,143,-43,25,75,2442,9,13,2442
30443627,7434,508914756,54262846,1719,-6156,-16,6242,293102550,2115,293102590,2115,143,-44,63,86,2531,45,23,2530
30453567,7434,508914764,54262803,1720,-6156,-16,6242,293102550,2115,293102600,2115,143,-46,100,-54,2531,82,-117,2528
30463797,7433,508914772,54262760,1720,-6156,-16,6242,293102550,2115,293102610,2115,142,-47,13,56,2547,-7,-8,2545
30474277,7433,508914779,54262714,1721,-6156,-16,6242,293102600,2115,293102620,2115,142,-49,-38,-14,2482,-57,-76,2479
30483626,7433,508914787,54262670,1721,-6155,-16,6242,293102600,2115,293102630,2115,142,-50,-66,54,2538,-86,-10,2536
30493589,7433,508914795,54262627,1721,-6155,-17,6242,293102600,2115,293102640,2115,141,-51,9,7,2555,-11,-56,2553
30504166,7432,508914802,54262584,1721,-6155,-17,6242,293102600,2115,293102650,2115,141,-52,66,66,2601,45,1,2600
30513803,7432,508914810,54262541,1721,-6156,-18,6242,293102600,2115,293102660,2115,140,-53,77,42,2618,54,-22,2617
30523698,7432,508914818,54262495,1722,-6156,-19,6242,293102650,2115,293102670,2115,140,-53,62,-41,2633,40,-106,2630
30534150,7432,508914826,54262452,1723,-6155,-20,6242,293102650,2115,293102680,2115,140,-54,-44,21,2626,-67,-44,2623
30543573,7432,508914833,54262409,1722,-6155,-21,6242,293102650,2115,293102690,2115,140,-55,-45,88,2583,-68,24,2582
30553547,7432,508914841,54262365,1722,-6154,-22,6242,293102650,2115,293102700,2115,140,-56,-16,24,2601,-39,-40,2599
30564439,7432,508914849,54262322,1723,-6154,-22,6242,293102650,2115,293102710,2115,139,-56,36,3,2571,13,-59,2568
30573688,7431,508914857,54262276,1723,-6154,-23,6242,293102700,2115,293102720,2115,139,-56,63,29,2607,39,-34,2605
30583615,7431,508914864,54262233,1723,-6155,-24,6242,293102700,2115,293102730,2115,139,-57,74,68,2578,50,6,2578
30593693,7431,508914872,54262190,1723,-6155,-24,6242,293102700,2115,293102740,2115,139,-57,0,57,2605,-24,-7,2604
30603603,7431,508914880,54262147,1724,-6154,-25,6242,293102700,2115,293102750,2115,139,-57,-1,-69,2576,-25,-132,2571
30614645,7431,508914888,54262103,1725,-6154,-26,6242,293102700,2115,293102760,2115,139,-57,-19,35,2609,-43,-29,2607
30623675,7431,508914895,54262057,1724,-6153,-27,6242,293102750,2115,293102770,2115,139,-57,-9,64,2589,-33,0,2587
30633641,7431,508914903,54262014,1724,-6153,-28,6242,293102750,2115,293102780,2115,138,-57,45,57,2645,20,-7,2644
30643557,7431,508914911,54261971,1725,-6153,-28,6242,293102750,2115,293102790,2115,138,-56,28,-33,2576,5,-95,2573
30653563,7431,508914919,54261928,1725,-6154,-29,6242,293102750,2115,293102800,2115,138,-56,55,59,2608,31,-5,2607
30664948,7431,508914926,54261885,1725,-6153,-30,6242,293102750,2115,293102810,2115,138,-55,-18,35,2590,-41,-28,2588
30673686,7431,508914934,54261839,1725,-6153,-30,6242,293102800,2115,293102820,2115,138,-54,-4,40,2591,-27,-23,2589
30683989,7431,508914942,54261796,1726,-6153,-31,6242,293102800,2115,293102830,2115,138,-54,-16,20,2536,-38,-42,2533
30693542,7431,508914950,54261753,1726,-6153,-31,6242,293102800,2115,293102840,2115,138,-53,25,61,2592,3,-2,2591
30703541,7431,508914957,54261709,1726,-6153,-31,6242,293102800,2115,293102850,2115,137,-52,65,61,2509,44,0,2508
30715127,7431,508914965,54261666,1726,-6153,-32,6242,293102800,2115,293102860,2115,137,-52,76,-1,2532,55,-62,2530
30723702,7431,508914973,54261620,1726,-6153,-32,6242,293102850,2115,293102870,2115,137,-51,29,76,2510,8,16,2509
30733635,7431,508914981,54261577,1727,-6153,-32,6242,293102850,2115,293102880,2115,137,-51,-11,4,2534,-31,-57,2531
30744422,7431,508914988,54261534,1726,-6153,-32,6242,293102850,2115,293102890,2115,137,-50,-15,109,2488,-35,49,2487
30753569,7431,508914996,54261491,1727,-6153,-32,6242,293102850,2115,293102900,2115,137,-50,30,21,2563,9,-41,2561
30763793,7431,508915004,54261448,1727,-6153,-33,6242,293102850,2115,293102910,2115,136,-49,58,25,2562,38,-36,2560
30774080,7431,508915012,54261402,1726,-6154,-33,6242,293102900,2115,293102920,2115,136,-49,69,112,2553,49,51,2553
30783625,7431,508915019,54261358,1727,-6154,-34,6242,293102900,2115,293102930,2115,137,-49,41,27,2566,21,-34,2564
30793571,7431,508915027,54261315,1727,-6154,-34,6242,293102900,2115,293102940,2115,137,-49,15,52,2579,-5,-11,2578
30803774,7430,508915035,54261272,1727,-6153,-35,6242,293102900,2115,293102950,2115,138,-49,-21,24,2536,-41,-38,2533
30813804,7430,508915043,54261229,1727,-6153,-35,6242,293102900,2115,293102960,2115,138,-50,-2,18,2527,-22,-43,2525
30823685,7430,508915050,54261183,1727,-6153,-35,6242,293102950,2115,293102970,2115,139,-50,25,103,2544,4,41,2544
30833636,7430,508915058,54261140,1727,-6153,-35,6242,293102950,2115,293102980,2115,139,-51,52,69,2526,31,7,2526
30843567,7430,508915066,54261097,1728,-6153,-36,6242,293102950,2115,293102990,2115,140,-51,77,-6,2605,56,-70,2602
30853591,7430,508915074,54261053,1728,-6153,-36,6242,293102950,2115,293103000,2115,141,-52,11,1,2536,-10,-62,2534
30863962,7429,508915081,54261010,1728,-6153,-37,6242,293102950,2115,293103010,2115,142,-52,2,29,2602,-20,-36,2600
30873764,7429,508915089,54260964,1729,-6153,-38,6242,293103000,2115,293103020,2115,143,-53,-11,4,2608,-33,-61,2605
30883615,7429,508915097,54260921,1729,-6153,-39,6242,293103000,2115,293103030,2115,144,-53,23,84,2652,0,17,2651
30893547,7429,508915105,54260878,1729,-6153,-40,6242,293103000,2115,293103040,2115,145,-54,21,-1,2584,-1,-66,2582
30903533,7429,508915112,54260835,1730,-6153,-40,6242,293103000,2115,293103050,2115,146,-54,29,9,2559,7,-56,2556
30913842,7429,508915120,54260792,1730,-6153,-41,6242,293103000,2115,293103060,2115,147,-54,58,67,2572,35,1,2571
30923721,7429,508915128,54260746,1729,-6153,-41,6242,293103050,2115,293103070,2115,147,-55,6,65,2517,-17,0,2516
30933630,7428,508915136,54260702,1730,-6153,-41,6242,293103050,2115,293103080,2115,148,-55,35,-22,2534,13,-88,2531
30943542,7428,508915143,54260659,1730,-6152,-41,6242,293103050,2115,293103090,2115,148,-55,-43,-9,2477,-64,-74,2473
30953574,7428,508915151,54260616,1730,-6152,-41,6242,293103050,2115,293103100,2115,149,-55,-24,143,2537,-47,77,2538
30963889,7428,508915159,54260573,1730,-6152,-41,6242,293103050,2115,293103110,2115,149,-55,53,-2,2518,31,-68,2516
30973690,7428,508915167,54260527,1731,-6152,-42,6242,293103100,2115,293103120,2115,150,-54,68,-3,2582,45,-71,2580
30983618,7428,508915174,54260484,1731,-6152,-42,6242,293103100,2115,293103130,2115,150,-54,53,69,2509,31,4,2508
30993569,7428,508915182,54260441,1731,-6152,-43,6242,293103100,2115,293103140,2115,150,-54,-33,55,2605,-56,-13,2603
31003537,7428,508915190,54260398,1731,-6152,-42,6242,293103100,2115,293103150,2115,150,-53,-15,110,2417,-36,46,2417
31013878,7428,508915198,54260354,1731,-6151,-42,6242,293103100,2115,293103160,2115,150,-53,1,-14,2485,-20,-80,2482
31023711,7428,508915206,54260308,1732,-6151,-41,6242,293103150,2115,293103170,2115,150,-53,46,17,2387,25,-46,2385
31033625,7428,508915213,54260265,1731,-6152,-40,6242,293103150,2115,293103180,2115,149,-53,49,106,2402,28,43,2403
31043560,7428,508915221,54260222,1731,-6152,-39,6242,293103150,2115,293103190,2115,149,-53,79,48,2396,59,-14,2395
31053553,7427,508915229,54260179,1731,-6152,-39,6242,293103150,2115,293103200,2115,148,-53,23,73,2504,1,7,2503
31063818,7427,508915237,54260136,1731,-6152,-39,6242,293103150,2115,293103210,2115,148,-54,4,71,2431,-17,7,2430
31073754,7427,508915244,54260090,1732,-6152,-39,6242,293103200,2115,293103220,2115,147,-54,32,57,2481,11,-7,2480
31083620,7427,508915252,54260047,1732,-6152,-38,6242,293103200,2115,293103230,2115,147,-54,18,22,2441,-3,-41,2440
31093583,7427,508915260,54260004,1732,-6152,-38,6242,293103200,2115,293103240,2115,147,-54,38,62,2501,16,-2,2501
31103547,7427,508915268,54259960,1732,-6152,-38,6242,293103200,2115,293103250,2115,146,-54,34,97,2440,13,35,2440
31113843,7427,508915276,54259917,1732,-6152,-37,6242,293103200,2115,293103260,2115,146,-54,6,59,2413,-15,-3,2412
31123725,7426,508915283,54259871,1732,-6152,-37,6242,293103250,2115,293103270,2115,145,-54,-22,18,2477,-43,-45,2475
31133666,7426,508915291,54259828,1732,-6152,-37,6242,293103250,2115,293103280,2115,144,-54,21,51,2501,-1,-12,2500
31143554,7426,508915299,54259785,1731,-6152,-37,6242,293103250,2115,293103290,2115,143,-54,-2,119,2459,-24,57,2459
31153566,7426,508915307,54259742,1732,-6152,-36,6242,293103250,2115,293103300,2115,142,-54,41,-2,2462,20,-63,2460
31163800,7426,508915314,54259699,1731,-6152,-36,6242,293103250,2115,293103310,2115,141,-54,38,118,2412,17,58,2413
31173700,7426,508915322,54259653,1732,-6152,-34,6242,293103300,2115,293103320,2115,141,-53,22,46,2320,2,-12,2318
31183615,7426,508915330,54259610,1732,-6151,-34,6242,293103300,2115,293103330,2115,140,-52,8,23,2432,-12,-36,2430
31193580,7426,508915338,54259566,1732,-6151,-33,6242,293103300,2115,293103340,2115,138,-52,-3,53,2375,-23,-5,2374
31203560,7426,508915346,54259523,1732,-6151,-32,6242,293103300,2115,293103350,2115,137,-51,9,63,2440,-11,4,2439
31213826,7425,508915353,54259480,1732,-6151,-31,6242,293103300,2115,293103360,2115,135,-50,33,88,2313,14,33,2313
31224339,7425,508915361,54259434,1732,-6152,-31,6242,293103350,2115,293103370,2115,134,-49,42,38,2538,22,-21,2537
31233615,7425,508915369,54259391,1732,-6152,-29,6242,293103350,2115,293103380,2115,133,-48,65,77,2316,47,23,2316
31243562,7425,508915377,54259348,1731,-6152,-28,6242,293103350,2115,293103390,2115,132,-47,-7,92,2342,-24,37,2342
31254139,7425,508915384,54259305,1731,-6152,-27,6242,293103350,2115,293103400,2115,131,-46,-10,33,2294,-26,-20,2292
31263812,7425,508915392,54259262,1732,-6152,-26,6242,293103350,2115,293103410,2115,130,-45,1,6,2377,-15,-49,2375
31273713,7425,508915400,54259216,1731,-6152,-24,6242,293103400,2115,293103420,2115,129,-44,25,127,2358,8,73,2358
31283625,7424,508915408,54259172,1731,-6152,-23,6242,293103400,2115,293103430,2115,127,-43,70,99,2369,53,46,2369
31293581,7424,508915416,54259129,1732,-6153,-22,6242,293103400,2115,293103440,2115,125,-43,66,-28,2311,51,-79,2309
31303571,7424,508915423,54259086,1732,-6153,-20,6242,293103400,2115,293103450,2115,124,-42,58,12,2286,43,-38,2285
31313808,7424,508915431,54259043,1731,-6152,-19,6242,293103400,2115,293103460,2115,123,-42,-50,117,2320,-66,67,2320
31323719,7424,508915439,54258997,1731,-6153,-18,6242,293103450,2115,293103470,2115,122,-41,68,103,2395,52,51,2396
31333625,7424,508915447,54258954,1731,-6153,-17,6242,293103450,2115,293103480,2115,121,-41,-15,1,2443,-30,-51,2440
31343561,7423,508915454,54258911,1732,-6153,-17,6243,293103450,2115,293103490,2115,120,-41,24,-59,2394,9,-109,2390
31353564,7423,508915462,54258867,1732,-6153,-16,6243,293103450,2115,293103500,2115,120,-41,45,76,2460,29,24,2459
31364200,7423,508915470,54258824,1731,-6154,-16,6243,293103450,2115,293103510,2115,119,-41,82,128,2448,66,77,2449
31373714,7423,508915478,54258778,1731,-6154,-16,6243,293103500,2115,293103520,2115,120,-42,27,61,2519,10,8,2518
31383615,7422,508915486,54258735,1732,-6153,-15,6243,293103500,2115,293103530,2115,120,-42,-20,-88,2395,-35,-139,2391
31393587,7422,508915493,54258692,1732,-6153,-15,6243,293103500,2115,293103540,2115,121,-42,-21,88,2443,-38,36,2442
31403587,7422,508915501,54258649,1732,-6153,-15,6243,293103500,2115,293103550,2115,122,-42,-8,47,2497,-25,-7,2495
31413808,7421,508915509,54258606,1733,-6153,-15,6243,293103500,2115,293103560,2115,123,-43,51,-41,2530,34,-96,2527
31423742,7421,508915517,54258560,1733,-6153,-15,6243,293103550,2115,293103570,2115,125,-43,65,-24,2516,48,-79,2514
31433643,7421,508915524,54258516,1734,-6153,-15,6243,293103550,2115,293103580,2115,126,-44,63,44,2578,45,-14,2577
31443547,7420,508915532,54258473,1734,-6153,-16,6243,293103550,2115,293103590,2115,129,-45,6,15,2546,-12,-43,2544
31453544,7420,508915540,54258430,1735,-6153,-16,6243,293103550,2115,293103600,2115,132,-46,-5,-75,2537,-22,-134,2532
31463827,7420,508915548,54258387,1735,-6152,-16,6243,293103550,2115,293103610,2115,134,-46,-37,-7,2523,-55,-66,2520
31473716,7419,508915556,54258341,1735,-6152,-16,6243,293103600,2115,293103620,2115,137,-47,10,-7,2517,-8,-67,2515
31483673,7419,508915563,54258298,1736,-6152,-17,6243,293103600,2115,293103630,2115,140,-48,39,-48,2590,20,-111,2586
31493558,7419,508915571,54258255,1737,-6152,-18,6243,293103600,2115,293103640,2115,143,-48,86,-42,2640,66,-108,2637
31503566,7419,508915579,54258212,1738,-6152,-19,6243,293103600,2115,293103650,2115,146,-49,21,-24,2662,0,-92,2658
31513917,7418,508915587,54258168,1739,-6152,-21,6243,293103600,2115,293103660,2115,149,-50,24,-25,2676,3,-95,2673
31523709,7418,508915595,54258122,1740,-6151,-22,6243,293103650,2115,293103670,2115,153,-51,-11,-42,2670,-33,-113,2666
31533627,7418,508915602,54258079,1740,-6151,-23,6243,293103650,2115,293103680,2115,156,-52,-17,-30,2641,-39,-102,2637
31543561,7418,508915610,54258036,1741,-6150,-24,6243,293103650,2115,293103690,2115,158,-53,9,-1,2690,-14,-76,2687
31553593,7418,508915618,54257993,1741,-6150,-26,6243,293103650,2115,293103700,2115,161,-54,47,16,2672,24,-59,2670
31563806,7418,508915626,54257950,1742,-6150,-26,6243,293103650,2115,293103710,2115,164,-55,57,-24,2601,34,-98,2597
31573694,7418,508915634,54257904,1744,-6150,-28,6243,293103700,2115,293103720,2115,167,-56,4,-102,2667,-20,-180,2660
31583635,7418,508915642,54257861,1744,-6150,-29,6243,293103700,2115,293103730,2115,169,-58,3,21,2682,-22,-58,2679
31593554,7417,508915649,54257818,1744,-6149,-31,6243,293103700,2115,293103740,2115,170,-59,15,20,2710,-11,-61,2708
31603595,7417,508915657,54257775,1745,-6149,-33,6243,293103700,2115,293103750,2115,171,-60,32,49,2729,5,-33,2727
31613811,7417,508915665,54257731,1745,-6149,-34,6243,293103700,2115,293103760,2115,173,-60,-19,48,2723,-46,-35,2721
31623720,7417,508915673,54257685,1745,-6149,-36,6243,293103750,2115,293103770,2115,174,-61,13,6,2757,-15,-78,2754
31633629,7417,508915681,54257642,1746,-6149,-38,6243,293103750,2115,293103780,2115,175,-62,17,27,2725,-10,-56,2722
31643597,7417,508915689,54257599,1746,-6149,-40,6243,293103750,2115,293103790,2115,175,-62,59,47,2814,30,-39,2812
31653549,7417,508915696,54257556,1746,-6149,-42,6243,293103750,2115,293103800,2115,175,-63,26,58,2713,-3,-25,2712
31663902,7416,508915704,54257513,1746,-6149,-44,6243,293103750,2115,293103810,2115,174,-64,20,109,2705,-8,26,2705
31673705,7416,508915712,54257467,1746,-6148,-45,6243,293103800,2115,293103820,2115,173,-64,-11,80,2641,-39,-1,2640
31683653,7416,508915720,54257424,1747,-6148,-46,6243,293103800,2115,293103830,2115,172,-64,5,-33,2651,-23,-113,2647
31693555,7416,508915728,54257381,1746,-6148,-47,6243,293103800,2115,293103840,2115,172,-65,57,165,2665,28,85,2668
31703550,7416,508915736,54257338,1747,-6148,-49,6243,293103800,2115,293103850,2115,171,-65,51,47,2695,22,-34,2694
31713854,7415,508915744,54257294,1747,-6148,-51,6243,293103800,2115,293103860,2115,171,-65,35,6,2758,6,-77,2755
31723697,7415,508915751,54257249,1747,-6148,-52,6243,293103850,2115,293103870,2115,170,-65,-13,99,2676,-42,19,2676
31733621,7415,508915759,54257205,1746,-6148,-54,6243,293103850,2115,293103880,2115,168,-64,-22,158,2695,-51,79,2696
31743545,7414,508915767,54257162,1746,-6147,-54,6243,293103850,2115,293103890,2115,167,-64,5,49,2599,-22,-27,2597
31753547,7414,508915775,54257119,1746,-6147,-55,6243,293103850,2115,293103900,2115,165,-63,36,70,2638,8,-7,2637
31763803,7414,508915783,54257076,1747,-6148,-56,6243,293103850,2115,293103910,2115,164,-62,54,57,2515,29,-15,2514
31773698,7413,508915791,54257030,1747,-6148,-57,6243,293103900,2115,293103920,2115,164,-62,44,56,2640,18,-20,2639
31783624,7413,508915799,54256987,1747,-6147,-57,6243,293103900,2115,293103930,2115,163,-61,-19,88,2565,-45,14,2564
31793565,7413,508915806,54256944,1746,-6147,-58,6243,293103900,2115,293103940,2115,162,-61,32,106,2571,6,33,2571
31803557,7412,508915814,54256901,1747,-6147,-57,6243,293103900,2115,293103950,2115,161,-60,31,-39,2450,7,-108,2446
31814450,7412,508915822,54256858,1747,-6147,-57,6243,293103900,2115,293103960,2115,160,-59,24,92,2468,0,23,2468
31823702,7412,508915830,54256812,1747,-6148,-56,6243,293103950,2115,293103970,2115,159,-59,34,91,2401,11,24,2401
31833743,7412,508915838,54256769,1747,-6148,-56,6243,293103950,2115,293103980,2115,159,-58,49,41,2457,26,-27,2456
31843544,7411,508915846,54256726,1747,-6148,-56,6243,293103950,2115,293103990,2115,159,-57,23,47,2480,0,-22,2479
31853549,7411,508915854,54256683,1747,-6148,-56,6243,293103950,2115,293104000,2115,158,-57,19,53,2527,-5,-17,2526
31864944,7411,508915861,54256639,1747,-6148,-56,6243,293103950,2115,293104010,2115,159,-56,19,87,2451,-3,18,2451
31873727,7410,508915869,54256594,1748,-6147,-55,6243,293104000,2115,293104020,2115,158,-55,26,-36,2445,5,-104,2441
31883616,7410,508915877,54256550,1748,-6148,-54,6243,293104000,2115,293104030,2115,158,-54,45,11,2416,24,-56,2414
31893546,7410,508915885,54256507,1748,-6148,-53,6243,293104000,2115,293104040,2115,158,-54,27,100,2299,6,36,2299
31905014,7410,508915893,54256464,1748,-6148,-51,6243,293104000,2115,293104050,2115,158,-53,4,66,2321,-16,1,2321
31914949,7409,508915901,54256421,1748,-6147,-50,6243,293104000,2115,293104060,2115,159,-52,-1,1,2328,-21,-64,2325
31923689,7409,508915909,54256375,1748,-6147,-49,6243,293104050,2115,293104070,2115,159,-51,22,72,2371,2,6,2370
31933647,7409,508915917,54256332,1749,-6147,-48,6243,293104050,2115,293104080,2115,160,-51,47,16,2373,28,-50,2371
31943559,7409,508915925,54256289,1750,-6147,-47,6243,293104050,2115,293104090,2115,160,-50,61,-12,2406,42,-80,2403
31953583,7409,508915932,54256246,1749,-6148,-45,6243,293104050,2115,293104100,2115,160,-49,34,99,2278,16,35,2278
31963827,7408,508915940,54256203,1750,-6147,-44,6243,293104050,2115,293104110,2115,161,-49,3,10,2322,-14,-56,2319
31973694,7408,508915948,54256157,1751,-6147,-42,6243,293104100,2115,293104120,2115,162,-48,0,-24,2233,-17,-87,2229
31984314,7408,508915956,54256114,1751,-6147,-40,6243,293104100,2115,293104130,2115,162,-47,12,54,2287,-5,-11,2286
31993573,7408,508915964,54256071,1750,-6147,-38,6243,293104100,2115,293104140,2115,162,-47,24,77,2257,7,13,2256
32003549,7408,508915972,54256028,1751,-6147,-37,6243,293104100,2115,293104150,2115,162,-47,52,31,2280,35,-34,2279
32013814,7408,508915980,54255985,1752,-6148,-35,6243,293104100,2115,293104160,2115,163,-46,71,-35,2296,54,-101,2293
32023710,7408,508915988,54255939,1752,-6148,-34,6243,293104150,2115,293104170,2115,163,-46,58,44,2314,41,-22,2312
32033635,7408,508915996,54255896,1752,-6148,-32,6243,293104150,2115,293104180,2115,163,-47,-3,44,2308,-20,-22,2306
32043610,7408,508916003,54255852,1752,-6147,-30,6243,293104150,2115,293104190,2115,162,-47,-16,55,2296,-33,-11,2295
32053580,7408,508916011,54255809,1752,-6147,-29,6243,293104150,2115,293104200,2115,162,-47,6,82,2326,-11,15,2326
32063818,7407,508916019,54255766,1753,-6148,-28,6243,293104150,2115,293104210,2115,162,-47,71,-41,2352,54,-107,2348
32073794,7407,508916027,54255720,1753,-6148,-26,6243,293104200,2115,293104220,2115,162,-47,64,79,2322,46,13,2322
32083619,7407,508916035,54255677,1752,-6148,-25,6243,293104200,2115,293104230,2115,161,-47,37,99,2296,20,34,2296
32093547,7407,508916043,54255634,1753,-6148,-24,6243,293104200,2115,293104240,2115,161,-47,28,31,2383,10,-36,2381
32103987,7407,508916051,54255591,1753,-6148,-22,6243,293104200,2115,293104250,2115,160,-47,-12,-1,2294,-29,-66,2291
32113843,7407,508916059,54255548,1753,-6148,-21,6243,293104200,2115,293104260,2115,159,-47,-13,72,2379,-31,5,2378
32123697,7407,508916067,54255502,1753,-6148,-20,6243,293104250,2115,293104270,2115,158,-47,11,111,2345,-7,46,2345
32133627,7407,508916074,54255459,1753,-6148,-19,6243,293104250,2115,293104280,2115,157,-47,49,41,2408,31,-25,2407
32143547,7407,508916082,54255416,1753,-6148,-18,6243,293104250,2115,293104290,2115,156,-48,38,68,2403,20,2,2402
32153542,7407,508916090,54255373,1753,-6148,-18,6243,293104250,2115,293104300,2115,155,-48,42,99,2465,23,31,2465
32163804,7407,508916098,54255329,1753,-6148,-17,6243,293104250,2115,293104310,2115,155,-48,23,57,2399,5,-8,2398
32173704,7407,508916106,54255284,1753,-6148,-17,6243,293104300,2115,293104320,2115,154,-48,28,59,2436,9,-7,2436
32183622,7406,508916114,54255240,1753,-6148,-16,6243,293104300,2115,293104330,2115,153,-49,-23,91,2364,-42,27,2363
32193582,7406,508916122,54255197,1753,-6148,-15,6243,293104300,2115,293104340,2115,152,-49,42,54,2435,23,-11,2434
32203552,7406,508916130,54255154,1753,-6148,-14,6243,293104300,2115,293104350,2115,152,-50,34,61,2401,15,-3,2401
32213811,7406,508916138,54255111,1753,-6149,-14,6243,293104300,2115,293104360,2115,151,-50,77,104,2494,57,38,2494
32223719,7406,508916145,54255065,1753,-6149,-14,6243,293104350,2115,293104370,2115,150,-51,42,-8,2515,22,-74,2512
32233646,7406,508916153,54255022,1753,-6149,-15,6243,293104350,2115,293104380,2115,150,-51,29,82,2569,8,14,2568
32243598,7405,508916161,54254979,1753,-6149,-15,6243,293104350,2115,293104390,2115,149,-52,-3,57,2548,-25,-10,2546
32253669,7405,508916169,54254936,1753,-6149,-16,6243,293104350,2115,293104400,2115,149,-53,8,31,2570,-14,-36,2568
32263817,7405,508916177,54254893,1753,-6149,-16,6243,293104350,2115,293104410,2115,149,-53,16,87,2580,-6,20,2580
32273687,7405,508916185,54254847,1753,-6148,-17,6243,293104400,2115,293104420,2115,148,-54,29,15,2552,7,-52,2550
32284085,7405,508916193,54254804,1753,-6149,-17,6243,293104400,2115,293104430,2115,149,-54,43,72,2566,20,5,2566
32293566,7405,508916201,54254761,1754,-6148,-18,6243,293104400,2115,293104440,2115,149,-55,25,14,2596,2,-53,2594
32303551,7404,508916209,54254717,1754,-6149,-19,6243,293104400,2115,293104450,2115,150,-55,31,99,2609,8,30,2609
32314724,7404,508916216,54254674,1754,-6148,-20,6243,293104400,2115,293104460,2115,150,-56,11,-14,2639,-12,-83,2636
32323757,7404,508916224,54254628,1754,-6148,-21,6243,293104450,2115,293104470,2115,151,-56,7,4,2685,-18,-67,2682
32333616,7404,508916232,54254585,1755,-6148,-22,6243,293104450,2115,293104480,2115,151,-57,45,61,2605,21,-8,2604
32344109,7404,508916240,54254542,1755,-6148,-23,6243,293104450,2115,293104490,2115,152,-57,32,80,2617,8,11,2616
32353604,7404,508916248,54254499,1755,-6148,-24,6243,293104450,2115,293104500,2115,152,-57,0,-38,2580,-23,-107,2577
32363840,7403,508916256,54254456,1756,-6148,-25,6243,293104450,2115,293104510,2115,153,-57,6,0,2638,-18,-71,2635
32373740,7403,508916264,54254410,1756,-6148,-26,6244,293104500,2115,293104520,2115,153,-57,20,63,2602,-4,-7,2601
32383623,7403,508916272,54254367,1756,-6148,-27,6244,293104500,2115,293104530,2115,153,-57,46,65,2701,21,-7,2700
32393558,7403,508916280,54254324,1757,-6148,-28,6244,293104500,2115,293104540,2115,154,-57,34,2,2649,10,-69,2646
32403653,7403,508916287,54254281,1757,-6148,-30,6244,293104500,2115,293104550,2115,154,-57,48,2,2677,23,-71,2675
32413803,7403,508916295,54254238,1757,-6148,-31,6244,293104500,2115,293104560,2115,155,-57,27,33,2662,3,-40,2660
32423697,7403,508916303,54254192,1758,-6147,-31,6244,293104550,2115,293104570,2115,156,-56,-4,33,2579,-27,-38,2577
32433713,7403,508916311,54254149,1758,-6147,-32,6244,293104550,2115,293104580,2115,156,-56,-11,67,2589,-35,-4,2588
32443544,7403,508916319,54254105,1758,-6147,-32,6244,293104550,2115,293104590,2115,157,-56,19,18,2548,-4,-52,2545
32453569,7403,508916327,54254062,1758,-6147,-33,6244,293104550,2115,293104600,2115,157,-55,29,68,2631,6,-4,2630
32463948,7403,508916335,54254019,1759,-6147,-34,6244,293104550,2115,293104610,2115,157,-55,58,18,2635,35,-54,2633
32473704,7403,508916343,54253973,1758,-6147,-36,6244,293104600,2115,293104620,2115,157,-54,62,112,2653,39,39,2654
32483623,7403,508916351,54253930,1759,-6147,-37,6244,293104600,2115,293104630,2115,158,-54,18,2,2614,-4,-71,2611
32493940,7403,508916359,54253887,1759,-6147,-37,6244,293104600,2115,293104640,2115,158,-54,-7,72,2592,-29,0,2591
32503549,7402,508916367,54253844,1759,-6147,-38,6244,293104600,2115,293104650,2115,159,-53,-23,14,2547,-44,-57,2544
32513796,7402,508916374,54253801,1759,-6147,-38,6244,293104600,2115,293104660,2115,159,-53,11,107,2531,-11,36,2532
32524142,7402,508916382,54253755,1759,-6147,-38,6244,293104650,2115,293104670,2115,159,-52,55,28,2547,34,-43,2545
32533627,7402,508916390,54253712,1760,-6147,-39,6244,293104650,2115,293104680,2115,160,-52,73,32,2553,51,-39,2552
32543572,7402,508916398,54253669,1760,-6147,-39,6244,293104650,2115,293104690,2115,160,-51,34,27,2559,12,-45,2557
32554165,7402,508916406,54253626,1760,-6147,-40,6244,293104650,2115,293104700,2115,161,-51,18,96,2561,-3,23,2560
32563807,7402,508916414,54253582,1760,-6147,-40,6244,293104650,2115,293104710,2115,162,-50,-4,65,2502,-25,-6,2501
32573734,7402,508916422,54253537,1761,-6147,-40,6244,293104700,2115,293104720,2115,162,-50,24,-40,2533,4,-112,2529
32583624,7401,508916430,54253493,1761,-6147,-40,6244,293104700,2115,293104730,2115,162,-50,21,91,2538,0,19,2538
32593549,7401,508916438,54253450,1760,-6147,-40,6244,293104700,2115,293104740,2115,163,-49,28,104,2496,7,33,2497
32603570,7401,508916446,54253407,1761,-6147,-40,6244,293104700,2115,293104750,2115,163,-49,59,19,2510,39,-53,2508
32613807,7401,508916454,54253364,1761,-6147,-40,6244,293104700,2115,293104760,2115,164,-49,29,7,2477,10,-65,2475
32623700,7401,508916462,54253318,1761,-6147,-40,6244,293104750,2115,293104770,2115,164,-48,-1,117,2469,-21,45,2469
32633664,7401,508916469,54253275,1761,-6147,-40,6244,293104750,2115,293104780,2115,165,-48,1,28,2476,-18,-44,2473
32643941,7401,508916477,54253232,1761,-6147,-39,6244,293104750,2115,293104790,2115,165,-48,17,45,2467,-2,-26,2466
32653570,7401,508916485,54253189,1761,-6147,-39,6244,293104750,2115,293104800,2115,165,-47,31,80,2456,13,9,2456
32663811,7400,508916493,54253146,1762,-6147,-39,6244,293104750,2115,293104810,2115,164,-47,56,37,2538,37,-36,2536
32674116,7400,508916501,54253100,1762,-6147,-39,6244,293104800,2115,293104820,2115,164,-47,32,64,2488,13,-7,2487
32683635,7400,508916509,54253057,1761,-6147,-39,6244,293104800,2115,293104830,2115,164,-48,23,124,2483,4,52,2484
32693570,7400,508916517,54253014,1762,-6147,-38,6244,293104800,2115,293104840,2115,164,-48,-2,-22,2421,-20,-92,2417
32703922,7400,508916525,54252970,1762,-6147,-38,6244,293104800,2115,293104850,2115,164,-48,9,88,2418,-10,18,2417
32713826,7399,508916533,54252927,1762,-6147,-37,6244,293104800,2115,293104860,2115,163,-48,31,24,2389,13,-45,2387
32723708,7399,508916541,54252881,1762,-6147,-36,6244,293104850,2115,293104870,2115,163,-48,51,52,2400,33,-17,2399
32733623,7399,508916549,54252838,1762,-6147,-35,6244,293104850,2115,293104880,2115,162,-48,28,63,2428,9,-7,2427
32743583,7399,508916557,54252795,1763,-6147,-35,6244,293104850,2115,293104890,2115,162,-48,29,40,2483,10,-31,2481
32753543,7399,508916565,54252752,1762,-6147,-35,6244,293104850,2115,293104900,2115,162,-48,25,78,2457,5,9,2457
32764365,7399,508916572,54252709,1763,-6147,-35,6244,293104850,2115,293104910,2115,161,-48,9,2,2479,-10,-68,2477
32773702,7398,508916580,54252663,1763,-6147,-34,6244,293104900,2115,293104920,2115,161,-48,-8,81,2419,-26,13,2418
32783617,7398,508916588,54252620,1763,-6147,-34,6244,293104900,2115,293104930,2115,160,-48,1,86,2480,-19,16,2479
32794216,7398,508916596,54252577,1763,-6147,-33,6244,293104900,2115,293104940,2115,160,-48,58,50,2456,39,-18,2455
32803573,7398,508916604,54252534,1764,-6147,-33,6244,293104900,2115,293104950,2115,159,-48,54,-10,2416,35,-77,2413
32813801,7398,508916612,54252491,1763,-6147,-31,6244,293104900,2115,293104960,2115,159,-48,19,152,2314,1,87,2316
32824481,7398,508916620,54252445,1763,-6147,-29,6244,293104950,2115,293104970,2115,158,-48,-29,53,2283,-46,-11,2282
32833665,7398,508916628,54252402,1764,-6147,-29,6244,293104950,2115,293104980,2115,158,-47,2,11,2403,-16,-56,2401
32843569,7397,508916636,54252359,1764,-6146,-28,6244,293104950,2115,293104990,2115,158,-47,18,42,2413,0,-25,2412
32853555,7397,508916644,54252315,1763,-6147,-27,6244,293104950,2115,293105000,2115,157,-46,68,115,2438,50,48,2439
32863808,7397,508916652,54252272,1763,-6147,-27,6244,293104950,2115,293105010,2115,157,-46,52,105,2383,34,39,2384
32873720,7397,508916660,54252226,1764,-6147,-26,6244,293105000,2115,293105020,2115,157,-45,13,-27,2466,-5,-95,2462
32883636,7397,508916668,54252183,1763,-6147,-25,6244,293105000,2115,293105030,2115,157,-45,-21,102,2371,-38,36,2370
32893571,7397,508916676,54252140,1763,-6147,-25,6244,293105000,2115,293105040,2115,157,-44,-8,38,2410,-24,-29,2408
32903546,7397,508916683,54252097,1764,-6146,-23,6244,293105000,2115,293105050,2115,157,-43,-7,11,2246,-21,-51,2243
32913844,7397,508916691,54252054,1764,-6147,-21,6244,293105000,2115,293105060,2115,156,-42,46,85,2343,30,21,2343
32923699,7397,508916699,54252008,1764,-6147,-20,6244,293105050,2115,293105070,2115,156,-42,44,25,2334,28,-39,2332
32933621,7396,508916707,54251965,1764,-6147,-20,6244,293105050,2115,293105080,2115,156,-41,86,77,2431,70,11,2431
32943543,7396,508916715,54251922,1764,-6147,-19,6244,293105050,2115,293105090,2115,156,-41,32,65,2370,16,0,2369
32953593,7396,508916723,54251879,1764,-6147,-18,6244,293105050,2115,293105100,2115,156,-41,17,5,2382,2,-61,2379
32963937,7396,508916731,54251836,1765,-6147,-16,6244,293105050,2115,293105110,2115,156,-41,-20,50,2360,-36,-15,2358
32974085,7396,508916739,54251790,1765,-6147,-16,6244,293105100,2115,293105120,2115,156,-41,9,59,2400,-6,-6,2398
32983624,7396,508916747,54251747,1765,-6147,-15,6244,293105100,2115,293105130,2115,156,-41,37,81,2394,21,16,2394
32993550,7396,508916755,54251703,1765,-6147,-14,6244,293105100,2115,293105140,2115,155,-41,64,8,2439,48,-59,2437
33003557,7396,508916763,54251660,1765,-6147,-14,6244,293105100,2115,293105150,2115,155,-42,44,43,2450,28,-23,2448
33013904,7396,508916771,54251617,1765,-6147,-14,6244,293105100,2115,293105160,2115,155,-42,15,65,2496,-2,-4,2495
33023695,7395,508916779,54251571,1765,-6147,-14,6244,293105150,2115,293105170,2115,156,-43,-10,93,2495,-27,25,2494
33034246,7395,508916787,54251528,1766,-6147,-13,6244,293105150,2115,293105180,2115,156,-43,-9,-17,2440,-25,-83,2437
33043588,7395,508916795,54251485,1766,-6147,-13,6244,293105150,2115,293105190,2115,156,-44,30,65,2509,12,-4,2508
33053551,7395,508916802,54251442,1766,-6147,-13,6244,293105150,2115,293105200,2115,156,-45,36,38,2487,19,-30,2486
33064167,7395,508916810,54251399,1766,-6147,-14,6244,293105150,2115,293105210,2115,156,-45,46,28,2559,28,-42,2557
33073722,7395,508916818,54251353,1766,-6147,-14,6244,293105200,2115,293105220,2115,156,-46,16,119,2521,-3,50,2522
33083638,7395,508916826,54251310,1766,-6147,-15,6244,293105200,2115,293105230,2115,156,-47,19,42,2629,-1,-30,2628
33093929,7395,508916834,54251267,1767,-6147,-15,6244,293105200,2115,293105240,2115,157,-48,8,16,2557,-11,-54,2555
33103553,7395,508916842,54251224,1767,-6147,-16,6244,293105200,2115,293105250,2115,157,-49,18,68,2594,-3,-4,2593
33114008,7395,508916850,54251180,1766,-6147,-16,6244,293105200,2115,293105260,2115,157,-50,14,93,2570,-7,23,2570
33123745,7395,508916858,54251135,1767,-6147,-17,6244,293105250,2115,293105270,2115,157,-52,36,33,2638,14,-40,2636
33133613,7395,508916866,54251091,1767,-6147,-19,6244,293105250,2115,293105280,2115,157,-53,22,-12,2664,0,-86,2660
33143574,7395,508916874,54251048,1767,-6147,-20,6244,293105250,2115,293105290,2115,158,-54,17,94,2644,-6,21,2644
33153549,7394,508916882,54251005,1767,-6147,-21,6244,293105250,2115,293105300,2115,158,-55,-1,52,2696,-25,-23,2694
33165013,7394,508916890,54250962,1767,-6147,-22,6244,293105250,2115,293105310,2115,158,-56,25,68,2655,0,-6,2654
33173738,7394,508916898,54250916,1767,-6146,-24,6244,293105300,2115,293105320,2115,159,-57,9,43,2738,-17,-33,2736
33183622,7394,508916906,54250873,1768,-6146,-26,6244,293105300,2115,293105330,2115,159,-58,43,-5,2704,18,-80,2701
33193561,7394,508916914,54250830,1768,-6146,-28,6244,293105300,2115,293105340,2115,159,-59,-8,115,2724,-35,39,2724
33203571,7394,508916922,54250787,1768,-6146,-29,6244,293105300,2115,293105350,2115,159,-59,11,45,2691,-15,-30,2689
33213946,7394,508916930,54250744,1768,-6146,-31,6244,293105300,2115,293105360,2115,160,-60,30,51,2704,3,-25,2702
33223734,7394,508916938,54250698,1769,-6146,-33,6244,293105350,2115,293105370,2115,160,-61,-1,3,2736,-28,-74,2733
33233654,7394,508916945,54250655,1768,-6146,-34,6244,293105350,2115,293105380,2115,160,-62,5,157,2732,-23,80,2733
33243554,7394,508916953,54250612,1768,-6145,-36,6244,293105350,2115,293105390,2115,161,-62,9,63,2703,-19,-13,2702
33253545,7394,508916961,54250569,1768,-6145,-38,6244,293105350,2115,293105400,2115,161,-63,33,66,2712,5,-11,2711
33264946,7394,508916969,54250525,1769,-6145,-40,6244,293105350,2115,293105410,2115,162,-63,41,-18,2747,13,-95,2744
33273710,7394,508916977,54250480,1769,-6145,-41,6244,293105400,2115,293105420,2115,162,-64,26,69,2707,-3,-8,2706
33283638,7394,508916985,54250436,1768,-6145,-42,6244,293105400,2115,293105430,2115,163,-64,8,123,2649,-20,47,2649
33294421,7394,508916993,54250393,1769,-6145,-43,6244,293105400,2115,293105440,2115,163,-64,0,15,2662,-28,-61,2659
33303558,7394,508917001,54250350,1769,-6144,-45,6244,293105400,2115,293105450,2115,164,-63,-23,59,2685,-51,-18,2684
33313816,7394,508917009,54250307,1769,-6144,-46,6244,293105400,2115,293105460,2115,164,-63,37,93,2701,9,16,2701
33323740,7394,508917017,54250261,1769,-6145,-48,6244,293105450,2115,293105470,2115,165,-63,46,41,2712,18,-38,2711
33333663,7394,508917025,54250218,1769,-6144,-50,6244,293105450,2115,293105480,2115,165,-63,30,33,2662,2,-45,2660
33343570,7394,508917033,54250175,1769,-6144,-51,6244,293105450,2115,293105490,2115,166,-62,15,86,2641,-12,8,2641
33353575,7394,508917041,54250132,1769,-6144,-51,6244,293105450,2115,293105500,2115,167,-62,1,52,2528,-25,-22,2526
33363852,7394,508917049,54250089,1769,-6144,-51,6244,293105450,2115,293105510,2115,168,-61,-29,78,2539,-55,3,2538
33373706,7394,508917057,54250043,1770,-6144,-51,6244,293105500,2115,293105520,2115,169,-60,36,48,2496,11,-26,2495
33383651,7394,508917065,54250000,1770,-6144,-51,6244,293105500,2115,293105530,2115,169,-60,45,22,2517,20,-53,2515
33393583,7394,508917073,54249957,1770,-6144,-51,6245,293105500,2115,293105540,2115,170,-59,29,87,2499,5,12,2498
33403597,7395,508917081,54249914,1770,-6144,-52,6245,293105500,2115,293105550,2115,171,-58,54,95,2574,29,18,2574
33413840,7395,508917089,54249871,1770,-6144,-52,6245,293105500,2115,293105560,2115,172,-57,31,36,2530,7,-40,2528
33423726,7395,508917097,54249825,1770,-6144,-52,6245,293105550,2115,293105570,2115,173,-57,-9,65,2511,-32,-12,2509
33433658,7395,508917104,54249782,1770,-6144,-51,6245,293105550,2115,293105580,2115,173,-56,-20,93,2434,-42,19,2434
33443568,7395,508917112,54249739,1770,-6143,-51,6245,293105550,2115,293105590,2115,174,-55,16,25,2422,-5,-49,2420
33454185,7395,508917120,54249695,1771,-6143,-50,6245,293105550,2115,293105600,2115,174,-53,13,35,2414,-8,-39,2412
33464785,7396,508917128,54249652,1770,-6144,-49,6245,293105550,2115,293105610,2115,174,-52,39,173,2410,18,99,2413
33473712,7396,508917136,54249606,1770,-6144,-48,6245,293105600,2115,293105620,2115,174,-51,49,97,2345,30,25,2345
33483644,7396,508917144,54249563,1770,-6144,-47,6245,293105600,2115,293105630,2115,175,-50,-12,39,2331,-30,-33,2329
33493585,7396,508917152,54249520,1770,-6144,-46,6245,293105600,2115,293105640,2115,175,-49,22,120,2416,3,45,2417
33503553,7396,508917160,54249477,1770,-6144,-46,6245,293105600,2115,293105650,2115,176,-48,34,51,2404,15,-23,2403
33513972,7396,508917168,54249434,1769,-6144,-45,6245,293105600,2115,293105660,2115,176,-47,16,160,2401,-3,86,2403
33523695,7396,508917176,54249388,1769,-6144,-44,6245,293105650,2115,293105670,2115,177,-47,38,12,2364,21,-61,2362
33533630,7396,508917184,54249345,1769,-6144,-42,6245,293105650,2115,293105680,2115,177,-46,31,72,2317,14,0,2317
33544616,7396,508917192,54249302,1769,-6144,-40,6245,293105650,2115,293105690,2115,177,-46,-7,133,2265,-23,62,2266
33553554,7397,508917200,54249259,1768,-6144,-38,6245,293105650,2115,293105700,2115,177,-46,12,135,2235,-5,65,2237
33564982,7397,508917208,54249216,1769,-6144,-37,6245,293105650,2115,293105710,2115,177,-45,36,51,2303,19,-20,2302
33573708,7397,508917216,54249170,1768,-6144,-36,6245,293105700,2115,293105720,2115,178,-45,23,62,2373,6,-12,2373
33583625,7397,508917224,54249127,1768,-6145,-35,6245,293105700,2115,293105730,2115,178,-46,62,132,2396,44,57,2397
33593898,7397,508917232,54249084,1768,-6145,-34,6245,293105700,2115,293105740,2115,179,-46,30,90,2391,12,16,2391
33603571,7397,508917240,54249041,1768,-6145,-34,6245,293105700,2115,293105750,2115,179,-47,7,19,2413,-11,-57,2410
33615004,7397,508917248,54248997,1768,-6145,-33,6245,293105700,2115,293105760,2115,179,-47,-24,119,2373,-43,44,2373
33623710,7397,508917256,54248952,1768,-6145,-32,6245,293105750,2115,293105770,2115,179,-48,9,72,2390,-9,-3,2389
33633630,7397,508917264,54248908,1768,-6145,-30,6245,293105750,2115,293105780,2115,178,-48,14,112,2360,-4,38,2361
33643961,7397,508917271,54248865,1768,-6145,-29,6245,293105750,2115,293105790,2115,177,-49,5,119,2314,-13,47,2315
33653554,7397,508917279,54248822,1768,-6145,-29,6245,293105750,2115,293105800,2115,177,-49,56,79,2464,37,3,2464
33663814,7398,508917287,54248779,1768,-6145,-28,6245,293105750,2115,293105810,2115,177,-50,25,69,2419,5,-5,2418
33673744,7398,508917295,54248733,1768,-6145,-28,6245,293105800,2115,293105820,2115,176,-51,16,112,2460,-4,36,2460
33683712,7398,508917303,54248690,1768,-6145,-27,6245,293105800,2115,293105830,2115,176,-51,1,93,2391,-19,19,2391
33694419,7398,508917311,54248647,1767,-6145,-26,6245,293105800,2115,293105840,2115,175,-52,-25,90,2447,-46,14,2447
33703561,7398,508917319,54248604,1766,-6145,-26,6245,293105800,2115,293105850,2115,173,-52,-12,181,2431,-33,107,2433
33713798,7398,508917327,54248561,1767,-6144,-26,6245,293105800,2115,293105860,2115,172,-52,24,15,2502,3,-61,2499
33723709,7398,508917335,54248515,1766,-6145,-26,6245,293105850,2115,293105870,2115,171,-52,38,198,2501,16,123,2505
33733636,7398,508917343,54248472,1765,-6145,-26,6245,293105850,2115,293105880,2115,169,-52,44,118,2489,22,44,2489
33743592,7398,508917351,54248429,1765,-6145,-26,6245,293105850,2115,293105890,2115,168,-53,11,148,2497,-10,74,2498
33753564,7398,508917359,54248386,1765,-6145,-25,6245,293105850,2115,293105900,2115,168,-53,-3,34,2463,-24,-39,2461
33763835,7398,508917367,54248342,1765,-6145,-25,6245,293105850,2115,293105910,2115,167,-53,2,84,2395,-19,14,2395
33774463,7398,508917375,54248297,1764,-6145,-24,6245,293105900,2115,293105920,2115,166,-53,9,181,2398,-12,111,2401
33783638,7398,508917383,54248254,1764,-6145,-24,6245,293105900,2115,293105930,2115,165,-53,26,62,2482,5,-10,2481
33793618,7398,508917391,54248210,1764,-6145,-24,6245,293105900,2115,293105940,2115,164,-53,53,46,2496,32,-25,2495
33803564,7398,508917398,54248167,1764,-6145,-24,6245,293105900,2115,293105950,2115,163,-53,23,130,2500,1,59,2501
33813812,7398,508917406,54248124,1763,-6145,-24,6245,293105900,2115,293105960,2115,163,-53,16,111,2510,-5,40,2510
33823732,7399,508917414,54248078,1764,-6145,-24,6245,293105950,2115,293105970,2115,162,-52,1,53,2514,-20,-19,2512
33833635,7399,508917422,54248035,1764,-6145,-24,6245,293105950,2115,293105980,2115,161,-52,-13,65,2496,-34,-5,2494
33843562,7399,508917430,54247992,1763,-6145,-24,6245,293105950,2115,293105990,2115,161,-52,2,143,2504,-20,72,2505
33853657,7399,508917438,54247949,1763,-6145,-24,6245,293105950,2115,293106000,2115,161,-51,9,80,2495,-11,9,2494
33863813,7399,508917446,54247906,1763,-6145,-24,6245,293105950,2115,293106010,2115,161,-51,40,42,2536,20,-29,2535
33873702,7399,508917454,54247860,1763,-6145,-24,6245,293106000,2115,293106020,2115,161,-51,30,134,2497,9,63,2498
33883654,7399,508917462,54247817,1762,-6145,-24,6245,293106000,2115,293106030,2115,162,-50,-15,129,2517,-36,57,2518
33893549,7399,508917470,54247774,1762,-6145,-24,6245,293106000,2115,293106040,2115,162,-50,6,48,2469,-14,-22,2468
33903561,7399,508917478,54247731,1762,-6145,-24,6245,293106000,2115,293106050,2115,162,-50,15,71,2540,-5,-2,2540
33913848,7400,508917486,54247688,1762,-6145,-24,6245,293106000,2115,293106060,2115,163,-50,44,79,2524,23,7,2523
33923723,7400,508917494,54247642,1763,-6145,-25,6245,293106050,2115,293106070,2115,163,-50,27,27,2527,6,-45,2525
33934670,7400,508917501,54247599,1762,-6145,-25,6245,293106050,2115,293106080,2115,163,-50,15,137,2543,-6,64,2544
33943563,7400,508917509,54247555,1762,-6145,-25,6245,293106050,2115,293106090,2115,164,-50,17,26,2515,-3,-46,2513
33953575,7400,508917517,54247512,1762,-6145,-26,6245,293106050,2115,293106100,2115,165,-50,-8,109,2589,-30,34,2589
33963835,7401,508917525,54247469,1762,-6145,-26,6245,293106050,2115,293106110,2115,165,-50,3,70,2562,-18,-5,2561
33973720,7401,508917533,54247423,1762,-6145,-27,6245,293106100,2115,293106120,2115,166,-50,17,59,2589,-4,-16,2588
33983652,7401,508917541,54247380,1762,-6145,-27,6245,293106100,2115,293106130,2115,166,-50,34,57,2565,13,-17,2564
33993578,7401,508917549,54247337,1762,-6145,-28,6245,293106100,2115,293106140,2115,166,-51,46,92,2619,25,16,2619
34003893,7402,508917557,54247294,1762,-6145,-29,6245,293106100,2115,293106150,2115,167,-51,11,129,2560,-10,54,2561
34013806,7402,508917565,54247251,1762,-6145,-29,6245,293106100,2115,293106160,2115,167,-52,-29,69,2521,-50,-5,2519
34023713,7402,508917573,54247205,1762,-6144,-30,6245,293106150,2115,293106170,2115,167,-52,3,60,2609,-19,-16,2608
34033624,7403,508917581,54247162,1762,-6144,-31,6245,293106150,2115,293106180,2115,167,-52,24,65,2612,2,-12,2611
34043592,7403,508917589,54247119,1762,-6144,-32,6245,293106150,2115,293106190,2115,167,-53,24,129,2666,1,51,2667
34053594,7403,508917596,54247076,1761,-6145,-33,6245,293106150,2115,293106200,2115,167,-53,44,157,2626,21,80,2628
34063818,7403,508917604,54247033,1761,-6145,-34,6245,293106150,2115,293106210,2115,167,-54,25,62,2679,2,-16,2678
34073722,7404,508917612,54246987,1761,-6145,-35,6245,293106200,2115,293106220,2115,167,-54,12,70,2577,-11,-6,2576
34083628,7404,508917620,54246944,1761,-6144,-35,6245,293106200,2115,293106230,2115,166,-54,-29,94,2549,-52,19,2548
34093914,7404,508917628,54246901,1760,-6144,-36,6245,293106200,2115,293106240,2115,166,-54,-39,140,2565,-62,65,2566
34103596,7404,508917636,54246857,1760,-6144,-37,6245,293106200,2115,293106250,2115,165,-54,20,95,2638,-4,18,2637
34113904,7404,508917644,54246814,1760,-6144,-37,6245,293106200,2115,293106260,2115,165,-54,62,89,2581,39,14,2581
34123899,7405,508917652,54246769,1760,-6145,-39,6245,293106250,2115,293106270,2115,165,-54,66,131,2651,42,54,2653
34133630,7405,508917660,54246725,1760,-6144,-39,6245,293106250,2115,293106280,2115,165,-54,-2,83,2567,-25,9,2567
34143559,7405,508917668,54246682,1759,-6144,-40,6245,293106250,2115,293106290,2115,165,-54,-15,90,2611,-38,14,2611
34154205,7405,508917676,54246639,1759,-6144,-40,6245,293106250,2115,293106300,2115,165,-54,-36,91,2486,-57,19,2485
34163843,7405,508917684,54246596,1759,-6144,-40,6245,293106250,2115,293106310,2115,164,-53,25,146,2555,3,72,2557
34174224,7405,508917691,54246550,1759,-6144,-41,6245,293106300,2115,293106320,2115,164,-53,47,56,2537,25,-16,2536
34184050,7405,508917699,54246507,1759,-6144,-41,6245,293106300,2115,293106330,2115,164,-52,39,94,2581,17,20,2581
34193579,7405,508917707,54246464,1758,-6144,-41,6245,293106300,2115,293106340,2115,164,-52,15,136,2520,-6,63,2521
34203575,7405,508917715,54246421,1758,-6145,-42,6245,293106300,2115,293106350,2115,163,-52,22,123,2517,1,51,2518
34215286,7405,508917723,54246378,1758,-6144,-41,6245,293106300,2115,293106360,2115,163,-51,-2,55,2425,-22,-14,2424
34223707,7405,508917731,54246332,1758,-6144,-41,6245,293106350,2115,293106370,2115,163,-51,11,80,2477,-10,9,2476
34233655,7406,508917739,54246289,1758,-6144,-40,6245,293106350,2115,293106380,2115,162,-50,14,105,2457,-6,35,2457
34243783,7406,508917747,54246246,1757,-6145,-40,6245,293106350,2115,293106390,2115,161,-50,41,135,2496,20,65,2497
34254116,7406,508917755,54246203,1757,-6145,-40,6245,293106350,2115,293106400,2115,160,-50,44,87,2516,24,16,2516
34264936,7406,508917763,54246160,1757,-6145,-40,6245,293106350,2115,293106410,2115,160,-50,35,42,2452,15,-27,2451
34273794,7406,508917770,54246114,1757,-6145,-39,6245,293106400,2115,293106420,2115,159,-50,-7,142,2443,-27,74,2444
34283646,7406,508917778,54246071,1756,-6145,-39,6245,293106400,2115,293106430,2115,158,-49,-15,123,2455,-35,55,2456
34293558,7406,508917786,54246027,1756,-6145,-38,6245,293106400,2115,293106440,2115,157,-49,7,82,2412,-12,16,2411
34303835,7406,508917794,54245984,1756,-6145,-38,6245,293106400,2115,293106450,2115,156,-48,28,34,2413,9,-32,2412
34314972,7406,508917802,54245941,1756,-6145,-37,6245,293106400,2115,293106460,2115,155,-48,32,140,2487,13,72,2488
34323723,7406,508917810,54245895,1756,-6145,-37,6245,293106450,2115,293106470,2115,153,-48,48,48,2454,29,-18,2452
34334104,7405,508917818,54245852,1756,-6145,-37,6245,293106450,2115,293106480,2115,152,-48,12,88,2423,-6,23,2423
34343552,7405,508917826,54245809,1755,-6145,-36,6245,293106450,2115,293106490,2115,151,-48,-20,110,2425,-39,45,2425
34354093,7405,508917834,54245766,1755,-6145,-36,6245,293106450,2115,293106500,2115,150,-48,9,119,2450,-10,55,2451
34363807,7405,508917841,54245723,1755,-6145,-35,6245,293106450,2115,293106510,2115,149,-48,9,10,2390,-9,-52,2388
34373701,7405,508917849,54245677,1755,-6145,-34,6245,293106500,2115,293106520,2115,148,-48,44,125,2469,24,61,2470
34383629,7405,508917857,54245634,1755,-6145,-34,6245,293106500,2115,293106530,2115,147,-48,39,70,2414,21,7,2413
34393566,7405,508917865,54245591,1755,-6145,-33,6245,293106500,2115,293106540,2115,147,-48,15,78,2407,-3,16,2406
34403564,7405,508917873,54245548,1754,-6145,-32,6245,293106500,2115,293106550,2115,146,-48,-3,100,2392,-21,38,2392
34413983,7405,508917881,54245505,1755,-6145,-32,6246,293106500,2115,293106560,2115,146,-48,35,28,2464,16,-35,2462
34423708,7405,508917889,54245459,1754,-6145,-31,6246,293106550,2115,293106570,2115,145,-48,11,132,2471,-9,69,2472
34433633,7405,508917897,54245416,1754,-6145,-31,6246,293106550,2115,293106580,2115,145,-49,17,100,2452,-2,37,2452
34443546,7405,508917905,54245372,1754,-6145,-31,6246,293106550,2115,293106590,2115,145,-49,36,-3,2491,16,-66,2488
34453800,7405,508917912,54245329,1754,-6145,-31,6246,293106550,2115,293106600,2115,145,-50,26,56,2497,6,-8,2496
34463812,7405,508917920,54245286,1754,-6145,-31,6246,293106550,2115,293106610,2115,145,-50,4,119,2455,-16,57,2456
34473731,7405,508917928,54245240,1754,-6145,-30,6246,293106600,2115,293106620,2115,145,-51,6,50,2434,-14,-12,2433
34484047,7405,508917936,54245197,1754,-6145,-30,6246,293106600,2115,293106630,2115,145,-51,18,64,2487,-3,0,2486
34493564,7405,508917944,54245154,1754,-6145,-30,6246,293106600,2115,293106640,2115,145,-52,49,-9,2526,28,-73,2523
34503560,7405,508917952,54245111,1754,-6145,-30,6246,293106600,2115,293106650,2115,145,-53,34,114,2522,12,49,2522
34514033,7406,508917960,54245068,1754,-6145,-30,6246,293106600,2115,293106660,2115,146,-53,13,77,2496,-8,13,2495
34523707,7406,508917968,54245022,1754,-6145,-31,6246,293106650,2115,293106670,2115,146,-54,25,61,2566,2,-5,2565
34533640,7406,508917976,54244979,1754,-6145,-31,6246,293106650,2115,293106680,2115,147,-55,-20,15,2514,-42,-50,2511
34544170,7406,508917983,54244936,1755,-6145,-31,6246,293106650,2115,293106690,2115,147,-56,36,40,2531,13,-25,2530
34553576,7406,508917991,54244893,1754,-6145,-31,6246,293106650,2115,293106700,2115,147,-56,1,110,2535,-22,44,2535
34563808,7406,508917999,54244850,1754,-6145,-32,6246,293106650,2115,293106710,2115,148,-57,56,73,2586,32,6,2586
34574340,7407,508918007,54244804,1755,-6145,-32,6246,293106700,2115,293106720,2115,148,-58,32,5,2524,8,-61,2522
34583930,7407,508918015,54244761,1755,-6145,-33,6246,293106700,2115,293106730,2115,149,-58,16,109,2548,-9,42,2549
34593563,7407,508918023,54244717,1754,-6145,-33,6246,293106700,2115,293106740,2115,150,-59,24,102,2535,0,36,2535
34604277,7407,508918031,54244674,1755,-6145,-33,6246,293106700,2115,293106750,2115,150,-59,4,24,2560,-21,-44,2558
34614526,7407,508918039,54244631,1755,-6145,-34,6246,293106700,2115,293106760,2115,150,-59,17,63,2552,-8,-4,2551
34623711,7408,508918047,54244585,1754,-6145,-34,6246,293106750,2115,293106770,2115,150,-60,6,46,2570,-19,-22,2568
34633694,7408,508918054,54244542,1754,-6145,-35,6246,293106750,2115,293106780,2115,151,-60,32,136,2583,7,67,2584
34643571,7408,508918062,54244499,1754,-6145,-36,6246,293106750,2115,293106790,2115,151,-60,28,62,2596,3,-7,2595
34653729,7408,508918070,54244456,1754,-6145,-36,6246,293106750,2115,293106800,2115,152,-60,26,48,2583,0,-21,2582
34664783,7408,508918078,54244413,1754,-6145,-37,6246,293106750,2115,293106810,2115,152,-60,11,66,2533,-14,-2,2532
34673717,7408,508918086,54244367,1754,-6145,-37,6246,293106800,2115,293106820,2115,152,-60,1,95,2532,-24,27,2532
34683656,7409,508918094,54244324,1754,-6145,-36,6246,293106800,2115,293106830,2115,152,-60,-5,89,2455,-29,23,2454
34694275,7409,508918102,54244281,1754,-6145,-37,6246,293106800,2115,293106840,2115,153,-60,32,59,2545,7,-9,2544
34703557,7409,508918110,54244238,1753,-6145,-37,6246,293106800,2115,293106850,2115,153,-60,51,91,2500,26,23,2500
34713988,7409,508918118,54244195,1753,-6145,-37,6246,293106800,2115,293106860,2115,154,-60,22,71,2549,-3,2,2549
34723968,7409,508918125,54244149,1754,-6145,-37,6246,293106850,2115,293106870,2115,154,-59,22,56,2505,-2,-12,2504
34733649,7410,508918133,54244106,1753,-6145,-37,6246,293106850,2115,293106880,2115,154,-59,8,110,2518,-16,42,2519
34743564,7410,508918141,54244063,1753,-6145,-38,6246,293106850,2115,293106890,2115,155,-58,-2,107,2524,-26,38,2523
34754456,7410,508918149,54244019,1753,-6145,-38,6246,293106850,2115,293106900,2115,155,-57,15,55,2556,-9,-15,2554
34764987,7410,508918157,54243976,1753,-6145,-38,6246,293106850,2115,293106910,2115,155,-57,19,74,2563,-5,4,2563
34773746,7410,508918165,54243930,1752,-6145,-38,6246,293106900,2115,293106920,2115,156,-56,40,146,2508,17,78,2510
34784453,7410,508918173,54243887,1752,-6145,-38,6246,293106900,2115,293106930,2115,156,-55,23,59,2496,1,-9,2495
34793579,7411,508918180,54243844,1752,-6145,-38,6246,293106900,2115,293106940,2115,157,-54,8,111,2425,-13,44,2426
34803569,7411,508918188,54243801,1752,-6145,-37,6246,293106900,2115,293106950,2115,158,-54,15,76,2423,-6,9,2422
34814781,7411,508918196,54243758,1752,-6145,-37,6246,293106900,2115,293106960,2115,158,-53,16,81,2447,-5,13,2447
34823713,7411,508918204,54243712,1752,-6145,-36,6246,293106950,2115,293106970,2115,159,-52,12,96,2445,-9,27,2445
34833659,7411,508918212,54243669,1752,-6145,-36,6246,293106950,2115,293106980,2115,159,-51,64,43,2447,44,-25,2446
34844020,7411,508918220,54243626,1752,-6145,-36,6246,293106950,2115,293106990,2115,160,-50,56,48,2503,36,-23,2502
34853835,7411,508918228,54243582,1752,-6145,-36,6246,293106950,2115,293107000,2115,161,-49,18,79,2489,-2,8,2489
34863813,7412,508918235,54243539,1752,-6145,-35,6246,293106950,2115,293107010,2115,161,-49,8,130,2459,-11,60,2459
34873796,7412,508918243,54243493,1752,-6145,-35,6246,293107000,2115,293107020,2115,162,-48,-9,23,2406,-27,-45,2404
34883626,7412,508918251,54243450,1752,-6145,-34,6246,293107000,2115,293107030,2115,163,-47,-1,54,2444,-20,-16,2443
34893823,7412,508918259,54243407,1751,-6145,-33,6246,293107000,2115,293107040,2115,163,-46,33,138,2367,15,71,2368
34904326,7412,508918267,54243364,1752,-6145,-33,6246,293107000,2115,293107050,2115,164,-45,42,44,2437,25,-26,2436
34913828,7412,508918275,54243321,1752,-6145,-31,6246,293107000,2115,293107060,2115,164,-45,53,70,2343,36,3,2342
34923716,7413,508918282,54243275,1751,-6146,-31,6246,293107050,2115,293107070,2115,164,-44,38,121,2417,20,51,2418
34934306,7413,508918290,54243232,1751,-6146,-30,6246,293107050,2115,293107080,2115,165,-43,8,65,2370,-8,-3,2369
34943572,7413,508918298,54243189,1752,-6146,-29,6246,293107050,2115,293107090,2115,165,-43,18,37,2443,2,-34,2441
34953575,7413,508918306,54243145,1751,-6146,-29,6246,293107050,2115,293107100,2115,165,-42,15,107,2417,-1,37,2417
34963884,7413,508918314,54243102,1751,-6146,-28,6246,293107050,2115,293107110,2115,165,-42,55,113,2448,39,43,2448
34973710,7413,508918322,54243056,1751,-6146,-28,6246,293107100,2115,293107120,2115,165,-42,37,123,2436,21,53,2437
34983636,7413,508918330,54243013,1751,-6147,-27,6246,293107100,2115,293107130,2115,165,-42,53,76,2462,37,5,2461
34993592,7413,508918337,54242970,1751,-6147,-26,6246,293107100,2115,293107140,2115,165,-42,10,27,2362,-5,-42,2360
35003584,7413,508918345,54242927,1750,-6147,-25,6246,293107100,2115,293107150,2115,165,-41,0,148,2345,-16,80,2347
35013819,7413,508918353,54242884,1750,-6147,-24,6246,293107100,2115,293107160,2115,165,-41,-4,103,2360,-20,35,2361
35023706,7413,508918361,54242838,1750,-6147,-23,6246,293107150,2115,293107170,2115,164,-41,30,80,2397,14,11,2397
35033649,7413,508918369,54242795,1750,-6147,-23,6246,293107150,2115,293107180,2115,164,-41,70,107,2436,53,37,2436
35043579,7413,508918377,54242752,1750,-6148,-23,6246,293107150,2115,293107190,2115,164,-42,53,85,2477,36,14,2477
35053856,7413,508918385,54242708,1749,-6148,-23,6246,293107150,2115,293107200,2115,164,-42,29,133,2496,12,61,2497
35063818,7413,508918393,54242665,1750,-6147,-22,6246,293107150,2115,293107210,2115,163,-42,-20,36,2462,-37,-34,2460
35073718,7413,508918400,54242619,1749,-6147,-22,6246,293107200,2115,293107220,2115,163,-43,5,122,2506,-12,50,2507
35083656,7414,508918408,54242576,1749,-6147,-22,6246,293107200,2115,293107230,2115,162,-43,-3,92,2463,-20,22,2463
35093595,7414,508918416,54242533,1749,-6147,-21,6246,293107200,2115,293107240,2115,162,-44,36,124,2440,18,55,2441
35103673,7414,508918424,54242490,1748,-6148,-21,6246,293107200,2115,293107250,2115,161,-45,53,170,2421,35,102,2424
35113832,7414,508918432,54242447,1748,-6148,-20,6246,293107200,2115,293107260,2115,161,-45,49,25,2476,31,-45,2474
35123705,7414,508918440,54242401,1748,-6148,-21,6246,293107250,2115,293107270,2115,161,-46,20,45,2486,2,-25,2485
35133977,7414,508918447,54242358,1747,-6148,-21,6246,293107250,2115,293107280,2115,161,-48,7,191,2531,-13,119,2534
35143600,7414,508918455,54242314,1747,-6148,-21,6246,293107250,2115,293107290,2115,161,-49,9,82,2535,-11,10,2535
35153644,7414,508918463,54242271,1747,-6148,-22,6246,293107250,2115,293107300,2115,160,-50,27,84,2578,6,11,2578
35164051,7414,508918471,54242228,1747,-6149,-23,6246,293107250,2115,293107310,2115,160,-51,49,99,2614,28,26,2615
35173956,7414,508918479,54242182,1747,-6149,-23,6246,293107300,2115,293107320,2115,160,-52,38,95,2588,16,22,2588
35183643,7414,508918487,54242139,1747,-6149,-24,6246,293107300,2115,293107330,2115,160,-54,4,72,2603,-18,-1,2602
35193564,7414,508918494,54242096,1747,-6149,-25,6246,293107300,2115,293107340,2115,160,-55,-3,100,2573,-26,28,2573
35203558,7415,508918502,54242053,1747,-6148,-25,6246,293107300,2115,293107350,2115,160,-56,-18,77,2565,-41,5,2564
35214323,7415,508918510,54242010,1746,-6148,-26,6246,293107300,2115,293107360,2115,160,-57,7,109,2634,-18,35,2635
35223710,7415,508918518,54241964,1746,-6149,-28,6246,293107350,2115,293107370,2115,160,-58,84,92,2690,58,16,2690
35233633,7416,508918526,54241920,1746,-6149,-29,6246,293107350,2115,293107380,2115,160,-59,52,51,2647,26,-23,2646
35243566,7416,508918534,54241877,1746,-6149,-30,6246,293107350,2115,293107390,2115,161,-60,9,110,2631,-17,35,2631
35253563,7416,508918541,54241834,1746,-6148,-30,6246,293107350,2115,293107400,2115,161,-60,-18,29,2582,-43,-44,2580
35265091,7416,508918549,54241791,1746,-6148,-31,6246,293107350,2115,293107410,2115,162,-61,-9,129,2644,-36,53,2644
35273708,7417,508918557,54241745,1746,-6148,-33,6246,293107400,2115,293107420,2115,162,-61,4,43,2667,-23,-33,2665
35283633,7417,508918565,54241702,1745,-6148,-34,6246,293107400,2115,293107430,2115,162,-61,48,190,2647,21,115,2649
35294783,7417,508918573,54241659,1745,-6148,-35,6246,293107400,2115,293107440,2115,163,-62,63,34,2583,37,-39,2582
35303583,7418,508918581,54241616,1746,-6148,-36,6246,293107400,2115,293107450,2115,163,-62,33,51,2629,6,-25,2628
35314150,7418,508918588,54241573,1745,-6148,-36,6246,293107400,2115,293107460,2115,164,-62,-11,118,2560,-37,44,2560
35324155,7419,508918596,54241527,1745,-6148,-37,6246,293107450,2115,293107470,2115,164,-61,-1,114,2561,-27,40,2562
35334577,7419,508918604,54241483,1745,-6148,-37,6246,293107450,2115,293107480,2115,164,-61,11,77,2590,-15,2,2589
35343567,7419,508918612,54241440,1745,-6148,-38,6246,293107450,2115,293107490,2115,164,-61,26,78,2654,-1,2,2653
35353603,7420,508918620,54241397,1744,-6148,-39,6246,293107450,2115,293107500,2115,165,-60,72,144,2612,46,69,2614
35363873,7420,508918628,54241354,1745,-6149,-40,6246,293107450,2115,293107510,2115,166,-60,70,82,2570,45,7,2570
35373854,7420,508918635,54241308,1744,-6149,-40,6246,293107500,2115,293107520,2115,167,-59,11,103,2537,-13,29,2537
35383632,7420,508918643,54241265,1745,-6149,-40,6246,293107500,2115,293107530,2115,167,-58,1,61,2492,-23,-12,2491
35393598,7420,508918651,54241222,1744,-6149,-40,6246,293107500,2115,293107540,2115,167,-57,-17,135,2516,-41,61,2517
35403573,7421,508918659,54241179,1744,-6149,-41,6246,293107500,2115,293107550,2115,168,-57,12,85,2523,-11,11,2523
35414939,7421,508918667,54241135,1743,-6149,-41,6246,293107500,2115,293107560,2115,168,-56,35,134,2521,12,59,2523
35423704,7421,508918675,54241089,1743,-6149,-41,6246,293107550,2115,293107570,2115,168,-55,79,81,2539,56,6,2539
35433663,7421,508918682,54241046,1743,-6150,-41,6246,293107550,2115,293107580,2115,168,-55,60,126,2553,37,50,2555
35443586,7421,508918690,54241003,1743,-6150,-41,6247,293107550,2115,293107590,2115,169,-54,23,73,2469,1,0,2468
35453850,7422,508918698,54240960,1743,-6149,-40,6247,293107550,2115,293107600,2115,169,-53,-20,90,2419,-41,18,2419
35463840,7422,508918706,54240917,1742,-6149,-40,6247,293107550,2115,293107610,2115,170,-52,-16,114,2461,-37,41,2462
35473715,7422,508918714,54240871,1742,-6149,-40,6247,293107600,2115,293107620,2115,170,-52,53,91,2505,32,16,2506
35483653,7422,508918722,54240828,1743,-6150,-40,6247,293107600,2115,293107630,2115,170,-51,68,55,2507,48,-19,2506
35493561,7422,508918729,54240785,1742,-6150,-40,6247,293107600,2115,293107640,2115,171,-51,73,132,2478,52,58,2479
35503593,7422,508918737,54240741,1742,-6150,-39,6247,293107600,2115,293107650,2115,171,-50,23,82,2437,3,9,2436
35514044,7422,508918745,54240698,1742,-6150,-39,6247,293107600,2115,293107660,2115,171,-50,-9,47,2440,-28,-27,2438
35523706,7422,508918753,54240652,1741,-6150,-38,6247,293107650,2115,293107670,2115,171,-49,-29,160,2440,-48,87,2441
35534240,7422,508918761,54240609,1742,-6150,-38,6247,293107650,2115,293107680,2115,171,-49,13,35,2413,-6,-37,2411
35543559,7422,508918769,54240566,1742,-6150,-38,6247,293107650,2115,293107690,2115,171,-49,48,97,2506,28,22,2506
35553584,7422,508918776,54240523,1741,-6150,-38,6247,293107650,2115,293107700,2115,171,-49,76,145,2467,56,71,2469
35564965,7422,508918784,54240480,1741,-6151,-37,6247,293107650,2115,293107710,2115,171,-48,75,126,2444,56,52,2446
35573720,7422,508918792,54240434,1742,-6150,-36,6247,293107700,2115,293107720,2115,172,-48,-9,-34,2395,-27,-106,2391
35583627,7422,508918800,54240391,1741,-6150,-36,6247,293107700,2115,293107730,2115,172,-48,-9,154,2428,-28,81,2429
35593867,7422,508918808,54240348,1741,-6150,-35,6247,293107700,2115,293107740,2115,171,-47,-11,105,2428,-30,32,2429
35603549,7422,508918815,54240304,1740,-6150,-35,6247,293107700,2115,293107750,2115,171,-47,24,125,2499,5,50,2499
35613844,7422,508918823,54240261,1741,-6151,-35,6247,293107700,2115,293107760,2115,171,-47,65,55,2467,46,-18,2466
35623723,7422,508918831,54240215,1741,-6151,-35,6247,293107750,2115,293107770,2115,170,-47,55,87,2496,36,13,2497
35633626,7422,508918839,54240172,1740,-6151,-34,6247,293107750,2115,293107780,2115,171,-47,30,118,2426,11,46,2427
35643601,7422,508918847,54240129,1741,-6151,-34,6247,293107750,2115,293107790,2115,171,-48,22,25,2432,3,-48,2430
35653575,7421,508918855,54240086,1740,-6151,-33,6247,293107750,2115,293107800,2115,171,-48,-18,147,2376,-37,76,2378
35663814,7421,508918862,54240043,1740,-6151,-32,6247,293107750,2115,293107810,2115,170,-49,25,58,2455,6,-16,2454
35673737,7421,508918870,54239997,1740,-6151,-32,6247,293107800,2115,293107820,2115,170,-49,53,107,2463,33,33,2464
35683635,7421,508918878,54239954,1740,-6152,-32,6247,293107800,2115,293107830,2115,170,-50,67,2,2452,48,-71,2449
35693573,7421,508918886,54239910,1740,-6152,-31,6247,293107800,2115,293107840,2115,170,-51,23,90,2475,2,16,2475
35703558,7421,508918894,54239867,1740,-6152,-31,6247,293107800,2115,293107850,2115,170,-52,16,146,2458,-5,73,2460
35713909,7421,508918901,54239824,1740,-6152,-31,6247,293107800,2115,293107860,2115,170,-53,7,43,2480,-14,-31,2478
35723721,7421,508918909,54239778,1740,-6151,-31,6247,293107850,2115,293107870,2115,170,-53,2,29,2504,-20,-45,2502
35733673,7421,508918917,54239735,1740,-6152,-31,6247,293107850,2115,293107880,2115,169,-54,19,100,2543,-3,24,2543
35743570,7421,508918925,54239692,1740,-6152,-31,6247,293107850,2115,293107890,2115,169,-54,44,72,2513,22,-3,2512
35753563,7421,508918933,54239649,1740,-6152,-31,6247,293107850,2115,293107900,2115,169,-55,28,108,2503,6,34,2504
35764953,7421,508918941,54239605,1740,-6152,-32,6247,293107850,2115,293107910,2115,170,-55,25,70,2526,2,-6,2526
35773729,7421,508918948,54239559,1740,-6152,-31,6247,293107900,2115,293107920,2115,170,-55,22,77,2474,0,3,2473
35784609,7421,508918956,54239516,1740,-6152,-31,6247,293107900,2115,293107930,2115,170,-55,0,67,2485,-22,-8,2484
35793592,7421,508918964,54239473,1740,-6151,-31,6247,293107900,2115,293107940,2115,170,-55,0,58,2519,-22,-17,2518
35803565,7421,508918972,54239430,1740,-6151,-31,6247,293107900,2115,293107950,2115,169,-55,2,81,2512,-21,6,2512
35813908,7422,508918980,54239387,1740,-6152,-32,6247,293107900,2115,293107960,2115,169,-54,45,126,2559,22,50,2560
35823714,7422,508918987,54239341,1740,-6152,-32,6247,293107950,2115,293107970,2115,169,-54,79,78,2491,57,4,2491
35833742,7422,508918995,54239298,1740,-6152,-31,6247,293107950,2115,293107980,2115,169,-54,39,36,2429,18,-36,2428
35843566,7422,508919003,54239255,1740,-6152,-30,6247,293107950,2115,293107990,2115,169,-53,-13,80,2364,-33,9,2363
35853597,7422,508919011,54239211,1739,-6151,-30,6247,293107950,2115,293108000,2115,169,-53,-16,92,2443,-37,19,2442
35864954,7422,508919019,54239168,1739,-6151,-29,6247,293107950,2115,293108010,2115,169,-52,12,109,2405,-8,38,2405
35873717,7422,508919027,54239122,1740,-6152,-29,6247,293108000,2115,293108020,2115,169,-52,76,13,2526,55,-62,2524
35883689,7422,508919034,54239079,1740,-6152,-29,6247,293108000,2115,293108030,2115,169,-51,74,98,2453,53,25,2453
35893565,7422,508919042,54239036,1740,-6152,-29,6247,293108000,2115,293108040,2115,169,-51,45,85,2550,24,9,2550
35903704,7422,508919050,54238993,1740,-6152,-29,6247,293108000,2115,293108050,2115,169,-50,-3,94,2496,-23,20,2496
35915074,7422,508919058,54238950,1739,-6152,-29,6247,293108000,2115,293108060,2115,168,-50,0,77,2510,-20,3,2510
35923701,7422,508919066,54238904,1740,-6152,-29,6247,293108050,2115,293108070,2115,168,-49,7,31,2473,-12,-42,2471
35933894,7423,508919073,54238861,1739,-6152,-28,6247,293108050,2115,293108080,2115,168,-49,20,137,2410,0,66,2411
35943564,7423,508919081,54238817,1739,-6153,-28,6247,293108050,2115,293108090,2115,168,-49,62,125,2422,43,53,2424
35953598,7423,508919089,54238774,1739,-6153,-27,6247,293108050,2115,293108100,2115,168,-49,107,33,2435,88,-39,2434
35963849,7423,508919097,54238731,1739,-6153,-27,6247,293108050,2115,293108110,2115,168,-49,40,87,2427,21,15,2427
35974616,7423,508919105,54238685,1739,-6153,-26,6247,293108100,2115,293108120,2115,168,-49,8,82,2425,-11,11,2425
35983640,7423,508919113,54238642,1739,-6153,-26,6247,293108100,2115,293108130,2115,168,-49,7,88,2505,-13,14,2505
35993565,7423,508919120,54238599,1739,-6153,-26,6247,293108100,2115,293108140,2115,167,-50,27,88,2522,7,14,2521
36003943,7423,508919128,54238556,1739,-6154,-27,6247,293108100,2115,293108150,2115,167,-50,28,106,2554,7,31,2554
36014431,7423,508919136,54238512,1739,-6154,-27,6247,293108100,2115,293108160,2115,168,-50,50,38,2514,30,-36,2512
36023727,7423,508919144,54238466,1739,-6154,-27,6247,293108150,2115,293108170,2115,168,-51,40,87,2540,19,13,2539
36033651,7423,508919152,54238423,1739,-6154,-27,6247,293108150,2115,293108180,2115,168,-51,4,94,2473,-16,21,2472
36043604,7423,508919159,54238380,1739,-6154,-27,6247,293108150,2115,293108190,2115,168,-51,8,62,2515,-13,-12,2514
36053815,7423,508919167,54238337,1739,-6153,-27,6247,293108150,2115,293108200,2115,169,-51,5,44,2521,-16,-30,2519
36065002,7423,508919175,54238294,1739,-6154,-27,6247,293108150,2115,293108210,2115,169,-51,42,65,2530,21,-10,2530
36073765,7423,508919183,54238248,1739,-6154,-27,6247,293108200,2115,293108220,2115,169,-51,58,120,2536,37,44,2537
36083816,7423,508919191,54238205,1739,-6154,-28,6247,293108200,2115,293108230,2115,170,-51,53,75,2560,31,-1,2560
36094329,7423,508919199,54238161,1739,-6154,-28,6247,293108200,2115,293108240,2115,170,-51,31,17,2554,10,-59,2552
36103560,7423,508919206,54238118,1739,-6154,-28,6247,293108200,2115,293108250,2115,170,-51,-4,85,2464,-24,12,2463
36113840,7423,508919214,54238075,1739,-6154,-28,6247,293108200,2115,293108260,2115,170,-51,-29,107,2469,-49,33,2468
36123729,7423,508919222,54238029,1739,-6154,-28,6247,293108250,2115,293108270,2115,170,-51,28,69,2473,8,-5,2472
36133639,7423,508919230,54237986,1739,-6154,-28,6247,293108250,2115,293108280,2115,171,-51,53,77,2532,32,1,2531
36144193,7423,508919238,54237943,1739,-6154,-28,6247,293108250,2115,293108290,2115,171,-52,76,100,2521,55,25,2521
36153567,7423,508919245,54237900,1739,-6155,-29,6247,293108250,2115,293108300,2115,172,-52,67,69,2591,45,-9,2591
36164283,7424,508919253,54237856,1739,-6155,-29,6247,293108250,2115,293108310,2115,172,-52,18,40,2503,-3,-35,2501
36173730,7424,508919261,54237810,1739,-6154,-29,6247,293108300,2115,293108320,2115,172,-52,-33,154,2544,-55,77,2545
36183648,7424,508919269,54237767,1739,-6154,-29,6247,293108300,2115,293108330,2115,173,-52,-5,30,2522,-26,-46,2520
36193590,7424,508919277,54237724,1739,-6154,-30,6247,293108300,2115,293108340,2115,173,-52,42,140,2561,21,62,2563
36203591,7424,508919285,54237681,1739,-6155,-29,6247,293108300,2115,293108350,2115,174,-51,55,71,2478,34,-5,2478
36213886,7424,508919292,54237638,1738,-6155,-29,6247,293108300,2115,293108360,2115,174,-51,62,129,2458,41,54,2460
36223727,7424,508919300,54237592,1738,-6155,-29,6247,293108350,2115,293108370,2115,175,-51,16,90,2524,-5,12,2523
36233654,7424,508919308,54237549,1738,-6155,-30,6247,293108350,2115,293108380,2115,176,-51,14,58,2547,-7,-21,2546
36243561,7424,508919316,54237505,1738,-6155,-30,6247,293108350,2115,293108390,2115,176,-51,18,63,2581,-3,-17,2580
36254271,7425,508919324,54237462,1738,-6155,-31,6247,293108350,2115,293108400,2115,177,-51,15,93,2525,-6,14,2525
36263825,7425,508919331,54237419,1737,-6155,-31,6247,293108350,2115,293108410,2115,178,-51,29,147,2503,7,69,2505
36273713,7425,508919339,54237373,1737,-6155,-30,6247,293108400,2115,293108420,2115,178,-51,31,58,2456,11,-19,2455
36283632,7425,508919347,54237330,1738,-6155,-30,6247,293108400,2115,293108430,2115,179,-51,34,43,2465,14,-34,2463
36293717,7425,508919355,54237287,1738,-6155,-30,6247,293108400,2115,293108440,2115,180,-51,26,2,2497,5,-77,2494
36303580,7425,508919363,54237243,1737,-6155,-30,6247,293108400,2115,293108450,2115,180,-51,15,199,2514,-6,119,2517
36313852,7425,508919370,54237200,1737,-6155,-30,6247,293108400,2115,293108460,2115,180,-51,21,56,2521,0,-23,2520
36323976,7426,508919378,54237154,1738,-6156,-32,6247,293108450,2115,293108470,2115,181,-51,44,27,2612,23,-56,2610
36334080,7426,508919386,54237111,1738,-6156,-32,6247,293108450,2115,293108480,2115,181,-52,50,79,2525,29,-1,2525
36343568,7426,508919394,54237068,1738,-6156,-32,6247,293108450,2115,293108490,2115,181,-52,23,81,2542,2,1,2541
36354094,7426,508919402,54237025,1738,-6156,-32,6247,293108450,2115,293108500,2115,181,-52,-10,104,2464,-31,25,2464
36363874,7426,508919409,54236981,1737,-6156,-32,6247,293108450,2115,293108510,2115,182,-52,2,92,2510,-20,12,2510
36373732,7426,508919417,54236935,1738,-6155,-32,6247,293108500,2115,293108520,2115,182,-53,26,7,2490,5,-72,2487
36384315,7427,508919425,54236892,1738,-6155,-32,6247,293108500,2115,293108530,2115,182,-53,27,122,2563,4,40,2564
36393580,7427,508919433,54236849,1737,-6156,-33,6247,293108500,2115,293108540,2115,182,-53,47,139,2582,24,57,2584
36403584,7427,508919441,54236806,1737,-6156,-34,6247,293108500,2115,293108550,2115,182,-54,75,78,2597,52,-5,2597
36414032,7427,508919448,54236763,1738,-6156,-34,6247,293108500,2115,293108560,2115,182,-54,-5,52,2504,-27,-28,2502
36423739,7427,508919456,54236717,1737,-6156,-33,6247,293108550,2115,293108570,2115,182,-54,-5,138,2479,-27,59,2480
36433689,7427,508919464,54236674,1736,-6155,-33,6247,293108550,2115,293108580,2115,181,-54,-30,171,2506,-52,91,2508
36443764,7428,508919472,54236630,1737,-6155,-34,6247,293108550,2115,293108590,2115,181,-54,10,50,2529,-12,-30,2528
36453591,7428,508919479,54236587,1736,-6155,-34,6247,293108550,2115,293108600,2115,181,-54,37,133,2577,13,51,2579
36464485,7428,508919487,54236544,1736,-6156,-34,6248,293108550,2115,293108610,2115,180,-54,79,105,2544,56,25,2545
36473870,7428,508919495,54236498,1736,-6156,-35,6248,293108600,2115,293108620,2115,180,-54,47,150,2587,24,69,2589
36483648,7428,508919503,54236455,1735,-6156,-36,6248,293108600,2115,293108630,2115,179,-54,-1,122,2540,-23,42,2541
36494202,7428,508919511,54236412,1735,-6156,-36,6248,293108600,2115,293108640,2115,179,-54,-4,110,2566,-26,29,2566
36504094,7428,508919518,54236368,1735,-6156,-36,6248,293108600,2115,293108650,2115,178,-54,-9,31,2514,-31,-47,2511
36513854,7428,508919526,54236325,1735,-6156,-36,6248,293108600,2115,293108660,2115,177,-54,18,173,2513,-5,94,2515
36523728,7428,508919534,54236279,1735,-6156,-36,6248,293108650,2115,293108670,2115,177,-54,28,119,2482,6,42,2483
36533850,7428,508919542,54236236,1734,-6156,-36,6248,293108650,2115,293108680,2115,176,-54,44,146,2493,22,69,2495
36543575,7428,508919550,54236193,1734,-6157,-36,6248,293108650,2115,293108690,2115,175,-54,66,62,2456,44,-14,2456
36553599,7428,508919557,54236150,1734,-6157,-36,6248,293108650,2115,293108700,2115,174,-55,51,98,2500,28,22,2500
36564336,7428,508919565,54236106,1734,-6157,-35,6248,293108650,2115,293108710,2115,173,-55,7,90,2484,-15,15,2483
36573718,7428,508919573,54236061,1734,-6157,-36,6248,293108700,2115,293108720,2115,172,-55,7,101,2558,-16,24,2558
36583653,7428,508919581,54236017,1733,-6157,-36,6248,293108700,2115,293108730,2115,170,-56,-3,139,2564,-26,62,2565
36593590,7428,508919589,54235974,1733,-6157,-37,6248,293108700,2115,293108740,2115,168,-56,39,95,2600,15,18,2600
36603559,7428,508919596,54235931,1733,-6157,-38,6248,293108700,2115,293108750,2115,167,-56,36,61,2576,13,-14,2575
36613980,7428,508919604,54235888,1733,-6157,-38,6248,293108700,2115,293108760,2115,166,-56,55,112,2575,31,38,2575
36623714,7428,508919612,54235842,1733,-6157,-38,6248,293108750,2115,293108770,2115,164,-57,6,111,2474,-17,40,2474
36633662,7428,508919620,54235799,1733,-6157,-38,6248,293108750,2115,293108780,2115,163,-57,-30,61,2475,-53,-10,2473
36643599,7428,508919628,54235755,1732,-6156,-37,6248,293108750,2115,293108790,2115,161,-56,-23,117,2434,-46,48,2434
36653678,7429,508919635,54235712,1732,-6157,-37,6248,293108750,2115,293108800,2115,159,-56,40,81,2475,17,12,2474
36664975,7429,508919643,54235669,1731,-6157,-37,6248,293108750,2115,293108810,2115,158,-55,62,164,2456,40,96,2459
36673747,7429,508919651,54235623,1731,-6158,-37,6248,293108800,2115,293108820,2115,156,-55,61,51,2523,39,-18,2522
36684504,7429,508919659,54235580,1732,-6158,-38,6248,293108800,2115,293108830,2115,155,-54,37,53,2559,15,-17,2558
36693573,7429,508919666,54235537,1731,-6157,-38,6248,293108800,2115,293108840,2115,154,-53,-33,114,2511,-55,46,2510
36703576,7429,508919674,54235493,1731,-6157,-38,6248,293108800,2115,293108850,2115,153,-52,-41,121,2480,-62,54,2480
36714636,7429,508919682,54235450,1730,-6157,-37,6248,293108800,2115,293108860,2115,152,-51,-13,73,2425,-33,8,2425
36723730,7429,508919690,54235404,1731,-6157,-36,6248,293108850,2115,293108870,2115,151,-50,49,75,2476,29,10,2475
36734346,7429,508919698,54235361,1731,-6157,-35,6248,293108850,2115,293108880,2115,150,-49,88,49,2348,70,-13,2347
36744232,7429,508919705,54235318,1731,-6158,-34,6248,293108850,2115,293108890,2115,149,-48,73,70,2390,55,7,2389
36753567,7429,508919713,54235275,1730,-6158,-32,6248,293108850,2115,293108900,2115,149,-47,33,115,2224,16,57,2225
36763863,7429,508919721,54235231,1731,-6158,-31,6248,293108850,2115,293108910,2115,148,-46,-27,38,2357,-44,-24,2356
36774327,7429,508919729,54235185,1730,-6157,-30,6248,293108900,2115,293108920,2115,148,-45,-16,77,2310,-33,16,2309
36783642,7429,508919736,54235142,1731,-6158,-29,6248,293108900,2115,293108930,2115,148,-44,38,27,2444,21,-37,2442
36793598,7429,508919744,54235099,1731,-6158,-29,6248,293108900,2115,293108940,2115,148,-43,99,84,2458,82,21,2459
36803615,7429,508919752,54235056,1730,-6159,-28,6248,293108900,2115,293108950,2115,148,-43,74,107,2466,57,43,2466
36815004,7429,508919760,54235013,1730,-6159,-28,6248,293108900,2115,293108960,2115,148,-43,44,85,2453,27,21,2453
36823728,7429,508919768,54234967,1731,-6159,-27,6248,293108950,2115,293108970,2115,149,-42,-11,33,2431,-27,-30,2429
36834391,7429,508919775,54234923,1731,-6158,-26,6248,293108950,2115,293108980,2115,149,-42,-72,-6,2353,-87,-68,2349
36843593,7430,508919783,54234880,1731,-6158,-25,6248,293108950,2115,293108990,2115,149,-42,-10,57,2295,-25,-4,2294
36853574,7430,508919791,54234837,1731,-6158,-23,6248,293108950,2115,293109000,2115,149,-42,58,129,2325,42,68,2326
36864793,7430,508919799,54234794,1731,-6159,-23,6248,293108950,2115,293109010,2115,150,-43,124,-16,2415,108,-79,2413
36873748,7430,508919807,54234748,1732,-6159,-23,6248,293109000,2115,293109020,2115,150,-43,92,42,2532,75,-24,2531
36883668,7430,508919814,54234705,1731,-6160,-23,6248,293109000,2115,293109030,2115,150,-44,14,205,2494,-4,139,2497
36893699,7430,508919822,54234661,1731,-6159,-23,6248,293109000,2115,293109040,2115,151,-45,7,-30,2563,-11,-98,2560
36903575,7430,508919830,54234618,1732,-6159,-23,6248,293109000,2115,293109050,2115,151,-46,-54,-20,2489,-73,-87,2486
36914040,7430,508919838,54234575,1731,-6158,-23,6248,293109000,2115,293109060,2115,151,-47,-22,116,2470,-41,50,2470
36923750,7430,508919846,54234529,1731,-6159,-23,6248,293109050,2115,293109070,2115,151,-48,51,75,2461,32,9,2460
36933653,7430,508919853,54234486,1731,-6159,-23,6248,293109050,2115,293109080,2115,152,-49,86,83,2577,65,15,2577
36943567,7430,508919861,54234443,1732,-6160,-24,6248,293109050,2115,293109090,2115,152,-50,70,64,2586,49,-4,2585
36953588,7429,508919869,54234399,1732,-6159,-25,6248,293109050,2115,293109100,2115,152,-51,-11,56,2615,-33,-14,2614
36963891,7429,508919877,54234356,1732,-6159,-26,6248,293109050,2115,293109110,2115,152,-53,-18,56,2608,-40,-13,2607
36973837,7429,508919884,54234310,1732,-6159,-27,6248,293109100,2115,293109120,2115,152,-54,-9,24,2624,-31,-46,2622
36983647,7429,508919892,54234267,1732,-6159,-27,6248,293109100,2115,293109130,2115,153,-54,-7,139,2554,-30,71,2554
36993589,7429,508919900,54234224,1732,-6159,-27,6248,293109100,2115,293109140,2115,153,-55,69,66,2569,45,-3,2568
37003568,7429,508919908,54234181,1732,-6159,-28,6248,293109100,2115,293109150,2115,154,-56,45,31,2568,22,-38,2566
37013901,7429,508919916,54234137,1732,-6159,-29,6248,293109100,2115,293109160,2115,155,-57,24,55,2594,-1,-16,2593
37023718,7429,508919923,54234091,1732,-6159,-30,6248,293109150,2115,293109170,2115,155,-58,-6,60,2606,-31,-11,2605
37033669,7429,508919931,54234048,1732,-6159,-30,6248,293109150,2115,293109180,2115,155,-58,19,76,2618,-6,5,2618
37043626,7429,508919939,54234005,1732,-6159,-31,6248,293109150,2115,293109190,2115,155,-59,20,33,2615,-5,-38,2613
37053626,7429,508919947,54233962,1732,-6159,-32,6248,293109150,2115,293109200,2115,156,-59,35,45,2625,10,-26,2624
37064268,7429,508919955,54233919,1732,-6159,-33,6248,293109150,2115,293109210,2115,157,-59,51,82,2607,25,11,2607
37074423,7429,508919962,54233873,1732,-6159,-34,6248,293109200,2115,293109220,2115,158,-60,17,53,2603,-8,-19,2601
37083671,7428,508919970,54233829,1732,-6158,-35,6248,293109200,2115,293109230,2115,159,-60,-15,70,2583,-40,-3,2582
37093588,7428,508919978,54233786,1732,-6158,-35,6248,293109200,2115,293109240,2115,160,-60,-16,2,2560,-41,-69,2557
37104623,7428,508919986,54233743,1732,-6158,-36,6248,293109200,2115,293109250,2115,160,-59,16,77,2576,-9,5,2575
37114520,7428,508919994,54233700,1733,-6158,-36,6248,293109200,2115,293109260,2115,161,-59,34,12,2549,10,-60,2546
37123718,7428,508920001,54233654,1732,-6158,-37,6248,293109250,2115,293109270,2115,162,-58,93,85,2580,69,12,2580
37134092,7428,508920009,54233611,1733,-6158,-37,6248,293109250,2115,293109280,2115,163,-58,55,-10,2512,32,-82,2510
37143591,7428,508920017,54233567,1733,-6158,-37,6248,293109250,2115,293109290,2115,164,-57,5,102,2546,-19,28,2546
37153591,7428,508920025,54233524,1732,-6158,-37,6248,293109250,2115,293109300,2115,166,-56,-50,109,2484,-73,37,2484
37165004,7428,508920032,54233481,1733,-6157,-37,6248,293109250,2115,293109310,2115,167,-55,10,-51,2517,-12,-125,2512
37173760,7428,508920040,54233435,1734,-6157,-37,6248,293109300,2115,293109320,2115,168,-54,42,-27,2517,21,-102,2514
37183652,7428,508920048,54233392,1735,-6158,-37,6248,293109300,2115,293109330,2115,169,-53,73,47,2436,52,-25,2435
37193598,7428,508920056,54233349,1734,-6158,-36,6248,293109300,2115,293109340,2115,171,-52,54,168,2464,33,95,2467
37203597,7427,508920064,54233306,1735,-6158,-36,6248,293109300,2115,293109350,2115,172,-51,48,-37,2460,28,-111,2456
37214838,7427,508920071,54233262,1735,-6158,-35,6248,293109300,2115,293109360,2115,173,-50,-28,21,2423,-47,-53,2421
37223725,7427,508920079,54233216,1736,-6157,-35,6248,293109350,2115,293109370,2115,174,-49,-18,67,2442,-37,-8,2441
37233674,7427,508920087,54233173,1736,-6158,-34,6248,293109350,2115,293109380,2115,175,-48,36,57,2440,17,-18,2439
37243592,7427,508920095,54233130,1736,-6158,-33,6248,293109350,2115,293109390,2115,176,-47,61,66,2403,43,-8,2402
37253589,7427,508920103,54233087,1736,-6158,-33,6248,293109350,2115,293109400,2115,177,-46,66,66,2442,48,-9,2442
37263813,7427,508920110,54233044,1737,-6158,-32,6248,293109350,2115,293109410,2115,178,-46,65,10,2407,47,-65,2405
37273735,7427,508920118,54232998,1737,-6158,-32,6248,293109400,2115,293109420,2115,178,-46,1,88,2426,-17,12,2426
37283685,7427,508920126,54232954,1737,-6158,-31,6248,293109400,2115,293109430,2115,179,-45,-36,93,2401,-54,18,2400
37294031,7427,508920134,54232911,1737,-6158,-30,6248,293109400,2115,293109440,2115,179,-45,23,76,2444,5,-1,2444
37303568,7427,508920142,54232868,1737,-6158,-30,6248,293109400,2115,293109450,2115,179,-45,57,47,2455,39,-30,2454
37314020,7427,508920150,54232825,1737,-6159,-30,6248,293109400,2115,293109460,2115,179,-46,97,46,2488,79,-32,2487
37323710,7427,508920157,54232779,1737,-6159,-30,6248,293109450,2115,293109470,2115,179,-46,61,82,2436,43,5,2436
37333665,7427,508920165,54232736,1737,-6159,-29,6248,293109450,2115,293109480,2115,179,-47,15,121,2493,-4,43,2494
37343580,7427,508920173,54232692,1737,-6159,-29,6248,293109450,2115,293109490,2115,179,-48,-34,28,2486,-53,-50,2483
37353572,7427,508920181,54232649,1737,-6158,-29,6248,293109450,2115,293109500,2115,178,-49,-15,82,2504,-35,4,2503
37364133,7427,508920189,54232606,1737,-6158,-30,6248,293109450,2115,293109510,2115,177,-49,16,107,2521,-4,29,2521
37373859,7427,508920196,54232560,1736,-6159,-30,6248,293109500,2115,293109520,2115,176,-50,58,141,2529,37,63,2530
37383645,7427,508920204,54232517,1737,-6159,-30,6248,293109500,2115,293109530,2115,176,-51,78,63,2559,57,-16,2558
37393568,7427,508920212,54232473,1737,-6159,-31,6248,293109500,2115,293109540,2115,175,-52,28,14,2553,7,-64,2550
37403568,7427,508920220,54232430,1736,-6159,-31,6248,293109500,2115,293109550,2115,173,-53,-22,158,2536,-44,81,2538
37414837,7427,508920228,54232387,1736,-6159,-31,6248,293109500,2115,293109560,2115,172,-53,-42,59,2537,-64,-18,2536
37423719,7427,508920235,54232341,1736,-6158,-32,6248,293109550,2115,293109570,2115,171,-54,-6,122,2599,-29,43,2600
37433657,7427,508920243,54232298,1736,-6159,-33,6248,293109550,2115,293109580,2115,170,-55,56,86,2582,33,9,2582
37443560,7426,508920251,54232255,1736,-6159,-33,6248,293109550,2115,293109590,2115,169,-55,64,90,2596,41,13,2596
37453580,7426,508920259,54232211,1736,-6159,-34,6248,293109550,2115,293109600,2115,168,-56,45,113,2600,21,36,2601
37463840,7426,508920267,54232168,1736,-6159,-35,6248,293109550,2115,293109610,2115,167,-56,8,86,2575,-16,10,2574
37473717,7426,508920274,54232122,1736,-6159,-35,6248,293109600,2115,293109620,2115,166,-57,-38,26,2529,-62,-48,2526
37483629,7426,508920282,54232079,1735,-6158,-35,6248,293109600,2115,293109630,2115,165,-57,-10,109,2528,-34,36,2528
37493581,7426,508920290,54232036,1735,-6158,-35,6249,293109600,2115,293109640,2115,164,-58,11,127,2520,-13,54,2521
37503574,7426,508920298,54231993,1735,-6159,-36,6249,293109600,2115,293109650,2115,163,-58,65,131,2580,40,57,2581
37513908,7426,508920306,54231949,1735,-6159,-37,6249,293109600,2115,293109660,2115,162,-58,86,20,2617,62,-54,2616
37524138,7426,508920313,54231903,1735,-6159,-37,6249,293109650,2115,293109670,2115,162,-58,25,59,2583,1,-14,2582
37534035,7425,508920321,54231860,1735,-6159,-38,6249,293109650,2115,293109680,2115,161,-59,-20,103,2540,-45,31,2540
37543570,7425,508920329,54231817,1735,-6158,-38,6249,293109650,2115,293109690,2115,161,-59,-41,21,2528,-64,-51,2526
37553601,7425,508920337,54231774,1735,-6158,-38,6249,293109650,2115,293109700,2115,160,-58,13,61,2571,-12,-11,2570
37565012,7425,508920345,54231731,1735,-6158,-39,6249,293109650,2115,293109710,2115,159,-58,37,117,2583,12,44,2584
37573872,7425,508920352,54231685,1735,-6159,-39,6249,293109700,2115,293109720,2115,159,-58,79,66,2558,55,-5,2558
37583648,7425,508920360,54231641,1735,-6159,-40,6249,293109700,2115,293109730,2115,159,-58,38,54,2521,14,-16,2520
37593588,7425,508920368,54231598,1735,-6159,-40,6249,293109700,2115,293109740,2115,158,-58,20,50,2552,-4,-21,2550
37603571,7425,508920376,54231555,1736,-6158,-40,6249,293109700,2115,293109750,2115,158,-58,-29,10,2500,-52,-60,2497
37615824,7425,508920384,54231512,1735,-6158,-40,6249,293109700,2115,293109760,2115,158,-58,-2,106,2517,-26,36,2517
37623754,7425,508920391,54231466,1736,-6158,-40,6249,293109750,2115,293109770,2115,158,-58,28,28,2491,4,-41,2489
37633666,7425,508920399,54231423,1736,-6158,-40,6249,293109750,2115,293109780,2115,157,-57,61,73,2517,37,4,2517
37643585,7425,508920407,54231379,1736,-6158,-40,6249,293109750,2115,293109790,2115,157,-57,47,30,2447,24,-37,2445
37653925,7425,508920415,54231336,1736,-6159,-40,6249,293109750,2115,293109800,2115,156,-57,39,69,2538,15,-1,2537
37663836,7425,508920423,54231293,1736,-6158,-40,6249,293109750,2115,293109810,2115,156,-56,7,31,2516,-16,-38,2514
37673735,7425,508920430,54231247,1736,-6158,-40,6249,293109800,2115,293109820,2115,155,-56,-14,27,2536,-37,-42,2534
37683637,7425,508920438,54231204,1736,-6158,-40,6249,293109800,2115,293109830,2115,155,-56,11,109,2502,-12,40,2502
37693902,7425,508920446,54231161,1736,-6158,-41,6249,293109800,2115,293109840,2115,154,-55,26,59,2566,3,-11,2565
37703578,7425,508920454,54231117,1736,-6158,-40,6249,293109800,2115,293109850,2115,154,-55,67,75,2435,45,9,2435
37713825,7425,508920462,54231074,1736,-6158,-40,6249,293109800,2115,293109860,2115,153,-55,33,42,2486,11,-24,2485
37723758,7425,508920469,54231028,1736,-6158,-39,6249,293109850,2115,293109870,2115,153,-54,16,81,2403,-5,16,2402
37733681,7425,508920477,54230985,1736,-6158,-39,6249,293109850,2115,293109880,2115,153,-54,6,58,2445,-15,-8,2444
37743582,7425,508920485,54230942,1736,-6158,-38,6249,293109850,2115,293109890,2115,153,-54,-18,95,2400,-39,31,2399
37753637,7425,508920493,54230899,1736,-6158,-38,6249,293109850,2115,293109900,2115,152,-53,20,46,2436,-1,-19,2435
37763895,7425,508920501,54230855,1736,-6158,-38,6249,293109850,2115,293109910,2115,152,-53,61,59,2538,39,-8,2537
37774010,7425,508920508,54230809,1736,-6159,-38,6249,293109900,2115,293109920,2115,152,-52,82,116,2545,60,48,2546
37783638,7425,508920516,54230766,1736,-6159,-39,6249,293109900,2115,293109930,2115,152,-52,52,27,2533,31,-41,2531
37793571,7425,508920524,54230723,1736,-6158,-38,6249,293109900,2115,293109940,2115,152,-52,-44,49,2430,-64,-16,2429
37803598,7425,508920532,54230680,1736,-6158,-38,6249,293109900,2115,293109950,2115,152,-52,-35,75,2444,-55,9,2443
37815328,7425,508920540,54230637,1736,-6158,-37,6249,293109900,2115,293109960,2115,153,-51,15,87,2407,-5,22,2407
37823717,7424,508920547,54230591,1736,-6158,-36,6249,293109950,2115,293109970,2115,153,-51,57,52,2436,37,-13,2435
37833649,7424,508920555,54230548,1737,-6159,-36,6249,293109950,2115,293109980,2115,153,-51,118,-19,2405,98,-84,2403
37843582,7424,508920563,54230504,1737,-6159,-35,6249,293109950,2115,293109990,2115,154,-51,42,135,2455,21,68,2456
37854299,7424,508920571,54230461,1737,-6159,-35,6249,293109950,2115,293110000,2115,155,-52,29,59,2459,9,-8,2458
37865497,7424,508920579,54230418,1737,-6159,-35,6249,293109950,2115,293110010,2115,156,-52,-20,-13,2460,-40,-80,2457
37873725,7424,508920586,54230372,1737,-6159,-34,6249,293110000,2115,293110020,2115,157,-52,-17,77,2440,-37,10,2439
37883687,7424,508920594,54230329,1737,-6159,-34,6249,293110000,2115,293110030,2115,158,-53,37,38,2470,17,-31,2468
37893593,7424,508920602,54230285,1737,-6159,-34,6249,293110000,2115,293110040,2115,158,-53,29,62,2494,8,-7,2493
37903593,7424,508920610,54230242,1737,-6159,-34,6249,293110000,2115,293110050,2115,159,-53,78,33,2565,56,-38,2564
37913846,7424,508920618,54230199,1738,-6159,-34,6249,293110000,2115,293110060,2115,160,-54,66,56,2492,45,-13,2491
37923755,7424,508920625,54230153,1738,-6159,-34,6249,293110050,2115,293110070,2115,161,-54,4,18,2442,-17,-51,2440
37933904,7424,508920633,54230110,1738,-6158,-33,6249,293110050,2115,293110080,2115,163,-55,-55,64,2469,-77,-7,2467
37943579,7424,508920641,54230067,1738,-6158,-34,6249,293110050,2115,293110090,2115,165,-55,-18,42,2539,-41,-31,2537
37953599,7424,508920649,54230023,1738,-6158,-34,6249,293110050,2115,293110100,2115,165,-55,41,0,2569,18,-75,2566
37963834,7424,508920657,54229980,1739,-6159,-34,6249,293110050,2115,293110110,2115,166,-56,108,24,2527,85,-49,2526
37973734,7424,508920665,54229934,1739,-6159,-34,6249,293110100,2115,293110120,2115,166,-57,96,133,2471,73,61,2473
37983654,7424,508920672,54229891,1739,-6159,-34,6249,293110100,2115,293110130,2115,167,-58,-6,51,2465,-29,-21,2463
37993579,7424,508920680,54229848,1739,-6158,-34,6249,293110100,2115,293110140,2115,167,-58,-71,22,2541,-95,-52,2537
38003612,7424,508920688,54229805,1740,-6158,-34,6249,293110100,2115,293110150,2115,167,-58,-13,18,2489,-37,-55,2486
38014052,7424,508920696,54229761,1740,-6158,-34,6249,293110100,2115,293110160,2115,167,-59,51,99,2518,26,25,2518
38023742,7424,508920704,54229716,1739,-6158,-33,6249,293110150,2115,293110170,2115,167,-59,49,139,2405,25,69,2406
38033653,7424,508920711,54229672,1739,-6159,-34,6249,293110150,2115,293110180,2115,167,-59,77,100,2586,52,24,2586
38043584,7424,508920719,54229629,1741,-6158,-34,6249,293110150,2115,293110190,2115,167,-59,42,-142,2560,18,-217,2553
38053588,7425,508920727,54229586,1740,-6158,-35,6249,293110150,2115,293110200,2115,167,-59,6,122,2616,-20,45,2616
38063876,7425,508920735,54229543,1739,-6158,-35,6249,293110150,2115,293110210,2115,166,-59,-45,246,2428,-69,175,2432
38073735,7425,508920743,54229497,1738,-6158,-35,6249,293110200,2115,293110220,2115,165,-59,-43,48,2500,-67,-25,2497
38083675,7425,508920750,54229454,1739,-6157,-34,6249,293110200,2115,293110230,2115,164,-58,-6,-13,2486,-29,-85,2482
38093613,7425,508920758,54229410,1738,-6158,-35,6249,293110200,2115,293110240,2115,163,-57,82,190,2556,57,117,2559
38104069,7425,508920766,54229367,1738,-6159,-34,6249,293110200,2115,293110250,2115,163,-56,107,130,2438,85,61,2440
38114989,7425,508920774,54229324,1738,-6159,-34,6249,293110200,2115,293110260,2115,162,-56,28,75,2467,5,4,2466
38123729,7425,508920782,54229278,1738,-6158,-34,6249,293110250,2115,293110270,2115,162,-55,-46,77,2444,-68,7,2443
38134135,7425,508920790,54229235,1738,-6158,-34,6249,293110250,2115,293110280,2115,162,-54,-28,102,2499,-50,31,2498
38143588,7425,508920797,54229192,1738,-6158,-34,6249,293110250,2115,293110290,2115,161,-53,6,81,2485,-15,11,2484
38153588,7425,508920805,54229148,1737,-6159,-33,6249,293110250,2115,293110300,2115,160,-52,93,134,2430,72,66,2431
38164422,7425,508920813,54229105,1737,-6159,-32,6249,293110250,2115,293110310,2115,159,-52,74,65,2428,54,-2,2428
38174018,7425,508920821,54229059,1737,-6159,-31,6249,293110300,2115,293110320,2115,158,-51,52,68,2345,32,3,2344
38183656,7425,508920829,54229016,1736,-6159,-30,6249,293110300,2115,293110330,2115,158,-51,-38,186,2403,-58,119,2405
38193605,7425,508920836,54228973,1736,-6159,-30,6249,293110300,2115,293110340,2115,158,-51,14,60,2428,-6,-8,2427
38203589,7425,508920844,54228930,1736,-6159,-30,6249,293110300,2115,293110350,2115,159,-50,20,63,2491,0,-7,2490
38214824,7425,508920852,54228886,1736,-6159,-30,6249,293110300,2115,293110360,2115,159,-50,49,83,2480,29,14,2480
38223792,7425,508920860,54228840,1736,-6160,-30,6249,293110350,2115,293110370,2115,159,-50,89,124,2546,67,54,2548
38233674,7425,508920868,54228797,1737,-6160,-30,6249,293110350,2115,293110380,2115,159,-51,59,4,2536,38,-67,2534
38243617,7425,508920875,54228754,1736,-6160,-31,6249,293110350,2115,293110390,2115,159,-51,28,109,2552,7,38,2552
38254018,7425,508920883,54228711,1737,-6160,-30,6249,293110350,2115,293110400,2115,160,-51,-57,6,2472,-77,-64,2469
38263834,7425,508920891,54228667,1736,-6159,-30,6249,293110350,2115,293110410,2115,160,-51,-24,89,2412,-44,21,2412
38273738,7425,508920899,54228621,1736,-6159,-29,6249,293110400,2115,293110420,2115,160,-52,1,123,2400,-19,55,2400
38283903,7426,508920907,54228578,1737,-6160,-29,6249,293110400,2115,293110430,2115,160,-52,78,-20,2553,57,-91,2550
38293621,7426,508920914,54228535,1737,-6160,-30,6249,293110400,2115,293110440,2115,160,-52,90,75,2599,68,3,2599
38303581,7426,508920922,54228492,1737,-6160,-31,6249,293110400,2115,293110450,2115,160,-53,75,22,2589,53,-51,2588
38314150,7426,508920930,54228449,1737,-6160,-31,6249,293110400,2115,293110460,2115,160,-53,-22,132,2524,-44,61,2525
38323731,7426,508920938,54228403,1737,-6159,-31,6249,293110450,2115,293110470,2115,159,-53,-52,48,2478,-74,-22,2476
38334301,7426,508920946,54228359,1736,-6159,-31,6249,293110450,2115,293110480,2115,159,-53,-25,63,2465,-46,-6,2464
38344464,7427,508920953,54228316,1736,-6159,-30,6249,293110450,2115,293110490,2115,158,-53,16,72,2457,-5,4,2456
38353575,7427,508920961,54228273,1736,-6159,-30,6249,293110450,2115,293110500,2115,157,-52,53,111,2469,32,43,2470
38363887,7427,508920969,54228230,1736,-6160,-30,6249,293110450,2115,293110510,2115,156,-52,68,93,2493,47,25,2493
38373741,7427,508920977,54228184,1736,-6160,-31,6249,293110500,2115,293110520,2115,155,-51,48,73,2585,26,3,2585
38383652,7428,508920985,54228141,1736,-6160,-31,6249,293110500,2115,293110530,2115,153,-50,4,102,2498,-17,35,2498
38393633,7428,508920992,54228097,1735,-6160,-31,6249,293110500,2115,293110540,2115,152,-50,-26,153,2562,-47,85,2563
38403576,7428,508921000,54228054,1735,-6160,-31,6249,293110500,2115,293110550,2115,151,-49,3,78,2470,-17,12,2469
38415253,7428,508921008,54228011,1735,-6160,-30,6249,293110500,2115,293110560,2115,150,-48,23,89,2447,4,25,2446
38424928,7428,508921016,54227965,1735,-6160,-30,6249,293110550,2115,293110570,2115,148,-47,50,117,2390,32,55,2391
38433653,7428,508921024,54227922,1734,-6160,-29,6249,293110550,2115,293110580,2115,147,-46,58,130,2415,40,67,2416
38443611,7429,508921031,54227878,1734,-6161,-27,6249,293110550,2115,293110590,2115,146,-46,24,117,2307,7,58,2307
38453582,7429,508921039,54227835,1734,-6161,-27,6249,293110550,2115,293110600,2115,145,-45,25,74,2456,7,11,2456
38463901,7429,508921047,54227792,1734,-6161,-27,6249,293110550,2115,293110610,2115,144,-45,29,39,2451,11,-23,2450
38473736,7429,508921055,54227746,1733,-6161,-26,6249,293110600,2115,293110620,2115,144,-45,66,196,2460,47,134,2463
38483641,7429,508921063,54227703,1733,-6162,-26,6249,293110600,2115,293110630,2115,144,-45,48,120,2473,31,58,2473
38493681,7429,508921070,54227660,1733,-6162,-26,6249,293110600,2115,293110640,2115,144,-45,29,21,2473,11,-42,2471
38503566,7429,508921078,54227616,1733,-6162,-25,6249,293110600,2115,293110650,2115,144,-45,-11,86,2433,-29,24,2432
38515034,7429,508921086,54227573,1733,-6162,-25,6250,293110600,2115,293110660,2115,144,-45,2,54,2468,-16,-9,2466
38523899,7429,508921094,54227527,1732,-6162,-25,6250,293110650,2115,293110670,2115,145,-45,8,149,2524,-11,84,2525
38534101,7429,508921101,54227484,1732,-6162,-25,6250,293110650,2115,293110680,2115,146,-45,48,7,2499,30,-56,2496
38543587,7429,508921109,54227441,1733,-6162,-25,6250,293110650,2115,293110690,2115,147,-46,58,66,2520,39,1,2520
38554111,7429,508921117,54227397,1733,-6162,-26,6250,293110650,2115,293110700,2115,148,-47,67,16,2527,48,-49,2525
38563835,7429,508921125,54227354,1732,-6162,-26,6250,293110650,2115,293110710,2115,149,-47,7,152,2548,-13,85,2550
38574540,7429,508921133,54227308,1732,-6162,-26,6250,293110700,2115,293110720,2115,150,-48,10,69,2476,-9,4,2475
38583719,7429,508921140,54227265,1733,-6162,-26,6250,293110700,2115,293110730,2115,151,-49,-15,-31,2532,-34,-99,2529
38593641,7430,508921148,54227222,1733,-6162,-26,6250,293110700,2115,293110740,2115,153,-50,5,12,2496,-15,-55,2494
38603579,7430,508921156,54227178,1732,-6162,-26,6250,293110700,2115,293110750,2115,154,-51,52,159,2562,31,89,2564
38613843,7430,508921164,54227135,1733,-6163,-27,6250,293110700,2115,293110760,2115,156,-52,77,43,2536,56,-26,2535
38623736,7430,508921171,54227089,1733,-6163,-28,6250,293110750,2115,293110770,2115,157,-53,58,17,2627,35,-55,2625
38633663,7430,508921179,54227046,1733,-6163,-28,6250,293110750,2115,293110780,2115,159,-54,2,110,2534,-20,39,2534
38643987,7431,508921187,54227003,1733,-6162,-29,6250,293110750,2115,293110790,2115,160,-54,-31,22,2605,-54,-51,2602
38654180,7431,508921195,54226960,1733,-6162,-30,6250,293110750,2115,293110800,2115,162,-55,-39,96,2608,-62,22,2607
38663842,7431,508921203,54226916,1733,-6162,-31,6250,293110750,2115,293110810,2115,163,-56,46,49,2641,22,-27,2640
38674311,7431,508921210,54226870,1734,-6162,-32,6250,293110800,2115,293110820,2115,165,-56,72,77,2627,48,2,2627
38683655,7431,508921218,54226827,1734,-6162,-32,6250,293110800,2115,293110830,2115,166,-57,72,94,2586,48,19,2587
38693573,7432,508921226,54226784,1733,-6162,-33,6250,293110800,2115,293110840,2115,167,-58,9,103,2584,-16,27,2584
38704567,7432,508921234,54226741,1733,-6162,-33,6250,293110800,2115,293110850,2115,168,-58,-7,43,2511,-31,-31,2509
38713860,7432,508921242,54226697,1734,-6162,-33,6250,293110800,2115,293110860,2115,169,-58,-26,46,2525,-50,-29,2523
38723739,7432,508921249,54226651,1733,-6162,-33,6250,293110850,2115,293110870,2115,169,-58,28,71,2499,4,-3,2498
38736039,7433,508921257,54226608,1733,-6162,-33,6250,293110850,2115,293110880,2115,169,-58,13,134,2539,-12,59,2540
38743588,7433,508921265,54226565,1733,-6162,-35,6250,293110850,2115,293110890,2115,170,-58,55,81,2642,30,2,2642
38753605,7433,508921273,54226522,1733,-6162,-36,6250,293110850,2115,293110900,2115,170,-58,52,69,2696,26,-12,2696
38763838,7433,508921280,54226478,1733,-6162,-37,6250,293110850,2115,293110910,2115,171,-58,48,55,2632,23,-23,2631
38773738,7434,508921288,54226432,1733,-6162,-38,6250,293110900,2115,293110920,2115,171,-58,-7,113,2578,-31,35,2579
38783658,7434,508921296,54226389,1733,-6162,-37,6250,293110900,2115,293110930,2115,171,-57,-39,132,2438,-62,59,2439
38793621,7434,508921304,54226346,1733,-6162,-37,6250,293110900,2115,293110940,2115,170,-56,-6,63,2429,-28,-10,2427
38805399,7434,508921312,54226303,1732,-6162,-36,6250,293110900,2115,293110950,2115,170,-55,0,114,2403,-22,43,2403
38814743,7435,508921319,54226259,1732,-6162,-36,6250,293110900,2115,293110960,2115,170,-55,98,159,2478,76,86,2481
38823736,7435,508921327,54226213,1732,-6163,-36,6250,293110950,2115,293110970,2115,170,-54,108,122,2501,85,48,2502
38833645,7435,508921335,54226170,1732,-6163,-37,6250,293110950,2115,293110980,2115,170,-54,47,71,2613,24,-6,2613
38843587,7435,508921343,54226127,1731,-6163,-37,6250,293110950,2115,293110990,2115,169,-54,-31,103,2531,-53,27,2530
38853602,7435,508921351,54226084,1730,-6163,-37,6250,293110950,2115,293111000,2115,169,-53,-33,195,2509,-55,120,2511
38863852,7435,508921358,54226040,1730,-6163,-36,6250,293110950,2115,293111010,2115,169,-52,0,88,2431,-21,15,2431
38873724,7435,508921366,54225994,1730,-6163,-36,6250,293111000,2115,293111020,2115,169,-52,43,112,2417,23,40,2417
38884115,7435,508921374,54225951,1729,-6163,-35,6250,293111000,2115,293111030,2115,169,-51,54,125,2416,34,54,2417
38894514,7435,508921382,54225908,1729,-6164,-35,6250,293111000,2115,293111040,2115,169,-50,56,131,2429,36,59,2431
38903579,7435,508921389,54225865,1729,-6164,-35,6250,293111000,2115,293111050,2115,169,-50,31,50,2515,10,-25,2514
38914108,7436,508921397,54225821,1729,-6164,-34,6250,293111000,2115,293111060,2115,169,-49,10,108,2463,-10,35,2463
38923733,7436,508921405,54225775,1728,-6164,-34,6250,293111050,2115,293111070,2115,169,-49,7,106,2500,-13,32,2500
38933669,7436,508921413,54225732,1728,-6164,-34,6250,293111050,2115,293111080,2115,169,-48,11,100,2443,-8,27,2443
38943778,7436,508921420,54225689,1728,-6164,-34,6250,293111050,2115,293111090,2115,169,-48,42,107,2464,23,34,2464
38953596,7436,508921428,54225646,1728,-6164,-33,6250,293111050,2115,293111100,2115,169,-48,44,73,2394,26,2,2394
38964191,7436,508921436,54225602,1728,-6164,-33,6250,293111050,2115,293111110,2115,169,-47,33,79,2491,14,5,2491
38973741,7437,508921444,54225556,1728,-6164,-32,6250,293111100,2115,293111120,2115,169,-47,-5,119,2425,-24,47,2426
38983647,7437,508921451,54225513,1727,-6164,-32,6250,293111100,2115,293111130,2115,169,-47,9,171,2431,-10,99,2433
38993602,7437,508921459,54225470,1727,-6164,-31,6250,293111100,2115,293111140,2115,169,-47,38,60,2437,20,-12,2436
39003599,7437,508921467,54225427,1727,-6165,-31,6250,293111100,2115,293111150,2115,169,-48,63,56,2482,44,-18,2481
39013869,7437,508921475,54225383,1727,-6165,-30,6250,293111100,2115,293111160,2115,169,-48,51,114,2442,32,42,2443
39025160,7438,508921483,54225337,1727,-6165,-30,6250,293111150,2115,293111170,2115,169,-48,37,154,2471,18,81,2472
39033667,7438,508921490,54225294,1727,-6165,-30,6250,293111150,2115,293111180,2115,170,-49,0,68,2476,-19,-6,2475
39043576,7438,508921498,54225251,1727,-6165,-30,6250,293111150,2115,293111190,2115,169,-49,-9,76,2490,-28,2,2489
39053579,7438,508921506,54225208,1726,-6165,-30,6250,293111150,2115,293111200,2115,169,-49,-26,129,2475,-46,55,2475
39063839,7438,508921514,54225164,1726,-6165,-30,6250,293111150,2115,293111210,2115,169,-49,44,120,2498,24,46,2499
39073745,7439,508921521,54225118,1726,-6165,-30,6250,293111200,2115,293111220,2115,169,-50,71,65,2498,51,-8,2497
39083656,7439,508921529,54225075,1726,-6166,-30,6250,293111200,2115,293111230,2115,169,-50,81,110,2517,61,36,2518
39093589,7439,508921537,54225032,1726,-6166,-30,6250,293111200,2115,293111240,2115,169,-51,-10,67,2525,-31,-8,2524
39103580,7439,508921545,54224988,1725,-6165,-30,6250,293111200,2115,293111250,2115,169,-51,-40,118,2509,-61,43,2509
39114135,7440,508921552,54224945,1725,-6165,-30,6250,293111200,2115,293111260,2115,169,-51,-25,98,2468,-46,24,2468
39123753,7440,508921560,54224899,1724,-6165,-29,6250,293111250,2115,293111270,2115,169,-52,29,128,2459,8,55,2460
39133909,7440,508921568,54224856,1724,-6165,-29,6250,293111250,2115,293111280,2115,169,-52,64,87,2508,43,13,2509
39143574,7440,508921576,54224813,1725,-6166,-29,6250,293111250,2115,293111290,2115,169,-52,56,40,2466,35,-33,2464
39153599,7440,508921583,54224769,1724,-6166,-29,6250,293111250,2115,293111300,2115,169,-52,49,143,2510,27,68,2511
39163861,7441,508921591,54224726,1724,-6166,-29,6250,293111250,2115,293111310,2115,169,-52,-19,63,2528,-40,-12,2527
39173759,7441,508921599,54224680,1724,-6166,-30,6250,293111300,2115,293111320,2115,169,-52,-7,159,2495,-29,85,2496
39183650,7441,508921607,54224637,1723,-6165,-29,6250,293111300,2115,293111330,2115,169,-52,-8,88,2465,-28,15,2465
39193574,7441,508921614,54224594,1724,-6165,-29,6250,293111300,2115,293111340,2115,169,-51,19,47,2470,-2,-26,2469
39203585,7441,508921622,54224550,1723,-6166,-29,6250,293111300,2115,293111350,2115,169,-51,61,107,2454,40,34,2454
39214723,7441,508921630,54224507,1723,-6166,-29,6250,293111300,2115,293111360,2115,169,-50,46,172,2484,25,98,2487
39223733,7442,508921637,54224461,1723,-6166,-29,6250,293111350,2115,293111370,2115,169,-50,19,60,2520,-1,-15,2519
39233674,7442,508921645,54224418,1722,-6166,-28,6250,293111350,2115,293111380,2115,169,-50,-15,76,2456,-34,3,2455
39243588,7442,508921653,54224375,1722,-6166,-28,6250,293111350,2115,293111390,2115,169,-50,2,136,2463,-18,62,2464
39253609,7442,508921661,54224331,1722,-6166,-28,6250,293111350,2115,293111400,2115,169,-49,37,63,2439,18,-10,2438
39264626,7442,508921668,54224288,1722,-6166,-27,6250,293111350,2115,293111410,2115,169,-49,32,116,2457,12,43,2458
39273738,7442,508921676,54224242,1722,-6167,-27,6250,293111400,2115,293111420,2115,169,-49,66,103,2475,46,29,2475
39283674,7442,508921684,54224199,1722,-6167,-27,6250,293111400,2115,293111430,2115,170,-49,30,97,2508,10,22,2508
39293985,7442,508921692,54224155,1722,-6167,-26,6250,293111400,2115,293111440,2115,170,-49,11,84,2445,-9,11,2444
39303921,7442,508921699,54224112,1721,-6167,-26,6250,293111400,2115,293111450,2115,171,-49,-18,128,2514,-38,53,2514
39315003,7442,508921707,54224069,1721,-6167,-26,6250,293111400,2115,293111460,2115,171,-49,29,68,2493,9,-7,2492
39323741,7442,508921715,54224023,1721,-6167,-27,6250,293111450,2115,293111470,2115,171,-50,66,61,2560,46,-16,2560
39333705,7442,508921723,54223980,1721,-6167,-26,6250,293111450,2115,293111480,2115,171,-50,21,86,2448,1,13,2448
39343611,7443,508921730,54223936,1721,-6167,-27,6250,293111450,2115,293111490,2115,172,-50,28,148,2511,7,72,2513
39353602,7443,508921738,54223893,1721,-6167,-27,6250,293111450,2115,293111500,2115,173,-50,-27,60,2504,-47,-16,2502
39363823,7443,508921746,54223850,1721,-6167,-27,6250,293111450,2115,293111510,2115,173,-50,25,80,2565,4,2,2564
39373727,7443,508921753,54223804,1721,-6166,-27,6250,293111500,2115,293111520,2115,174,-51,20,11,2553,-1,-66,2550
39383654,7443,508921761,54223761,1720,-6167,-28,6250,293111500,2115,293111530,2115,174,-51,30,154,2558,9,76,2560
39393630,7443,508921769,54223717,1720,-6167,-28,6250,293111500,2115,293111540,2115,174,-51,30,90,2567,9,11,2567
39403624,7443,508921777,54223674,1720,-6167,-29,6250,293111500,2115,293111550,2115,174,-51,29,78,2547,8,0,2546
39413870,7443,508921784,54223631,1720,-6167,-29,6250,293111500,2115,293111560,2115,174,-52,13,123,2577,-9,44,2578
39423760,7443,508921792,54223585,1720,-6167,-30,6250,293111550,2115,293111570,2115,175,-52,14,44,2574,-8,-34,2572
39433689,7443,508921800,54223541,1720,-6167,-31,6250,293111550,2115,293111580,2115,175,-53,9,82,2576,-13,3,2576
39443580,7443,508921808,54223498,1720,-6167,-31,6250,293111550,2115,293111590,2115,176,-53,29,98,2574,6,19,2574
39454035,7443,508921815,54223455,1720,-6167,-32,6250,293111550,2115,293111600,2115,176,-54,45,129,2546,23,50,2547
39463871,7443,508921823,54223412,1720,-6167,-32,6250,293111550,2115,293111610,2115,176,-55,47,13,2555,25,-66,2552
39473728,7443,508921831,54223366,1720,-6167,-33,6250,293111600,2115,293111620,2115,176,-56,44,102,2604,20,22,2605
39483647,7443,508921838,54223322,1720,-6167,-33,6250,293111600,2115,293111630,2115,177,-57,21,37,2574,-2,-43,2572
39493589,7443,508921846,54223279,1720,-6167,-35,6250,293111600,2115,293111640,2115,177,-58,-9,168,2664,-35,85,2666
39503594,7443,508921854,54223236,1720,-6167,-35,6250,293111600,2115,293111650,2115,177,-59,7,51,2611,-18,-30,2609
39513835,7443,508921862,54223193,1720,-6167,-37,6250,293111600,2115,293111660,2115,177,-60,23,3,2662,-3,-79,2659
39523766,7443,508921869,54223147,1720,-6167,-38,6250,293111650,2115,293111670,2115,178,-61,30,109,2620,4,28,2620
39533906,7443,508921877,54223103,1720,-6167,-39,6251,293111650,2115,293111680,2115,178,-62,42,107,2708,14,22,2708
39543589,7443,508921885,54223060,1721,-6166,-41,6251,293111650,2115,293111690,2115,178,-63,3,25,2667,-25,-58,2665
39553581,7442,508921893,54223017,1721,-6166,-42,6251,293111650,2115,293111700,2115,178,-63,-9,67,2650,-37,-16,2649
39563861,7442,508921900,54222974,1721,-6166,-42,6251,293111650,2115,293111710,2115,179,-64,-5,75,2576,-32,-6,2575
39573754,7442,508921908,54222928,1721,-6166,-43,6251,293111700,2115,293111720,2115,179,-64,11,76,2615,-16,-6,2614
39583666,7442,508921916,54222884,1721,-6166,-44,6251,293111700,2115,293111730,2115,179,-65,10,66,2629,-18,-16,2628
39593622,7442,508921923,54222841,1721,-6166,-45,6251,293111700,2115,293111740,2115,180,-65,61,108,2644,33,25,2644
39603580,7442,508921931,54222798,1721,-6166,-46,6251,293111700,2115,293111750,2115,180,-64,36,47,2600,8,-35,2598
39614908,7442,508921939,54222754,1721,-6166,-47,6251,293111700,2115,293111760,2115,181,-64,-11,39,2585,-38,-43,2583
39623742,7442,508921947,54222708,1721,-6165,-47,6251,293111750,2115,293111770,2115,181,-64,-34,108,2573,-61,26,2573
39633675,7442,508921954,54222665,1721,-6165,-48,6251,293111750,2115,293111780,2115,182,-63,-9,64,2545,-35,-17,2543
39644138,7441,508921962,54222622,1721,-6165,-47,6251,293111750,2115,293111790,2115,182,-61,25,93,2478,0,13,2478
39653630,7441,508921970,54222579,1721,-6165,-47,6251,293111750,2115,293111800,2115,183,-60,56,56,2482,32,-24,2481
39664109,7441,508921978,54222535,1721,-6165,-47,6251,293111750,2115,293111810,2115,183,-58,45,31,2448,21,-47,2446
39673738,7441,508921985,54222489,1721,-6165,-46,6251,293111800,2115,293111820,2115,183,-57,-10,57,2405,-32,-21,2404
39683654,7441,508921993,54222446,1721,-6165,-45,6251,293111800,2115,293111830,2115,183,-55,-6,97,2348,-27,21,2348
39693938,7441,508922001,54222403,1721,-6164,-44,6251,293111800,2115,293111840,2115,183,-52,8,58,2347,-12,-17,2346
39703580,7441,508922009,54222360,1721,-6165,-43,6251,293111800,2115,293111850,2115,183,-49,43,54,2356,25,-21,2355
39715034,7442,508922016,54222316,1722,-6164,-40,6251,293111800,2115,293111860,2115,182,-46,-3,38,2186,-19,-32,2185
39723728,7442,508922024,54222270,1722,-6164,-38,6251,293111850,2115,293111870,2115,181,-43,-9,72,2278,-24,0,2277
39733683,7442,508922032,54222227,1722,-6164,-38,6251,293111850,2115,293111880,2115,180,-40,11,42,2441,-4,-35,2439
39743584,7442,508922039,54222184,1722,-6165,-36,6251,293111850,2115,293111890,2115,178,-38,103,89,2302,89,18,2303
39753578,7442,508922047,54222141,1722,-6165,-34,6251,293111850,2115,293111900,2115,176,-35,75,101,2244,63,32,2245
39764969,7442,508922055,54222097,1722,-6165,-31,6251,293111850,2115,293111910,2115,174,-33,-10,18,2112,-21,-47,2110
39773779,7442,508922063,54222051,1721,-6165,-28,6251,293111900,2115,293111920,2115,172,-31,-52,123,2055,-62,60,2056
39783662,7442,508922070,54222008,1720,-6165,-24,6251,293111900,2115,293111930,2115,170,-28,-34,176,2062,-44,114,2064
39793579,7442,508922078,54221965,1721,-6165,-22,6251,293111900,2115,293111940,2115,168,-27,74,46,2167,65,-18,2166
39803605,7442,508922086,54221922,1721,-6166,-19,6251,293111900,2115,293111950,2115,166,-25,167,62,2191,159,-1,2191
39814500,7442,508922094,54221878,1720,-6168,-17,6251,293111900,2115,293111960,2115,163,-25,124,214,2247,115,150,2251
39823737,7442,508922101,54221832,1720,-6168,-16,6251,293111950,2115,293111970,2115,161,-25,46,38,2322,38,-27,2321
39833655,7442,508922109,54221789,1720,-6168,-15,6251,293111950,2115,293111980,2115,158,-25,-8,121,2333,-17,56,2333
39843569,7442,508922117,54221746,1719,-6168,-13,6251,293111950,2115,293111990,2115,155,-25,-60,124,2215,-68,63,2216
39854292,7442,508922124,54221703,1718,-6168,-11,6251,293111950,2115,293112000,2115,153,-25,12,121,2255,3,60,2255
39863839,7442,508922132,54221659,1718,-6168,-9,6251,293111950,2115,293112010,2115,150,-26,18,64,2303,9,3,2302
39873740,7442,508922140,54221613,1719,-6169,-8,6251,293112000,2115,293112020,2115,149,-28,92,87,2390,82,25,2390
39883668,7441,508922148,54221570,1719,-6169,-8,6251,293112000,2115,293112030,2115,147,-29,105,113,2447,94,51,2447
39894274,7441,508922155,54221527,1719,-6170,-8,6251,293112000,2115,293112040,2115,145,-31,46,87,2495,34,23,2495
39903599,7441,508922163,54221483,1718,-6170,-7,6251,293112000,2115,293112050,2115,144,-33,-7,84,2462,-20,22,2461
39914975,7441,508922171,54221440,1718,-6169,-7,6251,293112000,2115,293112060,2115,143,-36,-75,100,2526,-89,36,2525
39923741,7441,508922178,54221394,1718,-6169,-8,6251,293112050,2115,293112070,2115,142,-38,1,61,2541,-14,-3,2539
39933697,7440,508922186,54221351,1718,-6169,-9,6251,293112050,2115,293112080,2115,142,-40,61,-1,2627,44,-66,2625
39943592,7440,508922194,54221307,1718,-6170,-9,6251,293112050,2115,293112090,2115,142,-43,73,114,2583,55,50,2584
39953619,7440,508922202,54221264,1718,-6170,-10,6251,293112050,2115,293112100,2115,143,-46,11,53,2591,-8,-12,2590
39963857,7440,508922209,54221221,1718,-6169,-10,6251,293112050,2115,293112110,2115,143,-48,-46,31,2565,-66,-34,2563
39974325,7439,508922217,54221175,1718,-6168,-11,6251,293112100,2115,293112120,2115,143,-50,-47,38,2616,-68,-28,2614
39983663,7439,508922225,54221131,1719,-6168,-13,6251,293112100,2115,293112130,2115,144,-52,1,-26,2705,-21,-94,2702
39993606,7439,508922232,54221088,1719,-6168,-15,6251,293112100,2115,293112140,2115,145,-54,97,61,2725,73,-8,2725
40003610,7439,508922240,54221045,1720,-6169,-16,6251,293112100,2115,293112150,2115,146,-56,57,9,2746,32,-61,2744
40014390,7439,508922248,54221002,1719,-6168,-19,6251,293112100,2115,293112160,2115,147,-58,2,105,2768,-24,33,2768
40023733,7439,508922256,54220956,1720,-6168,-21,6251,293112150,2115,293112170,2115,149,-60,-10,-14,2765,-37,-86,2761
40033646,7439,508922263,54220912,1721,-6167,-22,6251,293112150,2115,293112180,2115,151,-61,-28,-75,2688,-55,-146,2683
40043587,7439,508922271,54220869,1721,-6167,-23,6251,293112150,2115,293112190,2115,152,-63,-38,82,2564,-64,13,2563
40053601,7439,508922279,54220826,1721,-6167,-23,6251,293112150,2115,293112200,2115,153,-63,39,11,2602,12,-59,2600
40064885,7439,508922286,54220783,1721,-6167,-25,6251,293112150,2115,293112210,2115,155,-64,67,57,2696,38,-15,2696
40073774,7439,508922294,54220736,1722,-6167,-27,6251,293112200,2115,293112220,2115,156,-65,37,-13,2766,8,-89,2763
40083677,7439,508922302,54220693,1722,-6167,-30,6251,293112200,2115,293112230,2115,157,-65,32,110,2819,2,32,2819
40094046,7440,508922310,54220650,1722,-6166,-32,6251,293112200,2115,293112240,2115,159,-66,-7,-17,2768,-37,-94,2765
40103595,7440,508922317,54220607,1722,-6166,-34,6251,293112200,2115,293112250,2115,160,-66,-10,51,2746,-40,-26,2744
40114419,7440,508922325,54220563,1723,-6166,-35,6251,293112200,2115,293112260,2115,161,-66,-28,13,2631,-56,-62,2628
40124303,7440,508922333,54220517,1722,-6166,-35,6251,293112250,2115,293112270,2115,162,-65,28,143,2628,-1,69,2629
40133664,7440,508922341,54220474,1723,-6165,-36,6251,293112250,2115,293112280,2115,163,-65,17,34,2591,-11,-40,2589
40143664,7441,508922348,54220431,1723,-6165,-37,6251,293112250,2115,293112290,2115,164,-64,31,-11,2598,4,-86,2595
40153630,7441,508922356,54220388,1723,-6165,-38,6251,293112250,2115,293112300,2115,164,-63,5,111,2629,-23,35,2630
40165015,7441,508922364,54220344,1723,-6165,-39,6251,293112250,2115,293112310,2115,165,-63,50,95,2660,22,19,2660
40174629,7441,508922372,54220298,1723,-6166,-40,6251,293112300,2115,293112320,2115,165,-62,35,93,2635,8,16,2635
40183807,7442,508922379,54220255,1723,-6166,-41,6251,293112300,2115,293112330,2115,166,-61,26,58,2642,0,-18,2641
40193597,7442,508922387,54220212,1723,-6165,-43,6251,293112300,2115,293112340,2115,166,-61,27,53,2660,1,-25,2659
40203639,7442,508922395,54220169,1722,-6165,-43,6251,293112300,2115,293112350,2115,166,-60,6,129,2620,-20,52,2621
40213857,7442,508922403,54220125,1722,-6165,-44,6251,293112300,2115,293112360,2115,167,-59,-3,127,2570,-28,52,2571
40223761,7442,508922410,54220079,1722,-6165,-44,6251,293112350,2115,293112370,2115,167,-59,9,72,2476,-15,-1,2476
40233669,7443,508922418,54220036,1722,-6165,-44,6251,293112350,2115,293112380,2115,167,-58,38,91,2524,14,17,2524
40243601,7443,508922426,54219993,1722,-6166,-44,6251,293112350,2115,293112390,2115,167,-57,60,84,2500,37,11,2500
40253962,7443,508922433,54219950,1721,-6166,-45,6251,293112350,2115,293112400,2115,168,-57,66,181,2557,41,106,2560
40263881,7443,508922441,54219906,1722,-6166,-45,6251,293112350,2115,293112410,2115,168,-57,37,-5,2595,13,-82,2592
40273828,7443,508922449,54219860,1721,-6166,-46,6251,293112400,2115,293112420,2115,168,-57,4,178,2591,-20,102,2593
40283689,7443,508922457,54219817,1721,-6166,-46,6251,293112400,2115,293112430,2115,168,-56,-20,104,2533,-44,29,2533
40293607,7444,508922464,54219774,1721,-6166,-47,6251,293112400,2115,293112440,2115,168,-56,10,87,2581,-14,10,2580
40303759,7444,508922472,54219730,1721,-6166,-47,6251,293112400,2115,293112450,2115,168,-56,13,58,2508,-10,-16,2507
40314955,7444,508922480,54219687,1720,-6166,-47,6251,293112400,2115,293112460,2115,168,-55,27,187,2512,3,112,2515
40323767,7444,508922488,54219641,1720,-6166,-47,6251,293112450,2115,293112470,2115,168,-55,39,71,2535,16,-4,2534
40334015,7444,508922495,54219598,1720,-6166,-48,6251,293112450,2115,293112480,2115,168,-54,28,47,2571,5,-29,2570
40343591,7445,508922503,54219555,1719,-6166,-47,6251,293112450,2115,293112490,2115,169,-54,-5,150,2451,-27,77,2452
40353643,7445,508922511,54219511,1719,-6166,-47,6251,293112450,2115,293112500,2115,169,-53,22,109,2479,0,36,2480
40364562,7445,508922518,54219468,1719,-6166,-47,6251,293112450,2115,293112510,2115,169,-53,7,51,2458,-14,-22,2456
40373738,7445,508922526,54219422,1719,-6167,-47,6251,293112500,2115,293112520,2115,169,-53,44,125,2511,22,51,2512
40384039,7445,508922534,54219379,1718,-6167,-47,6251,293112500,2115,293112530,2115,169,-52,50,139,2465,28,66,2466
40393802,7446,508922542,54219335,1719,-6167,-46,6251,293112500,2115,293112540,2115,169,-52,23,47,2392,3,-24,2391
40403632,7446,508922549,54219292,1718,-6167,-45,6251,293112500,2115,293112550,2115,169,-52,-7,165,2379,-27,94,2381
40414755,7446,508922557,54219249,1718,-6167,-44,6251,293112500,2115,293112560,2115,169,-51,6,95,2371,-14,24,2371
40424271,7446,508922565,54219203,1718,-6167,-43,6251,293112550,2115,293112570,2115,170,-51,22,39,2402,2,-32,2400
40433696,7446,508922572,54219160,1717,-6167,-42,6251,293112550,2115,293112580,2115,170,-50,25,131,2423,5,58,2424
40443634,7447,508922580,54219116,1717,-6167,-42,6251,293112550,2115,293112590,2115,170,-50,59,175,2426,39,103,2429
40454032,7447,508922588,54219073,1717,-6167,-41,6251,293112550,2115,293112600,2115,170,-50,39,15,2431,20,-58,2429
40463845,7447,508922596,54219030,1717,-6167,-41,6251,293112550,2115,293112610,2115,170,-49,-6,97,2434,-26,24,2434
40473764,7447,508922603,54218984,1717,-6167,-40,6251,293112600,2115,293112620,2115,171,-48,-23,39,2338,-41,-31,2336
40484134,7448,508922611,54218940,1716,-6167,-38,6251,293112600,2115,293112630,2115,171,-48,-27,188,2316,-46,118,2319
40494171,7448,508922619,54218897,1716,-6167,-36,6251,293112600,2115,293112640,2115,170,-47,9,117,2264,-8,49,2264
40503612,7448,508922626,54218854,1716,-6167,-35,6251,293112600,2115,293112650,2115,170,-46,81,55,2381,63,-16,2380
40514188,7448,508922634,54218811,1716,-6168,-34,6251,293112600,2115,293112660,2115,170,-46,54,113,2365,37,43,2366
40523730,7449,508922642,54218765,1715,-6168,-33,6251,293112650,2115,293112670,2115,170,-46,20,119,2371,3,48,2372
40533666,7449,508922650,54218721,1715,-6168,-32,6251,293112650,2115,293112680,2115,171,-45,11,133,2353,-7,62,2354
40543635,7449,508922657,54218678,1715,-6168,-30,6251,293112650,2115,293112690,2115,171,-45,-8,42,2280,-24,-26,2278
40553596,7449,508922665,54218635,1715,-6168,-29,6251,293112650,2115,293112700,2115,171,-45,16,88,2275,0,20,2275
40563833,7449,508922673,54218592,1714,-6168,-27,6252,293112650,2115,293112710,2115,171,-45,10,145,2259,-6,77,2260
40574042,7450,508922680,54218545,1714,-6168,-25,6252,293112700,2115,293112720,2115,170,-44,55,138,2340,38,68,2342
40583676,7450,508922688,54218502,1714,-6168,-25,6252,293112700,2115,293112730,2115,170,-44,63,24,2424,46,-49,2423
40593593,7450,508922696,54218459,1714,-6169,-24,6252,293112700,2115,293112740,2115,170,-45,39,129,2426,22,56,2427
40604042,7450,508922704,54218416,1714,-6169,-23,6252,293112700,2115,293112750,2115,171,-45,2,96,2395,-15,24,2395
40615232,7450,508922711,54218372,1713,-6169,-23,6252,293112700,2115,293112760,2115,171,-46,-13,101,2414,-31,29,2414
40623748,7450,508922719,54218326,1713,-6169,-22,6252,293112750,2115,293112770,2115,171,-46,17,97,2364,-1,26,2364
40633674,7450,508922727,54218283,1713,-6169,-21,6252,293112750,2115,293112780,2115,172,-46,31,92,2423,13,19,2423
40643603,7451,508922734,54218240,1713,-6169,-20,6252,293112750,2115,293112790,2115,172,-47,32,101,2381,14,29,2381
40653956,7451,508922742,54218196,1713,-6169,-20,6252,293112750,2115,293112800,2115,172,-47,15,84,2458,-4,10,2457
40663844,7451,508922750,54218153,1713,-6169,-19,6252,293112750,2115,293112810,2115,172,-48,33,84,2428,14,10,2428
40673749,7451,508922757,54218107,1712,-6169,-19,6252,293112800,2115,293112820,2115,173,-49,26,108,2493,7,32,2494
40683696,7451,508922765,54218064,1712,-6169,-19,6252,293112800,2115,293112830,2115,174,-49,-21,59,2497,-41,-17,2495
40693908,7451,508922773,54218020,1712,-6169,-20,6252,293112800,2115,293112840,2115,174,-50,83,87,2638,62,7,2638
40704399,7451,508922780,54217977,1712,-6169,-19,6252,293112800,2115,293112850,2115,174,-51,52,83,2391,32,10,2391
40713896,7451,508922788,54217934,1712,-6170,-18,6252,293112800,2115,293112860,2115,174,-52,26,98,2367,6,26,2367
40724376,7451,508922796,54217888,1712,-6169,-17,6252,293112850,2115,293112870,2115,174,-52,-56,83,2415,-76,9,2414
40733666,7451,508922803,54217844,1712,-6168,-17,6252,293112850,2115,293112880,2115,173,-52,-102,70,2432,-122,-5,2430
40743620,7451,508922811,54217801,1711,-6168,-18,6252,293112850,2115,293112890,2115,173,-52,-14,188,2678,-37,106,2681
40754321,7451,508922819,54217758,1712,-6169,-20,6252,293112850,2115,293112900,2115,172,-52,168,13,2680,146,-67,2679
40763851,7451,508922827,54217715,1712,-6170,-20,6252,293112850,2115,293112910,2115,172,-52,142,35,2587,120,-42,2586
40773741,7451,508922834,54217668,1712,-6170,-22,6252,293112900,2115,293112920,2115,172,-53,-4,117,2699,-27,36,2699
40783696,7451,508922842,54217625,1711,-6170,-22,6252,293112900,2115,293112930,2115,171,-53,9,186,2496,-13,111,2498
40793584,7451,508922850,54217582,1711,-6169,-20,6252,293112900,2115,293112940,2115,170,-53,-94,70,2275,-113,1,2273
40803613,7451,508922857,54217539,1711,-6168,-19,6252,293112900,2115,293112950,2115,169,-52,-86,6,2358,-105,-65,2354
40814748,7451,508922865,54217495,1711,-6168,-19,6252,293112900,2115,293112960,2115,167,-52,-67,78,2529,-88,3,2528
40823754,7451,508922873,54217449,1710,-6169,-22,6252,293112950,2115,293112970,2115,166,-51,170,281,2804,145,200,2810
40833696,7450,508922880,54217406,1710,-6170,-23,6252,293112950,2115,293112980,2115,166,-52,199,62,2648,177,-14,2648
40843591,7450,508922888,54217363,1711,-6171,-25,6252,293112950,2115,293112990,2115,166,-52,156,13,2734,133,-66,2733
40853613,7450,508922896,54217319,1710,-6170,-25,6252,293112950,2115,293113000,2115,167,-51,-117,141,2493,-138,67,2493
40863876,7450,508922903,54217276,1710,-6169,-24,6252,293112950,2115,293113010,2115,168,-50,-173,128,2494,-194,54,2493
40873758,7449,508922911,54217230,1710,-6167,-24,6252,293113000,2115,293113020,2115,168,-50,-146,-46,2399,-165,-117,2393
40883664,7449,508922919,54217187,1709,-6167,-24,6252,293113000,2115,293113030,2115,167,-49,6,148,2506,-14,75,2507
40894103,7449,508922926,54217144,1710,-6169,-24,6252,293113000,2115,293113040,2115,167,-48,233,41,2565,213,-33,2565
40903597,7449,508922934,54217100,1710,-6171,-26,6252,293113000,2115,293113050,2115,167,-48,241,68,2790,219,-13,2790
40913835,7449,508922942,54217057,1711,-6171,-29,6252,293113000,2115,293113060,2115,169,-48,61,86,2800,39,3,2800
40923785,7449,508922949,54217011,1711,-6170,-29,6252,293113050,2115,293113070,2115,171,-48,-107,16,2481,-126,-59,2477
40933681,7448,508922957,54216968,1711,-6168,-28,6252,293113050,2115,293113080,2115,172,-47,-168,13,2389,-186,-60,2385
40943604,7448,508922965,54216924,1711,-6167,-27,6252,293113050,2115,293113090,2115,173,-46,-67,18,2371,-85,-54,2368
40953595,7448,508922973,54216881,1711,-6168,-28,6252,293113050,2115,293113100,2115,173,-46,74,39,2624,54,-40,2623
40963874,7448,508922980,54216838,1711,-6169,-28,6252,293113050,2115,293113110,2115,174,-46,171,130,2606,151,52,2608
40973971,7448,508922988,54216792,1711,-6170,-30,6252,293113100,2115,293113120,2115,175,-46,132,127,2681,112,46,2682
40983704,7448,508922996,54216748,1712,-6170,-31,6252,293113100,2115,293113130,2115,176,-46,38,-31,2643,19,-113,2639
40993593,7448,508923003,54216705,1712,-6169,-32,6252,293113100,2115,293113140,2115,178,-46,-98,64,2600,-117,-18,2598
41003590,7448,508923011,54216662,1712,-6168,-31,6252,293113100,2115,293113150,2115,179,-46,-99,21,2443,-117,-56,2440
41013857,7448,508923019,54216619,1713,-6168,-31,6252,293113100,2115,293113160,2115,179,-46,1,16,2470,-17,-62,2468
41023742,7448,508923026,54216572,1713,-6168,-31,6252,293113150,2115,293113170,2115,180,-46,71,45,2494,53,-34,2493
41033696,7448,508923034,54216529,1713,-6169,-32,6252,293113150,2115,293113180,2115,180,-46,123,101,2631,104,19,2632
41043607,7448,508923042,54216486,1713,-6169,-32,6252,293113150,2115,293113190,2115,180,-46,53,46,2568,34,-35,2566
41054072,7448,508923049,54216443,1714,-6169,-34,6252,293113150,2115,293113200,2115,181,-46,-16,12,2667,-36,-73,2664
41064615,7448,508923057,54216399,1713,-6168,-34,6252,293113150,2115,293113210,2115,181,-46,-77,99,2510,-95,19,2509
41073735,7448,508923065,54216353,1714,-6168,-34,6252,293113200,2115,293113220,2115,181,-46,7,77,2523,-11,-3,2522
41083674,7448,508923073,54216310,1714,-6168,-34,6252,293113200,2115,293113230,2115,181,-46,41,-37,2506,23,-116,2502
41093595,7448,508923080,54216267,1714,-6168,-35,6252,293113200,2115,293113240,2115,180,-46,47,100,2568,27,19,2569
41103594,7448,508923088,54216223,1714,-6168,-35,6252,293113200,2115,293113250,2115,179,-46,-4,119,2553,-23,39,2553
41114168,7448,508923096,54216180,1714,-6168,-35,6252,293113200,2115,293113260,2115,179,-46,22,125,2562,2,44,2562
41123740,7448,508923103,54216134,1714,-6168,-36,6252,293113250,2115,293113270,2115,179,-46,24,13,2521,5,-66,2518
41133830,7448,508923111,54216091,1714,-6168,-35,6252,293113250,2115,293113280,2115,178,-46,44,63,2462,26,-13,2461
41143799,7447,508923119,54216048,1715,-6168,-35,6252,293113250,2115,293113290,2115,178,-47,46,36,2436,27,-40,2434
41153609,7447,508923126,54216004,1715,-6168,-35,6252,293113250,2115,293113300,2115,177,-47,21,41,2504,2,-37,2503
41163846,7447,508923134,54215961,1714,-6168,-35,6252,293113250,2115,293113310,2115,177,-48,-13,163,2529,-33,84,2531
41173757,7447,508923142,54215915,1714,-6168,-35,6252,293113300,2115,293113320,2115,176,-48,27,95,2534,7,17,2534
41183669,7447,508923150,54215872,1714,-6168,-36,6252,293113300,2115,293113330,2115,175,-48,27,67,2528,8,-11,2527
41193629,7447,508923157,54215828,1715,-6168,-36,6252,293113300,2115,293113340,2115,174,-49,26,2,2506,7,-75,2503
41203624,7447,508923165,54215785,1714,-6168,-36,6252,293113300,2115,293113350,2115,174,-49,19,101,2513,-1,24,2513
41214329,7446,508923173,54215742,1715,-6168,-36,6252,293113300,2115,293113360,2115,173,-50,31,42,2556,11,-35,2554
41223747,7446,508923180,54215696,1714,-6169,-36,6252,293113350,2115,293113370,2115,173,-50,25,186,2487,4,111,2490
41233691,7446,508923188,54215652,1715,-6168,-36,6252,293113350,2115,293113380,2115,173,-50,14,6,2472,-5,-69,2470
41243600,7445,508923196,54215609,1714,-6168,-35,6252,293113350,2115,293113390,2115,173,-50,-10,76,2477,-30,1,2476
41253624,7445,508923203,54215566,1715,-6168,-35,6252,293113350,2115,293113400,2115,174,-50,32,21,2469,13,-54,2467
41263843,7445,508923211,54215523,1715,-6168,-35,6252,293113350,2115,293113410,2115,174,-50,19,48,2491,-1,-28,2490
41273755,7444,508923219,54215477,1715,-6168,-35,6252,293113400,2115,293113420,2115,174,-51,47,57,2523,26,-20,2522
41283674,7444,508923227,54215433,1715,-6168,-35,6252,293113400,2115,293113430,2115,174,-51,7,38,2524,-14,-39,2522
41293689,7444,508923234,54215390,1715,-6168,-35,6252,293113400,2115,293113440,2115,174,-51,3,66,2473,-18,-9,2472
41303607,7443,508923242,54215347,1716,-6168,-35,6252,293113400,2115,293113450,2115,174,-51,-2,26,2480,-23,-50,2478
41313994,7443,508923250,54215303,1716,-6168,-34,6252,293113400,2115,293113460,2115,175,-51,40,19,2425,20,-55,2423
41323754,7442,508923257,54215257,1717,-6167,-34,6252,293113450,2115,293113470,2115,176,-52,40,-94,2408,20,-169,2402
41333686,7442,508923265,54215214,1718,-6167,-33,6252,293113450,2115,293113480,2115,177,-52,25,20,2401,6,-55,2398
41343638,7442,508923273,54215171,1718,-6167,-32,6252,293113450,2115,293113490,2115,177,-52,10,77,2420,-11,2,2419
41353620,7441,508923281,54215128,1718,-6168,-32,6252,293113450,2115,293113500,2115,177,-52,48,84,2515,26,6,2515
41365005,7441,508923288,54215084,1719,-6167,-32,6252,293113450,2115,293113510,2115,178,-53,39,-35,2485,18,-112,2481
41374092,7441,508923296,54215038,1719,-6167,-32,6252,293113500,2115,293113520,2115,178,-53,15,29,2511,-6,-49,2509
41383676,7440,508923304,54214995,1720,-6167,-31,6252,293113500,2115,293113530,2115,179,-53,0,12,2415,-21,-64,2413
41393616,7440,508923311,54214952,1719,-6167,-31,6252,293113500,2115,293113540,2115,179,-53,-7,79,2452,-28,2,2451
41403592,7439,508923319,54214908,1720,-6167,-31,6252,293113500,2115,293113550,2115,179,-53,13,9,2449,-7,-68,2446
41413899,7439,508923327,54214865,1720,-6167,-31,6252,293113500,2115,293113560,2115,179,-53,53,30,2513,32,-49,2511
41423745,7439,508923335,54214819,1721,-6167,-31,6252,293113550,2115,293113570,2115,179,-53,37,19,2497,16,-60,2495
41434533,7438,508923342,54214776,1721,-6167,-31,6252,293113550,2115,293113580,2115,179,-54,34,56,2500,12,-22,2499
41443595,7438,508923350,54214733,1722,-6167,-30,6252,293113550,2115,293113590,2115,179,-54,7,19,2464,-15,-58,2461
41454075,7437,508923358,54214689,1722,-6166,-30,6252,293113550,2115,293113600,2115,178,-54,-4,60,2417,-25,-16,2416
41463864,7437,508923366,54214646,1722,-6166,-29,6252,293113550,2115,293113610,2115,178,-54,6,-1,2403,-14,-76,2400
41473760,7436,508923373,54214600,1722,-6166,-28,6252,293113600,2115,293113620,2115,178,-53,46,68,2416,25,-7,2415
41483675,7436,508923381,54214557,1722,-6166,-28,6252,293113600,2115,293113630,2115,179,-53,-4,76,2485,-26,-2,2484
41493606,7435,508923389,54214513,1724,-6166,-29,6252,293113600,2115,293113640,2115,179,-53,-4,-105,2636,-26,-188,2630
41504081,7435,508923397,54214470,1724,-6166,-30,6252,293113600,2115,293113650,2115,179,-53,55,54,2621,32,-28,2620
41513889,7435,508923404,54214427,1724,-6166,-30,6252,293113600,2115,293113660,2115,177,-53,53,38,2554,31,-41,2552
41523751,7434,508923412,54214381,1725,-6166,-30,6252,293113650,2115,293113670,2115,175,-54,39,13,2460,18,-63,2457
41534277,7434,508923420,54214338,1725,-6166,-29,6252,293113650,2115,293113680,2115,172,-54,1,81,2361,-20,10,2361
41543603,7434,508923428,54214294,1725,-6165,-28,6252,293113650,2115,293113690,2115,170,-54,-27,-12,2401,-48,-84,2397
41553592,7434,508923435,54214251,1725,-6165,-28,6252,293113650,2115,293113700,2115,168,-54,-16,9,2417,-37,-63,2414
41564785,7433,508923443,54214208,1726,-6165,-28,6252,293113650,2115,293113710,2115,166,-54,68,57,2500,46,-15,2499
41573763,7433,508923451,54214162,1727,-6165,-28,6252,293113700,2115,293113720,2115,165,-55,85,-8,2560,63,-82,2557
41583672,7432,508923459,54214119,1726,-6165,-29,6253,293113700,2115,293113730,2115,162,-55,16,144,2647,-8,68,2648
41593603,7432,508923466,54214075,1725,-6166,-30,6253,293113700,2115,293113740,2115,160,-55,117,196,2619,92,122,2622
41603611,7431,508923474,54214032,1726,-6166,-31,6253,293113700,2115,293113750,2115,157,-56,-5,22,2638,-29,-51,2636
41614633,7431,508923482,54213989,1726,-6165,-31,6253,293113700,2115,293113760,2115,155,-56,-52,-47,2473,-74,-114,2468
41623755,7431,508923490,54213943,1725,-6164,-30,6253,293113750,2115,293113770,2115,153,-56,-126,172,2424,-149,106,2425
41633705,7430,508923497,54213899,1725,-6164,-31,6253,293113750,2115,293113780,2115,152,-55,-31,46,2564,-54,-23,2562
41643603,7429,508923505,54213856,1726,-6165,-32,6253,293113750,2115,293113790,2115,151,-55,108,17,2623,85,-52,2621
41653625,7429,508923513,54213813,1726,-6165,-33,6253,293113750,2115,293113800,2115,150,-55,154,4,2718,130,-67,2717
41663854,7429,508923521,54213770,1726,-6166,-35,6253,293113750,2115,293113810,2115,148,-55,89,83,2647,65,15,2647
41673750,7428,508923528,54213724,1727,-6165,-35,6253,293113800,2115,293113820,2115,146,-55,-39,25,2493,-61,-39,2490
41683678,7428,508923536,54213680,1727,-6164,-34,6253,293113800,2115,293113830,2115,144,-55,-76,-22,2455,-97,-85,2451
41693996,7428,508923544,54213637,1727,-6164,-33,6253,293113800,2115,293113840,2115,144,-54,-61,77,2397,-82,16,2396
41703600,7428,508923552,54213594,1727,-6164,-33,6253,293113800,2115,293113850,2115,143,-53,21,-25,2463,0,-87,2460
41713865,7428,508923559,54213551,1728,-6164,-34,6253,293113800,2115,293113860,2115,143,-53,83,-38,2574,61,-103,2571
41723744,7427,508923567,54213505,1729,-6164,-35,6253,293113850,2115,293113870,2115,143,-52,79,15,2617,57,-51,2615
41733674,7427,508923575,54213461,1729,-6165,-36,6253,293113850,2115,293113880,2115,142,-52,110,5,2652,88,-60,2651
41743599,7427,508923583,54213418,1729,-6165,-36,6253,293113850,2115,293113890,2115,141,-52,-10,27,2597,-32,-38,2595
41753620,7428,508923590,54213375,1730,-6164,-36,6253,293113850,2115,293113900,2115,140,-51,-63,26,2503,-84,-37,2501
41763946,7428,508923598,54213332,1729,-6164,-35,6253,293113850,2115,293113910,2115,141,-50,-37,85,2369,-56,26,2368
41774131,7428,508923606,54213286,1730,-6163,-35,6253,293113900,2115,293113920,2115,141,-49,-16,-18,2407,-34,-78,2404
41783682,7428,508923614,54213242,1730,-6163,-34,6253,293113900,2115,293113930,2115,141,-49,51,-18,2401,32,-77,2399
41793622,7428,508923622,54213199,1730,-6164,-34,6253,293113900,2115,293113940,2115,141,-48,98,90,2540,78,27,2540
41803606,7428,508923629,54213156,1731,-6164,-35,6253,293113900,2115,293113950,2115,141,-48,77,-45,2614,58,-109,2611
41814255,7428,508923637,54213113,1731,-6164,-36,6253,293113900,2115,293113960,2115,141,-48,25,43,2573,5,-21,2572
41823756,7428,508923645,54213067,1731,-6164,-36,6253,293113950,2115,293113970,2115,142,-48,-1,82,2515,-21,20,2514
41833698,7429,508923653,54213023,1731,-6164,-36,6253,293113950,2115,293113980,2115,143,-48,-10,62,2489,-29,0,2488
41843599,7429,508923660,54212980,1731,-6163,-35,6253,293113950,2115,293113990,2115,144,-48,-21,34,2418,-40,-27,2416
41854392,7429,508923668,54212937,1732,-6163,-35,6253,293113950,2115,293114000,2115,146,-48,49,26,2456,30,-37,2455
41865052,7429,508923676,54212894,1732,-6163,-34,6253,293113950,2115,293114010,2115,147,-49,47,11,2481,27,-53,2479
41873741,7429,508923684,54212848,1733,-6164,-35,6253,293114000,2115,293114020,2115,149,-49,40,58,2560,19,-9,2559
41883701,7429,508923692,54212804,1733,-6164,-35,6253,293114000,2115,293114030,2115,151,-50,49,24,2584,28,-44,2582
41894197,7429,508923699,54212761,1733,-6164,-36,6253,293114000,2115,293114040,2115,153,-50,34,4,2548,14,-64,2546
41903594,7429,508923707,54212718,1733,-6164,-36,6253,293114000,2115,293114050,2115,155,-51,3,107,2525,-18,39,2525
41914404,7429,508923715,54212675,1734,-6163,-36,6253,293114000,2115,293114060,2115,157,-52,8,8,2474,-12,-60,2471
41923759,7430,508923723,54212629,1733,-6163,-36,6253,293114050,2115,293114070,2115,159,-52,0,63,2542,-22,-8,2540
41934439,7430,508923731,54212585,1734,-6163,-35,6253,293114050,2115,293114080,2115,162,-52,-15,14,2431,-35,-55,2428
41944019,7430,508923738,54212542,1734,-6162,-36,6253,293114050,2115,293114090,2115,164,-53,-83,-7,2556,-104,-81,2552
41953604,7430,508923746,54212499,1734,-6162,-38,6253,293114050,2115,293114100,2115,166,-53,74,51,2789,50,-30,2788
41964991,7430,508923754,54212456,1734,-6162,-40,6253,293114050,2115,293114110,2115,169,-55,54,131,2696,29,51,2697
41973793,7430,508923762,54212410,1734,-6163,-41,6253,293114100,2115,293114120,2115,172,-57,111,46,2694,86,-34,2693
41983673,7430,508923770,54212366,1735,-6163,-42,6253,293114100,2115,293114130,2115,174,-59,94,-7,2573,70,-85,2571
41993614,7430,508923777,54212323,1735,-6163,-41,6253,293114100,2115,293114140,2115,177,-61,30,92,2490,5,15,2490
42004393,7430,508923785,54212280,1734,-6163,-39,6253,293114100,2115,293114150,2115,180,-62,-94,112,2195,-116,42,2194
42015034,7430,508923793,54212237,1735,-6162,-38,6253,293114100,2115,293114160,2115,182,-63,-91,-34,2405,-115,-111,2400
42023743,7431,508923801,54212191,1735,-6161,-37,6253,293114150,2115,293114170,2115,183,-64,11,54,2303,-13,-20,2301
42033688,7431,508923809,54212147,1735,-6161,-39,6253,293114150,2115,293114180,2115,184,-65,6,129,2803,-24,38,2804
42043611,7431,508923817,54212104,1736,-6163,-43,6253,293114150,2115,293114190,2115,185,-66,284,38,2980,251,-57,2980
42054237,7431,508923824,54212061,1737,-6164,-47,6253,293114150,2115,293114200,2115,186,-67,148,71,3028,115,-27,3028
42063855,7431,508923832,54212018,1736,-6163,-49,6253,293114150,2115,293114210,2115,187,-67,-81,183,2777,-113,92,2778
42073751,7431,508923840,54211972,1736,-6161,-49,6253,293114200,2115,293114220,2115,188,-67,-243,-20,2453,-270,-102,2447
42083957,7432,508923848,54211929,1736,-6159,-48,6253,293114200,2115,293114230,2115,188,-66,-232,-5,2361,-257,-84,2355
42093622,7432,508923856,54211885,1735,-6158,-46,6253,293114200,2115,293114240,2115,188,-65,-68,205,2241,-92,130,2244
42103630,7432,508923863,54211842,1735,-6159,-46,6253,293114200,2115,293114250,2115,186,-63,77,80,2589,50,-4,2589
42113848,7432,508923871,54211799,1735,-6161,-47,6253,293114200,2115,293114260,2115,185,-63,279,128,2642,251,44,2646
42123762,7432,508923879,54211753,1735,-6162,-50,6253,293114250,2115,293114270,2115,183,-63,223,127,2772,194,39,2775
42133677,7432,508923887,54211710,1734,-6164,-51,6253,293114250,2115,293114280,2115,182,-63,143,284,2638,114,200,2645
42144075,7432,508923895,54211666,1734,-6163,-50,6253,293114250,2115,293114290,2115,183,-63,-40,85,2384,-65,8,2383
42153669,7432,508923902,54211623,1733,-6161,-47,6253,293114250,2115,293114300,2115,183,-62,-234,87,2083,-255,19,2081
42163886,7432,508923910,54211580,1732,-6160,-43,6253,293114250,2115,293114310,2115,184,-60,-217,122,2088,-238,53,2086
42174221,7432,508923918,54211534,1731,-6159,-42,6253,293114300,2115,293114320,2115,184,-58,-47,135,2306,-69,61,2307
42183658,7432,508923926,54211491,1732,-6161,-41,6253,293114300,2115,293114330,2115,182,-57,298,77,2410,276,1,2412
42193600,7432,508923934,54211448,1733,-6162,-40,6253,293114300,2115,293114340,2115,180,-55,179,2,2408,158,-73,2407
42204439,7432,508923941,54211404,1732,-6163,-41,6253,293114300,2115,293114350,2115,177,-52,138,205,2617,115,124,2622
42213903,7432,508923949,54211361,1731,-6162,-43,6253,293114300,2115,293114360,2115,176,-49,-141,214,2733,-164,129,2735
42223759,7432,508923957,54211315,1731,-6160,-43,6253,293114350,2115,293114370,2115,176,-46,-179,-18,2455,-196,-95,2450
42233822,7432,508923965,54211272,1731,-6159,-40,6253,293114350,2115,293114380,2115,176,-43,-183,55,2211,-198,-14,2208
42243598,7432,508923973,54211229,1730,-6159,-37,6253,293114350,2115,293114390,2115,176,-40,3,142,2053,-10,79,2054
42253917,7432,508923980,54211185,1731,-6160,-34,6253,293114350,2115,293114400,2115,175,-36,161,6,2120,149,-58,2118
42264578,7432,508923988,54211142,1730,-6161,-32,6253,293114350,2115,293114410,2115,173,-34,132,201,2234,120,133,2238
42273865,7432,508923996,54211096,1730,-6163,-29,6253,293114400,2115,293114420,2115,172,-31,161,43,2180,151,-22,2180
42283668,7433,508924004,54211053,1731,-6161,-24,6253,293114400,2115,293114430,2115,170,-30,-104,-97,1855,-112,-153,1849
42294042,7433,508924012,54211010,1727,-6162,-20,6253,293114400,2115,293114440,2115,170,-28,-107,606,1899,-117,549,1914
42303632,7432,508924019,54210967,1728,-6163,-17,6253,293114400,2115,293114450,2115,170,-26,149,-29,2181,141,-93,2178
42313840,7432,508924027,54210923,1731,-6164,-18,6253,293114400,2115,293114460,2115,169,-25,285,-258,2576,277,-333,2567
42323858,7432,508924035,54210877,1729,-6165,-16,6253,293114450,2115,293114470,2115,168,-25,43,297,2306,33,229,2313
42333690,7432,508924043,54210834,1730,-6164,-14,6253,293114450,2115,293114480,2115,167,-25,-90,-8,2245,-98,-75,2242
42343604,7432,508924050,54210791,1730,-6163,-12,6253,293114450,2115,293114490,2115,165,-25,-127,41,2212,-135,-24,2210
42354315,7433,508924058,54210747,1729,-6163,-10,6253,293114450,2115,293114500,2115,164,-25,-57,129,2274,-66,63,2275
42363900,7433,508924066,54210704,1728,-6164,-9,6253,293114450,2115,293114510,2115,163,-25,60,214,2304,51,148,2308
42373772,7432,508924074,54210658,1729,-6164,-7,6253,293114500,2115,293114520,2115,163,-26,146,42,2338,137,-24,2337
42383712,7432,508924082,54210615,1730,-6165,-7,6253,293114500,2115,293114530,2115,162,-27,117,-64,2431,108,-133,2427
42393619,7433,508924089,54210572,1729,-6165,-6,6253,293114500,2115,293114540,2115,161,-28,15,151,2388,5,83,2389
42403600,7433,508924097,54210528,1728,-6165,-5,6253,293114500,2115,293114550,2115,160,-30,-49,137,2433,-60,68,2434
42414635,7433,508924105,54210485,1729,-6165,-5,6253,293114500,2115,293114560,2115,159,-31,-28,26,2448,-39,-42,2446
42423742,7433,508924113,54210439,1728,-6164,-5,6253,293114550,2115,293114570,2115,158,-33,-5,88,2488,-18,19,2488
42433692,7433,508924120,54210396,1728,-6164,-4,6253,293114550,2115,293114580,2115,157,-35,-4,128,2419,-17,61,2420
42443602,7432,508924128,54210353,1728,-6164,-4,6253,293114550,2115,293114590,2115,157,-36,33,41,2480,19,-28,2479
42453656,7432,508924136,54210309,1728,-6165,-4,6253,293114550,2115,293114600,2115,157,-38,27,87,2538,12,17,2537
42463861,7432,508924144,54210266,1728,-6165,-5,6253,293114550,2115,293114610,2115,157,-40,22,36,2610,6,-35,2609
42473744,7432,508924151,54210220,1728,-6165,-6,6253,293114600,2115,293114620,2115,156,-42,35,175,2670,17,102,2672
42483683,7432,508924159,54210177,1728,-6165,-7,6253,293114600,2115,293114630,2115,156,-45,32,47,2627,13,-25,2626
42494279,7432,508924167,54210134,1728,-6165,-8,6253,293114600,2115,293114640,2115,156,-47,8,43,2586,-11,-28,2584
42503616,7432,508924175,54210090,1728,-6164,-9,6253,293114600,2115,293114650,2115,157,-49,-13,59,2587,-33,-12,2586
42513846,7432,508924183,54210047,1728,-6164,-10,6253,293114600,2115,293114660,2115,157,-51,-6,55,2649,-28,-19,2647
42523755,7432,508924190,54210001,1728,-6164,-12,6253,293114650,2115,293114670,2115,157,-52,7,80,2723,-16,4,2722
42534036,7432,508924198,54209958,1728,-6164,-14,6253,293114650,2115,293114680,2115,158,-54,13,102,2795,-11,24,2794
42543633,7432,508924206,54209915,1728,-6164,-16,6253,293114650,2115,293114690,2115,158,-56,59,12,2729,35,-64,2727
42553617,7432,508924214,54209871,1728,-6164,-17,6253,293114650,2115,293114700,2115,159,-57,22,94,2696,-3,19,2695
42564150,7432,508924221,54209828,1729,-6164,-19,6253,293114650,2115,293114710,2115,160,-59,-13,-14,2698,-39,-89,2695
42573800,7432,508924229,54209782,1729,-6163,-20,6253,293114700,2115,293114720,2115,160,-60,-15,57,2689,-41,-19,2687
42583674,7432,508924237,54209739,1728,-6163,-22,6253,293114700,2115,293114730,2115,161,-61,-33,106,2748,-61,28,2747
42593892,7432,508924245,54209696,1729,-6163,-24,6253,293114700,2115,293114740,2115,162,-62,24,48,2792,-5,-32,2790
42603609,7432,508924252,54209652,1729,-6163,-26,6253,293114700,2115,293114750,2115,163,-63,70,56,2769,41,-23,2768
42614245,7432,508924260,54209609,1729,-6163,-28,6254,293114700,2115,293114760,2115,163,-63,35,65,2773,6,-15,2772
42623851,7432,508924268,54209563,1730,-6163,-30,6254,293114750,2115,293114770,2115,164,-64,-1,-24,2737,-29,-102,2733
42633686,7432,508924276,54209520,1729,-6162,-32,6254,293114750,2115,293114780,2115,164,-64,-8,109,2685,-36,32,2685
42643605,7432,508924284,54209477,1729,-6162,-33,6254,293114750,2115,293114790,2115,165,-64,-6,68,2680,-35,-9,2678
42653969,7432,508924291,54209433,1730,-6162,-35,6254,293114750,2115,293114800,2115,165,-64,26,-11,2699,-3,-89,2696
42663843,7432,508924299,54209390,1730,-6162,-36,6254,293114750,2115,293114810,2115,165,-64,12,65,2707,-17,-14,2705
42673756,7432,508924307,54209344,1730,-6162,-38,6254,293114800,2115,293114820,2115,166,-63,30,63,2721,2,-16,2720
42683680,7432,508924315,54209301,1731,-6162,-40,6254,293114800,2115,293114830,2115,166,-63,41,54,2768,13,-26,2767
42693645,7432,508924322,54209258,1731,-6162,-41,6254,293114800,2115,293114840,2115,166,-62,16,31,2646,-11,-46,2644
42703611,7432,508924330,54209214,1731,-6161,-42,6254,293114800,2115,293114850,2115,165,-62,-4,33,2644,-31,-43,2642
42714179,7432,508924338,54209171,1731,-6161,-43,6254,293114800,2115,293114860,2115,164,-61,-3,85,2575,-29,11,2575
42723767,7432,508924346,54209125,1731,-6161,-44,6254,293114850,2115,293114870,2115,164,-60,30,81,2609,4,6,2609
42733690,7431,508924354,54209082,1732,-6161,-44,6254,293114850,2115,293114880,2115,163,-59,36,29,2568,11,-44,2566
42743611,7431,508924361,54209039,1731,-6162,-45,6254,293114850,2115,293114890,2115,163,-58,47,112,2603,22,37,2604
42753602,7431,508924369,54208995,1732,-6161,-45,6254,293114850,2115,293114900,2115,162,-57,28,4,2525,5,-68,2522
42764748,7431,508924377,54208952,1732,-6162,-46,6254,293114850,2115,293114910,2115,162,-56,38,80,2537,14,8,2537
42774479,7430,508924385,54208906,1731,-6161,-46,6254,293114900,2115,293114920,2115,161,-55,8,78,2527,-14,6,2526
42783686,7430,508924393,54208863,1732,-6161,-46,6254,293114900,2115,293114930,2115,160,-54,-12,51,2530,-34,-20,2529
42793613,7430,508924400,54208820,1732,-6161,-47,6254,293114900,2115,293114940,2115,159,-53,18,26,2555,-4,-45,2553
42803616,7429,508924408,54208777,1732,-6161,-47,6254,293114900,2115,293114950,2115,159,-51,41,73,2509,20,3,2508
42813846,7429,508924416,54208733,1731,-6162,-46,6254,293114900,2115,293114960,2115,158,-50,57,157,2476,36,88,2478
42823748,7429,508924424,54208687,1731,-6162,-46,6254,293114950,2115,293114970,2115,157,-49,32,7,2397,13,-59,2395
42833692,7428,508924432,54208644,1732,-6161,-45,6254,293114950,2115,293114980,2115,157,-47,-4,-5,2381,-22,-70,2378
42843594,7428,508924439,54208601,1732,-6161,-43,6254,293114950,2115,293114990,2115,156,-46,-18,58,2355,-36,-7,2354
42853640,7428,508924447,54208558,1731,-6161,-43,6254,293114950,2115,293115000,2115,155,-45,47,155,2440,29,88,2442
42863861,7427,508924455,54208514,1732,-6162,-42,6254,293114950,2115,293115010,2115,154,-44,56,50,2394,39,-15,2393
42873748,7427,508924463,54208468,1732,-6162,-41,6254,293115000,2115,293115020,2115,154,-43,60,-25,2426,44,-90,2423
42883668,7427,508924470,54208425,1732,-6162,-40,6254,293115000,2115,293115030,2115,153,-42,26,82,2282,11,21,2282
42893619,7426,508924478,54208382,1732,-6162,-38,6254,293115000,2115,293115040,2115,152,-41,0,54,2330,-15,-8,2329
42903597,7426,508924486,54208339,1732,-6162,-37,6254,293115000,2115,293115050,2115,152,-41,6,46,2307,-9,-16,2305
42913853,7426,508924494,54208295,1733,-6162,-36,6254,293115000,2115,293115060,2115,151,-40,0,35,2394,-15,-28,2393
42924279,7425,508924502,54208249,1733,-6162,-35,6254,293115050,2115,293115070,2115,150,-39,24,-1,2320,11,-62,2318
42933739,7425,508924509,54208206,1733,-6162,-34,6254,293115050,2115,293115080,2115,149,-39,61,30,2438,46,-33,2437
42943609,7425,508924517,54208163,1733,-6162,-33,6254,293115050,2115,293115090,2115,149,-38,57,72,2316,44,11,2316
42953676,7424,508924525,54208120,1734,-6162,-31,6254,293115050,2115,293115100,2115,149,-38,35,44,2339,21,-17,2338
42963872,7424,508924533,54208077,1735,-6162,-30,6254,293115050,2115,293115110,2115,148,-37,8,-81,2277,-5,-141,2273
42973772,7424,508924541,54208030,1734,-6162,-28,6254,293115100,2115,293115120,2115,148,-37,-29,132,2319,-42,71,2320
42983707,7424,508924548,54207987,1734,-6162,-27,6254,293115100,2115,293115130,2115,147,-37,9,45,2304,-4,-14,2303
42993621,7424,508924556,54207944,1734,-6162,-26,6254,293115100,2115,293115140,2115,147,-37,34,25,2391,21,-37,2389
43003594,7423,508924564,54207901,1735,-6162,-25,6254,293115100,2115,293115150,2115,147,-37,81,28,2366,67,-33,2365
43014011,7423,508924572,54207858,1735,-6162,-24,6254,293115100,2115,293115160,2115,147,-37,62,-27,2383,48,-88,2380
43023748,7423,508924579,54207812,1735,-6162,-23,6254,293115150,2115,293115170,2115,147,-38,0,125,2354,-14,64,2355
43033685,7423,508924587,54207768,1735,-6162,-22,6254,293115150,2115,293115180,2115,146,-38,-3,30,2368,-16,-31,2367
43043595,7423,508924595,54207725,1735,-6162,-21,6254,293115150,2115,293115190,2115,146,-39,-17,31,2366,-31,-30,2364
43053626,7423,508924603,54207682,1735,-6162,-19,6254,293115150,2115,293115200,2115,146,-40,17,21,2333,3,-39,2331
43063857,7423,508924611,54207639,1736,-6162,-19,6254,293115150,2115,293115210,2115,146,-41,61,58,2417,45,-4,2417
43073753,7422,508924618,54207593,1736,-6163,-18,6254,293115200,2115,293115220,2115,146,-42,55,41,2399,40,-21,2398
43083685,7422,508924626,54207549,1736,-6163,-17,6254,293115200,2115,293115230,2115,146,-43,44,15,2457,28,-48,2455
43093612,7422,508924634,54207506,1737,-6162,-16,6254,293115200,2115,293115240,2115,146,-44,6,13,2350,-10,-48,2348
43103596,7422,508924642,54207463,1737,-6162,-16,6254,293115200,2115,293115250,2115,146,-45,-16,69,2467,-34,5,2466
43114029,7422,508924650,54207420,1737,-6162,-16,6254,293115200,2115,293115260,2115,146,-46,12,4,2485,-6,-60,2483
43123759,7422,508924657,54207374,1737,-6162,-16,6254,293115250,2115,293115270,2115,146,-48,24,69,2542,4,4,2541
43133716,7422,508924665,54207330,1737,-6162,-16,6254,293115250,2115,293115280,2115,146,-49,25,27,2523,5,-38,2521
43143604,7422,508924673,54207287,1738,-6162,-17,6254,293115250,2115,293115290,2115,147,-50,51,30,2582,30,-37,2581
43153595,7422,508924681,54207244,1738,-6162,-17,6254,293115250,2115,293115300,2115,147,-51,17,-24,2508,-4,-89,2505
43164443,7422,508924689,54207201,1738,-6162,-17,6254,293115250,2115,293115310,2115,148,-52,-15,100,2510,-37,35,2510
43173750,7422,508924697,54207155,1738,-6162,-17,6254,293115300,2115,293115320,2115,148,-53,-20,26,2502,-42,-39,2499
43183676,7422,508924704,54207111,1738,-6162,-17,6254,293115300,2115,293115330,2115,148,-54,10,47,2547,-13,-19,2546
43193621,7422,508924712,54207068,1738,-6162,-18,6254,293115300,2115,293115340,2115,149,-55,39,33,2601,15,-35,2600
43203610,7422,508924720,54207025,1738,-6162,-18,6254,293115300,2115,293115350,2115,150,-56,53,57,2545,30,-9,2544
43214959,7422,508924728,54206982,1739,-6162,-19,6254,293115300,2115,293115360,2115,150,-56,16,24,2549,-7,-44,2546
43223751,7422,508924736,54206936,1739,-6161,-19,6254,293115350,2115,293115370,2115,151,-57,-1,-14,2550,-25,-82,2547
43233699,7422,508924743,54206893,1739,-6161,-20,6254,293115350,2115,293115380,2115,152,-57,-14,99,2584,-38,30,2583
43243605,7422,508924751,54206849,1739,-6161,-21,6254,293115350,2115,293115390,2115,152,-57,-6,29,2633,-30,-42,2631
43253635,7422,508924759,54206806,1739,-6161,-22,6254,293115350,2115,293115400,2115,153,-57,33,107,2634,9,36,2634
43264460,7422,508924767,54206763,1739,-6161,-22,6254,293115350,2115,293115410,2115,154,-56,27,8,2513,4,-59,2511
43273761,7422,508924775,54206717,1740,-6160,-22,6254,293115400,2115,293115420,2115,155,-56,6,65,2550,-17,-5,2548
43283713,7422,508924782,54206674,1740,-6160,-22,6254,293115400,2115,293115430,2115,156,-56,-8,26,2502,-31,-43,2500
43293637,7422,508924790,54206630,1739,-6160,-22,6254,293115400,2115,293115440,2115,156,-55,21,138,2545,-2,68,2546
43303594,7423,508924798,54206587,1740,-6160,-22,6254,293115400,2115,293115450,2115,157,-54,18,40,2504,-4,-29,2502
43314402,7423,508924806,54206544,1740,-6160,-23,6254,293115400,2115,293115460,2115,157,-53,26,35,2567,4,-36,2566
43323767,7423,508924814,54206498,1740,-6160,-23,6254,293115450,2115,293115470,2115,158,-52,23,60,2577,1,-11,2576
43333990,7423,508924822,54206455,1739,-6160,-24,6254,293115450,2115,293115480,2115,159,-51,32,126,2514,11,56,2515
43343653,7423,508924829,54206412,1740,-6160,-24,6254,293115450,2115,293115490,2115,160,-50,18,30,2549,-2,-41,2547
43353618,7423,508924837,54206368,1740,-6160,-24,6254,293115450,2115,293115500,2115,160,-49,24,-2,2513,5,-72,2510
43363866,7423,508924845,54206325,1739,-6160,-24,6254,293115450,2115,293115510,2115,161,-47,-11,170,2483,-30,100,2485
43373816,7423,508924853,54206279,1739,-6160,-24,6254,293115500,2115,293115520,2115,161,-46,-8,37,2518,-27,-35,2516
43383678,7424,508924861,54206236,1740,-6160,-24,6254,293115500,2115,293115530,2115,162,-45,22,51,2503,4,-20,2502
43393621,7424,508924868,54206193,1740,-6160,-24,6254,293115500,2115,293115540,2115,162,-44,62,91,2506,44,19,2506
43403594,7424,508924876,54206149,1740,-6160,-24,6254,293115500,2115,293115550,2115,163,-43,43,67,2474,26,-3,2473
43413908,7424,508924884,54206106,1739,-6160,-24,6254,293115500,2115,293115560,2115,163,-42,9,103,2436,-8,33,2437
43423755,7424,508924892,54206060,1739,-6160,-23,6254,293115550,2115,293115570,2115,163,-41,1,94,2446,-15,24,2446
43433681,7424,508924900,54206017,1739,-6160,-23,6254,293115550,2115,293115580,2115,163,-40,2,41,2481,-14,-30,2479
43443617,7424,508924908,54205974,1739,-6160,-23,6254,293115550,2115,293115590,2115,164,-40,37,110,2477,21,39,2477
43453618,7425,508924915,54205931,1739,-6161,-23,6254,293115550,2115,293115600,2115,164,-39,63,55,2518,47,-17,2517
43464146,7425,508924923,54205887,1739,-6161,-23,6254,293115550,2115,293115610,2115,164,-38,43,156,2514,27,84,2516
43473771,7425,508924931,54205841,1739,-6161,-23,6254,293115600,2115,293115620,2115,164,-38,15,30,2469,0,-41,2467
43483686,7425,508924939,54205798,1739,-6161,-23,6254,293115600,2115,293115630,2115,164,-37,8,44,2483,-7,-28,2482
43493634,7425,508924947,54205755,1739,-6161,-22,6254,293115600,2115,293115640,2115,164,-37,0,98,2477,-15,26,2476
43503605,7425,508924954,54205712,1739,-6161,-22,6254,293115600,2115,293115650,2115,164,-37,16,65,2488,2,-7,2487
43514835,7426,508924962,54205668,1738,-6161,-22,6254,293115600,2115,293115660,2115,163,-37,16,117,2500,2,46,2501
43524086,7426,508924970,54205622,1739,-6161,-22,6254,293115650,2115,293115670,2115,162,-37,28,83,2531,13,11,2530
43533691,7426,508924978,54205579,1739,-6161,-22,6254,293115650,2115,293115680,2115,161,-37,33,78,2456,19,8,2455
43543607,7426,508924986,54205536,1739,-6161,-22,6254,293115650,2115,293115690,2115,160,-37,14,48,2453,0,-21,2451
43553633,7427,508924993,54205493,1738,-6161,-21,6254,293115650,2115,293115700,2115,158,-37,-1,170,2434,-16,102,2436
43563900,7427,508925001,54205450,1738,-6161,-21,6254,293115650,2115,293115710,2115,156,-37,11,119,2539,-4,49,2539
43573761,7427,508925009,54205403,1737,-6162,-21,6254,293115700,2115,293115720,2115,154,-37,37,130,2465,22,63,2466
43583672,7428,508925017,54205360,1737,-6162,-21,6254,293115700,2115,293115730,2115,152,-37,60,161,2446,45,96,2447
43593612,7428,508925025,54205317,1737,-6162,-20,6254,293115700,2115,293115740,2115,150,-37,21,57,2442,7,-7,2441
43603676,7428,508925033,54205274,1736,-6162,-20,6254,293115700,2115,293115750,2115,149,-37,-17,111,2412,-31,47,2412
43613869,7428,508925040,54205231,1735,-6162,-19,6254,293115700,2115,293115760,2115,148,-36,-25,177,2450,-39,113,2452
43623754,7429,508925048,54205185,1735,-6162,-20,6254,293115750,2115,293115770,2115,146,-36,-2,78,2552,-16,13,2551
43633700,7429,508925056,54205141,1735,-6162,-20,6255,293115750,2115,293115780,2115,144,-35,43,146,2531,29,83,2532
43644010,7429,508925064,54205098,1734,-6163,-20,6255,293115750,2115,293115790,2115,142,-34,10,151,2502,-4,89,2503
43653639,7429,508925072,54205055,1733,-6163,-20,6255,293115750,2115,293115800,2115,140,-33,-14,172,2504,-27,110,2505
43663884,7429,508925079,54205012,1733,-6163,-20,6255,293115750,2115,293115810,2115,139,-32,7,87,2485,-6,27,2485
43673766,7429,508925087,54204966,1732,-6163,-20,6255,293115800,2115,293115820,2115,138,-32,21,98,2470,9,39,2470
43683703,7429,508925095,54204922,1733,-6163,-19,6255,293115800,2115,293115830,2115,137,-32,30,46,2389,19,-12,2388
43693626,7429,508925103,54204879,1732,-6163,-17,6255,293115800,2115,293115840,2115,136,-33,50,178,2334,37,122,2336
43703608,7429,508925110,54204836,1732,-6164,-16,6255,293115800,2115,293115850,2115,135,-33,58,97,2292,47,42,2293
43713851,7429,508925118,54204793,1732,-6164,-14,6255,293115800,2115,293115860,2115,135,-33,42,-57,2323,31,-112,2320
43723763,7429,508925126,54204747,1732,-6164,-13,6255,293115850,2115,293115870,2115,134,-34,-11,90,2273,-23,36,2273
43734331,7430,508925134,54204703,1731,-6164,-11,6255,293115850,2115,293115880,2115,134,-34,22,174,2347,9,119,2349
43743899,7430,508925142,54204660,1731,-6164,-11,6255,293115850,2115,293115890,2115,134,-34,40,58,2418,28,1,2417
43753600,7430,508925149,54204617,1731,-6165,-11,6255,293115850,2115,293115900,2115,134,-33,79,78,2553,66,18,2553
43763903,7430,508925157,54204574,1731,-6165,-12,6255,293115850,2115,293115910,2115,135,-33,-10,70,2661,-23,7,2660
43773809,7430,508925165,54204527,1731,-6164,-14,6255,293115900,2115,293115920,2115,135,-32,-25,-3,2646,-38,-66,2644
43783671,7430,508925173,54204484,1731,-6164,-14,6255,293115900,2115,293115930,2115,136,-31,-85,73,2557,-97,11,2556
43793650,7430,508925180,54204441,1731,-6163,-13,6255,293115900,2115,293115940,2115,137,-30,-35,61,2363,-46,4,2362
43803605,7430,508925188,54204398,1731,-6163,-12,6255,293115900,2115,293115950,2115,138,-29,5,65,2405,-6,6,2404
43813927,7430,508925196,54204355,1731,-6163,-11,6255,293115900,2115,293115960,2115,139,-28,25,34,2336,16,-23,2334
43823758,7430,508925204,54204308,1732,-6164,-10,6255,293115950,2115,293115970,2115,140,-27,80,40,2402,70,-19,2401
43833680,7430,508925212,54204265,1732,-6164,-8,6255,293115950,2115,293115980,2115,141,-27,58,67,2307,49,10,2306
43843599,7430,508925219,54204222,1732,-6165,-7,6255,293115950,2115,293115990,2115,142,-26,56,73,2312,47,16,2312
43853889,7430,508925227,54204179,1732,-6165,-5,6255,293115950,2115,293116000,2115,143,-26,31,2,2252,23,-54,2249
43863861,7430,508925235,54204135,1732,-6165,-4,6255,293115950,2115,293116010,2115,144,-26,35,51,2409,26,-9,2408
43873750,7430,508925243,54204089,1733,-6165,-3,6255,293116000,2115,293116020,2115,145,-26,10,9,2382,1,-52,2380
43883699,7430,508925251,54204046,1733,-6165,-3,6255,293116000,2115,293116030,2115,145,-27,29,53,2494,19,-11,2493
43893627,7430,508925258,54204003,1733,-6165,-3,6255,293116000,2115,293116040,2115,146,-27,-9,8,2433,-18,-55,2431
43903612,7430,508925266,54203960,1733,-6165,-3,6255,293116000,2115,293116050,2115,146,-28,35,113,2539,24,48,2540
43913868,7429,508925274,54203916,1733,-6165,-3,6255,293116000,2115,293116060,2115,146,-28,48,48,2508,37,-17,2507
43923764,7429,508925282,54203870,1734,-6165,-3,6255,293116050,2115,293116070,2115,146,-29,25,-5,2499,15,-69,2497
43933696,7429,508925290,54203827,1733,-6165,-2,6255,293116050,2115,293116080,2115,147,-30,2,80,2410,-9,18,2409
43943616,7429,508925297,54203784,1733,-6165,-2,6255,293116050,2115,293116090,2115,147,-31,9,83,2441,-2,20,2441
43953607,7429,508925305,54203741,1734,-6165,-2,6255,293116050,2115,293116100,2115,147,-33,15,5,2590,2,-61,2587
43963859,7428,508925313,54203697,1733,-6165,-4,6255,293116050,2115,293116110,2115,147,-34,40,113,2641,25,45,2641
43973765,7428,508925321,54203651,1734,-6166,-5,6255,293116100,2115,293116120,2115,146,-36,102,82,2684,86,13,2684
43983684,7428,508925329,54203608,1734,-6166,-6,6255,293116100,2115,293116130,2115,146,-38,14,24,2592,-1,-43,2590
43993624,7428,508925336,54203565,1734,-6165,-6,6255,293116100,2115,293116140,2115,146,-39,-59,60,2565,-75,-7,2563
44003649,7428,508925344,54203522,1734,-6165,-6,6255,293116100,2115,293116150,2115,147,-41,-59,20,2495,-75,-45,2492
44013888,7427,508925352,54203478,1734,-6164,-7,6255,293116100,2115,293116160,2115,146,-42,-32,72,2655,-50,3,2654
44024288,7427,508925360,54203432,1734,-6164,-9,6255,293116150,2115,293116170,2115,146,-43,21,79,2698,2,10,2697
44033678,7427,508925368,54203389,1734,-6165,-11,6255,293116150,2115,293116180,2115,145,-45,97,48,2792,76,-23,2791
44043845,7427,508925375,54203346,1734,-6165,-13,6255,293116150,2115,293116190,2115,145,-46,58,22,2709,38,-47,2707
44053634,7427,508925383,54203302,1734,-6165,-15,6255,293116150,2115,293116200,2115,145,-47,15,102,2758,-7,32,2758
44066425,7426,508925391,54203259,1734,-6164,-16,6255,293116150,2115,293116210,2115,145,-48,-41,3,2654,-61,-64,2651
44073960,7426,508925399,54203213,1734,-6164,-17,6255,293116200,2115,293116220,2115,145,-49,-22,81,2618,-43,14,2617
44083686,7426,508925407,54203170,1734,-6163,-18,6255,293116200,2115,293116230,2115,145,-50,-56,8,2612,-77,-58,2609
44093620,7426,508925414,54203127,1734,-6163,-19,6255,293116200,2115,293116240,2115,144,-50,24,98,2727,2,29,2726
44104172,7426,508925422,54203083,1734,-6164,-21,6255,293116200,2115,293116250,2115,144,-51,48,84,2696,25,16,2695
44114360,7426,508925430,54203040,1735,-6164,-23,6255,293116200,2115,293116260,2115,144,-51,102,26,2818,78,-45,2817
44123824,7426,508925438,54202994,1735,-6164,-25,6255,293116250,2115,293116270,2115,144,-52,8,67,2727,-15,-1,2726
44134170,7425,508925446,54202951,1735,-6164,-27,6255,293116250,2115,293116280,2115,144,-52,-14,37,2735,-37,-32,2733
44143622,7425,508925453,54202908,1735,-6163,-28,6255,293116250,2115,293116290,2115,144,-52,-39,12,2590,-61,-53,2587
44153617,7425,508925461,54202864,1735,-6163,-29,6255,293116250,2115,293116300,2115,143,-52,-45,79,2629,-67,13,2628
44164276,7425,508925469,54202821,1735,-6163,-30,6255,293116250,2115,293116310,2115,144,-51,27,113,2594,5,47,2594
44173814,7425,508925477,54202775,1735,-6163,-31,6255,293116300,2115,293116320,2115,144,-51,60,30,2632,38,-36,2630
44183708,7425,508925485,54202732,1735,-6163,-31,6255,293116300,2115,293116330,2115,144,-50,68,44,2605,47,-22,2604
44193834,7425,508925492,54202689,1736,-6163,-32,6255,293116300,2115,293116340,2115,144,-50,41,-12,2619,20,-79,2616
44203622,7425,508925500,54202645,1735,-6163,-33,6255,293116300,2115,293116350,2115,145,-49,-42,131,2566,-62,66,2566
44214825,7425,508925508,54202602,1735,-6163,-33,6255,293116300,2115,293116360,2115,145,-48,-20,29,2586,-40,-37,2584
44224036,7425,508925516,54202556,1735,-6163,-34,6255,293116350,2115,293116370,2115,145,-48,-1,63,2575,-20,-2,2574
44233730,7425,508925523,54202513,1735,-6163,-35,6255,293116350,2115,293116380,2115,145,-46,36,58,2555,17,-7,2554
44243626,7425,508925531,54202470,1735,-6163,-35,6255,293116350,2115,293116390,2115,146,-45,37,29,2509,19,-35,2507
44253602,7425,508925539,54202426,1736,-6163,-34,6255,293116350,2115,293116400,2115,146,-44,17,29,2452,0,-34,2450
44264232,7426,508925547,54202383,1736,-6163,-34,6255,293116350,2115,293116410,2115,147,-42,-3,52,2464,-20,-12,2462
44273778,7426,508925555,54202337,1736,-6162,-34,6255,293116400,2115,293116420,2115,148,-41,-14,47,2490,-30,-18,2489
44283739,7426,508925562,54202294,1736,-6162,-34,6255,293116400,2115,293116430,2115,148,-39,21,63,2496,5,-2,2495
44294305,7426,508925570,54202251,1735,-6162,-34,6255,293116400,2115,293116440,2115,149,-38,12,75,2457,-3,11,2457
44303601,7426,508925578,54202207,1736,-6163,-33,6255,293116400,2115,293116450,2115,149,-37,61,55,2430,47,-9,2429
44314380,7426,508925586,54202164,1736,-6163,-32,6255,293116400,2115,293116460,2115,150,-36,41,56,2326,28,-5,2325
44323760,7427,508925594,54202118,1736,-6163,-30,6255,293116450,2115,293116470,2115,150,-34,-4,54,2317,-16,-7,2316
44333711,7427,508925601,54202075,1736,-6163,-28,6255,293116450,2115,293116480,2115,151,-33,5,28,2267,-6,-32,2265
44343786,7427,508925609,54202032,1736,-6163,-27,6255,293116450,2115,293116490,2115,152,-32,-8,61,2280,-19,0,2279
44353621,7427,508925617,54201988,1735,-6163,-26,6255,293116450,2115,293116500,2115,152,-31,45,151,2391,33,87,2393
44363900,7427,508925625,54201945,1736,-6163,-25,6255,293116450,2115,293116510,2115,152,-30,78,16,2432,68,-48,2430
44374352,7428,508925633,54201899,1736,-6164,-24,6255,293116500,2115,293116520,2115,152,-29,48,76,2422,37,11,2421
44383693,7428,508925640,54201856,1736,-6164,-23,6255,293116500,2115,293116530,2115,153,-29,16,76,2364,6,12,2364
44393634,7428,508925648,54201813,1735,-6164,-22,6255,293116500,2115,293116540,2115,153,-28,-16,92,2332,-26,29,2332
44403969,7428,508925656,54201769,1735,-6163,-20,6255,293116500,2115,293116550,2115,153,-28,-12,65,2280,-22,4,2279
44413882,7428,508925664,54201726,1735,-6163,-19,6255,293116500,2115,293116560,2115,154,-27,-14,88,2323,-24,25,2322
44423918,7429,508925672,54201680,1735,-6164,-18,6255,293116550,2115,293116570,2115,154,-27,58,46,2365,48,-18,2364
44433935,7429,508925679,54201637,1735,-6165,-17,6255,293116550,2115,293116580,2115,154,-27,76,150,2408,66,85,2409
44443612,7429,508925687,54201594,1735,-6165,-16,6255,293116550,2115,293116590,2115,154,-27,46,58,2362,36,-6,2361
44453616,7429,508925695,54201550,1735,-6165,-15,6255,293116550,2115,293116600,2115,155,-28,21,33,2376,11,-31,2374
44464169,7429,508925703,54201507,1735,-6165,-14,6255,293116550,2115,293116610,2115,155,-29,-28,90,2350,-38,25,2350
44473766,7429,508925711,54201461,1734,-6165,-14,6255,293116600,2115,293116620,2115,155,-29,9,111,2397,-2,46,2397
44483689,7430,508925718,54201418,1734,-6165,-13,6255,293116600,2115,293116630,2115,155,-30,21,84,2435,9,17,2435
44494359,7430,508925726,54201374,1734,-6165,-13,6255,293116600,2115,293116640,2115,156,-31,60,51,2459,48,-16,2458
44503624,7430,508925734,54201331,1734,-6166,-12,6255,293116600,2115,293116650,2115,156,-33,48,82,2416,35,16,2416
44514076,7430,508925742,54201288,1734,-6166,-11,6255,293116600,2115,293116660,2115,156,-34,17,124,2434,4,57,2435
44523831,7430,508925749,54201242,1734,-6166,-11,6255,293116650,2115,293116670,2115,157,-36,12,75,2458,-2,7,2457
44534370,7430,508925757,54201199,1734,-6165,-11,6255,293116650,2115,293116680,2115,157,-37,-7,54,2481,-21,-14,2479
44543590,7430,508925765,54201155,1733,-6166,-11,6255,293116650,2115,293116690,2115,158,-39,14,173,2536,-2,103,2538
44554225,7431,508925773,54201112,1733,-6166,-12,6255,293116650,2115,293116700,2115,158,-41,28,68,2553,12,-3,2552
44563918,7431,508925781,54201069,1733,-6166,-12,6255,293116650,2115,293116710,2115,158,-43,43,102,2553,25,31,2554
44573770,7431,508925788,54201023,1733,-6166,-12,6255,293116700,2115,293116720,2115,159,-44,25,83,2548,6,12,2548
44583928,7431,508925796,54200979,1733,-6166,-13,6255,293116700,2115,293116730,2115,159,-46,7,49,2570,-12,-23,2569
44593625,7431,508925804,54200936,1733,-6166,-13,6255,293116700,2115,293116740,2115,159,-47,-9,104,2517,-29,33,2517
44603902,7431,508925812,54200893,1732,-6166,-13,6255,293116700,2115,293116750,2115,159,-49,-16,123,2588,-37,51,2588
44614942,7431,508925819,54200850,1732,-6166,-14,6255,293116700,2115,293116760,2115,160,-50,13,65,2611,-8,-8,2610
44623796,7432,508925827,54200804,1732,-6166,-15,6255,293116750,2115,293116770,2115,160,-51,20,153,2666,-2,79,2668
44633691,7432,508925835,54200760,1732,-6166,-16,6255,293116750,2115,293116780,2115,160,-51,49,79,2619,27,6,2619
44643616,7432,508925843,54200717,1732,-6166,-17,6255,293116750,2115,293116790,2115,160,-52,1,71,2597,-20,-2,2596
44653637,7432,508925851,54200674,1731,-6165,-17,6256,293116750,2115,293116800,2115,160,-52,-16,108,2547,-38,36,2547
44664989,7432,508925858,54200631,1731,-6165,-18,6256,293116750,2115,293116810,2115,160,-52,-28,57,2551,-50,-14,2549
44674286,7432,508925866,54200585,1731,-6165,-18,6256,293116800,2115,293116820,2115,159,-52,2,119,2529,-19,49,2529
44683677,7432,508925874,54200541,1731,-6165,-19,6256,293116800,2115,293116830,2115,159,-52,33,124,2554,11,53,2555
44693639,7432,508925882,54200498,1731,-6166,-19,6256,293116800,2115,293116840,2115,159,-51,55,92,2573,34,20,2573
44703635,7433,508925890,54200455,1731,-6166,-20,6256,293116800,2115,293116850,2115,158,-50,47,99,2579,26,28,2579
44714461,7433,508925897,54200412,1731,-6166,-20,6256,293116800,2115,293116860,2115,158,-50,3,40,2585,-18,-31,2583
44723754,7433,508925905,54200365,1731,-6165,-21,6256,293116850,2115,293116870,2115,157,-49,-16,100,2536,-36,30,2535
44734067,7433,508925913,54200322,1730,-6165,-21,6256,293116850,2115,293116880,2115,157,-48,-29,132,2521,-48,62,2522
44743627,7433,508925921,54200279,1730,-6165,-21,6256,293116850,2115,293116890,2115,156,-47,19,123,2527,0,54,2527
44753622,7434,508925928,54200236,1729,-6166,-21,6256,293116850,2115,293116900,2115,155,-46,58,109,2528,39,40,2529
44764474,7434,508925936,54200192,1729,-6166,-21,6256,293116850,2115,293116910,2115,155,-46,60,67,2493,42,0,2493
44773800,7434,508925944,54200146,1729,-6166,-21,6256,293116900,2115,293116920,2115,154,-45,50,137,2490,31,69,2491
44783684,7434,508925952,54200103,1729,-6166,-21,6256,293116900,2115,293116930,2115,154,-45,-7,90,2480,-25,22,2480
44793610,7434,508925960,54200060,1728,-6166,-21,6256,293116900,2115,293116940,2115,153,-44,-5,81,2522,-23,13,2521
44803627,7434,508925967,54200017,1728,-6166,-21,6256,293116900,2115,293116950,2115,153,-44,-14,103,2463,-32,37,2463
44813858,7435,508925975,54199973,1727,-6166,-21,6256,293116900,2115,293116960,2115,152,-43,27,182,2566,8,114,2568
44824614,7435,508925983,54199927,1727,-6167,-21,6256,293116950,2115,293116970,2115,151,-43,65,98,2537,47,30,2537
44833678,7435,508925991,54199884,1727,-6167,-22,6256,293116950,2115,293116980,2115,151,-43,54,67,2607,36,-2,2606
44843613,7435,508925998,54199841,1727,-6167,-23,6256,293116950,2115,293116990,2115,150,-43,4,48,2536,-13,-19,2535
44853628,7436,508926006,54199798,1726,-6167,-23,6256,293116950,2115,293117000,2115,150,-42,-20,161,2554,-38,94,2555
44863852,7436,508926014,54199754,1726,-6166,-23,6256,293116950,2115,293117010,2115,149,-42,-29,110,2500,-46,44,2500
44873767,7436,508926022,54199708,1726,-6166,-23,6256,293117000,2115,293117020,2115,149,-42,9,97,2535,-8,31,2535
44883675,7436,508926029,54199665,1726,-6166,-23,6256,293117000,2115,293117030,2115,148,-41,28,114,2492,11,49,2492
44893638,7437,508926037,54199622,1726,-6167,-24,6256,293117000,2115,293117040,2115,148,-41,59,30,2563,43,-37,2561
44903605,7437,508926045,54199578,1726,-6167,-24,6256,293117000,2115,293117050,2115,148,-40,31,74,2541,15,8,2540
44913899,7437,508926053,54199535,1725,-6167,-24,6256,293117000,2115,293117060,2115,147,-40,7,140,2514,-9,75,2515
44923747,7437,508926060,54199489,1725,-6166,-24,6256,293117050,2115,293117070,2115,147,-39,-53,55,2503,-68,-10,2501
44933688,7437,508926068,54199446,1725,-6166,-24,6256,293117050,2115,293117080,2115,146,-38,-24,65,2518,-39,0,2517
44943614,7438,508926076,54199403,1725,-6166,-24,6256,293117050,2115,293117090,2115,146,-37,1,110,2514,-14,45,2514
44953610,7438,508926084,54199359,1725,-6167,-24,6256,293117050,2115,293117100,2115,145,-36,69,106,2447,55,44,2448
44963894,7438,508926091,54199316,1725,-6167,-23,6256,293117050,2115,293117110,2115,145,-35,59,55,2442,46,-7,2441
44973767,7438,508926099,54199270,1725,-6167,-22,6256,293117100,2115,293117120,2115,145,-34,-16,46,2368,-29,-14,2366
44983681,7438,508926107,54199227,1724,-6166,-21,6256,293117100,2115,293117130,2115,145,-33,-39,160,2393,-51,99,2394
44993620,7438,508926115,54199184,1724,-6166,-21,6256,293117100,2115,293117140,2115,144,-32,-1,-12,2488,-13,-75,2485
45003630,7438,508926122,54199140,1724,-6166,-21,6256,293117100,2115,293117150,2115,144,-31,42,98,2469,30,35,2469
45013862,7438,508926130,54199097,1724,-6167,-20,6256,293117100,2115,293117160,2115,144,-30,58,57,2411,46,-4,2410
45024350,7438,508926138,54199051,1724,-6167,-20,6256,293117150,2115,293117170,2115,143,-30,41,138,2422,30,77,2423
45033692,7438,508926146,54199008,1724,-6167,-19,6256,293117150,2115,293117180,2115,143,-29,2,66,2371,-8,6,2371
45043617,7438,508926153,54198964,1724,-6167,-17,6256,293117150,2115,293117190,2115,143,-29,12,22,2351,2,-37,2349
45053650,7438,508926161,54198921,1724,-6167,-16,6256,293117150,2115,293117200,2115,143,-29,-18,3,2328,-28,-56,2326
45063858,7438,508926169,54198878,1723,-6167,-15,6256,293117150,2115,293117210,2115,142,-29,-3,205,2411,-14,145,2413
45073767,7438,508926177,54198832,1723,-6168,-15,6256,293117200,2115,293117220,2115,142,-29,51,124,2456,40,63,2457
45083689,7438,508926184,54198789,1724,-6168,-15,6256,293117200,2115,293117230,2115,142,-29,89,-58,2478,79,-120,2474
45093612,7438,508926192,54198745,1724,-6168,-15,6256,293117200,2115,293117240,2115,142,-29,31,85,2476,19,23,2476
45103611,7438,508926200,54198702,1723,-6168,-14,6256,293117200,2115,293117250,2115,142,-30,3,130,2470,-9,68,2471
45113894,7438,508926208,54198659,1723,-6168,-14,6256,293117200,2115,293117260,2115,142,-31,-51,59,2430,-62,-2,2429
45123971,7437,508926215,54198613,1723,-6168,-14,6256,293117250,2115,293117270,2115,141,-31,-31,39,2464,-43,-23,2462
45134198,7437,508926223,54198569,1723,-6168,-14,6256,293117250,2115,293117280,2115,141,-32,20,102,2509,8,40,2509
45143611,7437,508926231,54198526,1722,-6168,-14,6256,293117250,2115,293117290,2115,141,-33,72,144,2502,59,82,2503
45153624,7437,508926239,54198483,1723,-6169,-14,6256,293117250,2115,293117300,2115,141,-34,79,14,2535,66,-48,2533
45163887,7437,508926246,54198440,1723,-6169,-14,6256,293117250,2115,293117310,2115,141,-35,17,23,2474,4,-38,2472
45173769,7437,508926254,54198393,1723,-6168,-13,6256,293117300,2115,293117320,2115,142,-37,-34,101,2446,-48,40,2446
45183742,7437,508926262,54198350,1723,-6168,-13,6256,293117300,2115,293117330,2115,141,-38,-34,46,2474,-49,-16,2473
45193628,7437,508926270,54198307,1722,-6168,-13,6256,293117300,2115,293117340,2115,141,-39,-15,128,2503,-31,65,2503
45203657,7437,508926277,54198264,1723,-6168,-13,6256,293117300,2115,293117350,2115,141,-40,40,-25,2566,24,-88,2563
45214686,7437,508926285,54198220,1723,-6168,-15,6256,293117300,2115,293117360,2115,141,-41,58,50,2645,40,-15,2644
45223770,7437,508926293,54198174,1723,-6168,-15,6256,293117350,2115,293117370,2115,141,-43,21,91,2520,4,28,2519
45233690,7437,508926301,54198131,1723,-6168,-15,6256,293117350,2115,293117380,2115,141,-43,-25,67,2566,-43,3,2564
45243621,7437,508926308,54198088,1723,-6167,-16,6256,293117350,2115,293117390,2115,141,-44,-16,-6,2601,-34,-71,2598
45253626,7437,508926316,54198045,1723,-6167,-17,6256,293117350,2115,293117400,2115,141,-45,-32,55,2567,-50,-9,2565
45264403,7437,508926324,54198001,1722,-6167,-17,6256,293117350,2115,293117410,2115,141,-46,19,133,2591,0,68,2591
45273763,7437,508926332,54197955,1722,-6167,-18,6256,293117400,2115,293117420,2115,141,-46,12,76,2569,-7,12,2568
45283687,7437,508926339,54197912,1723,-6167,-18,6256,293117400,2115,293117430,2115,142,-47,47,30,2593,27,-34,2591
45293626,7437,508926347,54197869,1723,-6167,-19,6256,293117400,2115,293117440,2115,142,-47,19,29,2591,0,-35,2589
45303603,7437,508926355,54197825,1723,-6167,-20,6256,293117400,2115,293117450,2115,143,-47,8,54,2609,-12,-11,2608
45314326,7437,508926363,54197782,1723,-6167,-20,6256,293117400,2115,293117460,2115,143,-48,-32,61,2508,-51,-3,2507
45324190,7437,508926370,54197736,1722,-6167,-21,6256,293117450,2115,293117470,2115,143,-48,-30,139,2569,-50,74,2570
45333689,7437,508926378,54197693,1723,-6166,-21,6256,293117450,2115,293117480,2115,144,-48,3,-13,2602,-16,-79,2599
45343604,7437,508926386,54197650,1723,-6166,-23,6256,293117450,2115,293117490,2115,144,-48,58,-23,2660,38,-90,2657
45353636,7438,508926394,54197606,1723,-6167,-23,6256,293117450,2115,293117500,2115,144,-47,71,155,2545,51,91,2547
45363900,7438,508926401,54197563,1723,-6167,-23,6256,293117450,2115,293117510,2115,145,-47,-2,68,2559,-22,2,2558
45373760,7438,508926409,54197517,1723,-6166,-24,6256,293117500,2115,293117520,2115,146,-47,-59,-21,2507,-77,-86,2503
45383684,7438,508926417,54197474,1723,-6166,-24,6256,293117500,2115,293117530,2115,147,-47,-30,100,2544,-49,34,2544
45393613,7438,508926424,54197430,1723,-6166,-24,6256,293117500,2115,293117540,2115,147,-46,49,56,2535,30,-10,2534
45403609,7438,508926432,54197387,1723,-6166,-25,6256,293117500,2115,293117550,2115,148,-46,61,70,2545,42,3,2544
45414153,7438,508926440,54197344,1723,-6166,-25,6256,293117500,2115,293117560,2115,149,-45,33,42,2560,15,-25,2558
45424327,7439,508926448,54197298,1723,-6166,-26,6256,293117550,2115,293117570,2115,150,-45,-4,82,2575,-23,14,2574
45433692,7439,508926455,54197255,1723,-6166,-26,6256,293117550,2115,293117580,2115,151,-44,-43,26,2522,-61,-42,2519
45443621,7439,508926463,54197211,1723,-6166,-26,6256,293117550,2115,293117590,2115,152,-43,0,94,2479,-17,28,2479
45454091,7439,508926471,54197168,1723,-6166,-26,6256,293117550,2115,293117600,2115,153,-42,25,38,2516,8,-29,2515
45463873,7439,508926479,54197125,1723,-6166,-26,6256,293117550,2115,293117610,2115,154,-41,36,81,2540,19,12,2540
45473770,7439,508926486,54197079,1722,-6166,-26,6256,293117600,2115,293117620,2115,154,-40,26,153,2469,10,86,2470
45483706,7440,508926494,54197035,1723,-6166,-26,6256,293117600,2115,293117630,2115,155,-40,24,49,2481,8,-19,2480
45493624,7440,508926502,54196992,1723,-6166,-25,6256,293117600,2115,293117640,2115,156,-39,6,38,2440,-9,-29,2438
45503613,7440,508926510,54196949,1723,-6166,-25,6256,293117600,2115,293117650,2115,157,-38,1,67,2432,-14,0,2431
45513871,7440,508926517,54196906,1722,-6166,-24,6256,293117600,2115,293117660,2115,158,-38,-3,110,2444,-18,42,2444
45524415,7440,508926525,54196860,1723,-6166,-24,6256,293117650,2115,293117670,2115,158,-37,37,39,2466,22,-30,2465
45533693,7440,508926533,54196816,1722,-6166,-23,6256,293117650,2115,293117680,2115,159,-36,25,119,2459,11,51,2460
45543623,7440,508926541,54196773,1722,-6166,-23,6256,293117650,2115,293117690,2115,159,-36,34,57,2468,20,-12,2467
45553652,7441,508926548,54196730,1723,-6166,-23,6256,293117650,2115,293117700,2115,160,-36,38,45,2466,25,-24,2465
45563867,7441,508926556,54196687,1722,-6166,-22,6256,293117650,2115,293117710,2115,160,-35,0,100,2426,-13,32,2426
45574495,7441,508926564,54196641,1723,-6166,-22,6256,293117700,2115,293117720,2115,160,-35,-18,58,2437,-31,-10,2435
45583711,7441,508926572,54196597,1722,-6166,-22,6256,293117700,2115,293117730,2115,160,-35,-22,111,2467,-36,41,2467
45593632,7441,508926579,54196554,1722,-6166,-22,6256,293117700,2115,293117740,2115,160,-35,45,125,2514,31,55,2515
45604725,7441,508926587,54196511,1722,-6166,-21,6256,293117700,2115,293117750,2115,160,-35,54,68,2447,41,-1,2446
45615015,7442,508926595,54196467,1722,-6167,-21,6256,293117700,2115,293117760,2115,161,-36,53,78,2458,39,9,2457
45624559,7442,508926603,54196421,1722,-6167,-20,6256,293117750,2115,293117770,2115,161,-36,-10,69,2439,-24,0,2438
45633695,7442,508926610,54196378,1721,-6167,-21,6256,293117750,2115,293117780,2115,161,-37,-5,117,2510,-19,46,2511
45643633,7442,508926618,54196335,1721,-6166,-20,6256,293117750,2115,293117790,2115,161,-38,-24,107,2443,-39,37,2443
45653624,7442,508926626,54196292,1721,-6167,-20,6256,293117750,2115,293117800,2115,161,-38,25,109,2557,9,37,2557
45663915,7442,508926633,54196248,1720,-6167,-20,6256,293117750,2115,293117810,2115,161,-39,39,114,2480,23,44,2480
45673765,7442,508926641,54196202,1720,-6167,-21,6256,293117800,2115,293117820,2115,161,-40,45,117,2573,28,44,2574
45683705,7443,508926649,54196159,1720,-6167,-21,6257,293117800,2115,293117830,2115,161,-41,38,89,2519,21,18,2518
45693630,7443,508926657,54196116,1720,-6167,-21,6257,293117800,2115,293117840,2115,161,-42,-24,93,2486,-41,23,2486
45703624,7443,508926664,54196073,1720,-6167,-21,6257,293117800,2115,293117850,2115,161,-42,-39,80,2484,-56,10,2483
45713900,7443,508926672,54196029,1719,-6166,-21,6257,293117800,2115,293117860,2115,160,-43,-26,108,2522,-43,36,2522
45724664,7443,508926680,54195983,1718,-6167,-22,6257,293117850,2115,293117870,2115,160,-43,31,176,2613,12,102,2615
45733688,7443,508926688,54195940,1719,-6167,-23,6257,293117850,2115,293117880,2115,159,-44,70,12,2602,52,-60,2600
45743643,7443,508926695,54195897,1719,-6167,-24,6257,293117850,2115,293117890,2115,159,-45,38,147,2627,19,73,2629
45753614,7443,508926703,54195853,1718,-6167,-24,6257,293117850,2115,293117900,2115,159,-45,24,96,2545,5,25,2545
45763917,7444,508926711,54195810,1718,-6167,-24,6257,293117850,2115,293117910,2115,158,-46,-37,44,2557,-55,-27,2555
45774237,7444,508926719,54195764,1718,-6166,-24,6257,293117900,2115,293117920,2115,157,-46,-61,103,2475,-79,34,2475
45783689,7444,508926726,54195721,1718,-6166,-24,6257,293117900,2115,293117930,2115,156,-46,4,150,2546,-16,80,2547
45793630,7444,508926734,54195678,1717,-6167,-24,6257,293117900,2115,293117940,2115,156,-47,52,127,2475,33,59,2476
45803615,7444,508926742,54195634,1717,-6167,-25,6257,293117900,2115,293117950,2115,155,-47,56,45,2568,37,-24,2567
45813887,7444,508926750,54195591,1718,-6167,-25,6257,293117900,2115,293117960,2115,154,-48,43,27,2541,23,-41,2539
45824788,7444,508926757,54195545,1717,-6167,-25,6257,293117950,2115,293117970,2115,154,-48,-11,161,2501,-31,94,2502
45833691,7444,508926765,54195502,1717,-6167,-25,6257,293117950,2115,293117980,2115,153,-49,-44,68,2521,-63,0,2520
45843616,7444,508926773,54195459,1716,-6166,-26,6257,293117950,2115,293117990,2115,152,-49,0,122,2590,-21,53,2590
45854105,7445,508926780,54195415,1716,-6167,-27,6257,293117950,2115,293118000,2115,151,-50,32,104,2564,12,36,2564
45863888,7445,508926788,54195372,1716,-6167,-27,6257,293117950,2115,293118010,2115,150,-50,48,106,2565,27,39,2565
45873761,7445,508926796,54195326,1715,-6167,-27,6257,293118000,2115,293118020,2115,150,-50,27,106,2534,6,39,2534
45883683,7445,508926804,54195283,1715,-6167,-28,6257,293118000,2115,293118030,2115,149,-50,-1,86,2539,-21,19,2538
45893679,7445,508926811,54195239,1715,-6167,-28,6257,293118000,2115,293118040,2115,148,-50,-31,115,2568,-52,47,2568
45903606,7445,508926819,54195196,1715,-6166,-28,6257,293118000,2115,293118050,2115,148,-49,-35,32,2509,-55,-34,2507
45913891,7445,508926827,54195153,1714,-6166,-29,6257,293118000,2115,293118060,2115,147,-49,28,135,2623,6,67,2624
45923896,7445,508926834,54195107,1714,-6166,-29,6257,293118050,2115,293118070,2115,147,-49,23,76,2522,3,11,2521
45933693,7445,508926842,54195064,1714,-6167,-30,6257,293118050,2115,293118080,2115,147,-49,33,138,2545,12,73,2546
45943611,7445,508926850,54195020,1714,-6167,-29,6257,293118050,2115,293118090,2115,146,-48,14,40,2475,-5,-24,2474
45953621,7445,508926858,54194977,1714,-6166,-30,6257,293118050,2115,293118100,2115,147,-48,4,18,2511,-15,-47,2509
45964991,7445,508926865,54194934,1714,-6166,-29,6257,293118050,2115,293118110,2115,147,-47,-20,49,2408,-39,-13,2407
45973775,7445,508926873,54194888,1714,-6166,-29,6257,293118100,2115,293118120,2115,146,-47,-15,135,2480,-34,71,2481
45983679,7445,508926881,54194845,1713,-6166,-28,6257,293118100,2115,293118130,2115,146,-46,28,104,2459,10,40,2459
45993612,7445,508926888,54194801,1714,-6166,-28,6257,293118100,2115,293118140,2115,146,-46,60,51,2510,42,-13,2509
46003622,7445,508926896,54194758,1713,-6167,-28,6257,293118100,2115,293118150,2115,146,-45,58,96,2517,40,31,2517
46013888,7445,508926904,54194715,1714,-6167,-28,6257,293118100,2115,293118160,2115,147,-45,32,1,2512,14,-64,2509
46023759,7445,508926911,54194669,1714,-6166,-28,6257,293118150,2115,293118170,2115,147,-44,-51,37,2489,-68,-28,2486
46033686,7445,508926919,54194626,1713,-6166,-28,6257,293118150,2115,293118180,2115,147,-44,-13,150,2464,-31,86,2465
46043625,7445,508926927,54194582,1713,-6166,-28,6257,293118150,2115,293118190,2115,147,-43,1,34,2492,-16,-31,2490
46053625,7446,508926935,54194539,1714,-6166,-28,6257,293118150,2115,293118200,2115,147,-43,34,35,2459,18,-28,2457
46063925,7446,508926942,54194496,1713,-6166,-27,6257,293118150,2115,293118210,2115,147,-42,29,99,2441,13,36,2441
46073784,7446,508926950,54194450,1713,-6166,-27,6257,293118200,2115,293118220,2115,147,-42,31,47,2458,15,-17,2456
46083695,7446,508926958,54194406,1713,-6166,-27,6257,293118200,2115,293118230,2115,148,-41,5,65,2452,-11,1,2451
46093634,7445,508926965,54194363,1714,-6166,-26,6257,293118200,2115,293118240,2115,148,-41,-12,0,2455,-27,-64,2452
46103613,7445,508926973,54194320,1713,-6166,-26,6257,293118200,2115,293118250,2115,148,-41,7,125,2461,-10,61,2462
46115018,7445,508926981,54194277,1713,-6166,-26,6257,293118200,2115,293118260,2115,148,-40,20,64,2466,4,0,2465
46124178,7445,508926989,54194231,1714,-6166,-26,6257,293118250,2115,293118270,2115,148,-40,32,44,2520,16,-22,2519
46133711,7445,508926996,54194187,1714,-6166,-25,6257,293118250,2115,293118280,2115,149,-40,35,39,2451,19,-25,2449
46143609,7445,508927004,54194144,1714,-6166,-25,6257,293118250,2115,293118290,2115,149,-40,28,84,2457,13,19,2457
46154384,7445,508927012,54194101,1714,-6166,-24,6257,293118250,2115,293118300,2115,150,-40,0,1,2407,-15,-63,2405
46163891,7445,508927019,54194058,1714,-6166,-24,6257,293118250,2115,293118310,2115,150,-40,-23,79,2419,-38,15,2419
46174356,7444,508927027,54194012,1714,-6166,-23,6257,293118300,2115,293118320,2115,150,-40,-3,57,2463,-19,-9,2462
46184407,7444,508927035,54193968,1714,-6166,-23,6257,293118300,2115,293118330,2115,151,-40,35,35,2504,19,-31,2503
46193628,7444,508927042,54193925,1714,-6166,-23,6257,293118300,2115,293118340,2115,151,-40,54,63,2498,39,-3,2497
46203629,7444,508927050,54193882,1715,-6166,-23,6257,293118300,2115,293118350,2115,151,-40,33,11,2460,18,-55,2457
46214426,7444,508927058,54193839,1715,-6166,-23,6257,293118300,2115,293118360,2115,152,-40,-8,87,2474,-24,21,2474
46224532,7443,508927066,54193792,1715,-6166,-23,6257,293118350,2115,293118370,2115,152,-41,-19,-11,2504,-34,-78,2500
46233695,7443,508927073,54193749,1715,-6165,-23,6257,293118350,2115,293118380,2115,153,-41,-1,55,2533,-18,-13,2531
46243937,7443,508927081,54193706,1715,-6166,-23,6257,293118350,2115,293118390,2115,153,-42,33,101,2524,16,33,2524
46253645,7442,508927089,54193663,1715,-6166,-23,6257,293118350,2115,293118400,2115,153,-42,35,36,2505,18,-32,2503
46264347,7442,508927096,54193619,1716,-6166,-23,6257,293118350,2115,293118410,2115,154,-43,50,-14,2502,33,-82,2499
46274062,7442,508927104,54193573,1716,-6165,-23,6257,293118400,2115,293118420,2115,154,-44,6,39,2507,-11,-29,2506
46283692,7442,508927112,54193530,1716,-6165,-23,6257,293118400,2115,293118430,2115,155,-45,-14,22,2463,-31,-45,2460
46293672,7441,508927120,54193487,1716,-6165,-23,6257,293118400,2115,293118440,2115,156,-45,0,74,2499,-18,5,2498
46303657,7441,508927127,54193444,1717,-6165,-23,6257,293118400,2115,293118450,2115,156,-46,3,12,2527,-15,-57,2524
46313881,7441,508927135,54193400,1717,-6165,-23,6257,293118400,2115,293118460,2115,156,-46,21,68,2560,2,-3,2559
46324401,7441,508927143,54193354,1717,-6165,-24,6257,293118450,2115,293118470,2115,156,-47,22,31,2544,3,-39,2542
46334435,7441,508927151,54193311,1718,-6165,-25,6257,293118450,2115,293118480,2115,156,-47,45,21,2648,25,-51,2646
46343986,7440,508927158,54193268,1718,-6164,-25,6257,293118450,2115,293118490,2115,157,-48,8,23,2538,-11,-47,2536
46353668,7440,508927166,54193225,1718,-6164,-25,6257,293118450,2115,293118500,2115,157,-48,-30,53,2547,-50,-18,2545
46364366,7440,508927174,54193181,1718,-6164,-25,6257,293118450,2115,293118510,2115,157,-48,-26,32,2487,-45,-37,2485
46373795,7440,508927181,54193135,1718,-6164,-25,6257,293118500,2115,293118520,2115,157,-48,0,70,2490,-19,1,2489
46383680,7440,508927189,54193092,1718,-6164,-25,6257,293118500,2115,293118530,2115,158,-48,46,26,2484,27,-42,2482
46393833,7440,508927197,54193049,1719,-6164,-26,6257,293118500,2115,293118540,2115,158,-48,66,23,2587,46,-48,2586
46403636,7440,508927205,54193006,1719,-6164,-26,6257,293118500,2115,293118550,2115,158,-49,16,88,2537,-4,18,2536
46413904,7439,508927212,54192963,1719,-6164,-27,6257,293118500,2115,293118560,2115,158,-49,11,-16,2574,-9,-87,2571
46423948,7439,508927220,54192916,1719,-6163,-27,6257,293118550,2115,293118570,2115,158,-49,-31,112,2520,-51,42,2520
46433702,7439,508927228,54192873,1719,-6163,-27,6257,293118550,2115,293118580,2115,158,-49,8,94,2532,-12,24,2532
46443640,7439,508927236,54192830,1719,-6163,-27,6257,293118550,2115,293118590,2115,158,-49,16,41,2537,-4,-29,2536
46454174,7439,508927243,54192787,1719,-6163,-27,6257,293118550,2115,293118600,2115,158,-49,42,15,2511,23,-54,2509
46463891,7439,508927251,54192744,1720,-6163,-28,6257,293118550,2115,293118610,2115,158,-50,40,38,2541,19,-32,2539
46473774,7439,508927259,54192698,1719,-6163,-28,6257,293118600,2115,293118620,2115,158,-50,13,90,2544,-8,20,2544
46483692,7439,508927267,54192654,1720,-6163,-28,6257,293118600,2115,293118630,2115,158,-50,-14,31,2549,-35,-40,2547
46494357,7439,508927274,54192611,1720,-6163,-29,6257,293118600,2115,293118640,2115,158,-51,4,43,2569,-17,-28,2567
46503871,7439,508927282,54192568,1720,-6163,-29,6257,293118600,2115,293118650,2115,158,-51,39,24,2584,18,-47,2582
46514077,7439,508927290,54192525,1720,-6163,-30,6257,293118600,2115,293118660,2115,158,-52,20,100,2568,-2,29,2568
46524646,7439,508927297,54192479,1720,-6163,-30,6257,293118650,2115,293118670,2115,158,-53,53,31,2560,31,-39,2559
46533702,7439,508927305,54192435,1721,-6163,-31,6257,293118650,2115,293118680,2115,158,-53,-1,29,2582,-23,-43,2580
46543617,7439,508927313,54192392,1721,-6163,-32,6257,293118650,2115,293118690,2115,158,-54,-8,62,2619,-31,-10,2618
46553638,7438,508927321,54192349,1721,-6162,-32,6257,293118650,2115,293118700,2115,158,-55,5,31,2579,-18,-40,2576
46563904,7438,508927328,54192306,1721,-6162,-33,6257,293118650,2115,293118710,2115,158,-55,24,52,2572,1,-19,2570
46573857,7438,508927336,54192260,1721,-6163,-34,6257,293118700,2115,293118720,2115,158,-56,18,77,2590,-6,5,2589
46583685,7438,508927344,54192216,1721,-6162,-34,6257,293118700,2115,293118730,2115,159,-56,-5,86,2556,-29,15,2556
46593630,7438,508927352,54192173,1722,-6162,-35,6257,293118700,2115,293118740,2115,159,-56,27,-45,2595,4,-118,2591
46604460,7438,508927359,54192130,1722,-6162,-36,6257,293118700,2115,293118750,2115,159,-56,-14,61,2662,-38,-13,2661
46613868,7438,508927367,54192087,1722,-6162,-37,6257,293118700,2115,293118760,2115,159,-57,17,95,2637,-8,22,2636
46623773,7438,508927375,54192041,1722,-6161,-39,6257,293118750,2115,293118770,2115,159,-57,-1,11,2645,-26,-63,2642
46634303,7437,508927383,54191997,1722,-6161,-39,6257,293118750,2115,293118780,2115,159,-57,-17,84,2584,-41,11,2583
46643610,7437,508927390,54191954,1722,-6161,-39,6257,293118750,2115,293118790,2115,160,-56,-44,6,2454,-66,-63,2451
46653629,7437,508927398,54191911,1722,-6161,-40,6257,293118750,2115,293118800,2115,161,-56,46,62,2656,22,-13,2655
46664070,7437,508927406,54191868,1722,-6161,-40,6257,293118750,2115,293118810,2115,161,-56,27,46,2469,5,-23,2468
46673775,7437,508927414,54191822,1723,-6160,-40,6257,293118800,2115,293118820,2115,161,-56,30,39,2590,7,-34,2589
46683683,7437,508927421,54191778,1723,-6160,-40,6257,293118800,2115,293118830,2115,161,-56,-20,10,2486,-42,-60,2483
46694067,7437,508927429,54191735,1722,-6160,-40,6257,293118800,2115,293118840,2115,160,-55,-22,142,2494,-44,72,2494
46703617,7436,508927437,54191692,1722,-6160,-40,6258,293118800,2115,293118850,2115,160,-55,18,92,2470,-4,23,2470
46715011,7436,508927445,54191649,1723,-6160,-40,6258,293118800,2115,293118860,2115,160,-54,19,16,2555,-4,-56,2553
46724375,7436,508927452,54191603,1724,-6159,-40,6258,293118850,2115,293118870,2115,161,-54,31,-111,2456,11,-180,2450
46733755,7436,508927460,54191560,1723,-6159,-40,6258,293118850,2115,293118880,2115,161,-53,-61,228,2529,-83,156,2532
46744045,7436,508927468,54191516,1722,-6159,-40,6258,293118850,2115,293118890,2115,161,-53,-14,135,2510,-35,64,2511
46753625,7435,508927476,54191473,1723,-6159,-41,6258,293118850,2115,293118900,2115,160,-52,82,-5,2649,60,-79,2646
46763934,7435,508927483,54191430,1724,-6159,-42,6258,293118850,2115,293118910,2115,159,-52,40,-60,2563,19,-131,2558
46773773,7435,508927491,54191384,1724,-6159,-41,6258,293118900,2115,293118920,2115,158,-51,-2,67,2412,-22,0,2411
46784536,7435,508927499,54191341,1723,-6158,-41,6258,293118900,2115,293118930,2115,157,-51,-80,184,2420,-101,117,2422
46793639,7435,508927507,54191298,1722,-6158,-40,6258,293118900,2115,293118940,2115,157,-50,-32,95,2408,-52,28,2408
46803638,7435,508927514,54191254,1723,-6158,-40,6258,293118900,2115,293118950,2115,158,-50,35,17,2480,15,-52,2478
46815066,7434,508927522,54191211,1723,-6158,-40,6258,293118900,2115,293118960,2115,157,-49,68,33,2497,49,-36,2496
46824409,7434,508927530,54191165,1723,-6159,-40,6258,293118950,2115,293118970,2115,156,-49,45,96,2523,24,27,2523
46833697,7434,508927538,54191122,1723,-6158,-40,6258,293118950,2115,293118980,2115,155,-49,-20,6,2481,-39,-62,2478
46843626,7434,508927545,54191079,1723,-6158,-39,6258,293118950,2115,293118990,2115,154,-49,4,81,2424,-15,15,2423
46853643,7434,508927553,54191036,1723,-6158,-38,6258,293118950,2115,293119000,2115,154,-48,-37,45,2388,-55,-20,2386
46865000,7434,508927561,54190992,1723,-6157,-38,6258,293118950,2115,293119010,2115,154,-48,-12,81,2455,-31,14,2454
46873774,7434,508927569,54190946,1723,-6157,-37,6258,293119000,2115,293119020,2115,154,-47,7,12,2375,-10,-52,2373
46883720,7433,508927576,54190903,1723,-6157,-37,6258,293119000,2115,293119030,2115,153,-46,20,80,2602,0,10,2601
46893633,7433,508927584,54190860,1724,-6158,-37,6258,293119000,2115,293119040,2115,153,-46,65,-15,2479,47,-82,2477
46903648,7434,508927592,54190817,1724,-6157,-37,6258,293119000,2115,293119050,2115,152,-46,7,54,2478,-11,-13,2476
46913900,7434,508927600,54190774,1724,-6157,-36,6258,293119000,2115,293119060,2115,151,-46,-25,80,2346,-42,17,2345
46923783,7434,508927607,54190728,1724,-6157,-35,6258,293119050,2115,293119070,2115,151,-45,15,85,2389,-3,22,2389
46933898,7434,508927615,54190684,1724,-6157,-34,6258,293119050,2115,293119080,2115,151,-45,-14,-3,2409,-31,-67,2406
46943623,7434,508927623,54190641,1724,-6157,-34,6258,293119050,2115,293119090,2115,151,-45,13,57,2431,-5,-8,2430
46953668,7434,508927631,54190598,1724,-6157,-33,6258,293119050,2115,293119100,2115,151,-45,8,87,2442,-10,22,2442
46964501,7434,508927638,54190555,1724,-6157,-33,6258,293119050,2115,293119110,2115,150,-46,63,52,2490,45,-14,2489
46973818,7434,508927646,54190509,1724,-6157,-32,6258,293119100,2115,293119120,2115,150,-46,19,80,2417,1,16,2416
46983696,7434,508927654,54190466,1724,-6157,-32,6258,293119100,2115,293119130,2115,150,-47,22,55,2489,4,-11,2488
46994180,7434,508927662,54190422,1724,-6157,-32,6258,293119100,2115,293119140,2115,151,-47,-10,54,2446,-29,-11,2444
47003628,7434,508927669,54190379,1724,-6157,-31,6258,293119100,2115,293119150,2115,151,-48,-14,65,2400,-32,1,2399
47014223,7434,508927677,54190336,1724,-6156,-31,6258,293119100,2115,293119160,2115,152,-48,-10,65,2476,-29,-1,2475
47024423,7434,508927685,54190290,1724,-6156,-31,6258,293119150,2115,293119170,2115,152,-49,26,46,2543,6,-22,2542
47033707,7434,508927693,54190247,1724,-6157,-31,6258,293119150,2115,293119180,2115,152,-50,55,123,2524,34,55,2525
47043624,7434,508927700,54190204,1724,-6157,-31,6258,293119150,2115,293119190,2115,153,-51,34,-6,2516,13,-73,2513
47053619,7434,508927708,54190161,1724,-6156,-31,6258,293119150,2115,293119200,2115,154,-52,-9,61,2507,-29,-7,2506
47063919,7434,508927716,54190117,1725,-6156,-31,6258,293119150,2115,293119210,2115,155,-52,-27,9,2485,-47,-59,2482
47073773,7434,508927724,54190071,1724,-6156,-32,6258,293119200,2115,293119220,2115,155,-53,-45,127,2528,-67,57,2529
47083699,7434,508927731,54190028,1724,-6155,-32,6258,293119200,2115,293119230,2115,156,-54,9,52,2538,-13,-17,2537
47093634,7434,508927739,54189985,1724,-6156,-32,6258,293119200,2115,293119240,2115,156,-54,34,52,2543,11,-17,2542
47103641,7434,508927747,54189942,1724,-6156,-33,6258,293119200,2115,293119250,2115,157,-55,31,76,2587,8,5,2587
47115045,7434,508927755,54189899,1725,-6156,-33,6258,293119200,2115,293119260,2115,157,-56,42,41,2557,19,-30,2556
47123775,7434,508927763,54189853,1725,-6156,-33,6258,293119250,2115,293119270,2115,158,-56,9,51,2521,-14,-19,2519
47133714,7434,508927770,54189809,1725,-6155,-33,6258,293119250,2115,293119280,2115,158,-57,-48,30,2472,-71,-40,2469
47143802,7434,508927778,54189766,1725,-6155,-34,6258,293119250,2115,293119290,2115,159,-58,-33,97,2548,-57,26,2547
47153625,7434,508927786,54189723,1724,-6155,-34,6258,293119250,2115,293119300,2115,159,-58,30,105,2533,6,35,2533
47165028,7434,508927794,54189680,1725,-6155,-34,6258,293119250,2115,293119310,2115,159,-58,30,25,2572,6,-47,2570
47173771,7434,508927801,54189634,1725,-6155,-35,6258,293119300,2115,293119320,2115,158,-59,53,49,2575,29,-23,2574
47183689,7434,508927809,54189591,1724,-6155,-36,6258,293119300,2115,293119330,2115,159,-59,6,138,2597,-20,66,2598
47193629,7433,508927817,54189548,1725,-6154,-36,6258,293119300,2115,293119340,2115,159,-59,-11,-9,2604,-36,-82,2601
47203616,7433,508927825,54189504,1725,-6154,-37,6258,293119300,2115,293119350,2115,159,-60,-31,56,2598,-56,-16,2597
47213860,7433,508927832,54189461,1725,-6154,-37,6258,293119300,2115,293119360,2115,159,-60,2,73,2545,-23,2,2544
47223764,7433,508927840,54189415,1725,-6154,-37,6258,293119350,2115,293119370,2115,159,-60,28,77,2501,4,8,2501
47233702,7433,508927848,54189372,1725,-6154,-37,6258,293119350,2115,293119380,2115,158,-60,28,87,2506,3,18,2506
47243627,7433,508927856,54189329,1725,-6154,-38,6258,293119350,2115,293119390,2115,158,-60,22,9,2530,-3,-61,2527
47253626,7433,508927863,54189286,1725,-6153,-38,6258,293119350,2115,293119400,2115,158,-60,-15,17,2566,-40,-54,2563
47263872,7432,508927871,54189243,1725,-6153,-38,6258,293119350,2115,293119410,2115,157,-61,26,102,2525,1,32,2525
47273774,7432,508927879,54189197,1725,-6153,-39,6258,293119400,2115,293119420,2115,157,-60,-9,119,2576,-35,48,2576
47283710,7432,508927887,54189153,1725,-6153,-40,6258,293119400,2115,293119430,2115,156,-60,25,92,2592,-1,21,2591
47293631,7432,508927894,54189110,1726,-6153,-41,6258,293119400,2115,293119440,2115,156,-60,31,-54,2616,6,-125,2612
47303932,7432,508927902,54189067,1726,-6153,-41,6258,293119400,2115,293119450,2115,156,-60,5,27,2543,-20,-43,2541
47313877,7432,508927910,54189024,1725,-6153,-40,6258,293119400,2115,293119460,2115,155,-59,-19,185,2410,-43,119,2412
47323777,7432,508927918,54188978,1725,-6152,-40,6258,293119450,2115,293119470,2115,155,-59,-35,30,2511,-59,-39,2509
47333738,7432,508927925,54188935,1725,-6152,-41,6258,293119450,2115,293119480,2115,155,-58,4,47,2558,-20,-22,2556
47343626,7432,508927933,54188892,1725,-6152,-41,6258,293119450,2115,293119490,2115,154,-58,38,98,2575,13,28,2575
47353608,7432,508927941,54188848,1725,-6152,-41,6258,293119450,2115,293119500,2115,153,-57,63,59,2511,39,-9,2510
47363905,7432,508927949,54188805,1725,-6152,-41,6258,293119450,2115,293119510,2115,153,-56,34,34,2467,11,-32,2465
47373756,7432,508927956,54188759,1725,-6152,-41,6258,293119500,2115,293119520,2115,152,-56,-12,74,2435,-34,9,2434
47383879,7432,508927964,54188716,1725,-6152,-40,6258,293119500,2115,293119530,2115,152,-55,-16,111,2401,-38,47,2401
47393618,7432,508927972,54188673,1725,-6152,-39,6258,293119500,2115,293119540,2115,152,-54,-11,-3,2422,-32,-67,2420
47403626,7432,508927980,54188630,1725,-6151,-39,6258,293119500,2115,293119550,2115,152,-53,8,50,2480,-13,-16,2478
47414362,7431,508927987,54188587,1725,-6152,-39,6258,293119500,2115,293119560,2115,151,-52,38,123,2517,17,56,2518
47423772,7432,508927995,54188541,1725,-6152,-39,6258,293119550,2115,293119570,2115,151,-51,45,46,2537,24,-21,2536
47433691,7432,508928003,54188498,1726,-6152,-39,6258,293119550,2115,293119580,2115,151,-51,39,-32,2471,19,-98,2468
47443633,7432,508928011,54188454,1725,-6152,-38,6258,293119550,2115,293119590,2115,150,-50,17,146,2410,-3,82,2411
47454034,7432,508928019,54188411,1725,-6152,-38,6258,293119550,2115,293119600,2115,150,-50,-14,41,2413,-33,-22,2411
47464089,7432,508928026,54188368,1726,-6151,-36,6258,293119550,2115,293119610,2115,150,-49,-22,-7,2328,-40,-68,2325
47473771,7432,508928034,54188322,1725,-6151,-35,6258,293119600,2115,293119620,2115,150,-49,19,104,2329,0,42,2330
47483699,7432,508928042,54188279,1725,-6152,-34,6258,293119600,2115,293119630,2115,150,-49,46,63,2362,28,1,2362
47493634,7432,508928050,54188236,1725,-6152,-33,6258,293119600,2115,293119640,2115,150,-48,66,74,2452,47,10,2452
47503624,7432,508928057,54188193,1726,-6152,-33,6258,293119600,2115,293119650,2115,149,-48,57,50,2498,38,-15,2497
47514998,7432,508928065,54188150,1726,-6152,-33,6258,293119600,2115,293119660,2115,150,-48,14,50,2475,-5,-15,2473
47523773,7432,508928073,54188104,1726,-6152,-33,6258,293119650,2115,293119670,2115,150,-48,-36,49,2494,-55,-17,2492
47533696,7432,508928081,54188060,1726,-6151,-33,6258,293119650,2115,293119680,2115,150,-47,-27,33,2449,-45,-32,2447
47544208,7432,508928088,54188017,1725,-6151,-32,6258,293119650,2115,293119690,2115,150,-47,11,118,2413,-7,54,2414
47553853,7432,508928096,54187974,1726,-6151,-31,6258,293119650,2115,293119700,2115,150,-47,6,41,2382,-12,-22,2381
47564337,7432,508928104,54187931,1726,-6151,-30,6258,293119650,2115,293119710,2115,150,-46,20,74,2410,3,11,2409
47573779,7432,508928112,54187885,1726,-6151,-30,6258,293119700,2115,293119720,2115,150,-46,35,50,2405,18,-13,2404
47583695,7432,508928119,54187842,1726,-6151,-29,6258,293119700,2115,293119730,2115,150,-46,30,91,2452,12,26,2452
47593645,7432,508928127,54187799,1725,-6151,-29,6258,293119700,2115,293119740,2115,150,-46,20,79,2457,2,15,2456
47603653,7432,508928135,54187756,1725,-6152,-28,6258,293119700,2115,293119750,2115,150,-46,28,88,2455,10,23,2455
47613890,7432,508928143,54187712,1726,-6151,-28,6258,293119700,2115,293119760,2115,150,-47,-3,5,2406,-20,-59,2404
47624561,7432,508928151,54187666,1725,-6151,-27,6258,293119750,2115,293119770,2115,150,-47,30,127,2449,11,62,2450
47634254,7432,508928158,54187623,1725,-6152,-26,6258,293119750,2115,293119780,2115,150,-47,18,132,2398,-1,69,2399
47643632,7432,508928166,54187580,1725,-6152,-26,6258,293119750,2115,293119790,2115,149,-48,29,20,2434,10,-44,2432
47653648,7432,508928174,54187537,1725,-6151,-26,6258,293119750,2115,293119800,2115,149,-49,4,63,2492,-15,-2,2491
47663914,7432,508928182,54187494,1725,-6151,-26,6258,293119750,2115,293119810,2115,149,-49,16,64,2547,-4,-3,2546
47674052,7432,508928189,54187448,1725,-6152,-27,6258,293119800,2115,293119820,2115,149,-50,49,118,2545,28,51,2546
47683695,7433,508928197,54187405,1725,-6152,-27,6258,293119800,2115,293119830,2115,148,-51,43,43,2556,22,-23,2555
47693647,7433,508928205,54187362,1725,-6152,-27,6258,293119800,2115,293119840,2115,148,-52,9,26,2517,-12,-39,2515
47703671,7433,508928213,54187318,1724,-6152,-27,6258,293119800,2115,293119850,2115,147,-53,-11,155,2470,-33,91,2471
47713898,7433,508928220,54187275,1724,-6151,-27,6258,293119800,2115,293119860,2115,146,-54,-22,41,2463,-43,-22,2462
47723768,7433,508928228,54187229,1724,-6151,-27,6258,293119850,2115,293119870,2115,146,-54,5,67,2534,-17,1,2533
47733707,7433,508928236,54187186,1724,-6151,-28,6259,293119850,2115,293119880,2115,146,-55,36,67,2605,12,1,2604
47743647,7433,508928244,54187143,1724,-6152,-28,6259,293119850,2115,293119890,2115,145,-56,62,58,2586,38,-7,2585
47753646,7433,508928251,54187100,1724,-6152,-29,6259,293119850,2115,293119900,2115,144,-56,50,145,2623,25,79,2625
47763894,7433,508928259,54187057,1724,-6152,-30,6259,293119850,2115,293119910,2115,143,-57,-2,59,2627,-26,-7,2626
47774498,7433,508928267,54187011,1724,-6151,-31,6259,293119900,2115,293119920,2115,142,-57,-12,60,2558,-36,-4,2557
47783896,7433,508928275,54186967,1724,-6151,-31,6259,293119900,2115,293119930,2115,142,-58,-43,60,2518,-66,-3,2517
47793647,7433,508928282,54186924,1723,-6151,-31,6259,293119900,2115,293119940,2115,141,-58,-3,110,2537,-27,47,2537
47803640,7433,508928290,54186881,1723,-6151,-31,6259,293119900,2115,293119950,2115,141,-58,36,47,2530,12,-16,2529
47813914,7433,508928298,54186838,1723,-6151,-32,6259,293119900,2115,293119960,2115,140,-58,74,81,2628,49,16,2628
47823760,7434,508928306,54186792,1724,-6152,-33,6259,293119950,2115,293119970,2115,140,-58,51,47,2575,27,-16,2574
47833721,7434,508928313,54186749,1723,-6152,-34,6259,293119950,2115,293119980,2115,139,-59,24,138,2592,-1,74,2593
47843635,7434,508928321,54186706,1723,-6151,-34,6259,293119950,2115,293119990,2115,139,-59,-10,45,2551,-35,-18,2550
47853628,7434,508928329,54186663,1723,-6151,-35,6259,293119950,2115,293120000,2115,138,-59,-24,12,2620,-49,-52,2617
47864093,7434,508928337,54186619,1723,-6151,-35,6259,293119950,2115,293120010,2115,138,-59,21,121,2561,-4,59,2561
47873773,7434,508928344,54186573,1723,-6151,-36,6259,293120000,2115,293120020,2115,138,-60,67,99,2621,41,35,2621
47883728,7434,508928352,54186530,1722,-6151,-37,6259,293120000,2115,293120030,2115,137,-60,35,88,2595,9,26,2595
47893620,7434,508928360,54186487,1722,-6152,-38,6259,293120000,2115,293120040,2115,137,-61,40,72,2615,14,9,2614
47903622,7434,508928367,54186444,1722,-6152,-39,6259,293120000,2115,293120050,2115,137,-62,31,75,2590,5,13,2590
47913882,7434,508928375,54186401,1722,-6152,-39,6259,293120000,2115,293120060,2115,138,-62,8,62,2576,-18,0,2575
47923775,7434,508928383,54186355,1722,-6151,-40,6259,293120050,2115,293120070,2115,138,-63,-7,71,2592,-33,8,2591
47933706,7434,508928391,54186312,1722,-6151,-41,6259,293120050,2115,293120080,2115,138,-63,26,71,2654,-1,7,2653
47943910,7434,508928398,54186269,1722,-6151,-43,6259,293120050,2115,293120090,2115,139,-64,36,81,2701,7,15,2700
47953640,7434,508928406,54186225,1722,-6152,-44,6259,293120050,2115,293120100,2115,139,-64,52,1,2690,24,-64,2687
47965063,7434,508928414,54186182,1722,-6152,-46,6259,293120050,2115,293120110,2115,140,-65,33,116,2684,4,50,2684
47973788,7434,508928422,54186136,1723,-6151,-47,6259,293120100,2115,293120120,2115,140,-65,-43,-20,2636,-71,-85,2632
47983702,7433,508928429,54186093,1723,-6150,-48,6259,293120100,2115,293120130,2115,141,-65,-32,34,2666,-60,-32,2664
47993641,7433,508928437,54186050,1723,-6150,-48,6259,293120100,2115,293120140,2115,142,-65,-2,72,2569,-30,8,2568
48003641,7433,508928445,54186007,1723,-6150,-50,6259,293120100,2115,293120150,2115,143,-65,77,51,2662,49,-15,2661
48015044,7433,508928453,54185964,1723,-6151,-50,6259,293120100,2115,293120160,2115,144,-64,54,-2,2591,27,-67,2589
48024195,7433,508928460,54185918,1724,-6150,-51,6259,293120150,2115,293120170,2115,144,-64,33,35,2595,6,-31,2593
48033725,7433,508928468,54185875,1723,-6150,-52,6259,293120150,2115,293120180,2115,145,-64,-25,64,2570,-52,-2,2568
48043640,7432,508928476,54185831,1724,-6150,-52,6259,293120150,2115,293120190,2115,146,-63,-14,-45,2595,-40,-112,2591
48054485,7432,508928484,54185788,1725,-6150,-53,6259,293120150,2115,293120200,2115,147,-63,38,22,2545,12,-44,2543
48063877,7432,508928491,54185745,1725,-6150,-53,6259,293120150,2115,293120210,2115,148,-62,46,31,2551,20,-35,2550
48073778,7432,508928499,54185699,1725,-6150,-53,6259,293120200,2115,293120220,2115,148,-61,58,80,2521,32,14,2521
48084712,7432,508928507,54185656,1725,-6150,-53,6259,293120200,2115,293120230,2115,149,-61,40,0,2515,15,-66,2513
48093642,7432,508928515,54185613,1725,-6150,-53,6259,293120200,2115,293120240,2115,149,-60,4,57,2484,-21,-8,2482
48103618,7431,508928522,54185570,1726,-6149,-52,6259,293120200,2115,293120250,2115,150,-59,6,-24,2425,-17,-87,2422
48114069,7431,508928530,54185527,1726,-6149,-52,6259,293120200,2115,293120260,2115,150,-59,-9,76,2419,-33,12,2418
48123772,7431,508928538,54185481,1726,-6149,-51,6259,293120250,2115,293120270,2115,150,-58,20,62,2424,-3,-2,2423
48133713,7431,508928546,54185438,1726,-6150,-52,6259,293120250,2115,293120280,2115,150,-57,74,26,2536,50,-41,2535
48143632,7431,508928553,54185394,1726,-6150,-52,6259,293120250,2115,293120290,2115,150,-57,72,90,2488,48,25,2488
48153631,7431,508928561,54185351,1726,-6150,-52,6259,293120250,2115,293120300,2115,149,-56,29,86,2515,6,20,2515
48163891,7431,508928569,54185308,1727,-6150,-51,6259,293120250,2115,293120310,2115,149,-56,1,-29,2404,-21,-92,2400
48174161,7430,508928577,54185262,1727,-6149,-50,6259,293120300,2115,293120320,2115,149,-56,-11,46,2361,-32,-16,2360
48184220,7430,508928584,54185219,1727,-6149,-48,6259,293120300,2115,293120330,2115,149,-56,9,56,2319,-12,-5,2318
48193633,7430,508928592,54185176,1727,-6149,-47,6259,293120300,2115,293120340,2115,148,-55,35,96,2359,14,35,2360
48204534,7430,508928600,54185133,1726,-6150,-46,6259,293120300,2115,293120350,2115,148,-55,59,83,2394,37,21,2394
48213882,7430,508928608,54185090,1727,-6150,-46,6259,293120300,2115,293120360,2115,147,-55,73,32,2479,51,-32,2477
48223782,7430,508928615,54185044,1727,-6150,-46,6259,293120350,2115,293120370,2115,146,-55,40,69,2454,18,6,2453
48234653,7429,508928623,54185001,1727,-6150,-45,6259,293120350,2115,293120380,2115,146,-55,0,29,2426,-22,-33,2424
48244399,7429,508928631,54184957,1727,-6150,-44,6259,293120350,2115,293120390,2115,146,-55,-19,68,2402,-40,7,2401
48253663,7429,508928639,54184914,1727,-6150,-43,6259,293120350,2115,293120400,2115,145,-55,22,30,2372,1,-30,2371
48265220,7429,508928647,54184871,1727,-6150,-42,6259,293120350,2115,293120410,2115,145,-54,36,102,2373,15,41,2374
48273789,7429,508928654,54184825,1727,-6150,-41,6259,293120400,2115,293120420,2115,145,-54,47,44,2347,27,-15,2346
48283706,7429,508928662,54184782,1727,-6150,-40,6259,293120400,2115,293120430,2115,144,-53,38,52,2380,17,-8,2379
48293736,7429,508928670,54184739,1728,-6150,-39,6259,293120400,2115,293120440,2115,144,-53,27,0,2372,7,-60,2370
48303614,7429,508928678,54184696,1728,-6150,-38,6259,293120400,2115,293120450,2115,143,-52,-3,86,2373,-23,27,2372
48313888,7429,508928685,54184653,1728,-6150,-37,6259,293120400,2115,293120460,2115,144,-52,5,24,2355,-14,-35,2353
48324405,7428,508928693,54184607,1728,-6150,-36,6259,293120450,2115,293120470,2115,144,-51,19,78,2405,-1,17,2405
48334393,7428,508928701,54184563,1728,-6150,-35,6259,293120450,2115,293120480,2115,144,-51,28,62,2356,9,3,2355
48344515,7428,508928709,54184520,1728,-6150,-34,6259,293120450,2115,293120490,2115,144,-51,61,-2,2416,42,-63,2414
48353639,7428,508928717,54184477,1728,-6150,-33,6259,293120450,2115,293120500,2115,144,-50,40,74,2321,21,16,2321
48363900,7428,508928724,54184434,1728,-6150,-32,6259,293120450,2115,293120510,2115,144,-50,9,52,2361,-10,-7,2360
48374654,7428,508928732,54184388,1728,-6149,-31,6259,293120500,2115,293120520,2115,144,-50,14,14,2313,-4,-45,2311
48383713,7428,508928740,54184345,1728,-6150,-29,6259,293120500,2115,293120530,2115,144,-50,45,39,2329,26,-20,2328
48393639,7428,508928748,54184302,1728,-6150,-28,6259,293120500,2115,293120540,2115,144,-50,28,53,2333,9,-6,2332
48403643,7428,508928755,54184259,1728,-6150,-27,6259,293120500,2115,293120550,2115,144,-50,49,134,2385,29,73,2386
48414472,7428,508928763,54184216,1728,-6150,-27,6259,293120500,2115,293120560,2115,144,-50,37,45,2432,18,-17,2431
48423766,7428,508928771,54184170,1729,-6151,-26,6259,293120550,2115,293120570,2115,145,-50,56,-39,2455,37,-101,2452
48433620,7429,508928779,54184126,1729,-6151,-26,6259,293120550,2115,293120580,2115,145,-51,24,53,2453,4,-10,2452
48443706,7429,508928786,54184083,1728,-6151,-25,6259,293120550,2115,293120590,2115,146,-51,1,118,2402,-19,56,2402
48454209,7429,508928794,54184040,1728,-6151,-24,6259,293120550,2115,293120600,2115,146,-51,-1,87,2420,-21,25,2419
48463875,7429,508928802,54183997,1729,-6150,-23,6259,293120550,2115,293120610,2115,146,-52,26,-27,2395,6,-89,2392
48474356,7429,508928810,54183951,1729,-6150,-23,6259,293120600,2115,293120620,2115,146,-52,25,77,2480,4,14,2479
48483704,7429,508928818,54183908,1729,-6151,-23,6259,293120600,2115,293120630,2115,146,-53,68,83,2479,47,20,2479
48493646,7429,508928825,54183865,1729,-6151,-23,6259,293120600,2115,293120640,2115,147,-54,71,62,2493,50,-3,2493
48504125,7429,508928833,54183822,1729,-6151,-23,6259,293120600,2115,293120650,2115,148,-54,-15,46,2484,-37,-18,2482
48513674,7429,508928841,54183778,1729,-6151,-23,6259,293120600,2115,293120660,2115,148,-55,-5,69,2543,-28,2,2541
48523776,7429,508928849,54183732,1729,-6151,-23,6259,293120650,2115,293120670,2115,149,-56,6,63,2479,-17,-2,2478
48534039,7429,508928856,54183689,1729,-6151,-23,6259,293120650,2115,293120680,2115,149,-57,46,75,2561,22,8,2560
48543957,7429,508928864,54183646,1729,-6151,-23,6259,293120650,2115,293120690,2115,150,-58,50,76,2522,27,10,2522
48553653,7429,508928872,54183603,1729,-6151,-24,6259,293120650,2115,293120700,2115,150,-59,55,17,2611,30,-51,2610
48563881,7429,508928880,54183560,1729,-6151,-25,6259,293120650,2115,293120710,2115,151,-60,7,110,2573,-18,42,2573
48573800,7429,508928888,54183516,1729,-6151,-26,6259,293120700,2115,293120720,2115,152,-61,19,33,2610,-7,-36,2608
48583696,7429,508928895,54183473,1729,-6151,-26,6259,293120700,2115,293120730,2115,152,-62,-12,73,2540,-38,5,2538
48594404,7429,508928903,54183429,1729,-6151,-27,6259,293120700,2115,293120740,2115,153,-63,12,128,2662,-16,57,2663
48603618,7429,508928911,54183386,1729,-6151,-29,6259,293120700,2115,293120750,2115,153,-64,56,-10,2675,28,-81,2673
48613638,7430,508928919,54183343,1729,-6151,-30,6259,293120700,2115,293120760,2115,154,-64,56,72,2656,28,1,2655
48624269,7430,508928926,54183300,1729,-6151,-31,6259,293120750,2115,293120770,2115,154,-65,-6,108,2679,-35,35,2678
48633625,7430,508928934,54183257,1729,-6151,-33,6259,293120750,2115,293120780,2115,155,-66,2,94,2683,-28,21,2682
48643621,7430,508928942,54183214,1729,-6150,-34,6259,293120750,2115,293120790,2115,156,-66,-2,55,2625,-30,-16,2624
48653985,7430,508928950,54183171,1729,-6150,-35,6259,293120750,2115,293120800,2115,157,-67,24,17,2633,-4,-55,2631
48664007,7430,508928958,54183127,1729,-6150,-35,6259,293120750,2115,293120810,2115,157,-67,35,120,2613,6,48,2614
48673656,7430,508928965,54183084,1729,-6150,-36,6259,293120800,2115,293120820,2115,157,-66,32,52,2600,3,-19,2599
48684462,7430,508928973,54183041,1729,-6150,-38,6259,293120800,2115,293120830,2115,158,-66,2,63,2672,-27,-11,2670
48693656,7430,508928981,54182998,1729,-6150,-39,6259,293120800,2115,293120840,2115,158,-66,16,16,2638,-12,-57,2636
48703635,7430,508928989,54182955,1728,-6150,-40,6259,293120800,2115,293120850,2115,158,-65,-1,203,2638,-30,130,2641
48714095,7430,508928996,54182912,1728,-6150,-42,6259,293120800,2115,293120860,2115,159,-64,-15,83,2748,-44,7,2747
48723664,7430,508929004,54182869,1729,-6150,-43,6259,293120850,2115,293120870,2115,160,-63,76,19,2711,48,-57,2709
48733640,7431,508929012,54182825,1729,-6150,-44,6259,293120850,2115,293120880,2115,160,-63,67,-5,2596,41,-78,2593
48743634,7431,508929020,54182782,1729,-6150,-44,6259,293120850,2115,293120890,2115,160,-62,4,149,2483,-21,79,2485
48753641,7431,508929027,54182739,1728,-6150,-43,6260,293120850,2115,293120900,2115,159,-60,-24,108,2397,-48,41,2397
48763693,7431,508929035,54182696,1728,-6150,-43,6260,293120900,2115,293120910,2115,159,-59,3,72,2446,-21,3,2445
48773811,7431,508929043,54182653,1728,-6150,-42,6260,293120900,2115,293120920,2115,158,-58,7,75,2445,-16,7,2444
48783635,7431,508929051,54182610,1729,-6150,-42,6260,293120900,2115,293120930,2115,158,-57,91,6,2540,68,-65,2538
48793619,7432,508929059,54182567,1728,-6151,-44,6260,293120900,2115,293120940,2115,158,-55,106,143,2637,82,70,2639
48804198,7432,508929066,54182523,1728,-6151,-44,6260,293120900,2115,293120950,2115,158,-54,45,138,2582,22,66,2583
48813669,7432,508929074,54182480,1728,-6151,-45,6260,293120950,2115,293120960,2115,157,-53,1,12,2575,-21,-59,2572
48823616,7432,508929082,54182437,1728,-6150,-44,6260,293120950,2115,293120970,2115,156,-52,-38,125,2423,-59,58,2423
48833770,7432,508929090,54182394,1727,-6150,-43,6260,293120950,2115,293120980,2115,154,-50,-60,79,2398,-79,13,2396
48843651,7432,508929097,54182351,1727,-6150,-42,6260,293120950,2115,293120990,2115,153,-48,-13,139,2336,-32,76,2337
48853622,7432,508929105,54182308,1727,-6150,-42,6260,293120950,2115,293121000,2115,151,-47,88,76,2487,69,10,2487
48864212,7432,508929113,54182265,1727,-6151,-42,6260,293120950,2115,293121010,2115,150,-46,128,17,2514,109,-49,2513
48873672,7432,508929121,54182221,1727,-6152,-42,6260,293121000,2115,293121020,2115,149,-46,92,179,2495,73,114,2497
48883623,7432,508929128,54182178,1726,-6152,-42,6260,293121000,2115,293121030,2115,147,-45,13,130,2511,-6,65,2511
48893972,7432,508929136,54182135,1726,-6152,-41,6260,293121000,2115,293121040,2115,146,-45,-38,109,2419,-56,47,2419
48904594,7432,508929144,54182092,1726,-6151,-40,6260,293121000,2115,293121050,2115,145,-44,-18,-25,2337,-34,-85,2334
48913677,7432,508929152,54182049,1726,-6151,-39,6260,293121050,2115,293121060,2115,144,-44,41,107,2316,24,49,2317
48923954,7432,508929159,54182006,1725,-6152,-38,6260,293121050,2115,293121070,2115,143,-44,56,201,2360,38,142,2362
48933646,7432,508929167,54181962,1725,-6153,-37,6260,293121050,2115,293121080,2115,142,-45,100,108,2468,82,47,2469
48943649,7432,508929175,54181919,1726,-6153,-37,6260,293121050,2115,293121090,2115,141,-45,64,-22,2500,46,-83,2497
48954153,7432,508929183,54181876,1725,-6153,-38,6260,293121050,2115,293121100,2115,141,-46,36,87,2548,18,24,2548
48963671,7432,508929190,54181833,1725,-6153,-38,6260,293121100,2115,293121110,2115,141,-46,-2,118,2496,-20,57,2496
48973648,7432,508929198,54181790,1725,-6153,-37,6260,293121100,2115,293121120,2115,141,-47,-14,58,2480,-33,-3,2479
48983980,7432,508929206,54181747,1725,-6153,-37,6260,293121100,2115,293121130,2115,141,-47,19,33,2453,0,-28,2451
48993654,7432,508929214,54181704,1725,-6153,-37,6260,293121100,2115,293121140,2115,141,-47,23,42,2509,4,-20,2508
49004508,7432,508929221,54181660,1725,-6153,-37,6260,293121100,2115,293121150,2115,141,-48,38,149,2506,19,86,2507
49014292,7432,508929229,54181617,1725,-6153,-37,6260,293121150,2115,293121160,2115,142,-48,36,53,2491,17,-10,2490
49023628,7432,508929237,54181574,1726,-6153,-37,6260,293121150,2115,293121170,2115,143,-48,23,-73,2488,4,-136,2484
49033635,7432,508929245,54181531,1726,-6153,-36,6260,293121150,2115,293121180,2115,144,-49,20,40,2429,1,-21,2427
49043646,7432,508929252,54181488,1725,-6153,-36,6260,293121150,2115,293121190,2115,145,-49,-11,150,2416,-30,88,2417
49053634,7432,508929260,54181445,1725,-6153,-35,6260,293121150,2115,293121200,2115,147,-49,42,58,2379,23,-3,2378
49063666,7432,508929268,54181401,1725,-6153,-35,6260,293121200,2115,293121210,2115,148,-50,40,34,2488,20,-31,2486
49073641,7432,508929276,54181358,1726,-6153,-35,6260,293121200,2115,293121220,2115,149,-50,45,-63,2495,26,-128,2491
49083646,7432,508929284,54181315,1726,-6153,-35,6260,293121200,2115,293121230,2115,149,-50,2,149,2527,-19,82,2528
49093655,7432,508929291,54181272,1726,-6153,-34,6260,293121200,2115,293121240,2115,151,-51,2,46,2381,-17,-17,2379
49103731,7432,508929299,54181229,1726,-6153,-33,6260,293121200,2115,293121250,2115,152,-51,27,-6,2413,7,-70,2411
49113692,7432,508929307,54181186,1727,-6153,-32,6260,293121250,2115,293121260,2115,153,-51,31,41,2416,11,-24,2415
49123662,7433,508929315,54181142,1727,-6153,-32,6260,293121250,2115,293121270,2115,154,-51,70,52,2439,50,-14,2438
49133646,7433,508929322,54181099,1726,-6153,-32,6260,293121250,2115,293121280,2115,154,-51,26,131,2441,5,65,2442
49143627,7433,508929330,54181056,1726,-6153,-31,6260,293121250,2115,293121290,2115,155,-52,25,53,2499,4,-15,2498
49153636,7433,508929338,54181013,1727,-6153,-31,6260,293121250,2115,293121300,2115,156,-52,31,41,2469,11,-27,2468
49163690,7433,508929346,54180970,1727,-6153,-31,6260,293121300,2115,293121310,2115,156,-52,24,-2,2444,4,-69,2442
49173656,7433,508929353,54180927,1727,-6153,-30,6260,293121300,2115,293121320,2115,157,-52,21,99,2442,0,32,2442
49183637,7433,508929361,54180883,1727,-6153,-30,6260,293121300,2115,293121330,2115,157,-53,17,86,2428,-4,19,2428
49194289,7433,508929369,54180840,1726,-6154,-29,6260,293121300,2115,293121340,2115,157,-53,40,114,2432,18,47,2432
49203649,7433,508929377,54180797,1727,-6153,-29,6260,293121300,2115,293121350,2115,156,-53,19,3,2441,-2,-64,2438
49213703,7433,508929384,54180754,1727,-6154,-29,6260,293121350,2115,293121360,2115,156,-53,44,76,2532,22,7,2531
49223660,7433,508929392,54180711,1727,-6154,-29,6260,293121350,2115,293121370,2115,156,-54,33,86,2448,12,20,2448
49233653,7433,508929400,54180668,1727,-6154,-29,6260,293121350,2115,293121380,2115,155,-54,24,55,2530,2,-14,2529
49243648,7433,508929408,54180624,1727,-6154,-28,6260,293121350,2115,293121390,2115,154,-54,37,63,2452,16,-3,2451
49253890,7433,508929415,54180581,1727,-6154,-29,6260,293121350,2115,293121400,2115,153,-55,45,95,2539,22,26,2539
49263674,7433,508929423,54180538,1726,-6154,-28,6260,293121400,2115,293121410,2115,152,-55,-10,120,2444,-32,54,2444
49273637,7433,508929431,54180495,1726,-6154,-28,6260,293121400,2115,293121420,2115,151,-56,40,82,2534,17,15,2534
49283639,7433,508929439,54180452,1726,-6154,-28,6260,293121400,2115,293121430,2115,151,-56,33,73,2505,10,7,2504
49293643,7433,508929447,54180409,1726,-6154,-29,6260,293121400,2115,293121440,2115,150,-57,44,69,2522,21,3,2522
49303629,7433,508929454,54180365,1726,-6155,-29,6260,293121400,2115,293121450,2115,148,-58,35,86,2515,12,21,2515
49313678,7433,508929462,54180322,1726,-6155,-29,6260,293121450,2115,293121460,2115,147,-59,51,132,2559,26,66,2560
49323645,7433,508929470,54180279,1725,-6155,-30,6260,293121450,2115,293121470,2115,146,-59,22,128,2585,-3,62,2586
49333656,7433,508929478,54180236,1725,-6155,-31,6260,293121450,2115,293121480,2115,145,-60,27,42,2595,1,-23,2594
49343637,7433,508929485,54180193,1725,-6155,-31,6260,293121450,2115,293121490,2115,143,-61,20,110,2587,-6,45,2587
49353648,7432,508929493,54180150,1725,-6155,-32,6260,293121450,2115,293121500,2115,142,-62,18,86,2594,-9,22,2594
49363671,7432,508929501,54180106,1725,-6155,-33,6260,293121450,2115,293121510,2115,141,-63,30,90,2606,3,25,2606
49373676,7432,508929509,54180063,1725,-6155,-34,6260,293121500,2115,293121520,2115,140,-63,52,47,2596,25,-16,2595
49383641,7432,508929516,54180020,1724,-6155,-35,6260,293121500,2115,293121530,2115,139,-64,32,123,2625,4,59,2626
49393685,7432,508929524,54179977,1725,-6155,-35,6260,293121500,2115,293121540,2115,138,-65,1,17,2595,-26,-47,2593
49403653,7432,508929532,54179934,1724,-6155,-36,6260,293121500,2115,293121550,2115,137,-65,7,96,2628,-21,32,2628
49413686,7431,508929540,54179890,1724,-6155,-37,6260,293121550,2115,293121560,2115,137,-65,11,32,2599,-17,-31,2598
49423627,7431,508929547,54179847,1724,-6155,-38,6260,293121550,2115,293121570,2115,136,-65,33,77,2626,5,14,2625
49433643,7431,508929555,54179804,1725,-6155,-39,6260,293121550,2115,293121580,2115,136,-65,33,46,2570,5,-16,2569
49443653,7431,508929563,54179761,1725,-6155,-40,6260,293121550,2115,293121590,2115,135,-65,22,41,2656,-6,-22,2654
49453623,7431,508929571,54179718,1725,-6155,-41,6260,293121550,2115,293121600,2115,135,-65,28,63,2641,0,0,2640
49463665,7431,508929578,54179675,1725,-6155,-42,6260,293121600,2115,293121610,2115,135,-65,43,61,2645,15,-1,2644
49473658,7431,508929586,54179631,1725,-6155,-43,6260,293121600,2115,293121620,2115,135,-65,7,37,2580,-20,-24,2578
49483652,7431,508929594,54179588,1725,-6154,-42,6260,293121600,2115,293121630,2115,135,-64,7,27,2494,-19,-32,2492
49493642,7431,508929602,54179545,1725,-6154,-42,6260,293121600,2115,293121640,2115,135,-64,30,25,2489,4,-34,2487
49503634,7431,508929609,54179502,1725,-6154,-42,6260,293121600,2115,293121650,2115,135,-63,30,57,2495,4,-2,2494
49513657,7431,508929617,54179459,1725,-6155,-42,6260,293121650,2115,293121660,2115,135,-62,38,38,2522,12,-22,2520
49523685,7431,508929625,54179416,1726,-6155,-43,6260,293121650,2115,293121670,2115,134,-61,42,42,2559,16,-18,2558
49533651,7431,508929633,54179372,1726,-6154,-44,6260,293121650,2115,293121680,2115,134,-61,10,64,2576,-16,3,2575
49543636,7431,508929640,54179329,1726,-6155,-44,6260,293121650,2115,293121690,2115,135,-60,52,48,2547,27,-12,2546
49553623,7431,508929648,54179286,1726,-6155,-44,6260,293121650,2115,293121700,2115,135,-59,22,42,2479,-2,-17,2478
49563665,7431,508929656,54179243,1726,-6154,-43,6260,293121700,2115,293121710,2115,135,-58,14,-6,2425,-9,-63,2422
49573657,7431,508929664,54179200,1726,-6154,-43,6260,293121700,2115,293121720,2115,135,-57,22,76,2466,-1,17,2466
49583633,7431,508929671,54179156,1726,-6155,-42,6260,293121700,2115,293121730,2115,136,-56,36,92,2464,14,33,2463
49593649,7431,508929679,54179113,1726,-6155,-42,6260,293121700,2115,293121740,2115,135,-55,43,39,2440,21,-19,2439
49603660,7431,508929687,54179070,1726,-6155,-42,6260,293121700,2115,293121750,2115,136,-55,27,17,2461,6,-42,2459
49613732,7431,508929695,54179027,1726,-6155,-41,6260,293121750,2115,293121760,2115,136,-54,38,62,2451,16,3,2450
49623671,7431,508929702,54178984,1726,-6155,-41,6260,293121750,2115,293121770,2115,136,-53,18,78,2413,-3,20,2413
49633658,7431,508929710,54178941,1726,-6155,-40,6260,293121750,2115,293121780,2115,136,-53,32,64,2435,11,6,2434
49643655,7431,508929718,54178897,1726,-6155,-40,6260,293121750,2115,293121790,2115,137,-52,48,38,2449,27,-21,2447
49653779,7431,508929726,54178854,1727,-6155,-39,6260,293121750,2115,293121800,2115,137,-52,29,13,2423,9,-45,2421
49663662,7431,508929733,54178811,1727,-6155,-39,6260,293121800,2115,293121810,2115,137,-52,26,41,2456,5,-18,2455
49674889,7431,508929741,54178768,1727,-6155,-39,6260,293121800,2115,293121820,2115,138,-52,48,62,2491,27,2,2490
49683681,7431,508929749,54178725,1727,-6155,-38,6260,293121800,2115,293121830,2115,138,-53,31,60,2457,10,1,2456
49693660,7431,508929757,54178682,1727,-6155,-38,6260,293121800,2115,293121840,2115,139,-53,43,15,2446,23,-45,2445
49703730,7431,508929765,54178638,1728,-6156,-37,6260,293121800,2115,293121850,2115,140,-53,42,19,2415,22,-40,2413
49713688,7431,508929772,54178595,1727,-6156,-37,6260,293121850,2115,293121860,2115,140,-54,14,156,2444,-7,96,2445
49723672,7431,508929780,54178552,1727,-6155,-37,6260,293121850,2115,293121870,2115,141,-54,5,12,2489,-17,-49,2487
49733643,7431,508929788,54178509,1727,-6155,-37,6260,293121850,2115,293121880,2115,142,-55,34,49,2524,11,-14,2523
49743629,7431,508929796,54178466,1728,-6156,-37,6260,293121850,2115,293121890,2115,143,-56,59,53,2590,36,-12,2589
49753645,7431,508929803,54178422,1728,-6156,-37,6260,293121850,2115,293121900,2115,144,-56,71,54,2503,48,-9,2502
49763679,7431,508929811,54178379,1727,-6156,-37,6260,293121900,2115,293121910,2115,145,-57,14,90,2509,-10,25,2509
49773635,7431,508929819,54178336,1728,-6156,-37,6261,293121900,2115,293121920,2115,147,-58,-3,-4,2459,-25,-67,2456
49783636,7431,508929827,54178293,1728,-6156,-37,6261,293121900,2115,293121930,2115,148,-59,-5,100,2542,-30,34,2541
49793647,7431,508929834,54178250,1728,-6155,-37,6261,293121900,2115,293121940,2115,149,-59,13,55,2502,-11,-11,2501
49803634,7431,508929842,54178207,1728,-6156,-38,6261,293121900,2115,293121950,2115,150,-60,61,76,2554,36,9,2553
49813693,7431,508929850,54178163,1728,-6156,-38,6261,293121950,2115,293121960,2115,151,-61,59,-8,2519,35,-75,2517
49823643,7431,508929858,54178120,1728,-6156,-39,6261,293121950,2115,293121970,2115,152,-61,27,59,2569,2,-10,2568
49833648,7431,508929865,54178077,1728,-6156,-39,6261,293121950,2115,293121980,2115,153,-61,13,79,2559,-13,10,2558
49843665,7431,508929873,54178034,1728,-6156,-39,6261,293121950,2115,293121990,2115,154,-62,21,96,2529,-4,27,2529
49853690,7432,508929881,54177991,1728,-6155,-39,6261,293121950,2115,293122000,2115,155,-62,-16,46,2475,-41,-21,2474
49863670,7432,508929889,54177947,1728,-6155,-39,6261,293121950,2115,293122010,2115,156,-61,5,46,2485,-20,-22,2483
49873664,7432,508929897,54177904,1728,-6155,-39,6261,293122000,2115,293122020,2115,157,-61,32,90,2519,7,21,2519
49883638,7432,508929904,54177861,1729,-6156,-39,6261,293122000,2115,293122030,2115,158,-61,69,12,2519,44,-58,2517
49893675,7432,508929912,54177818,1728,-6156,-39,6261,293122000,2115,293122040,2115,158,-60,35,122,2484,10,53,2485
49903693,7432,508929920,54177775,1728,-6156,-39,6261,293122000,2115,293122050,2115,159,-60,22,29,2499,-3,-40,2497
49913725,7432,508929928,54177732,1728,-6156,-39,6261,293122050,2115,293122060,2115,159,-59,-9,119,2497,-34,50,2497
49924366,7433,508929935,54177688,1728,-6155,-38,6261,293122050,2115,293122070,2115,159,-58,-14,59,2426,-37,-8,2425
49933659,7433,508929943,54177645,1728,-6155,-38,6261,293122050,2115,293122080,2115,159,-58,49,56,2455,26,-13,2454
49943635,7433,508929951,54177602,1729,-6156,-37,6261,293122050,2115,293122090,2115,159,-57,71,29,2393,49,-38,2391
49953652,7433,508929959,54177559,1728,-6156,-37,6261,293122050,2115,293122100,2115,159,-57,40,153,2446,17,85,2448
49963659,7433,508929966,54177516,1728,-6156,-36,6261,293122100,2115,293122110,2115,159,-56,53,107,2453,31,39,2454
49973676,7433,508929974,54177472,1728,-6156,-36,6261,293122100,2115,293122120,2115,159,-56,24,63,2456,1,-6,2455
49983688,7433,508929982,54177429,1728,-6156,-35,6261,293122100,2115,293122130,2115,159,-56,-4,11,2432,-26,-57,2429
49993664,7434,508929990,54177386,1727,-6156,-35,6261,293122100,2115,293122140,2115,159,-56,37,174,2466,14,105,2469
50003674,7434,508929998,54177343,1728,-6156,-34,6261,293122100,2115,293122150,2115,159,-56,36,43,2369,15,-23,2368
50013686,7434,508930005,54177300,1728,-6157,-33,6261,293122150,2115,293122160,2115,158,-55,62,39,2373,41,-27,2372
50023653,7434,508930013,54177257,1727,-6157,-32,6261,293122150,2115,293122170,2115,158,-55,5,153,2356,-16,88,2357
50033656,7434,508930021,54177213,1726,-6157,-32,6261,293122150,2115,293122180,2115,157,-54,20,156,2506,-3,86,2507
50043662,7434,508930029,54177170,1727,-6157,-32,6261,293122150,2115,293122190,2115,157,-54,-7,3,2542,-29,-66,2539
50053674,7434,508930036,54177127,1727,-6157,-33,6261,293122150,2115,293122200,2115,156,-54,46,73,2601,23,2,2601
50063655,7434,508930044,54177084,1727,-6157,-34,6261,293122150,2115,293122210,2115,156,-54,76,125,2562,53,55,2563
50074392,7434,508930052,54177041,1726,-6157,-34,6261,293122200,2115,293122220,2115,156,-54,25,134,2510,3,65,2511
50083640,7434,508930060,54176997,1726,-6157,-33,6261,293122200,2115,293122230,2115,156,-53,1,82,2423,-20,16,2423
50093644,7434,508930067,54176954,1726,-6157,-32,6261,293122200,2115,293122240,2115,155,-53,-16,19,2378,-36,-46,2376
50103942,7434,508930075,54176911,1725,-6157,-31,6261,293122200,2115,293122250,2115,155,-53,-21,188,2378,-42,123,2380
50113663,7435,508930083,54176868,1725,-6157,-30,6261,293122250,2115,293122260,2115,155,-53,41,53,2426,20,-13,2425
50123645,7435,508930091,54176825,1725,-6158,-31,6261,293122250,2115,293122270,2115,155,-54,104,77,2557,81,7,2557
50133633,7435,508930098,54176781,1725,-6158,-31,6261,293122250,2115,293122280,2115,155,-55,106,105,2514,84,37,2515
50143645,7434,508930106,54176738,1725,-6159,-31,6261,293122250,2115,293122290,2115,155,-55,63,56,2517,40,-13,2516
50153702,7434,508930114,54176695,1725,-6159,-31,6261,293122250,2115,293122300,2115,156,-55,-8,150,2458,-31,82,2460
50163642,7435,508930122,54176652,1725,-6158,-31,6261,293122250,2115,293122310,2115,155,-56,-53,-4,2546,-75,-73,2543
50173692,7435,508930129,54176609,1725,-6157,-32,6261,293122300,2115,293122320,2115,155,-56,-37,43,2569,-61,-27,2567
50183629,7435,508930137,54176565,1725,-6158,-33,6261,293122300,2115,293122330,2115,155,-56,37,142,2647,12,69,2648
50193640,7435,508930145,54176522,1725,-6158,-34,6261,293122300,2115,293122340,2115,155,-57,99,122,2612,75,51,2614
50203647,7435,508930153,54176479,1725,-6159,-35,6261,293122300,2115,293122350,2115,156,-57,83,90,2666,58,17,2666
50213685,7435,508930160,54176436,1725,-6159,-35,6261,293122350,2115,293122360,2115,156,-58,15,30,2551,-8,-40,2549
50223843,7435,508930168,54176393,1725,-6158,-36,6261,293122350,2115,293122370,2115,156,-58,-38,51,2540,-62,-19,2538
50233655,7435,508930176,54176349,1724,-6158,-35,6261,293122350,2115,293122380,2115,156,-59,-54,88,2408,-77,22,2407
50243656,7435,508930184,54176306,1724,-6158,-35,6261,293122350,2115,293122390,2115,156,-59,28,144,2474,4,76,2475
50254019,7435,508930191,54176263,1724,-6158,-35,6261,293122350,2115,293122400,2115,156,-59,47,54,2535,23,-15,2534
50263672,7435,508930199,54176220,1724,-6158,-36,6261,293122400,2115,293122410,2115,155,-59,67,67,2635,41,-5,2635
50273653,7436,508930207,54176177,1724,-6158,-37,6261,293122400,2115,293122420,2115,156,-59,50,113,2654,24,40,2655
50284004,7436,508930215,54176133,1724,-6158,-38,6261,293122400,2115,293122430,2115,156,-59,14,67,2618,-11,-5,2617
50293654,7436,508930222,54176090,1724,-6158,-39,6261,293122400,2115,293122440,2115,155,-59,-21,67,2591,-46,-4,2590
50303659,7436,508930230,54176047,1724,-6158,-39,6261,293122400,2115,293122450,2115,155,-59,-22,64,2567,-46,-6,2565
50314361,7436,508930238,54176004,1723,-6158,-40,6261,293122450,2115,293122460,2115,154,-59,3,125,2540,-21,56,2541
50323652,7437,508930246,54175961,1723,-6158,-40,6261,293122450,2115,293122470,2115,154,-58,31,110,2501,7,43,2501
50333667,7437,508930253,54175917,1723,-6158,-40,6261,293122450,2115,293122480,2115,153,-58,70,103,2507,46,36,2507
50343678,7437,508930261,54175874,1723,-6158,-40,6261,293122450,2115,293122490,2115,152,-58,61,48,2511,37,-19,2510
50353689,7437,508930269,54175831,1723,-6158,-41,6261,293122450,2115,293122500,2115,152,-59,34,71,2603,9,2,2603
50363656,7437,508930277,54175788,1723,-6159,-41,6261,293122450,2115,293122510,2115,151,-59,17,129,2517,-8,62,2518
50373791,7438,508930284,54175745,1722,-6159,-41,6261,293122500,2115,293122520,2115,150,-60,16,97,2581,-10,29,2581
50383645,7438,508930292,54175701,1722,-6158,-41,6261,293122500,2115,293122530,2115,149,-60,-8,121,2507,-33,55,2507
50393665,7438,508930300,54175658,1722,-6158,-42,6261,293122500,2115,293122540,2115,149,-60,-9,91,2575,-34,24,2574
50404217,7438,508930308,54175615,1721,-6158,-42,6261,293122500,2115,293122550,2115,148,-60,31,89,2556,6,23,2556
50414512,7438,508930315,54175572,1721,-6159,-43,6261,293122550,2115,293122560,2115,147,-60,52,142,2594,26,76,2595
50423635,7439,508930323,54175529,1721,-6159,-44,6261,293122550,2115,293122570,2115,146,-60,49,47,2582,24,-20,2581
50433973,7439,508930331,54175485,1721,-6159,-44,6261,293122550,2115,293122580,2115,146,-60,9,105,2589,-17,39,2589
50443642,7439,508930339,54175442,1720,-6158,-45,6261,293122550,2115,293122590,2115,145,-61,-25,93,2527,-50,29,2526
50453666,7439,508930346,54175399,1720,-6158,-45,6261,293122550,2115,293122600,2115,144,-61,9,107,2562,-17,42,2562
50464412,7439,508930354,54175356,1720,-6158,-45,6261,293122550,2115,293122610,2115,144,-61,15,117,2505,-11,53,2505
50473680,7439,508930362,54175313,1720,-6159,-45,6261,293122600,2115,293122620,2115,144,-60,66,57,2463,42,-5,2462
50483646,7440,508930369,54175269,1720,-6159,-45,6261,293122600,2115,293122630,2115,143,-60,30,45,2511,5,-18,2510
50493667,7440,508930377,54175226,1719,-6159,-45,6261,293122600,2115,293122640,2115,142,-60,2,108,2529,-24,45,2529
50503641,7440,508930385,54175183,1719,-6159,-46,6261,293122600,2115,293122650,2115,142,-60,-10,150,2591,-36,86,2591
50513638,7440,508930393,54175140,1719,-6159,-47,6261,293122600,2115,293122660,2115,141,-59,35,38,2585,10,-26,2583
50524610,7441,508930400,54175097,1719,-6159,-47,6261,293122650,2115,293122670,2115,141,-59,41,112,2535,16,49,2536
50533700,7441,508930408,54175053,1719,-6159,-46,6261,293122650,2115,293122680,2115,141,-59,21,55,2457,-3,-6,2456
50543630,7441,508930416,54175010,1719,-6159,-46,6261,293122650,2115,293122690,2115,141,-59,28,66,2485,4,4,2484
50553642,7441,508930424,54174967,1718,-6159,-46,6261,293122650,2115,293122700,2115,141,-58,9,102,2453,-15,41,2452
50563674,7441,508930431,54174924,1718,-6159,-46,6261,293122650,2115,293122710,2115,141,-58,11,105,2467,-13,44,2467
50573657,7441,508930439,54174881,1718,-6159,-45,6261,293122700,2115,293122720,2115,141,-58,28,68,2418,5,8,2417
50583984,7441,508930447,54174837,1718,-6159,-45,6261,293122700,2115,293122730,2115,141,-59,41,96,2488,17,34,2488
50593647,7442,508930454,54174794,1717,-6159,-45,6261,293122700,2115,293122740,2115,142,-59,39,129,2445,15,68,2446
50603694,7442,508930462,54174751,1717,-6159,-44,6261,293122700,2115,293122750,2115,143,-59,37,45,2484,13,-18,2482
50614579,7442,508930470,54174708,1717,-6159,-44,6261,293122700,2115,293122760,2115,144,-59,39,30,2457,16,-31,2455
50623658,7442,508930478,54174665,1717,-6159,-44,6261,293122750,2115,293122770,2115,144,-59,-4,109,2483,-28,46,2483
50633712,7442,508930485,54174621,1717,-6159,-44,6261,293122750,2115,293122780,2115,145,-58,-13,86,2511,-37,21,2511
50644117,7442,508930493,54174578,1717,-6159,-44,6261,293122750,2115,293122790,2115,146,-58,16,80,2524,-8,15,2524
50653703,7442,508930501,54174535,1717,-6159,-44,6261,293122750,2115,293122800,2115,147,-58,34,41,2495,11,-23,2494
50663680,7443,508930508,54174492,1717,-6159,-44,6261,293122800,2115,293122810,2115,148,-57,51,28,2454,28,-35,2453
50673662,7443,508930516,54174449,1717,-6159,-43,6261,293122800,2115,293122820,2115,148,-57,10,147,2437,-13,84,2438
50683664,7443,508930524,54174405,1717,-6159,-43,6261,293122800,2115,293122830,2115,149,-57,27,47,2443,5,-17,2442
50693638,7443,508930532,54174362,1717,-6159,-43,6261,293122800,2115,293122840,2115,150,-57,10,25,2492,-13,-41,2490
50704286,7443,508930539,54174319,1717,-6159,-42,6261,293122800,2115,293122850,2115,151,-57,11,72,2370,-11,9,2369
50713681,7444,508930547,54174276,1716,-6159,-41,6261,293122850,2115,293122860,2115,152,-57,26,130,2417,3,66,2418
50723665,7444,508930555,54174233,1717,-6159,-40,6261,293122850,2115,293122870,2115,153,-57,39,43,2356,17,-21,2355
50734213,7444,508930562,54174189,1717,-6160,-39,6261,293122850,2115,293122880,2115,154,-56,57,70,2421,35,5,2421
50743644,7444,508930570,54174146,1717,-6159,-39,6261,293122850,2115,293122890,2115,155,-56,23,13,2449,1,-54,2447
50753655,7444,508930578,54174103,1716,-6160,-39,6261,293122850,2115,293122900,2115,155,-56,30,189,2475,6,121,2477
50764277,7445,508930586,54174060,1716,-6160,-38,6261,293122900,2115,293122910,2115,156,-56,-6,33,2387,-28,-32,2385
50773647,7445,508930593,54174017,1716,-6159,-37,6261,293122900,2115,293122920,2115,156,-56,6,64,2375,-16,-1,2374
50783637,7445,508930601,54173973,1716,-6160,-35,6261,293122900,2115,293122930,2115,156,-55,33,119,2335,12,55,2336
50794205,7446,508930609,54173930,1716,-6160,-35,6261,293122900,2115,293122940,2115,155,-54,15,75,2459,-7,8,2459
50803639,7446,508930616,54173887,1715,-6160,-35,6262,293122900,2115,293122950,2115,155,-53,26,99,2440,5,33,2440
50813665,7446,508930624,54173844,1716,-6160,-34,6262,293122900,2115,293122960,2115,154,-52,56,62,2455,36,-4,2454
50823678,7446,508930632,54173800,1715,-6160,-34,6262,293122950,2115,293122970,2115,154,-51,19,131,2438,-2,65,2439
50833645,7446,508930640,54173757,1714,-6160,-33,6262,293122950,2115,293122980,2115,154,-51,10,168,2457,-10,101,2458
50843651,7446,508930647,54173714,1714,-6160,-33,6262,293122950,2115,293122990,2115,154,-50,27,73,2438,7,7,2438
50853673,7446,508930655,54173671,1714,-6160,-31,6262,293122950,2115,293123000,2115,153,-49,20,76,2263,2,15,2263
50863659,7446,508930663,54173628,1714,-6160,-29,6262,293122950,2115,293123010,2115,153,-49,9,96,2262,-9,35,2262
50873659,7446,508930670,54173584,1713,-6161,-27,6262,293123000,2115,293123020,2115,152,-48,28,113,2252,11,52,2253
50884441,7446,508930678,54173541,1713,-6161,-26,6262,293123000,2115,293123030,2115,151,-48,50,90,2401,31,26,2401
50893671,7447,508930686,54173498,1713,-6161,-26,6262,293123000,2115,293123040,2115,151,-48,66,135,2410,47,72,2411
50903639,7447,508930694,54173455,1713,-6162,-25,6262,293123000,2115,293123050,2115,150,-48,87,88,2474,67,23,2474
50913671,7446,508930701,54173412,1713,-6162,-25,6262,293123000,2115,293123060,2115,150,-49,45,58,2445,26,-7,2444
50923647,7446,508930709,54173368,1713,-6162,-25,6262,293123050,2115,293123070,2115,150,-49,21,93,2465,1,28,2465
50933658,7446,508930717,54173325,1713,-6162,-24,6262,293123050,2115,293123080,2115,150,-50,-24,76,2406,-44,12,2405
50943658,7446,508930724,54173282,1712,-6162,-24,6262,293123050,2115,293123090,2115,150,-51,19,102,2443,-1,38,2443
50953638,7446,508930732,54173239,1713,-6162,-23,6262,293123050,2115,293123100,2115,150,-52,19,23,2481,-1,-42,2479
50963693,7446,508930740,54173195,1712,-6162,-24,6262,293123050,2115,293123110,2115,150,-53,55,112,2548,33,45,2549
50974393,7446,508930747,54173152,1712,-6163,-24,6262,293123100,2115,293123120,2115,150,-54,64,114,2570,42,47,2570
50983669,7446,508930755,54173109,1712,-6163,-25,6262,293123100,2115,293123130,2115,150,-55,54,24,2624,31,-45,2622
50993653,7446,508930763,54173066,1712,-6162,-26,6262,293123100,2115,293123140,2115,151,-56,-5,46,2546,-28,-21,2544
51003761,7446,508930770,54173022,1713,-6162,-26,6262,293123100,2115,293123150,2115,151,-57,0,-3,2614,-24,-73,2611
51013708,7446,508930778,54172979,1712,-6162,-27,6262,293123100,2115,293123160,2115,151,-58,-7,169,2580,-32,100,2582
51023748,7446,508930786,54172936,1712,-6162,-28,6262,293123150,2115,293123170,2115,152,-59,11,37,2638,-14,-33,2636
51034106,7445,508930794,54172893,1712,-6162,-29,6262,293123150,2115,293123180,2115,152,-60,55,79,2662,28,8,2661
51043641,7445,508930801,54172850,1712,-6162,-31,6262,293123150,2115,293123190,2115,152,-61,47,67,2649,20,-4,2648
51053650,7445,508930809,54172806,1713,-6162,-32,6262,293123150,2115,293123200,2115,153,-62,57,18,2631,30,-52,2630
51064631,7445,508930817,54172763,1713,-6162,-32,6262,293123150,2115,293123210,2115,154,-63,22,39,2547,-4,-30,2545
51073667,7444,508930824,54172720,1713,-6162,-33,6262,293123200,2115,293123220,2115,155,-64,-16,52,2581,-43,-18,2579
51083645,7444,508930832,54172677,1713,-6162,-34,6262,293123200,2115,293123230,2115,155,-65,9,61,2634,-20,-11,2633
51093646,7444,508930840,54172633,1713,-6162,-35,6262,293123200,2115,293123240,2115,155,-66,35,76,2714,5,2,2713
51103638,7444,508930847,54172590,1714,-6162,-37,6262,293123200,2115,293123250,2115,156,-67,61,5,2713,32,-69,2711
51113670,7443,508930855,54172547,1714,-6162,-39,6262,293123200,2115,293123260,2115,156,-67,48,44,2732,17,-30,2731
51123701,7443,508930863,54172504,1714,-6162,-40,6262,293123250,2115,293123270,2115,157,-68,3,53,2631,-27,-20,2630
51133674,7443,508930871,54172461,1715,-6161,-41,6262,293123250,2115,293123280,2115,157,-68,3,-33,2611,-26,-105,2607
51143667,7443,508930878,54172417,1715,-6161,-41,6262,293123250,2115,293123290,2115,157,-67,-14,50,2607,-43,-22,2605
51153654,7443,508930886,54172374,1715,-6161,-42,6262,293123250,2115,293123300,2115,157,-67,17,74,2599,-12,2,2599
51163649,7442,508930894,54172331,1715,-6161,-43,6262,293123250,2115,293123310,2115,157,-66,15,39,2595,-13,-33,2594
51173671,7442,508930901,54172288,1715,-6161,-44,6262,293123300,2115,293123320,2115,157,-65,31,41,2632,3,-31,2630
51184649,7442,508930909,54172244,1716,-6161,-45,6262,293123300,2115,293123330,2115,157,-64,54,3,2596,27,-69,2593
51193680,7442,508930917,54172201,1716,-6161,-45,6262,293123300,2115,293123340,2115,157,-63,24,41,2583,-2,-30,2581
51203657,7441,508930925,54172158,1716,-6161,-45,6262,293123300,2115,293123350,2115,157,-62,27,93,2521,1,23,2521
51213675,7441,508930932,54172115,1716,-6160,-45,6262,293123300,2115,293123360,2115,156,-60,-28,-4,2496,-52,-73,2493
51223703,7441,508930940,54172072,1716,-6160,-45,6262,293123350,2115,293123370,2115,156,-59,5,48,2497,-19,-20,2495
51233646,7441,508930948,54172028,1716,-6160,-45,6262,293123350,2115,293123380,2115,155,-57,21,83,2415,-2,17,2414
51243673,7441,508930955,54171985,1717,-6160,-44,6262,293123350,2115,293123390,2115,154,-56,80,44,2440,58,-21,2439
51253660,7440,508930963,54171942,1717,-6161,-44,6262,293123350,2115,293123400,2115,154,-54,63,-13,2439,42,-78,2436
51263663,7440,508930971,54171899,1717,-6161,-43,6262,293123350,2115,293123410,2115,153,-53,34,54,2434,13,-11,2433
51273723,7440,508930979,54171855,1717,-6161,-42,6262,293123400,2115,293123420,2115,152,-52,28,111,2417,8,46,2417
51283632,7440,508930986,54171812,1717,-6161,-42,6262,293123400,2115,293123430,2115,152,-50,-9,36,2454,-29,-29,2452
51293657,7439,508930994,54171769,1718,-6161,-42,6262,293123400,2115,293123440,2115,151,-49,42,12,2450,23,-52,2448
51303643,7439,508931002,54171726,1718,-6161,-41,6262,293123400,2115,293123450,2115,151,-48,43,73,2403,24,9,2403
51313665,7439,508931009,54171683,1718,-6161,-40,6262,293123400,2115,293123460,2115,150,-47,53,27,2402,35,-36,2401
51323711,7439,508931017,54171639,1718,-6161,-39,6262,293123450,2115,293123470,2115,150,-47,57,2,2378,39,-60,2376
51333653,7438,508931025,54171596,1718,-6161,-38,6262,293123450,2115,293123480,2115,149,-46,11,62,2405,-7,-1,2404
51343659,7438,508931033,54171553,1718,-6161,-37,6262,293123450,2115,293123490,2115,149,-46,3,120,2351,-15,58,2351
51353663,7438,508931040,54171510,1718,-6161,-37,6262,293123450,2115,293123500,2115,148,-46,0,39,2425,-18,-24,2423
51363641,7437,508931048,54171467,1719,-6161,-36,6262,293123450,2115,293123510,2115,148,-45,67,-1,2422,50,-64,2419
51373709,7437,508931056,54171423,1719,-6161,-35,6262,293123500,2115,293123520,2115,149,-45,58,20,2423,40,-43,2421
51383647,7437,508931064,54171380,1719,-6162,-35,6262,293123500,2115,293123530,2115,149,-46,43,65,2439,25,1,2439
51393654,7436,508931071,54171337,1719,-6161,-35,6262,293123500,2115,293123540,2115,149,-46,14,19,2495,-4,-47,2493
51403931,7436,508931079,54171294,1720,-6161,-34,6262,293123500,2115,293123550,2115,149,-46,-8,5,2466,-26,-60,2464
51413708,7436,508931087,54171250,1720,-6161,-34,6262,293123500,2115,293123560,2115,149,-47,18,75,2473,-1,10,2473
51424608,7436,508931094,54171207,1720,-6161,-34,6262,293123550,2115,293123570,2115,150,-48,20,2,2457,2,-62,2454
51433674,7435,508931102,54171164,1720,-6161,-33,6262,293123550,2115,293123580,2115,150,-49,52,53,2459,33,-12,2458
51443680,7435,508931110,54171121,1721,-6161,-33,6262,293123550,2115,293123590,2115,151,-50,37,-38,2386,18,-101,2383
51453669,7435,508931118,54171078,1721,-6161,-32,6262,293123550,2115,293123600,2115,152,-50,36,32,2430,17,-33,2429
51463668,7435,508931125,54171034,1722,-6161,-31,6262,293123550,2115,293123610,2115,153,-51,20,22,2436,0,-43,2434
51473672,7434,508931133,54170991,1722,-6161,-32,6262,293123600,2115,293123620,2115,153,-52,5,17,2535,-16,-51,2532
51483662,7434,508931141,54170948,1722,-6161,-32,6262,293123600,2115,293123630,2115,154,-53,-7,39,2531,-29,-30,2529
51493693,7434,508931149,54170905,1722,-6161,-33,6262,293123600,2115,293123640,2115,154,-54,55,60,2606,32,-10,2606
51503631,7434,508931156,54170861,1723,-6161,-32,6262,293123600,2115,293123650,2115,155,-55,-7,21,2450,-28,-46,2447
51513666,7434,508931164,54170818,1723,-6160,-33,6262,293123600,2115,293123660,2115,156,-55,10,20,2546,-12,-49,2544
51523715,7434,508931172,54170775,1724,-6160,-33,6262,293123650,2115,293123670,2115,157,-56,4,-36,2543,-19,-107,2539
51534233,7433,508931180,54170732,1724,-6160,-33,6262,293123650,2115,293123680,2115,158,-56,5,81,2534,-19,11,2534
51543652,7433,508931187,54170689,1724,-6160,-33,6262,293123650,2115,293123690,2115,159,-57,3,49,2518,-20,-22,2516
51553639,7433,508931195,54170645,1724,-6160,-33,6262,293123650,2115,293123700,2115,160,-57,59,-8,2507,36,-78,2504
51563686,7433,508931203,54170602,1725,-6160,-33,6262,293123650,2115,293123710,2115,160,-58,21,18,2454,-2,-51,2452
51573697,7433,508931211,54170559,1725,-6160,-33,6262,293123700,2115,293123720,2115,161,-58,11,63,2520,-13,-9,2519
51583649,7433,508931218,54170516,1726,-6159,-33,6262,293123700,2115,293123730,2115,162,-59,22,-54,2452,-1,-124,2448
51593667,7433,508931226,54170473,1725,-6159,-33,6262,293123700,2115,293123740,2115,162,-59,28,118,2501,3,47,2502
51603666,7433,508931234,54170429,1726,-6159,-33,6262,293123700,2115,293123750,2115,163,-59,19,48,2574,-6,-25,2572
51613660,7433,508931242,54170386,1726,-6159,-34,6262,293123700,2115,293123760,2115,163,-59,31,-47,2583,7,-120,2579
51623780,7433,508931249,54170343,1727,-6159,-35,6262,293123750,2115,293123770,2115,163,-60,36,39,2613,10,-36,2611
51633737,7433,508931257,54170300,1727,-6159,-35,6262,293123750,2115,293123780,2115,163,-60,-1,65,2484,-25,-6,2483
51643663,7433,508931265,54170257,1726,-6159,-35,6262,293123750,2115,293123790,2115,163,-60,-1,86,2508,-25,14,2508
51653644,7433,508931273,54170213,1727,-6158,-34,6262,293123750,2115,293123800,2115,163,-59,-3,19,2444,-26,-51,2442
51663658,7433,508931280,54170170,1727,-6159,-35,6262,293123750,2115,293123810,2115,163,-59,35,97,2539,10,24,2539
51673818,7433,508931288,54170127,1727,-6159,-35,6262,293123800,2115,293123820,2115,163,-59,30,70,2583,5,-4,2582
51683738,7433,508931296,54170084,1727,-6159,-36,6262,293123800,2115,293123830,2115,163,-59,27,69,2617,2,-6,2616
51693659,7434,508931304,54170041,1726,-6159,-36,6262,293123800,2115,293123840,2115,163,-58,31,88,2509,7,16,2508
51703629,7434,508931311,54169997,1726,-6159,-37,6262,293123800,2115,293123850,2115,163,-58,10,84,2536,-14,12,2535
51713661,7434,508931319,54169954,1727,-6159,-37,6262,293123800,2115,293123860,2115,163,-58,20,33,2510,-3,-39,2508
51723815,7434,508931327,54169911,1727,-6159,-36,6262,293123850,2115,293123870,2115,163,-58,34,69,2479,11,-2,2478
51733736,7434,508931335,54169868,1727,-6158,-36,6262,293123850,2115,293123880,2115,164,-57,-22,79,2453,-45,9,2453
51743647,7434,508931343,54169825,1726,-6158,-36,6262,293123850,2115,293123890,2115,163,-57,26,156,2514,2,84,2515
51753676,7434,508931350,54169781,1727,-6158,-36,6262,293123850,2115,293123900,2115,163,-57,33,38,2545,10,-35,2544
51763673,7434,508931358,54169738,1727,-6159,-37,6262,293123850,2115,293123910,2115,163,-57,79,31,2554,56,-42,2553
51773796,7434,508931366,54169695,1728,-6159,-37,6262,293123900,2115,293123920,2115,163,-57,45,72,2501,22,0,2501
51783713,7434,508931374,54169652,1728,-6159,-36,6262,293123900,2115,293123930,2115,163,-56,-4,78,2430,-27,8,2430
51793633,7434,508931381,54169609,1727,-6159,-36,6262,293123900,2115,293123940,2115,163,-56,-2,148,2466,-25,77,2467
51803647,7434,508931389,54169565,1727,-6158,-36,6262,293123900,2115,293123950,2115,163,-56,-18,58,2538,-41,-15,2536
51813681,7434,508931397,54169522,1727,-6158,-37,6262,293123900,2115,293123960,2115,163,-56,41,74,2601,17,-1,2601
51823792,7434,508931405,54169479,1728,-6158,-37,6263,293123950,2115,293123970,2115,163,-56,45,99,2560,22,26,2560
51833729,7434,508931412,54169436,1728,-6159,-37,6263,293123950,2115,293123980,2115,163,-56,53,49,2486,30,-22,2485
51843672,7434,508931420,54169393,1728,-6159,-37,6263,293123950,2115,293123990,2115,163,-56,30,16,2440,8,-53,2438
51853662,7434,508931428,54169349,1727,-6158,-36,6263,293123950,2115,293124000,2115,163,-55,-28,191,2473,-51,120,2475
51863660,7435,508931436,54169306,1727,-6158,-36,6263,293123950,2115,293124010,2115,163,-55,-32,47,2452,-53,-23,2450
51873799,7435,508931444,54169263,1727,-6158,-37,6263,293124000,2115,293124020,2115,162,-54,9,88,2598,-14,14,2597
51883739,7435,508931451,54169220,1727,-6158,-37,6263,293124000,2115,293124030,2115,162,-54,56,103,2543,33,31,2544
51893643,7435,508931459,54169177,1727,-6159,-37,6263,293124000,2115,293124040,2115,162,-53,64,79,2526,42,7,2526
51903673,7435,508931467,54169133,1727,-6159,-37,6263,293124000,2115,293124050,2115,162,-53,65,71,2476,43,1,2476
51913659,7435,508931475,54169090,1728,-6159,-37,6263,293124000,2115,293124060,2115,162,-53,-3,33,2495,-24,-38,2493
51923810,7435,508931482,54169047,1728,-6158,-36,6263,293124050,2115,293124070,2115,162,-52,-33,138,2422,-54,69,2423
51933714,7435,508931490,54169004,1727,-6158,-36,6263,293124050,2115,293124080,2115,162,-52,-26,128,2453,-47,58,2454
51943675,7435,508931498,54168960,1727,-6158,-35,6263,293124050,2115,293124090,2115,162,-52,46,76,2454,25,6,2454
51953659,7436,508931506,54168917,1727,-6159,-35,6263,293124050,2115,293124100,2115,162,-52,108,46,2475,87,-24,2474
51963691,7436,508931513,54168874,1727,-6159,-35,6263,293124050,2115,293124110,2115,162,-52,66,97,2455,45,27,2455
51973806,7436,508931521,54168831,1728,-6159,-35,6263,293124100,2115,293124120,2115,162,-52,29,55,2450,9,-15,2449
51983704,7436,508931529,54168788,1727,-6159,-34,6263,293124100,2115,293124130,2115,162,-52,-33,95,2496,-54,24,2496
51993655,7436,508931537,54168744,1727,-6158,-34,6263,293124100,2115,293124140,2115,162,-52,-18,52,2492,-39,-19,2490
52003696,7436,508931544,54168701,1727,-6158,-35,6263,293124100,2115,293124150,2115,162,-52,-10,141,2575,-32,67,2575
52013679,7437,508931552,54168658,1727,-6159,-35,6263,293124100,2115,293124160,2115,162,-52,57,70,2554,35,-3,2553
52023800,7437,508931560,54168615,1727,-6159,-36,6263,293124150,2115,293124170,2115,162,-53,66,42,2588,43,-31,2587
52034069,7437,508931568,54168572,1727,-6159,-36,6263,293124150,2115,293124180,2115,162,-53,34,91,2519,12,20,2519
52043648,7437,508931576,54168528,1727,-6159,-36,6263,293124150,2115,293124190,2115,162,-53,11,100,2457,-10,31,2457
52053664,7437,508931583,54168485,1727,-6158,-35,6263,293124150,2115,293124200,2115,162,-54,-44,73,2412,-65,4,2410
52063859,7437,508931591,54168442,1726,-6158,-35,6263,293124150,2115,293124210,2115,162,-54,6,122,2522,-16,51,2522
52073837,7437,508931599,54168399,1727,-6159,-36,6263,293124200,2115,293124220,2115,162,-55,42,47,2536,19,-25,2535
52084288,7437,508931607,54168356,1727,-6159,-36,6263,293124200,2115,293124230,2115,161,-56,68,103,2563,44,31,2564
52094142,7437,508931614,54168312,1726,-6159,-37,6263,293124200,2115,293124240,2115,161,-57,62,125,2584,37,52,2585
52103631,7437,508931622,54168269,1727,-6159,-37,6263,293124200,2115,293124250,2115,162,-58,29,-3,2564,5,-76,2561
52113655,7437,508931630,54168226,1726,-6159,-37,6263,293124200,2115,293124260,2115,162,-58,-14,165,2481,-38,94,2483
52124061,7437,508931638,54168183,1726,-6159,-37,6263,293124250,2115,293124270,2115,162,-58,-39,60,2456,-62,-11,2455
52134093,7437,508931645,54168140,1726,-6158,-37,6263,293124250,2115,293124280,2115,163,-58,-12,78,2546,-36,5,2545
52143639,7437,508931653,54168096,1726,-6158,-37,6263,293124250,2115,293124290,2115,162,-58,14,41,2541,-10,-31,2539
52154089,7437,508931661,54168053,1726,-6159,-38,6263,293124250,2115,293124300,2115,163,-58,63,144,2661,37,68,2663
52163659,7437,508931669,54168010,1726,-6159,-39,6263,293124250,2115,293124310,2115,163,-58,83,65,2620,58,-10,2620
52173821,7437,508931676,54167967,1726,-6159,-40,6263,293124300,2115,293124320,2115,164,-58,14,11,2582,-10,-63,2579
52183775,7437,508931684,54167924,1726,-6158,-40,6263,293124300,2115,293124330,2115,164,-57,-41,81,2526,-65,8,2525
52193677,7437,508931692,54167880,1725,-6158,-41,6263,293124300,2115,293124340,2115,164,-57,-84,142,2547,-108,68,2547
52203667,7437,508931700,54167837,1725,-6158,-40,6263,293124300,2115,293124350,2115,164,-56,8,71,2426,-14,1,2425
52213987,7437,508931707,54167794,1726,-6158,-40,6263,293124300,2115,293124360,2115,164,-56,96,5,2477,74,-66,2475
52223816,7437,508931715,54167751,1726,-6158,-39,6263,293124350,2115,293124370,2115,164,-56,77,115,2381,55,46,2382
52233736,7437,508931723,54167708,1726,-6159,-38,6263,293124350,2115,293124380,2115,164,-55,65,86,2417,43,16,2418
52244274,7437,508931731,54167664,1726,-6159,-38,6263,293124350,2115,293124390,2115,164,-55,22,49,2426,0,-21,2425
52253688,7437,508931738,54167621,1727,-6159,-37,6263,293124350,2115,293124400,2115,164,-55,8,14,2465,-14,-57,2463
52263666,7437,508931746,54167578,1726,-6158,-37,6263,293124350,2115,293124410,2115,164,-55,-18,122,2494,-41,50,2495
52273809,7437,508931754,54167535,1726,-6158,-37,6263,293124400,2115,293124420,2115,163,-55,26,130,2520,4,58,2521
52283720,7437,508931762,54167492,1727,-6158,-37,6263,293124400,2115,293124430,2115,162,-55,43,-26,2509,21,-98,2506
52294603,7437,508931769,54167448,1727,-6159,-38,6263,293124400,2115,293124440,2115,161,-55,53,67,2557,30,-6,2557
52304255,7437,508931777,54167405,1727,-6159,-38,6263,293124400,2115,293124450,2115,161,-55,26,128,2472,3,59,2473
52313674,7437,508931785,54167362,1726,-6159,-38,6263,293124400,2115,293124460,2115,160,-55,-4,88,2494,-26,18,2494
52323823,7437,508931793,54167319,1727,-6158,-37,6263,293124450,2115,293124470,2115,159,-55,-17,27,2466,-39,-42,2464
52333740,7437,508931801,54167276,1727,-6158,-37,6263,293124450,2115,293124480,2115,157,-55,-11,60,2490,-34,-9,2489
52343651,7437,508931808,54167232,1726,-6158,-37,6263,293124450,2115,293124490,2115,156,-55,42,222,2457,19,154,2461
52353663,7437,508931816,54167189,1726,-6159,-37,6263,293124450,2115,293124500,2115,156,-56,89,18,2495,67,-50,2494
52363914,7437,508931824,54167146,1727,-6159,-37,6263,293124450,2115,293124510,2115,155,-56,47,-37,2493,25,-105,2489
52373832,7437,508931832,54167103,1727,-6159,-37,6263,293124500,2115,293124520,2115,154,-56,4,119,2493,-19,52,2493
52383734,7437,508931839,54167060,1726,-6158,-37,6263,293124500,2115,293124530,2115,153,-56,-41,126,2540,-64,58,2540
52393664,7437,508931847,54167016,1726,-6158,-37,6263,293124500,2115,293124540,2115,152,-56,4,56,2532,-19,-12,2531
52403654,7436,508931855,54166973,1726,-6158,-38,6263,293124500,2115,293124550,2115,151,-57,22,64,2558,-2,-4,2557
52413683,7436,508931863,54166930,1726,-6158,-38,6263,293124500,2115,293124560,2115,150,-57,67,46,2514,44,-20,2514
52424161,7436,508931870,54166887,1726,-6159,-38,6263,293124550,2115,293124570,2115,150,-57,60,109,2533,36,43,2533
52433731,7436,508931878,54166843,1726,-6159,-37,6263,293124550,2115,293124580,2115,150,-58,19,105,2425,-4,41,2425
52443665,7436,508931886,54166800,1726,-6159,-37,6263,293124550,2115,293124590,2115,149,-58,15,9,2446,-7,-55,2443
52454041,7436,508931894,54166757,1726,-6158,-37,6263,293124550,2115,293124600,2115,148,-57,-37,35,2443,-60,-29,2441
52463662,7436,508931901,54166714,1726,-6158,-37,6263,293124550,2115,293124610,2115,147,-57,-26,117,2517,-50,52,2517
52473810,7436,508931909,54166671,1725,-6158,-37,6263,293124600,2115,293124620,2115,146,-57,40,113,2587,16,46,2587
52484403,7436,508931917,54166627,1726,-6158,-38,6263,293124600,2115,293124630,2115,146,-57,99,26,2609,75,-40,2607
52493659,7435,508931925,54166584,1727,-6159,-39,6263,293124600,2115,293124640,2115,145,-57,76,-26,2568,53,-91,2565
52503633,7435,508931932,54166541,1726,-6158,-39,6263,293124600,2115,293124650,2115,145,-57,-21,95,2518,-44,30,2518
52514182,7435,508931940,54166498,1726,-6158,-38,6263,293124600,2115,293124660,2115,145,-56,-84,101,2450,-106,38,2449
52523831,7435,508931948,54166455,1725,-6157,-38,6263,293124650,2115,293124670,2115,144,-56,-24,33,2396,-46,-28,2394
52533741,7435,508931956,54166411,1725,-6158,-37,6263,293124650,2115,293124680,2115,143,-55,39,40,2353,18,-20,2352
52544317,7435,508931963,54166368,1726,-6158,-35,6263,293124650,2115,293124690,2115,143,-54,95,59,2353,74,0,2353
52553641,7435,508931971,54166325,1725,-6159,-35,6263,293124650,2115,293124700,2115,143,-54,90,128,2448,68,66,2450
52563662,7434,508931979,54166282,1726,-6159,-35,6263,293124650,2115,293124710,2115,143,-54,26,-35,2521,5,-99,2518
52574282,7434,508931987,54166239,1726,-6158,-35,6263,293124700,2115,293124720,2115,143,-53,16,-1,2495,-5,-64,2492
52583709,7434,508931994,54166195,1726,-6158,-34,6263,293124700,2115,293124730,2115,143,-53,-26,81,2466,-47,19,2465
52593696,7434,508932002,54166152,1726,-6158,-34,6263,293124700,2115,293124740,2115,142,-52,-2,75,2482,-23,12,2481
52603875,7434,508932010,54166109,1726,-6158,-34,6263,293124700,2115,293124750,2115,142,-51,10,27,2418,-9,-34,2416
52614468,7434,508932018,54166066,1726,-6158,-33,6263,293124700,2115,293124760,2115,142,-51,28,14,2432,9,-47,2430
52623797,7433,508932025,54166023,1726,-6158,-32,6263,293124750,2115,293124770,2115,142,-50,61,-28,2425,42,-89,2422
52633721,7433,508932033,54165979,1726,-6158,-31,6263,293124750,2115,293124780,2115,142,-50,14,85,2366,-5,25,2365
52643727,7433,508932041,54165936,1726,-6158,-30,6263,293124750,2115,293124790,2115,142,-50,11,55,2436,-8,-6,2435
52654063,7433,508932049,54165893,1726,-6158,-30,6263,293124750,2115,293124800,2115,142,-50,24,-3,2494,4,-65,2491
52664155,7433,508932057,54165850,1726,-6158,-30,6263,293124750,2115,293124810,2115,142,-50,39,82,2486,19,20,2486
52673792,7433,508932064,54165807,1726,-6158,-29,6263,293124800,2115,293124820,2115,142,-51,47,49,2458,28,-12,2457
52683720,7432,508932072,54165763,1726,-6158,-28,6263,293124800,2115,293124830,2115,143,-51,49,14,2420,30,-46,2418
52694485,7432,508932080,54165720,1726,-6158,-28,6263,293124800,2115,293124840,2115,143,-51,6,29,2455,-14,-33,2453
52703649,7432,508932088,54165677,1727,-6158,-28,6263,293124800,2115,293124850,2115,143,-52,-10,29,2455,-30,-33,2453
52713784,7432,508932095,54165634,1727,-6158,-28,6263,293124800,2115,293124860,2115,144,-53,30,44,2559,8,-20,2557
52724348,7432,508932103,54165591,1726,-6158,-28,6263,293124850,2115,293124870,2115,143,-54,29,37,2565,6,-28,2564
52733753,7432,508932111,54165547,1726,-6158,-28,6263,293124850,2115,293124880,2115,143,-54,65,69,2554,43,5,2554
52743655,7431,508932119,54165504,1726,-6158,-29,6263,293124850,2115,293124890,2115,144,-55,13,24,2555,-10,-40,2553
52754583,7431,508932126,54165461,1727,-6158,-29,6263,293124850,2115,293124900,2115,144,-56,15,-33,2547,-8,-97,2543
52763791,7431,508932134,54165418,1727,-6158,-29,6263,293124850,2115,293124910,2115,145,-57,2,77,2564,-22,12,2563
52773791,7431,508932142,54165374,1725,-6158,-30,6263,293124900,2115,293124920,2115,145,-58,-12,41,2568,-36,-25,2567
52784179,7431,508932150,54165331,1725,-6158,-31,6263,293124900,2115,293124930,2115,145,-59,28,46,2618,3,-21,2617
52793662,7431,508932157,54165288,1726,-6158,-31,6263,293124900,2115,293124940,2115,145,-59,51,8,2597,27,-58,2595
52803672,7431,508932165,54165245,1726,-6158,-32,6263,293124900,2115,293124950,2115,146,-60,26,48,2586,1,-18,2585
52814217,7431,508932173,54165202,1726,-6157,-31,6263,293124900,2115,293124960,2115,146,-60,30,1,2451,6,-62,2449
52823826,7430,508932181,54165158,1724,-6157,-32,6263,293124950,2115,293124970,2115,146,-60,1,86,2608,-25,19,2607
52833718,7430,508932188,54165115,1725,-6157,-33,6263,293124950,2115,293124980,2115,146,-60,-32,25,2613,-58,-42,2610
52844378,7431,508932196,54165072,1725,-6157,-34,6263,293124950,2115,293124990,2115,146,-60,18,16,2665,-9,-52,2662
52853674,7431,508932204,54165029,1725,-6157,-35,6264,293124950,2115,293125000,2115,146,-60,33,108,2661,7,40,2661
52863931,7431,508932212,54164986,1726,-6157,-36,6264,293124950,2115,293125010,2115,146,-60,45,-52,2590,19,-118,2586
52874053,7431,508932219,54164942,1724,-6157,-35,6264,293125000,2115,293125020,2115,146,-60,3,86,2480,-22,23,2479
52883759,7431,508932227,54164899,1724,-6157,-35,6264,293125000,2115,293125030,2115,146,-60,6,57,2458,-18,-7,2456
52893668,7431,508932235,54164856,1724,-6156,-34,6264,293125000,2115,293125040,2115,146,-59,-14,70,2426,-37,8,2425
52903650,7431,508932243,54164813,1724,-6156,-34,6264,293125000,2115,293125050,2115,145,-58,49,-33,2491,26,-96,2488
52913870,7431,508932250,54164770,1723,-6157,-34,6264,293125000,2115,293125060,2115,145,-58,36,230,2548,11,166,2552
52923807,7431,508932258,54164726,1722,-6157,-35,6264,293125050,2115,293125070,2115,144,-57,35,123,2566,10,58,2566
52933989,7431,508932266,54164683,1723,-6157,-36,6264,293125050,2115,293125080,2115,144,-57,60,-97,2614,36,-162,2609
52943655,7431,508932274,54164640,1723,-6157,-36,6264,293125050,2115,293125090,2115,144,-56,23,45,2452,0,-17,2451
52953676,7431,508932281,54164597,1722,-6157,-35,6264,293125050,2115,293125100,2115,143,-55,-9,163,2444,-31,102,2445
52963944,7431,508932289,54164554,1723,-6157,-34,6264,293125050,2115,293125110,2115,143,-54,-26,-18,2417,-47,-79,2414
52973800,7431,508932297,54164510,1720,-6159,-33,6264,293125100,2115,293125120,2115,141,-53,4,118,2476,-18,57,2476
52983713,7431,508932305,54164467,1720,-6159,-33,6264,293125100,2115,293125130,2115,141,-52,27,65,2451,6,5,2450
52993795,7431,508932312,54164424,1720,-6160,-33,6264,293125100,2115,293125140,2115,140,-52,72,103,2526,51,41,2526
53003677,7431,508932320,54164380,1721,-6160,-33,6264,293125100,2115,293125150,2115,140,-52,91,34,2467,71,-26,2466
53015035,7431,508932328,54164337,1721,-6160,-33,6264,293125100,2115,293125160,2115,140,-51,50,-18,2479,29,-78,2477
53023814,7431,508932336,54164293,1719,-6162,-31,6264,293125150,2115,293125170,2115,139,-51,-21,106,2411,-42,47,2411
53034078,7431,508932343,54164250,1719,-6162,-30,6264,293125150,2115,293125180,2115,139,-51,-52,85,2387,-72,26,2386
53043666,7431,508932351,54164207,1719,-6161,-30,6264,293125150,2115,293125190,2115,138,-51,7,57,2445,-13,-2,2443
53053647,7431,508932359,54164164,1719,-6161,-30,6264,293125150,2115,293125200,2115,138,-50,30,8,2480,10,-52,2478
53064287,7431,508932366,54164120,1719,-6162,-30,6264,293125150,2115,293125210,2115,138,-50,93,128,2525,72,67,2526
53074067,7431,508932374,54164077,1720,-6162,-30,6264,293125200,2115,293125220,2115,139,-51,69,-7,2492,49,-67,2490
53083756,7431,508932382,54164033,1720,-6162,-31,6264,293125200,2115,293125230,2115,139,-51,19,61,2563,-3,-2,2562
53093675,7431,508932390,54163990,1720,-6161,-31,6264,293125200,2115,293125240,2115,140,-51,-17,12,2499,-38,-50,2497
53103647,7431,508932397,54163947,1719,-6161,-31,6264,293125200,2115,293125250,2115,140,-51,-44,117,2481,-65,56,2481
53113932,7431,508932405,54163904,1719,-6161,-30,6264,293125200,2115,293125260,2115,140,-52,-19,91,2462,-40,30,2461
53123826,7431,508932413,54163860,1719,-6161,-31,6264,293125250,2115,293125270,2115,141,-51,53,27,2462,33,-34,2460
53133736,7431,508932421,54163817,1719,-6162,-30,6264,293125250,2115,293125280,2115,141,-51,71,66,2454,50,6,2453
53143664,7430,508932428,54163773,1720,-6162,-30,6264,293125250,2115,293125290,2115,142,-51,56,20,2495,36,-42,2493
53154012,7430,508932436,54163730,1719,-6161,-31,6264,293125250,2115,293125300,2115,143,-52,-23,88,2536,-44,24,2535
53163910,7430,508932444,54163687,1719,-6161,-31,6264,293125250,2115,293125310,2115,144,-52,8,44,2546,-14,-21,2544
53174011,7430,508932451,54163643,1719,-6161,-32,6264,293125300,2115,293125320,2115,145,-53,9,68,2571,-13,2,2570
53183751,7430,508932459,54163600,1720,-6161,-32,6264,293125300,2115,293125330,2115,146,-53,39,51,2558,17,-14,2557
53193665,7430,508932467,54163557,1720,-6161,-32,6264,293125300,2115,293125340,2115,146,-53,36,37,2540,14,-28,2539
53203914,7431,508932475,54163513,1720,-6161,-32,6264,293125300,2115,293125350,2115,147,-54,43,47,2450,22,-16,2448
53213925,7430,508932482,54163470,1720,-6160,-31,6264,293125300,2115,293125360,2115,148,-55,-17,63,2421,-39,0,2420
53223791,7430,508932490,54163426,1721,-6160,-32,6264,293125350,2115,293125370,2115,149,-56,22,56,2501,-1,-9,2500
53233868,7430,508932498,54163383,1721,-6160,-32,6264,293125350,2115,293125380,2115,150,-57,42,78,2556,18,11,2556
53243671,7430,508932506,54163340,1721,-6160,-33,6264,293125350,2115,293125390,2115,151,-58,25,40,2644,0,-30,2642
53253664,7431,508932513,54163297,1721,-6160,-34,6264,293125350,2115,293125400,2115,152,-59,71,98,2633,45,28,2634
53264797,7431,508932521,54163253,1721,-6160,-35,6264,293125350,2115,293125410,2115,153,-61,43,50,2555,18,-18,2554
53273809,7430,508932529,54163209,1722,-6160,-34,6264,293125400,2115,293125420,2115,154,-61,14,10,2465,-11,-57,2463
53283717,7430,508932537,54163166,1722,-6159,-34,6264,293125400,2115,293125430,2115,155,-62,-67,15,2484,-92,-53,2481
53293674,7431,508932544,54163123,1722,-6159,-34,6264,293125400,2115,293125440,2115,156,-62,-33,124,2547,-59,54,2547
53303638,7431,508932552,54163080,1722,-6159,-36,6264,293125400,2115,293125450,2115,156,-63,3,80,2666,-25,7,2665
53313887,7431,508932560,54163037,1722,-6159,-37,6264,293125400,2115,293125460,2115,157,-63,55,17,2710,27,-57,2708
53323826,7431,508932568,54162993,1723,-6159,-40,6264,293125450,2115,293125470,2115,158,-63,93,125,2707,64,51,2709
53333763,7431,508932575,54162949,1723,-6159,-41,6264,293125450,2115,293125480,2115,160,-64,36,46,2651,9,-28,2650
53343659,7431,508932583,54162906,1723,-6159,-41,6264,293125450,2115,293125490,2115,161,-64,-7,-5,2486,-33,-76,2483
53353667,7431,508932591,54162863,1724,-6158,-40,6264,293125450,2115,293125500,2115,162,-63,-40,7,2469,-65,-63,2466
53363981,7431,508932599,54162820,1723,-6157,-39,6264,293125450,2115,293125510,2115,162,-63,-117,157,2363,-142,89,2363
53373810,7431,508932606,54162775,1722,-6157,-40,6264,293125500,2115,293125520,2115,162,-62,-5,132,2457,-31,62,2458
53383749,7432,508932614,54162732,1722,-6158,-40,6264,293125500,2115,293125530,2115,162,-61,93,37,2509,68,-33,2508
53393664,7432,508932622,54162689,1724,-6159,-41,6264,293125500,2115,293125540,2115,162,-61,206,-38,2647,180,-113,2645
53403656,7432,508932630,54162646,1724,-6160,-41,6264,293125500,2115,293125550,2115,162,-60,93,95,2555,67,23,2556
53413942,7432,508932637,54162603,1722,-6160,-42,6264,293125500,2115,293125560,2115,163,-60,-32,270,2574,-58,196,2578
53423788,7432,508932645,54162558,1721,-6158,-41,6264,293125550,2115,293125570,2115,163,-60,-126,17,2416,-149,-52,2412
53434522,7432,508932653,54162515,1722,-6157,-40,6264,293125550,2115,293125580,2115,163,-59,-68,-131,2395,-90,-199,2388
53443679,7433,508932661,54162471,1721,-6157,-39,6264,293125550,2115,293125590,2115,162,-58,-5,195,2345,-27,128,2348
53453686,7433,508932668,54162428,1720,-6158,-39,6264,293125550,2115,293125600,2115,161,-57,104,236,2418,80,167,2423
53463930,7433,508932676,54162385,1720,-6159,-38,6264,293125550,2115,293125610,2115,161,-56,170,122,2488,147,53,2490
53473792,7433,508932684,54162340,1723,-6158,-37,6264,293125600,2115,293125620,2115,161,-55,65,22,2513,43,-49,2511
53483765,7433,508932692,54162297,1723,-6157,-38,6264,293125600,2115,293125630,2115,161,-55,-3,54,2544,-26,-18,2542
53493651,7434,508932699,54162253,1722,-6157,-38,6264,293125600,2115,293125640,2115,160,-54,-53,143,2476,-75,73,2476
53503647,7434,508932707,54162210,1721,-6157,-37,6264,293125600,2115,293125650,2115,160,-54,-46,201,2488,-69,131,2490
53514092,7434,508932715,54162167,1721,-6157,-37,6264,293125600,2115,293125660,2115,159,-53,46,5,2383,26,-61,2381
53523823,7434,508932722,54162122,1724,-6156,-35,6264,293125650,2115,293125670,2115,159,-52,72,68,2456,51,-1,2456
53534648,7434,508932730,54162078,1724,-6157,-34,6264,293125650,2115,293125680,2115,159,-52,75,114,2373,55,48,2374
53543651,7434,508932738,54162035,1723,-6157,-33,6264,293125650,2115,293125690,2115,159,-52,17,148,2421,-4,80,2422
53553755,7434,508932746,54161992,1723,-6157,-33,6264,293125650,2115,293125700,2115,159,-52,15,88,2404,-5,21,2403
53563922,7435,508932753,54161949,1723,-6157,-32,6264,293125650,2115,293125710,2115,158,-52,26,84,2475,5,16,2475
53573819,7435,508932761,54161903,1724,-6159,-32,6264,293125700,2115,293125720,2115,158,-53,45,128,2487,24,59,2488
53583711,7435,508932769,54161860,1724,-6159,-32,6264,293125700,2115,293125730,2115,158,-53,76,85,2452,55,17,2452
53593657,7435,508932777,54161817,1724,-6159,-31,6264,293125700,2115,293125740,2115,159,-54,10,62,2452,-11,-6,2451
53603658,7435,508932784,54161774,1724,-6159,-31,6264,293125700,2115,293125750,2115,159,-54,4,89,2407,-17,21,2406
53613920,7435,508932792,54161731,1724,-6159,-30,6264,293125700,2115,293125760,2115,160,-54,2,72,2463,-20,3,2462
53623792,7435,508932800,54161685,1724,-6158,-30,6264,293125750,2115,293125770,2115,161,-55,43,129,2472,20,59,2473
53634664,7435,508932808,54161642,1724,-6159,-30,6264,293125750,2115,293125780,2115,161,-55,27,68,2497,4,-2,2496
53643661,7435,508932815,54161599,1724,-6158,-30,6264,293125750,2115,293125790,2115,162,-56,17,27,2499,-6,-44,2497
53653658,7435,508932823,54161555,1724,-6159,-31,6264,293125750,2115,293125800,2115,163,-56,38,121,2537,14,48,2538
53663911,7435,508932831,54161512,1724,-6159,-31,6264,293125750,2115,293125810,2115,164,-56,24,54,2558,0,-19,2557
53673799,7435,508932838,54161467,1723,-6157,-31,6264,293125800,2115,293125820,2115,165,-57,8,97,2549,-16,23,2549
53683743,7435,508932846,54161423,1723,-6157,-31,6264,293125800,2115,293125830,2115,166,-57,-20,58,2487,-43,-15,2485
53693689,7436,508932854,54161380,1723,-6157,-31,6264,293125800,2115,293125840,2115,167,-57,16,95,2496,-7,21,2496
53703655,7436,508932862,54161337,1723,-6157,-31,6264,293125800,2115,293125850,2115,168,-57,24,59,2439,1,-13,2438
53714237,7436,508932869,54161294,1723,-6157,-30,6264,293125800,2115,293125860,2115,170,-57,41,97,2458,18,24,2459
53724102,7436,508932877,54161248,1724,-6158,-30,6264,293125850,2115,293125870,2115,171,-56,47,37,2384,25,-34,2383
53733922,7436,508932885,54161205,1723,-6158,-30,6264,293125850,2115,293125880,2115,172,-56,25,120,2430,3,47,2430
53743637,7436,508932892,54161162,1723,-6158,-29,6264,293125850,2115,293125890,2115,173,-56,13,87,2443,-9,13,2443
53753627,7436,508932900,54161118,1723,-6158,-29,6264,293125850,2115,293125900,2115,174,-56,21,48,2532,-2,-30,2530
53764034,7437,508932908,54161075,1723,-6158,-30,6264,293125850,2115,293125910,2115,175,-56,3,125,2541,-21,47,2542
53773792,7437,508932916,54161029,1723,-6158,-31,6264,293125900,2115,293125920,2115,175,-56,19,96,2532,-4,19,2532
53783748,7437,508932923,54160986,1723,-6158,-31,6264,293125900,2115,293125930,2115,176,-56,29,103,2497,6,26,2498
53794220,7437,508932931,54160943,1724,-6158,-31,6264,293125900,2115,293125940,2115,176,-56,56,8,2490,33,-69,2487
53803651,7438,508932939,54160900,1723,-6158,-31,6264,293125900,2115,293125950,2115,177,-56,-5,126,2507,-28,48,2508
53814557,7438,508932947,54160857,1723,-6158,-31,6264,293125900,2115,293125960,2115,177,-56,14,131,2502,-9,54,2503
53824114,7438,508932954,54160811,1723,-6158,-31,6264,293125950,2115,293125970,2115,178,-57,41,102,2565,17,22,2565
53833992,7438,508932962,54160767,1723,-6158,-31,6264,293125950,2115,293125980,2115,178,-57,29,111,2460,6,34,2461
53844276,7438,508932970,54160724,1723,-6158,-31,6264,293125950,2115,293125990,2115,178,-57,58,85,2539,34,6,2539
53853648,7439,508932977,54160681,1723,-6158,-31,6264,293125950,2115,293126000,2115,178,-58,29,112,2479,5,34,2479
53863915,7439,508932985,54160638,1722,-6158,-31,6264,293125950,2115,293126010,2115,179,-59,20,112,2523,-4,33,2524
53874141,7439,508932993,54160592,1723,-6159,-31,6265,293126000,2115,293126020,2115,179,-59,-6,60,2487,-30,-18,2485
53883750,7439,508933000,54160549,1722,-6159,-31,6265,293126000,2115,293126030,2115,179,-59,29,156,2577,3,75,2579
53893676,7440,508933008,54160505,1722,-6159,-32,6265,293126000,2115,293126040,2115,179,-60,9,84,2552,-16,4,2552
53903643,7440,508933016,54160462,1722,-6159,-33,6265,293126000,2115,293126050,2115,178,-60,38,173,2625,12,91,2628
53913927,7440,508933023,54160419,1721,-6159,-33,6265,293126000,2115,293126060,2115,178,-60,15,126,2522,-10,47,2523
53923838,7441,508933031,54160373,1722,-6159,-35,6265,293126050,2115,293126070,2115,178,-61,-5,24,2730,-32,-61,2727
53934276,7441,508933039,54160330,1722,-6158,-35,6265,293126050,2115,293126080,2115,178,-61,1,67,2597,-25,-15,2596
53943663,7441,508933046,54160286,1721,-6159,-36,6265,293126050,2115,293126090,2115,178,-62,67,220,2623,40,138,2627
53954635,7441,508933054,54160243,1721,-6159,-37,6265,293126050,2115,293126100,2115,178,-62,46,120,2536,20,41,2537
53964661,7442,508933062,54160200,1721,-6159,-36,6265,293126050,2115,293126110,2115,178,-62,9,87,2425,-15,11,2425
53973804,7442,508933070,54160154,1720,-6158,-35,6265,293126100,2115,293126120,2115,178,-62,-15,147,2431,-40,71,2432
53983733,7442,508933077,54160111,1720,-6158,-36,6265,293126100,2115,293126130,2115,178,-62,-15,71,2509,-40,-8,2508
53994385,7442,508933085,54160067,1720,-6158,-37,6265,293126100,2115,293126140,2115,179,-62,65,120,2705,37,36,2706
54003657,7442,508933093,54160024,1720,-6159,-38,6265,293126100,2115,293126150,2115,179,-62,96,67,2588,70,-14,2588
54015045,7443,508933100,54159981,1720,-6159,-39,6265,293126100,2115,293126160,2115,179,-62,55,133,2658,28,50,2660
54024076,7443,508933108,54159935,1719,-6159,-39,6265,293126150,2115,293126170,2115,178,-62,-24,155,2509,-49,76,2510
54033772,7443,508933116,54159891,1718,-6158,-40,6265,293126150,2115,293126180,2115,177,-61,-85,164,2537,-111,84,2538
54043647,7444,508933123,54159848,1718,-6158,-39,6265,293126150,2115,293126190,2115,176,-59,-66,103,2349,-89,30,2349
54054035,7444,508933131,54159805,1718,-6158,-39,6265,293126150,2115,293126200,2115,176,-58,11,-2,2507,-12,-80,2504
54063898,7445,508933139,54159762,1718,-6158,-38,6265,293126150,2115,293126210,2115,175,-57,89,111,2471,66,35,2472
54073803,7445,508933147,54159716,1717,-6158,-40,6265,293126200,2115,293126220,2115,175,-56,95,209,2618,71,129,2622
54083732,7445,508933154,54159672,1717,-6159,-40,6265,293126200,2115,293126230,2115,175,-55,77,83,2558,54,5,2558
54093661,7445,508933162,54159629,1717,-6159,-40,6265,293126200,2115,293126240,2115,174,-53,13,132,2515,-9,55,2516
54103678,7446,508933170,54159586,1716,-6159,-39,6265,293126200,2115,293126250,2115,173,-52,-49,157,2385,-70,84,2387
54115252,7446,508933177,54159543,1716,-6158,-37,6265,293126200,2115,293126260,2115,172,-51,-31,46,2273,-50,-23,2271
54123844,7446,508933185,54159497,1715,-6159,-37,6265,293126250,2115,293126270,2115,171,-49,-31,188,2263,-49,119,2266
54134328,7446,508933193,54159453,1714,-6160,-36,6265,293126250,2115,293126280,2115,171,-48,99,143,2332,81,73,2334
54143679,7447,508933200,54159410,1714,-6161,-36,6265,293126250,2115,293126290,2115,170,-47,101,157,2495,82,83,2497
54153644,7447,508933208,54159367,1714,-6162,-36,6265,293126250,2115,293126300,2115,169,-46,102,113,2522,83,38,2523
54163959,7447,508933216,54159324,1714,-6161,-36,6265,293126250,2115,293126310,2115,169,-46,-7,72,2463,-25,-1,2462
54173821,7447,508933223,54159278,1713,-6162,-36,6265,293126300,2115,293126320,2115,167,-45,1,147,2370,-16,77,2372
54183732,7448,508933231,54159234,1713,-6162,-34,6265,293126300,2115,293126330,2115,167,-45,20,50,2301,4,-18,2300
54193727,7448,508933239,54159191,1712,-6162,-32,6265,293126300,2115,293126340,2115,166,-44,-18,120,2269,-34,54,2270
54203670,7448,508933246,54159148,1712,-6162,-32,6265,293126300,2115,293126350,2115,166,-44,24,129,2424,6,58,2425
54213904,7448,508933254,54159105,1711,-6162,-31,6265,293126300,2115,293126360,2115,165,-43,28,112,2375,11,43,2376
54223825,7448,508933262,54159059,1711,-6162,-31,6265,293126350,2115,293126370,2115,164,-44,50,40,2558,33,-34,2556
54233944,7448,508933269,54159015,1711,-6162,-31,6265,293126350,2115,293126380,2115,163,-44,0,171,2518,-18,99,2520
54243657,7449,508933277,54158972,1711,-6163,-31,6265,293126350,2115,293126390,2115,161,-45,84,74,2568,65,1,2568
54253689,7449,508933285,54158929,1710,-6164,-30,6265,293126350,2115,293126400,2115,159,-45,79,181,2391,61,114,2394
54264172,7449,508933293,54158886,1710,-6163,-29,6265,293126350,2115,293126410,2115,157,-46,-12,44,2363,-29,-22,2362
54274138,7449,508933300,54158839,1710,-6163,-28,6265,293126400,2115,293126420,2115,158,-47,-119,136,2355,-137,71,2355
54283725,7449,508933308,54158796,1709,-6162,-28,6265,293126400,2115,293126430,2115,158,-47,-44,135,2383,-62,69,2384
54293748,7449,508933316,54158753,1710,-6163,-28,6265,293126400,2115,293126440,2115,157,-47,88,46,2534,69,-23,2533
54303834,7449,508933323,54158709,1710,-6164,-29,6265,293126400,2115,293126450,2115,157,-48,158,15,2609,138,-57,2608
54314235,7449,508933331,54158666,1710,-6165,-30,6265,293126400,2115,293126460,2115,156,-50,125,100,2631,104,29,2632
54324513,7449,508933338,54158620,1708,-6166,-32,6265,293126450,2115,293126470,2115,155,-51,-8,353,2617,-31,281,2623
54333735,7449,508933346,54158576,1708,-6164,-33,6265,293126450,2115,293126480,2115,155,-53,-180,73,2593,-202,1,2591
54343666,7449,508933354,54158533,1709,-6164,-33,6265,293126450,2115,293126490,2115,155,-53,-29,-36,2514,-51,-104,2510
54353919,7448,508933361,54158490,1710,-6164,-34,6265,293126450,2115,293126500,2115,155,-54,72,-78,2658,49,-150,2654
54363928,7448,508933369,54158447,1709,-6164,-34,6265,293126450,2115,293126510,2115,155,-56,49,238,2487,25,170,2491
54373816,7448,508933377,54158400,1708,-6165,-33,6265,293126500,2115,293126520,2115,156,-57,42,161,2423,19,95,2425
54384421,7448,508933384,54158357,1709,-6164,-33,6265,293126500,2115,293126530,2115,156,-58,43,-155,2550,20,-225,2543
54393665,7448,508933392,54158314,1710,-6165,-35,6265,293126500,2115,293126540,2115,157,-59,73,33,2729,46,-42,2728
54403679,7448,508933400,54158270,1709,-6165,-36,6265,293126500,2115,293126550,2115,157,-60,-5,189,2652,-32,115,2654
54414507,7448,508933407,54158227,1709,-6164,-37,6265,293126500,2115,293126560,2115,158,-61,7,13,2664,-20,-61,2662
54423811,7448,508933415,54158180,1709,-6162,-37,6265,293126550,2115,293126570,2115,159,-62,-57,13,2504,-82,-57,2501
54434278,7448,508933422,54158137,1709,-6162,-38,6265,293126550,2115,293126580,2115,159,-63,29,52,2703,1,-23,2702
54444082,7448,508933430,54158094,1710,-6162,-39,6265,293126550,2115,293126590,2115,159,-63,13,31,2605,-14,-42,2603
54453670,7448,508933438,54158051,1710,-6162,-40,6265,293126550,2115,293126600,2115,159,-64,78,50,2649,50,-24,2648
54463933,7448,508933446,54158008,1710,-6161,-39,6265,293126550,2115,293126610,2115,158,-64,-40,78,2357,-65,12,2356
54474353,7448,508933453,54157961,1710,-6160,-39,6265,293126600,2115,293126620,2115,158,-64,13,60,2623,-15,-12,2621
54483738,7448,508933461,54157918,1710,-6160,-39,6265,293126600,2115,293126630,2115,157,-63,-47,82,2489,-73,13,2488
54493660,7448,508933468,54157874,1709,-6160,-39,6265,293126600,2115,293126640,2115,158,-62,49,153,2623,22,80,2625
54503650,7448,508933476,54157831,1710,-6160,-40,6265,293126600,2115,293126650,2115,159,-62,75,-11,2530,50,-81,2528
54515454,7448,508933484,54157788,1710,-6160,-41,6265,293126600,2115,293126660,2115,159,-61,45,77,2648,18,4,2648
54523856,7448,508933491,54157741,1711,-6160,-41,6265,293126650,2115,293126670,2115,159,-61,55,-105,2607,30,-177,2602
54534488,7448,508933499,54157698,1710,-6160,-42,6265,293126650,2115,293126680,2115,158,-60,0,141,2615,-26,69,2615
54543659,7448,508933507,54157655,1709,-6160,-41,6265,293126650,2115,293126690,2115,158,-59,-49,207,2327,-72,142,2329
54553645,7448,508933514,54157611,1709,-6159,-38,6265,293126650,2115,293126700,2115,157,-58,-85,-3,2159,-105,-63,2155
54563890,7447,508933522,54157568,1708,-6159,-37,6265,293126650,2115,293126710,2115,157,-56,-18,165,2310,-39,101,2311
54573806,7447,508933530,54157522,1710,-6159,-38,6265,293126700,2115,293126720,2115,157,-55,148,-88,2567,126,-158,2563
54583732,7447,508933537,54157478,1711,-6160,-40,6265,293126700,2115,293126730,2115,157,-54,197,16,2742,173,-59,2741
54593838,7447,508933545,54157435,1711,-6161,-40,6265,293126700,2115,293126740,2115,157,-53,96,156,2483,74,88,2486
54603672,7447,508933553,54157392,1711,-6160,-39,6265,293126700,2115,293126750,2115,157,-53,-117,30,2407,-137,-37,2404
54614108,7447,508933560,54157349,1711,-6159,-37,6265,293126700,2115,293126760,2115,158,-51,-83,11,2288,-101,-53,2285
54624195,7447,508933568,54157302,1711,-6160,-36,6265,293126750,2115,293126770,2115,159,-50,-53,74,2295,-71,10,2293
54633946,7447,508933576,54157259,1710,-6160,-34,6265,293126750,2115,293126780,2115,159,-48,12,83,2286,-5,19,2286
54643696,7446,508933583,54157216,1710,-6160,-34,6265,293126750,2115,293126790,2115,160,-47,111,86,2450,93,18,2450
54654142,7446,508933591,54157173,1711,-6161,-33,6265,293126750,2115,293126800,2115,160,-46,120,7,2390,102,-60,2389
54663890,7446,508933599,54157129,1712,-6161,-33,6265,293126750,2115,293126810,2115,161,-45,84,-32,2564,67,-105,2561
54674204,7446,508933606,54157083,1711,-6162,-34,6265,293126800,2115,293126820,2115,161,-44,2,179,2470,-16,109,2473
54684410,7446,508933614,54157039,1711,-6162,-33,6265,293126800,2115,293126830,2115,162,-43,-37,49,2490,-54,-22,2488
54693684,7446,508933622,54156996,1711,-6161,-31,6265,293126800,2115,293126840,2115,162,-42,-33,36,2229,-47,-28,2227
54703654,7445,508933629,54156953,1712,-6161,-29,6265,293126800,2115,293126850,2115,163,-42,-13,-23,2234,-27,-87,2230
54715114,7445,508933637,54156910,1712,-6161,-28,6265,293126800,2115,293126860,2115,163,-41,39,76,2301,24,10,2301
54723820,7445,508933645,54156863,1712,-6163,-28,6265,293126850,2115,293126870,2115,163,-41,90,71,2428,74,2,2428
54734653,7445,508933652,54156820,1712,-6163,-28,6265,293126850,2115,293126880,2115,163,-41,118,24,2518,102,-47,2517
54743655,7445,508933660,54156776,1713,-6164,-28,6265,293126850,2115,293126890,2115,164,-41,65,61,2457,49,-10,2456
54753651,7445,508933668,54156733,1712,-6164,-27,6265,293126850,2115,293126900,2115,164,-42,6,90,2457,-10,19,2457
54764288,7444,508933675,54156690,1713,-6163,-26,6265,293126850,2115,293126910,2115,165,-43,-18,40,2388,-34,-30,2386
54774700,7444,508933683,54156643,1712,-6164,-25,6265,293126900,2115,293126920,2115,165,-43,-19,31,2406,-35,-39,2404
54783728,7444,508933691,54156600,1712,-6163,-25,6265,293126900,2115,293126930,2115,166,-44,22,24,2427,5,-46,2425
54793660,7444,508933698,54156557,1712,-6164,-25,6265,293126900,2115,293126940,2115,166,-45,70,123,2499,51,50,2500
54803711,7443,508933706,54156513,1712,-6164,-25,6265,293126900,2115,293126950,2115,166,-46,56,44,2522,38,-29,2521
54813922,7443,508933714,54156470,1713,-6164,-26,6265,293126900,2115,293126960,2115,166,-47,48,26,2576,28,-49,2574
54823800,7443,508933721,54156424,1713,-6164,-25,6265,293126950,2115,293126970,2115,166,-49,-9,57,2518,-29,-16,2516
54833749,7443,508933729,54156380,1713,-6164,-26,6265,293126950,2115,293126980,2115,166,-50,22,43,2516,2,-31,2515
54844319,7443,508933737,54156337,1714,-6164,-26,6265,293126950,2115,293126990,2115,166,-51,15,-33,2541,-6,-107,2537
54853680,7443,508933745,54156294,1714,-6164,-27,6265,293126950,2115,293127000,2115,167,-53,-4,75,2589,-26,-1,2588
54864619,7443,508933752,54156251,1714,-6164,-27,6265,293126950,2115,293127010,2115,166,-54,16,116,2603,-7,40,2604
54873805,7443,508933760,54156204,1714,-6162,-28,6265,293127000,2115,293127020,2115,166,-55,17,28,2610,-6,-48,2608
54883732,7442,508933767,54156161,1714,-6162,-29,6265,293127000,2115,293127030,2115,166,-57,43,73,2596,19,-2,2595
54893678,7442,508933775,54156117,1714,-6162,-30,6266,293127000,2115,293127040,2115,166,-58,31,-4,2584,6,-79,2581
54903654,7442,508933783,54156074,1714,-6162,-30,6266,293127000,2115,293127050,2115,167,-59,18,151,2586,-7,75,2587
54913936,7442,508933791,54156031,1714,-6162,-31,6266,293127000,2115,293127060,2115,167,-61,29,-23,2639,3,-100,2635
54924483,7442,508933798,54155984,1713,-6162,-33,6266,293127050,2115,293127070,2115,167,-62,12,63,2610,-15,-13,2608
54933749,7442,508933806,54155941,1713,-6162,-33,6266,293127050,2115,293127080,2115,167,-63,13,84,2568,-14,9,2568
54943650,7442,508933814,54155898,1713,-6162,-34,6266,293127050,2115,293127090,2115,167,-64,7,117,2658,-21,39,2658
54953672,7442,508933821,54155854,1713,-6162,-36,6266,293127050,2115,293127100,2115,166,-64,36,37,2636,8,-40,2635
54963959,7442,508933829,54155811,1713,-6162,-36,6266,293127050,2115,293127110,2115,167,-65,36,44,2601,8,-32,2600
54973808,7442,508933836,54155764,1714,-6161,-37,6266,293127100,2115,293127120,2115,167,-65,0,56,2581,-28,-19,2580
54983722,7442,508933844,54155721,1714,-6161,-38,6266,293127100,2115,293127130,2115,168,-65,-18,83,2629,-47,6,2628
54993693,7442,508933852,54155678,1714,-6160,-39,6266,293127100,2115,293127140,2115,168,-65,-17,41,2672,-45,-38,2669
55003702,7442,508933859,54155634,1714,-6161,-41,6266,293127100,2115,293127150,2115,168,-65,42,94,2712,12,14,2712
55014790,7442,508933867,54155591,1714,-6161,-42,6266,293127100,2115,293127160,2115,169,-65,54,95,2609,26,18,2609
55023829,7442,508933875,54155544,1714,-6160,-43,6266,293127150,2115,293127170,2115,169,-65,45,-6,2575,17,-82,2572
55033734,7442,508933882,54155501,1714,-6160,-43,6266,293127150,2115,293127180,2115,169,-65,-11,67,2505,-38,-7,2504
55043683,7443,508933890,54155458,1714,-6160,-43,6266,293127150,2115,293127190,2115,169,-65,-31,124,2499,-58,50,2499
55053670,7443,508933898,54155415,1713,-6160,-43,6266,293127150,2115,293127200,2115,169,-65,19,96,2535,-9,21,2535
55064234,7443,508933905,54155371,1713,-6160,-43,6266,293127150,2115,293127210,2115,169,-65,42,88,2529,15,13,2529
55074610,7443,508933913,54155325,1714,-6160,-44,6266,293127200,2115,293127220,2115,170,-64,70,74,2558,43,-2,2558
55083743,7443,508933921,54155281,1714,-6160,-44,6266,293127200,2115,293127230,2115,170,-64,37,36,2548,10,-40,2547
55093672,7443,508933928,54155238,1714,-6161,-45,6266,293127200,2115,293127240,2115,171,-64,29,112,2588,2,35,2589
55103664,7443,508933936,54155195,1714,-6160,-46,6266,293127200,2115,293127250,2115,171,-64,20,32,2597,-7,-46,2595
55113905,7444,508933944,54155152,1714,-6160,-46,6266,293127200,2115,293127260,2115,172,-64,-28,109,2598,-56,30,2597
55123861,7444,508933951,54155105,1714,-6160,-47,6266,293127250,2115,293127270,2115,173,-63,-27,91,2545,-54,14,2544
55133733,7444,508933959,54155062,1714,-6160,-47,6266,293127250,2115,293127280,2115,173,-63,16,114,2591,-11,35,2592
55143662,7444,508933967,54155019,1714,-6160,-48,6266,293127250,2115,293127290,2115,174,-63,75,67,2544,48,-10,2544
55153651,7444,508933974,54154975,1714,-6160,-48,6266,293127250,2115,293127300,2115,175,-63,43,39,2545,17,-39,2544
55163949,7445,508933982,54154932,1714,-6160,-48,6266,293127250,2115,293127310,2115,176,-63,38,82,2498,12,5,2498
55173795,7445,508933990,54154885,1714,-6161,-48,6266,293127300,2115,293127320,2115,177,-63,-20,98,2506,-47,20,2506
55183746,7445,508933997,54154842,1714,-6161,-48,6266,293127300,2115,293127330,2115,178,-63,1,61,2541,-26,-19,2540
55193652,7445,508934005,54154799,1714,-6161,-48,6266,293127300,2115,293127340,2115,178,-63,40,76,2528,13,-2,2528
55203661,7446,508934013,54154756,1713,-6161,-48,6266,293127300,2115,293127350,2115,178,-63,23,113,2465,-3,36,2466
55213924,7446,508934020,54154712,1713,-6161,-48,6266,293127300,2115,293127360,2115,178,-63,38,84,2510,12,6,2509
55223829,7446,508934028,54154666,1712,-6160,-49,6266,293127350,2115,293127370,2115,178,-63,-5,101,2542,-31,22,2542
55233727,7447,508934036,54154622,1712,-6160,-49,6266,293127350,2115,293127380,2115,178,-62,16,58,2558,-10,-22,2556
55243671,7447,508934043,54154579,1712,-6160,-50,6266,293127350,2115,293127390,2115,178,-62,-3,135,2617,-30,53,2618
55253660,7447,508934051,54154536,1711,-6160,-51,6266,293127350,2115,293127400,2115,179,-61,10,145,2536,-16,65,2538
55264425,7447,508934059,54154493,1711,-6160,-51,6266,293127350,2115,293127410,2115,179,-60,16,102,2496,-9,23,2496
55273807,7448,508934066,54154446,1712,-6159,-50,6266,293127400,2115,293127420,2115,178,-60,12,105,2474,-12,28,2474
55283776,7448,508934074,54154403,1711,-6160,-49,6266,293127400,2115,293127430,2115,178,-59,31,144,2411,7,69,2413
55293675,7448,508934082,54154359,1711,-6160,-48,6266,293127400,2115,293127440,2115,178,-58,15,123,2327,-7,50,2328
55303648,7448,508934089,54154316,1711,-6160,-47,6266,293127400,2115,293127450,2115,177,-58,23,93,2365,1,19,2365
55313913,7449,508934097,54154273,1710,-6160,-46,6266,293127400,2115,293127460,2115,177,-57,10,93,2428,-13,18,2427
55323838,7449,508934105,54154226,1710,-6159,-45,6266,293127450,2115,293127470,2115,176,-56,19,208,2427,-4,133,2431
55334389,7449,508934112,54154183,1710,-6160,-45,6266,293127450,2115,293127480,2115,175,-56,55,75,2492,32,-2,2492
55343653,7449,508934120,54154140,1710,-6160,-45,6266,293127450,2115,293127490,2115,175,-56,53,139,2508,30,63,2510
55353646,7449,508934128,54154096,1709,-6160,-45,6266,293127450,2115,293127500,2115,174,-55,1,121,2418,-21,47,2419
55363911,7450,508934135,54154053,1710,-6160,-44,6266,293127450,2115,293127510,2115,173,-55,4,58,2414,-17,-16,2413
55373836,7450,508934143,54154006,1709,-6160,-43,6266,293127500,2115,293127520,2115,173,-55,-10,112,2348,-31,41,2348
55383752,7450,508934151,54153963,1708,-6160,-42,6266,293127500,2115,293127530,2115,172,-54,14,143,2379,-7,71,2380
55393675,7450,508934158,54153920,1708,-6161,-41,6266,293127500,2115,293127540,2115,171,-54,36,137,2383,15,66,2384
55403673,7450,508934166,54153876,1707,-6161,-40,6266,293127500,2115,293127550,2115,170,-54,46,112,2427,25,39,2427
55414213,7451,508934174,54153833,1707,-6161,-40,6266,293127500,2115,293127560,2115,169,-54,43,120,2414,22,48,2415
55423811,7451,508934182,54153786,1705,-6163,-40,6266,293127550,2115,293127570,2115,168,-54,10,116,2415,-12,45,2415
55433747,7451,508934189,54153743,1705,-6163,-39,6266,293127550,2115,293127580,2115,168,-55,7,64,2431,-14,-7,2430
55443658,7451,508934197,54153700,1705,-6163,-39,6266,293127550,2115,293127590,2115,167,-55,31,95,2492,9,22,2492
55453718,7451,508934205,54153657,1704,-6163,-38,6266,293127550,2115,293127600,2115,165,-55,-1,188,2414,-23,118,2417
55464521,7452,508934212,54153613,1704,-6163,-38,6266,293127550,2115,293127610,2115,164,-55,3,117,2459,-19,46,2459
55473835,7452,508934220,54153567,1705,-6162,-38,6266,293127600,2115,293127620,2115,164,-55,1,60,2448,-21,-11,2447
55483748,7452,508934228,54153523,1705,-6162,-37,6266,293127600,2115,293127630,2115,163,-56,38,105,2406,16,36,2407
55493671,7452,508934235,54153480,1705,-6162,-37,6266,293127600,2115,293127640,2115,163,-56,54,99,2447,32,30,2447
55503670,7452,508934243,54153437,1704,-6162,-36,6266,293127600,2115,293127650,2115,162,-56,-1,118,2452,-24,48,2452
55513908,7452,508934251,54153394,1704,-6162,-36,6266,293127600,2115,293127660,2115,162,-57,14,139,2515,-10,68,2516
55523819,7452,508934259,54153347,1703,-6163,-37,6266,293127650,2115,293127670,2115,161,-58,-3,62,2507,-26,-9,2506
55533726,7452,508934266,54153304,1702,-6163,-37,6266,293127650,2115,293127680,2115,161,-58,48,144,2496,24,73,2498
55543682,7452,508934274,54153260,1703,-6164,-36,6266,293127650,2115,293127690,2115,161,-59,48,16,2472,25,-54,2470
55553661,7452,508934282,54153217,1702,-6164,-36,6266,293127650,2115,293127700,2115,161,-60,23,113,2394,0,46,2395
55564010,7452,508934289,54153174,1702,-6163,-35,6266,293127650,2115,293127710,2115,161,-60,-5,69,2380,-28,2,2379
55574714,7452,508934297,54153127,1702,-6163,-34,6266,293127700,2115,293127720,2115,160,-60,-9,73,2491,-34,2,2490
55583726,7453,508934305,54153084,1702,-6163,-33,6266,293127700,2115,293127730,2115,159,-60,8,102,2439,-16,34,2439
55593742,7453,508934312,54153041,1702,-6163,-34,6266,293127700,2115,293127740,2115,159,-60,31,59,2553,6,-12,2552
55603678,7453,508934320,54152997,1702,-6163,-34,6266,293127700,2115,293127750,2115,158,-60,4,75,2561,-21,4,2560
55613909,7453,508934328,54152954,1702,-6163,-35,6266,293127700,2115,293127760,2115,157,-60,28,58,2669,2,-16,2668
55623855,7453,508934336,54152907,1702,-6161,-36,6266,293127750,2115,293127770,2115,157,-59,20,57,2531,-4,-13,2530
55633740,7453,508934343,54152864,1702,-6161,-36,6266,293127750,2115,293127780,2115,156,-59,-53,123,2517,-77,53,2516
55643679,7453,508934351,54152821,1701,-6161,-35,6266,293127750,2115,293127790,2115,155,-59,-41,146,2449,-65,78,2449
55653667,7453,508934358,54152778,1701,-6161,-35,6266,293127750,2115,293127800,2115,154,-58,52,33,2444,29,-33,2443
55665051,7453,508934366,54152734,1701,-6161,-34,6266,293127750,2115,293127810,2115,152,-58,44,154,2388,21,90,2390
55673797,7453,508934374,54152688,1701,-6161,-34,6266,293127800,2115,293127820,2115,151,-58,88,122,2401,65,59,2402
55683774,7453,508934382,54152644,1701,-6161,-33,6266,293127800,2115,293127830,2115,151,-58,67,56,2437,45,-9,2436
55693685,7453,508934389,54152601,1700,-6161,-32,6266,293127800,2115,293127840,2115,152,-58,-7,140,2372,-29,77,2373
55703656,7452,508934397,54152558,1700,-6161,-32,6266,293127800,2115,293127850,2115,152,-57,-27,86,2438,-50,21,2437
55713957,7452,508934405,54152515,1701,-6161,-33,6266,293127800,2115,293127860,2115,152,-57,25,9,2593,1,-60,2590
55723834,7452,508934412,54152468,1701,-6161,-33,6266,293127850,2115,293127870,2115,152,-56,30,84,2572,7,15,2572
55733742,7452,508934420,54152425,1701,-6161,-34,6266,293127850,2115,293127880,2115,152,-56,23,-1,2575,0,-70,2573
55743662,7451,508934428,54152381,1701,-6161,-34,6266,293127850,2115,293127890,2115,152,-55,-1,109,2589,-24,39,2589
55753691,7451,508934435,54152338,1701,-6161,-34,6266,293127850,2115,293127900,2115,151,-54,-27,4,2514,-49,-63,2511
55764276,7451,508934443,54152295,1700,-6161,-34,6266,293127850,2115,293127910,2115,152,-53,-10,128,2482,-32,62,2482
55773832,7451,508934451,54152248,1701,-6160,-34,6266,293127900,2115,293127920,2115,152,-52,-12,-71,2477,-32,-137,2473
55783737,7450,508934458,54152205,1702,-6160,-33,6266,293127900,2115,293127930,2115,153,-52,37,29,2429,17,-36,2427
55793665,7450,508934466,54152162,1701,-6160,-33,6266,293127900,2115,293127940,2115,153,-51,61,92,2476,41,26,2476
55803834,7450,508934474,54152118,1703,-6160,-32,6266,293127900,2115,293127950,2115,154,-51,84,-99,2453,65,-164,2449
55813900,7450,508934481,54152075,1704,-6160,-32,6266,293127900,2115,293127960,2115,154,-51,51,-124,2470,31,-191,2464
55823824,7450,508934489,54152028,1703,-6161,-32,6266,293127950,2115,293127970,2115,154,-51,-13,220,2491,-34,152,2494
55833770,7450,508934497,54151985,1703,-6161,-32,6266,293127950,2115,293127980,2115,155,-51,-13,98,2501,-34,30,2501
55843663,7449,508934504,54151942,1704,-6160,-32,6266,293127950,2115,293127990,2115,156,-52,45,-71,2532,24,-140,2527
55853658,7449,508934512,54151899,1704,-6160,-32,6266,293127950,2115,293128000,2115,156,-53,40,3,2558,19,-67,2556
55864112,7449,508934520,54151855,1704,-6161,-33,6266,293127950,2115,293128010,2115,156,-53,61,148,2534,38,78,2536
55873800,7449,508934527,54151808,1704,-6162,-33,6266,293128000,2115,293128020,2115,156,-54,17,41,2524,-5,-29,2523
55883783,7449,508934535,54151765,1705,-6162,-33,6266,293128000,2115,293128030,2115,157,-54,0,-64,2540,-21,-134,2535
55893654,7449,508934543,54151722,1705,-6161,-34,6266,293128000,2115,293128040,2115,157,-55,-14,84,2585,-37,12,2584
55903657,7448,508934550,54151679,1704,-6162,-35,6266,293128000,2115,293128050,2115,157,-55,21,127,2648,-3,54,2649
55913920,7448,508934558,54151635,1705,-6162,-37,6266,293128000,2115,293128060,2115,158,-56,61,15,2695,37,-60,2693
55923834,7448,508934566,54151584,1706,-6161,-38,6267,293128050,2115,293128070,2115,160,-56,30,-37,2645,7,-111,2641
55933749,7448,508934573,54151541,1706,-6161,-39,6267,293128050,2115,293128080,2115,161,-56,15,47,2656,-10,-28,2655
55943658,7447,508934581,54151498,1706,-6161,-39,6267,293128050,2115,293128090,2115,163,-56,-48,71,2488,-71,-1,2486
55953656,7447,508934589,54151454,1706,-6160,-39,6267,293128050,2115,293128100,2115,164,-56,-4,-26,2497,-26,-98,2493
55963932,7447,508934596,54151411,1707,-6160,-38,6267,293128050,2115,293128110,2115,165,-56,13,-16,2457,-9,-87,2454
55973855,7447,508934604,54151353,1707,-6160,-39,6267,293128100,2115,293128120,2115,166,-56,38,66,2504,16,-7,2504
55983727,7447,508934612,54151309,1707,-6160,-38,6267,293128100,2115,293128130,2115,166,-55,43,56,2480,21,-16,2479
55993678,7447,508934620,54151266,1708,-6160,-39,6267,293128100,2115,293128140,2115,167,-54,59,23,2575,36,-52,2573
56003696,7447,508934627,54151223,1708,-6160,-39,6267,293128100,2115,293128150,2115,167,-54,24,45,2515,2,-29,2514
56014355,7447,508934635,54151180,1709,-6160,-39,6267,293128100,2115,293128160,2115,168,-53,-5,-57,2506,-26,-131,2501
56023825,7447,508934643,54151109,1709,-6159,-38,6267,293128150,2115,293128170,2115,168,-52,-27,62,2435,-48,-10,2434
56033749,7446,508934651,54151066,1709,-6159,-38,6267,293128150,2115,293128180,2115,169,-50,-7,59,2455,-27,-14,2454
56043675,7446,508934659,54151023,1709,-6159,-38,6267,293128150,2115,293128190,2115,169,-49,59,42,2493,40,-32,2492
56053717,7446,508934666,54150979,1709,-6160,-37,6267,293128150,2115,293128200,2115,169,-48,49,60,2427,30,-12,2426
56063948,7446,508934674,54150936,1709,-6160,-37,6267,293128150,2115,293128210,2115,169,-47,40,95,2408,22,23,2408
56073806,7446,508934682,54150849,1710,-6160,-35,6267,293128200,2115,293128220,2115,169,-46,15,37,2333,-2,-32,2331
56083770,7446,508934690,54150806,1710,-6160,-34,6267,293128200,2115,293128230,2115,169,-45,25,32,2335,9,-37,2333
56093674,7446,508934698,54150763,1710,-6160,-33,6267,293128200,2115,293128240,2115,168,-45,31,63,2318,15,-5,2317
56103700,7446,508934705,54150720,1710,-6160,-32,6267,293128200,2115,293128250,2115,167,-44,39,81,2375,22,11,2375
56113943,7446,508934713,54150676,1710,-6160,-31,6267,293128200,2115,293128260,2115,166,-43,49,61,2387,32,-8,2386
56123809,7445,508934722,54150578,1710,-6160,-30,6267,293128250,2115,293128270,2115,165,-43,32,78,2428,15,8,2428
56134345,7445,508934730,54150535,1710,-6161,-29,6267,293128250,2115,293128280,2115,165,-43,36,67,2396,20,-2,2396
56143671,7445,508934737,54150492,1711,-6161,-29,6267,293128250,2115,293128290,2115,164,-43,25,8,2428,9,-62,2426
56153693,7445,508934745,54150448,1711,-6160,-28,6267,293128250,2115,293128300,2115,162,-43,-2,79,2390,-19,11,2390
56165206,7445,508934753,54150405,1710,-6161,-27,6267,293128250,2115,293128310,2115,161,-43,23,143,2398,6,75,2400
56173808,7444,508934762,54150310,1710,-6160,-26,6267,293128300,2115,293128320,2115,160,-44,34,10,2430,17,-59,2428
56183747,7444,508934769,54150267,1710,-6161,-26,6267,293128300,2115,293128330,2115,159,-44,38,97,2446,20,29,2446
56194336,7444,508934777,54150224,1710,-6161,-26,6267,293128300,2115,293128340,2115,157,-45,30,96,2455,13,28,2455
56203654,7444,508934785,54150181,1710,-6161,-26,6267,293128300,2115,293128350,2115,156,-46,38,56,2481,20,-12,2480
56213914,7443,508934792,54150137,1710,-6161,-25,6267,293128300,2115,293128360,2115,156,-47,10,120,2466,-8,53,2467
56223866,7443,508934801,54150057,1710,-6161,-25,6267,293128350,2115,293128370,2115,155,-48,26,26,2492,7,-41,2491
56233764,7443,508934808,54150014,1710,-6161,-25,6267,293128350,2115,293128380,2115,154,-49,22,94,2504,3,27,2504
56243668,7442,508934816,54149971,1710,-6161,-25,6267,293128350,2115,293128390,2115,152,-50,32,35,2498,12,-32,2496
56254216,7442,508934824,54149928,1710,-6161,-25,6267,293128350,2115,293128400,2115,151,-52,35,110,2528,13,43,2529
56263883,7442,508934832,54149884,1710,-6162,-25,6267,293128350,2115,293128410,2115,150,-53,45,49,2499,24,-17,2498
56273867,7441,508934840,54149819,1710,-6161,-25,6267,293128400,2115,293128420,2115,150,-54,9,30,2521,-13,-36,2519
56284303,7441,508934848,54149776,1711,-6161,-26,6267,293128400,2115,293128430,2115,150,-55,-10,6,2566,-33,-61,2563
56293693,7441,508934855,54149733,1711,-6161,-27,6267,293128400,2115,293128440,2115,150,-56,13,66,2612,-11,-3,2611
56303691,7440,508934863,54149689,1711,-6161,-28,6267,293128400,2115,293128450,2115,150,-57,2,23,2651,-22,-47,2648
56314605,7440,508934871,54149646,1711,-6161,-30,6267,293128400,2115,293128460,2115,151,-58,27,55,2724,1,-17,2723
56323843,7439,508934879,54149591,1712,-6160,-31,6267,293128450,2115,293128470,2115,151,-59,44,5,2710,18,-67,2708
56333727,7439,508934887,54149547,1712,-6160,-33,6267,293128450,2115,293128480,2115,152,-61,40,-17,2684,14,-88,2681
56343840,7439,508934894,54149504,1712,-6160,-33,6267,293128450,2115,293128490,2115,153,-62,-14,57,2579,-40,-12,2577
56353697,7438,508934902,54149461,1713,-6160,-33,6267,293128450,2115,293128500,2115,154,-63,-7,-4,2516,-33,-73,2513
56364565,7438,508934910,54149418,1713,-6159,-33,6267,293128450,2115,293128510,2115,155,-64,-16,-11,2425,-41,-78,2422
56373851,7438,508934918,54149367,1714,-6159,-33,6267,293128500,2115,293128520,2115,156,-65,8,-7,2584,-19,-78,2581
56383752,7438,508934925,54149324,1715,-6159,-34,6267,293128500,2115,293128530,2115,157,-65,68,-13,2632,40,-86,2629
56393671,7437,508934933,54149280,1715,-6159,-36,6267,293128500,2115,293128540,2115,158,-66,80,-17,2674,51,-91,2671
56403672,7437,508934941,54149237,1716,-6159,-37,6267,293128500,2115,293128550,2115,158,-66,27,-4,2685,-2,-78,2682
56414085,7437,508934948,54149194,1716,-6158,-39,6267,293128500,2115,293128560,2115,159,-66,-26,30,2695,-55,-45,2692
56423810,7437,508934956,54149146,1716,-6158,-40,6267,293128550,2115,293128570,2115,160,-65,-56,13,2681,-84,-63,2677
56433777,7437,508934964,54149103,1717,-6157,-41,6267,293128550,2115,293128580,2115,160,-64,-54,-70,2628,-81,-145,2622
56443682,7437,508934972,54149060,1717,-6156,-42,6267,293128550,2115,293128590,2115,161,-63,8,61,2612,-19,-13,2610
56453680,7437,508934979,54149016,1718,-6157,-42,6267,293128550,2115,293128600,2115,161,-62,56,48,2578,30,-25,2577
56464857,7437,508934987,54148973,1718,-6157,-43,6267,293128550,2115,293128610,2115,162,-61,66,-9,2583,41,-82,2581
56473831,7437,508934995,54148926,1718,-6157,-43,6267,293128600,2115,293128620,2115,162,-60,14,63,2484,-10,-8,2483
56483784,7437,508935002,54148883,1718,-6157,-43,6267,293128600,2115,293128630,2115,162,-58,14,98,2439,-9,29,2439
56494080,7437,508935010,54148840,1718,-6157,-42,6267,293128600,2115,293128640,2115,162,-57,19,39,2388,-3,-29,2386
56503686,7436,508935018,54148797,1719,-6156,-42,6267,293128600,2115,293128650,2115,162,-56,-6,14,2550,-29,-59,2548
56513948,7436,508935026,54148754,1719,-6156,-42,6267,293128600,2115,293128660,2115,162,-55,36,-2,2466,14,-72,2464
56524371,7436,508935033,54148707,1719,-6157,-42,6267,293128650,2115,293128670,2115,161,-55,71,93,2548,48,21,2549
56533756,7436,508935041,54148664,1719,-6157,-42,6267,293128650,2115,293128680,2115,161,-54,63,130,2532,40,59,2534
56543669,7436,508935049,54148621,1720,-6157,-42,6267,293128650,2115,293128690,2115,160,-54,28,-27,2480,7,-97,2477
56554453,7436,508935057,54148578,1720,-6157,-41,6267,293128650,2115,293128700,2115,159,-53,-24,49,2396,-45,-19,2395
56563925,7436,508935064,54148535,1719,-6156,-40,6267,293128650,2115,293128710,2115,159,-53,-39,68,2394,-60,1,2393
56573836,7435,508935072,54148489,1719,-6156,-40,6267,293128700,2115,293128720,2115,158,-52,18,81,2442,-3,13,2441
56583873,7435,508935080,54148446,1719,-6157,-40,6267,293128700,2115,293128730,2115,157,-52,108,123,2526,87,54,2528
56593662,7435,508935088,54148402,1721,-6157,-41,6267,293128700,2115,293128740,2115,157,-52,96,-102,2607,74,-173,2602
56603671,7435,508935095,54148359,1721,-6157,-42,6267,293128700,2115,293128750,2115,156,-52,25,7,2589,4,-64,2587
56614207,7434,508935103,54148316,1720,-6157,-42,6267,293128700,2115,293128760,2115,155,-52,-87,241,2513,-109,172,2516
56623827,7434,508935111,54148271,1719,-6156,-42,6267,293128750,2115,293128770,2115,154,-52,-21,81,2459,-42,15,2458
56633752,7434,508935119,54148227,1720,-6156,-41,6267,293128750,2115,293128780,2115,153,-51,10,-66,2492,-10,-133,2488
56644191,7433,508935126,54148184,1721,-6156,-41,6267,293128750,2115,293128790,2115,152,-51,51,8,2468,31,-58,2465
56653702,7433,508935134,54148141,1720,-6157,-41,6267,293128750,2115,293128800,2115,152,-51,66,182,2520,45,115,2522
56663912,7433,508935142,54148098,1720,-6157,-41,6267,293128750,2115,293128810,2115,152,-51,49,16,2503,28,-50,2501
56674430,7432,508935150,54148052,1721,-6157,-41,6267,293128800,2115,293128820,2115,152,-51,24,-15,2498,4,-82,2495
56683773,7432,508935157,54148009,1721,-6157,-40,6267,293128800,2115,293128830,2115,152,-51,-13,45,2389,-32,-19,2387
56693673,7431,508935165,54147966,1721,-6156,-41,6267,293128800,2115,293128840,2115,152,-51,-41,98,2583,-62,28,2582
56703685,7431,508935173,54147923,1722,-6156,-41,6267,293128800,2115,293128850,2115,153,-51,103,-114,2524,83,-181,2519
56713975,7430,508935180,54147880,1722,-6156,-41,6267,293128800,2115,293128860,2115,154,-52,9,146,2458,-13,79,2459
56723817,7430,508935188,54147834,1722,-6156,-40,6267,293128850,2115,293128870,2115,155,-52,73,14,2420,53,-51,2419
56733751,7430,508935196,54147791,1722,-6156,-40,6267,293128850,2115,293128880,2115,155,-53,-39,14,2435,-60,-53,2433
56743681,7429,508935204,54147748,1723,-6156,-40,6267,293128850,2115,293128890,2115,155,-53,36,-42,2544,14,-111,2540
56753672,7429,508935211,54147705,1723,-6156,-40,6267,293128850,2115,293128900,2115,155,-54,-10,85,2501,-32,16,2500
56764132,7429,508935219,54147662,1723,-6156,-40,6267,293128850,2115,293128910,2115,156,-55,86,29,2520,63,-40,2519
56774399,7429,508935227,54147617,1725,-6156,-39,6267,293128900,2115,293128920,2115,157,-56,62,-133,2429,41,-200,2423
56783745,7428,508935235,54147573,1725,-6155,-40,6267,293128900,2115,293128930,2115,158,-57,-41,54,2556,-65,-17,2554
56793681,7428,508935242,54147530,1728,-6155,-40,6267,293128900,2115,293128940,2115,158,-57,78,-266,2570,56,-337,2561
56803680,7428,508935250,54147487,1724,-6155,-40,6267,293128900,2115,293128950,2115,158,-58,-92,588,2506,-118,518,2519
56815109,7428,508935258,54147444,1725,-6155,-40,6267,293128900,2115,293128960,2115,159,-58,-19,-150,2433,-41,-218,2426
56824142,7427,508935266,54147399,1728,-6154,-40,6267,293128950,2115,293128970,2115,159,-58,4,-330,2508,-18,-400,2496
56833727,7427,508935273,54147355,1727,-6154,-40,6267,293128950,2115,293128980,2115,159,-58,46,187,2555,21,116,2558
56843671,7427,508935281,54147312,1725,-6155,-41,6267,293128950,2115,293128990,2115,159,-58,92,334,2555,67,263,2562
56854194,7427,508935289,54147269,1727,-6155,-41,6267,293128950,2115,293129000,2115,159,-58,37,-75,2486,14,-144,2481
56863937,7426,508935297,54147226,1728,-6154,-40,6267,293128950,2115,293129010,2115,159,-58,-11,-134,2433,-33,-202,2426
56873807,7426,508935305,54147181,1728,-6154,-40,6267,293129000,2115,293129020,2115,159,-58,-49,95,2465,-72,26,2464
56884176,7426,508935312,54147138,1727,-6154,-39,6267,293129000,2115,293129030,2115,159,-58,23,99,2368,0,33,2368
56893667,7426,508935320,54147095,1728,-6154,-39,6267,293129000,2115,293129040,2115,159,-58,68,-44,2484,45,-113,2480
56903706,7425,508935328,54147051,1729,-6154,-38,6267,293129000,2115,293129050,2115,158,-58,76,55,2459,53,-13,2459
56914413,7425,508935336,54147008,1728,-6154,-38,6267,293129000,2115,293129060,2115,158,-58,21,131,2483,-3,62,2484
56923834,7425,508935343,54146963,1728,-6154,-38,6267,293129050,2115,293129070,2115,158,-58,-6,14,2450,-28,-54,2448
56933738,7425,508935351,54146920,1729,-6154,-38,6267,293129050,2115,293129080,2115,158,-58,7,-5,2517,-16,-75,2514
56943651,7424,508935359,54146877,1730,-6153,-38,6268,293129050,2115,293129090,2115,158,-58,27,-46,2516,4,-116,2512
56953674,7424,508935367,54146834,1729,-6154,-38,6268,293129050,2115,293129100,2115,157,-57,38,141,2468,14,73,2469
56963924,7424,508935375,54146790,1729,-6154,-37,6268,293129050,2115,293129110,2115,157,-57,32,56,2453,9,-12,2452
56974381,7424,508935382,54146745,1730,-6154,-37,6268,293129100,2115,293129120,2115,157,-57,36,-32,2485,13,-100,2481
56983752,7424,508935390,54146702,1731,-6153,-37,6268,293129100,2115,293129130,2115,157,-57,-12,10,2496,-35,-59,2493
56993690,7423,508935398,54146659,1730,-6153,-37,6268,293129100,2115,293129140,2115,157,-57,26,163,2471,3,95,2473
57003670,7423,508935406,54146616,1730,-6153,-36,6268,293129100,2115,293129150,2115,157,-57,19,3,2428,-3,-64,2426
57013982,7423,508935413,54146573,1731,-6153,-35,6268,293129100,2115,293129160,2115,157,-57,23,-67,2410,1,-133,2405
57023823,7423,508935421,54146527,1732,-6153,-35,6268,293129150,2115,293129170,2115,157,-57,27,38,2503,4,-31,2502
57033758,7423,508935429,54146484,1731,-6153,-36,6268,293129150,2115,293129180,2115,157,-57,-12,121,2525,-36,51,2525
57043674,7423,508935437,54146441,1731,-6153,-37,6268,293129150,2115,293129190,2115,157,-57,-10,109,2646,-35,36,2645
57053675,7422,508935445,54146398,1732,-6153,-37,6268,293129150,2115,293129200,2115,158,-58,58,-59,2594,34,-131,2590
57065056,7422,508935452,54146355,1732,-6153,-38,6268,293129150,2115,293129210,2115,159,-59,87,45,2529,63,-25,2529
57073817,7422,508935460,54146310,1733,-6153,-38,6268,293129200,2115,293129220,2115,159,-60,50,10,2493,26,-59,2491
57083761,7422,508935468,54146266,1733,-6153,-37,6268,293129200,2115,293129230,2115,159,-60,8,45,2383,-15,-22,2381
57093686,7422,508935476,54146223,1732,-6153,-35,6268,293129200,2115,293129240,2115,160,-61,-28,96,2308,-51,31,2308
57103704,7422,508935484,54146180,1732,-6152,-35,6268,293129200,2115,293129250,2115,161,-61,-51,47,2480,-76,-23,2478
57113915,7422,508935491,54146137,1733,-6152,-37,6268,293129200,2115,293129260,2115,162,-62,46,-31,2711,19,-108,2707
57123843,7422,508935499,54146092,1733,-6153,-39,6268,293129250,2115,293129270,2115,164,-63,115,87,2748,86,8,2749
57133775,7421,508935507,54146049,1734,-6153,-41,6268,293129250,2115,293129280,2115,166,-64,96,-21,2847,66,-104,2844
57143657,7421,508935515,54146005,1734,-6153,-44,6268,293129250,2115,293129290,2115,169,-66,55,66,2836,24,-17,2835
57153677,7421,508935523,54145962,1735,-6152,-45,6268,293129250,2115,293129300,2115,171,-67,-69,5,2627,-98,-74,2623
57163934,7422,508935530,54145919,1735,-6151,-44,6268,293129250,2115,293129310,2115,172,-67,-94,55,2407,-120,-18,2405
57173837,7422,508935538,54145874,1735,-6150,-42,6268,293129300,2115,293129320,2115,173,-67,-129,72,2243,-153,4,2241
57183766,7422,508935546,54145831,1735,-6149,-41,6268,293129300,2115,293129330,2115,173,-67,-48,37,2389,-74,-36,2387
57193664,7423,508935554,54145788,1736,-6149,-41,6268,293129300,2115,293129340,2115,174,-66,113,-84,2557,86,-162,2553
57203672,7423,508935562,54145744,1736,-6151,-44,6268,293129300,2115,293129350,2115,175,-66,190,170,2859,158,83,2863
57214094,7423,508935569,54145701,1737,-6152,-47,6268,293129300,2115,293129360,2115,176,-66,180,23,2791,150,-62,2790
57223813,7424,508935577,54145656,1737,-6151,-49,6268,293129350,2115,293129370,2115,177,-65,-16,35,2798,-46,-52,2795
57233745,7424,508935585,54145613,1736,-6150,-49,6268,293129350,2115,293129380,2115,177,-64,-130,107,2580,-158,26,2578
57243675,7425,508935593,54145570,1735,-6148,-49,6268,293129350,2115,293129390,2115,177,-63,-213,183,2450,-239,106,2451
57254545,7425,508935601,54145527,1734,-6148,-48,6268,293129350,2115,293129400,2115,177,-61,-89,180,2305,-113,108,2307
57265084,7426,508935608,54145484,1735,-6148,-46,6268,293129350,2115,293129410,2115,177,-59,79,18,2356,56,-55,2354
57274060,7426,508935616,54145438,1735,-6149,-46,6268,293129400,2115,293129420,2115,177,-58,153,88,2448,129,12,2449
57283764,7427,508935624,54145395,1734,-6151,-46,6268,293129400,2115,293129430,2115,176,-57,193,265,2519,169,188,2526
57293699,7427,508935632,54145352,1733,-6151,-47,6268,293129400,2115,293129440,2115,175,-56,86,186,2604,62,106,2607
57303668,7428,508935640,54145309,1733,-6151,-47,6268,293129400,2115,293129450,2115,175,-55,-24,99,2457,-46,23,2457
57313952,7429,508935647,54145266,1732,-6150,-46,6268,293129400,2115,293129460,2115,174,-54,-108,84,2353,-128,12,2352
57323861,7429,508935655,54145220,1732,-6150,-44,6268,293129450,2115,293129470,2115,173,-52,-39,160,2285,-59,91,2286
57333746,7430,508935663,54145177,1730,-6150,-43,6268,293129450,2115,293129480,2115,172,-51,21,222,2334,1,151,2338
57343671,7431,508935671,54145134,1730,-6151,-42,6268,293129450,2115,293129490,2115,171,-50,88,119,2402,68,47,2403
57353693,7431,508935679,54145091,1729,-6152,-42,6268,293129450,2115,293129500,2115,170,-49,77,243,2474,57,169,2479
57363954,7432,508935686,54145048,1729,-6152,-41,6268,293129450,2115,293129510,2115,170,-48,29,84,2480,10,10,2480
57373854,7433,508935694,54145002,1728,-6152,-41,6268,293129500,2115,293129520,2115,169,-47,20,150,2500,1,75,2502
57383742,7434,508935702,54144959,1727,-6152,-41,6268,293129500,2115,293129530,2115,168,-47,-14,183,2413,-33,111,2416
57393663,7434,508935710,54144916,1726,-6152,-39,6268,293129500,2115,293129540,2115,168,-47,12,183,2299,-5,115,2302
57403714,7435,508935718,54144873,1726,-6152,-38,6268,293129500,2115,293129550,2115,167,-46,26,96,2329,9,28,2330
57414814,7436,508935725,54144830,1725,-6153,-37,6268,293129500,2115,293129560,2115,166,-46,34,218,2325,17,150,2329
57423827,7437,508935733,54144784,1725,-6153,-36,6268,293129550,2115,293129570,2115,165,-45,29,151,2385,12,82,2386
57433740,7438,508935741,54144741,1724,-6153,-35,6268,293129550,2115,293129580,2115,164,-45,32,173,2447,14,102,2449
57443710,7439,508935749,54144698,1724,-6154,-35,6268,293129550,2115,293129590,2115,164,-45,41,158,2426,23,88,2428
57453694,7439,508935756,54144655,1724,-6154,-34,6268,293129550,2115,293129600,2115,163,-46,20,70,2425,3,0,2424
57463970,7440,508935764,54144612,1722,-6154,-33,6268,293129550,2115,293129610,2115,163,-46,-15,283,2360,-33,216,2365
57473841,7441,508935772,54144566,1720,-6154,-32,6268,293129600,2115,293129620,2115,162,-46,11,209,2388,-7,140,2391
57483684,7442,508935780,54144523,1720,-6155,-32,6268,293129600,2115,293129630,2115,162,-46,43,133,2433,25,64,2434
57493660,7443,508935787,54144480,1719,-6155,-31,6268,293129600,2115,293129640,2115,161,-47,22,160,2446,3,91,2448
57503686,7444,508935795,54144437,1718,-6155,-31,6268,293129600,2115,293129650,2115,160,-47,23,206,2439,4,137,2442
57513953,7445,508935803,54144393,1717,-6156,-30,6268,293129600,2115,293129660,2115,160,-48,53,188,2435,34,119,2437
57523831,7446,508935810,54144348,1717,-6156,-30,6268,293129650,2115,293129670,2115,160,-49,55,159,2421,35,91,2424
57533795,7446,508935818,54144305,1716,-6157,-28,6268,293129650,2115,293129680,2115,160,-50,28,227,2349,8,160,2352
57543674,7447,508935826,54144262,1715,-6157,-27,6268,293129650,2115,293129690,2115,160,-51,-10,201,2367,-30,134,2370
57553702,7448,508935834,54144218,1714,-6156,-26,6268,293129650,2115,293129700,2115,160,-51,-46,121,2368,-66,54,2368
57563968,7450,508935841,54144175,1713,-6157,-27,6268,293129650,2115,293129710,2115,159,-52,35,241,2588,12,169,2592
57573830,7451,508935849,54144130,1712,-6157,-27,6268,293129700,2115,293129720,2115,158,-52,35,184,2518,13,114,2521
57583754,7452,508935857,54144086,1711,-6158,-28,6268,293129700,2115,293129730,2115,158,-53,98,217,2621,74,145,2624
57593680,7453,508935864,54144043,1710,-6158,-28,6268,293129700,2115,293129740,2115,157,-54,37,224,2406,15,158,2409
57603673,7454,508935872,54144000,1709,-6158,-28,6268,293129700,2115,293129750,2115,158,-55,5,157,2525,-18,87,2527
57613978,7455,508935880,54143957,1708,-6158,-27,6268,293129700,2115,293129760,2115,158,-55,-79,219,2394,-102,152,2396
57623834,7456,508935887,54143911,1706,-6158,-27,6268,293129750,2115,293129770,2115,158,-56,-28,245,2448,-51,177,2452
57633677,7457,508935895,54143868,1705,-6158,-26,6268,293129750,2115,293129780,2115,158,-56,46,192,2495,23,122,2498
57643676,7459,508935903,54143825,1704,-6159,-27,6268,293129750,2115,293129790,2115,159,-57,63,258,2544,38,187,2549
57653694,7460,508935910,54143782,1704,-6160,-28,6268,293129750,2115,293129800,2115,160,-57,126,119,2598,101,46,2600
57665059,7461,508935918,54143738,1703,-6160,-29,6268,293129750,2115,293129810,2115,160,-58,63,209,2667,37,134,2671
57673819,7462,508935926,54143693,1700,-6160,-29,6268,293129800,2115,293129820,2115,160,-59,-89,430,2511,-115,359,2519
57683720,7463,508935933,54143649,1699,-6160,-29,6268,293129800,2115,293129830,2115,161,-60,-48,126,2473,-72,55,2473
57694421,7464,508935941,54143606,1699,-6160,-29,6268,293129800,2115,293129840,2115,162,-60,-9,104,2523,-34,32,2523
57703684,7466,508935949,54143563,1698,-6160,-29,6268,293129800,2115,293129850,2115,163,-61,59,272,2508,33,200,2513
57713959,7467,508935956,54143520,1696,-6161,-30,6268,293129800,2115,293129860,2115,165,-62,62,316,2606,34,240,2613
57723860,7468,508935964,54143474,1696,-6161,-30,6268,293129850,2115,293129870,2115,167,-63,81,111,2525,55,37,2526
57733704,7469,508935972,54143431,1695,-6162,-31,6268,293129850,2115,293129880,2115,169,-64,9,167,2618,-19,89,2620
57743691,7470,508935979,54143388,1693,-6162,-32,6268,293129850,2115,293129890,2115,171,-64,4,283,2634,-25,204,2639
57753679,7471,508935987,54143344,1692,-6162,-34,6268,293129850,2115,293129900,2115,173,-65,-10,237,2653,-39,157,2657
57764276,7473,508935994,54143301,1692,-6162,-35,6268,293129850,2115,293129910,2115,174,-66,-5,150,2637,-34,70,2639
57773869,7474,508936002,54143255,1690,-6162,-36,6268,293129900,2115,293129920,2115,176,-66,50,251,2692,20,168,2697
57783674,7475,508936010,54143212,1689,-6163,-37,6268,293129900,2115,293129930,2115,178,-66,25,241,2624,-5,159,2628
57793679,7477,508936017,54143169,1688,-6163,-38,6268,293129900,2115,293129940,2115,180,-67,40,164,2605,10,82,2608
57803783,7478,508936025,54143126,1687,-6163,-38,6268,293129900,2115,293129950,2115,181,-67,-31,190,2553,-60,109,2556
57813979,7480,508936032,54143083,1686,-6163,-39,6268,293129900,2115,293129960,2115,182,-66,-11,261,2632,-41,177,2637
57823822,7481,508936040,54143037,1685,-6163,-41,6268,293129950,2115,293129970,2115,184,-66,27,260,2644,-3,174,2649
57833663,7482,508936048,54142994,1684,-6163,-42,6268,293129950,2115,293129980,2115,185,-66,55,171,2615,26,86,2618
57843704,7484,508936055,54142950,1683,-6163,-43,6268,293129950,2115,293129990,2115,186,-65,33,230,2626,3,144,2630
57853705,7485,508936063,54142907,1681,-6164,-43,6268,293129950,2115,293130000,2115,186,-65,20,298,2605,-9,212,2612
57863917,7487,508936070,54142864,1680,-6164,-44,6268,293129950,2115,293130010,2115,186,-64,-13,283,2572,-41,199,2578
57873861,7488,508936078,54142818,1679,-6164,-45,6268,293130000,2115,293130020,2115,186,-63,-2,190,2605,-30,105,2608
57883693,7490,508936085,54142775,1677,-6164,-45,6268,293130000,2115,293130030,2115,186,-63,14,341,2555,-14,258,2563
57893679,7491,508936093,54142732,1676,-6165,-46,6268,293130000,2115,293130040,2115,186,-62,42,250,2526,15,167,2531
57903688,7492,508936101,54142688,1674,-6165,-46,6268,293130000,2115,293130050,2115,186,-61,48,309,2553,21,225,2561
57913928,7494,508936108,54142645,1673,-6166,-46,6268,293130000,2115,293130060,2115,186,-61,47,240,2494,22,159,2499
57923838,7495,508936116,54142599,1672,-6166,-46,6268,293130050,2115,293130070,2115,185,-60,34,266,2472,9,185,2477
57933669,7496,508936123,54142556,1670,-6167,-45,6268,293130050,2115,293130080,2115,184,-59,10,299,2424,-14,220,2430
57943729,7498,508936131,54142513,1669,-6167,-45,6268,293130050,2115,293130090,2115,183,-59,-2,234,2447,-26,155,2451
57953672,7499,508936138,54142470,1667,-6167,-45,6268,293130050,2115,293130100,2115,181,-58,12,303,2448,-12,225,2454
57963998,7501,508936146,54142426,1665,-6168,-45,6268,293130050,2115,293130110,2115,179,-57,36,317,2496,11,238,2503
57973837,7502,508936153,54142380,1664,-6168,-45,6269,293130100,2115,293130120,2115,177,-56,43,259,2562,18,179,2568
57983684,7503,508936161,54142337,1662,-6169,-46,6269,293130100,2115,293130130,2115,176,-55,36,279,2550,12,201,2555
57993670,7504,508936168,54142294,1661,-6169,-45,6269,293130100,2115,293130140,2115,174,-54,9,285,2464,-14,209,2470
58003678,7506,508936176,54142251,1659,-6169,-45,6269,293130100,2115,293130150,2115,172,-53,-6,316,2452,-28,242,2458
58014120,7507,508936183,54142207,1657,-6169,-45,6269,293130100,2115,293130160,2115,170,-52,-35,287,2443,-56,214,2448
58023844,7508,508936191,54142162,1656,-6170,-44,6269,293130150,2115,293130170,2115,167,-52,36,238,2445,15,167,2449
58033976,7509,508936198,54142118,1654,-6171,-44,6269,293130150,2115,293130180,2115,165,-51,47,371,2423,25,300,2431
58043677,7510,508936205,54142075,1652,-6171,-43,6269,293130150,2115,293130190,2115,163,-51,79,321,2397,59,253,2404
58053694,7512,508936213,54142032,1651,-6172,-41,6269,293130150,2115,293130200,2115,162,-50,45,215,2304,25,149,2308
58063981,7513,508936220,54141988,1649,-6172,-40,6269,293130150,2115,293130210,2115,160,-50,13,273,2316,-6,207,2321
58073836,7514,508936228,54141942,1647,-6173,-39,6269,293130200,2115,293130220,2115,158,-50,14,342,2398,-7,275,2405
58083709,7515,508936235,54141899,1646,-6173,-39,6269,293130200,2115,293130230,2115,157,-50,37,269,2444,16,201,2448
58094123,7516,508936242,54141856,1644,-6174,-39,6269,293130200,2115,293130240,2115,155,-50,24,283,2498,3,215,2503
58103671,7517,508936250,54141813,1643,-6174,-39,6269,293130200,2115,293130250,2115,154,-50,27,220,2504,6,152,2507
58114377,7518,508936257,54141769,1641,-6175,-39,6269,293130200,2115,293130260,2115,154,-51,43,294,2526,21,226,2531
58124030,7519,508936265,54141723,1640,-6175,-38,6269,293130250,2115,293130270,2115,153,-51,-5,198,2412,-25,133,2414
58133915,7520,508936272,54141680,1638,-6175,-39,6269,293130250,2115,293130280,2115,152,-51,-20,313,2597,-43,243,2602
58143685,7521,508936279,54141637,1636,-6175,-39,6269,293130250,2115,293130290,2115,152,-52,-43,268,2537,-65,200,2541
58153690,7522,508936287,54141593,1636,-6176,-40,6269,293130250,2115,293130300,2115,153,-54,72,140,2615,48,70,2617
58163946,7523,508936294,54141550,1635,-6177,-40,6269,293130250,2115,293130310,2115,155,-56,121,245,2482,97,178,2487
58173834,7524,508936301,54141504,1634,-6178,-40,6269,293130300,2115,293130320,2115,158,-58,77,220,2430,53,153,2434
58183709,7525,508936309,54141461,1632,-6177,-39,6269,293130300,2115,293130330,2115,160,-59,-44,228,2389,-68,160,2392
58193680,7526,508936316,54141417,1631,-6177,-39,6269,293130300,2115,293130340,2115,162,-61,-37,215,2511,-63,144,2514
58203700,7528,508936323,54141374,1630,-6177,-41,6269,293130300,2115,293130350,2115,164,-64,26,239,2712,-4,161,2716
58214802,7529,508936331,54141331,1629,-6178,-42,6269,293130300,2115,293130360,2115,166,-67,83,207,2730,52,128,2734
58223836,7530,508936338,54141285,1629,-6179,-45,6269,293130350,2115,293130370,2115,170,-70,79,172,2846,46,88,2848
58233716,7531,508936345,54141241,1629,-6179,-48,6269,293130350,2115,293130380,2115,175,-73,95,80,2885,59,-8,2885
58243698,7532,508936353,54141198,1628,-6179,-51,6269,293130350,2115,293130390,2115,180,-76,-31,195,2860,-68,104,2862
58254533,7533,508936360,54141155,1626,-6178,-53,6269,293130350,2115,293130400,2115,185,-80,-120,245,2697,-157,156,2700
58263930,7534,508936367,54141111,1627,-6178,-54,6269,293130350,2115,293130410,2115,189,-83,3,16,2643,-34,-72,2640
58274102,7535,508936375,54141065,1626,-6177,-51,6269,293130400,2115,293130420,2115,190,-86,-135,185,2174,-167,112,2175
58283694,7536,508936382,54141022,1625,-6178,-54,6269,293130400,2115,293130430,2115,191,-87,209,266,2865,166,170,2873
58293694,7537,508936389,54140978,1623,-6178,-57,6269,293130400,2115,293130440,2115,194,-89,-23,243,2848,-66,146,2852
58304300,7538,508936397,54140935,1622,-6179,-60,6269,293130400,2115,293130450,2115,198,-89,73,302,2862,29,202,2869
58313933,7539,508936404,54140892,1623,-6178,-63,6269,293130400,2115,293130460,2115,202,-90,-7,-36,2925,-51,-139,2919
58323860,7540,508936411,54140846,1621,-6178,-66,6269,293130450,2115,293130470,2115,206,-90,24,304,2854,-20,201,2861
58334317,7541,508936419,54140803,1622,-6177,-66,6269,293130450,2115,293130480,2115,208,-90,18,16,2550,-20,-77,2547
58343690,7542,508936426,54140759,1621,-6176,-68,6269,293130450,2115,293130490,2115,208,-87,-203,125,2718,-243,25,2715
58353681,7544,508936433,54140716,1619,-6174,-66,6269,293130450,2115,293130500,2115,208,-85,-204,269,2234,-237,187,2237
58365499,7545,508936440,54140673,1617,-6173,-61,6269,293130450,2115,293130510,2115,207,-81,-140,273,1904,-166,203,1909
58373845,7547,508936448,54140627,1615,-6175,-60,6269,293130500,2115,293130520,2115,205,-75,252,432,2297,221,350,2313
58383695,7548,508936455,54140583,1618,-6176,-61,6269,293130500,2115,293130530,2115,203,-72,224,-260,2646,194,-353,2636
58393940,7549,508936462,54140540,1615,-6178,-63,6269,293130500,2115,293130540,2115,200,-68,179,551,2808,145,453,2825
58403732,7550,508936470,54140497,1613,-6179,-62,6269,293130500,2115,293130550,2115,199,-65,88,293,2343,62,211,2350
58414252,7551,508936477,54140453,1613,-6177,-59,6269,293130500,2115,293130560,2115,196,-61,-209,32,2130,-229,-42,2126
58424095,7552,508936484,54140407,1611,-6176,-53,6269,293130550,2115,293130570,2115,193,-56,-229,294,1672,-245,236,1677
58433677,7554,508936491,54140364,1609,-6175,-47,6269,293130550,2115,293130580,2115,188,-52,-170,357,1800,-186,297,1807
58443713,7555,508936499,54140321,1608,-6176,-42,6269,293130550,2115,293130590,2115,183,-48,72,185,1838,57,126,1842
58454145,7556,508936506,54140277,1607,-6179,-39,6269,293130550,2115,293130600,2115,178,-44,340,283,2153,324,217,2162
58463930,7557,508936513,54140234,1605,-6182,-38,6269,293130550,2115,293130610,2115,173,-41,367,394,2248,351,327,2260
58473837,7558,508936520,54140188,1603,-6184,-36,6269,293130600,2115,293130620,2115,168,-39,247,397,2311,231,329,2322
58484244,7559,508936528,54140145,1601,-6184,-34,6269,293130600,2115,293130630,2115,164,-37,-159,344,2213,-173,279,2219
58493692,7559,508936535,54140101,1600,-6182,-31,6269,293130600,2115,293130640,2115,160,-35,-263,115,2124,-275,53,2123
58503726,7560,508936542,54140058,1598,-6181,-27,6269,293130600,2115,293130650,2115,156,-33,-175,249,2011,-186,193,2014
58514444,7561,508936549,54140014,1596,-6182,-24,6269,293130600,2115,293130660,2115,152,-31,95,364,2110,84,308,2118
58523827,7562,508936556,54139968,1594,-6184,-21,6269,293130650,2115,293130670,2115,149,-29,195,302,2154,184,246,2160
58533799,7563,508936563,54139925,1593,-6186,-20,6269,293130650,2115,293130680,2115,146,-28,172,285,2339,161,226,2345
58543904,7563,508936571,54139882,1591,-6186,-19,6269,293130650,2115,293130690,2115,143,-28,55,231,2315,45,173,2318
58553687,7564,508936578,54139838,1590,-6186,-18,6269,293130650,2115,293130700,2115,142,-28,-39,213,2386,-49,154,2388
58565077,7564,508936585,54139795,1589,-6186,-16,6269,293130650,2115,293130710,2115,140,-28,-56,224,2247,-66,168,2250
58573824,7565,508936592,54139749,1587,-6186,-14,6269,293130700,2115,293130720,2115,140,-28,-2,252,2219,-12,197,2223
58583777,7566,508936599,54139705,1586,-6187,-11,6269,293130700,2115,293130730,2115,139,-29,32,260,2161,22,207,2165
58593676,7566,508936606,54139662,1585,-6187,-10,6269,293130700,2115,293130740,2115,139,-30,67,100,2344,56,43,2345
58603698,7567,508936613,54139618,1584,-6188,-9,6269,293130700,2115,293130750,2115,140,-31,26,263,2437,13,203,2441
58613934,7567,508936621,54139575,1583,-6188,-10,6269,293130700,2115,293130760,2115,141,-33,35,224,2529,22,162,2532
58623826,7568,508936628,54139529,1582,-6189,-10,6269,293130750,2115,293130770,2115,142,-34,35,128,2514,22,65,2514
58634072,7568,508936635,54139485,1581,-6189,-9,6269,293130750,2115,293130780,2115,144,-36,52,177,2426,38,115,2428
58643684,7569,508936642,54139442,1580,-6189,-9,6269,293130750,2115,293130790,2115,146,-38,7,177,2472,-8,113,2474
58653691,7569,508936649,54139399,1580,-6189,-8,6269,293130750,2115,293130800,2115,148,-41,-4,113,2402,-20,50,2402
58664384,7570,508936656,54139355,1579,-6189,-9,6269,293130750,2115,293130810,2115,149,-43,-15,135,2601,-33,66,2601
58673822,7571,508936663,54139309,1579,-6189,-10,6269,293130800,2115,293130820,2115,152,-45,38,134,2667,18,63,2668
58683762,7571,508936670,54139266,1578,-6190,-12,6269,293130800,2115,293130830,2115,154,-48,62,163,2661,41,91,2663
58694440,7572,508936677,54139222,1578,-6190,-13,6269,293130800,2115,293130840,2115,157,-50,57,172,2650,35,99,2652
58703692,7572,508936685,54139179,1577,-6190,-14,6269,293130800,2115,293130850,2115,160,-53,37,125,2649,14,51,2650
58714192,7573,508936692,54139135,1577,-6190,-15,6269,293130800,2115,293130860,2115,163,-56,10,49,2648,-15,-27,2646
58724399,7573,508936699,54139089,1577,-6190,-16,6269,293130850,2115,293130870,2115,166,-58,-48,111,2585,-72,35,2585
58733760,7574,508936706,54139046,1576,-6189,-17,6269,293130850,2115,293130880,2115,168,-60,-44,167,2692,-72,88,2693
58743708,7575,508936713,54139002,1576,-6189,-19,6269,293130850,2115,293130890,2115,170,-62,3,162,2761,-26,80,2762
58754426,7576,508936720,54138959,1575,-6190,-22,6269,293130850,2115,293130900,2115,171,-64,70,125,2816,40,41,2817
58763958,7576,508936727,54138915,1576,-6190,-24,6269,293130850,2115,293130910,2115,173,-66,105,72,2785,74,-12,2785
58773828,7577,508936734,54138869,1575,-6190,-27,6269,293130900,2115,293130920,2115,175,-69,47,104,2844,14,17,2845
58784588,7578,508936741,54138826,1575,-6190,-29,6269,293130900,2115,293130930,2115,176,-70,-43,158,2771,-75,72,2772
58793688,7579,508936748,54138782,1574,-6189,-31,6269,293130900,2115,293130940,2115,177,-72,-73,164,2726,-106,79,2727
58803679,7580,508936755,54138739,1574,-6189,-32,6269,293130900,2115,293130950,2115,177,-73,-29,100,2727,-62,16,2726
58813930,7580,508936762,54138696,1573,-6189,-34,6269,293130900,2115,293130960,2115,177,-74,40,226,2767,5,140,2771
58823829,7581,508936770,54138649,1573,-6190,-37,6269,293130950,2115,293130970,2115,176,-75,102,148,2795,67,62,2797
58833738,7582,508936777,54138606,1571,-6191,-40,6269,293130950,2115,293130980,2115,176,-76,108,242,2875,71,154,2880
58843689,7582,508936784,54138563,1570,-6191,-42,6269,293130950,2115,293130990,2115,176,-77,-1,302,2796,-38,215,2802
58853702,7583,508936791,54138519,1570,-6190,-44,6269,293130950,2115,293131000,2115,175,-77,-19,45,2800,-55,-42,2798
58864060,7583,508936798,54138476,1569,-6190,-46,6269,293130950,2115,293131010,2115,175,-78,-35,187,2680,-71,105,2682
58873815,7584,508936805,54138430,1567,-6190,-48,6269,293131000,2115,293131020,2115,174,-78,-6,317,2716,-43,234,2722
58884054,7584,508936812,54138386,1566,-6190,-50,6269,293131000,2115,293131030,2115,173,-78,69,197,2797,32,112,2800
58893716,7585,508936819,54138343,1567,-6191,-52,6269,293131000,2115,293131040,2115,172,-78,88,73,2821,51,-12,2821
58903683,7585,508936826,54138299,1566,-6191,-55,6269,293131000,2115,293131050,2115,171,-78,82,143,2775,46,60,2777
58914130,7585,508936833,54138256,1565,-6191,-56,6269,293131000,2115,293131060,2115,170,-78,-12,234,2679,-48,154,2683
58923837,7586,508936840,54138210,1563,-6191,-58,6269,293131050,2115,293131070,2115,169,-78,-21,256,2740,-58,175,2744
58933737,7586,508936847,54138166,1564,-6191,-60,6269,293131050,2115,293131080,2115,167,-78,-6,57,2725,-42,-23,2723
58943686,7587,508936854,54138123,1563,-6191,-62,6269,293131050,2115,293131090,2115,166,-77,38,182,2753,2,102,2756
58953674,7587,508936861,54138079,1562,-6192,-63,6269,293131050,2115,293131100,2115,165,-77,101,213,2645,66,136,2649
58965100,7587,508936868,54138036,1561,-6192,-63,6269,293131050,2115,293131110,2115,164,-76,64,132,2579,31,58,2580
58973820,7587,508936875,54137990,1561,-6192,-64,6269,293131100,2115,293131120,2115,164,-76,24,146,2595,-9,71,2596
58983746,7588,508936882,54137946,1560,-6192,-65,6269,293131100,2115,293131130,2115,163,-75,-19,164,2636,-53,88,2638
58993678,7588,508936889,54137903,1560,-6192,-66,6270,293131100,2115,293131140,2115,162,-75,15,113,2630,-17,39,2631
59003673,7588,508936896,54137859,1559,-6192,-67,6270,293131100,2115,293131150,2115,161,-74,30,177,2639,-3,102,2641
59014699,7589,508936903,54137816,1558,-6192,-68,6270,293131100,2115,293131160,2115,160,-73,51,143,2581,19,71,2582
59023820,7589,508936910,54137770,1558,-6193,-68,6270,293131150,2115,293131170,2115,159,-72,70,151,2521,39,80,2523
59033746,7589,508936917,54137726,1557,-6193,-68,6270,293131150,2115,293131180,2115,159,-71,32,143,2462,3,74,2464
59043672,7590,508936924,54137683,1557,-6193,-67,6270,293131150,2115,293131190,2115,158,-69,14,118,2433,-14,50,2433
59054407,7590,508936931,54137639,1556,-6193,-67,6270,293131150,2115,293131200,2115,158,-68,-21,174,2438,-49,106,2440
59063934,7591,508936938,54137596,1556,-6193,-67,6270,293131150,2115,293131210,2115,157,-66,16,94,2443,-10,27,2443
59073851,7591,508936945,54137550,1555,-6193,-66,6270,293131200,2115,293131220,2115,156,-64,26,124,2422,0,58,2423
59084204,7591,508936952,54137506,1555,-6193,-65,6270,293131200,2115,293131230,2115,156,-62,69,105,2428,45,39,2428
59093676,7592,508936959,54137463,1555,-6193,-65,6270,293131200,2115,293131240,2115,156,-60,38,143,2403,14,78,2405
59103678,7592,508936966,54137419,1554,-6194,-64,6270,293131200,2115,293131250,2115,156,-58,48,129,2398,25,63,2399
59113929,7592,508936973,54137376,1554,-6194,-63,6270,293131200,2115,293131260,2115,156,-56,34,113,2365,12,48,2365
59123827,7593,508936980,54137330,1554,-6194,-61,6270,293131250,2115,293131270,2115,156,-55,-1,73,2257,-21,12,2256
59133780,7593,508936987,54137286,1553,-6194,-59,6270,293131250,2115,293131280,2115,156,-53,-39,179,2265,-59,116,2267
59143700,7593,508936994,54137243,1553,-6194,-57,6270,293131250,2115,293131290,2115,156,-52,71,85,2231,52,24,2231
59153692,7594,508937001,54137199,1552,-6195,-55,6270,293131250,2115,293131300,2115,157,-51,116,112,2245,97,51,2246
59163937,7594,508937008,54137156,1552,-6196,-53,6270,293131250,2115,293131310,2115,157,-50,99,89,2204,81,28,2204
59173849,7594,508937015,54137110,1553,-6196,-51,6270,293131300,2115,293131320,2115,157,-50,66,43,2243,49,-19,2242
59183773,7594,508937022,54137066,1552,-6196,-48,6270,293131300,2115,293131330,2115,157,-50,19,165,2231,1,103,2233
59193701,7594,508937029,54137023,1551,-6196,-47,6270,293131300,2115,293131340,2115,158,-50,-2,133,2301,-21,69,2302
59203701,7595,508937036,54136979,1551,-6196,-45,6270,293131300,2115,293131350,2115,159,-50,26,39,2300,8,-25,2299
59214088,7595,508937043,54136936,1551,-6197,-44,6270,293131300,2115,293131360,2115,159,-49,47,130,2289,28,66,2290
59223825,7595,508937050,54136890,1551,-6197,-42,6270,293131350,2115,293131370,2115,160,-50,56,62,2338,38,-3,2337
59233759,7595,508937057,54136846,1551,-6197,-41,6270,293131350,2115,293131380,2115,161,-50,68,105,2284,50,41,2284
59243701,7596,508937064,54136803,1551,-6197,-39,6270,293131350,2115,293131390,2115,162,-50,8,71,2299,-10,6,2298
59253729,7596,508937071,54136759,1550,-6197,-38,6270,293131350,2115,293131400,2115,162,-50,-2,130,2351,-21,63,2352
59264004,7596,508937078,54136716,1550,-6197,-37,6270,293131350,2115,293131410,2115,163,-51,-7,107,2365,-26,39,2365
59273849,7596,508937085,54136669,1550,-6197,-36,6270,293131400,2115,293131420,2115,164,-51,63,12,2384,44,-56,2382
59283775,7596,508937092,54136626,1550,-6198,-34,6270,293131400,2115,293131430,2115,164,-52,70,122,2308,51,55,2309
59293710,7597,508937099,54136582,1550,-6198,-33,6270,293131400,2115,293131440,2115,165,-52,48,129,2300,28,62,2302
59303688,7597,508937106,54136539,1549,-6198,-31,6270,293131400,2115,293131450,2115,166,-53,38,85,2294,19,18,2294
59313936,7597,508937113,54136496,1550,-6198,-30,6270,293131400,2115,293131460,2115,166,-53,30,23,2307,10,-45,2305
59324040,7597,508937120,54136449,1550,-6198,-28,6270,293131450,2115,293131470,2115,167,-54,-6,97,2346,-27,28,2346
59333762,7597,508937127,54136406,1550,-6198,-28,6270,293131450,2115,293131480,2115,167,-55,41,119,2386,19,49,2387
59343693,7597,508937134,54136362,1549,-6199,-27,6270,293131450,2115,293131490,2115,167,-55,50,124,2415,28,53,2416
59353691,7597,508937141,54136319,1550,-6199,-26,6270,293131450,2115,293131500,2115,167,-56,68,30,2421,46,-40,2420
59363955,7598,508937148,54136275,1550,-6199,-26,6270,293131450,2115,293131510,2115,168,-57,71,77,2465,48,5,2465
59373900,7598,508937155,54136229,1549,-6199,-25,6270,293131500,2115,293131520,2115,167,-57,16,125,2393,-7,54,2394
59383863,7598,508937162,54136186,1549,-6199,-25,6270,293131500,2115,293131530,2115,167,-58,-20,80,2452,-44,8,2451
59393676,7598,508937169,54136142,1549,-6199,-24,6270,293131500,2115,293131540,2115,167,-59,17,76,2432,-7,5,2431
59403677,7598,508937176,54136099,1549,-6199,-24,6270,293131500,2115,293131550,2115,167,-60,55,88,2491,30,16,2491
59414850,7598,508937183,54136055,1548,-6200,-24,6270,293131500,2115,293131560,2115,166,-61,52,150,2432,28,79,2434
59423848,7598,508937190,54136009,1549,-6200,-23,6270,293131550,2115,293131570,2115,166,-61,101,65,2496,75,-8,2496
59433751,7598,508937197,54135965,1549,-6200,-24,6270,293131550,2115,293131580,2115,166,-62,73,-2,2513,48,-75,2510
59443705,7598,508937204,54135922,1548,-6200,-24,6270,293131550,2115,293131590,2115,165,-63,-17,171,2500,-43,98,2501
59453720,7598,508937211,54135878,1548,-6200,-24,6270,293131550,2115,293131600,2115,165,-64,-21,99,2519,-48,26,2519
59463943,7598,508937218,54135835,1548,-6200,-24,6270,293131550,2115,293131610,2115,164,-65,28,79,2602,0,5,2601
59475055,7598,508937225,54135789,1548,-6200,-25,6270,293131600,2115,293131620,2115,164,-66,65,100,2597,37,26,2598
59483766,7598,508937232,54135745,1548,-6201,-26,6270,293131600,2115,293131630,2115,163,-67,93,63,2593,64,-11,2592
59493685,7597,508937238,54135702,1548,-6201,-26,6270,293131600,2115,293131640,2115,163,-68,55,116,2566,26,43,2566
59503708,7597,508937245,54135658,1548,-6201,-27,6270,293131600,2115,293131650,2115,162,-68,-2,66,2523,-31,-6,2521
59513942,7597,508937252,54135615,1548,-6201,-27,6270,293131600,2115,293131660,2115,162,-69,-9,74,2593,-39,0,2592
59523851,7597,508937259,54135568,1547,-6200,-28,6270,293131650,2115,293131670,2115,161,-69,12,80,2639,-19,5,2639
59533808,7597,508937266,54135525,1547,-6201,-30,6270,293131650,2115,293131680,2115,161,-69,52,134,2717,20,57,2718
59543700,7597,508937273,54135481,1548,-6201,-31,6270,293131650,2115,293131690,2115,161,-70,89,32,2650,58,-43,2649
59553703,7597,508937280,54135438,1548,-6201,-33,6270,293131650,2115,293131700,2115,161,-70,80,74,2698,49,-1,2698
59563937,7597,508937287,54135394,1548,-6201,-34,6270,293131650,2115,293131710,2115,161,-70,-8,67,2591,-38,-6,2590
59573927,7597,508937294,54135348,1547,-6201,-35,6270,293131700,2115,293131720,2115,161,-70,-18,95,2639,-49,21,2638
59583762,7597,508937301,54135305,1547,-6200,-35,6270,293131700,2115,293131730,2115,160,-69,-4,71,2607,-34,-3,2605
59593684,7597,508937308,54135261,1547,-6200,-37,6270,293131700,2115,293131740,2115,160,-69,35,82,2651,4,8,2651
59603697,7597,508937315,54135218,1547,-6201,-38,6270,293131700,2115,293131750,2115,160,-69,80,110,2641,50,36,2642
59613981,7597,508937322,54135174,1547,-6202,-39,6270,293131700,2115,293131760,2115,160,-68,104,79,2638,74,5,2639
59623836,7597,508937329,54135128,1547,-6202,-40,6270,293131750,2115,293131770,2115,160,-68,56,86,2670,26,11,2670
59633742,7597,508937336,54135084,1548,-6201,-41,6270,293131750,2115,293131780,2115,160,-68,24,8,2638,-6,-66,2635
59644346,7597,508937343,54135041,1548,-6201,-42,6270,293131750,2115,293131790,2115,160,-67,-33,66,2578,-61,-6,2577
59653701,7597,508937350,54134997,1547,-6201,-42,6270,293131750,2115,293131800,2115,160,-67,-20,153,2582,-49,81,2583
59664575,7597,508937357,54134954,1547,-6201,-44,6270,293131750,2115,293131810,2115,159,-66,36,97,2642,7,24,2642
59673871,7597,508937364,54134908,1547,-6201,-45,6270,293131800,2115,293131820,2115,159,-65,121,39,2634,92,-34,2633
59683770,7598,508937371,54134864,1547,-6202,-46,6270,293131800,2115,293131830,2115,159,-65,77,89,2651,49,16,2651
59693690,7598,508937378,54134821,1547,-6202,-46,6270,293131800,2115,293131840,2115,159,-64,32,50,2579,5,-22,2578
59703686,7598,508937385,54134777,1547,-6202,-47,6270,293131800,2115,293131850,2115,159,-63,1,122,2577,-26,50,2578
59713948,7598,508937392,54134734,1547,-6201,-47,6270,293131800,2115,293131860,2115,159,-62,-33,83,2533,-58,13,2532
59723819,7598,508937399,54134687,1546,-6201,-47,6270,293131850,2115,293131870,2115,158,-61,15,91,2504,-10,21,2504
59733764,7599,508937406,54134644,1547,-6202,-47,6270,293131850,2115,293131880,2115,158,-60,54,42,2526,29,-28,2525
59743690,7599,508937413,54134600,1546,-6202,-48,6270,293131850,2115,293131890,2115,158,-59,102,133,2564,77,62,2566
59753685,7599,508937419,54134557,1546,-6203,-48,6270,293131850,2115,293131900,2115,158,-59,80,100,2561,55,29,2561
59763961,7599,508937426,54134513,1546,-6203,-49,6270,293131850,2115,293131910,2115,158,-58,29,64,2546,5,-7,2545
59773834,7599,508937433,54134467,1546,-6203,-49,6270,293131900,2115,293131920,2115,158,-57,-8,85,2483,-31,16,2482
59783768,7600,508937440,54134423,1546,-6202,-48,6270,293131900,2115,293131930,2115,158,-57,-18,133,2487,-41,64,2488
59793684,7600,508937447,54134380,1545,-6203,-48,6270,293131900,2115,293131940,2115,159,-56,32,129,2438,9,61,2439
59803877,7600,508937454,54134336,1546,-6203,-48,6270,293131900,2115,293131950,2115,159,-56,81,30,2447,59,-38,2446
59813950,7601,508937461,54134293,1546,-6203,-47,6270,293131900,2115,293131960,2115,160,-56,75,80,2444,53,11,2444
59823856,7601,508937468,54134247,1545,-6204,-47,6270,293131950,2115,293131970,2115,160,-55,69,81,2497,46,11,2497
59833756,7601,508937475,54134203,1545,-6204,-47,6270,293131950,2115,293131980,2115,160,-55,24,149,2518,1,78,2520
59843720,7602,508937482,54134160,1545,-6204,-47,6270,293131950,2115,293131990,2115,161,-55,0,66,2502,-23,-5,2501
59853695,7602,508937489,54134116,1545,-6204,-47,6270,293131950,2115,293132000,2115,161,-55,25,60,2457,3,-10,2456
59864027,7602,508937496,54134072,1545,-6204,-46,6270,293131950,2115,293132010,2115,162,-55,43,107,2418,22,38,2418
59874117,7603,508937503,54134026,1545,-6204,-46,6270,293132000,2115,293132020,2115,163,-55,70,119,2426,48,50,2428
59884071,7603,508937510,54133983,1545,-6205,-45,6270,293132000,2115,293132030,2115,163,-55,49,55,2399,28,-14,2398
59894023,7603,508937517,54133939,1545,-6205,-44,6270,293132000,2115,293132040,2115,164,-55,38,60,2441,16,-10,2440
59903689,7604,508937524,54133896,1544,-6205,-44,6270,293132000,2115,293132050,2115,164,-54,-5,100,2446,-27,29,2446
59913936,7604,508937531,54133852,1544,-6205,-44,6270,293132000,2115,293132060,2115,165,-54,13,162,2500,-10,89,2502
59923866,7605,508937538,54133806,1544,-6205,-44,6270,293132050,2115,293132070,2115,165,-54,24,79,2458,2,8,2458
59933788,7605,508937545,54133762,1543,-6205,-43,6270,293132050,2115,293132080,2115,165,-54,60,124,2417,39,54,2418
59943707,7606,508937552,54133719,1544,-6205,-42,6270,293132050,2115,293132090,2115,166,-54,62,53,2340,42,-15,2339
59953685,7606,508937559,54133675,1543,-6206,-41,6270,293132050,2115,293132100,2115,166,-53,67,101,2401,46,31,2402
59965072,7607,508937566,54133632,1543,-6206,-40,6270,293132050,2115,293132110,2115,167,-53,8,132,2338,-12,63,2339
59973858,7607,508937573,54133585,1542,-6206,-39,6270,293132100,2115,293132120,2115,167,-53,10,153,2363,-11,84,2365
59983783,7608,508937580,54133542,1541,-6206,-37,6270,293132100,2115,293132130,2115,167,-53,25,169,2358,4,99,2360
59993727,7608,508937587,54133498,1542,-6207,-37,6270,293132100,2115,293132140,2115,168,-53,86,67,2446,65,-5,2446
60003682,7608,508937593,54133455,1542,-6207,-36,6270,293132100,2115,293132150,2115,169,-54,94,95,2392,73,25,2393
