ADTF_CHUNK_TIME,INS_ANGLE_TRUE_HEADING,INS_Pos_Abs_Latitude,INS_Pos_Abs_Longitude,INS_Vel_Frame_X,INS_Vel_Frame_Y,INS_Vel_Frame_Z,System_TimeSinceInit,GPS_Time_Milliseconds,GPS_Time_Weeks,INS_Time_Milliseconds,INS_Time_Week,INS_Angle_Roll,INS_Angle_Pitch,AccelBodyX,AccelBodyY,AccelBodyZ,AccelHorizontalX,AccelHorizontalY,AccelHorizontalZ
15984,11792,506841276,56014343,-2340,-4419,-47,5242,292079350,2115,292079370,2115,102,-81,26,65,2424,-7,21,2423
18864,11792,506841265,56014312,-2340,-4419,-47,5242,292079350,2115,292079380,2115,102,-81,23,46,2463,-10,2,2462
29324,11793,506841255,56014281,-2339,-4419,-46,5242,292079350,2115,292079390,2115,102,-81,27,35,2457,-6,-9,2456
38806,11793,506841244,56014250,-2339,-4419,-46,5242,292079350,2115,292079400,2115,102,-81,29,53,2444,-4,9,2443
49035,11793,506841234,56014219,-2340,-4419,-46,5242,292079350,2115,292079410,2115,102,-81,28,60,2448,-5,16,2447
59299,11793,506841223,56014187,-2340,-4419,-45,5242,292079400,2115,292079420,2115,102,-81,22,49,2457,-10,5,2456
68883,11793,506841213,56014156,-2340,-4419,-45,5242,292079400,2115,292079430,2115,102,-81,40,15,2495,7,-30,2494
78824,11793,506841202,56014125,-2340,-4419,-45,5242,292079400,2115,292079440,2115,103,-81,20,73,2461,-13,28,2460
88828,11793,506841192,56014094,-2340,-4419,-44,5242,292079400,2115,292079450,2115,103,-81,28,62,2462,-5,17,2462
99073,11793,506841181,56014063,-2340,-4419,-44,5242,292079400,2115,292079460,2115,103,-81,16,26,2497,-18,-19,2496
108925,11793,506841171,56014030,-2340,-4418,-44,5242,292079450,2115,292079470,2115,103,-82,26,62,2506,-8,17,2505
118876,11793,506841160,56013999,-2340,-4418,-44,5242,292079450,2115,292079480,2115,103,-82,20,71,2475,-14,26,2474
128778,11793,506841150,56013968,-2340,-4418,-44,5243,292079450,2115,292079490,2115,103,-82,20,41,2503,-14,-4,2501
138790,11793,506841139,56013937,-2340,-4418,-44,5243,292079450,2115,292079500,2115,103,-83,20,21,2479,-14,-24,2477
149465,11793,506841129,56013906,-2340,-4418,-44,5243,292079450,2115,292079510,2115,103,-83,28,49,2468,-6,4,2467
158935,11793,506841118,56013874,-2340,-4418,-44,5243,292079500,2115,292079520,2115,103,-83,32,65,2513,-3,19,2512
168858,11793,506841108,56013843,-2340,-4418,-44,5243,292079500,2115,292079530,2115,103,-84,34,33,2530,-1,-13,2529
178880,11793,506841097,56013812,-2340,-4418,-44,5243,292079500,2115,292079540,2115,103,-84,23,70,2553,-13,24,2552
188791,11793,506841086,56013781,-2340,-4418,-45,5243,292079500,2115,292079550,2115,103,-85,16,43,2574,-20,-4,2572
199060,11792,506841076,56013750,-2339,-4418,-45,5243,292079500,2115,292079560,2115,103,-85,45,33,2548,9,-13,2547
208897,11792,506841065,56013718,-2340,-4417,-44,5243,292079550,2115,292079570,2115,103,-86,-46,113,2417,-81,69,2416
218872,11792,506841055,56013687,-2339,-4417,-46,5243,292079550,2115,292079580,2115,104,-86,18,-11,2646,-20,-60,2643
228821,11792,506841044,56013656,-2339,-4417,-46,5243,292079550,2115,292079590,2115,104,-86,13,-46,2519,-23,-92,2516
239550,11792,506841034,56013625,-2339,-4417,-46,5243,292079550,2115,292079600,2115,104,-86,74,139,2580,36,92,2581
249076,11792,506841023,56013594,-2340,-4417,-46,5243,292079550,2115,292079610,2115,104,-87,44,120,2519,7,74,2519
258945,11792,506841013,56013561,-2339,-4417,-47,5243,292079600,2115,292079620,2115,104,-87,17,-10,2513,-19,-56,2510
268926,11792,506841002,56013530,-2339,-4417,-47,5243,292079600,2115,292079630,2115,103,-87,-20,25,2513,-56,-21,2510
278809,11792,506840992,56013499,-2339,-4416,-47,5243,292079600,2115,292079640,2115,103,-87,-21,62,2542,-58,16,2540
288792,11792,506840981,56013468,-2339,-4416,-48,5243,292079600,2115,292079650,2115,104,-87,22,53,2574,-15,6,2572
299826,11792,506840971,56013437,-2339,-4416,-48,5243,292079600,2115,292079660,2115,104,-87,28,-4,2623,-10,-52,2621
308948,11791,506840960,56013405,-2338,-4416,-49,5243,292079650,2115,292079670,2115,104,-88,58,-7,2569,20,-54,2568
318864,11792,506840950,56013374,-2338,-4416,-49,5243,292079650,2115,292079680,2115,104,-88,45,49,2513,8,3,2512
328798,11792,506840939,56013343,-2339,-4415,-49,5243,292079650,2115,292079690,2115,103,-88,-67,224,2436,-104,179,2436
338810,11792,506840929,56013312,-2340,-4415,-49,5243,292079650,2115,292079700,2115,103,-87,100,124,2564,63,78,2565
349077,11791,506840918,56013281,-2338,-4416,-50,5243,292079650,2115,292079710,2115,103,-87,64,-234,2664,26,-282,2658
358941,11792,506840908,56013249,-2338,-4417,-51,5243,292079700,2115,292079720,2115,103,-88,-2,-2,2560,-40,-48,2558
368848,11792,506840897,56013218,-2338,-4415,-51,5243,292079700,2115,292079730,2115,102,-88,-62,213,2470,-99,168,2470
378801,11792,506840887,56013187,-2338,-4415,-51,5243,292079700,2115,292079740,2115,102,-88,4,35,2572,-34,-11,2570
388838,11792,506840876,56013156,-2338,-4416,-51,5243,292079700,2115,292079750,2115,102,-88,71,-19,2526,34,-64,2524
399293,11792,506840866,56013125,-2338,-4416,-52,5243,292079700,2115,292079760,2115,101,-88,82,76,2602,44,30,2602
408948,11792,506840855,56013093,-2339,-4415,-53,5243,292079750,2115,292079770,2115,101,-88,11,117,2559,-27,72,2559
418892,11792,506840845,56013062,-2338,-4415,-52,5243,292079750,2115,292079780,2115,101,-89,5,-17,2486,-31,-61,2483
428801,11792,506840834,56013031,-2338,-4415,-53,5243,292079750,2115,292079790,2115,100,-89,3,31,2577,-36,-15,2575
438833,11792,506840824,56013000,-2338,-4415,-53,5243,292079750,2115,292079800,2115,100,-89,23,43,2544,-15,-2,2542
449637,11792,506840813,56012969,-2338,-4415,-54,5243,292079750,2115,292079810,2115,100,-89,37,62,2539,-1,17,2538
458939,11792,506840803,56012937,-2338,-4415,-54,5243,292079800,2115,292079820,2115,99,-90,49,84,2547,11,40,2546
468874,11792,506840792,56012906,-2338,-4415,-55,5243,292079800,2115,292079830,2115,99,-90,1,25,2584,-38,-20,2581
478880,11792,506840782,56012875,-2338,-4415,-56,5243,292079800,2115,292079840,2115,99,-91,30,28,2649,-10,-18,2648
488758,11792,506840771,56012844,-2338,-4414,-57,5243,292079800,2115,292079850,2115,98,-92,27,64,2604,-13,20,2603
499038,11792,506840761,56012813,-2338,-4415,-57,5243,292079800,2115,292079860,2115,96,-93,61,41,2586,21,-3,2585
509248,11792,506840750,56012780,-2338,-4415,-58,5243,292079850,2115,292079870,2115,95,-93,30,27,2554,-10,-16,2552
518860,11792,506840740,56012749,-2338,-4414,-57,5243,292079850,2115,292079880,2115,94,-94,2,64,2403,-36,25,2402
528788,11792,506840729,56012718,-2338,-4414,-56,5243,292079850,2115,292079890,2115,92,-94,1,79,2413,-37,39,2412
539596,11792,506840719,56012687,-2338,-4413,-56,5243,292079850,2115,292079900,2115,92,-94,-14,80,2496,-53,40,2495
549040,11792,506840708,56012657,-2338,-4413,-56,5243,292079850,2115,292079910,2115,91,-93,16,10,2506,-23,-31,2504
558942,11792,506840698,56012624,-2338,-4414,-57,5243,292079900,2115,292079920,2115,91,-93,88,17,2609,48,-24,2608
569803,11792,506840687,56012593,-2338,-4414,-58,5243,292079900,2115,292079930,2115,90,-93,97,33,2622,56,-8,2621
578770,11792,506840677,56012562,-2338,-4414,-59,5243,292079900,2115,292079940,2115,90,-92,55,98,2550,15,58,2549
588829,11792,506840666,56012531,-2337,-4413,-59,5243,292079900,2115,292079950,2115,89,-92,-109,-11,2578,-148,-52,2574
599456,11792,506840656,56012500,-2337,-4412,-60,5243,292079900,2115,292079960,2115,88,-91,-65,78,2615,-105,37,2612
608928,11792,506840645,56012468,-2337,-4411,-61,5243,292079950,2115,292079970,2115,88,-89,-38,81,2599,-77,40,2597
618890,11792,506840635,56012437,-2338,-4411,-61,5243,292079950,2115,292079980,2115,87,-88,13,79,2495,-24,40,2494
629351,11792,506840624,56012406,-2337,-4412,-60,5243,292079950,2115,292079990,2115,87,-86,92,-72,2461,58,-109,2459
638823,11792,506840614,56012375,-2337,-4412,-59,5243,292079950,2115,292080000,2115,87,-84,75,60,2352,42,24,2352
649068,11792,506840603,56012344,-2338,-4412,-58,5243,292079950,2115,292080010,2115,87,-83,117,99,2352,84,63,2353
659610,11792,506840593,56012312,-2338,-4413,-57,5243,292080000,2115,292080020,2115,87,-82,54,44,2331,22,8,2330
668875,11792,506840582,56012281,-2338,-4413,-56,5243,292080000,2115,292080030,2115,87,-82,49,17,2375,17,-20,2374
678808,11792,506840572,56012250,-2337,-4413,-55,5243,292080000,2115,292080040,2115,88,-81,-32,-35,2416,-64,-72,2412
688793,11793,506840561,56012219,-2337,-4412,-54,5243,292080000,2115,292080050,2115,89,-80,-13,44,2408,-45,6,2406
699042,11793,506840551,56012188,-2337,-4412,-54,5243,292080000,2115,292080060,2115,89,-80,-26,53,2450,-58,14,2448
708950,11793,506840540,56012156,-2337,-4412,-53,5243,292080050,2115,292080070,2115,90,-79,42,39,2411,11,1,2410
718863,11793,506840530,56012125,-2337,-4412,-52,5243,292080050,2115,292080080,2115,91,-79,87,63,2373,56,25,2373
728793,11793,506840519,56012094,-2338,-4413,-51,5243,292080050,2115,292080090,2115,91,-79,100,38,2432,68,-1,2432
738798,11793,506840509,56012063,-2338,-4413,-51,5243,292080050,2115,292080100,2115,92,-80,63,7,2407,31,-32,2406
749927,11793,506840498,56012032,-2338,-4413,-50,5243,292080050,2115,292080110,2115,93,-80,35,30,2385,4,-9,2384
758952,11793,506840488,56012000,-2338,-4413,-49,5243,292080100,2115,292080120,2115,93,-80,12,70,2430,-20,30,2429
768850,11793,506840477,56011969,-2338,-4413,-49,5243,292080100,2115,292080130,2115,94,-81,-8,18,2450,-41,-23,2448
779762,11793,506840467,56011938,-2337,-4413,-49,5243,292080100,2115,292080140,2115,95,-82,-6,19,2504,-40,-23,2502
788787,11793,506840456,56011907,-2338,-4412,-49,5243,292080100,2115,292080150,2115,96,-83,27,92,2491,-8,50,2490
799088,11793,506840446,56011876,-2337,-4412,-48,5243,292080100,2115,292080160,2115,96,-83,0,-14,2453,-33,-56,2451
808952,11793,506840435,56011844,-2337,-4412,-49,5243,292080150,2115,292080170,2115,97,-84,48,54,2530,13,11,2529
818851,11793,506840425,56011813,-2337,-4413,-49,5243,292080150,2115,292080180,2115,98,-85,43,-26,2491,8,-68,2488
828795,11793,506840414,56011782,-2337,-4413,-48,5243,292080150,2115,292080190,2115,98,-87,51,44,2482,15,1,2481
839219,11794,506840404,56011751,-2337,-4412,-48,5243,292080150,2115,292080200,2115,99,-88,26,122,2498,-11,79,2498
849033,11794,506840393,56011720,-2337,-4412,-48,5243,292080150,2115,292080210,2115,99,-89,14,23,2495,-23,-21,2493
858920,11794,506840383,56011688,-2337,-4412,-49,5243,292080200,2115,292080220,2115,99,-90,27,23,2562,-12,-22,2561
868873,11794,506840372,56011657,-2337,-4412,-49,5243,292080200,2115,292080230,2115,99,-92,-2,67,2541,-41,23,2540
878788,11794,506840362,56011626,-2337,-4412,-50,5243,292080200,2115,292080240,2115,99,-93,21,55,2561,-19,11,2559
888797,11794,506840351,56011595,-2337,-4412,-50,5243,292080200,2115,292080250,2115,99,-95,36,51,2557,-4,6,2556
899722,11794,506840341,56011564,-2337,-4412,-50,5243,292080200,2115,292080260,2115,99,-96,40,49,2545,0,5,2544
908948,11795,506840330,56011532,-2337,-4412,-51,5243,292080250,2115,292080270,2115,99,-98,46,58,2562,4,13,2561
918873,11795,506840320,56011501,-2337,-4411,-51,5243,292080250,2115,292080280,2115,98,-99,29,83,2564,-13,39,2563
928796,11795,506840309,56011470,-2337,-4411,-52,5243,292080250,2115,292080290,2115,97,-100,-4,87,2588,-47,42,2586
938789,11795,506840299,56011439,-2338,-4411,-53,5243,292080250,2115,292080300,2115,97,-102,28,97,2638,-17,52,2638
949054,11795,506840288,56011408,-2337,-4410,-54,5243,292080250,2115,292080310,2115,96,-103,14,37,2630,-31,-8,2628
958954,11795,506840278,56011376,-2338,-4410,-55,5243,292080300,2115,292080320,2115,96,-104,30,65,2606,-15,21,2605
968852,11796,506840267,56011345,-2338,-4410,-56,5243,292080300,2115,292080330,2115,96,-105,1,63,2644,-46,19,2643
978786,11796,506840257,56011314,-2338,-4410,-57,5243,292080300,2115,292080340,2115,95,-106,32,78,2607,-14,35,2606
988796,11796,506840246,56011283,-2338,-4409,-58,5243,292080300,2115,292080350,2115,95,-107,18,60,2627,-29,16,2625
999064,11796,506840236,56011252,-2338,-4409,-59,5243,292080300,2115,292080360,2115,94,-108,29,89,2651,-19,45,2651
1008945,11796,506840225,56011220,-2338,-4408,-60,5243,292080350,2115,292080370,2115,94,-108,16,89,2623,-32,46,2622
1019739,11796,506840215,56011189,-2338,-4408,-61,5243,292080350,2115,292080380,2115,93,-109,21,47,2621,-27,3,2619
1028800,11796,506840204,56011158,-2338,-4408,-62,5243,292080350,2115,292080390,2115,93,-109,12,70,2613,-36,27,2611
1038796,11796,506840194,56011127,-2338,-4408,-63,5243,292080350,2115,292080400,2115,93,-109,15,31,2607,-33,-11,2606
1049688,11797,506840183,56011096,-2338,-4407,-63,5243,292080350,2115,292080410,2115,93,-109,25,49,2606,-23,7,2605
1058930,11797,506840173,56011064,-2338,-4407,-64,5243,292080400,2115,292080420,2115,92,-109,39,67,2610,-9,24,2609
1068902,11797,506840162,56011033,-2338,-4407,-65,5243,292080400,2115,292080430,2115,92,-109,43,69,2572,-5,28,2571
1079061,11797,506840152,56011002,-2338,-4407,-66,5243,292080400,2115,292080440,2115,92,-109,6,72,2590,-42,30,2589
1088772,11797,506840141,56010971,-2338,-4407,-66,5243,292080400,2115,292080450,2115,92,-109,20,30,2598,-27,-12,2596
1099030,11797,506840131,56010940,-2338,-4406,-67,5243,292080400,2115,292080460,2115,91,-108,32,78,2595,-15,36,2594
1108921,11798,506840120,56010908,-2338,-4406,-68,5243,292080450,2115,292080470,2115,91,-108,2,71,2599,-46,29,2598
1118868,11798,506840110,56010877,-2338,-4406,-68,5243,292080450,2115,292080480,2115,91,-107,12,30,2566,-34,-12,2564
1128808,11798,506840099,56010846,-2338,-4405,-69,5243,292080450,2115,292080490,2115,91,-107,28,63,2578,-19,21,2577
1138782,11798,506840088,56010815,-2338,-4405,-70,5243,292080450,2115,292080500,2115,91,-107,32,56,2570,-14,15,2569
1149054,11798,506840078,56010784,-2338,-4405,-70,5243,292080450,2115,292080510,2115,91,-106,47,55,2511,2,15,2510
1158932,11799,506840067,56010752,-2338,-4405,-70,5244,292080500,2115,292080520,2115,91,-105,8,40,2527,-37,-1,2525
1168850,11799,506840057,56010721,-2338,-4405,-70,5244,292080500,2115,292080530,2115,91,-105,18,39,2517,-26,-1,2516
1178779,11799,506840046,56010690,-2338,-4405,-70,5244,292080500,2115,292080540,2115,91,-104,28,78,2509,-16,38,2508
1188787,11799,506840036,56010659,-2339,-4405,-70,5244,292080500,2115,292080550,2115,91,-104,23,60,2529,-22,19,2528
1200185,11799,506840025,56010628,-2339,-4404,-70,5244,292080500,2115,292080560,2115,90,-104,20,51,2495,-24,11,2493
1208963,11800,506840015,56010596,-2339,-4404,-70,5244,292080550,2115,292080570,2115,90,-103,19,52,2509,-24,12,2507
1218907,11800,506840004,56010565,-2339,-4404,-70,5244,292080550,2115,292080580,2115,90,-103,24,85,2529,-20,45,2528
1228805,11800,506839994,56010534,-2339,-4404,-70,5244,292080550,2115,292080590,2115,90,-102,40,53,2496,-3,14,2495
1238822,11800,506839983,56010503,-2339,-4404,-71,5244,292080550,2115,292080600,2115,91,-102,34,53,2518,-9,13,2517
1249023,11801,506839973,56010473,-2339,-4403,-70,5244,292080550,2115,292080610,2115,91,-101,14,62,2487,-28,22,2486
1259149,11801,506839962,56010440,-2339,-4403,-70,5244,292080600,2115,292080620,2115,91,-101,2,86,2442,-39,47,2441
1268880,11801,506839952,56010409,-2339,-4403,-70,5244,292080600,2115,292080630,2115,91,-101,10,63,2503,-32,23,2502
1278794,11801,506839941,56010379,-2339,-4403,-70,5244,292080600,2115,292080640,2115,91,-101,13,64,2474,-29,24,2473
1288810,11801,506839931,56010348,-2339,-4403,-69,5244,292080600,2115,292080650,2115,92,-100,45,32,2487,3,-8,2486
1299060,11802,506839920,56010317,-2339,-4402,-69,5244,292080600,2115,292080660,2115,92,-100,13,64,2459,-28,25,2458
1308932,11802,506839910,56010285,-2340,-4402,-69,5244,292080650,2115,292080670,2115,92,-100,19,87,2456,-22,47,2456
1318862,11802,506839899,56010254,-2340,-4402,-69,5244,292080650,2115,292080680,2115,92,-100,47,58,2488,6,18,2487
1328764,11802,506839889,56010223,-2340,-4402,-68,5244,292080650,2115,292080690,2115,92,-100,13,55,2469,-28,15,2468
1338819,11802,506839878,56010192,-2340,-4401,-68,5244,292080650,2115,292080700,2115,93,-100,14,63,2454,-28,23,2452
1349114,11802,506839868,56010161,-2340,-4401,-68,5244,292080650,2115,292080710,2115,93,-100,24,85,2516,-19,44,2516
1358933,11802,506839857,56010129,-2340,-4401,-68,5244,292080700,2115,292080720,2115,93,-101,3,73,2476,-39,32,2474
1368828,11803,506839847,56010098,-2340,-4401,-68,5244,292080700,2115,292080730,2115,93,-101,14,23,2497,-29,-18,2495
1378795,11803,506839836,56010067,-2340,-4401,-68,5244,292080700,2115,292080740,2115,93,-101,33,29,2499,-10,-12,2497
1388780,11803,506839826,56010036,-2340,-4401,-68,5244,292080700,2115,292080750,2115,93,-101,36,36,2480,-6,-5,2479
1399086,11803,506839815,56010005,-2340,-4400,-67,5244,292080700,2115,292080760,2115,93,-101,28,59,2464,-14,19,2463
1408946,11803,506839805,56009973,-2340,-4400,-67,5244,292080750,2115,292080770,2115,93,-102,21,94,2477,-22,54,2476
1418846,11803,506839794,56009942,-2340,-4400,-67,5244,292080750,2115,292080780,2115,93,-102,21,26,2494,-22,-15,2493
1428819,11803,506839784,56009911,-2340,-4399,-68,5244,292080750,2115,292080790,2115,92,-102,8,53,2533,-36,12,2531
1438806,11803,506839773,56009881,-2340,-4399,-67,5244,292080750,2115,292080800,2115,92,-103,14,72,2475,-29,31,2474
1450174,11803,506839763,56009850,-2340,-4399,-67,5244,292080750,2115,292080810,2115,91,-103,20,40,2500,-23,0,2499
1458921,11803,506839752,56009818,-2340,-4399,-67,5244,292080800,2115,292080820,2115,91,-103,16,40,2511,-28,-1,2510
1468900,11803,506839741,56009787,-2340,-4399,-67,5244,292080800,2115,292080830,2115,91,-104,39,32,2518,-5,-8,2517
1478923,11803,506839731,56009756,-2340,-4398,-68,5244,292080800,2115,292080840,2115,90,-104,23,64,2522,-21,24,2521
1488818,11803,506839720,56009725,-2340,-4398,-68,5244,292080800,2115,292080850,2115,90,-105,19,69,2491,-25,30,2490
1501300,11803,506839710,56009694,-2340,-4398,-67,5244,292080800,2115,292080860,2115,89,-105,18,24,2468,-25,-15,2466
1508931,11803,506839699,56009662,-2340,-4398,-67,5244,292080850,2115,292080870,2115,89,-105,10,36,2522,-34,-4,2520
1518843,11803,506839689,56009631,-2340,-4398,-68,5244,292080850,2115,292080880,2115,88,-106,23,59,2531,-22,19,2530
1528779,11803,506839678,56009600,-2340,-4397,-68,5244,292080850,2115,292080890,2115,88,-106,29,62,2538,-16,23,2537
1538776,11803,506839668,56009569,-2340,-4397,-68,5244,292080850,2115,292080900,2115,88,-106,18,26,2553,-28,-13,2551
1549030,11803,506839657,56009539,-2339,-4397,-68,5244,292080850,2115,292080910,2115,87,-107,9,9,2488,-35,-29,2486
1558961,11803,506839647,56009506,-2339,-4397,-68,5244,292080900,2115,292080920,2115,87,-107,39,46,2481,-5,8,2480
1568850,11802,506839636,56009476,-2339,-4397,-68,5244,292080900,2115,292080930,2115,87,-107,17,52,2511,-28,14,2509
1578794,11802,506839626,56009445,-2339,-4397,-68,5244,292080900,2115,292080940,2115,87,-107,9,45,2514,-37,7,2513
1588799,11802,506839615,56009414,-2339,-4397,-68,5244,292080900,2115,292080950,2115,86,-108,28,31,2528,-18,-7,2526
1599048,11802,506839605,56009383,-2339,-4396,-68,5244,292080900,2115,292080960,2115,86,-108,16,26,2509,-30,-12,2508
1608953,11801,506839594,56009351,-2339,-4396,-69,5244,292080950,2115,292080970,2115,86,-108,22,7,2497,-23,-31,2495
1618860,11801,506839584,56009320,-2338,-4396,-69,5244,292080950,2115,292080980,2115,86,-109,31,22,2554,-15,-17,2553
1628788,11801,506839573,56009289,-2338,-4396,-69,5244,292080950,2115,292080990,2115,86,-109,21,15,2533,-25,-23,2531
1638880,11800,506839563,56009258,-2338,-4396,-69,5244,292080950,2115,292081000,2115,86,-110,29,2,2518,-17,-36,2516
1649060,11800,506839552,56009228,-2338,-4396,-69,5244,292080950,2115,292081010,2115,86,-110,21,14,2530,-25,-25,2528
1658923,11800,506839542,56009195,-2337,-4396,-69,5244,292081000,2115,292081020,2115,86,-111,14,22,2485,-32,-15,2483
1668881,11799,506839531,56009165,-2337,-4396,-69,5244,292081000,2115,292081030,2115,86,-111,16,16,2492,-31,-22,2490
1678796,11799,506839521,56009134,-2337,-4396,-70,5244,292081000,2115,292081040,2115,86,-111,12,12,2561,-35,-26,2559
1688787,11799,506839510,56009103,-2337,-4396,-70,5244,292081000,2115,292081050,2115,86,-112,31,-5,2544,-17,-43,2542
1700215,11798,506839500,56009072,-2336,-4396,-71,5244,292081000,2115,292081060,2115,86,-112,35,17,2581,-14,-22,2579
1708917,11798,506839489,56009040,-2336,-4395,-71,5244,292081050,2115,292081070,2115,86,-113,20,23,2519,-28,-15,2517
1718851,11798,506839479,56009009,-2335,-4395,-71,5244,292081050,2115,292081080,2115,86,-113,-10,-53,2495,-56,-91,2492
1728787,11797,506839468,56008978,-2335,-4395,-71,5244,292081050,2115,292081090,2115,86,-113,11,10,2547,-37,-28,2545
1738772,11797,506839458,56008948,-2335,-4395,-71,5244,292081050,2115,292081100,2115,86,-113,18,-9,2530,-30,-48,2528
1749092,11797,506839447,56008917,-2334,-4395,-72,5244,292081050,2115,292081110,2115,86,-113,39,11,2543,-10,-28,2541
1758939,11796,506839437,56008885,-2334,-4395,-72,5244,292081100,2115,292081120,2115,86,-113,13,11,2558,-36,-28,2556
1768844,11796,506839426,56008854,-2334,-4395,-72,5244,292081100,2115,292081130,2115,86,-113,26,15,2498,-21,-22,2496
1778796,11795,506839416,56008823,-2334,-4395,-72,5244,292081100,2115,292081140,2115,86,-113,16,33,2505,-32,-5,2504
1788779,11795,506839405,56008792,-2333,-4395,-72,5244,292081100,2115,292081150,2115,86,-113,6,-19,2549,-42,-58,2546
1799022,11795,506839395,56008761,-2332,-4395,-72,5244,292081100,2115,292081160,2115,86,-113,18,-50,2514,-30,-88,2511
1808946,11794,506839384,56008729,-2332,-4395,-73,5244,292081150,2115,292081170,2115,87,-113,25,22,2586,-24,-17,2585
1818851,11794,506839374,56008698,-2332,-4395,-73,5244,292081150,2115,292081180,2115,87,-113,34,-6,2531,-14,-45,2528
1828794,11794,506839363,56008668,-2331,-4395,-73,5244,292081150,2115,292081190,2115,87,-113,40,5,2483,-7,-33,2481
1838794,11793,506839353,56008637,-2331,-4395,-73,5244,292081150,2115,292081200,2115,87,-113,-5,29,2525,-53,-10,2523
1849036,11793,506839342,56008606,-2331,-4395,-73,5244,292081150,2115,292081210,2115,88,-113,20,-3,2508,-27,-42,2506
1858937,11793,506839332,56008574,-2330,-4394,-73,5244,292081200,2115,292081220,2115,88,-113,20,-6,2508,-27,-45,2506
1868865,11792,506839321,56008543,-2330,-4394,-74,5244,292081200,2115,292081230,2115,88,-113,28,-18,2535,-20,-58,2533
1878775,11792,506839311,56008512,-2330,-4394,-73,5244,292081200,2115,292081240,2115,89,-113,23,-1,2438,-23,-39,2436
1888779,11792,506839300,56008481,-2329,-4394,-73,5244,292081200,2115,292081250,2115,89,-112,25,7,2500,-22,-32,2498
1899021,11791,506839290,56008450,-2329,-4394,-73,5244,292081200,2115,292081260,2115,90,-112,37,-2,2499,-10,-41,2497
1908932,11791,506839279,56008418,-2329,-4394,-73,5244,292081250,2115,292081270,2115,90,-112,24,15,2475,-23,-24,2473
1918875,11791,506839269,56008388,-2328,-4394,-73,5244,292081250,2115,292081280,2115,91,-111,18,5,2532,-29,-35,2530
1928761,11790,506839258,56008357,-2328,-4394,-73,5244,292081250,2115,292081290,2115,91,-111,4,-12,2502,-42,-53,2500
1938801,11790,506839248,56008326,-2328,-4394,-73,5244,292081250,2115,292081300,2115,92,-111,19,0,2521,-27,-40,2518
1950184,11790,506839238,56008295,-2327,-4394,-74,5244,292081250,2115,292081310,2115,92,-111,22,2,2547,-25,-39,2545
1958931,11790,506839227,56008263,-2327,-4394,-73,5244,292081300,2115,292081320,2115,93,-110,21,30,2482,-25,-10,2481
1968840,11789,506839217,56008232,-2327,-4394,-73,5244,292081300,2115,292081330,2115,93,-110,41,5,2498,-5,-36,2497
1978783,11789,506839206,56008201,-2327,-4394,-73,5244,292081300,2115,292081340,2115,94,-110,31,-4,2458,-14,-45,2455
1988778,11789,506839196,56008171,-2326,-4394,-73,5244,292081300,2115,292081350,2115,94,-110,30,-3,2452,-15,-44,2450
1999349,11789,506839185,56008140,-2326,-4394,-72,5244,292081300,2115,292081360,2115,95,-109,54,12,2481,8,-29,2480
2008951,11789,506839175,56008108,-2326,-4394,-72,5244,292081350,2115,292081370,2115,95,-109,10,27,2466,-35,-14,2464
2018851,11789,506839164,56008077,-2325,-4394,-72,5244,292081350,2115,292081380,2115,95,-109,28,11,2450,-17,-30,2448
2028778,11788,506839154,56008046,-2325,-4394,-72,5244,292081350,2115,292081390,2115,95,-109,22,30,2515,-24,-12,2513
2039245,11788,506839143,56008015,-2325,-4394,-72,5244,292081350,2115,292081400,2115,95,-109,28,15,2488,-18,-27,2486
2049795,11788,506839133,56007984,-2325,-4394,-72,5244,292081350,2115,292081410,2115,96,-109,39,0,2507,-7,-42,2506
2058918,11788,506839122,56007952,-2325,-4394,-72,5244,292081400,2115,292081420,2115,96,-110,22,39,2531,-24,-4,2529
2068854,11788,506839112,56007921,-2325,-4394,-72,5244,292081400,2115,292081430,2115,96,-110,41,14,2499,-5,-28,2498
2078768,11788,506839102,56007890,-2324,-4394,-72,5244,292081400,2115,292081440,2115,97,-110,31,1,2495,-15,-42,2493
2088818,11788,506839091,56007860,-2324,-4394,-71,5244,292081400,2115,292081450,2115,97,-110,22,67,2459,-24,25,2458
2099038,11788,506839081,56007829,-2324,-4394,-71,5244,292081400,2115,292081460,2115,97,-110,10,8,2468,-35,-34,2466
2109043,11788,506839070,56007797,-2323,-4394,-71,5244,292081450,2115,292081470,2115,98,-111,34,-2,2518,-13,-46,2515
2118857,11787,506839060,56007766,-2323,-4394,-71,5244,292081450,2115,292081480,2115,98,-111,37,-6,2481,-9,-49,2479
2128780,11787,506839049,56007735,-2323,-4394,-71,5244,292081450,2115,292081490,2115,98,-111,26,32,2470,-20,-10,2468
2139221,11787,506839039,56007704,-2323,-4394,-71,5244,292081450,2115,292081500,2115,98,-111,22,38,2482,-24,-5,2480
2149026,11787,506839028,56007673,-2322,-4394,-71,5244,292081450,2115,292081510,2115,99,-111,28,-32,2498,-19,-75,2495
2158923,11787,506839018,56007641,-2322,-4394,-71,5244,292081500,2115,292081520,2115,99,-111,18,55,2556,-30,11,2555
2168843,11787,506839008,56007610,-2322,-4394,-72,5244,292081500,2115,292081530,2115,99,-111,33,51,2591,-16,6,2589
2178797,11788,506838997,56007580,-2322,-4394,-72,5245,292081500,2115,292081540,2115,100,-112,43,1,2513,-4,-43,2512
2188786,11788,506838987,56007549,-2322,-4393,-72,5245,292081500,2115,292081550,2115,100,-112,17,39,2533,-31,-5,2531
2199361,11788,506838976,56007518,-2322,-4393,-72,5245,292081500,2115,292081560,2115,100,-112,18,59,2444,-28,16,2442
2208940,11788,506838966,56007486,-2322,-4393,-71,5245,292081550,2115,292081570,2115,100,-112,4,19,2418,-41,-24,2416
2218850,11788,506838955,56007455,-2321,-4393,-71,5245,292081550,2115,292081580,2115,100,-112,13,26,2513,-34,-19,2511
2229142,11788,506838945,56007424,-2321,-4393,-71,5245,292081550,2115,292081590,2115,101,-112,61,42,2541,13,-3,2540
2238784,11788,506838935,56007393,-2322,-4393,-71,5245,292081550,2115,292081600,2115,101,-112,78,62,2501,31,18,2501
2249038,11788,506838924,56007363,-2322,-4393,-71,5245,292081550,2115,292081610,2115,102,-112,48,39,2479,1,-5,2478
2259400,11788,506838914,56007331,-2322,-4393,-71,5245,292081600,2115,292081620,2115,102,-113,10,84,2462,-37,39,2461
2268949,11788,506838903,56007300,-2321,-4392,-71,5245,292081600,2115,292081630,2115,103,-113,-4,36,2509,-52,-9,2507
2278786,11788,506838893,56007269,-2321,-4392,-71,5245,292081600,2115,292081640,2115,103,-113,-25,40,2550,-73,-7,2547
2289361,11788,506838882,56007238,-2321,-4392,-72,5245,292081600,2115,292081650,2115,103,-114,15,41,2623,-36,-6,2621
2299069,11788,506838872,56007207,-2321,-4392,-73,5245,292081600,2115,292081660,2115,103,-114,56,59,2655,5,12,2654
2308929,11788,506838861,56007175,-2321,-4392,-74,5245,292081650,2115,292081670,2115,103,-114,56,46,2508,8,0,2507
2318840,11788,506838851,56007144,-2321,-4392,-73,5245,292081650,2115,292081680,2115,103,-115,62,57,2488,14,12,2487
2328787,11788,506838841,56007114,-2321,-4391,-74,5245,292081650,2115,292081690,2115,103,-116,23,88,2554,-27,41,2553
2338776,11788,506838830,56007083,-2321,-4391,-74,5245,292081650,2115,292081700,2115,104,-117,31,69,2567,-19,22,2566
2349653,11788,506838820,56007052,-2321,-4391,-75,5245,292081650,2115,292081710,2115,104,-118,43,39,2582,-8,-8,2581
2358944,11788,506838809,56007020,-2321,-4391,-76,5245,292081700,2115,292081720,2115,105,-119,13,42,2614,-39,-6,2612
2368865,11789,506838799,56006989,-2321,-4391,-76,5245,292081700,2115,292081730,2115,106,-120,5,49,2495,-46,2,2493
2380025,11789,506838788,56006958,-2321,-4390,-77,5245,292081700,2115,292081740,2115,106,-121,-7,61,2581,-60,13,2579
2388775,11789,506838778,56006927,-2321,-4390,-78,5245,292081700,2115,292081750,2115,106,-122,65,57,2653,11,8,2653
2399077,11789,506838768,56006897,-2321,-4391,-79,5245,292081700,2115,292081760,2115,106,-123,102,15,2630,47,-34,2630
2409100,11789,506838757,56006865,-2321,-4391,-78,5245,292081750,2115,292081770,2115,106,-124,96,109,2437,45,63,2438
2418876,11789,506838747,56006834,-2321,-4390,-77,5245,292081750,2115,292081780,2115,107,-124,-10,68,2393,-60,23,2391
2428792,11789,506838736,56006803,-2321,-4389,-78,5245,292081750,2115,292081790,2115,108,-124,-117,20,2520,-170,-28,2515
2438957,11789,506838726,56006772,-2320,-4389,-79,5245,292081750,2115,292081800,2115,108,-124,-52,33,2657,-108,-18,2653
2449066,11789,506838715,56006741,-2321,-4388,-81,5245,292081750,2115,292081810,2115,108,-123,49,125,2830,-11,71,2830
2458960,11789,506838705,56006709,-2321,-4389,-83,5245,292081800,2115,292081820,2115,109,-123,129,39,2751,72,-13,2751
2469293,11789,506838695,56006678,-2321,-4389,-84,5245,292081800,2115,292081830,2115,109,-122,89,59,2657,34,9,2657
2478799,11789,506838684,56006648,-2321,-4389,-84,5245,292081800,2115,292081840,2115,109,-122,-21,41,2457,-72,-7,2455
2488797,11789,506838674,56006617,-2320,-4388,-84,5245,292081800,2115,292081850,2115,110,-120,-77,55,2464,-127,7,2460
2499786,11790,506838663,56006586,-2319,-4387,-84,5245,292081800,2115,292081860,2115,110,-119,-121,20,2509,-171,-29,2504
2508955,11790,506838653,56006554,-2319,-4386,-85,5245,292081850,2115,292081870,2115,110,-117,8,34,2593,-42,-17,2591
2518845,11790,506838642,56006523,-2319,-4386,-84,5245,292081850,2115,292081880,2115,110,-115,103,71,2497,55,23,2497
2529404,11790,506838632,56006492,-2320,-4387,-83,5245,292081850,2115,292081890,2115,110,-113,176,100,2370,131,55,2373
2538778,11790,506838622,56006462,-2321,-4387,-81,5245,292081850,2115,292081900,2115,110,-112,41,109,2243,-2,66,2243
2549062,11790,506838611,56006431,-2320,-4387,-80,5245,292081850,2115,292081910,2115,110,-111,62,-18,2364,18,-63,2362
2559534,11791,506838601,56006399,-2319,-4388,-80,5245,292081900,2115,292081920,2115,110,-110,45,-99,2468,0,-147,2464
2568844,11791,506838590,56006368,-2320,-4387,-79,5245,292081900,2115,292081930,2115,110,-109,-9,175,2432,-54,128,2433
2578957,11791,506838580,56006337,-2320,-4386,-79,5245,292081900,2115,292081940,2115,111,-107,-63,123,2432,-107,75,2430
2588790,11791,506838569,56006307,-2320,-4385,-78,5245,292081900,2115,292081950,2115,111,-106,-47,32,2385,-89,-15,2382
2599039,11791,506838559,56006276,-2320,-4385,-77,5245,292081900,2115,292081960,2115,112,-105,38,84,2388,-5,38,2388
2608927,11791,506838549,56006244,-2321,-4386,-76,5245,292081950,2115,292081970,2115,112,-104,147,71,2412,105,24,2413
2618870,11792,506838538,56006213,-2321,-4386,-76,5245,292081950,2115,292081980,2115,112,-104,128,95,2449,86,47,2450
2628780,11792,506838528,56006182,-2321,-4387,-76,5245,292081950,2115,292081990,2115,113,-104,28,-21,2448,-14,-69,2445
2638769,11792,506838517,56006151,-2321,-4386,-75,5245,292081950,2115,292082000,2115,113,-103,-22,53,2373,-63,6,2371
2649232,11792,506838507,56006121,-2320,-4386,-74,5245,292081950,2115,292082010,2115,114,-103,-39,55,2425,-81,7,2423
2658922,11792,506838496,56006089,-2320,-4385,-73,5245,292082000,2115,292082020,2115,114,-102,-14,95,2442,-56,46,2441
2668851,11792,506838486,56006058,-2320,-4385,-73,5245,292082000,2115,292082030,2115,115,-102,20,53,2408,-22,4,2407
2679377,11792,506838476,56006027,-2321,-4385,-72,5245,292082000,2115,292082040,2115,115,-102,49,79,2438,7,29,2438
2688784,11793,506838465,56005996,-2321,-4385,-71,5245,292082000,2115,292082050,2115,116,-102,43,53,2404,2,4,2403
2699034,11793,506838455,56005965,-2321,-4385,-71,5245,292082000,2115,292082060,2115,117,-103,40,39,2397,-1,-10,2396
2709698,11793,506838444,56005933,-2321,-4385,-70,5245,292082050,2115,292082070,2115,117,-103,57,43,2453,14,-8,2452
2719091,11793,506838434,56005903,-2320,-4385,-70,5245,292082050,2115,292082080,2115,118,-104,28,37,2436,-14,-13,2434
2729178,11793,506838423,56005872,-2320,-4385,-69,5245,292082050,2115,292082090,2115,119,-104,25,57,2412,-17,7,2411
2739492,11793,506838413,56005841,-2321,-4384,-69,5245,292082050,2115,292082100,2115,120,-105,8,101,2460,-36,50,2459
2749014,11793,506838403,56005810,-2321,-4384,-68,5245,292082050,2115,292082110,2115,120,-106,2,62,2458,-42,10,2457
2758909,11793,506838392,56005778,-2321,-4384,-68,5245,292082100,2115,292082120,2115,121,-107,27,83,2498,-19,30,2497
2769608,11793,506838382,56005748,-2321,-4384,-69,5245,292082100,2115,292082130,2115,122,-108,36,65,2523,-10,11,2523
2778780,11794,506838371,56005717,-2321,-4384,-68,5245,292082100,2115,292082140,2115,122,-110,64,30,2491,18,-24,2490
2788788,11794,506838361,56005686,-2321,-4383,-68,5245,292082100,2115,292082150,2115,123,-111,9,63,2489,-38,9,2488
2799051,11794,506838350,56005655,-2321,-4383,-68,5245,292082100,2115,292082160,2115,124,-112,5,81,2486,-42,27,2485
2808920,11794,506838340,56005623,-2321,-4383,-68,5245,292082150,2115,292082170,2115,124,-114,27,69,2510,-21,15,2509
2818879,11794,506838330,56005593,-2320,-4383,-69,5245,292082150,2115,292082180,2115,125,-115,17,32,2580,-33,-25,2578
2828796,11794,506838319,56005562,-2321,-4383,-69,5245,292082150,2115,292082190,2115,126,-116,33,82,2543,-17,26,2542
2838775,11794,506838309,56005531,-2320,-4383,-70,5245,292082150,2115,292082200,2115,126,-118,30,30,2597,-21,-28,2595
2849037,11794,506838298,56005500,-2320,-4382,-71,5245,292082150,2115,292082210,2115,127,-119,10,92,2565,-41,35,2564
2859004,11794,506838288,56005468,-2320,-4382,-71,5245,292082200,2115,292082220,2115,127,-121,21,56,2515,-31,0,2514
2868849,11794,506838277,56005437,-2320,-4382,-71,5245,292082200,2115,292082230,2115,127,-122,17,56,2588,-36,-2,2586
2878778,11794,506838267,56005407,-2320,-4381,-72,5245,292082200,2115,292082240,2115,127,-124,7,51,2626,-48,-7,2624
2888794,11795,506838257,56005376,-2320,-4381,-73,5245,292082200,2115,292082250,2115,128,-125,26,95,2609,-30,37,2609
2899066,11795,506838246,56005345,-2320,-4381,-74,5245,292082200,2115,292082260,2115,128,-127,37,62,2597,-19,4,2596
2908947,11795,506838236,56005313,-2320,-4380,-74,5245,292082250,2115,292082270,2115,128,-128,21,50,2568,-34,-8,2566
2918845,11795,506838225,56005283,-2320,-4380,-75,5245,292082250,2115,292082280,2115,129,-129,27,64,2582,-30,5,2581
2928796,11795,506838215,56005252,-2320,-4380,-76,5245,292082250,2115,292082290,2115,129,-130,5,125,2629,-53,65,2628
2938775,11795,506838204,56005221,-2320,-4379,-77,5245,292082250,2115,292082300,2115,129,-131,17,58,2639,-42,-2,2638
2949049,11795,506838194,56005190,-2320,-4379,-79,5245,292082250,2115,292082310,2115,129,-132,11,52,2691,-50,-9,2689
2958954,11795,506838184,56005158,-2320,-4379,-80,5245,292082300,2115,292082320,2115,129,-133,3,90,2652,-57,30,2651
2968841,11795,506838173,56005128,-2320,-4378,-81,5245,292082300,2115,292082330,2115,129,-134,11,132,2648,-49,71,2648
2978782,11795,506838163,56005097,-2320,-4378,-82,5245,292082300,2115,292082340,2115,130,-134,27,35,2684,-34,-26,2682
2988826,11795,506838152,56005066,-2319,-4378,-84,5245,292082300,2115,292082350,2115,130,-135,23,49,2662,-38,-12,2660
2999016,11795,506838142,56005036,-2319,-4377,-84,5245,292082300,2115,292082360,2115,130,-135,30,87,2596,-30,28,2595
3008972,11795,506838131,56005003,-2320,-4377,-86,5245,292082350,2115,292082370,2115,130,-136,14,98,2658,-47,37,2657
3018861,11795,506838121,56004973,-2319,-4377,-86,5245,292082350,2115,292082380,2115,130,-136,21,65,2614,-39,5,2613
3028781,11795,506838111,56004942,-2319,-4376,-87,5245,292082350,2115,292082390,2115,130,-136,10,40,2624,-51,-20,2622
3038802,11795,506838100,56004911,-2319,-4376,-89,5245,292082350,2115,292082400,2115,130,-136,17,61,2699,-45,-1,2697
3049252,11795,506838090,56004881,-2319,-4376,-90,5245,292082350,2115,292082410,2115,130,-137,13,49,2610,-48,-11,2608
3058918,11795,506838079,56004849,-2319,-4375,-91,5245,292082400,2115,292082420,2115,130,-137,18,55,2630,-43,-5,2628
3069383,11795,506838069,56004818,-2318,-4375,-92,5245,292082400,2115,292082430,2115,130,-137,37,44,2639,-24,-16,2638
3078804,11795,506838058,56004787,-2318,-4375,-93,5245,292082400,2115,292082440,2115,129,-137,28,29,2587,-32,-30,2585
3088770,11794,506838048,56004757,-2318,-4375,-93,5245,292082400,2115,292082450,2115,129,-137,25,86,2604,-36,27,2603
3099908,11794,506838038,56004726,-2318,-4374,-95,5245,292082400,2115,292082460,2115,129,-137,10,88,2647,-51,28,2646
3108928,11794,506838027,56004694,-2318,-4374,-96,5245,292082450,2115,292082470,2115,130,-137,40,7,2632,-21,-53,2630
3118856,11794,506838017,56004663,-2317,-4374,-97,5245,292082450,2115,292082480,2115,130,-137,25,19,2629,-36,-41,2627
3128835,11794,506838006,56004633,-2317,-4374,-97,5245,292082450,2115,292082490,2115,130,-137,9,62,2579,-51,3,2578
3138769,11793,506837996,56004602,-2317,-4373,-98,5245,292082450,2115,292082500,2115,130,-137,22,39,2614,-38,-21,2612
3150196,11793,506837986,56004571,-2317,-4373,-99,5245,292082450,2115,292082510,2115,130,-137,13,47,2627,-48,-13,2625
3158924,11793,506837975,56004539,-2316,-4373,-100,5245,292082500,2115,292082520,2115,130,-136,21,26,2591,-39,-34,2589
3168869,11793,506837965,56004509,-2316,-4373,-100,5245,292082500,2115,292082530,2115,130,-136,42,15,2568,-18,-44,2566
3178768,11792,506837954,56004478,-2315,-4373,-101,5245,292082500,2115,292082540,2115,131,-136,6,49,2532,-53,-9,2530
3188775,11792,506837944,56004447,-2315,-4373,-100,5245,292082500,2115,292082550,2115,131,-136,23,49,2495,-34,-9,2493
3199043,11792,506837934,56004417,-2315,-4373,-101,5246,292082500,2115,292082560,2115,131,-136,29,20,2550,-30,-39,2548
3208914,11791,506837923,56004385,-2315,-4372,-101,5246,292082550,2115,292082570,2115,132,-136,37,27,2565,-22,-32,2563
3218847,11791,506837913,56004354,-2314,-4372,-102,5246,292082550,2115,292082580,2115,132,-136,7,16,2509,-50,-42,2506
3228771,11790,506837902,56004323,-2314,-4372,-102,5246,292082550,2115,292082590,2115,132,-135,12,17,2557,-46,-43,2554
3238760,11790,506837892,56004293,-2313,-4372,-102,5246,292082550,2115,292082600,2115,133,-135,4,-19,2536,-53,-78,2532
3249062,11790,506837882,56004262,-2313,-4372,-103,5246,292082550,2115,292082610,2115,133,-135,31,53,2568,-27,-7,2567
3258938,11789,506837871,56004230,-2312,-4372,-103,5246,292082600,2115,292082620,2115,134,-135,37,28,2575,-22,-32,2573
3268851,11789,506837861,56004199,-2312,-4372,-103,5246,292082600,2115,292082630,2115,134,-135,33,6,2501,-24,-52,2499
3278767,11788,506837850,56004169,-2312,-4372,-103,5246,292082600,2115,292082640,2115,134,-135,-9,19,2481,-65,-39,2478
3288769,11788,506837840,56004138,-2311,-4372,-103,5246,292082600,2115,292082650,2115,135,-135,11,36,2489,-46,-23,2487
3299045,11788,506837830,56004107,-2311,-4372,-102,5246,292082600,2115,292082660,2115,135,-135,12,-11,2453,-44,-70,2450
3308930,11787,506837819,56004075,-2310,-4372,-103,5246,292082650,2115,292082670,2115,136,-134,43,-5,2507,-14,-65,2504
3318877,11787,506837809,56004045,-2310,-4372,-102,5246,292082650,2115,292082680,2115,136,-134,30,17,2441,-25,-42,2439
3328779,11786,506837798,56004014,-2310,-4372,-102,5246,292082650,2115,292082690,2115,137,-135,50,54,2463,-6,-5,2462
3338769,11786,506837788,56003983,-2309,-4372,-101,5246,292082650,2115,292082700,2115,137,-135,32,21,2452,-24,-38,2450
3349019,11786,506837778,56003953,-2309,-4372,-101,5246,292082650,2115,292082710,2115,137,-135,-2,-5,2446,-57,-64,2442
3358929,11785,506837767,56003921,-2308,-4371,-101,5246,292082700,2115,292082720,2115,138,-135,5,-12,2477,-52,-72,2473
3368840,11785,506837757,56003890,-2308,-4371,-101,5246,292082700,2115,292082730,2115,138,-135,-9,54,2508,-67,-6,2505
3378774,11785,506837747,56003859,-2307,-4371,-101,5246,292082700,2115,292082740,2115,138,-135,24,32,2479,-32,-28,2477
3388783,11784,506837736,56003829,-2307,-4371,-100,5246,292082700,2115,292082750,2115,138,-136,33,27,2473,-23,-33,2471
3399062,11784,506837726,56003798,-2306,-4371,-100,5246,292082700,2115,292082760,2115,138,-136,40,-5,2459,-16,-65,2456
3408933,11783,506837716,56003766,-2306,-4371,-99,5246,292082750,2115,292082770,2115,138,-136,31,16,2417,-24,-43,2415
3418830,11783,506837705,56003735,-2306,-4371,-99,5246,292082750,2115,292082780,2115,139,-136,22,69,2460,-35,9,2459
3428774,11783,506837695,56003705,-2306,-4370,-99,5246,292082750,2115,292082790,2115,139,-137,17,50,2459,-40,-10,2458
3438791,11782,506837684,56003674,-2305,-4371,-98,5246,292082750,2115,292082800,2115,139,-137,24,-25,2456,-32,-85,2452
3449282,11782,506837674,56003643,-2305,-4370,-98,5246,292082750,2115,292082810,2115,139,-138,8,20,2506,-50,-41,2504
3458926,11782,506837664,56003611,-2304,-4370,-98,5246,292082800,2115,292082820,2115,139,-138,7,49,2473,-51,-11,2471
3468880,11781,506837653,56003581,-2304,-4370,-98,5246,292082800,2115,292082830,2115,139,-139,7,43,2443,-50,-16,2441
3478766,11781,506837643,56003550,-2304,-4370,-97,5246,292082800,2115,292082840,2115,139,-139,44,-26,2448,-14,-85,2445
3488794,11780,506837633,56003519,-2303,-4370,-97,5246,292082800,2115,292082850,2115,139,-140,43,-3,2463,-15,-63,2461
3500214,11780,506837622,56003489,-2303,-4370,-96,5246,292082800,2115,292082860,2115,139,-140,34,58,2451,-24,-2,2450
3508919,11780,506837612,56003457,-2303,-4369,-96,5246,292082850,2115,292082870,2115,139,-140,13,87,2478,-46,27,2477
3519647,11779,506837602,56003426,-2302,-4369,-96,5246,292082850,2115,292082880,2115,139,-141,27,0,2473,-32,-60,2471
3528772,11779,506837591,56003395,-2302,-4369,-96,5246,292082850,2115,292082890,2115,139,-141,30,1,2519,-30,-60,2516
3538788,11779,506837581,56003365,-2302,-4369,-96,5246,292082850,2115,292082900,2115,139,-142,0,64,2482,-59,3,2480
3549397,11779,506837571,56003334,-2301,-4369,-96,5246,292082850,2115,292082910,2115,140,-142,-3,37,2471,-62,-24,2468
3558926,11778,506837560,56003302,-2301,-4368,-96,5246,292082900,2115,292082920,2115,140,-142,9,-20,2523,-51,-82,2520
3568852,11778,506837550,56003272,-2300,-4368,-96,5246,292082900,2115,292082930,2115,140,-142,33,33,2512,-27,-29,2510
3578762,11778,506837540,56003241,-2300,-4368,-96,5246,292082900,2115,292082940,2115,140,-143,41,75,2507,-20,13,2507
3588775,11778,506837529,56003210,-2300,-4368,-96,5246,292082900,2115,292082950,2115,141,-143,47,9,2469,-13,-52,2467
3599294,11777,506837519,56003180,-2299,-4368,-95,5246,292082900,2115,292082960,2115,141,-143,10,-11,2438,-49,-71,2435
3608932,11777,506837509,56003148,-2299,-4368,-95,5246,292082950,2115,292082970,2115,141,-143,-6,81,2475,-67,19,2474
3618877,11777,506837498,56003117,-2299,-4367,-95,5246,292082950,2115,292082980,2115,142,-143,18,66,2488,-43,4,2486
3628771,11776,506837488,56003086,-2298,-4368,-95,5246,292082950,2115,292082990,2115,142,-143,25,-42,2533,-36,-105,2529
3638768,11776,506837478,56003056,-2298,-4367,-95,5246,292082950,2115,292083000,2115,142,-143,7,3,2537,-55,-61,2534
3650170,11776,506837467,56003025,-2297,-4367,-95,5246,292082950,2115,292083010,2115,142,-144,17,73,2493,-44,11,2492
3658930,11776,506837457,56002993,-2297,-4367,-95,5246,292083000,2115,292083020,2115,142,-144,34,30,2505,-27,-33,2503
3668856,11775,506837447,56002963,-2297,-4367,-96,5246,292083000,2115,292083030,2115,143,-144,42,17,2511,-19,-46,2509
3678775,11775,506837436,56002932,-2296,-4367,-95,5246,292083000,2115,292083040,2115,143,-144,29,43,2494,-32,-20,2493
3688792,11775,506837426,56002901,-2296,-4367,-96,5246,292083000,2115,292083050,2115,143,-144,20,58,2526,-42,-6,2525
3699020,11774,506837416,56002871,-2296,-4366,-96,5246,292083000,2115,292083060,2115,143,-145,-2,24,2531,-64,-40,2528
3708925,11774,506837405,56002839,-2295,-4366,-96,5246,292083050,2115,292083070,2115,143,-145,9,-20,2532,-53,-83,2528
3718835,11774,506837395,56002808,-2295,-4366,-96,5246,292083050,2115,292083080,2115,144,-145,18,17,2534,-44,-47,2531
3728791,11773,506837385,56002778,-2294,-4366,-97,5246,292083050,2115,292083090,2115,144,-145,29,32,2512,-33,-31,2510
3738779,11773,506837374,56002747,-2294,-4366,-97,5246,292083050,2115,292083100,2115,144,-145,38,41,2549,-25,-23,2547
3749039,11773,506837364,56002716,-2294,-4366,-97,5246,292083050,2115,292083110,2115,144,-146,15,27,2558,-49,-38,2555
3759285,11772,506837354,56002684,-2293,-4365,-98,5246,292083100,2115,292083120,2115,144,-146,19,10,2550,-44,-54,2547
3768840,11772,506837344,56002654,-2293,-4365,-98,5246,292083100,2115,292083130,2115,144,-146,4,54,2568,-60,-12,2566
3778774,11772,506837333,56002623,-2292,-4365,-99,5246,292083100,2115,292083140,2115,145,-146,17,41,2575,-47,-24,2573
3788782,11771,506837323,56002592,-2292,-4365,-99,5246,292083100,2115,292083150,2115,145,-147,22,-21,2580,-42,-87,2576
3799070,11771,506837313,56002562,-2291,-4365,-100,5246,292083100,2115,292083160,2115,145,-147,18,47,2557,-46,-18,2555
3808952,11771,506837302,56002530,-2291,-4364,-100,5246,292083150,2115,292083170,2115,145,-147,-17,67,2523,-80,2,2521
3818842,11771,506837292,56002499,-2291,-4364,-100,5246,292083150,2115,292083180,2115,145,-147,23,16,2546,-40,-49,2543
3828914,11770,506837282,56002469,-2290,-4364,-101,5246,292083150,2115,292083190,2115,145,-147,34,-5,2588,-30,-71,2585
3838772,11770,506837271,56002438,-2290,-4364,-101,5246,292083150,2115,292083200,2115,145,-147,52,25,2534,-11,-39,2532
3849035,11770,506837261,56002407,-2290,-4364,-101,5246,292083150,2115,292083210,2115,145,-147,25,62,2527,-38,-2,2526
3858940,11770,506837251,56002376,-2289,-4364,-102,5246,292083200,2115,292083220,2115,145,-146,-4,41,2559,-68,-24,2556
3868863,11769,506837241,56002345,-2288,-4363,-102,5246,292083200,2115,292083230,2115,145,-146,2,8,2556,-61,-57,2552
3878792,11769,506837230,56002314,-2288,-4363,-103,5246,292083200,2115,292083240,2115,145,-146,25,37,2572,-39,-28,2570
3888763,11769,506837220,56002284,-2287,-4363,-103,5246,292083200,2115,292083250,2115,144,-146,1,-6,2576,-63,-71,2572
3899020,11769,506837210,56002253,-2287,-4363,-103,5246,292083200,2115,292083260,2115,144,-146,5,74,2500,-57,11,2498
3908954,11769,506837199,56002221,-2287,-4362,-104,5246,292083250,2115,292083270,2115,144,-145,22,78,2557,-42,14,2556
3918858,11769,506837189,56002191,-2287,-4362,-104,5246,292083250,2115,292083280,2115,144,-145,32,51,2524,-30,-13,2522
3928766,11768,506837179,56002160,-2287,-4362,-104,5246,292083250,2115,292083290,2115,143,-145,42,21,2515,-20,-42,2513
3938783,11768,506837169,56002129,-2286,-4362,-104,5246,292083250,2115,292083300,2115,143,-144,37,41,2535,-25,-23,2534
3949054,11768,506837158,56002099,-2286,-4362,-104,5246,292083250,2115,292083310,2115,142,-144,2,74,2517,-59,11,2515
3958919,11768,506837148,56002067,-2286,-4361,-104,5246,292083300,2115,292083320,2115,142,-144,9,59,2520,-52,-4,2518
3968862,11768,506837138,56002036,-2286,-4361,-105,5246,292083300,2115,292083330,2115,141,-143,3,63,2542,-59,-1,2540
3978778,11768,506837128,56002006,-2286,-4360,-104,5246,292083300,2115,292083340,2115,141,-143,9,52,2477,-51,-10,2476
3988783,11767,506837117,56001975,-2286,-4360,-104,5246,292083300,2115,292083350,2115,141,-143,36,58,2493,-24,-4,2492
3999176,11767,506837107,56001945,-2286,-4360,-104,5246,292083300,2115,292083360,2115,141,-142,35,61,2492,-25,-1,2491
4008919,11767,506837097,56001913,-2285,-4360,-104,5246,292083350,2115,292083370,2115,141,-142,58,21,2463,-1,-40,2462
4018876,11767,506837086,56001882,-2285,-4360,-104,5246,292083350,2115,292083380,2115,141,-141,19,76,2529,-42,13,2527
4028796,11767,506837076,56001852,-2285,-4360,-104,5246,292083350,2115,292083390,2115,141,-141,18,55,2498,-41,-7,2497
4038784,11767,506837066,56001821,-2285,-4359,-104,5246,292083350,2115,292083400,2115,141,-141,10,34,2474,-49,-27,2471
4049038,11767,506837056,56001790,-2284,-4359,-104,5246,292083350,2115,292083410,2115,141,-141,-5,24,2516,-65,-39,2513
4058923,11767,506837045,56001758,-2284,-4359,-104,5246,292083400,2115,292083420,2115,140,-141,-8,54,2481,-67,-7,2479
4068861,11767,506837035,56001728,-2284,-4359,-104,5246,292083400,2115,292083430,2115,140,-140,43,36,2501,-17,-25,2500
4079572,11767,506837025,56001697,-2283,-4359,-104,5246,292083400,2115,292083440,2115,139,-140,39,49,2528,-21,-13,2527
4088795,11767,506837015,56001667,-2283,-4358,-104,5246,292083400,2115,292083450,2115,139,-140,57,67,2454,-2,8,2454
4099056,11766,506837004,56001636,-2283,-4358,-103,5246,292083400,2115,292083460,2115,139,-140,37,47,2457,-22,-13,2456
4108950,11766,506836994,56001604,-2283,-4358,-103,5246,292083450,2115,292083470,2115,138,-141,22,25,2450,-37,-34,2448
4118861,11766,506836984,56001574,-2283,-4358,-102,5246,292083450,2115,292083480,2115,138,-141,20,48,2423,-38,-11,2422
4129145,11766,506836974,56001543,-2283,-4358,-102,5246,292083450,2115,292083490,2115,137,-141,12,61,2486,-47,1,2485
4139661,11767,506836963,56001513,-2282,-4357,-102,5246,292083450,2115,292083500,2115,137,-142,-3,54,2474,-62,-6,2472
4149032,11767,506836953,56001482,-2282,-4357,-101,5246,292083450,2115,292083510,2115,137,-142,33,42,2466,-26,-17,2465
4159590,11767,506836943,56001450,-2282,-4357,-102,5246,292083500,2115,292083520,2115,136,-142,36,63,2503,-25,3,2502
4168874,11767,506836932,56001420,-2282,-4356,-102,5246,292083500,2115,292083530,2115,136,-143,39,80,2505,-22,20,2505
4178769,11766,506836922,56001389,-2282,-4356,-102,5246,292083500,2115,292083540,2115,136,-143,47,42,2500,-13,-17,2499
4189413,11766,506836912,56001358,-2282,-4356,-102,5246,292083500,2115,292083550,2115,135,-143,20,56,2509,-41,-4,2508
4199403,11766,506836902,56001328,-2282,-4356,-101,5246,292083500,2115,292083560,2115,135,-144,9,51,2465,-51,-8,2463
4208925,11766,506836891,56001296,-2282,-4355,-102,5246,292083550,2115,292083570,2115,135,-144,2,73,2507,-59,13,2505
4219563,11766,506836881,56001266,-2281,-4355,-102,5246,292083550,2115,292083580,2115,135,-144,8,47,2507,-54,-13,2505
4228775,11766,506836871,56001235,-2281,-4355,-101,5247,292083550,2115,292083590,2115,135,-144,21,1,2461,-39,-57,2459
4238809,11766,506836861,56001204,-2281,-4355,-101,5247,292083550,2115,292083600,2115,134,-144,48,100,2483,-13,41,2484
4249117,11766,506836850,56001174,-2281,-4355,-101,5247,292083550,2115,292083610,2115,134,-144,36,62,2455,-24,5,2454
4258936,11766,506836840,56001142,-2281,-4355,-100,5247,292083600,2115,292083620,2115,134,-144,41,13,2429,-19,-44,2427
4268864,11766,506836830,56001111,-2281,-4354,-100,5247,292083600,2115,292083630,2115,133,-144,20,101,2470,-41,43,2469
4278763,11766,506836820,56001081,-2281,-4354,-100,5247,292083600,2115,292083640,2115,134,-144,30,52,2488,-31,-6,2486
4288774,11766,506836809,56001050,-2280,-4354,-99,5247,292083600,2115,292083650,2115,134,-144,11,56,2450,-49,-1,2449
4299654,11766,506836799,56001020,-2280,-4353,-100,5247,292083600,2115,292083660,2115,134,-144,11,30,2525,-50,-29,2522
4308909,11766,506836789,56000988,-2279,-4353,-99,5247,292083650,2115,292083670,2115,134,-144,2,18,2460,-58,-40,2457
4318864,11766,506836779,56000957,-2279,-4353,-99,5247,292083650,2115,292083680,2115,134,-143,21,58,2515,-40,-1,2513
4328771,11766,506836768,56000927,-2279,-4353,-99,5247,292083650,2115,292083690,2115,134,-143,34,47,2498,-26,-12,2497
4339328,11766,506836758,56000896,-2279,-4353,-99,5247,292083650,2115,292083700,2115,134,-143,52,67,2472,-8,9,2472
4349043,11765,506836748,56000866,-2279,-4353,-99,5247,292083650,2115,292083710,2115,135,-142,49,7,2452,-10,-51,2450
4358907,11765,506836738,56000834,-2278,-4353,-98,5247,292083700,2115,292083720,2115,135,-142,12,50,2469,-48,-8,2467
4368882,11765,506836728,56000804,-2278,-4352,-98,5247,292083700,2115,292083730,2115,135,-142,17,67,2418,-42,9,2417
4378970,11765,506836717,56000773,-2278,-4352,-98,5247,292083700,2115,292083740,2115,135,-142,33,37,2482,-26,-21,2481
4388780,11765,506836707,56000742,-2278,-4352,-98,5247,292083700,2115,292083750,2115,135,-142,21,39,2484,-38,-19,2482
4399099,11765,506836697,56000712,-2277,-4352,-97,5247,292083700,2115,292083760,2115,135,-142,33,9,2475,-26,-50,2473
4408934,11765,506836687,56000680,-2277,-4352,-98,5247,292083750,2115,292083770,2115,135,-142,32,96,2511,-29,36,2510
4418988,11765,506836676,56000650,-2277,-4352,-97,5247,292083750,2115,292083780,2115,135,-142,33,3,2440,-25,-55,2437
4428774,11764,506836666,56000619,-2277,-4352,-97,5247,292083750,2115,292083790,2115,136,-142,45,16,2459,-14,-42,2457
4438792,11764,506836656,56000589,-2276,-4352,-97,5247,292083750,2115,292083800,2115,136,-142,30,47,2521,-31,-14,2520
4449112,11764,506836646,56000558,-2276,-4351,-97,5247,292083750,2115,292083810,2115,137,-142,23,50,2486,-37,-10,2484
4459371,11764,506836636,56000526,-2276,-4351,-97,5247,292083800,2115,292083820,2115,137,-143,30,71,2519,-31,10,2518
4468846,11764,506836625,56000496,-2276,-4351,-97,5247,292083800,2115,292083830,2115,137,-143,13,8,2535,-49,-53,2532
4479072,11764,506836615,56000465,-2275,-4351,-97,5247,292083800,2115,292083840,2115,137,-144,4,35,2512,-57,-26,2510
4489002,11764,506836605,56000435,-2275,-4350,-98,5247,292083800,2115,292083850,2115,137,-144,35,74,2555,-27,12,2554
4499024,11764,506836595,56000404,-2275,-4350,-98,5247,292083800,2115,292083860,2115,137,-144,35,20,2528,-27,-41,2526
4508916,11764,506836584,56000372,-2275,-4350,-98,5247,292083850,2115,292083870,2115,137,-145,46,62,2513,-16,2,2512
4519190,11763,506836574,56000342,-2275,-4350,-98,5247,292083850,2115,292083880,2115,137,-145,23,59,2542,-40,-2,2540
4528776,11763,506836564,56000311,-2275,-4349,-98,5247,292083850,2115,292083890,2115,137,-146,30,98,2532,-33,37,2532
4540306,11763,506836554,56000281,-2275,-4349,-99,5247,292083850,2115,292083900,2115,138,-146,21,18,2518,-41,-43,2516
4551742,11763,506836543,56000250,-2274,-4349,-99,5247,292083850,2115,292083910,2115,137,-147,17,81,2573,-48,19,2572
4558917,11763,506836533,56000218,-2275,-4349,-99,5247,292083900,2115,292083920,2115,137,-148,38,68,2524,-26,7,2523
4568846,11763,506836523,56000188,-2274,-4349,-100,5247,292083900,2115,292083930,2115,137,-148,29,20,2560,-35,-42,2558
4578802,11763,506836513,56000157,-2274,-4348,-100,5247,292083900,2115,292083940,2115,137,-149,31,75,2563,-34,14,2562
4588795,11763,506836503,56000127,-2274,-4348,-100,5247,292083900,2115,292083950,2115,137,-149,24,62,2534,-40,2,2533
4599030,11762,506836492,56000096,-2274,-4348,-101,5247,292083900,2115,292083960,2115,136,-150,32,88,2608,-34,26,2607
4609649,11762,506836482,56000065,-2274,-4348,-102,5247,292083950,2115,292083970,2115,136,-150,32,41,2584,-34,-21,2582
4619465,11762,506836472,56000034,-2274,-4347,-102,5247,292083950,2115,292083980,2115,136,-151,43,62,2575,-24,0,2574
4628777,11762,506836462,56000004,-2273,-4347,-103,5247,292083950,2115,292083990,2115,135,-151,3,78,2585,-63,17,2584
4639168,11762,506836451,55999973,-2273,-4347,-104,5247,292083950,2115,292084000,2115,135,-152,13,69,2569,-54,9,2568
4649036,11761,506836441,55999943,-2273,-4346,-104,5247,292083950,2115,292084010,2115,134,-153,10,36,2596,-57,-25,2594
4658913,11761,506836431,55999911,-2273,-4346,-105,5247,292084000,2115,292084020,2115,134,-153,29,63,2634,-39,1,2633
4669216,11761,506836421,55999880,-2272,-4346,-106,5247,292084000,2115,292084030,2115,134,-154,43,13,2621,-26,-48,2619
4678783,11761,506836411,55999850,-2272,-4346,-107,5247,292084000,2115,292084040,2115,133,-154,52,100,2582,-16,40,2583
4688789,11761,506836400,55999819,-2272,-4346,-107,5247,292084000,2115,292084050,2115,133,-155,39,73,2571,-29,13,2570
4700008,11761,506836390,55999789,-2272,-4345,-108,5247,292084000,2115,292084060,2115,132,-156,20,35,2524,-47,-24,2522
4708928,11760,506836380,55999757,-2272,-4345,-108,5247,292084050,2115,292084070,2115,132,-156,25,32,2553,-43,-27,2551
4718933,11760,506836370,55999727,-2272,-4345,-109,5247,292084050,2115,292084080,2115,132,-157,18,86,2587,-51,26,2586
4728779,11760,506836360,55999696,-2271,-4345,-109,5247,292084050,2115,292084090,2115,131,-157,36,27,2573,-32,-33,2571
4738776,11760,506836349,55999666,-2271,-4344,-110,5247,292084050,2115,292084100,2115,131,-157,37,38,2610,-33,-22,2609
4752283,11760,506836339,55999635,-2271,-4344,-111,5247,292084050,2115,292084110,2115,131,-158,16,55,2595,-54,-5,2593
4759207,11760,506836329,55999603,-2271,-4344,-112,5247,292084100,2115,292084120,2115,131,-158,41,19,2614,-29,-41,2612
4768898,11760,506836319,55999573,-2270,-4344,-112,5247,292084100,2115,292084130,2115,132,-158,30,14,2584,-40,-46,2582
4778760,11760,506836308,55999542,-2270,-4343,-113,5247,292084100,2115,292084140,2115,132,-158,19,67,2545,-50,8,2543
4789705,11760,506836298,55999512,-2270,-4343,-113,5247,292084100,2115,292084150,2115,132,-158,16,56,2573,-54,-3,2571
4799999,11760,506836288,55999481,-2270,-4343,-114,5247,292084100,2115,292084160,2115,132,-158,-4,41,2571,-73,-19,2568
4808929,11760,506836278,55999450,-2269,-4342,-114,5247,292084150,2115,292084170,2115,133,-158,28,26,2531,-40,-33,2529
4818832,11760,506836268,55999419,-2269,-4342,-114,5247,292084150,2115,292084180,2115,133,-157,39,55,2564,-30,-5,2563
4828787,11760,506836257,55999389,-2269,-4342,-115,5247,292084150,2115,292084190,2115,134,-157,50,37,2536,-18,-22,2534
4838798,11760,506836247,55999358,-2268,-4342,-115,5247,292084150,2115,292084200,2115,134,-157,56,21,2523,-12,-38,2521
4850356,11760,506836237,55999328,-2268,-4342,-115,5247,292084150,2115,292084210,2115,135,-157,26,41,2491,-40,-18,2489
4859872,11761,506836227,55999296,-2268,-4342,-115,5247,292084200,2115,292084220,2115,135,-156,7,65,2482,-59,6,2481
4868862,11761,506836217,55999266,-2268,-4341,-115,5247,292084200,2115,292084230,2115,136,-156,25,47,2511,-41,-13,2509
4879082,11761,506836206,55999235,-2268,-4341,-115,5247,292084200,2115,292084240,2115,137,-156,45,28,2505,-21,-32,2503
4888792,11761,506836196,55999205,-2267,-4341,-115,5247,292084200,2115,292084250,2115,138,-155,38,17,2493,-28,-44,2491
4899902,11761,506836186,55999174,-2267,-4341,-114,5247,292084200,2115,292084260,2115,138,-155,38,79,2452,-27,19,2451
4909646,11761,506836176,55999143,-2267,-4341,-114,5247,292084250,2115,292084270,2115,139,-155,30,73,2458,-35,13,2457
4918848,11761,506836166,55999112,-2267,-4341,-114,5247,292084250,2115,292084280,2115,139,-155,41,34,2453,-23,-26,2451
4928804,11761,506836155,55999082,-2267,-4341,-113,5247,292084250,2115,292084290,2115,140,-155,64,66,2493,-2,5,2493
4939302,11761,506836145,55999051,-2267,-4341,-113,5247,292084250,2115,292084300,2115,141,-155,50,-8,2465,-15,-69,2463
4949041,11761,506836135,55999021,-2267,-4340,-113,5247,292084250,2115,292084310,2115,142,-155,20,91,2507,-46,28,2507
4958904,11762,506836125,55998989,-2266,-4340,-113,5247,292084300,2115,292084320,2115,143,-155,1,79,2491,-65,17,2489
4968839,11762,506836115,55998959,-2266,-4339,-113,5247,292084300,2115,292084330,2115,143,-155,29,87,2484,-37,25,2483
4978763,11762,506836105,55998928,-2266,-4339,-113,5247,292084300,2115,292084340,2115,144,-155,31,36,2464,-34,-26,2462
4988778,11762,506836094,55998898,-2266,-4339,-113,5247,292084300,2115,292084350,2115,145,-156,48,57,2481,-18,-6,2480
4999666,11762,506836084,55998867,-2266,-4339,-112,5247,292084300,2115,292084360,2115,146,-156,37,57,2449,-28,-6,2448
5008908,11762,506836074,55998835,-2265,-4339,-112,5247,292084350,2115,292084370,2115,147,-156,47,14,2493,-19,-50,2491
5019021,11762,506836064,55998805,-2265,-4339,-112,5247,292084350,2115,292084380,2115,148,-156,41,85,2476,-25,21,2476
5028822,11762,506836054,55998775,-2266,-4339,-112,5247,292084350,2115,292084390,2115,148,-156,53,100,2472,-13,36,2473
5038784,11762,506836043,55998744,-2265,-4338,-112,5247,292084350,2115,292084400,2115,149,-157,30,65,2509,-37,-1,2508
5049028,11762,506836033,55998714,-2265,-4338,-112,5247,292084350,2115,292084410,2115,150,-157,8,51,2458,-57,-14,2456
5058922,11762,506836023,55998682,-2265,-4337,-111,5247,292084400,2115,292084420,2115,150,-157,9,46,2503,-58,-20,2500
5068852,11762,506836013,55998652,-2265,-4337,-112,5247,292084400,2115,292084430,2115,151,-158,36,106,2540,-33,39,2540
5078780,11762,506836003,55998621,-2265,-4337,-112,5247,292084400,2115,292084440,2115,152,-158,43,17,2493,-24,-50,2491
5088753,11762,506835993,55998591,-2264,-4337,-112,5247,292084400,2115,292084450,2115,153,-158,47,45,2508,-21,-22,2506
5099350,11763,506835982,55998560,-2265,-4337,-112,5247,292084400,2115,292084460,2115,154,-159,58,140,2477,-9,74,2478
5108909,11763,506835972,55998529,-2265,-4337,-111,5247,292084450,2115,292084470,2115,154,-159,22,59,2452,-44,-8,2450
5118824,11763,506835962,55998498,-2265,-4336,-111,5247,292084450,2115,292084480,2115,155,-159,33,97,2470,-34,29,2470
5128772,11763,506835952,55998468,-2265,-4336,-111,5247,292084450,2115,292084490,2115,156,-160,22,50,2487,-46,-18,2485
5138764,11763,506835942,55998437,-2264,-4336,-111,5247,292084450,2115,292084500,2115,157,-160,36,65,2525,-33,-5,2524
5149052,11763,506835931,55998407,-2264,-4336,-111,5247,292084450,2115,292084510,2115,158,-161,35,54,2498,-34,-15,2497
5158954,11763,506835921,55998375,-2264,-4335,-111,5247,292084500,2115,292084520,2115,158,-161,23,91,2486,-45,22,2485
5168840,11763,506835911,55998345,-2264,-4335,-111,5247,292084500,2115,292084530,2115,159,-161,34,87,2494,-35,18,2494
5178756,11763,506835901,55998314,-2264,-4334,-111,5247,292084500,2115,292084540,2115,160,-162,38,67,2554,-33,-5,2553
5188792,11763,506835891,55998284,-2264,-4334,-111,5247,292084500,2115,292084550,2115,161,-162,40,70,2517,-29,-1,2516
5200187,11763,506835881,55998254,-2264,-4334,-112,5247,292084500,2115,292084560,2115,162,-162,57,55,2561,-14,-18,2560
5208903,11763,506835870,55998222,-2264,-4334,-112,5247,292084550,2115,292084570,2115,163,-162,9,54,2549,-61,-18,2547
5218840,11763,506835860,55998192,-2264,-4333,-112,5247,292084550,2115,292084580,2115,163,-162,33,145,2521,-38,72,2522
5228780,11763,506835850,55998161,-2263,-4333,-113,5247,292084550,2115,292084590,2115,164,-163,23,30,2561,-48,-43,2559
5239318,11763,506835840,55998131,-2263,-4333,-113,5247,292084550,2115,292084600,2115,165,-163,17,101,2473,-52,29,2472
5250144,11764,506835830,55998100,-2263,-4332,-113,5248,292084550,2115,292084610,2115,165,-163,31,101,2528,-39,27,2528
5258912,11764,506835819,55998069,-2263,-4332,-113,5248,292084600,2115,292084620,2115,166,-163,52,82,2544,-18,8,2544
5268847,11764,506835809,55998038,-2263,-4332,-113,5248,292084600,2115,292084630,2115,166,-163,66,26,2511,-4,-47,2510
5278762,11764,506835799,55998008,-2263,-4332,-113,5248,292084600,2115,292084640,2115,167,-163,51,26,2485,-18,-47,2483
5288779,11764,506835789,55997977,-2263,-4332,-113,5248,292084600,2115,292084650,2115,167,-163,23,188,2526,-47,114,2528
5299217,11764,506835779,55997947,-2264,-4331,-113,5248,292084600,2115,292084660,2115,167,-163,35,131,2517,-35,57,2518
5308910,11764,506835769,55997915,-2263,-4331,-114,5248,292084650,2115,292084670,2115,167,-162,18,82,2531,-52,7,2530
5319215,11764,506835758,55997885,-2263,-4331,-114,5248,292084650,2115,292084680,2115,168,-162,23,30,2557,-48,-45,2555
5329443,11765,506835748,55997855,-2263,-4331,-114,5248,292084650,2115,292084690,2115,168,-162,43,95,2515,-27,21,2515
5338761,11765,506835738,55997824,-2263,-4330,-114,5248,292084650,2115,292084700,2115,169,-162,34,131,2525,-36,57,2526
5349596,11765,506835728,55997794,-2263,-4330,-114,5248,292084650,2115,292084710,2115,169,-162,55,66,2490,-14,-7,2490
5358923,11765,506835718,55997762,-2263,-4330,-114,5248,292084700,2115,292084720,2115,169,-161,50,100,2477,-18,27,2478
5368831,11765,506835708,55997732,-2264,-4330,-114,5248,292084700,2115,292084730,2115,169,-161,53,141,2500,-16,66,2502
5378779,11765,506835697,55997701,-2264,-4329,-114,5248,292084700,2115,292084740,2115,169,-161,25,86,2505,-43,12,2504
5388778,11766,506835687,55997671,-2263,-4329,-114,5248,292084700,2115,292084750,2115,169,-161,33,84,2483,-35,11,2482
5399540,11766,506835677,55997641,-2263,-4329,-114,5248,292084700,2115,292084760,2115,169,-160,16,76,2495,-52,2,2494
5408918,11766,506835667,55997609,-2264,-4328,-114,5248,292084750,2115,292084770,2115,169,-160,26,134,2508,-43,60,2509
5419613,11766,506835657,55997579,-2264,-4328,-114,5248,292084750,2115,292084780,2115,169,-160,39,90,2466,-28,18,2466
5428794,11766,506835647,55997548,-2264,-4327,-114,5248,292084750,2115,292084790,2115,168,-160,54,116,2526,-15,41,2527
5438814,11767,506835636,55997518,-2264,-4327,-114,5248,292084750,2115,292084800,2115,169,-160,54,118,2471,-13,45,2472
5449795,11767,506835626,55997488,-2264,-4327,-114,5248,292084750,2115,292084810,2115,168,-159,58,66,2487,-10,-7,2487
5458926,11767,506835616,55997456,-2264,-4327,-113,5248,292084800,2115,292084820,2115,168,-159,48,134,2458,-19,61,2460
5468841,11767,506835606,55997426,-2264,-4327,-113,5248,292084800,2115,292084830,2115,168,-159,30,96,2442,-36,24,2442
5478782,11767,506835596,55997395,-2264,-4326,-113,5248,292084800,2115,292084840,2115,168,-159,27,86,2486,-40,13,2485
5488799,11767,506835585,55997365,-2264,-4326,-113,5248,292084800,2115,292084850,2115,167,-159,27,86,2514,-41,12,2513
5499657,11767,506835575,55997334,-2264,-4326,-113,5248,292084800,2115,292084860,2115,167,-159,39,108,2484,-28,35,2485
5508927,11767,506835565,55997303,-2265,-4325,-113,5248,292084850,2115,292084870,2115,167,-159,57,112,2501,-12,39,2502
5519409,11768,506835555,55997272,-2265,-4325,-113,5248,292084850,2115,292084880,2115,167,-159,23,78,2493,-45,5,2492
5528771,11768,506835545,55997242,-2265,-4325,-112,5248,292084850,2115,292084890,2115,167,-160,60,91,2457,-7,19,2457
5538757,11768,506835535,55997212,-2265,-4325,-112,5248,292084850,2115,292084900,2115,167,-160,61,112,2502,-7,39,2503
5549022,11768,506835524,55997181,-2265,-4324,-112,5248,292084850,2115,292084910,2115,167,-160,33,122,2453,-34,50,2454
5558918,11768,506835514,55997150,-2265,-4324,-112,5248,292084900,2115,292084920,2115,167,-160,29,70,2490,-39,-3,2489
5568829,11768,506835504,55997119,-2265,-4324,-112,5248,292084900,2115,292084930,2115,167,-160,18,51,2529,-51,-23,2527
5578912,11768,506835494,55997089,-2265,-4323,-112,5248,292084900,2115,292084940,2115,167,-160,31,125,2483,-37,52,2483
5588795,11768,506835484,55997059,-2265,-4323,-112,5248,292084900,2115,292084950,2115,167,-160,52,79,2524,-17,5,2524
5599061,11769,506835474,55997029,-2265,-4323,-113,5248,292084900,2115,292084960,2115,167,-161,48,64,2545,-22,-10,2545
5608918,11769,506835463,55996997,-2265,-4323,-112,5248,292084950,2115,292084970,2115,167,-161,59,94,2458,-8,23,2459
5618842,11769,506835453,55996967,-2265,-4322,-112,5248,292084950,2115,292084980,2115,167,-161,32,115,2512,-37,42,2513
5628765,11769,506835443,55996936,-2265,-4322,-112,5248,292084950,2115,292084990,2115,166,-161,33,82,2491,-35,9,2490
5638775,11769,506835433,55996906,-2265,-4322,-112,5248,292084950,2115,292085000,2115,166,-162,52,82,2504,-18,9,2504
5649011,11769,506835423,55996876,-2265,-4321,-113,5248,292084950,2115,292085010,2115,166,-162,31,99,2544,-40,25,2543
5658898,11770,506835412,55996844,-2265,-4321,-113,5248,292085000,2115,292085020,2115,166,-163,36,72,2529,-34,-1,2528
5669075,11770,506835402,55996814,-2265,-4321,-113,5248,292085000,2115,292085030,2115,165,-163,34,65,2528,-36,-8,2527
5678786,11770,506835392,55996783,-2265,-4321,-113,5248,292085000,2115,292085040,2115,165,-163,32,115,2551,-39,41,2551
5688769,11770,506835382,55996753,-2265,-4321,-113,5248,292085000,2115,292085050,2115,165,-164,49,92,2482,-20,21,2482
5699911,11771,506835372,55996723,-2265,-4320,-114,5248,292085000,2115,292085060,2115,165,-164,66,70,2555,-6,-3,2555
5708949,11771,506835361,55996691,-2265,-4320,-114,5248,292085050,2115,292085070,2115,164,-165,32,123,2534,-39,51,2534
5719731,11771,506835351,55996661,-2266,-4320,-114,5248,292085050,2115,292085080,2115,164,-166,50,137,2514,-21,65,2515
5728768,11771,506835341,55996631,-2265,-4319,-114,5248,292085050,2115,292085090,2115,164,-166,31,76,2518,-40,4,2517
5739163,11772,506835331,55996600,-2265,-4319,-114,5248,292085050,2115,292085100,2115,163,-166,13,58,2507,-58,-13,2506
5749067,11772,506835321,55996570,-2265,-4319,-114,5248,292085050,2115,292085110,2115,163,-167,24,107,2513,-47,35,2512
5758918,11772,506835310,55996538,-2265,-4318,-115,5248,292085100,2115,292085120,2115,162,-167,48,107,2545,-24,35,2545
5768861,11773,506835300,55996508,-2265,-4318,-115,5248,292085100,2115,292085130,2115,162,-167,57,98,2536,-15,26,2537
5778772,11773,506835290,55996478,-2266,-4318,-115,5248,292085100,2115,292085140,2115,162,-167,50,103,2525,-23,32,2526
5788805,11773,506835280,55996448,-2266,-4317,-116,5248,292085100,2115,292085150,2115,161,-168,36,120,2586,-39,47,2587
5799012,11773,506835270,55996417,-2266,-4317,-116,5248,292085100,2115,292085160,2115,161,-168,36,99,2528,-37,28,2528
5808951,11773,506835259,55996386,-2266,-4316,-117,5248,292085150,2115,292085170,2115,161,-168,33,96,2566,-40,23,2566
5820482,11774,506835249,55996355,-2266,-4316,-117,5248,292085150,2115,292085180,2115,161,-168,32,83,2551,-42,11,2550
5828772,11774,506835239,55996325,-2266,-4316,-117,5248,292085150,2115,292085190,2115,160,-168,36,103,2511,-36,33,2511
5838769,11774,506835229,55996295,-2266,-4315,-117,5248,292085150,2115,292085200,2115,160,-168,26,118,2525,-46,47,2525
5849009,11774,506835219,55996265,-2266,-4315,-117,5248,292085150,2115,292085210,2115,159,-168,48,109,2529,-25,39,2529
5858911,11775,506835208,55996233,-2266,-4315,-118,5248,292085200,2115,292085220,2115,159,-169,62,48,2518,-11,-22,2517
5868846,11775,506835198,55996203,-2266,-4315,-118,5248,292085200,2115,292085230,2115,159,-169,87,96,2526,14,26,2528
5879226,11775,506835188,55996173,-2267,-4315,-118,5248,292085200,2115,292085240,2115,159,-170,51,105,2524,-22,35,2524
5888795,11775,506835178,55996142,-2267,-4314,-118,5248,292085200,2115,292085250,2115,159,-170,41,87,2502,-32,17,2502
5899021,11775,506835168,55996112,-2267,-4314,-118,5248,292085200,2115,292085260,2115,158,-170,6,116,2528,-68,46,2528
5908927,11775,506835158,55996081,-2266,-4313,-118,5248,292085250,2115,292085270,2115,158,-171,11,45,2555,-64,-26,2553
5918861,11775,506835147,55996050,-2266,-4313,-119,5248,292085250,2115,292085280,2115,158,-171,40,92,2582,-36,20,2582
5928811,11776,506835137,55996020,-2266,-4313,-120,5248,292085250,2115,292085290,2115,157,-172,54,107,2614,-23,35,2615
5939511,11776,506835127,55995990,-2266,-4313,-120,5248,292085250,2115,292085300,2115,157,-172,66,82,2552,-9,11,2553
5949032,11776,506835117,55995959,-2267,-4313,-121,5248,292085250,2115,292085310,2115,157,-173,59,82,2517,-16,13,2517
5959285,11776,506835107,55995928,-2266,-4312,-121,5248,292085300,2115,292085320,2115,157,-173,28,79,2534,-47,9,2533
5969348,11776,506835096,55995898,-2267,-4312,-121,5248,292085300,2115,292085330,2115,157,-174,39,113,2532,-36,43,2533
5978768,11777,506835086,55995867,-2267,-4312,-122,5248,292085300,2115,292085340,2115,158,-174,49,91,2573,-27,20,2573
5988788,11777,506835076,55995837,-2266,-4311,-122,5248,292085300,2115,292085350,2115,158,-174,21,66,2579,-56,-6,2577
6000521,11777,506835066,55995807,-2266,-4311,-123,5248,292085300,2115,292085360,2115,158,-175,28,63,2557,-48,-8,2556
6008941,11777,506835056,55995775,-2266,-4310,-123,5248,292085350,2115,292085370,2115,158,-175,31,96,2584,-46,25,2584
6018839,11777,506835045,55995745,-2266,-4310,-124,5248,292085350,2115,292085380,2115,158,-175,58,93,2563,-19,22,2563
6028771,11778,506835035,55995715,-2266,-4310,-124,5248,292085350,2115,292085390,2115,159,-176,54,29,2519,-22,-40,2517
6038762,11778,506835025,55995685,-2266,-4310,-124,5248,292085350,2115,292085400,2115,159,-176,43,112,2503,-32,43,2504
6050165,11778,506835015,55995655,-2266,-4309,-124,5248,292085350,2115,292085410,2115,159,-176,26,115,2546,-51,45,2546
6059026,11778,506835005,55995623,-2266,-4309,-125,5248,292085400,2115,292085420,2115,159,-176,38,69,2565,-39,-3,2564
6068870,11779,506834994,55995593,-2266,-4309,-125,5248,292085400,2115,292085430,2115,159,-176,45,114,2568,-32,43,2568
6078786,11779,506834984,55995563,-2266,-4308,-126,5248,292085400,2115,292085440,2115,160,-176,32,90,2524,-44,20,2524
6089204,11779,506834974,55995532,-2266,-4308,-126,5248,292085400,2115,292085450,2115,160,-176,50,64,2561,-27,-8,2560
6100200,11779,506834964,55995502,-2266,-4308,-126,5248,292085400,2115,292085460,2115,160,-176,35,118,2525,-41,47,2525
6108929,11779,506834954,55995471,-2266,-4307,-126,5248,292085450,2115,292085470,2115,160,-176,46,67,2515,-30,-3,2514
6118857,11780,506834944,55995440,-2266,-4307,-127,5248,292085450,2115,292085480,2115,160,-177,52,97,2557,-26,25,2557
6128784,11780,506834933,55995410,-2266,-4307,-127,5248,292085450,2115,292085490,2115,160,-177,47,88,2532,-30,17,2532
6138755,11780,506834923,55995380,-2266,-4306,-127,5248,292085450,2115,292085500,2115,160,-177,51,104,2522,-25,33,2522
6150533,11780,506834913,55995350,-2266,-4306,-127,5248,292085450,2115,292085510,2115,160,-177,39,70,2496,-36,0,2495
6158928,11780,506834903,55995318,-2267,-4306,-127,5248,292085500,2115,292085520,2115,159,-177,42,134,2506,-35,64,2507
6168847,11780,506834893,55995288,-2267,-4305,-128,5248,292085500,2115,292085530,2115,159,-178,29,92,2515,-47,22,2514
6178757,11781,506834882,55995258,-2267,-4305,-128,5248,292085500,2115,292085540,2115,158,-178,50,88,2555,-28,18,2555
6188784,11781,506834872,55995228,-2267,-4305,-128,5248,292085500,2115,292085550,2115,157,-179,48,109,2544,-30,39,2544
6199388,11781,506834862,55995197,-2267,-4304,-129,5248,292085500,2115,292085560,2115,157,-179,47,96,2541,-31,26,2541
6208892,11781,506834852,55995166,-2267,-4304,-129,5248,292085550,2115,292085570,2115,156,-179,37,59,2520,-40,-10,2519
6218866,11781,506834842,55995136,-2267,-4304,-129,5248,292085550,2115,292085580,2115,155,-180,34,154,2514,-43,85,2515
6228765,11781,506834831,55995106,-2267,-4303,-129,5248,292085550,2115,292085590,2115,154,-180,42,85,2536,-36,17,2536
6238783,11781,506834821,55995075,-2267,-4303,-130,5248,292085550,2115,292085600,2115,153,-180,64,77,2573,-16,8,2573
6249039,11781,506834811,55995045,-2267,-4303,-129,5248,292085550,2115,292085610,2115,152,-180,27,61,2486,-50,-5,2485
6258913,11781,506834801,55995014,-2267,-4302,-130,5248,292085600,2115,292085620,2115,151,-180,35,192,2509,-43,126,2511
6268886,11781,506834791,55994984,-2267,-4302,-130,5248,292085600,2115,292085630,2115,150,-180,39,57,2499,-38,-9,2498
6278781,11782,506834780,55994953,-2267,-4302,-129,5249,292085600,2115,292085640,2115,149,-180,33,50,2489,-44,-15,2487
6288791,11782,506834770,55994923,-2267,-4301,-130,5249,292085600,2115,292085650,2115,149,-180,27,121,2521,-51,55,2521
6299009,11782,506834760,55994893,-2267,-4301,-130,5249,292085600,2115,292085660,2115,148,-180,67,86,2531,-11,21,2532
6308915,11782,506834750,55994862,-2267,-4301,-130,5249,292085650,2115,292085670,2115,147,-180,43,99,2518,-35,34,2518
6318824,11782,506834740,55994831,-2267,-4300,-130,5249,292085650,2115,292085680,2115,146,-180,43,90,2501,-34,26,2500
6329301,11782,506834729,55994801,-2267,-4300,-130,5249,292085650,2115,292085690,2115,145,-179,41,57,2476,-34,-6,2475
6338751,11782,506834719,55994771,-2267,-4300,-129,5249,292085650,2115,292085700,2115,144,-179,17,71,2465,-58,8,2464
6350197,11782,506834709,55994741,-2267,-4299,-129,5249,292085650,2115,292085710,2115,143,-178,19,125,2472,-56,62,2472
6358917,11782,506834699,55994709,-2267,-4299,-129,5249,292085700,2115,292085720,2115,143,-177,48,5,2481,-27,-57,2479
6368861,11782,506834689,55994679,-2267,-4299,-129,5249,292085700,2115,292085730,2115,142,-177,38,59,2497,-38,-3,2496
6378758,11782,506834679,55994649,-2267,-4298,-129,5249,292085700,2115,292085740,2115,142,-176,46,145,2445,-28,84,2447
6388789,11782,506834668,55994619,-2268,-4298,-128,5249,292085700,2115,292085750,2115,142,-175,60,95,2451,-13,34,2451
6400144,11782,506834658,55994589,-2267,-4298,-128,5249,292085700,2115,292085760,2115,142,-174,46,-16,2461,-27,-77,2458
6408923,11782,506834648,55994557,-2267,-4298,-127,5249,292085750,2115,292085770,2115,142,-174,32,77,2423,-40,17,2422
6419648,11782,506834638,55994527,-2267,-4298,-127,5249,292085750,2115,292085780,2115,141,-173,38,38,2428,-33,-22,2426
6428790,11782,506834628,55994497,-2266,-4297,-127,5249,292085750,2115,292085790,2115,141,-173,19,65,2468,-53,4,2467
6438755,11782,506834617,55994467,-2266,-4297,-126,5249,292085750,2115,292085800,2115,140,-172,47,12,2433,-24,-48,2431
6450427,11782,506834607,55994437,-2266,-4297,-126,5249,292085750,2115,292085810,2115,140,-172,67,74,2446,-5,14,2446
6458911,11782,506834597,55994405,-2267,-4297,-125,5249,292085800,2115,292085820,2115,139,-171,53,132,2418,-18,73,2419
6468840,11782,506834587,55994375,-2266,-4297,-124,5249,292085800,2115,292085830,2115,139,-171,70,34,2391,0,-24,2390
6479127,11782,506834577,55994345,-2266,-4297,-123,5249,292085800,2115,292085840,2115,139,-171,31,5,2415,-39,-54,2412
6488756,11782,506834566,55994315,-2266,-4296,-123,5249,292085800,2115,292085850,2115,139,-171,32,46,2457,-39,-14,2455
6499211,11782,506834556,55994285,-2266,-4296,-122,5249,292085800,2115,292085860,2115,139,-171,39,92,2463,-33,32,2463
6509311,11782,506834546,55994253,-2266,-4296,-123,5249,292085850,2115,292085870,2115,139,-171,48,49,2493,-25,-12,2492
6518847,11782,506834536,55994223,-2265,-4296,-122,5249,292085850,2115,292085880,2115,139,-172,34,-6,2469,-38,-66,2466
6528755,11782,506834526,55994193,-2265,-4296,-122,5249,292085850,2115,292085890,2115,139,-172,33,59,2460,-40,-1,2459
6539285,11782,506834515,55994163,-2265,-4295,-122,5249,292085850,2115,292085900,2115,139,-172,34,98,2452,-39,38,2451
6549429,11782,506834505,55994133,-2265,-4295,-121,5249,292085850,2115,292085910,2115,139,-173,33,17,2478,-40,-43,2475
6558915,11781,506834495,55994101,-2264,-4295,-121,5249,292085900,2115,292085920,2115,139,-173,56,39,2493,-17,-22,2492
6569248,11781,506834485,55994071,-2264,-4295,-121,5249,292085900,2115,292085930,2115,139,-174,56,70,2497,-19,9,2497
6578759,11781,506834475,55994041,-2264,-4295,-121,5249,292085900,2115,292085940,2115,138,-175,16,78,2476,-58,18,2474
6588775,11781,506834465,55994011,-2264,-4294,-121,5249,292085900,2115,292085950,2115,138,-175,44,28,2504,-30,-33,2502
6599667,11781,506834454,55993981,-2263,-4294,-121,5249,292085900,2115,292085960,2115,138,-176,16,17,2506,-59,-44,2504
6608900,11781,506834444,55993950,-2263,-4294,-121,5249,292085950,2115,292085970,2115,138,-176,41,38,2543,-35,-23,2542
6618826,11780,506834434,55993919,-2263,-4294,-122,5249,292085950,2115,292085980,2115,138,-177,24,51,2552,-53,-10,2550
6628820,11780,506834424,55993889,-2262,-4294,-122,5249,292085950,2115,292085990,2115,138,-178,32,23,2556,-45,-39,2554
6638776,11780,506834414,55993859,-2262,-4294,-122,5249,292085950,2115,292086000,2115,138,-179,52,29,2549,-26,-33,2547
6649368,11780,506834404,55993829,-2262,-4293,-123,5249,292085950,2115,292086010,2115,138,-179,38,57,2569,-40,-5,2568
6658912,11780,506834393,55993798,-2262,-4293,-123,5249,292086000,2115,292086020,2115,138,-180,47,111,2507,-30,50,2508
6668841,11779,506834383,55993768,-2262,-4293,-123,5249,292086000,2115,292086030,2115,138,-181,10,14,2487,-66,-47,2484
6678769,11779,506834373,55993737,-2261,-4292,-123,5249,292086000,2115,292086040,2115,138,-181,19,-12,2563,-60,-75,2559
6689510,11779,506834363,55993707,-2260,-4292,-124,5249,292086000,2115,292086050,2115,138,-182,15,45,2554,-65,-17,2552
6699926,11779,506834353,55993677,-2260,-4292,-125,5249,292086000,2115,292086060,2115,138,-182,48,85,2607,-33,21,2606
6708915,11779,506834343,55993646,-2260,-4292,-125,5249,292086050,2115,292086070,2115,138,-183,50,29,2599,-31,-34,2597
6719373,11779,506834333,55993616,-2260,-4291,-126,5249,292086050,2115,292086080,2115,138,-184,44,37,2550,-36,-25,2549
6728767,11778,506834322,55993586,-2260,-4291,-126,5249,292086050,2115,292086090,2115,138,-184,38,48,2585,-43,-15,2583
6738757,11778,506834312,55993556,-2260,-4291,-127,5249,292086050,2115,292086100,2115,138,-185,18,84,2572,-64,21,2571
6749327,11778,506834302,55993525,-2259,-4290,-127,5249,292086050,2115,292086110,2115,138,-185,20,4,2547,-60,-57,2544
6758931,11778,506834292,55993494,-2258,-4290,-128,5249,292086100,2115,292086120,2115,139,-186,19,47,2628,-64,-17,2626
6768834,11778,506834282,55993464,-2258,-4290,-129,5249,292086100,2115,292086130,2115,139,-186,27,58,2606,-56,-6,2605
6780017,11778,506834272,55993434,-2258,-4290,-130,5249,292086100,2115,292086140,2115,139,-187,53,32,2579,-29,-31,2578
6788758,11778,506834261,55993404,-2258,-4289,-130,5249,292086100,2115,292086150,2115,139,-187,33,49,2548,-49,-13,2546
6799003,11777,506834251,55993374,-2258,-4289,-130,5249,292086100,2115,292086160,2115,139,-187,29,80,2553,-53,17,2552
6809730,11777,506834241,55993342,-2257,-4289,-131,5249,292086150,2115,292086170,2115,140,-188,41,14,2566,-41,-49,2564
6818825,11777,506834231,55993312,-2257,-4288,-132,5249,292086150,2115,292086180,2115,140,-188,28,74,2614,-56,10,2613
6828760,11777,506834221,55993282,-2256,-4288,-132,5249,292086150,2115,292086190,2115,140,-189,28,6,2560,-54,-57,2557
6838753,11777,506834211,55993252,-2256,-4288,-133,5249,292086150,2115,292086200,2115,140,-189,31,42,2624,-54,-22,2622
6849021,11777,506834201,55993222,-2256,-4287,-134,5249,292086150,2115,292086210,2115,140,-189,9,69,2563,-74,6,2561
6858912,11777,506834190,55993191,-2256,-4287,-134,5249,292086200,2115,292086220,2115,140,-189,38,74,2532,-44,12,2531
6868836,11777,506834180,55993161,-2256,-4287,-134,5249,292086200,2115,292086230,2115,139,-189,50,29,2568,-33,-34,2567
6878755,11777,506834170,55993131,-2255,-4287,-135,5249,292086200,2115,292086240,2115,139,-190,33,66,2565,-51,3,2564
6888751,11777,506834160,55993100,-2255,-4286,-135,5249,292086200,2115,292086250,2115,139,-190,20,41,2524,-61,-21,2521
6899000,11777,506834150,55993070,-2255,-4286,-136,5249,292086200,2115,292086260,2115,139,-189,45,24,2608,-39,-40,2606
6908920,11777,506834140,55993039,-2254,-4286,-137,5249,292086250,2115,292086270,2115,139,-189,26,64,2569,-58,1,2567
6918823,11777,506834130,55993009,-2254,-4285,-137,5249,292086250,2115,292086280,2115,139,-189,42,67,2570,-42,4,2569
6928764,11777,506834120,55992979,-2254,-4285,-137,5249,292086250,2115,292086290,2115,139,-189,21,101,2546,-61,39,2545
6938791,11777,506834109,55992949,-2254,-4284,-137,5249,292086250,2115,292086300,2115,139,-189,10,39,2488,-70,-22,2485
6949029,11777,506834099,55992919,-2254,-4284,-137,5249,292086250,2115,292086310,2115,138,-188,24,48,2520,-57,-13,2518
6958917,11777,506834089,55992887,-2253,-4284,-138,5249,292086300,2115,292086320,2115,138,-188,20,60,2540,-62,-1,2538
6968863,11777,506834079,55992857,-2253,-4283,-138,5249,292086300,2115,292086330,2115,137,-188,42,83,2504,-39,23,2504
6978756,11778,506834069,55992827,-2253,-4283,-138,5249,292086300,2115,292086340,2115,137,-187,34,82,2544,-48,21,2543
6988799,11778,506834059,55992797,-2253,-4282,-138,5249,292086300,2115,292086350,2115,136,-187,51,105,2522,-30,44,2522
6999037,11778,506834049,55992767,-2253,-4282,-138,5249,292086300,2115,292086360,2115,136,-187,50,3,2474,-28,-56,2472
7008912,11778,506834039,55992736,-2253,-4282,-138,5249,292086350,2115,292086370,2115,136,-186,1,110,2519,-79,49,2518
7019103,11778,506834028,55992706,-2253,-4281,-138,5249,292086350,2115,292086380,2115,136,-186,15,79,2469,-64,21,2468
7028766,11778,506834018,55992676,-2253,-4281,-137,5249,292086350,2115,292086390,2115,135,-186,16,67,2460,-63,9,2458
7038775,11778,506834008,55992646,-2253,-4280,-138,5249,292086350,2115,292086400,2115,135,-186,40,70,2540,-41,10,2539
7048993,11779,506833998,55992616,-2253,-4280,-138,5249,292086350,2115,292086410,2115,135,-185,52,80,2500,-27,21,2500
7058913,11779,506833988,55992585,-2253,-4280,-137,5249,292086400,2115,292086420,2115,135,-185,44,96,2456,-34,38,2456
7068829,11779,506833978,55992555,-2253,-4279,-137,5249,292086400,2115,292086430,2115,135,-185,45,126,2453,-33,68,2453
7079438,11779,506833968,55992525,-2253,-4279,-136,5249,292086400,2115,292086440,2115,135,-185,24,27,2421,-52,-30,2418
7088775,11779,506833958,55992495,-2252,-4279,-136,5249,292086400,2115,292086450,2115,135,-186,30,48,2516,-50,-12,2514
7098996,11779,506833947,55992465,-2252,-4278,-137,5249,292086400,2115,292086460,2115,135,-186,21,94,2566,-61,33,2564
7108916,11779,506833937,55992433,-2253,-4278,-137,5249,292086450,2115,292086470,2115,135,-186,46,81,2501,-34,22,2500
7118841,11779,506833927,55992403,-2252,-4277,-137,5249,292086450,2115,292086480,2115,135,-187,13,17,2516,-67,-42,2513
7128748,11780,506833917,55992373,-2252,-4277,-137,5249,292086450,2115,292086490,2115,135,-187,13,107,2496,-68,47,2495
7139337,11780,506833907,55992343,-2252,-4276,-137,5249,292086450,2115,292086500,2115,135,-187,30,76,2435,-48,18,2434
7149011,11780,506833897,55992313,-2252,-4276,-137,5249,292086450,2115,292086510,2115,135,-188,44,60,2520,-37,0,2519
7158918,11780,506833887,55992282,-2252,-4276,-137,5249,292086500,2115,292086520,2115,136,-188,57,50,2520,-25,-10,2519
7168827,11780,506833877,55992252,-2252,-4276,-137,5249,292086500,2115,292086530,2115,136,-189,56,55,2527,-26,-5,2526
7178759,11780,506833867,55992222,-2252,-4275,-137,5249,292086500,2115,292086540,2115,136,-190,28,102,2524,-54,42,2523
7188750,11780,506833856,55992192,-2252,-4275,-137,5249,292086500,2115,292086550,2115,136,-190,7,83,2459,-73,24,2457
7199020,11780,506833846,55992162,-2251,-4274,-137,5249,292086500,2115,292086560,2115,136,-191,3,40,2504,-79,-20,2501
7208900,11781,506833836,55992131,-2251,-4274,-138,5249,292086550,2115,292086570,2115,136,-192,24,59,2589,-61,-3,2587
7218827,11781,506833826,55992101,-2251,-4273,-138,5249,292086550,2115,292086580,2115,136,-193,45,98,2543,-39,37,2543
7228758,11781,506833816,55992071,-2251,-4273,-138,5249,292086550,2115,292086590,2115,136,-194,60,97,2561,-25,36,2561
7238749,11781,506833806,55992041,-2251,-4273,-139,5249,292086550,2115,292086600,2115,137,-195,40,23,2531,-44,-37,2529
7249004,11781,506833796,55992011,-2251,-4272,-138,5249,292086550,2115,292086610,2115,137,-195,31,44,2477,-52,-16,2475
7258917,11781,506833786,55991980,-2251,-4272,-138,5249,292086600,2115,292086620,2115,138,-196,28,105,2488,-56,45,2488
7268847,11781,506833775,55991950,-2251,-4272,-139,5249,292086600,2115,292086630,2115,138,-197,22,77,2548,-64,15,2547
7278739,11781,506833765,55991920,-2250,-4271,-139,5249,292086600,2115,292086640,2115,138,-198,18,23,2507,-66,-38,2504
7288757,11782,506833755,55991890,-2250,-4271,-139,5249,292086600,2115,292086650,2115,138,-198,23,42,2597,-65,-21,2594
7299063,11782,506833745,55991860,-2250,-4270,-140,5250,292086600,2115,292086660,2115,137,-199,24,106,2550,-63,45,2549
7308900,11782,506833735,55991829,-2250,-4270,-140,5250,292086650,2115,292086670,2115,137,-199,34,49,2570,-53,-12,2568
7318831,11782,506833725,55991799,-2250,-4270,-141,5250,292086650,2115,292086680,2115,137,-200,32,82,2538,-55,21,2537
7328758,11782,506833715,55991769,-2250,-4269,-141,5250,292086650,2115,292086690,2115,137,-200,33,117,2539,-54,55,2539
7338758,11782,506833705,55991739,-2250,-4268,-141,5250,292086650,2115,292086700,2115,137,-200,41,90,2551,-46,28,2551
7349001,11783,506833695,55991709,-2250,-4268,-142,5250,292086650,2115,292086710,2115,138,-201,26,52,2570,-62,-10,2568
7358920,11783,506833684,55991678,-2249,-4268,-142,5250,292086700,2115,292086720,2115,138,-201,19,46,2570,-69,-16,2568
7368810,11783,506833674,55991648,-2249,-4267,-143,5250,292086700,2115,292086730,2115,138,-201,30,83,2548,-58,21,2547
7378750,11783,506833664,55991618,-2249,-4267,-143,5250,292086700,2115,292086740,2115,138,-201,12,83,2506,-74,22,2505
7388751,11783,506833654,55991588,-2249,-4266,-143,5250,292086700,2115,292086750,2115,137,-201,38,63,2486,-47,4,2485
7399055,11783,506833644,55991558,-2249,-4266,-142,5250,292086700,2115,292086760,2115,137,-200,22,107,2487,-63,47,2487
7408903,11784,506833634,55991527,-2249,-4265,-142,5250,292086750,2115,292086770,2115,137,-200,33,83,2504,-53,23,2503
7418833,11784,506833624,55991497,-2249,-4265,-143,5250,292086750,2115,292086780,2115,137,-200,43,87,2514,-43,26,2513
7428830,11784,506833614,55991467,-2249,-4264,-143,5250,292086750,2115,292086790,2115,137,-199,48,86,2537,-39,25,2537
7439545,11784,506833604,55991437,-2249,-4264,-143,5250,292086750,2115,292086800,2115,137,-199,32,79,2504,-53,19,2503
7449178,11784,506833593,55991407,-2249,-4263,-143,5250,292086750,2115,292086810,2115,137,-198,11,60,2473,-73,0,2470
7458912,11784,506833583,55991376,-2249,-4263,-143,5250,292086800,2115,292086820,2115,137,-198,12,116,2534,-74,55,2533
7468896,11784,506833573,55991346,-2248,-4262,-143,5250,292086800,2115,292086830,2115,137,-198,29,41,2534,-56,-19,2532
7478773,11784,506833563,55991316,-2248,-4262,-143,5250,292086800,2115,292086840,2115,137,-197,35,72,2521,-50,11,2520
7488762,11785,506833553,55991286,-2248,-4262,-143,5250,292086800,2115,292086850,2115,137,-197,36,89,2491,-49,29,2490
7499021,11785,506833543,55991256,-2248,-4261,-143,5250,292086800,2115,292086860,2115,137,-197,34,74,2449,-49,15,2448
7508920,11785,506833533,55991225,-2248,-4261,-143,5250,292086850,2115,292086870,2115,137,-197,47,88,2432,-35,30,2432
7518857,11785,506833523,55991195,-2248,-4260,-142,5250,292086850,2115,292086880,2115,137,-196,53,76,2437,-28,18,2437
7528751,11785,506833513,55991165,-2248,-4260,-142,5250,292086850,2115,292086890,2115,137,-196,23,38,2456,-59,-22,2454
7538746,11785,506833503,55991135,-2248,-4260,-142,5250,292086850,2115,292086900,2115,138,-196,28,81,2487,-55,21,2485
7550139,11785,506833492,55991105,-2248,-4259,-141,5250,292086850,2115,292086910,2115,138,-196,14,32,2481,-69,-29,2479
7558930,11785,506833482,55991074,-2247,-4259,-141,5250,292086900,2115,292086920,2115,138,-195,46,64,2462,-36,4,2462
7568813,11786,506833472,55991045,-2247,-4258,-141,5250,292086900,2115,292086930,2115,138,-195,19,67,2476,-63,7,2474
7578756,11786,506833462,55991015,-2247,-4258,-141,5250,292086900,2115,292086940,2115,139,-195,17,62,2519,-67,0,2517
7588773,11786,506833452,55990985,-2247,-4258,-141,5250,292086900,2115,292086950,2115,139,-194,41,67,2513,-43,6,2512
7600162,11786,506833442,55990955,-2247,-4257,-141,5250,292086900,2115,292086960,2115,139,-194,34,82,2519,-50,21,2518
7608895,11786,506833432,55990924,-2247,-4256,-141,5250,292086950,2115,292086970,2115,138,-193,27,84,2489,-55,23,2488
7618825,11786,506833422,55990894,-2247,-4256,-141,5250,292086950,2115,292086980,2115,138,-193,21,28,2474,-61,-32,2472
7628765,11786,506833412,55990864,-2247,-4256,-141,5250,292086950,2115,292086990,2115,138,-192,24,105,2481,-57,45,2480
7638758,11786,506833401,55990834,-2246,-4255,-141,5250,292086950,2115,292087000,2115,138,-192,38,50,2451,-42,-10,2449
7650183,11787,506833391,55990804,-2246,-4255,-140,5250,292086950,2115,292087010,2115,137,-192,34,57,2490,-47,-3,2489
7658901,11787,506833381,55990774,-2247,-4254,-141,5250,292087000,2115,292087020,2115,137,-192,37,137,2481,-45,77,2481
7668836,11787,506833371,55990744,-2247,-4254,-140,5250,292087000,2115,292087030,2115,137,-192,32,82,2447,-48,23,2446
7678742,11787,506833361,55990714,-2246,-4253,-140,5250,292087000,2115,292087040,2115,137,-192,45,36,2451,-35,-23,2450
7688752,11787,506833351,55990684,-2246,-4253,-139,5250,292087000,2115,292087050,2115,137,-192,27,98,2440,-53,39,2439
7699391,11787,506833341,55990654,-2246,-4253,-139,5250,292087000,2115,292087060,2115,137,-192,37,75,2490,-45,16,2489
7708948,11787,506833331,55990623,-2247,-4252,-139,5250,292087050,2115,292087070,2115,137,-192,40,79,2490,-41,19,2489
7718829,11787,506833321,55990593,-2246,-4252,-139,5250,292087050,2115,292087080,2115,137,-192,38,18,2532,-45,-43,2530
7728783,11787,506833310,55990564,-2246,-4251,-139,5250,292087050,2115,292087090,2115,138,-192,31,102,2511,-52,42,2511
7738755,11786,506833300,55990534,-2246,-4251,-140,5250,292087050,2115,292087100,2115,138,-193,27,27,2545,-57,-35,2543
7750158,11786,506833290,55990504,-2246,-4251,-140,5250,292087050,2115,292087110,2115,138,-193,26,62,2503,-57,1,2501
7758914,11786,506833280,55990473,-2246,-4250,-140,5250,292087100,2115,292087120,2115,138,-194,36,122,2506,-47,61,2506
7768829,11786,506833270,55990443,-2245,-4250,-140,5250,292087100,2115,292087130,2115,137,-194,28,54,2539,-56,-7,2538
7778770,11786,506833260,55990413,-2245,-4250,-140,5250,292087100,2115,292087140,2115,138,-195,45,45,2525,-39,-16,2523
7788748,11786,506833250,55990384,-2245,-4249,-140,5250,292087100,2115,292087150,2115,138,-195,33,57,2519,-51,-4,2517
7799024,11786,506833240,55990354,-2245,-4249,-140,5250,292087100,2115,292087160,2115,138,-196,31,65,2500,-52,4,2498
7808901,11786,506833230,55990323,-2245,-4249,-140,5250,292087150,2115,292087170,2115,138,-197,27,46,2494,-57,-14,2492
7818827,11786,506833220,55990293,-2244,-4249,-141,5250,292087150,2115,292087180,2115,137,-198,57,37,2571,-30,-24,2570
7828769,11786,506833209,55990263,-2244,-4248,-141,5250,292087150,2115,292087190,2115,137,-199,32,80,2557,-56,19,2556
7838755,11786,506833199,55990233,-2244,-4248,-141,5250,292087150,2115,292087200,2115,137,-200,34,39,2541,-53,-22,2539
7849029,11786,506833189,55990204,-2244,-4247,-142,5250,292087150,2115,292087210,2115,136,-201,9,78,2563,-79,16,2561
7858913,11786,506833179,55990173,-2243,-4247,-143,5250,292087200,2115,292087220,2115,136,-202,31,44,2566,-57,-17,2564
7868848,11786,506833169,55990143,-2243,-4247,-143,5250,292087200,2115,292087230,2115,136,-203,39,50,2557,-50,-11,2556
7878760,11786,506833159,55990113,-2243,-4246,-144,5250,292087200,2115,292087240,2115,136,-204,55,54,2585,-35,-7,2584
7888775,11786,506833149,55990083,-2243,-4246,-144,5250,292087200,2115,292087250,2115,135,-205,33,64,2568,-58,3,2567
7899038,11785,506833139,55990054,-2243,-4245,-145,5250,292087200,2115,292087260,2115,134,-206,37,90,2589,-55,29,2588
7908897,11785,506833129,55990023,-2243,-4245,-146,5250,292087250,2115,292087270,2115,134,-208,28,80,2631,-66,18,2630
7918847,11785,506833119,55989993,-2242,-4244,-146,5250,292087250,2115,292087280,2115,133,-209,23,55,2575,-69,-5,2573
7929258,11785,506833109,55989963,-2242,-4244,-147,5250,292087250,2115,292087290,2115,132,-210,21,41,2627,-73,-20,2624
7938773,11785,506833099,55989933,-2242,-4243,-149,5250,292087250,2115,292087300,2115,131,-211,31,80,2657,-65,19,2656
7949018,11785,506833088,55989904,-2242,-4243,-149,5250,292087250,2115,292087310,2115,130,-212,54,113,2600,-41,53,2600
7958898,11785,506833078,55989873,-2242,-4243,-150,5250,292087300,2115,292087320,2115,130,-213,26,39,2615,-69,-20,2613
7968819,11785,506833068,55989843,-2242,-4242,-151,5250,292087300,2115,292087330,2115,129,-214,24,87,2577,-71,29,2575
7978785,11785,506833058,55989813,-2241,-4242,-151,5250,292087300,2115,292087340,2115,128,-215,32,52,2583,-63,-6,2581
7988758,11785,506833048,55989783,-2241,-4241,-152,5250,292087300,2115,292087350,2115,127,-216,53,40,2626,-44,-18,2625
7999149,11784,506833038,55989754,-2241,-4241,-153,5250,292087300,2115,292087360,2115,127,-217,36,17,2616,-61,-42,2614
8008894,11784,506833028,55989723,-2240,-4241,-154,5250,292087350,2115,292087370,2115,126,-218,25,75,2583,-72,18,2581
8018873,11784,506833018,55989693,-2240,-4240,-155,5250,292087350,2115,292087380,2115,125,-218,18,94,2630,-81,37,2629
8028759,11784,506833008,55989663,-2240,-4239,-156,5250,292087350,2115,292087390,2115,124,-218,25,36,2630,-73,-21,2627
8038741,11784,506832998,55989633,-2240,-4239,-157,5250,292087350,2115,292087400,2115,123,-219,46,47,2612,-52,-10,2611
8049241,11784,506832988,55989604,-2239,-4239,-158,5250,292087350,2115,292087410,2115,122,-219,26,47,2663,-74,-10,2661
8058927,11783,506832978,55989573,-2239,-4238,-159,5250,292087400,2115,292087420,2115,121,-219,36,50,2608,-62,-6,2606
8068825,11783,506832968,55989543,-2239,-4238,-159,5250,292087400,2115,292087430,2115,120,-219,39,57,2588,-58,3,2587
8078785,11783,506832957,55989513,-2239,-4237,-160,5250,292087400,2115,292087440,2115,120,-219,40,49,2571,-57,-5,2569
8088748,11783,506832947,55989484,-2238,-4237,-160,5250,292087400,2115,292087450,2115,119,-219,23,39,2528,-72,-14,2525
8099012,11783,506832937,55989454,-2238,-4237,-161,5250,292087400,2115,292087460,2115,119,-218,34,9,2544,-61,-44,2541
8108898,11783,506832927,55989423,-2238,-4235,-162,5250,292087450,2115,292087470,2115,118,-218,34,77,2584,-63,23,2583
8118828,11783,506832917,55989393,-2238,-4235,-162,5250,292087450,2115,292087480,2115,117,-218,43,64,2514,-51,12,2513
8128761,11783,506832907,55989364,-2238,-4235,-162,5250,292087450,2115,292087490,2115,117,-217,41,23,2545,-53,-29,2543
8138998,11783,506832897,55989334,-2237,-4234,-162,5250,292087450,2115,292087500,2115,117,-216,42,18,2511,-50,-33,2509
8149023,11783,506832887,55989304,-2237,-4234,-162,5250,292087450,2115,292087510,2115,116,-215,32,46,2455,-59,-5,2453
8158891,11783,506832877,55989273,-2237,-4234,-161,5250,292087500,2115,292087520,2115,116,-214,18,79,2480,-73,28,2478
8168921,11783,506832867,55989244,-2236,-4234,-162,5250,292087500,2115,292087530,2115,116,-213,28,2,2518,-64,-49,2515
8178768,11783,506832857,55989214,-2236,-4234,-161,5250,292087500,2115,292087540,2115,116,-212,44,13,2471,-45,-37,2469
8188777,11783,506832847,55989184,-2236,-4233,-161,5250,292087500,2115,292087550,2115,116,-211,53,97,2519,-38,45,2519
8200184,11783,506832837,55989155,-2236,-4233,-161,5250,292087500,2115,292087560,2115,116,-210,51,68,2427,-36,18,2426
8208899,11783,506832827,55989124,-2235,-4233,-160,5250,292087550,2115,292087570,2115,116,-208,42,-7,2403,-44,-56,2401
8218860,11783,506832817,55989094,-2235,-4232,-160,5250,292087550,2115,292087580,2115,117,-207,17,36,2435,-69,-14,2432
8229345,11783,506832806,55989064,-2235,-4232,-159,5250,292087550,2115,292087590,2115,117,-206,22,54,2408,-63,5,2406
8238750,11783,506832796,55989035,-2234,-4232,-158,5250,292087550,2115,292087600,2115,117,-205,44,-5,2434,-41,-55,2432
8248985,11783,506832786,55989005,-2234,-4231,-158,5250,292087550,2115,292087610,2115,117,-204,35,56,2411,-49,6,2410
8259563,11783,506832776,55988974,-2234,-4231,-156,5250,292087600,2115,292087620,2115,117,-202,46,84,2346,-35,36,2346
8268848,11783,506832766,55988944,-2234,-4231,-155,5250,292087600,2115,292087630,2115,118,-201,46,1,2326,-34,-47,2324
8278739,11783,506832756,55988915,-2234,-4230,-154,5250,292087600,2115,292087640,2115,118,-200,44,77,2339,-36,29,2339
8289674,11783,506832746,55988885,-2234,-4230,-152,5250,292087600,2115,292087650,2115,118,-199,49,11,2313,-30,-37,2312
8299026,11783,506832736,55988855,-2233,-4230,-152,5250,292087600,2115,292087660,2115,119,-199,64,55,2421,-18,4,2421
8308921,11783,506832726,55988824,-2233,-4230,-150,5250,292087650,2115,292087670,2115,119,-198,39,45,2369,-41,-4,2367
8319453,11783,506832716,55988795,-2233,-4230,-149,5251,292087650,2115,292087680,2115,120,-197,45,39,2371,-35,-11,2370
8328759,11783,506832706,55988765,-2233,-4230,-148,5251,292087650,2115,292087690,2115,121,-197,16,49,2388,-64,-1,2386
8338777,11783,506832696,55988735,-2233,-4229,-148,5251,292087650,2115,292087700,2115,121,-197,43,28,2381,-37,-23,2380
8349728,11783,506832686,55988706,-2232,-4229,-147,5251,292087650,2115,292087710,2115,122,-197,45,17,2393,-35,-34,2391
8358917,11783,506832676,55988675,-2232,-4229,-146,5251,292087700,2115,292087720,2115,122,-196,48,68,2443,-35,16,2442
8368847,11783,506832666,55988645,-2232,-4229,-145,5251,292087700,2115,292087730,2115,123,-196,43,59,2383,-37,8,2382
8379547,11783,506832656,55988615,-2232,-4229,-144,5251,292087700,2115,292087740,2115,124,-197,51,36,2393,-30,-16,2392
8388762,11783,506832646,55988586,-2232,-4229,-144,5251,292087700,2115,292087750,2115,124,-197,40,32,2398,-41,-20,2396
8399068,11783,506832636,55988556,-2231,-4228,-142,5251,292087700,2115,292087760,2115,125,-197,56,39,2365,-23,-12,2364
8409303,11783,506832626,55988525,-2231,-4228,-142,5251,292087750,2115,292087770,2115,125,-198,43,15,2413,-38,-38,2411
8418821,11783,506832616,55988496,-2231,-4227,-142,5251,292087750,2115,292087780,2115,126,-199,35,91,2453,-49,37,2453
8428804,11783,506832606,55988466,-2231,-4227,-141,5251,292087750,2115,292087790,2115,127,-200,63,27,2425,-19,-27,2424
8438759,11783,506832596,55988436,-2231,-4227,-140,5251,292087750,2115,292087800,2115,127,-201,27,23,2421,-55,-31,2419
8449477,11783,506832586,55988407,-2231,-4226,-140,5251,292087750,2115,292087810,2115,128,-201,10,114,2445,-75,59,2444
8458910,11783,506832576,55988376,-2231,-4226,-140,5251,292087800,2115,292087820,2115,129,-202,39,30,2486,-47,-27,2484
8468827,11783,506832566,55988346,-2230,-4226,-140,5251,292087800,2115,292087830,2115,130,-203,59,-10,2541,-29,-68,2539
8478737,11783,506832556,55988317,-2230,-4226,-141,5251,292087800,2115,292087840,2115,132,-204,49,62,2554,-40,3,2553
8488746,11783,506832545,55988287,-2230,-4225,-140,5251,292087800,2115,292087850,2115,133,-205,44,93,2467,-43,35,2467
8500139,11783,506832535,55988257,-2230,-4225,-141,5251,292087800,2115,292087860,2115,134,-206,41,33,2534,-49,-27,2532
8508926,11783,506832525,55988226,-2229,-4225,-140,5251,292087850,2115,292087870,2115,135,-207,25,25,2496,-63,-34,2494
8518831,11783,506832515,55988197,-2229,-4225,-140,5251,292087850,2115,292087880,2115,135,-208,33,82,2522,-57,22,2521
8529239,11783,506832505,55988167,-2229,-4224,-141,5251,292087850,2115,292087890,2115,136,-209,14,50,2564,-78,-11,2562
8538739,11784,506832495,55988138,-2228,-4224,-141,5251,292087850,2115,292087900,2115,137,-209,45,64,2575,-47,3,2574
8549034,11784,506832485,55988108,-2228,-4224,-142,5251,292087850,2115,292087910,2115,137,-210,65,-2,2548,-26,-63,2546
8559170,11784,506832475,55988077,-2228,-4223,-142,5251,292087900,2115,292087920,2115,138,-211,45,116,2552,-48,54,2552
8568816,11784,506832465,55988047,-2228,-4223,-142,5251,292087900,2115,292087930,2115,138,-212,31,98,2526,-61,37,2525
8578768,11784,506832455,55988018,-2228,-4222,-143,5251,292087900,2115,292087940,2115,139,-212,38,47,2563,-55,-15,2561
8589081,11784,506832445,55987988,-2227,-4222,-144,5251,292087900,2115,292087950,2115,139,-213,30,41,2621,-66,-23,2618
8599019,11785,506832435,55987958,-2227,-4222,-144,5251,292087900,2115,292087960,2115,139,-214,44,76,2591,-51,13,2590
8608930,11785,506832425,55987928,-2227,-4221,-145,5251,292087950,2115,292087970,2115,139,-214,17,72,2603,-78,9,2601
8618855,11785,506832415,55987898,-2227,-4221,-146,5251,292087950,2115,292087980,2115,139,-215,47,85,2605,-49,21,2605
8628791,11785,506832405,55987868,-2227,-4220,-147,5251,292087950,2115,292087990,2115,139,-216,33,115,2569,-63,52,2569
8638743,11785,506832395,55987839,-2227,-4220,-148,5251,292087950,2115,292088000,2115,139,-216,74,91,2625,-23,27,2626
8649100,11785,506832385,55987809,-2227,-4219,-149,5251,292087950,2115,292088010,2115,139,-217,52,101,2623,-46,37,2623
8658906,11785,506832375,55987778,-2227,-4219,-149,5251,292088000,2115,292088020,2115,139,-217,57,74,2589,-40,11,2588
8668849,11786,506832365,55987749,-2227,-4218,-150,5251,292088000,2115,292088030,2115,139,-218,34,100,2603,-63,37,2602
8679366,11786,506832355,55987719,-2227,-4218,-151,5251,292088000,2115,292088040,2115,138,-219,12,99,2615,-86,36,2614
8688762,11786,506832345,55987689,-2227,-4217,-152,5251,292088000,2115,292088050,2115,137,-219,27,77,2593,-70,15,2591
8699079,11786,506832335,55987660,-2227,-4217,-153,5251,292088000,2115,292088060,2115,136,-219,47,84,2640,-53,21,2639
8709107,11786,506832325,55987629,-2227,-4216,-154,5251,292088050,2115,292088070,2115,136,-220,47,112,2656,-53,49,2656
8718815,11787,506832315,55987599,-2227,-4216,-155,5251,292088050,2115,292088080,2115,135,-220,56,91,2609,-42,29,2609
8728739,11787,506832305,55987570,-2227,-4215,-156,5251,292088050,2115,292088090,2115,135,-220,57,83,2636,-43,20,2636
8739223,11787,506832295,55987540,-2227,-4215,-157,5251,292088050,2115,292088100,2115,134,-220,45,63,2580,-53,2,2579
8750172,11787,506832285,55987511,-2227,-4214,-157,5251,292088050,2115,292088110,2115,133,-220,37,124,2595,-61,63,2594
8758917,11787,506832275,55987480,-2227,-4214,-158,5251,292088100,2115,292088120,2115,133,-220,17,82,2626,-82,20,2624
8769238,11787,506832265,55987450,-2227,-4213,-159,5251,292088100,2115,292088130,2115,133,-219,22,79,2585,-75,19,2584
8778775,11787,506832255,55987421,-2227,-4213,-160,5251,292088100,2115,292088140,2115,132,-219,37,60,2643,-63,-1,2642
8788752,11787,506832245,55987391,-2227,-4212,-161,5251,292088100,2115,292088150,2115,131,-218,52,107,2588,-45,47,2588
8800123,11787,506832235,55987362,-2227,-4212,-161,5251,292088100,2115,292088160,2115,131,-218,51,95,2569,-45,36,2569
8808891,11787,506832225,55987331,-2227,-4211,-162,5251,292088150,2115,292088170,2115,130,-217,59,100,2567,-37,41,2567
8818835,11787,506832215,55987301,-2227,-4211,-162,5251,292088150,2115,292088180,2115,129,-216,54,78,2497,-38,22,2497
8828764,11788,506832205,55987272,-2227,-4211,-162,5251,292088150,2115,292088190,2115,129,-215,49,79,2519,-44,22,2518
8838769,11788,506832195,55987242,-2227,-4210,-162,5251,292088150,2115,292088200,2115,129,-214,33,35,2490,-58,-21,2488
8848986,11788,506832185,55987212,-2226,-4210,-162,5251,292088150,2115,292088210,2115,129,-213,35,37,2500,-56,-20,2498
8858947,11788,506832175,55987182,-2226,-4210,-161,5251,292088200,2115,292088220,2115,129,-212,42,49,2476,-48,-7,2474
8868849,11788,506832165,55987152,-2226,-4209,-162,5251,292088200,2115,292088230,2115,129,-211,64,101,2522,-28,44,2523
8878762,11788,506832155,55987123,-2226,-4209,-161,5251,292088200,2115,292088240,2115,129,-210,56,64,2459,-33,9,2458
8888737,11788,506832145,55987093,-2226,-4209,-161,5251,292088200,2115,292088250,2115,129,-209,64,76,2462,-24,20,2462
8899041,11788,506832135,55987063,-2226,-4209,-160,5251,292088200,2115,292088260,2115,129,-208,45,14,2431,-42,-41,2429
8908901,11789,506832125,55987033,-2226,-4208,-160,5251,292088250,2115,292088270,2115,129,-207,41,73,2403,-44,19,2402
8919220,11789,506832115,55987003,-2225,-4208,-159,5251,292088250,2115,292088280,2115,129,-206,32,19,2431,-54,-36,2429
8928747,11789,506832105,55986974,-2225,-4208,-159,5251,292088250,2115,292088290,2115,130,-205,58,70,2440,-28,14,2439
8938756,11789,506832095,55986944,-2226,-4207,-158,5251,292088250,2115,292088300,2115,130,-204,62,101,2399,-22,46,2399
8949366,11790,506832085,55986915,-2226,-4207,-157,5251,292088250,2115,292088310,2115,130,-203,65,55,2388,-18,0,2387
8958899,11790,506832075,55986884,-2225,-4207,-156,5251,292088300,2115,292088320,2115,130,-203,24,44,2348,-58,-10,2346
8968827,11790,506832065,55986854,-2225,-4207,-155,5251,292088300,2115,292088330,2115,130,-202,41,88,2411,-43,33,2411
8978781,11790,506832055,55986825,-2225,-4206,-154,5251,292088300,2115,292088340,2115,130,-202,43,62,2415,-40,7,2414
8988756,11791,506832045,55986795,-2225,-4207,-154,5251,292088300,2115,292088350,2115,130,-202,97,21,2431,13,-34,2431
9000125,11791,506832035,55986766,-2225,-4206,-152,5251,292088300,2115,292088360,2115,130,-202,31,81,2319,-49,28,2318
9008917,11791,506832025,55986735,-2226,-4205,-152,5251,292088350,2115,292088370,2115,129,-202,59,116,2479,-27,60,2480
9018824,11792,506832015,55986705,-2226,-4205,-151,5251,292088350,2115,292088380,2115,130,-203,29,74,2356,-53,20,2355
9028755,11792,506832005,55986676,-2226,-4205,-151,5251,292088350,2115,292088390,2115,130,-203,57,97,2471,-29,41,2471
9038740,11792,506831995,55986646,-2226,-4205,-150,5251,292088350,2115,292088400,2115,131,-204,60,36,2444,-25,-20,2443
9048998,11792,506831985,55986617,-2226,-4204,-150,5251,292088350,2115,292088410,2115,132,-205,63,104,2416,-21,48,2416
9058895,11792,506831975,55986586,-2226,-4203,-149,5251,292088400,2115,292088420,2115,133,-206,59,87,2352,-24,33,2352
9068855,11792,506831965,55986557,-2226,-4203,-148,5251,292088400,2115,292088430,2115,133,-207,47,46,2439,-39,-11,2438
9078735,11792,506831955,55986527,-2226,-4203,-148,5251,292088400,2115,292088440,2115,133,-208,24,127,2439,-63,70,2438
9088751,11792,506831945,55986498,-2227,-4202,-148,5251,292088400,2115,292088450,2115,134,-209,56,112,2501,-34,53,2502
9099027,11792,506831935,55986468,-2226,-4202,-148,5251,292088400,2115,292088460,2115,135,-210,87,-6,2567,-6,-67,2565
9108895,11792,506831925,55986438,-2226,-4202,-148,5251,292088450,2115,292088470,2115,136,-212,34,63,2459,-55,5,2458
9118808,11792,506831915,55986408,-2226,-4201,-148,5251,292088450,2115,292088480,2115,136,-213,29,164,2506,-63,104,2507
9128734,11792,506831905,55986379,-2226,-4201,-148,5251,292088450,2115,292088490,2115,137,-215,16,-18,2506,-76,-79,2502
9138739,11793,506831895,55986349,-2225,-4201,-148,5251,292088450,2115,292088500,2115,137,-216,68,39,2525,-26,-22,2524
9149055,11793,506831885,55986320,-2225,-4200,-150,5251,292088450,2115,292088510,2115,138,-217,36,107,2683,-64,42,2682
9158903,11793,506831875,55986289,-2225,-4200,-150,5251,292088500,2115,292088520,2115,139,-219,62,76,2552,-34,14,2551
9168815,11793,506831865,55986260,-2225,-4200,-150,5251,292088500,2115,292088530,2115,139,-220,40,5,2558,-57,-58,2556
9178747,11793,506831855,55986230,-2224,-4200,-150,5251,292088500,2115,292088540,2115,140,-221,45,31,2511,-50,-30,2509
9188793,11793,506831845,55986201,-2224,-4199,-150,5251,292088500,2115,292088550,2115,140,-222,20,86,2491,-75,25,2489
9200166,11793,506831835,55986171,-2224,-4199,-150,5251,292088500,2115,292088560,2115,141,-223,49,92,2506,-47,30,2506
9208887,11792,506831825,55986140,-2223,-4199,-151,5251,292088550,2115,292088570,2115,141,-224,49,62,2647,-52,-3,2646
9218858,11792,506831815,55986111,-2223,-4198,-152,5251,292088550,2115,292088580,2115,142,-224,41,60,2595,-58,-5,2593
9228738,11792,506831805,55986081,-2223,-4198,-153,5251,292088550,2115,292088590,2115,142,-225,68,74,2632,-34,9,2632
9238753,11792,506831795,55986052,-2223,-4198,-154,5251,292088550,2115,292088600,2115,143,-225,29,37,2624,-72,-28,2622
9248989,11792,506831785,55986023,-2222,-4197,-155,5251,292088550,2115,292088610,2115,143,-226,42,72,2563,-58,7,2562
9258946,11792,506831775,55985992,-2223,-4197,-155,5251,292088600,2115,292088620,2115,144,-226,45,124,2587,-56,59,2587
9268834,11792,506831765,55985962,-2222,-4196,-156,5251,292088600,2115,292088630,2115,144,-226,35,51,2613,-66,-15,2611
9278751,11792,506831755,55985933,-2222,-4196,-157,5251,292088600,2115,292088640,2115,145,-226,43,12,2571,-56,-53,2569
9288750,11792,506831745,55985903,-2222,-4196,-157,5251,292088600,2115,292088650,2115,145,-226,36,60,2614,-65,-7,2612
9299056,11792,506831735,55985874,-2221,-4196,-158,5251,292088600,2115,292088660,2115,146,-226,97,43,2579,-3,-23,2579
9309131,11792,506831725,55985843,-2221,-4195,-158,5251,292088650,2115,292088670,2115,146,-226,45,71,2517,-52,6,2516
9318828,11792,506831715,55985814,-2222,-4195,-159,5251,292088650,2115,292088680,2115,147,-226,57,108,2563,-43,42,2563
9328763,11792,506831705,55985784,-2221,-4195,-159,5251,292088650,2115,292088690,2115,148,-225,39,1,2544,-59,-65,2541
9338769,11792,506831695,55985755,-2220,-4194,-160,5251,292088650,2115,292088700,2115,149,-225,60,14,2566,-39,-53,2564
9349017,11791,506831685,55985726,-2220,-4194,-160,5252,292088650,2115,292088710,2115,149,-225,32,82,2608,-68,13,2607
9359451,11791,506831675,55985695,-2220,-4193,-161,5252,292088700,2115,292088720,2115,150,-225,33,64,2584,-66,-4,2582
9369526,11791,506831665,55985665,-2220,-4193,-162,5252,292088700,2115,292088730,2115,151,-224,58,62,2564,-41,-5,2563
9378770,11791,506831655,55985636,-2220,-4193,-162,5252,292088700,2115,292088740,2115,152,-224,64,46,2539,-33,-21,2539
9388772,11791,506831645,55985607,-2219,-4193,-162,5252,292088700,2115,292088750,2115,152,-223,52,18,2511,-44,-49,2508
9399002,11791,506831635,55985577,-2219,-4193,-162,5252,292088700,2115,292088760,2115,153,-223,71,91,2527,-26,24,2527
9408937,11791,506831625,55985546,-2219,-4192,-163,5252,292088750,2115,292088770,2115,153,-223,39,36,2563,-59,-33,2560
9418828,11791,506831615,55985517,-2219,-4192,-163,5252,292088750,2115,292088780,2115,154,-223,71,46,2532,-25,-22,2531
9428743,11791,506831605,55985488,-2218,-4192,-163,5252,292088750,2115,292088790,2115,154,-222,47,60,2501,-48,-8,2500
9438755,11791,506831595,55985458,-2218,-4191,-163,5252,292088750,2115,292088800,2115,155,-222,35,79,2516,-61,10,2515
9448984,11791,506831585,55985429,-2218,-4191,-163,5252,292088750,2115,292088810,2115,155,-222,14,44,2482,-80,-24,2479
9458921,11791,506831575,55985398,-2217,-4191,-163,5252,292088800,2115,292088820,2115,156,-221,63,46,2556,-34,-23,2555
9468871,11791,506831565,55985369,-2217,-4191,-163,5252,292088800,2115,292088830,2115,156,-221,66,39,2521,-29,-30,2520
9478744,11791,506831555,55985339,-2217,-4190,-163,5252,292088800,2115,292088840,2115,156,-221,72,91,2496,-23,23,2497
9488741,11791,506831546,55985310,-2217,-4190,-163,5252,292088800,2115,292088850,2115,156,-221,60,33,2470,-33,-35,2469
9499015,11791,506831536,55985281,-2217,-4190,-163,5252,292088800,2115,292088860,2115,156,-220,15,112,2457,-78,44,2456
9508905,11791,506831526,55985250,-2216,-4190,-163,5252,292088850,2115,292088870,2115,156,-220,51,24,2473,-43,-44,2471
9518835,11791,506831516,55985221,-2217,-4189,-163,5252,292088850,2115,292088880,2115,157,-220,69,110,2538,-27,41,2539
9528745,11791,506831506,55985191,-2216,-4189,-163,5252,292088850,2115,292088890,2115,157,-220,57,24,2526,-38,-46,2524
9538763,11791,506831496,55985162,-2216,-4189,-163,5252,292088850,2115,292088900,2115,157,-220,69,71,2485,-24,3,2485
9549004,11791,506831486,55985132,-2216,-4189,-163,5252,292088850,2115,292088910,2115,157,-220,35,61,2466,-58,-7,2465
9558892,11791,506831476,55985102,-2215,-4188,-162,5252,292088900,2115,292088920,2115,158,-220,38,59,2441,-54,-8,2440
9568822,11791,506831466,55985072,-2215,-4188,-162,5252,292088900,2115,292088930,2115,158,-220,52,69,2467,-41,1,2466
9578762,11790,506831456,55985043,-2215,-4188,-162,5252,292088900,2115,292088940,2115,158,-220,63,59,2539,-32,-11,2538
9588754,11790,506831446,55985014,-2215,-4187,-162,5252,292088900,2115,292088950,2115,158,-220,74,67,2490,-20,-2,2490
9599007,11790,506831436,55984984,-2215,-4187,-162,5252,292088900,2115,292088960,2115,158,-221,45,30,2438,-47,-38,2436
9608892,11790,506831426,55984954,-2214,-4187,-161,5252,292088950,2115,292088970,2115,159,-221,44,51,2471,-50,-18,2469
9618857,11790,506831416,55984924,-2214,-4187,-161,5252,292088950,2115,292088980,2115,159,-221,36,82,2447,-57,13,2446
9628746,11790,506831406,55984895,-2214,-4187,-161,5252,292088950,2115,292088990,2115,159,-221,59,54,2501,-36,-16,2500
9638751,11789,506831396,55984865,-2214,-4186,-161,5252,292088950,2115,292089000,2115,159,-221,76,62,2522,-20,-8,2522
9649505,11789,506831386,55984836,-2213,-4186,-161,5252,292088950,2115,292089010,2115,160,-222,47,38,2476,-47,-31,2474
9658903,11789,506831376,55984805,-2213,-4186,-161,5252,292089000,2115,292089020,2115,160,-222,39,77,2457,-54,8,2456
9668826,11789,506831367,55984776,-2213,-4185,-160,5252,292089000,2115,292089030,2115,160,-222,34,57,2468,-60,-13,2466
9679341,11789,506831357,55984747,-2213,-4185,-160,5252,292089000,2115,292089040,2115,161,-222,65,54,2472,-29,-15,2472
9688755,11789,506831347,55984717,-2212,-4185,-160,5252,292089000,2115,292089050,2115,161,-222,61,35,2478,-33,-35,2476
9699473,11789,506831337,55984688,-2212,-4185,-160,5252,292089000,2115,292089060,2115,162,-222,63,55,2528,-33,-16,2527
9708914,11788,506831327,55984657,-2212,-4184,-160,5252,292089050,2115,292089070,2115,162,-223,38,49,2475,-57,-21,2474
9718814,11788,506831317,55984628,-2212,-4184,-160,5252,292089050,2115,292089080,2115,162,-223,50,83,2488,-45,13,2488
9728741,11788,506831307,55984598,-2211,-4184,-160,5252,292089050,2115,292089090,2115,163,-223,45,24,2479,-49,-46,2477
9738788,11788,506831297,55984569,-2211,-4184,-160,5252,292089050,2115,292089100,2115,163,-223,41,64,2468,-53,-6,2467
9749006,11788,506831287,55984540,-2211,-4183,-160,5252,292089050,2115,292089110,2115,163,-223,49,57,2507,-46,-15,2506
9759743,11788,506831277,55984509,-2211,-4183,-160,5252,292089100,2115,292089120,2115,164,-223,46,67,2514,-50,-5,2513
9768811,11788,506831267,55984480,-2211,-4183,-159,5252,292089100,2115,292089130,2115,165,-223,57,32,2464,-37,-39,2462
9778744,11788,506831257,55984450,-2210,-4183,-160,5252,292089100,2115,292089140,2115,165,-223,72,61,2525,-25,-12,2525
9788762,11788,506831247,55984421,-2210,-4182,-159,5252,292089100,2115,292089150,2115,166,-223,39,49,2467,-55,-22,2465
9799031,11787,506831237,55984392,-2210,-4182,-159,5252,292089100,2115,292089160,2115,166,-223,54,90,2506,-42,17,2506
9808903,11787,506831227,55984361,-2209,-4182,-159,5252,292089150,2115,292089170,2115,167,-223,42,21,2464,-52,-51,2462
9818820,11787,506831217,55984332,-2209,-4182,-159,5252,292089150,2115,292089180,2115,167,-223,52,73,2479,-42,0,2478
9828744,11787,506831208,55984302,-2209,-4181,-159,5252,292089150,2115,292089190,2115,167,-223,58,73,2471,-36,1,2471
9838738,11787,506831198,55984273,-2209,-4181,-159,5252,292089150,2115,292089200,2115,167,-223,44,61,2534,-53,-13,2533
9849072,11787,506831188,55984244,-2208,-4181,-159,5252,292089150,2115,292089210,2115,167,-223,48,59,2481,-47,-13,2480
9858937,11787,506831178,55984213,-2209,-4180,-159,5252,292089200,2115,292089220,2115,168,-223,59,97,2495,-36,24,2495
9868846,11787,506831168,55984184,-2208,-4180,-159,5252,292089200,2115,292089230,2115,168,-223,53,49,2512,-43,-25,2511
9878777,11787,506831158,55984154,-2208,-4180,-159,5252,292089200,2115,292089240,2115,168,-223,61,45,2504,-34,-29,2502
9888758,11787,506831148,55984125,-2208,-4180,-159,5252,292089200,2115,292089250,2115,168,-223,57,77,2482,-38,5,2482
9899004,11787,506831138,55984096,-2208,-4179,-159,5252,292089200,2115,292089260,2115,168,-223,30,96,2529,-67,22,2528
9908918,11787,506831128,55984065,-2208,-4178,-159,5252,292089250,2115,292089270,2115,168,-223,45,46,2529,-52,-29,2527
9918812,11787,506831118,55984036,-2208,-4178,-159,5252,292089250,2115,292089280,2115,168,-224,48,74,2525,-49,0,2524
9928743,11787,506831108,55984007,-2208,-4178,-160,5252,292089250,2115,292089290,2115,168,-224,65,99,2525,-32,25,2526
9938776,11786,506831098,55983977,-2207,-4177,-160,5252,292089250,2115,292089300,2115,168,-224,50,66,2508,-46,-8,2507
9950181,11786,506831088,55983948,-2207,-4177,-160,5252,292089250,2115,292089310,2115,168,-225,51,57,2512,-45,-17,2511
9958919,11786,506831078,55983917,-2207,-4177,-160,5252,292089300,2115,292089320,2115,168,-225,47,126,2556,-52,51,2557
9968805,11786,506831068,55983888,-2207,-4177,-160,5252,292089300,2115,292089330,2115,168,-225,74,51,2516,-24,-23,2515
9978786,11786,506831059,55983859,-2207,-4177,-160,5252,292089300,2115,292089340,2115,168,-226,66,86,2532,-32,12,2533
9988761,11786,506831049,55983830,-2207,-4176,-160,5252,292089300,2115,292089350,2115,168,-226,31,86,2474,-66,13,2473
9998985,11786,506831039,55983800,-2206,-4176,-160,5252,292089300,2115,292089360,2115,168,-227,36,35,2530,-62,-39,2527
10008882,11786,506831029,55983770,-2206,-4176,-161,5252,292089350,2115,292089370,2115,167,-228,56,67,2551,-44,-8,2550
10018818,11786,506831019,55983740,-2206,-4175,-161,5252,292089350,2115,292089380,2115,167,-228,55,111,2568,-45,36,2568
10028754,11786,506831009,55983711,-2206,-4175,-162,5252,292089350,2115,292089390,2115,167,-229,64,56,2568,-37,-19,2568
10039552,11786,506830999,55983682,-2206,-4175,-162,5252,292089350,2115,292089400,2115,167,-230,58,82,2569,-43,7,2569
10049536,11786,506830989,55983653,-2206,-4174,-162,5252,292089350,2115,292089410,2115,167,-230,43,85,2504,-56,12,2503
10058912,11786,506830979,55983622,-2204,-4174,-163,5252,292089400,2115,292089420,2115,167,-231,33,59,2547,-68,-15,2545
10068761,11786,506830969,55983592,-2204,-4174,-163,5252,292089400,2115,292089430,2115,167,-231,48,35,2590,-55,-41,2587
10078736,11786,506830960,55983563,-2204,-4174,-164,5252,292089400,2115,292089440,2115,166,-232,59,95,2565,-43,20,2565
10088782,11786,506830950,55983534,-2204,-4173,-164,5252,292089400,2115,292089450,2115,166,-232,58,83,2573,-45,9,2572
10098983,11786,506830940,55983505,-2204,-4173,-165,5252,292089400,2115,292089460,2115,165,-233,51,92,2558,-51,18,2558
10108909,11786,506830930,55983474,-2204,-4172,-165,5252,292089450,2115,292089470,2115,164,-233,43,88,2532,-58,15,2531
10118734,11786,506830920,55983445,-2204,-4172,-166,5252,292089450,2115,292089480,2115,164,-234,36,93,2571,-68,19,2570
10128725,11786,506830910,55983416,-2204,-4171,-166,5252,292089450,2115,292089490,2115,163,-234,56,68,2561,-47,-5,2560
10138758,11786,506830900,55983386,-2204,-4171,-167,5252,292089450,2115,292089500,2115,163,-235,71,69,2600,-34,-5,2599
10149013,11786,506830890,55983357,-2204,-4171,-167,5252,292089450,2115,292089510,2115,163,-235,56,98,2575,-48,25,2575
10158894,11786,506830880,55983326,-2204,-4170,-168,5252,292089500,2115,292089520,2115,163,-235,45,100,2538,-58,28,2538
10168874,11786,506830870,55983297,-2203,-4170,-168,5252,292089500,2115,292089530,2115,163,-235,49,76,2527,-53,4,2526
10178763,11786,506830860,55983268,-2203,-4169,-168,5252,292089500,2115,292089540,2115,163,-236,36,65,2540,-67,-8,2538
10189569,11786,506830851,55983239,-2203,-4169,-169,5252,292089500,2115,292089550,2115,163,-236,65,86,2547,-38,14,2547
10198983,11787,506830841,55983209,-2203,-4169,-169,5252,292089500,2115,292089560,2115,163,-236,54,87,2553,-50,14,2553
10208889,11787,506830831,55983179,-2203,-4168,-170,5252,292089550,2115,292089570,2115,163,-236,67,52,2554,-36,-21,2553
10218839,11787,506830821,55983150,-2203,-4168,-170,5252,292089550,2115,292089580,2115,163,-236,49,82,2527,-53,10,2527
10229190,11787,506830811,55983120,-2203,-4168,-170,5252,292089550,2115,292089590,2115,163,-236,44,75,2526,-59,3,2525
10238742,11787,506830801,55983091,-2203,-4167,-170,5252,292089550,2115,292089600,2115,163,-236,42,105,2529,-61,33,2529
10249029,11787,506830791,55983062,-2202,-4167,-170,5252,292089550,2115,292089610,2115,162,-236,45,67,2519,-57,-5,2517
10258894,11787,506830781,55983031,-2202,-4167,-171,5252,292089600,2115,292089620,2115,162,-236,58,66,2555,-45,-6,2554
10268743,11787,506830771,55983002,-2202,-4166,-171,5252,292089600,2115,292089630,2115,162,-235,54,64,2543,-48,-8,2542
10278762,11788,506830762,55982973,-2202,-4166,-171,5252,292089600,2115,292089640,2115,162,-235,59,86,2532,-43,14,2532
10288796,11788,506830752,55982944,-2202,-4165,-171,5252,292089600,2115,292089650,2115,162,-235,42,114,2505,-59,43,2505
10300126,11788,506830742,55982914,-2201,-4165,-171,5252,292089600,2115,292089660,2115,162,-235,48,67,2505,-53,-4,2504
10308962,11788,506830732,55982884,-2201,-4165,-171,5252,292089650,2115,292089670,2115,162,-234,66,58,2499,-35,-13,2499
10318812,11788,506830722,55982855,-2201,-4164,-171,5252,292089650,2115,292089680,2115,162,-234,61,71,2502,-40,0,2501
10328737,11788,506830712,55982825,-2201,-4164,-171,5252,292089650,2115,292089690,2115,162,-234,46,94,2494,-54,23,2494
10339173,11788,506830702,55982796,-2201,-4164,-171,5252,292089650,2115,292089700,2115,162,-233,59,93,2449,-40,24,2449
10349057,11789,506830692,55982767,-2201,-4163,-171,5252,292089650,2115,292089710,2115,162,-233,47,55,2503,-53,-16,2501
10358891,11789,506830682,55982736,-2201,-4163,-171,5252,292089700,2115,292089720,2115,162,-233,55,100,2470,-44,29,2470
10368823,11789,506830673,55982707,-2201,-4162,-170,5253,292089700,2115,292089730,2115,162,-232,56,95,2458,-42,25,2458
10378780,11789,506830663,55982678,-2201,-4162,-170,5253,292089700,2115,292089740,2115,162,-232,54,104,2492,-46,33,2492
10388783,11789,506830653,55982649,-2201,-4162,-170,5253,292089700,2115,292089750,2115,162,-232,51,56,2480,-48,-14,2479
10400206,11789,506830643,55982620,-2201,-4161,-170,5253,292089700,2115,292089760,2115,161,-231,53,67,2490,-46,-3,2489
10408886,11789,506830633,55982589,-2201,-4161,-170,5253,292089750,2115,292089770,2115,161,-231,52,69,2475,-46,-1,2474
10418844,11789,506830623,55982560,-2200,-4161,-169,5253,292089750,2115,292089780,2115,161,-230,57,56,2463,-40,-14,2462
10428930,11790,506830613,55982531,-2200,-4160,-169,5253,292089750,2115,292089790,2115,161,-230,59,96,2462,-38,26,2462
10438752,11790,506830603,55982502,-2200,-4160,-169,5253,292089750,2115,292089800,2115,160,-230,42,70,2478,-55,0,2477
10448987,11790,506830593,55982472,-2200,-4160,-169,5253,292089750,2115,292089810,2115,160,-229,54,68,2451,-42,-1,2450
10458989,11790,506830584,55982442,-2200,-4160,-168,5253,292089800,2115,292089820,2115,160,-229,55,96,2483,-43,27,2483
10468825,11790,506830574,55982413,-2200,-4159,-168,5253,292089800,2115,292089830,2115,159,-229,46,91,2466,-51,22,2465
10478782,11790,506830564,55982383,-2200,-4159,-168,5253,292089800,2115,292089840,2115,159,-229,62,70,2449,-34,2,2449
10489053,11790,506830554,55982354,-2200,-4159,-167,5253,292089800,2115,292089850,2115,159,-228,59,64,2483,-39,-5,2482
10499042,11790,506830544,55982325,-2200,-4158,-167,5253,292089800,2115,292089860,2115,159,-228,63,103,2460,-34,35,2460
10508914,11790,506830534,55982295,-2199,-4158,-167,5253,292089850,2115,292089870,2115,159,-228,51,60,2441,-45,-8,2440
10519013,11790,506830524,55982266,-2199,-4158,-167,5253,292089850,2115,292089880,2115,159,-229,60,73,2487,-37,4,2486
10528737,11790,506830514,55982236,-2199,-4157,-166,5253,292089850,2115,292089890,2115,159,-229,48,103,2447,-48,35,2447
10538760,11790,506830504,55982207,-2199,-4157,-166,5253,292089850,2115,292089900,2115,158,-229,55,50,2452,-42,-18,2451
10549783,11790,506830495,55982178,-2199,-4157,-166,5253,292089850,2115,292089910,2115,158,-230,49,81,2487,-49,12,2486
10558900,11790,506830485,55982148,-2199,-4156,-166,5253,292089900,2115,292089920,2115,158,-230,48,46,2503,-51,-23,2501
10568846,11790,506830475,55982119,-2199,-4156,-166,5253,292089900,2115,292089930,2115,158,-231,69,88,2506,-31,19,2506
10578798,11790,506830465,55982089,-2199,-4156,-166,5253,292089900,2115,292089940,2115,157,-231,63,87,2515,-37,18,2515
10588740,11790,506830455,55982060,-2199,-4155,-166,5253,292089900,2115,292089950,2115,157,-232,44,70,2489,-55,1,2488
10600167,11790,506830445,55982031,-2198,-4155,-165,5253,292089900,2115,292089960,2115,157,-233,49,62,2475,-50,-7,2474
10609217,11790,506830435,55982001,-2198,-4154,-166,5253,292089950,2115,292089970,2115,157,-233,34,73,2496,-66,4,2495
10618823,11790,506830425,55981972,-2198,-4154,-166,5253,292089950,2115,292089980,2115,156,-234,49,88,2506,-51,20,2505
10629580,11790,506830415,55981943,-2198,-4154,-166,5253,292089950,2115,292089990,2115,156,-235,88,46,2539,-14,-23,2539
10639449,11790,506830405,55981913,-2198,-4153,-166,5253,292089950,2115,292090000,2115,155,-235,49,115,2520,-53,47,2520
10648988,11790,506830396,55981884,-2198,-4153,-166,5253,292089950,2115,292090010,2115,155,-236,40,89,2485,-61,21,2485
10658907,11789,506830386,55981854,-2198,-4152,-166,5253,292090000,2115,292090020,2115,155,-236,45,70,2528,-58,1,2527
10668797,11789,506830376,55981825,-2198,-4152,-167,5253,292090000,2115,292090030,2115,154,-237,48,62,2560,-57,-7,2559
10678731,11789,506830366,55981796,-2197,-4152,-167,5253,292090000,2115,292090040,2115,154,-238,58,76,2547,-46,8,2547
10688735,11789,506830356,55981767,-2197,-4151,-167,5253,292090000,2115,292090050,2115,153,-238,55,92,2524,-48,24,2524
10699727,11789,506830346,55981738,-2197,-4151,-167,5253,292090000,2115,292090060,2115,153,-238,50,70,2524,-53,2,2523
10709236,11789,506830336,55981707,-2197,-4151,-167,5253,292090050,2115,292090070,2115,152,-239,43,49,2506,-60,-17,2505
10718824,11789,506830326,55981678,-2197,-4150,-168,5253,292090050,2115,292090080,2115,151,-239,51,75,2536,-53,8,2535
10728769,11789,506830316,55981649,-2197,-4150,-168,5253,292090050,2115,292090090,2115,151,-239,51,103,2574,-55,35,2574
10738770,11789,506830306,55981620,-2197,-4150,-169,5253,292090050,2115,292090100,2115,150,-240,67,39,2568,-39,-28,2566
10750178,11788,506830297,55981591,-2196,-4149,-169,5253,292090050,2115,292090110,2115,150,-240,59,70,2564,-47,2,2563
10758985,11788,506830287,55981561,-2196,-4149,-169,5253,292090100,2115,292090120,2115,149,-240,52,59,2532,-52,-7,2531
10768816,11788,506830277,55981531,-2196,-4149,-169,5253,292090100,2115,292090130,2115,148,-240,57,63,2510,-46,-2,2510
10778763,11788,506830267,55981502,-2196,-4148,-170,5253,292090100,2115,292090140,2115,148,-240,45,59,2544,-60,-7,2542
10789115,11788,506830257,55981473,-2195,-4148,-170,5253,292090100,2115,292090150,2115,147,-241,47,63,2547,-58,-2,2546
10798983,11788,506830247,55981444,-2195,-4148,-170,5253,292090100,2115,292090160,2115,146,-241,52,62,2519,-52,-3,2518
10808903,11788,506830237,55981414,-2195,-4147,-171,5253,292090150,2115,292090170,2115,146,-241,65,57,2578,-42,-9,2577
10819233,11788,506830227,55981385,-2195,-4147,-171,5253,292090150,2115,292090180,2115,145,-241,53,74,2565,-53,9,2565
10828745,11788,506830218,55981356,-2195,-4147,-171,5253,292090150,2115,292090190,2115,144,-241,60,70,2519,-44,7,2518
10838748,11788,506830208,55981327,-2194,-4146,-172,5253,292090150,2115,292090200,2115,144,-241,49,63,2549,-57,-1,2548
10849656,11788,506830198,55981298,-2194,-4146,-172,5253,292090150,2115,292090210,2115,143,-241,50,33,2501,-53,-30,2500
10858903,11787,506830188,55981267,-2194,-4146,-172,5253,292090200,2115,292090220,2115,143,-240,45,65,2518,-59,2,2516
10869236,11787,506830178,55981238,-2194,-4145,-173,5253,292090200,2115,292090230,2115,142,-240,45,80,2568,-61,16,2567
10879503,11787,506830168,55981209,-2194,-4145,-173,5253,292090200,2115,292090240,2115,142,-240,66,48,2557,-39,-15,2556
10888735,11787,506830158,55981180,-2193,-4145,-173,5253,292090200,2115,292090250,2115,142,-240,65,35,2513,-39,-27,2512
10899029,11787,506830148,55981151,-2193,-4144,-173,5253,292090200,2115,292090260,2115,141,-239,48,61,2553,-57,-2,2552
10909836,11787,506830139,55981121,-2193,-4144,-173,5253,292090250,2115,292090270,2115,141,-239,59,50,2483,-43,-12,2482
10918813,11787,506830129,55981091,-2193,-4144,-173,5253,292090250,2115,292090280,2115,141,-239,56,51,2496,-46,-11,2495
10928756,11787,506830119,55981062,-2192,-4143,-173,5253,292090250,2115,292090290,2115,141,-238,49,58,2517,-54,-4,2516
10938762,11787,506830109,55981033,-2192,-4143,-173,5253,292090250,2115,292090300,2115,141,-238,60,21,2515,-42,-42,2513
10949358,11787,506830099,55981004,-2192,-4143,-174,5253,292090250,2115,292090310,2115,141,-237,67,19,2526,-36,-44,2524
10958880,11786,506830089,55980974,-2191,-4143,-174,5253,292090300,2115,292090320,2115,141,-237,56,73,2504,-46,12,2503
10968819,11786,506830079,55980945,-2191,-4142,-173,5253,292090300,2115,292090330,2115,141,-237,48,46,2444,-51,-14,2443
10978752,11786,506830069,55980916,-2191,-4142,-173,5253,292090300,2115,292090340,2115,141,-236,55,43,2483,-46,-19,2482
10988784,11786,506830060,55980887,-2191,-4142,-173,5253,292090300,2115,292090350,2115,142,-236,57,37,2514,-45,-25,2512
10998996,11786,506830050,55980858,-2190,-4142,-173,5253,292090300,2115,292090360,2115,142,-236,76,23,2475,-24,-38,2475
11008895,11786,506830040,55980828,-2190,-4142,-173,5253,292090350,2115,292090370,2115,142,-236,64,73,2499,-37,10,2499
11018805,11786,506830030,55980799,-2190,-4141,-173,5253,292090350,2115,292090380,2115,142,-235,52,26,2464,-47,-35,2462
11029472,11786,506830020,55980770,-2189,-4141,-172,5253,292090350,2115,292090390,2115,142,-235,50,36,2436,-48,-24,2435
11038721,11786,506830010,55980740,-2189,-4141,-172,5253,292090350,2115,292090400,2115,143,-235,54,38,2501,-47,-24,2499
11049060,11786,506830001,55980711,-2189,-4141,-172,5253,292090350,2115,292090410,2115,143,-235,65,42,2456,-34,-20,2455
11058907,11786,506829991,55980681,-2189,-4141,-171,5253,292090400,2115,292090420,2115,143,-235,73,47,2473,-27,-15,2472
11068832,11786,506829981,55980652,-2188,-4140,-171,5253,292090400,2115,292090430,2115,143,-235,60,55,2478,-40,-7,2477
11078741,11786,506829971,55980623,-2188,-4140,-171,5253,292090400,2115,292090440,2115,144,-235,57,35,2449,-42,-26,2447
11088767,11786,506829961,55980594,-2188,-4140,-170,5253,292090400,2115,292090450,2115,144,-235,42,32,2421,-55,-29,2418
11099008,11786,506829951,55980565,-2188,-4139,-170,5253,292090400,2115,292090460,2115,144,-235,46,93,2498,-56,29,2497
11109600,11786,506829941,55980535,-2187,-4139,-170,5253,292090450,2115,292090470,2115,145,-235,81,21,2503,-20,-43,2502
11118903,11786,506829932,55980506,-2187,-4139,-170,5253,292090450,2115,292090480,2115,145,-236,72,36,2471,-27,-26,2470
11128742,11786,506829922,55980477,-2187,-4139,-170,5253,292090450,2115,292090490,2115,145,-236,51,68,2454,-48,5,2453
11138743,11786,506829912,55980448,-2186,-4139,-169,5253,292090450,2115,292090500,2115,145,-236,40,46,2420,-58,-16,2418
11149455,11786,506829902,55980419,-2187,-4138,-169,5253,292090450,2115,292090510,2115,146,-236,40,97,2462,-60,35,2461
11158889,11786,506829892,55980388,-2187,-4138,-169,5253,292090500,2115,292090520,2115,146,-236,68,92,2487,-32,28,2487
11168837,11786,506829882,55980359,-2186,-4138,-168,5253,292090500,2115,292090530,2115,146,-236,68,31,2479,-32,-33,2477
11179169,11786,506829873,55980330,-2186,-4137,-168,5253,292090500,2115,292090540,2115,146,-236,59,76,2466,-41,12,2466
11189657,11786,506829863,55980301,-2186,-4137,-168,5253,292090500,2115,292090550,2115,146,-236,52,83,2495,-49,19,2495
11198983,11786,506829853,55980272,-2186,-4137,-168,5253,292090500,2115,292090560,2115,147,-236,43,30,2476,-57,-33,2474
11208878,11786,506829843,55980242,-2186,-4136,-168,5253,292090550,2115,292090570,2115,147,-236,58,86,2491,-43,21,2491
11218830,11786,506829833,55980213,-2186,-4136,-168,5253,292090550,2115,292090580,2115,147,-236,58,83,2519,-45,18,2519
11228752,11786,506829823,55980184,-2186,-4136,-168,5253,292090550,2115,292090590,2115,148,-237,52,56,2480,-49,-8,2479
11238742,11786,506829814,55980155,-2185,-4135,-168,5253,292090550,2115,292090600,2115,148,-237,41,64,2492,-60,-1,2490
11249024,11786,506829804,55980126,-2185,-4135,-168,5253,292090550,2115,292090610,2115,149,-237,51,74,2495,-50,9,2494
11258938,11786,506829794,55980096,-2185,-4134,-167,5253,292090600,2115,292090620,2115,149,-237,36,60,2475,-65,-4,2473
11268822,11786,506829784,55980067,-2185,-4134,-168,5253,292090600,2115,292090630,2115,149,-237,58,60,2535,-45,-6,2534
11278755,11786,506829774,55980038,-2185,-4134,-168,5253,292090600,2115,292090640,2115,150,-237,58,72,2529,-45,5,2528
11288739,11786,506829764,55980009,-2185,-4133,-168,5253,292090600,2115,292090650,2115,150,-238,77,65,2476,-24,-1,2476
11299546,11786,506829755,55979980,-2184,-4133,-168,5253,292090600,2115,292090660,2115,151,-238,47,41,2515,-56,-25,2513
11308901,11786,506829745,55979949,-2184,-4133,-168,5253,292090650,2115,292090670,2115,151,-239,50,84,2503,-53,18,2502
11318803,11786,506829735,55979920,-2184,-4133,-168,5253,292090650,2115,292090680,2115,152,-239,47,53,2486,-55,-13,2484
11328888,11786,506829725,55979891,-2184,-4132,-168,5253,292090650,2115,292090690,2115,152,-239,55,86,2536,-50,19,2536
11338746,11787,506829715,55979862,-2183,-4132,-168,5253,292090650,2115,292090700,2115,152,-240,61,36,2530,-43,-31,2528
11349013,11787,506829706,55979833,-2183,-4132,-168,5253,292090650,2115,292090710,2115,152,-240,62,85,2521,-42,18,2521
11358881,11787,506829696,55979803,-2183,-4131,-169,5253,292090700,2115,292090720,2115,153,-241,49,72,2555,-57,4,2554
11368805,11787,506829686,55979774,-2183,-4131,-169,5253,292090700,2115,292090730,2115,153,-242,57,55,2551,-49,-14,2550
11378768,11787,506829676,55979745,-2182,-4131,-169,5253,292090700,2115,292090740,2115,154,-242,56,50,2533,-49,-18,2532
11388761,11787,506829666,55979716,-2182,-4130,-170,5253,292090700,2115,292090750,2115,154,-243,47,100,2563,-60,31,2562
11399011,11787,506829657,55979687,-2182,-4130,-170,5254,292090700,2115,292090760,2115,154,-243,50,66,2528,-56,-3,2527
11408885,11787,506829647,55979657,-2182,-4129,-170,5254,292090750,2115,292090770,2115,155,-244,43,76,2548,-63,7,2547
11418797,11788,506829637,55979628,-2182,-4128,-171,5254,292090750,2115,292090780,2115,155,-244,14,86,2550,-93,17,2547
11429289,11788,506829627,55979599,-2182,-4128,-171,5254,292090750,2115,292090790,2115,155,-244,59,102,2570,-49,32,2570
11438733,11788,506829617,55979570,-2182,-4128,-172,5254,292090750,2115,292090800,2115,155,-245,64,42,2555,-43,-27,2554
11449414,11788,506829608,55979541,-2182,-4127,-172,5254,292090750,2115,292090810,2115,155,-245,43,110,2570,-66,40,2570
11458896,11788,506829598,55979511,-2182,-4127,-173,5254,292090800,2115,292090820,2115,155,-245,38,90,2534,-69,21,2533
11468814,11789,506829588,55979482,-2181,-4126,-173,5254,292090800,2115,292090830,2115,155,-245,48,76,2556,-60,6,2555
11478739,11789,506829578,55979453,-2181,-4126,-174,5254,292090800,2115,292090840,2115,155,-245,29,66,2577,-80,-4,2574
11488749,11789,506829568,55979424,-2181,-4125,-174,5254,292090800,2115,292090850,2115,155,-245,41,94,2576,-68,24,2575
11498986,11789,506829558,55979395,-2181,-4125,-175,5254,292090800,2115,292090860,2115,155,-245,36,81,2564,-73,12,2563
11509244,11789,506829549,55979365,-2181,-4124,-175,5254,292090850,2115,292090870,2115,155,-246,53,117,2551,-55,48,2552
11518813,11789,506829539,55979336,-2181,-4123,-175,5254,292090850,2115,292090880,2115,155,-246,30,60,2511,-76,-8,2509
11529169,11789,506829529,55979307,-2181,-4123,-175,5254,292090850,2115,292090890,2115,155,-246,35,95,2536,-73,26,2535
11538777,11790,506829519,55979278,-2180,-4122,-176,5254,292090850,2115,292090900,2115,155,-246,31,76,2520,-75,7,2518
11549015,11790,506829509,55979249,-2180,-4122,-176,5254,292090850,2115,292090910,2115,155,-246,42,87,2562,-67,17,2561
11558902,11790,506829500,55979219,-2180,-4121,-176,5254,292090900,2115,292090920,2115,154,-246,36,63,2546,-72,-6,2544
11569402,11790,506829490,55979190,-2180,-4121,-177,5254,292090900,2115,292090930,2115,153,-246,33,91,2551,-75,22,2549
11578765,11790,506829480,55979161,-2180,-4120,-177,5254,292090900,2115,292090940,2115,153,-246,30,94,2521,-76,26,2520
11589619,11790,506829470,55979132,-2180,-4119,-177,5254,292090900,2115,292090950,2115,152,-245,13,115,2518,-93,48,2517
11600017,11790,506829461,55979103,-2179,-4119,-177,5254,292090900,2115,292090960,2115,152,-245,24,78,2527,-83,11,2526
11608877,11790,506829451,55979073,-2179,-4118,-177,5254,292090950,2115,292090970,2115,151,-245,11,88,2535,-96,20,2533
11618836,11790,506829441,55979044,-2179,-4117,-178,5254,292090950,2115,292090980,2115,150,-245,31,90,2592,-78,22,2591
11628735,11790,506829431,55979015,-2179,-4117,-178,5254,292090950,2115,292090990,2115,149,-245,27,62,2539,-80,-5,2537
11638749,11790,506829422,55978986,-2179,-4116,-178,5254,292090950,2115,292091000,2115,148,-245,20,88,2508,-86,23,2506
11648990,11790,506829412,55978958,-2178,-4115,-178,5254,292090950,2115,292091010,2115,147,-245,4,107,2486,-100,42,2484
11658915,11790,506829402,55978927,-2178,-4115,-178,5254,292091000,2115,292091020,2115,147,-244,24,67,2505,-82,3,2503
11669493,11791,506829392,55978898,-2178,-4114,-178,5254,292091000,2115,292091030,2115,146,-244,22,64,2494,-82,0,2491
11678760,11791,506829383,55978869,-2178,-4113,-178,5254,292091000,2115,292091040,2115,145,-243,18,91,2511,-87,27,2509
11688732,11791,506829373,55978841,-2177,-4113,-178,5254,292091000,2115,292091050,2115,144,-243,9,72,2487,-95,9,2485
11699556,11791,506829363,55978812,-2177,-4112,-178,5254,292091000,2115,292091060,2115,143,-243,8,92,2499,-97,29,2497
11708913,11791,506829353,55978781,-2177,-4111,-178,5254,292091050,2115,292091070,2115,142,-242,16,79,2508,-88,16,2506
11718810,11791,506829344,55978753,-2177,-4111,-178,5254,292091050,2115,292091080,2115,141,-241,-2,72,2500,-105,10,2497
11728760,11791,506829334,55978724,-2177,-4110,-178,5254,292091050,2115,292091090,2115,141,-241,24,85,2510,-80,22,2508
11738760,11791,506829324,55978695,-2176,-4109,-178,5254,292091050,2115,292091100,2115,141,-241,-9,83,2527,-113,20,2524
11749650,11791,506829314,55978666,-2176,-4109,-178,5254,292091050,2115,292091110,2115,140,-240,26,36,2514,-78,-26,2511
11758891,11791,506829305,55978636,-2175,-4108,-178,5254,292091100,2115,292091120,2115,140,-240,25,32,2490,-78,-29,2487
11768799,11791,506829295,55978607,-2176,-4107,-178,5254,292091100,2115,292091130,2115,138,-240,23,107,2475,-80,47,2474
11778760,11791,506829285,55978578,-2175,-4107,-177,5254,292091100,2115,292091140,2115,137,-240,6,75,2394,-92,17,2391
11788761,11791,506829275,55978549,-2175,-4106,-177,5254,292091100,2115,292091150,2115,136,-239,12,89,2447,-88,31,2445
11798991,11791,506829266,55978521,-2175,-4105,-177,5254,292091100,2115,292091160,2115,136,-239,12,46,2483,-89,-13,2479
11808915,11791,506829256,55978491,-2175,-4105,-177,5254,292091150,2115,292091170,2115,135,-240,21,60,2496,-82,1,2494
11818858,11791,506829246,55978462,-2174,-4105,-177,5254,292091150,2115,292091180,2115,133,-240,42,22,2520,-62,-37,2517
11828756,11791,506829236,55978433,-2174,-4104,-177,5254,292091150,2115,292091190,2115,132,-241,43,78,2489,-59,20,2488
11838730,11791,506829227,55978404,-2174,-4103,-177,5254,292091150,2115,292091200,2115,131,-241,38,74,2474,-65,17,2473
11850123,11791,506829217,55978375,-2174,-4103,-176,5254,292091150,2115,292091210,2115,130,-242,-1,92,2457,-103,35,2455
11858913,11791,506829207,55978345,-2174,-4102,-176,5254,292091200,2115,292091220,2115,129,-243,-8,78,2518,-113,21,2515
11868856,11791,506829197,55978316,-2173,-4101,-176,5254,292091200,2115,292091230,2115,128,-244,12,37,2519,-93,-20,2515
11878751,11791,506829188,55978288,-2173,-4100,-177,5254,292091200,2115,292091240,2115,128,-245,23,101,2556,-84,43,2555
11888776,11791,506829178,55978259,-2173,-4100,-177,5254,292091200,2115,292091250,2115,127,-245,46,25,2497,-59,-30,2495
11898984,11791,506829168,55978230,-2172,-4100,-177,5254,292091200,2115,292091260,2115,125,-246,27,38,2470,-78,-16,2467
11909136,11791,506829158,55978200,-2172,-4099,-177,5254,292091250,2115,292091270,2115,124,-247,37,105,2564,-72,50,2563
11918806,11791,506829149,55978171,-2172,-4098,-177,5254,292091250,2115,292091280,2115,121,-249,-19,111,2549,-128,57,2546
11928751,11791,506829139,55978143,-2172,-4097,-179,5254,292091250,2115,292091290,2115,119,-250,8,45,2653,-106,-11,2649
11938745,11790,506829129,55978114,-2171,-4097,-180,5254,292091250,2115,292091300,2115,117,-252,35,52,2701,-82,-4,2699
11950008,11790,506829119,55978085,-2171,-4096,-181,5254,292091250,2115,292091310,2115,115,-254,43,92,2654,-73,39,2653
11958921,11790,506829110,55978055,-2171,-4095,-181,5254,292091300,2115,292091320,2115,113,-256,55,68,2516,-56,18,2515
11968798,11790,506829100,55978026,-2171,-4094,-180,5254,292091300,2115,292091330,2115,111,-257,-1,94,2344,-104,48,2342
11978760,11790,506829090,55977998,-2171,-4093,-179,5254,292091300,2115,292091340,2115,110,-258,-54,112,2404,-161,65,2399
11988753,11789,506829080,55977969,-2171,-4092,-180,5254,292091300,2115,292091350,2115,110,-259,-11,65,2602,-127,15,2598
12000431,11789,506829071,55977940,-2170,-4092,-183,5254,292091300,2115,292091360,2115,110,-260,77,-9,2843,-50,-63,2841
12008897,11788,506829061,55977910,-2171,-4092,-184,5254,292091350,2115,292091370,2115,110,-261,120,94,2608,3,44,2610
12018829,11788,506829051,55977882,-2170,-4092,-185,5254,292091350,2115,292091380,2115,109,-263,125,-71,2659,5,-122,2658
12028759,11788,506829041,55977853,-2169,-4091,-186,5254,292091350,2115,292091390,2115,109,-265,-36,18,2615,-155,-32,2608
12038746,11788,506829032,55977824,-2168,-4090,-186,5254,292091350,2115,292091400,2115,109,-266,-83,61,2528,-199,12,2520
12049011,11787,506829022,55977796,-2168,-4088,-187,5254,292091350,2115,292091410,2115,109,-267,-91,49,2650,-213,-2,2641
12058893,11787,506829012,55977766,-2166,-4087,-189,5254,292091400,2115,292091420,2115,108,-267,-103,8,2724,-227,-45,2714
12068855,11787,506829002,55977737,-2166,-4087,-191,5254,292091400,2115,292091430,2115,108,-267,76,23,2793,-52,-30,2792
12078761,11787,506828993,55977708,-2166,-4087,-193,5254,292091400,2115,292091440,2115,108,-267,136,0,2752,9,-52,2753
12088727,11787,506828983,55977680,-2165,-4088,-193,5254,292091400,2115,292091450,2115,108,-267,159,-25,2489,45,-72,2491
12099206,11786,506828973,55977651,-2165,-4087,-192,5254,292091400,2115,292091460,2115,109,-267,29,80,2366,-80,34,2364
12108899,11786,506828964,55977621,-2164,-4087,-191,5254,292091450,2115,292091470,2115,109,-267,-2,-27,2409,-112,-74,2404
12118809,11786,506828954,55977592,-2163,-4086,-192,5254,292091450,2115,292091480,2115,110,-268,-10,-57,2628,-130,-108,2621
12128729,11786,506828944,55977564,-2162,-4085,-193,5254,292091450,2115,292091490,2115,111,-268,-32,42,2643,-153,-10,2637
12138779,11786,506828934,55977535,-2161,-4084,-194,5254,292091450,2115,292091500,2115,112,-267,-48,16,2681,-170,-36,2673
12150294,11787,506828925,55977506,-2161,-4083,-195,5254,292091450,2115,292091510,2115,112,-267,-3,-16,2623,-123,-68,2617
12158907,11787,506828915,55977476,-2160,-4083,-196,5254,292091500,2115,292091520,2115,113,-266,62,18,2533,-54,-32,2531
12168847,11787,506828905,55977448,-2160,-4083,-196,5254,292091500,2115,292091530,2115,115,-265,92,56,2505,-22,6,2505
12179367,11787,506828896,55977419,-2160,-4083,-195,5254,292091500,2115,292091540,2115,116,-265,93,-11,2469,-20,-61,2468
12188742,11787,506828886,55977391,-2159,-4083,-195,5254,292091500,2115,292091550,2115,117,-265,27,13,2511,-87,-39,2507
12198970,11787,506828876,55977362,-2159,-4082,-196,5254,292091500,2115,292091560,2115,118,-264,55,0,2550,-60,-52,2548
12209455,11787,506828867,55977332,-2158,-4082,-196,5254,292091550,2115,292091570,2115,119,-263,13,22,2513,-101,-31,2509
12218825,11787,506828857,55977303,-2157,-4081,-196,5254,292091550,2115,292091580,2115,120,-262,1,23,2478,-110,-29,2474
12228746,11787,506828847,55977275,-2157,-4080,-195,5254,292091550,2115,292091590,2115,120,-261,-18,79,2469,-129,26,2465
12238918,11788,506828837,55977246,-2157,-4079,-195,5254,292091550,2115,292091600,2115,121,-261,-9,70,2490,-121,17,2486
12249068,11788,506828828,55977217,-2156,-4079,-195,5254,292091550,2115,292091610,2115,122,-260,42,-23,2472,-68,-75,2468
12258921,11788,506828818,55977188,-2156,-4079,-195,5254,292091600,2115,292091620,2115,123,-260,47,35,2504,-65,-19,2502
12268858,11788,506828808,55977159,-2155,-4078,-194,5254,292091600,2115,292091630,2115,123,-259,69,62,2440,-40,10,2439
12278724,11788,506828799,55977130,-2155,-4078,-193,5254,292091600,2115,292091640,2115,124,-258,64,46,2346,-40,-5,2345
12288738,11789,506828789,55977102,-2155,-4078,-192,5254,292091600,2115,292091650,2115,124,-257,39,46,2397,-67,-6,2395
12299736,11789,506828779,55977073,-2155,-4077,-192,5254,292091600,2115,292091660,2115,125,-257,29,27,2405,-77,-25,2402
12308913,11789,506828770,55977043,-2154,-4077,-191,5254,292091650,2115,292091670,2115,125,-257,18,71,2450,-90,17,2448
12318884,11789,506828760,55977015,-2154,-4076,-191,5254,292091650,2115,292091680,2115,125,-256,14,72,2492,-95,17,2490
12329281,11789,506828750,55976986,-2154,-4075,-191,5254,292091650,2115,292091690,2115,125,-256,8,71,2485,-102,16,2482
12338773,11789,506828741,55976957,-2154,-4075,-190,5254,292091650,2115,292091700,2115,125,-256,36,91,2413,-70,38,2412
12349001,11790,506828731,55976929,-2154,-4074,-190,5254,292091650,2115,292091710,2115,124,-255,30,73,2428,-76,20,2426
12359526,11790,506828721,55976899,-2153,-4073,-189,5254,292091700,2115,292091720,2115,124,-255,22,14,2375,-81,-38,2372
12368804,11790,506828712,55976870,-2153,-4073,-188,5254,292091700,2115,292091730,2115,123,-255,26,129,2442,-81,77,2441
12378783,11790,506828702,55976842,-2154,-4072,-188,5254,292091700,2115,292091740,2115,122,-255,68,102,2491,-41,49,2491
12389095,11790,506828692,55976813,-2154,-4072,-188,5254,292091700,2115,292091750,2115,121,-255,61,61,2435,-46,9,2434
12399261,11790,506828683,55976785,-2154,-4071,-187,5254,292091700,2115,292091760,2115,120,-255,52,77,2418,-54,26,2417
12408886,11790,506828673,55976755,-2154,-4071,-186,5254,292091750,2115,292091770,2115,119,-255,23,118,2417,-83,67,2416
12419453,11790,506828663,55976726,-2154,-4070,-185,5255,292091750,2115,292091780,2115,117,-256,32,97,2400,-74,48,2399
12428746,11790,506828654,55976698,-2154,-4069,-185,5255,292091750,2115,292091790,2115,116,-257,37,66,2447,-71,16,2446
12438750,11790,506828644,55976669,-2154,-4069,-185,5255,292091750,2115,292091800,2115,114,-257,27,103,2486,-83,53,2484
12449100,11790,506828634,55976641,-2154,-4068,-185,5255,292091750,2115,292091810,2115,112,-258,66,73,2493,-45,24,2493
12458909,11790,506828625,55976611,-2154,-4068,-185,5255,292091800,2115,292091820,2115,111,-259,60,104,2510,-52,55,2510
12468844,11790,506828615,55976582,-2154,-4067,-185,5255,292091800,2115,292091830,2115,109,-260,82,100,2497,-30,52,2498
12478748,11790,506828605,55976554,-2154,-4067,-185,5255,292091800,2115,292091840,2115,107,-261,84,48,2457,-26,2,2457
12488731,11790,506828596,55976525,-2154,-4067,-184,5255,292091800,2115,292091850,2115,105,-262,82,106,2468,-29,60,2469
12499023,11790,506828586,55976497,-2154,-4066,-184,5255,292091800,2115,292091860,2115,103,-264,82,93,2503,-31,48,2503
12508897,11790,506828576,55976467,-2155,-4066,-185,5255,292091850,2115,292091870,2115,101,-265,75,90,2515,-40,46,2515
12518825,11790,506828567,55976438,-2155,-4065,-185,5255,292091850,2115,292091880,2115,100,-266,49,70,2539,-67,26,2538
12528736,11789,506828557,55976410,-2155,-4065,-185,5255,292091850,2115,292091890,2115,98,-268,41,55,2540,-76,11,2538
12538950,11789,506828547,55976381,-2154,-4064,-185,5255,292091850,2115,292091900,2115,96,-269,54,43,2510,-62,1,2508
12549012,11789,506828538,55976353,-2155,-4064,-186,5255,292091850,2115,292091910,2115,95,-270,87,99,2554,-32,57,2555
12558908,11789,506828528,55976323,-2154,-4064,-186,5255,292091900,2115,292091920,2115,93,-271,97,30,2551,-22,-11,2551
12568865,11789,506828518,55976295,-2154,-4063,-186,5255,292091900,2115,292091930,2115,92,-272,72,25,2548,-48,-16,2547
12578743,11788,506828509,55976266,-2154,-4063,-187,5255,292091900,2115,292091940,2115,91,-273,60,52,2558,-61,11,2556
12588741,11788,506828499,55976238,-2154,-4062,-187,5255,292091900,2115,292091950,2115,90,-274,38,68,2552,-83,28,2550
12599693,11788,506828489,55976209,-2154,-4062,-188,5255,292091900,2115,292091960,2115,89,-275,69,25,2574,-53,-15,2572
12608880,11788,506828480,55976179,-2153,-4062,-188,5255,292091950,2115,292091970,2115,88,-275,82,16,2580,-40,-24,2579
12618839,11788,506828470,55976151,-2153,-4061,-189,5255,292091950,2115,292091980,2115,87,-276,65,56,2557,-57,17,2556
12629132,11787,506828460,55976122,-2153,-4061,-189,5255,292091950,2115,292091990,2115,86,-276,60,7,2522,-60,-31,2520
12638750,11787,506828451,55976094,-2152,-4060,-189,5255,292091950,2115,292092000,2115,86,-276,52,35,2558,-69,-3,2556
12649942,11787,506828441,55976065,-2152,-4060,-190,5255,292091950,2115,292092010,2115,85,-276,71,-3,2561,-50,-41,2559
12659070,11787,506828431,55976036,-2151,-4060,-190,5255,292092000,2115,292092020,2115,85,-275,80,-12,2545,-40,-50,2544
12668806,11787,506828422,55976007,-2151,-4060,-190,5255,292092000,2115,292092030,2115,84,-275,83,39,2534,-37,2,2534
12678725,11787,506828412,55975979,-2151,-4060,-190,5255,292092000,2115,292092040,2115,84,-274,65,-2,2518,-54,-39,2516
12689017,11787,506828402,55975950,-2151,-4059,-190,5255,292092000,2115,292092050,2115,84,-273,55,31,2512,-63,-6,2510
12698990,11787,506828393,55975922,-2150,-4059,-191,5255,292092000,2115,292092060,2115,84,-272,57,21,2525,-61,-16,2523
12708905,11787,506828383,55975892,-2149,-4059,-191,5255,292092050,2115,292092070,2115,84,-271,57,-31,2507,-59,-68,2505
12719307,11787,506828373,55975864,-2149,-4059,-191,5255,292092050,2115,292092080,2115,84,-270,81,-14,2495,-35,-50,2494
12728736,11787,506828364,55975835,-2149,-4058,-191,5255,292092050,2115,292092090,2115,84,-269,78,43,2491,-37,7,2490
12738735,11787,506828354,55975807,-2149,-4058,-191,5255,292092050,2115,292092100,2115,85,-268,92,4,2497,-22,-33,2496
12750358,11787,506828344,55975778,-2148,-4058,-190,5255,292092050,2115,292092110,2115,85,-266,94,-2,2421,-17,-37,2420
12758909,11787,506828335,55975748,-2148,-4058,-189,5255,292092100,2115,292092120,2115,85,-265,47,25,2413,-62,-11,2411
12768813,11787,506828325,55975720,-2148,-4058,-189,5255,292092100,2115,292092130,2115,85,-264,62,27,2426,-48,-9,2425
12779295,11787,506828315,55975692,-2148,-4057,-188,5255,292092100,2115,292092140,2115,86,-263,67,25,2459,-44,-12,2458
12788732,11787,506828306,55975663,-2147,-4057,-188,5255,292092100,2115,292092150,2115,86,-261,71,22,2442,-38,-15,2441
12800137,11787,506828296,55975635,-2147,-4057,-188,5255,292092100,2115,292092160,2115,87,-260,77,8,2459,-33,-29,2458
12809480,11787,506828286,55975605,-2147,-4057,-187,5255,292092150,2115,292092170,2115,88,-259,78,1,2430,-30,-37,2429
12818823,11787,506828277,55975576,-2147,-4057,-187,5255,292092150,2115,292092180,2115,88,-258,90,44,2451,-18,6,2451
12828760,11787,506828267,55975548,-2146,-4057,-186,5255,292092150,2115,292092190,2115,89,-257,83,30,2417,-23,-7,2416
12839261,11787,506828257,55975519,-2146,-4057,-185,5255,292092150,2115,292092200,2115,90,-256,84,7,2404,-22,-30,2403
12849026,11787,506828248,55975491,-2146,-4057,-184,5255,292092150,2115,292092210,2115,91,-255,70,21,2408,-35,-18,2407
12858915,11787,506828238,55975461,-2146,-4056,-183,5255,292092200,2115,292092220,2115,92,-254,58,45,2373,-45,6,2372
12868822,11787,506828229,55975433,-2146,-4056,-183,5255,292092200,2115,292092230,2115,92,-253,62,28,2464,-45,-12,2463
12878736,11787,506828219,55975404,-2145,-4056,-183,5255,292092200,2115,292092240,2115,93,-253,79,19,2455,-28,-21,2455
12888769,11787,506828209,55975376,-2145,-4056,-182,5255,292092200,2115,292092250,2115,94,-252,85,57,2421,-20,18,2421
12899517,11787,506828200,55975347,-2145,-4056,-181,5255,292092200,2115,292092260,2115,95,-252,88,2,2413,-16,-38,2413
12908908,11787,506828190,55975318,-2145,-4055,-181,5255,292092250,2115,292092270,2115,95,-252,62,1,2432,-43,-40,2430
12918831,11787,506828180,55975289,-2145,-4055,-180,5255,292092250,2115,292092280,2115,96,-252,74,87,2418,-30,46,2418
12929393,11787,506828171,55975261,-2145,-4055,-180,5255,292092250,2115,292092290,2115,97,-252,78,4,2435,-27,-37,2434
12938743,11787,506828161,55975232,-2144,-4055,-179,5255,292092250,2115,292092300,2115,97,-252,66,15,2450,-40,-27,2448
12949023,11787,506828151,55975204,-2144,-4055,-179,5255,292092250,2115,292092310,2115,98,-252,62,34,2427,-43,-8,2425
12958883,11787,506828142,55975174,-2144,-4054,-178,5255,292092300,2115,292092320,2115,99,-253,59,36,2464,-48,-7,2463
12968807,11787,506828132,55975146,-2143,-4054,-178,5255,292092300,2115,292092330,2115,99,-253,88,33,2476,-19,-10,2476
12978757,11787,506828123,55975117,-2143,-4054,-178,5255,292092300,2115,292092340,2115,100,-254,69,36,2443,-37,-6,2442
12988903,11787,506828113,55975089,-2143,-4054,-177,5255,292092300,2115,292092350,2115,100,-254,71,32,2454,-36,-11,2453
12999163,11786,506828103,55975060,-2143,-4054,-177,5255,292092300,2115,292092360,2115,100,-254,53,37,2442,-54,-6,2440
13008877,11786,506828094,55975031,-2143,-4054,-177,5255,292092350,2115,292092370,2115,101,-255,77,-8,2480,-31,-52,2479
13018798,11786,506828084,55975002,-2142,-4053,-177,5255,292092350,2115,292092380,2115,101,-255,72,41,2512,-38,-3,2512
13028769,11786,506828075,55974974,-2142,-4053,-177,5255,292092350,2115,292092390,2115,101,-256,57,88,2487,-52,44,2487
13038735,11786,506828065,55974945,-2142,-4053,-177,5255,292092350,2115,292092400,2115,101,-256,77,8,2519,-33,-37,2518
13050366,11786,506828055,55974917,-2142,-4052,-177,5255,292092350,2115,292092410,2115,101,-257,46,51,2527,-65,6,2525
13058891,11786,506828046,55974887,-2142,-4052,-177,5255,292092400,2115,292092420,2115,101,-257,69,49,2498,-42,5,2497
13068792,11786,506828036,55974859,-2141,-4051,-177,5255,292092400,2115,292092430,2115,102,-258,66,22,2516,-45,-23,2515
13078739,11786,506828026,55974830,-2141,-4051,-177,5255,292092400,2115,292092440,2115,102,-258,78,12,2503,-32,-32,2502
13088735,11786,506828017,55974802,-2141,-4051,-177,5255,292092400,2115,292092450,2115,102,-258,59,44,2495,-52,0,2494
13098971,11786,506828007,55974773,-2141,-4051,-177,5255,292092400,2115,292092460,2115,102,-258,75,42,2508,-36,-3,2508
13108890,11786,506827998,55974744,-2141,-4050,-177,5255,292092450,2115,292092470,2115,102,-259,72,53,2523,-40,8,2522
13118801,11786,506827988,55974715,-2141,-4050,-177,5255,292092450,2115,292092480,2115,102,-259,75,76,2487,-36,32,2487
13128743,11786,506827978,55974687,-2141,-4050,-177,5255,292092450,2115,292092490,2115,102,-259,54,56,2491,-57,11,2490
13138727,11785,506827969,55974659,-2141,-4049,-177,5255,292092450,2115,292092500,2115,102,-259,53,31,2524,-59,-14,2522
13148993,11785,506827959,55974630,-2140,-4049,-178,5255,292092450,2115,292092510,2115,102,-258,79,-19,2540,-33,-65,2538
13158899,11785,506827949,55974600,-2140,-4049,-178,5255,292092500,2115,292092520,2115,102,-258,69,105,2523,-43,60,2523
13168824,11785,506827940,55974572,-2140,-4049,-178,5255,292092500,2115,292092530,2115,102,-258,66,23,2504,-44,-22,2502
13178741,11785,506827930,55974544,-2140,-4048,-178,5255,292092500,2115,292092540,2115,102,-257,51,78,2493,-60,33,2491
13188766,11785,506827921,55974515,-2139,-4048,-178,5255,292092500,2115,292092550,2115,103,-257,67,25,2606,-48,-22,2604
13198985,11784,506827911,55974487,-2139,-4048,-179,5255,292092500,2115,292092560,2115,103,-256,85,4,2531,-26,-42,2530
13208889,11784,506827901,55974457,-2139,-4047,-179,5255,292092550,2115,292092570,2115,103,-256,83,42,2505,-27,-3,2505
13218833,11784,506827892,55974429,-2139,-4047,-179,5255,292092550,2115,292092580,2115,104,-256,60,44,2492,-50,-2,2491
13228751,11784,506827882,55974400,-2139,-4047,-179,5255,292092550,2115,292092590,2115,104,-255,62,55,2546,-50,8,2545
13238772,11784,506827872,55974372,-2139,-4046,-179,5255,292092550,2115,292092600,2115,105,-255,68,40,2444,-39,-4,2443
13249021,11784,506827863,55974344,-2138,-4046,-179,5255,292092550,2115,292092610,2115,105,-255,58,-41,2556,-54,-88,2553
13258882,11783,506827853,55974314,-2137,-4046,-179,5255,292092600,2115,292092620,2115,106,-255,76,13,2513,-34,-33,2512
13268835,11783,506827844,55974286,-2137,-4046,-179,5255,292092600,2115,292092630,2115,106,-255,79,75,2516,-31,28,2516
13278747,11783,506827834,55974257,-2137,-4046,-179,5255,292092600,2115,292092640,2115,106,-255,101,0,2499,-8,-47,2499
13288755,11783,506827824,55974229,-2137,-4046,-179,5255,292092600,2115,292092650,2115,106,-255,75,-2,2504,-34,-48,2503
13298999,11783,506827815,55974201,-2136,-4046,-179,5255,292092600,2115,292092660,2115,107,-255,88,-11,2420,-18,-56,2419
13308889,11783,506827805,55974171,-2136,-4046,-179,5255,292092650,2115,292092670,2115,107,-255,33,10,2488,-76,-37,2485
13318802,11783,506827796,55974142,-2137,-4045,-179,5255,292092650,2115,292092680,2115,108,-256,67,184,2538,-45,136,2539
13328764,11782,506827786,55974114,-2136,-4045,-179,5255,292092650,2115,292092690,2115,108,-256,85,-38,2584,-28,-87,2582
13338753,11782,506827776,55974086,-2135,-4046,-180,5255,292092650,2115,292092700,2115,108,-257,102,-71,2577,-11,-119,2576
13349761,11782,506827767,55974057,-2135,-4045,-180,5255,292092650,2115,292092710,2115,109,-257,55,49,2554,-58,0,2553
13358897,11782,506827757,55974028,-2136,-4045,-180,5255,292092700,2115,292092720,2115,109,-258,68,149,2491,-43,101,2492
13368795,11782,506827748,55973999,-2135,-4044,-181,5255,292092700,2115,292092730,2115,109,-259,54,-11,2536,-59,-60,2534
13378736,11782,506827738,55973971,-2134,-4044,-181,5255,292092700,2115,292092740,2115,110,-259,86,-36,2574,-28,-85,2572
13388747,11781,506827728,55973943,-2134,-4044,-182,5255,292092700,2115,292092750,2115,110,-260,80,-2,2575,-35,-52,2574
13399133,11781,506827719,55973914,-2134,-4044,-182,5255,292092700,2115,292092760,2115,111,-260,62,69,2557,-53,20,2556
13408876,11781,506827709,55973885,-2133,-4043,-183,5255,292092750,2115,292092770,2115,111,-261,44,68,2564,-71,18,2562
13418828,11781,506827700,55973856,-2133,-4043,-183,5255,292092750,2115,292092780,2115,111,-262,63,-30,2531,-51,-79,2528
13428731,11781,506827690,55973828,-2133,-4043,-183,5255,292092750,2115,292092790,2115,111,-262,72,66,2552,-43,16,2552
13438743,11781,506827681,55973799,-2132,-4043,-184,5256,292092750,2115,292092800,2115,111,-263,80,-16,2547,-35,-65,2546
13449689,11781,506827671,55973771,-2132,-4042,-184,5256,292092750,2115,292092810,2115,111,-263,40,50,2531,-75,1,2529
13458903,11781,506827661,55973742,-2132,-4042,-185,5256,292092800,2115,292092820,2115,112,-263,76,59,2566,-40,8,2566
13468827,11780,506827652,55973713,-2131,-4042,-185,5256,292092800,2115,292092830,2115,112,-264,56,0,2588,-61,-51,2586
13478765,11780,506827642,55973685,-2131,-4042,-186,5256,292092800,2115,292092840,2115,112,-264,95,-11,2554,-20,-61,2553
13488739,11780,506827633,55973657,-2131,-4041,-186,5256,292092800,2115,292092850,2115,111,-264,59,88,2532,-56,38,2532
13500156,11780,506827623,55973628,-2131,-4040,-186,5256,292092800,2115,292092860,2115,111,-264,36,115,2536,-80,65,2535
13508888,11780,506827613,55973599,-2130,-4040,-186,5256,292092850,2115,292092870,2115,111,-264,69,-12,2538,-46,-61,2536
13518799,11780,506827604,55973570,-2130,-4040,-187,5256,292092850,2115,292092880,2115,111,-264,71,14,2586,-46,-36,2585
13528729,11780,506827594,55973542,-2130,-4040,-188,5256,292092850,2115,292092890,2115,111,-264,75,45,2569,-42,-5,2568
13538752,11780,506827585,55973514,-2129,-4040,-188,5256,292092850,2115,292092900,2115,111,-264,66,48,2492,-47,-1,2491
13548977,11780,506827575,55973485,-2129,-4039,-188,5256,292092850,2115,292092910,2115,111,-264,70,33,2527,-45,-16,2526
13558903,11779,506827566,55973456,-2129,-4039,-188,5256,292092900,2115,292092920,2115,111,-264,58,69,2486,-54,21,2485
13568803,11779,506827556,55973427,-2129,-4039,-188,5256,292092900,2115,292092930,2115,112,-264,80,50,2507,-33,1,2507
13578759,11779,506827546,55973399,-2129,-4038,-188,5256,292092900,2115,292092940,2115,112,-263,91,44,2564,-25,-6,2564
13588778,11779,506827537,55973371,-2129,-4038,-188,5256,292092900,2115,292092950,2115,112,-263,69,30,2525,-45,-19,2524
13599020,11779,506827527,55973342,-2128,-4038,-188,5256,292092900,2115,292092960,2115,112,-263,60,49,2478,-52,1,2476
13608911,11779,506827518,55973313,-2128,-4038,-188,5256,292092950,2115,292092970,2115,112,-263,46,32,2484,-66,-17,2481
13618875,11779,506827508,55973285,-2127,-4037,-188,5256,292092950,2115,292092980,2115,112,-262,48,3,2484,-63,-46,2481
13628763,11779,506827499,55973256,-2128,-4037,-188,5256,292092950,2115,292092990,2115,111,-262,75,95,2536,-39,46,2537
13638756,11779,506827489,55973228,-2128,-4037,-188,5256,292092950,2115,292093000,2115,111,-261,85,42,2546,-29,-8,2546
13649620,11779,506827479,55973200,-2127,-4037,-189,5256,292092950,2115,292093010,2115,111,-261,100,11,2545,-14,-38,2544
13658909,11779,506827470,55973170,-2127,-4036,-188,5256,292093000,2115,292093020,2115,111,-261,81,40,2446,-28,-7,2445
13668816,11779,506827460,55973142,-2127,-4036,-188,5256,292093000,2115,292093030,2115,111,-260,58,31,2428,-50,-16,2426
13678744,11779,506827451,55973113,-2127,-4035,-187,5256,292093000,2115,292093040,2115,111,-260,30,102,2434,-78,55,2433
13688712,11779,506827441,55973085,-2127,-4035,-187,5256,292093000,2115,292093050,2115,110,-259,63,27,2474,-47,-21,2473
13699038,11778,506827432,55973057,-2127,-4035,-187,5256,292093000,2115,292093060,2115,110,-258,77,81,2513,-35,32,2513
13709031,11778,506827422,55973027,-2126,-4035,-187,5256,292093050,2115,292093070,2115,110,-258,85,5,2497,-26,-43,2496
13718822,11778,506827413,55972999,-2126,-4035,-186,5256,292093050,2115,292093080,2115,110,-257,93,3,2425,-14,-43,2424
13728732,11778,506827403,55972971,-2126,-4034,-186,5256,292093050,2115,292093090,2115,109,-257,55,64,2431,-52,17,2430
13738731,11778,506827393,55972942,-2126,-4034,-185,5256,292093050,2115,292093100,2115,109,-256,73,98,2401,-33,53,2402
13748985,11778,506827384,55972914,-2126,-4034,-184,5256,292093050,2115,292093110,2115,109,-256,68,28,2414,-38,-18,2413
13758912,11778,506827374,55972885,-2126,-4034,-184,5256,292093100,2115,292093120,2115,108,-255,97,20,2474,-11,-26,2474
13768804,11778,506827365,55972856,-2126,-4033,-184,5256,292093100,2115,292093130,2115,108,-254,52,64,2424,-54,18,2423
13778730,11778,506827355,55972828,-2126,-4033,-183,5256,292093100,2115,292093140,2115,107,-254,67,58,2414,-39,13,2413
13788743,11778,506827346,55972800,-2125,-4033,-182,5256,292093100,2115,292093150,2115,107,-253,63,25,2427,-43,-20,2425
13798985,11778,506827336,55972771,-2125,-4033,-182,5256,292093100,2115,292093160,2115,107,-253,71,21,2404,-33,-24,2403
13808886,11778,506827327,55972742,-2125,-4032,-181,5256,292093150,2115,292093170,2115,107,-252,78,53,2381,-24,9,2381
13818799,11778,506827317,55972714,-2125,-4032,-180,5256,292093150,2115,292093180,2115,107,-251,90,43,2411,-14,-2,2411
13828747,11778,506827307,55972685,-2125,-4032,-179,5256,292093150,2115,292093190,2115,107,-251,86,44,2399,-18,0,2399
13838742,11778,506827298,55972657,-2125,-4032,-178,5256,292093150,2115,292093200,2115,107,-250,86,67,2382,-16,22,2382
13848978,11778,506827288,55972629,-2125,-4032,-178,5256,292093150,2115,292093210,2115,107,-249,64,32,2428,-40,-13,2427
13858912,11778,506827279,55972599,-2126,-4030,-177,5256,292093200,2115,292093220,2115,108,-249,54,43,2414,-49,-2,2413
13868832,11778,506827269,55972571,-2125,-4030,-176,5256,292093200,2115,292093230,2115,108,-248,75,15,2386,-26,-30,2385
13878737,11777,506827260,55972543,-2125,-4030,-176,5256,292093200,2115,292093240,2115,109,-248,62,41,2408,-40,-5,2407
13888723,11777,506827250,55972515,-2125,-4030,-175,5256,292093200,2115,292093250,2115,110,-247,73,45,2396,-28,-1,2395
13899578,11777,506827240,55972486,-2125,-4030,-174,5256,292093200,2115,292093260,2115,110,-246,79,7,2392,-22,-39,2391
13908900,11777,506827231,55972457,-2124,-4031,-173,5256,292093250,2115,292093270,2115,111,-246,95,36,2411,-7,-11,2411
13918764,11777,506827221,55972429,-2124,-4031,-172,5256,292093250,2115,292093280,2115,112,-245,92,57,2399,-9,10,2399
13928725,11777,506827212,55972400,-2123,-4031,-171,5256,292093250,2115,292093290,2115,113,-245,89,18,2391,-11,-30,2391
13938753,11777,506827202,55972372,-2123,-4031,-170,5256,292093250,2115,292093300,2115,114,-244,75,8,2376,-25,-40,2375
13948972,11777,506827193,55972344,-2123,-4030,-169,5256,292093250,2115,292093310,2115,115,-244,61,45,2371,-38,-3,2370
13959193,11776,506827183,55972314,-2122,-4031,-169,5256,292093300,2115,292093320,2115,116,-244,78,-22,2415,-23,-71,2414
13968800,11776,506827174,55972286,-2122,-4030,-168,5256,292093300,2115,292093330,2115,117,-244,65,26,2438,-37,-24,2437
13978719,11776,506827164,55972258,-2122,-4030,-168,5256,292093300,2115,292093340,2115,117,-244,77,25,2452,-26,-25,2451
13988747,11776,506827155,55972230,-2122,-4030,-167,5256,292093300,2115,292093350,2115,118,-244,97,35,2456,-6,-16,2457
14000109,11776,506827145,55972201,-2121,-4030,-167,5256,292093300,2115,292093360,2115,119,-244,97,-12,2462,-5,-63,2462
14008888,11776,506827136,55972172,-2120,-4031,-166,5256,292093350,2115,292093370,2115,120,-244,92,23,2441,-10,-28,2441
14018735,11776,506827126,55972143,-2120,-4031,-166,5256,292093350,2115,292093380,2115,121,-244,69,57,2437,-33,6,2437
14028716,11776,506827116,55972115,-2120,-4031,-165,5256,292093350,2115,292093390,2115,122,-244,78,14,2464,-25,-38,2463
14038743,11776,506827107,55972087,-2120,-4031,-165,5256,292093350,2115,292093400,2115,123,-245,74,30,2477,-30,-24,2476
14048993,11776,506827097,55972059,-2119,-4031,-165,5256,292093350,2115,292093410,2115,123,-245,83,27,2488,-22,-27,2487
14058900,11776,506827088,55972029,-2120,-4030,-165,5256,292093400,2115,292093420,2115,124,-246,84,69,2521,-22,14,2521
14068854,11776,506827078,55972001,-2120,-4030,-165,5256,292093400,2115,292093430,2115,125,-247,78,40,2498,-28,-15,2497
14078928,11776,506827069,55971972,-2119,-4030,-165,5256,292093400,2115,292093440,2115,125,-248,81,13,2504,-25,-42,2503
14088742,11775,506827059,55971944,-2119,-4030,-166,5256,292093400,2115,292093450,2115,126,-249,94,13,2524,-14,-42,2524
14099027,11775,506827050,55971916,-2119,-4030,-166,5256,292093400,2115,292093460,2115,127,-250,96,70,2494,-11,14,2495
14109179,11775,506827040,55971886,-2119,-4030,-166,5256,292093450,2115,292093470,2115,128,-251,96,54,2556,-14,-3,2557
14118809,11775,506827031,55971858,-2118,-4030,-167,5256,292093450,2115,292093480,2115,129,-252,67,16,2563,-43,-42,2561
14128719,11775,506827021,55971830,-2118,-4029,-167,5256,292093450,2115,292093490,2115,129,-254,79,73,2598,-35,14,2598
14139045,11775,506827012,55971802,-2118,-4029,-168,5256,292093450,2115,292093500,2115,130,-255,77,45,2606,-37,-15,2606
14150116,11775,506827002,55971773,-2118,-4029,-169,5256,292093450,2115,292093510,2115,131,-257,97,33,2603,-18,-27,2603
14158932,11774,506826993,55971744,-2117,-4029,-170,5256,292093500,2115,292093520,2115,131,-258,68,42,2584,-46,-17,2583
14169158,11774,506826983,55971715,-2117,-4029,-171,5256,292093500,2115,292093530,2115,132,-260,78,14,2612,-39,-46,2610
14178743,11774,506826974,55971687,-2117,-4029,-172,5256,292093500,2115,292093540,2115,132,-261,68,26,2637,-51,-35,2636
14188742,11774,506826964,55971659,-2117,-4029,-173,5256,292093500,2115,292093550,2115,133,-263,102,79,2650,-18,18,2651
14200492,11774,506826955,55971631,-2116,-4029,-174,5256,292093500,2115,292093560,2115,133,-265,102,42,2662,-19,-19,2662
14209550,11773,506826945,55971601,-2116,-4028,-175,5256,292093550,2115,292093570,2115,133,-267,88,57,2662,-34,-5,2662
14218827,11773,506826936,55971573,-2116,-4028,-176,5256,292093550,2115,292093580,2115,133,-269,65,49,2637,-57,-12,2636
14228754,11773,506826926,55971545,-2116,-4028,-177,5256,292093550,2115,292093590,2115,133,-270,66,54,2662,-58,-8,2661
14238769,11773,506826917,55971516,-2115,-4027,-179,5256,292093550,2115,292093600,2115,133,-272,62,42,2666,-63,-20,2664
14249585,11773,506826907,55971488,-2115,-4027,-180,5256,292093550,2115,292093610,2115,132,-273,84,50,2723,-44,-13,2722
14258873,11772,506826898,55971459,-2115,-4027,-182,5256,292093600,2115,292093620,2115,132,-275,100,81,2694,-28,19,2695
14268820,11772,506826888,55971430,-2115,-4026,-184,5256,292093600,2115,292093630,2115,133,-276,75,42,2714,-54,-21,2713
14278763,11772,506826879,55971402,-2115,-4026,-185,5256,292093600,2115,292093640,2115,133,-277,81,21,2698,-48,-42,2697
14288731,11772,506826869,55971374,-2114,-4026,-187,5256,292093600,2115,292093650,2115,133,-278,68,27,2716,-62,-37,2714
14298965,11772,506826860,55971346,-2114,-4025,-189,5256,292093600,2115,292093660,2115,133,-279,72,75,2693,-57,12,2692
14308878,11772,506826850,55971316,-2114,-4025,-190,5256,292093650,2115,292093670,2115,134,-280,84,61,2683,-46,-2,2683
14318851,11771,506826841,55971288,-2113,-4025,-191,5256,292093650,2115,292093680,2115,134,-281,59,39,2698,-71,-24,2696
14328721,11771,506826831,55971260,-2113,-4024,-193,5256,292093650,2115,292093690,2115,134,-281,81,61,2704,-50,-2,2703
14338748,11771,506826822,55971232,-2113,-4024,-194,5256,292093650,2115,292093700,2115,134,-281,49,42,2667,-79,-21,2665
14349203,11771,506826812,55971203,-2112,-4024,-196,5256,292093650,2115,292093710,2115,134,-281,76,39,2670,-53,-23,2668
14358913,11771,506826803,55971174,-2112,-4023,-197,5256,292093700,2115,292093720,2115,134,-281,83,15,2637,-44,-46,2636
14368831,11771,506826793,55971146,-2112,-4023,-197,5256,292093700,2115,292093730,2115,134,-280,86,82,2592,-39,21,2592
14379185,11770,506826784,55971118,-2112,-4023,-198,5256,292093700,2115,292093740,2115,134,-279,97,41,2622,-29,-21,2622
14388742,11770,506826774,55971089,-2111,-4023,-199,5256,292093700,2115,292093750,2115,135,-279,68,81,2562,-55,21,2562
14399050,11770,506826765,55971061,-2111,-4022,-199,5256,292093700,2115,292093760,2115,135,-278,77,42,2568,-45,-19,2567
14409036,11770,506826755,55971032,-2111,-4022,-200,5256,292093750,2115,292093770,2115,135,-277,53,36,2583,-70,-25,2581
14418828,11770,506826746,55971004,-2110,-4022,-200,5256,292093750,2115,292093780,2115,136,-275,75,15,2553,-45,-45,2552
14428784,11770,506826736,55970975,-2110,-4022,-201,5256,292093750,2115,292093790,2115,136,-274,95,31,2519,-23,-29,2519
14438862,11770,506826727,55970947,-2110,-4022,-200,5256,292093750,2115,292093800,2115,136,-272,82,16,2492,-34,-43,2491
14449005,11770,506826717,55970919,-2110,-4021,-200,5256,292093750,2115,292093810,2115,137,-271,76,74,2464,-39,15,2464
14458881,11769,506826708,55970890,-2109,-4021,-200,5256,292093800,2115,292093820,2115,137,-269,92,21,2466,-21,-38,2465
14469033,11769,506826698,55970861,-2109,-4021,-200,5257,292093800,2115,292093830,2115,137,-267,99,55,2464,-14,-4,2465
14478742,11769,506826689,55970833,-2109,-4021,-199,5257,292093800,2115,292093840,2115,137,-266,85,88,2416,-26,30,2417
14488765,11769,506826679,55970805,-2109,-4021,-198,5257,292093800,2115,292093850,2115,138,-264,91,8,2396,-17,-50,2396
14500028,11769,506826670,55970777,-2109,-4020,-197,5257,292093800,2115,292093860,2115,138,-262,51,73,2390,-56,15,2390
14508910,11769,506826660,55970747,-2108,-4020,-196,5257,292093850,2115,292093870,2115,138,-260,72,17,2366,-33,-40,2364
14518803,11769,506826651,55970719,-2108,-4020,-195,5257,292093850,2115,292093880,2115,138,-258,88,75,2385,-18,18,2386
14529243,11769,506826642,55970691,-2108,-4020,-194,5257,292093850,2115,292093890,2115,138,-257,89,23,2348,-15,-33,2348
14538744,11769,506826632,55970663,-2108,-4020,-193,5257,292093850,2115,292093900,2115,138,-255,104,83,2356,1,26,2358
14549673,11769,506826623,55970635,-2108,-4020,-192,5257,292093850,2115,292093910,2115,138,-253,93,71,2324,-8,15,2325
14559436,11769,506826613,55970605,-2108,-4020,-190,5257,292093900,2115,292093920,2115,139,-251,87,23,2319,-13,-33,2319
14568811,11769,506826604,55970577,-2108,-4020,-189,5257,292093900,2115,292093930,2115,139,-250,83,42,2292,-15,-14,2292
14578735,11769,506826594,55970549,-2108,-4020,-187,5257,292093900,2115,292093940,2115,139,-248,97,46,2305,-1,-10,2306
14588863,11768,506826585,55970521,-2108,-4020,-185,5257,292093900,2115,292093950,2115,139,-247,76,76,2291,-22,20,2291
14598985,11768,506826575,55970492,-2108,-4020,-184,5257,292093900,2115,292093960,2115,139,-246,94,24,2278,-2,-31,2278
14608884,11768,506826566,55970463,-2108,-4020,-182,5257,292093950,2115,292093970,2115,139,-245,76,57,2276,-19,2,2277
14619388,11768,506826556,55970435,-2108,-4020,-180,5257,292093950,2115,292093980,2115,139,-244,98,73,2297,2,17,2299
14628761,11768,506826547,55970407,-2108,-4020,-179,5257,292093950,2115,292093990,2115,139,-243,94,57,2299,-2,1,2300
14638763,11768,506826537,55970379,-2108,-4020,-177,5257,292093950,2115,292094000,2115,139,-242,101,29,2300,6,-27,2301
14649042,11768,506826528,55970350,-2107,-4020,-176,5257,292093950,2115,292094010,2115,140,-242,113,9,2316,17,-47,2316
14658900,11768,506826518,55970321,-2107,-4020,-174,5257,292094000,2115,292094020,2115,140,-241,70,63,2261,-24,8,2261
14668835,11768,506826509,55970293,-2108,-4020,-172,5257,292094000,2115,292094030,2115,140,-241,84,66,2278,-10,10,2279
14679071,11768,506826499,55970265,-2108,-4019,-171,5257,292094000,2115,292094040,2115,139,-241,62,86,2311,-34,29,2312
14688762,11768,506826490,55970236,-2108,-4019,-170,5257,292094000,2115,292094050,2115,139,-241,98,59,2371,0,1,2372
14699410,11768,506826480,55970208,-2107,-4020,-169,5257,292094000,2115,292094060,2115,139,-241,104,10,2342,7,-47,2342
14709051,11768,506826471,55970179,-2107,-4020,-167,5257,292094050,2115,292094070,2115,139,-242,88,34,2357,-9,-23,2357
14718795,11767,506826462,55970151,-2107,-4020,-166,5257,292094050,2115,292094080,2115,140,-242,91,99,2348,-6,42,2349
14728730,11767,506826452,55970122,-2107,-4019,-165,5257,292094050,2115,292094090,2115,140,-243,75,27,2352,-23,-30,2351
14738958,11767,506826443,55970094,-2107,-4019,-164,5257,292094050,2115,292094100,2115,140,-243,91,63,2368,-8,5,2369
14748984,11767,506826433,55970066,-2107,-4019,-163,5257,292094050,2115,292094110,2115,141,-244,76,57,2393,-24,-2,2393
14758911,11767,506826424,55970037,-2107,-4019,-163,5257,292094100,2115,292094120,2115,141,-245,85,67,2431,-17,7,2432
14769258,11767,506826414,55970008,-2107,-4019,-162,5257,292094100,2115,292094130,2115,142,-245,95,59,2444,-8,-1,2445
14778733,11767,506826405,55969980,-2107,-4019,-162,5257,292094100,2115,292094140,2115,143,-247,75,11,2424,-27,-49,2423
14788740,11767,506826395,55969952,-2107,-4019,-161,5257,292094100,2115,292094150,2115,143,-248,85,57,2435,-19,-4,2435
14799390,11766,506826386,55969924,-2106,-4019,-161,5257,292094100,2115,292094160,2115,144,-249,77,68,2445,-27,6,2445
14808911,11766,506826376,55969894,-2106,-4018,-160,5257,292094150,2115,292094170,2115,144,-250,86,39,2456,-19,-23,2456
14818796,11766,506826367,55969866,-2106,-4019,-160,5257,292094150,2115,292094180,2115,145,-251,90,-13,2476,-16,-75,2475
14829641,11766,506826357,55969838,-2106,-4019,-160,5257,292094150,2115,292094190,2115,146,-252,97,52,2544,-13,-12,2544
14838758,11766,506826348,55969810,-2106,-4018,-160,5257,292094150,2115,292094200,2115,147,-253,86,80,2520,-23,15,2521
14849486,11766,506826338,55969782,-2105,-4018,-160,5257,292094150,2115,292094210,2115,147,-254,90,16,2501,-19,-49,2501
14858868,11766,506826329,55969752,-2105,-4018,-161,5257,292094200,2115,292094220,2115,148,-255,74,44,2552,-38,-22,2551
14868825,11766,506826319,55969724,-2105,-4018,-161,5257,292094200,2115,292094230,2115,149,-257,82,66,2522,-29,1,2522
14878776,11766,506826310,55969696,-2104,-4018,-161,5257,292094200,2115,292094240,2115,150,-258,87,54,2548,-26,-13,2548
14888736,11765,506826301,55969668,-2104,-4018,-162,5257,292094200,2115,292094250,2115,150,-259,74,44,2588,-41,-24,2587
14899076,11765,506826291,55969639,-2103,-4018,-163,5257,292094200,2115,292094260,2115,151,-260,79,-8,2605,-37,-77,2603
14909583,11765,506826282,55969610,-2103,-4018,-164,5257,292094250,2115,292094270,2115,152,-261,80,45,2604,-36,-24,2603
14918788,11765,506826272,55969582,-2103,-4017,-165,5257,292094250,2115,292094280,2115,152,-262,91,69,2610,-27,0,2611
14928732,11765,506826263,55969554,-2103,-4017,-165,5257,292094250,2115,292094290,2115,153,-262,99,65,2601,-19,-5,2601
14938767,11765,506826253,55969525,-2103,-4017,-166,5257,292094250,2115,292094300,2115,153,-263,93,59,2589,-24,-10,2590
14949004,11765,506826244,55969497,-2103,-4017,-167,5257,292094250,2115,292094310,2115,154,-264,74,43,2630,-45,-27,2629
14958875,11765,506826234,55969468,-2102,-4016,-168,5257,292094300,2115,292094320,2115,154,-264,60,54,2630,-59,-17,2629
14968798,11765,506826225,55969440,-2102,-4016,-169,5257,292094300,2115,292094330,2115,155,-265,81,66,2652,-40,-6,2652
14978747,11765,506826215,55969411,-2102,-4016,-170,5257,292094300,2115,292094340,2115,155,-265,97,73,2651,-24,1,2652
14988747,11765,506826206,55969383,-2102,-4016,-171,5257,292094300,2115,292094350,2115,156,-265,81,31,2614,-38,-40,2613
14999573,11765,506826197,55969355,-2101,-4016,-173,5257,292094300,2115,292094360,2115,156,-265,84,65,2651,-37,-7,2651
15009591,11765,506826187,55969325,-2101,-4016,-174,5257,292094350,2115,292094370,2115,157,-265,101,59,2675,-21,-14,2675
15018823,11765,506826178,55969297,-2101,-4016,-175,5257,292094350,2115,292094380,2115,157,-265,103,76,2639,-17,4,2640
15028746,11764,506826168,55969269,-2101,-4015,-176,5257,292094350,2115,292094390,2115,158,-265,97,48,2639,-23,-24,2640
15038728,11764,506826159,55969241,-2101,-4015,-177,5257,292094350,2115,292094400,2115,158,-265,75,57,2659,-46,-17,2659
15048969,11764,506826149,55969213,-2100,-4015,-178,5257,292094350,2115,292094410,2115,158,-264,56,82,2628,-64,9,2627
15058867,11764,506826140,55969183,-2100,-4014,-179,5257,292094400,2115,292094420,2115,158,-264,91,61,2652,-30,-12,2652
15068840,11764,506826130,55969155,-2100,-4014,-181,5257,292094400,2115,292094430,2115,158,-264,98,41,2652,-23,-32,2652
15078743,11764,506826121,55969127,-2100,-4014,-181,5257,292094400,2115,292094440,2115,158,-263,97,78,2606,-21,6,2607
15088727,11764,506826112,55969099,-2100,-4014,-182,5257,292094400,2115,292094450,2115,158,-263,86,61,2599,-32,-11,2599
15098996,11764,506826102,55969071,-2100,-4014,-183,5257,292094400,2115,292094460,2115,158,-262,95,59,2554,-21,-12,2555
15109492,11764,506826093,55969041,-2099,-4014,-183,5257,292094450,2115,292094470,2115,159,-262,103,77,2574,-13,5,2576
15118794,11764,506826083,55969013,-2099,-4014,-184,5257,292094450,2115,292094480,2115,159,-261,117,61,2568,1,-10,2570
15128736,11764,506826074,55968985,-2099,-4014,-184,5257,292094450,2115,292094490,2115,159,-261,98,65,2573,-17,-6,2574
15138744,11764,506826064,55968957,-2099,-4014,-185,5257,292094450,2115,292094500,2115,159,-261,73,73,2542,-41,2,2542
15149007,11763,506826055,55968929,-2099,-4014,-185,5257,292094450,2115,292094510,2115,158,-260,94,66,2556,-20,-4,2556
15159468,11763,506826046,55968899,-2099,-4014,-186,5257,292094500,2115,292094520,2115,158,-260,77,49,2551,-37,-22,2550
15168804,11763,506826036,55968871,-2099,-4013,-186,5257,292094500,2115,292094530,2115,158,-260,103,63,2557,-11,-7,2558
15178757,11763,506826027,55968843,-2099,-4013,-186,5257,292094500,2115,292094540,2115,158,-259,92,89,2540,-22,19,2541
15188831,11763,506826017,55968815,-2099,-4013,-187,5257,292094500,2115,292094550,2115,158,-259,100,36,2527,-13,-34,2527
15198975,11763,506826008,55968786,-2098,-4013,-187,5257,292094500,2115,292094560,2115,158,-259,102,34,2517,-10,-35,2517
15208873,11763,506825998,55968757,-2098,-4013,-187,5257,292094550,2115,292094570,2115,158,-259,111,47,2515,-1,-23,2516
15219736,11763,506825989,55968729,-2099,-4013,-187,5257,292094550,2115,292094580,2115,158,-259,108,105,2514,-4,36,2516
15228760,11763,506825979,55968701,-2099,-4013,-187,5257,292094550,2115,292094590,2115,157,-259,80,73,2469,-31,5,2470
15238755,11762,506825970,55968673,-2098,-4013,-187,5257,292094550,2115,292094600,2115,157,-259,82,-1,2468,-28,-69,2466
15249021,11762,506825961,55968644,-2098,-4012,-187,5257,292094550,2115,292094610,2115,157,-259,81,85,2510,-31,16,2511
15258931,11762,506825951,55968615,-2098,-4012,-186,5257,292094600,2115,292094620,2115,156,-260,90,64,2465,-20,-4,2465
15268816,11762,506825942,55968587,-2098,-4012,-186,5257,292094600,2115,292094630,2115,156,-260,103,70,2504,-9,2,2505
15278743,11762,506825932,55968559,-2098,-4012,-187,5257,292094600,2115,292094640,2115,155,-260,113,41,2524,0,-28,2525
15288727,11762,506825923,55968531,-2097,-4012,-186,5257,292094600,2115,292094650,2115,155,-261,107,46,2458,-3,-21,2459
15299118,11762,506825913,55968503,-2098,-4012,-186,5257,292094600,2115,292094660,2115,155,-261,105,94,2457,-5,27,2459
15308858,11762,506825904,55968473,-2097,-4012,-185,5257,292094650,2115,292094670,2115,154,-261,82,54,2456,-29,-12,2456
15318812,11761,506825895,55968445,-2097,-4012,-185,5257,292094650,2115,292094680,2115,154,-261,85,106,2468,-27,39,2470
15328724,11761,506825885,55968417,-2097,-4012,-185,5257,292094650,2115,292094690,2115,154,-262,82,24,2475,-29,-43,2474
15338728,11761,506825876,55968389,-2097,-4012,-185,5257,292094650,2115,292094700,2115,154,-262,98,56,2532,-16,-13,2533
15349055,11761,506825866,55968361,-2097,-4012,-185,5257,292094650,2115,292094710,2115,154,-262,102,67,2468,-10,1,2469
15358868,11761,506825857,55968331,-2097,-4012,-185,5257,292094700,2115,292094720,2115,154,-263,98,65,2467,-14,-1,2467
15368797,11761,506825847,55968303,-2097,-4012,-184,5257,292094700,2115,292094730,2115,154,-263,95,44,2469,-16,-22,2470
15378756,11761,506825838,55968275,-2097,-4012,-184,5257,292094700,2115,292094740,2115,154,-263,113,37,2428,3,-28,2429
15388752,11760,506825829,55968247,-2097,-4012,-184,5257,292094700,2115,292094750,2115,154,-264,107,102,2454,-5,36,2456
15398992,11760,506825819,55968218,-2097,-4012,-183,5257,292094700,2115,292094760,2115,154,-264,97,47,2455,-15,-19,2455
15408889,11760,506825810,55968189,-2097,-4011,-183,5257,292094750,2115,292094770,2115,154,-264,95,45,2463,-16,-21,2463
15418799,11760,506825800,55968161,-2096,-4011,-183,5257,292094750,2115,292094780,2115,154,-264,98,46,2464,-14,-20,2464
15428739,11760,506825791,55968133,-2096,-4011,-182,5257,292094750,2115,292094790,2115,154,-265,94,67,2470,-18,0,2471
15438732,11760,506825781,55968105,-2096,-4011,-182,5257,292094750,2115,292094800,2115,154,-265,106,78,2471,-7,11,2472
15449011,11760,506825772,55968077,-2096,-4011,-182,5257,292094750,2115,292094810,2115,154,-265,109,62,2488,-4,-4,2489
15458901,11760,506825763,55968047,-2096,-4011,-182,5257,292094800,2115,292094820,2115,154,-265,100,-3,2450,-11,-69,2449
15468815,11760,506825753,55968019,-2096,-4011,-181,5257,292094800,2115,292094830,2115,154,-265,93,79,2447,-19,13,2448
15478739,11760,506825744,55967991,-2096,-4011,-181,5257,292094800,2115,292094840,2115,154,-266,90,98,2462,-23,32,2463
15488730,11760,506825734,55967963,-2096,-4011,-181,5258,292094800,2115,292094850,2115,154,-266,106,31,2477,-7,-36,2478
15498991,11760,506825725,55967935,-2096,-4011,-181,5258,292094800,2115,292094860,2115,154,-266,105,62,2493,-9,-5,2494
15508913,11760,506825715,55967905,-2095,-4011,-181,5258,292094850,2115,292094870,2115,155,-266,93,72,2468,-20,6,2469
15518774,11760,506825706,55967877,-2095,-4011,-180,5258,292094850,2115,292094880,2115,155,-266,86,78,2460,-26,12,2461
15528704,11760,506825697,55967849,-2095,-4011,-180,5258,292094850,2115,292094890,2115,155,-266,83,40,2427,-28,-26,2426
15538717,11760,506825687,55967821,-2095,-4010,-179,5258,292094850,2115,292094900,2115,155,-266,92,47,2454,-20,-19,2455
15548983,11760,506825678,55967793,-2095,-4010,-179,5258,292094850,2115,292094910,2115,155,-265,86,52,2485,-28,-15,2485
15558892,11760,506825668,55967763,-2095,-4010,-179,5258,292094900,2115,292094920,2115,154,-265,120,94,2460,8,28,2463
15568794,11760,506825659,55967735,-2095,-4010,-179,5258,292094900,2115,292094930,2115,154,-265,95,77,2485,-19,10,2486
15578732,11760,506825650,55967707,-2095,-4010,-179,5258,292094900,2115,292094940,2115,154,-265,96,57,2522,-19,-11,2522
15588728,11760,506825640,55967679,-2095,-4010,-179,5258,292094900,2115,292094950,2115,154,-265,121,56,2452,10,-10,2454
15598974,11760,506825631,55967651,-2095,-4010,-178,5258,292094900,2115,292094960,2115,153,-265,75,76,2449,-37,10,2450
15608888,11760,506825621,55967621,-2095,-4009,-178,5258,292094950,2115,292094970,2115,153,-264,96,113,2454,-16,47,2456
15618843,11760,506825612,55967593,-2095,-4009,-178,5258,292094950,2115,292094980,2115,152,-264,80,66,2472,-32,0,2472
15628739,11760,506825602,55967565,-2095,-4009,-177,5258,292094950,2115,292094990,2115,152,-263,108,24,2477,-4,-41,2477
15638740,11761,506825593,55967537,-2095,-4009,-178,5258,292094950,2115,292095000,2115,152,-263,89,65,2527,-26,-1,2528
15649007,11761,506825584,55967509,-2095,-4009,-178,5258,292094950,2115,292095010,2115,151,-263,114,138,2498,0,72,2502
15658894,11761,506825574,55967480,-2095,-4009,-178,5258,292095000,2115,292095020,2115,151,-262,117,46,2501,4,-20,2502
15668800,11761,506825565,55967451,-2095,-4009,-177,5258,292095000,2115,292095030,2115,151,-262,113,54,2468,2,-11,2469
15678739,11761,506825555,55967423,-2095,-4009,-177,5258,292095000,2115,292095040,2115,151,-261,79,92,2450,-32,27,2450
15688719,11761,506825546,55967395,-2095,-4008,-177,5258,292095000,2115,292095050,2115,150,-261,80,126,2443,-30,62,2444
15699446,11761,506825537,55967367,-2095,-4008,-176,5258,292095000,2115,292095060,2115,150,-260,93,81,2495,-19,15,2496
15709138,11761,506825527,55967338,-2095,-4008,-177,5258,292095050,2115,292095070,2115,149,-260,102,71,2504,-10,6,2506
15718782,11761,506825518,55967310,-2095,-4008,-177,5258,292095050,2115,292095080,2115,149,-259,115,25,2516,3,-41,2516
15729241,11761,506825508,55967281,-2095,-4008,-177,5258,292095050,2115,292095090,2115,148,-259,93,89,2491,-18,25,2492
15738734,11761,506825499,55967253,-2095,-4008,-176,5258,292095050,2115,292095100,2115,148,-259,99,87,2442,-9,24,2444
15748969,11761,506825489,55967225,-2095,-4008,-176,5258,292095050,2115,292095110,2115,147,-258,97,45,2476,-13,-19,2476
15759721,11761,506825480,55967196,-2096,-4008,-176,5258,292095100,2115,292095120,2115,147,-258,115,96,2480,5,33,2482
15768799,11761,506825471,55967168,-2096,-4007,-176,5258,292095100,2115,292095130,2115,146,-258,98,70,2488,-12,6,2489
15778740,11761,506825461,55967140,-2096,-4007,-176,5258,292095100,2115,292095140,2115,145,-258,107,88,2512,-5,24,2514
15788732,11761,506825452,55967112,-2096,-4007,-176,5258,292095100,2115,292095150,2115,145,-257,67,58,2495,-43,-6,2494
15800196,11761,506825442,55967083,-2096,-4007,-176,5258,292095100,2115,292095160,2115,145,-257,99,92,2495,-11,29,2497
15808862,11761,506825433,55967054,-2095,-4007,-176,5258,292095150,2115,292095170,2115,145,-257,105,24,2479,-5,-38,2480
15818872,11761,506825423,55967026,-2095,-4007,-175,5258,292095150,2115,292095180,2115,144,-257,111,58,2493,1,-5,2494
15828757,11761,506825414,55966998,-2096,-4007,-175,5258,292095150,2115,292095190,2115,144,-257,106,104,2467,-4,41,2469
15838739,11761,506825405,55966970,-2096,-4007,-175,5258,292095150,2115,292095200,2115,144,-257,118,69,2492,8,7,2493
15848981,11762,506825395,55966942,-2096,-4007,-175,5258,292095150,2115,292095210,2115,144,-257,117,88,2506,6,25,2508
15858894,11762,506825386,55966912,-2096,-4007,-175,5258,292095200,2115,292095220,2115,144,-257,96,44,2454,-12,-17,2455
15868798,11762,506825376,55966884,-2096,-4007,-175,5258,292095200,2115,292095230,2115,144,-256,76,81,2480,-33,19,2480
15879663,11762,506825367,55966856,-2096,-4006,-175,5258,292095200,2115,292095240,2115,143,-256,87,83,2515,-24,19,2516
15888721,11762,506825357,55966828,-2096,-4006,-175,5258,292095200,2115,292095250,2115,143,-256,105,34,2504,-5,-28,2504
15899665,11762,506825348,55966800,-2096,-4006,-175,5258,292095200,2115,292095260,2115,143,-256,119,76,2521,8,13,2524
15909315,11762,506825339,55966771,-2096,-4006,-175,5258,292095250,2115,292095270,2115,143,-256,90,105,2478,-19,43,2479
15919190,11762,506825329,55966743,-2096,-4006,-175,5258,292095250,2115,292095280,2115,143,-256,98,39,2480,-11,-23,2481
15928716,11762,506825320,55966715,-2096,-4006,-175,5258,292095250,2115,292095290,2115,143,-256,121,67,2493,11,5,2495
15938735,11762,506825310,55966687,-2096,-4006,-175,5258,292095250,2115,292095300,2115,143,-255,104,58,2485,-5,-4,2486
15948988,11762,506825301,55966658,-2096,-4006,-174,5258,292095250,2115,292095310,2115,143,-255,109,60,2462,1,-1,2463
15958865,11762,506825291,55966629,-2096,-4006,-174,5258,292095300,2115,292095320,2115,143,-255,75,79,2503,-35,16,2503
15968793,11762,506825282,55966601,-2096,-4006,-174,5258,292095300,2115,292095330,2115,143,-254,99,80,2486,-10,18,2487
15979246,11762,506825273,55966573,-2096,-4006,-174,5258,292095300,2115,292095340,2115,144,-254,102,33,2460,-5,-29,2460
15988738,11762,506825263,55966545,-2096,-4006,-174,5258,292095300,2115,292095350,2115,144,-254,114,39,2487,5,-24,2488
15998990,11762,506825254,55966517,-2096,-4006,-174,5258,292095300,2115,292095360,2115,144,-253,94,77,2474,-14,14,2475
16009029,11762,506825244,55966487,-2096,-4006,-173,5258,292095350,2115,292095370,2115,145,-253,114,38,2471,7,-25,2472
16018809,11763,506825235,55966459,-2095,-4006,-173,5258,292095350,2115,292095380,2115,145,-253,87,49,2518,-22,-15,2518
16028739,11763,506825225,55966431,-2096,-4006,-173,5258,292095350,2115,292095390,2115,145,-253,116,87,2493,7,24,2496
16038719,11763,506825216,55966403,-2096,-4006,-173,5258,292095350,2115,292095400,2115,145,-253,116,69,2491,7,6,2493
16048970,11763,506825207,55966375,-2096,-4006,-173,5258,292095350,2115,292095410,2115,145,-253,97,78,2496,-12,15,2497
16058929,11763,506825197,55966346,-2095,-4006,-173,5258,292095400,2115,292095420,2115,146,-253,104,20,2484,-4,-43,2485
16068840,11763,506825188,55966318,-2095,-4006,-173,5258,292095400,2115,292095430,2115,146,-253,117,92,2486,9,29,2489
16078716,11763,506825178,55966289,-2095,-4006,-173,5258,292095400,2115,292095440,2115,146,-253,106,45,2477,-2,-19,2477
16088758,11764,506825169,55966261,-2095,-4006,-173,5258,292095400,2115,292095450,2115,147,-253,108,36,2473,1,-27,2474
16099039,11764,506825160,55966233,-2095,-4006,-172,5258,292095400,2115,292095460,2115,147,-253,94,61,2458,-13,-2,2459
16108902,11764,506825150,55966204,-2095,-4006,-172,5258,292095450,2115,292095470,2115,147,-254,108,90,2481,0,26,2484
16118797,11764,506825141,55966176,-2095,-4006,-172,5258,292095450,2115,292095480,2115,148,-254,119,78,2482,10,14,2484
16128734,11764,506825131,55966148,-2095,-4006,-172,5258,292095450,2115,292095490,2115,148,-254,129,46,2499,19,-18,2501
16138754,11764,506825122,55966120,-2096,-4006,-172,5258,292095450,2115,292095500,2115,148,-255,110,108,2549,-2,42,2551
16148989,11764,506825112,55966091,-2096,-4006,-172,5258,292095450,2115,292095510,2115,149,-255,87,79,2503,-23,14,2504
16158857,11764,506825103,55966062,-2096,-4005,-173,5258,292095500,2115,292095520,2115,150,-256,102,103,2511,-9,37,2513
16168792,11764,506825094,55966034,-2096,-4005,-173,5258,292095500,2115,292095530,2115,150,-256,85,45,2520,-26,-21,2520
16178754,11765,506825084,55966006,-2096,-4005,-173,5258,292095500,2115,292095540,2115,151,-256,96,44,2497,-14,-22,2497
16188735,11765,506825075,55965978,-2096,-4005,-173,5258,292095500,2115,292095550,2115,151,-256,100,90,2540,-12,23,2542
16199211,11765,506825065,55965950,-2096,-4005,-174,5258,292095500,2115,292095560,2115,152,-256,116,116,2575,2,48,2578
16209634,11765,506825056,55965921,-2096,-4005,-174,5258,292095550,2115,292095570,2115,152,-257,121,32,2550,9,-36,2551
16219262,11765,506825046,55965892,-2096,-4005,-174,5258,292095550,2115,292095580,2115,152,-257,119,48,2491,9,-18,2492
16228732,11765,506825037,55965864,-2096,-4005,-174,5258,292095550,2115,292095590,2115,152,-257,77,93,2486,-33,27,2487
16238710,11765,506825028,55965836,-2096,-4005,-174,5258,292095550,2115,292095600,2115,153,-257,107,122,2491,-4,56,2494
16249304,11765,506825018,55965808,-2096,-4005,-174,5258,292095550,2115,292095610,2115,153,-257,99,18,2493,-11,-49,2493
16258869,11765,506825009,55965779,-2096,-4005,-174,5258,292095600,2115,292095620,2115,153,-257,92,111,2528,-20,43,2530
16268809,11765,506824999,55965751,-2096,-4005,-174,5258,292095600,2115,292095630,2115,153,-257,115,67,2496,5,0,2498
16279047,11765,506824990,55965723,-2096,-4005,-174,5258,292095600,2115,292095640,2115,153,-257,114,36,2543,2,-32,2543
16288728,11765,506824981,55965695,-2096,-4005,-174,5258,292095600,2115,292095650,2115,154,-257,111,94,2500,0,27,2502
16298992,11765,506824971,55965666,-2096,-4005,-174,5258,292095600,2115,292095660,2115,154,-257,114,44,2464,5,-22,2465
16308889,11766,506824962,55965637,-2096,-4005,-174,5258,292095650,2115,292095670,2115,153,-257,120,85,2492,10,18,2494
16318783,11766,506824952,55965609,-2096,-4005,-175,5258,292095650,2115,292095680,2115,153,-257,92,84,2547,-21,16,2548
16328749,11766,506824943,55965581,-2096,-4004,-175,5258,292095650,2115,292095690,2115,153,-257,106,103,2549,-7,36,2551
16339399,11766,506824933,55965553,-2096,-4004,-175,5258,292095650,2115,292095700,2115,152,-257,101,66,2521,-10,-1,2522
16348966,11766,506824924,55965525,-2097,-4004,-175,5258,292095650,2115,292095710,2115,152,-257,95,119,2540,-17,51,2543
16358867,11766,506824915,55965495,-2096,-4004,-175,5258,292095700,2115,292095720,2115,151,-257,108,51,2515,-4,-15,2516
16368869,11766,506824905,55965467,-2096,-4004,-175,5258,292095700,2115,292095730,2115,151,-257,105,98,2455,-4,33,2457
16378756,11766,506824896,55965439,-2096,-4004,-175,5258,292095700,2115,292095740,2115,151,-257,127,53,2516,15,-13,2518
16388737,11766,506824886,55965411,-2096,-4004,-175,5258,292095700,2115,292095750,2115,150,-258,115,62,2508,4,-3,2510
16399524,11766,506824877,55965383,-2097,-4004,-175,5258,292095700,2115,292095760,2115,150,-258,126,108,2507,15,43,2510
16408850,11766,506824868,55965354,-2097,-4004,-176,5258,292095750,2115,292095770,2115,149,-258,108,102,2533,-4,36,2536
16418834,11767,506824858,55965326,-2097,-4004,-175,5258,292095750,2115,292095780,2115,148,-259,106,71,2484,-5,7,2486
16429531,11767,506824849,55965298,-2097,-4004,-175,5258,292095750,2115,292095790,2115,148,-259,84,98,2452,-25,35,2453
16438759,11767,506824839,55965270,-2097,-4004,-176,5258,292095750,2115,292095800,2115,147,-259,93,48,2565,-22,-18,2565
16450098,11767,506824830,55965241,-2097,-4004,-176,5258,292095750,2115,292095810,2115,147,-260,129,79,2585,13,13,2587
16459091,11767,506824820,55965212,-2098,-4004,-177,5258,292095800,2115,292095820,2115,146,-260,128,95,2540,14,31,2543
16468827,11767,506824811,55965184,-2098,-4003,-177,5258,292095800,2115,292095830,2115,146,-261,106,70,2552,-8,5,2554
16479406,11767,506824802,55965156,-2097,-4003,-177,5258,292095800,2115,292095840,2115,145,-261,100,56,2508,-13,-7,2509
16488713,11767,506824792,55965128,-2098,-4003,-177,5258,292095800,2115,292095850,2115,144,-262,104,80,2512,-10,17,2513
16498971,11767,506824783,55965100,-2098,-4003,-178,5258,292095800,2115,292095860,2115,143,-262,98,92,2564,-18,27,2565
16508891,11767,506824773,55965071,-2098,-4002,-178,5258,292095850,2115,292095870,2115,143,-263,103,127,2534,-12,64,2537
16518807,11767,506824764,55965043,-2098,-4003,-179,5259,292095850,2115,292095880,2115,142,-263,116,48,2568,0,-16,2569
16528717,11767,506824754,55965014,-2098,-4002,-179,5259,292095850,2115,292095890,2115,141,-263,93,47,2572,-23,-17,2572
16538725,11767,506824745,55964986,-2098,-4002,-179,5259,292095850,2115,292095900,2115,141,-264,86,79,2516,-29,17,2517
16548974,11767,506824735,55964958,-2098,-4002,-180,5259,292095850,2115,292095910,2115,140,-264,111,102,2531,-4,40,2534
16558875,11767,506824726,55964929,-2098,-4002,-180,5259,292095900,2115,292095920,2115,139,-264,96,56,2557,-20,-7,2558
16568788,11767,506824717,55964901,-2098,-4002,-181,5259,292095900,2115,292095930,2115,139,-265,120,59,2555,3,-3,2557
16578707,11767,506824707,55964873,-2098,-4002,-181,5259,292095900,2115,292095940,2115,139,-265,105,50,2539,-11,-12,2540
16588734,11767,506824698,55964845,-2099,-4001,-181,5259,292095900,2115,292095950,2115,139,-265,116,97,2570,-2,35,2572
16599738,11767,506824688,55964817,-2099,-4001,-182,5259,292095900,2115,292095960,2115,138,-265,102,76,2530,-14,15,2531
16609478,11767,506824679,55964788,-2098,-4002,-182,5259,292095950,2115,292095970,2115,138,-265,110,8,2527,-5,-52,2527
16618814,11767,506824669,55964760,-2098,-4002,-182,5259,292095950,2115,292095980,2115,138,-266,112,74,2559,-5,12,2560
16628734,11767,506824660,55964732,-2098,-4001,-182,5259,292095950,2115,292095990,2115,137,-266,107,96,2496,-8,36,2498
16638922,11767,506824650,55964704,-2098,-4001,-182,5259,292095950,2115,292096000,2115,137,-266,94,49,2485,-20,-10,2485
16648975,11767,506824641,55964676,-2098,-4001,-183,5259,292095950,2115,292096010,2115,136,-266,99,35,2532,-16,-26,2532
16658871,11767,506824631,55964646,-2098,-4001,-183,5259,292096000,2115,292096020,2115,136,-266,106,51,2515,-9,-9,2516
16668819,11767,506824622,55964618,-2098,-4001,-183,5259,292096000,2115,292096030,2115,136,-266,133,69,2537,17,9,2539
16678712,11767,506824613,55964590,-2098,-4001,-183,5259,292096000,2115,292096040,2115,136,-266,122,38,2553,6,-22,2555
16688716,11767,506824603,55964562,-2098,-4001,-184,5259,292096000,2115,292096050,2115,136,-265,114,92,2519,-1,33,2521
16699264,11767,506824594,55964534,-2098,-4001,-183,5259,292096000,2115,292096060,2115,136,-265,106,42,2476,-7,-16,2477
16708884,11767,506824584,55964505,-2098,-4001,-183,5259,292096050,2115,292096070,2115,136,-265,77,43,2498,-36,-16,2498
16719457,11767,506824575,55964477,-2098,-4001,-183,5259,292096050,2115,292096080,2115,136,-264,76,71,2489,-37,12,2489
16729249,11767,506824565,55964449,-2097,-4001,-183,5259,292096050,2115,292096090,2115,136,-264,109,38,2505,-5,-21,2506
16738750,11767,506824556,55964421,-2097,-4001,-183,5259,292096050,2115,292096100,2115,135,-263,109,38,2528,-5,-22,2529
16749616,11767,506824547,55964393,-2097,-4001,-183,5259,292096050,2115,292096110,2115,135,-263,137,51,2472,25,-8,2474
16759440,11767,506824537,55964363,-2097,-4001,-183,5259,292096100,2115,292096120,2115,135,-262,120,63,2439,10,6,2441
16768777,11767,506824528,55964335,-2098,-4001,-182,5259,292096100,2115,292096130,2115,135,-261,114,106,2416,5,49,2419
16778731,11768,506824518,55964307,-2098,-4001,-182,5259,292096100,2115,292096140,2115,135,-261,117,27,2432,8,-30,2433
16789350,11768,506824509,55964279,-2098,-4001,-181,5259,292096100,2115,292096150,2115,135,-260,115,53,2438,6,-5,2440
16799851,11768,506824499,55964251,-2098,-4001,-181,5259,292096100,2115,292096160,2115,134,-260,95,93,2442,-14,35,2443
16808861,11768,506824490,55964222,-2098,-4001,-180,5259,292096150,2115,292096170,2115,134,-259,100,77,2411,-7,21,2413
16818783,11768,506824481,55964194,-2098,-4001,-179,5259,292096150,2115,292096180,2115,134,-258,119,10,2435,11,-47,2436
16828748,11768,506824471,55964166,-2098,-4001,-179,5259,292096150,2115,292096190,2115,134,-258,104,45,2432,-4,-12,2433
16838716,11768,506824462,55964138,-2098,-4001,-178,5259,292096150,2115,292096200,2115,134,-257,107,107,2425,-1,51,2428
16849708,11768,506824452,55964110,-2098,-4001,-178,5259,292096150,2115,292096210,2115,134,-256,132,29,2435,25,-28,2436
16858900,11768,506824443,55964081,-2098,-4001,-177,5259,292096200,2115,292096220,2115,134,-256,130,74,2421,24,18,2424
16868807,11768,506824433,55964053,-2098,-4001,-177,5259,292096200,2115,292096230,2115,133,-255,121,84,2420,15,27,2423
16878969,11768,506824424,55964025,-2098,-4001,-176,5259,292096200,2115,292096240,2115,133,-254,99,62,2400,-6,6,2401
16888755,11768,506824415,55963996,-2098,-4001,-175,5259,292096200,2115,292096250,2115,133,-254,103,74,2431,-3,18,2433
16898972,11768,506824405,55963968,-2099,-4001,-175,5259,292096200,2115,292096260,2115,133,-253,98,77,2424,-7,21,2425
16908875,11768,506824396,55963939,-2098,-4001,-174,5259,292096250,2115,292096270,2115,133,-253,110,28,2429,5,-28,2430
16918845,11768,506824386,55963911,-2098,-4001,-174,5259,292096250,2115,292096280,2115,132,-252,113,17,2463,7,-40,2463
16928719,11768,506824377,55963883,-2099,-4001,-173,5259,292096250,2115,292096290,2115,132,-252,117,115,2445,11,59,2448
16938729,11768,506824367,55963855,-2099,-4001,-173,5259,292096250,2115,292096300,2115,132,-252,131,60,2423,26,4,2426
16949031,11768,506824358,55963827,-2099,-4002,-172,5259,292096250,2115,292096310,2115,132,-252,131,49,2399,28,-6,2401
16959100,11768,506824349,55963798,-2099,-4002,-171,5259,292096300,2115,292096320,2115,132,-251,112,54,2409,8,-2,2411
16969124,11768,506824339,55963770,-2099,-4002,-171,5259,292096300,2115,292096330,2115,132,-251,115,31,2413,11,-24,2414
16978733,11768,506824330,55963742,-2099,-4002,-170,5259,292096300,2115,292096340,2115,132,-251,102,57,2427,-3,1,2428
16988739,11768,506824320,55963713,-2099,-4002,-170,5259,292096300,2115,292096350,2115,132,-251,113,71,2441,7,15,2443
16999368,11768,506824311,55963685,-2098,-4002,-169,5259,292096300,2115,292096360,2115,132,-251,110,5,2446,4,-51,2446
17008869,11768,506824301,55963656,-2099,-4002,-169,5259,292096350,2115,292096370,2115,132,-251,115,79,2445,10,23,2447
17018801,11768,506824292,55963628,-2099,-4002,-168,5259,292096350,2115,292096380,2115,132,-251,111,74,2443,6,18,2445
17029312,11767,506824283,55963600,-2099,-4002,-168,5259,292096350,2115,292096390,2115,132,-251,108,45,2447,3,-11,2448
17038956,11767,506824273,55963572,-2098,-4002,-168,5259,292096350,2115,292096400,2115,132,-251,115,30,2455,10,-26,2456
17049262,11768,506824264,55963544,-2099,-4002,-168,5259,292096350,2115,292096410,2115,132,-251,99,77,2501,-9,20,2503
17058895,11768,506824254,55963515,-2099,-4002,-168,5259,292096400,2115,292096420,2115,132,-251,125,78,2528,15,20,2530
17068807,11767,506824245,55963487,-2099,-4002,-168,5259,292096400,2115,292096430,2115,132,-251,103,65,2496,-5,8,2498
17078949,11767,506824235,55963458,-2099,-4002,-167,5259,292096400,2115,292096440,2115,132,-251,104,43,2440,-2,-13,2441
17088751,11767,506824226,55963430,-2099,-4002,-167,5259,292096400,2115,292096450,2115,132,-252,91,42,2462,-16,-15,2462
17100103,11768,506824217,55963402,-2099,-4002,-167,5259,292096400,2115,292096460,2115,131,-252,122,103,2509,14,45,2512
17108862,11768,506824207,55963373,-2098,-4002,-167,5259,292096450,2115,292096470,2115,131,-252,111,4,2490,3,-53,2490
17119043,11768,506824198,55963345,-2098,-4003,-167,5259,292096450,2115,292096480,2115,131,-252,133,40,2494,25,-17,2496
17128714,11768,506824188,55963317,-2099,-4002,-167,5259,292096450,2115,292096490,2115,131,-252,108,89,2482,0,33,2484
17138729,11768,506824179,55963289,-2099,-4003,-167,5259,292096450,2115,292096500,2115,130,-253,130,43,2502,21,-14,2504
17148962,11768,506824169,55963261,-2099,-4003,-167,5259,292096450,2115,292096510,2115,130,-253,108,76,2514,-2,19,2515
17158857,11768,506824160,55963231,-2099,-4002,-167,5259,292096500,2115,292096520,2115,130,-254,104,78,2519,-6,21,2520
17168794,11768,506824151,55963203,-2099,-4002,-167,5259,292096500,2115,292096530,2115,129,-254,106,93,2525,-5,36,2527
17178717,11768,506824141,55963175,-2099,-4002,-168,5259,292096500,2115,292096540,2115,129,-255,109,57,2522,-2,0,2523
17188729,11768,506824132,55963147,-2099,-4002,-168,5259,292096500,2115,292096550,2115,129,-255,113,6,2545,1,-51,2545
17199491,11768,506824122,55963119,-2099,-4002,-168,5259,292096500,2115,292096560,2115,129,-256,102,71,2507,-8,15,2508
17208855,11768,506824113,55963090,-2099,-4002,-168,5259,292096550,2115,292096570,2115,129,-256,116,76,2530,5,19,2532
17218811,11768,506824103,55963062,-2099,-4002,-169,5259,292096550,2115,292096580,2115,129,-257,113,71,2577,-1,13,2578
17228747,11768,506824094,55963034,-2099,-4002,-169,5259,292096550,2115,292096590,2115,128,-257,127,63,2557,14,6,2559
17238774,11768,506824085,55963006,-2099,-4002,-170,5259,292096550,2115,292096600,2115,128,-257,112,53,2570,-2,-5,2571
17250082,11768,506824075,55962978,-2099,-4002,-170,5259,292096550,2115,292096610,2115,128,-258,100,48,2575,-15,-10,2576
17258877,11768,506824066,55962948,-2099,-4002,-171,5259,292096600,2115,292096620,2115,127,-258,90,58,2551,-24,2,2552
17268773,11768,506824056,55962920,-2099,-4002,-171,5259,292096600,2115,292096630,2115,127,-259,93,122,2544,-21,66,2546
17279291,11768,506824047,55962892,-2099,-4002,-172,5259,292096600,2115,292096640,2115,126,-259,110,36,2538,-3,-20,2538
17288715,11768,506824037,55962864,-2099,-4002,-172,5259,292096600,2115,292096650,2115,126,-259,100,22,2545,-13,-34,2545
17299018,11769,506824028,55962836,-2099,-4002,-172,5259,292096600,2115,292096660,2115,125,-259,126,68,2568,11,11,2570
17308869,11769,506824019,55962807,-2100,-4001,-173,5259,292096650,2115,292096670,2115,125,-259,126,94,2572,12,38,2575
17318775,11769,506824009,55962779,-2100,-4002,-173,5259,292096650,2115,292096680,2115,125,-259,115,28,2513,4,-27,2514
17328729,11769,506824000,55962751,-2100,-4002,-173,5259,292096650,2115,292096690,2115,125,-259,116,49,2510,5,-6,2512
17338708,11769,506823990,55962723,-2100,-4001,-173,5259,292096650,2115,292096700,2115,125,-259,94,87,2534,-18,32,2535
17348969,11769,506823981,55962695,-2100,-4001,-174,5259,292096650,2115,292096710,2115,125,-258,98,70,2523,-14,14,2524
17359562,11769,506823971,55962665,-2099,-4001,-174,5259,292096700,2115,292096720,2115,126,-258,102,16,2541,-11,-40,2541
17368812,11769,506823962,55962637,-2099,-4001,-174,5259,292096700,2115,292096730,2115,126,-258,99,54,2543,-14,-2,2544
17378768,11769,506823952,55962609,-2099,-4001,-175,5259,292096700,2115,292096740,2115,126,-258,113,47,2544,0,-9,2545
17388992,11769,506823943,55962581,-2099,-4001,-175,5259,292096700,2115,292096750,2115,126,-257,124,71,2563,10,15,2565
17398960,11769,506823934,55962553,-2099,-4001,-175,5259,292096700,2115,292096760,2115,126,-257,135,64,2512,24,9,2514
17408861,11769,506823924,55962524,-2100,-4001,-175,5259,292096750,2115,292096770,2115,126,-257,122,62,2463,13,8,2465
17418793,11769,506823915,55962496,-2100,-4002,-175,5259,292096750,2115,292096780,2115,126,-257,125,15,2505,15,-40,2506
17428737,11769,506823905,55962468,-2100,-4001,-175,5259,292096750,2115,292096790,2115,127,-256,95,54,2478,-14,-1,2478
17439650,11769,506823896,55962440,-2100,-4001,-175,5259,292096750,2115,292096800,2115,127,-256,117,77,2510,7,21,2512
17448962,11769,506823886,55962412,-2099,-4001,-175,5259,292096750,2115,292096810,2115,127,-256,97,30,2530,-14,-26,2530
17458856,11769,506823877,55962382,-2099,-4002,-175,5259,292096800,2115,292096820,2115,127,-255,127,33,2489,18,-22,2491
17468780,11769,506823868,55962354,-2099,-4002,-175,5259,292096800,2115,292096830,2115,127,-255,104,48,2464,-4,-7,2465
17478712,11769,506823858,55962326,-2099,-4002,-175,5259,292096800,2115,292096840,2115,127,-255,124,58,2521,13,2,2523
17488717,11770,506823849,55962298,-2099,-4002,-175,5259,292096800,2115,292096850,2115,127,-255,117,32,2495,8,-23,2496
17498972,11770,506823839,55962270,-2099,-4002,-175,5259,292096800,2115,292096860,2115,127,-255,124,74,2466,16,20,2468
17508872,11770,506823830,55962241,-2100,-4002,-175,5259,292096850,2115,292096870,2115,127,-255,116,74,2484,7,19,2486
17519456,11770,506823820,55962213,-2100,-4002,-175,5259,292096850,2115,292096880,2115,127,-255,122,43,2492,13,-12,2493
17528743,11770,506823811,55962185,-2100,-4002,-174,5259,292096850,2115,292096890,2115,127,-255,114,86,2463,6,32,2465
17538744,11770,506823802,55962157,-2100,-4002,-175,5260,292096850,2115,292096900,2115,127,-255,92,118,2522,-19,62,2524
17548968,11770,506823792,55962129,-2100,-4002,-174,5260,292096850,2115,292096910,2115,127,-255,118,27,2477,10,-28,2478
17559800,11770,506823783,55962100,-2100,-4002,-174,5260,292096900,2115,292096920,2115,128,-255,117,66,2474,8,11,2476
17568793,11770,506823773,55962072,-2100,-4002,-174,5260,292096900,2115,292096930,2115,128,-255,103,110,2463,-5,55,2465
17578706,11771,506823764,55962044,-2100,-4002,-174,5260,292096900,2115,292096940,2115,129,-256,108,29,2485,-1,-27,2486
17588726,11771,506823754,55962016,-2100,-4002,-173,5260,292096900,2115,292096950,2115,129,-256,131,54,2475,22,-2,2477
17599549,11771,506823745,55961988,-2100,-4002,-174,5260,292096900,2115,292096960,2115,129,-256,113,77,2527,2,20,2528
17608855,11771,506823736,55961959,-2101,-4002,-174,5260,292096950,2115,292096970,2115,129,-256,118,107,2532,6,50,2535
17618808,11771,506823726,55961931,-2101,-4002,-174,5260,292096950,2115,292096980,2115,129,-257,112,71,2512,1,15,2514
17628711,11771,506823717,55961903,-2101,-4002,-174,5260,292096950,2115,292096990,2115,129,-257,112,76,2498,1,20,2500
17638701,11771,506823707,55961875,-2100,-4002,-174,5260,292096950,2115,292097000,2115,129,-257,81,-8,2448,-27,-64,2446
17650131,11771,506823698,55961847,-2101,-4001,-174,5260,292096950,2115,292097010,2115,129,-258,104,94,2492,-7,38,2494
17658884,11771,506823689,55961818,-2101,-4002,-174,5260,292097000,2115,292097020,2115,129,-258,123,98,2517,11,41,2520
17668797,11772,506823679,55961789,-2101,-4002,-174,5260,292097000,2115,292097030,2115,130,-258,128,73,2519,16,16,2521
17679040,11772,506823670,55961761,-2101,-4002,-174,5260,292097000,2115,292097040,2115,130,-258,125,49,2516,14,-8,2518
17688710,11772,506823660,55961733,-2101,-4002,-174,5260,292097000,2115,292097050,2115,130,-259,120,61,2530,8,4,2532
17698981,11772,506823651,55961705,-2101,-4002,-174,5260,292097000,2115,292097060,2115,130,-259,99,81,2515,-14,24,2517
17708860,11772,506823642,55961676,-2101,-4001,-174,5260,292097050,2115,292097070,2115,130,-260,100,80,2476,-11,23,2477
17718778,11772,506823632,55961648,-2101,-4001,-174,5260,292097050,2115,292097080,2115,130,-260,104,75,2545,-9,17,2546
17728711,11772,506823623,55961620,-2101,-4001,-175,5260,292097050,2115,292097090,2115,130,-260,105,64,2524,-8,6,2525
17738712,11772,506823613,55961592,-2101,-4001,-175,5260,292097050,2115,292097100,2115,131,-260,106,47,2525,-7,-11,2525
17748978,11772,506823604,55961564,-2101,-4001,-175,5260,292097050,2115,292097110,2115,131,-261,107,88,2549,-7,30,2551
17759116,11773,506823594,55961535,-2102,-4001,-175,5260,292097100,2115,292097120,2115,131,-261,136,86,2503,23,29,2506
17768797,11773,506823585,55961507,-2102,-4001,-175,5260,292097100,2115,292097130,2115,132,-261,121,42,2487,9,-15,2488
17778712,11773,506823576,55961479,-2102,-4001,-175,5260,292097100,2115,292097140,2115,132,-261,127,36,2513,14,-22,2515
17788705,11773,506823566,55961451,-2102,-4001,-176,5260,292097100,2115,292097150,2115,132,-262,119,112,2528,5,54,2531
17798980,11773,506823557,55961423,-2102,-4001,-176,5260,292097100,2115,292097160,2115,132,-262,102,77,2507,-11,19,2509
17808857,11773,506823547,55961393,-2102,-4001,-176,5260,292097150,2115,292097170,2115,132,-262,81,34,2528,-33,-24,2528
17818821,11773,506823538,55961365,-2102,-4001,-177,5260,292097150,2115,292097180,2115,133,-263,84,71,2584,-33,11,2584
17828727,11773,506823528,55961337,-2102,-4001,-177,5260,292097150,2115,292097190,2115,133,-263,114,68,2528,0,10,2529
17838941,11773,506823519,55961309,-2102,-4001,-177,5260,292097150,2115,292097200,2115,132,-263,118,36,2543,3,-23,2544
17848975,11774,506823510,55961281,-2102,-4001,-177,5260,292097150,2115,292097210,2115,132,-263,127,102,2527,12,44,2530
17858881,11774,506823500,55961252,-2102,-4001,-177,5260,292097200,2115,292097220,2115,132,-263,120,79,2465,8,22,2467
17868794,11774,506823491,55961224,-2102,-4000,-177,5260,292097200,2115,292097230,2115,132,-263,116,73,2526,2,15,2528
17878711,11774,506823481,55961196,-2102,-4000,-178,5260,292097200,2115,292097240,2115,131,-264,111,56,2557,-5,-2,2558
17888718,11774,506823472,55961168,-2102,-4001,-178,5260,292097200,2115,292097250,2115,131,-264,128,45,2521,14,-12,2523
17900096,11774,506823462,55961140,-2103,-4000,-178,5260,292097200,2115,292097260,2115,131,-264,98,94,2534,-17,36,2535
17908866,11774,506823453,55961111,-2103,-4000,-178,5260,292097250,2115,292097270,2115,131,-264,69,73,2521,-46,16,2520
17918884,11774,506823444,55961083,-2103,-4000,-178,5260,292097250,2115,292097280,2115,131,-264,105,52,2485,-8,-5,2485
17928718,11774,506823434,55961054,-2103,-4000,-178,5260,292097250,2115,292097290,2115,131,-264,116,67,2516,2,10,2518
17939329,11774,506823425,55961026,-2103,-4000,-179,5260,292097250,2115,292097300,2115,131,-264,112,106,2538,-3,48,2540
17950137,11775,506823415,55960998,-2103,-4000,-179,5260,292097250,2115,292097310,2115,131,-264,136,24,2524,21,-34,2526
17958939,11775,506823406,55960969,-2103,-4000,-179,5260,292097300,2115,292097320,2115,130,-264,126,72,2565,10,14,2567
17968779,11775,506823396,55960941,-2103,-4000,-180,5260,292097300,2115,292097330,2115,130,-264,121,83,2555,5,25,2558
17978731,11775,506823387,55960913,-2103,-4000,-180,5260,292097300,2115,292097340,2115,130,-264,103,54,2479,-9,-2,2480
17988763,11775,506823378,55960885,-2103,-4000,-180,5260,292097300,2115,292097350,2115,129,-263,93,102,2504,-20,45,2506
17999361,11775,506823368,55960857,-2103,-4000,-180,5260,292097300,2115,292097360,2115,129,-263,85,40,2531,-29,-17,2530
18008863,11775,506823359,55960828,-2102,-4000,-180,5260,292097350,2115,292097370,2115,128,-263,101,32,2522,-13,-25,2522
18018805,11775,506823349,55960800,-2103,-3999,-180,5260,292097350,2115,292097380,2115,127,-263,118,106,2539,3,50,2542
18029076,11775,506823340,55960772,-2103,-3999,-180,5260,292097350,2115,292097390,2115,127,-262,128,73,2496,15,18,2499
18038732,11775,506823330,55960743,-2103,-4000,-180,5260,292097350,2115,292097400,2115,126,-262,131,58,2490,19,3,2492
18048961,11775,506823321,55960715,-2103,-4000,-180,5260,292097350,2115,292097410,2115,126,-262,128,63,2441,18,10,2443
18058898,11775,506823312,55960686,-2104,-4000,-180,5260,292097400,2115,292097420,2115,125,-262,117,90,2463,5,36,2465
18068772,11775,506823302,55960658,-2104,-4000,-179,5260,292097400,2115,292097430,2115,125,-262,124,80,2446,14,26,2448
18079158,11775,506823293,55960630,-2104,-4000,-179,5260,292097400,2115,292097440,2115,125,-261,99,31,2509,-13,-23,2509
18088800,11775,506823283,55960602,-2104,-3999,-179,5260,292097400,2115,292097450,2115,124,-261,93,72,2516,-21,17,2517
18100106,11775,506823274,55960574,-2104,-3999,-179,5260,292097400,2115,292097460,2115,124,-261,106,36,2492,-6,-18,2493
18108860,11775,506823264,55960545,-2104,-3999,-179,5260,292097450,2115,292097470,2115,123,-261,90,83,2509,-23,29,2510
18118890,11775,506823255,55960517,-2104,-3999,-179,5260,292097450,2115,292097480,2115,122,-261,116,63,2467,5,10,2469
18128704,11775,506823245,55960489,-2104,-3999,-179,5260,292097450,2115,292097490,2115,122,-261,130,29,2486,18,-23,2488
18138699,11775,506823236,55960461,-2104,-3999,-179,5260,292097450,2115,292097500,2115,122,-261,126,96,2492,14,43,2495
18149203,11775,506823227,55960432,-2104,-3999,-179,5260,292097450,2115,292097510,2115,121,-261,120,41,2483,9,-12,2485
18158893,11775,506823217,55960403,-2104,-4000,-179,5260,292097500,2115,292097520,2115,121,-260,105,56,2473,-6,4,2474
18168791,11775,506823208,55960375,-2104,-3999,-178,5260,292097500,2115,292097530,2115,121,-260,93,49,2480,-18,-3,2480
18179400,11775,506823198,55960347,-2104,-3999,-178,5260,292097500,2115,292097540,2115,121,-260,99,80,2476,-12,28,2477
18188708,11775,506823189,55960319,-2104,-3999,-178,5260,292097500,2115,292097550,2115,121,-260,111,0,2465,1,-52,2466
18198997,11774,506823179,55960291,-2104,-3999,-178,5260,292097500,2115,292097560,2115,121,-260,99,67,2464,-11,15,2465
18209207,11774,506823170,55960262,-2104,-3999,-178,5260,292097550,2115,292097570,2115,121,-260,103,48,2472,-7,-4,2473
18219731,11774,506823161,55960233,-2104,-3999,-178,5260,292097550,2115,292097580,2115,121,-260,122,36,2504,10,-17,2506
18228744,11774,506823151,55960205,-2104,-3999,-178,5260,292097550,2115,292097590,2115,121,-260,128,59,2512,16,6,2514
18239477,11774,506823142,55960177,-2103,-3999,-178,5260,292097550,2115,292097600,2115,121,-260,111,15,2484,0,-38,2485
18249584,11774,506823132,55960149,-2104,-3999,-177,5260,292097550,2115,292097610,2115,122,-261,94,65,2488,-17,12,2488
18258872,11774,506823123,55960120,-2104,-3999,-178,5260,292097600,2115,292097620,2115,122,-261,103,77,2512,-10,23,2513
18269049,11774,506823113,55960092,-2103,-3999,-178,5260,292097600,2115,292097630,2115,122,-261,101,49,2528,-12,-5,2528
18278741,11774,506823104,55960064,-2103,-3999,-178,5260,292097600,2115,292097640,2115,122,-261,104,8,2525,-9,-46,2524
18289154,11774,506823095,55960036,-2103,-3999,-178,5260,292097600,2115,292097650,2115,122,-261,84,72,2485,-28,19,2486
18298969,11774,506823085,55960008,-2103,-3999,-178,5260,292097600,2115,292097660,2115,123,-261,118,33,2477,7,-20,2478
18308874,11774,506823076,55959978,-2103,-3999,-178,5260,292097650,2115,292097670,2115,123,-262,127,25,2497,15,-29,2499
18318846,11774,506823066,55959950,-2103,-3999,-178,5260,292097650,2115,292097680,2115,123,-262,124,61,2486,12,8,2488
18328703,11774,506823057,55959922,-2103,-3999,-178,5260,292097650,2115,292097690,2115,124,-262,122,52,2489,10,-1,2491
18338759,11774,506823047,55959894,-2103,-3999,-178,5260,292097650,2115,292097700,2115,124,-262,95,41,2517,-18,-14,2518
18348996,11774,506823038,55959866,-2103,-3999,-178,5260,292097650,2115,292097710,2115,125,-262,99,70,2522,-15,15,2523
18358863,11774,506823028,55959837,-2103,-3999,-178,5260,292097700,2115,292097720,2115,125,-263,93,59,2520,-21,4,2520
18368826,11774,506823019,55959809,-2103,-3999,-178,5260,292097700,2115,292097730,2115,126,-263,93,1,2537,-22,-54,2537
18378719,11774,506823010,55959781,-2102,-3999,-178,5260,292097700,2115,292097740,2115,127,-263,101,19,2509,-12,-36,2509
18389322,11774,506823000,55959753,-2102,-3999,-179,5260,292097700,2115,292097750,2115,127,-263,104,56,2518,-10,0,2518
18399045,11774,506822991,55959725,-2103,-3999,-179,5260,292097700,2115,292097760,2115,127,-263,108,89,2515,-6,34,2517
18408881,11774,506822981,55959695,-2102,-3999,-179,5260,292097750,2115,292097770,2115,127,-263,114,28,2541,-1,-28,2542
18419503,11774,506822972,55959667,-2102,-3999,-179,5260,292097750,2115,292097780,2115,128,-263,123,33,2523,9,-23,2524
18428711,11774,506822962,55959639,-2102,-3999,-179,5260,292097750,2115,292097790,2115,128,-263,109,87,2501,-5,31,2503
18438714,11774,506822953,55959611,-2102,-3999,-179,5260,292097750,2115,292097800,2115,128,-263,106,48,2514,-8,-8,2515
18448949,11774,506822944,55959583,-2102,-3999,-179,5260,292097750,2115,292097810,2115,128,-264,95,23,2521,-19,-34,2521
18459205,11774,506822934,55959554,-2102,-3999,-179,5260,292097800,2115,292097820,2115,129,-264,94,26,2488,-19,-30,2488
18468784,11774,506822925,55959526,-2102,-3999,-179,5260,292097800,2115,292097830,2115,129,-264,103,87,2506,-10,30,2507
18479139,11774,506822915,55959498,-2102,-3998,-180,5260,292097800,2115,292097840,2115,129,-264,105,57,2529,-10,0,2530
18488719,11774,506822906,55959470,-2102,-3999,-180,5260,292097800,2115,292097850,2115,129,-264,109,30,2532,-5,-27,2532
18499612,11774,506822896,55959442,-2102,-3999,-180,5260,292097800,2115,292097860,2115,130,-264,114,53,2533,-1,-4,2534
18508953,11774,506822887,55959412,-2102,-3999,-180,5260,292097850,2115,292097870,2115,130,-264,128,33,2477,16,-22,2478
18518786,11774,506822877,55959384,-2102,-3999,-180,5260,292097850,2115,292097880,2115,130,-264,96,78,2470,-16,22,2471
18528768,11774,506822868,55959356,-2102,-3998,-180,5260,292097850,2115,292097890,2115,130,-264,83,71,2504,-31,14,2504
18539159,11774,506822859,55959328,-2102,-3998,-180,5260,292097850,2115,292097900,2115,129,-264,122,44,2533,7,-13,2535
18548955,11774,506822849,55959300,-2102,-3998,-180,5260,292097850,2115,292097910,2115,129,-264,98,59,2551,-17,1,2551
18558862,11774,506822840,55959271,-2101,-3998,-181,5261,292097900,2115,292097920,2115,129,-264,104,74,2541,-12,17,2542
18569292,11774,506822830,55959243,-2101,-3998,-180,5261,292097900,2115,292097930,2115,129,-264,75,72,2479,-38,16,2479
18578727,11774,506822821,55959215,-2101,-3998,-181,5261,292097900,2115,292097940,2115,129,-264,95,37,2506,-18,-19,2506
18588723,11774,506822811,55959187,-2101,-3998,-181,5261,292097900,2115,292097950,2115,129,-264,107,63,2548,-9,5,2549
18600256,11774,506822802,55959159,-2101,-3998,-181,5261,292097900,2115,292097960,2115,129,-264,128,41,2522,13,-16,2524
18608899,11774,506822792,55959129,-2102,-3998,-182,5261,292097950,2115,292097970,2115,129,-264,121,63,2541,5,6,2542
18618737,11774,506822783,55959101,-2102,-3998,-182,5261,292097950,2115,292097980,2115,130,-264,96,75,2525,-18,17,2526
18628711,11774,506822774,55959073,-2102,-3997,-182,5261,292097950,2115,292097990,2115,130,-264,105,54,2502,-9,-3,2503
18639609,11774,506822764,55959045,-2101,-3997,-181,5261,292097950,2115,292098000,2115,130,-264,93,35,2451,-18,-21,2452
18648963,11774,506822755,55959017,-2101,-3997,-181,5261,292097950,2115,292098010,2115,130,-264,90,46,2463,-22,-10,2463
18659031,11774,506822745,55958988,-2101,-3997,-181,5261,292098000,2115,292098020,2115,131,-265,107,65,2482,-6,9,2484
18668801,11774,506822736,55958960,-2101,-3997,-181,5261,292098000,2115,292098030,2115,131,-265,118,43,2498,4,-14,2500
18678702,11774,506822726,55958932,-2101,-3997,-181,5261,292098000,2115,292098040,2115,132,-265,115,7,2538,0,-52,2538
18689153,11774,506822717,55958904,-2101,-3997,-181,5261,292098000,2115,292098050,2115,132,-265,116,70,2501,2,12,2503
18699012,11774,506822707,55958876,-2101,-3997,-181,5261,292098000,2115,292098060,2115,133,-264,103,70,2493,-10,12,2494
18708893,11774,506822698,55958846,-2101,-3997,-182,5261,292098050,2115,292098070,2115,134,-264,94,72,2535,-21,13,2536
18719210,11774,506822688,55958818,-2101,-3997,-182,5261,292098050,2115,292098080,2115,135,-264,96,19,2524,-19,-40,2524
18728742,11774,506822679,55958790,-2101,-3997,-182,5261,292098050,2115,292098090,2115,135,-264,85,51,2533,-30,-9,2533
18738718,11774,506822669,55958762,-2100,-3997,-182,5261,292098050,2115,292098100,2115,136,-264,84,18,2522,-30,-42,2521
18750094,11774,506822660,55958734,-2100,-3997,-182,5261,292098050,2115,292098110,2115,137,-263,86,26,2500,-27,-34,2499
18758861,11774,506822650,55958705,-2100,-3997,-182,5261,292098100,2115,292098120,2115,138,-263,116,77,2498,3,17,2500
18768816,11774,506822641,55958677,-2100,-3997,-182,5261,292098100,2115,292098130,2115,138,-262,130,22,2470,19,-37,2472
18778775,11774,506822632,55958649,-2100,-3997,-181,5261,292098100,2115,292098140,2115,139,-262,108,81,2452,-2,22,2454
18788732,11774,506822622,55958621,-2100,-3997,-181,5261,292098100,2115,292098150,2115,140,-261,120,24,2465,9,-37,2466
18799760,11774,506822613,55958593,-2100,-3997,-181,5261,292098100,2115,292098160,2115,141,-261,95,83,2481,-16,22,2483
18809748,11774,506822603,55958563,-2099,-3997,-181,5261,292098150,2115,292098170,2115,142,-261,114,-14,2460,4,-75,2460
18818805,11773,506822594,55958535,-2099,-3997,-180,5261,292098150,2115,292098180,2115,143,-260,96,75,2456,-14,14,2457
18828727,11773,506822584,55958507,-2099,-3997,-180,5261,292098150,2115,292098190,2115,143,-260,91,25,2455,-19,-36,2455
18838729,11774,506822575,55958479,-2099,-3997,-180,5261,292098150,2115,292098200,2115,144,-260,81,90,2437,-28,29,2438
18849034,11774,506822565,55958451,-2099,-3997,-179,5261,292098150,2115,292098210,2115,144,-260,130,62,2480,20,0,2483
18858862,11774,506822556,55958421,-2099,-3997,-180,5261,292098200,2115,292098220,2115,144,-260,121,41,2504,9,-22,2505
18868790,11774,506822547,55958393,-2099,-3997,-179,5261,292098200,2115,292098230,2115,145,-260,114,33,2482,3,-30,2483
18878827,11774,506822537,55958365,-2099,-3997,-179,5261,292098200,2115,292098240,2115,145,-260,104,79,2434,-5,18,2436
18888727,11773,506822528,55958337,-2099,-3997,-179,5261,292098200,2115,292098250,2115,145,-260,100,109,2455,-10,46,2458
18898967,11773,506822518,55958309,-2099,-3997,-178,5261,292098200,2115,292098260,2115,146,-261,112,30,2477,1,-33,2478
18908857,11773,506822509,55958280,-2099,-3997,-179,5261,292098250,2115,292098270,2115,146,-261,112,78,2529,-1,14,2530
18918781,11773,506822499,55958252,-2099,-3997,-179,5261,292098250,2115,292098280,2115,147,-261,90,53,2513,-23,-11,2513
18928717,11773,506822490,55958223,-2099,-3997,-179,5261,292098250,2115,292098290,2115,147,-262,90,70,2521,-24,5,2521
18938762,11773,506822480,55958195,-2099,-3996,-179,5261,292098250,2115,292098300,2115,147,-262,76,29,2468,-35,-35,2467
18949009,11773,506822471,55958167,-2098,-3996,-179,5261,292098250,2115,292098310,2115,147,-262,101,59,2503,-12,-5,2504
18958861,11773,506822461,55958138,-2099,-3996,-179,5261,292098300,2115,292098320,2115,147,-263,113,84,2508,0,19,2510
18968790,11773,506822452,55958110,-2099,-3996,-179,5261,292098300,2115,292098330,2115,147,-263,124,90,2536,9,25,2539
18978732,11773,506822443,55958082,-2099,-3996,-179,5261,292098300,2115,292098340,2115,147,-264,109,104,2520,-6,39,2522
18988708,11773,506822433,55958054,-2099,-3996,-179,5261,292098300,2115,292098350,2115,147,-264,106,46,2528,-9,-19,2528
18998954,11773,506822424,55958026,-2099,-3996,-180,5261,292098300,2115,292098360,2115,148,-265,105,23,2524,-9,-42,2524
19008858,11773,506822414,55957996,-2099,-3996,-179,5261,292098350,2115,292098370,2115,148,-265,99,92,2487,-15,28,2488
19018816,11773,506822405,55957968,-2099,-3996,-179,5261,292098350,2115,292098380,2115,147,-266,88,105,2478,-26,41,2479
19028740,11772,506822395,55957940,-2098,-3996,-179,5261,292098350,2115,292098390,2115,147,-266,88,24,2519,-27,-40,2518
19038953,11772,506822386,55957912,-2098,-3996,-180,5261,292098350,2115,292098400,2115,147,-267,109,69,2552,-8,4,2554
19048995,11772,506822377,55957884,-2098,-3996,-180,5261,292098350,2115,292098410,2115,147,-267,97,76,2533,-19,11,2534
19058886,11772,506822367,55957854,-2098,-3996,-180,5261,292098400,2115,292098420,2115,147,-267,126,60,2555,8,-5,2557
19068785,11772,506822358,55957826,-2098,-3995,-181,5261,292098400,2115,292098430,2115,146,-268,100,60,2529,-16,-5,2530
19078714,11772,506822348,55957798,-2098,-3995,-181,5261,292098400,2115,292098440,2115,146,-268,95,75,2475,-19,12,2476
19088715,11772,506822339,55957770,-2098,-3995,-181,5261,292098400,2115,292098450,2115,146,-268,109,79,2514,-7,15,2516
19100160,11772,506822329,55957742,-2099,-3995,-181,5261,292098400,2115,292098460,2115,146,-268,89,87,2548,-29,22,2549
19108865,11772,506822320,55957713,-2098,-3995,-181,5261,292098450,2115,292098470,2115,146,-268,84,59,2526,-32,-6,2526
19118784,11772,506822310,55957685,-2098,-3995,-182,5261,292098450,2115,292098480,2115,145,-268,102,23,2577,-17,-42,2577
19128719,11772,506822301,55957657,-2098,-3995,-182,5261,292098450,2115,292098490,2115,145,-269,106,68,2572,-13,3,2573
19138719,11772,506822292,55957629,-2098,-3995,-183,5261,292098450,2115,292098500,2115,145,-269,101,60,2516,-15,-4,2517
19148949,11772,506822282,55957601,-2098,-3995,-183,5261,292098450,2115,292098510,2115,144,-268,99,42,2511,-17,-21,2512
19158893,11772,506822273,55957571,-2098,-3994,-183,5261,292098500,2115,292098520,2115,144,-268,99,82,2522,-17,19,2523
19169467,11772,506822263,55957543,-2098,-3994,-183,5261,292098500,2115,292098530,2115,144,-268,115,63,2535,-3,-1,2537
19178743,11772,506822254,55957515,-2098,-3994,-184,5261,292098500,2115,292098540,2115,143,-268,114,83,2559,-4,19,2561
19188703,11772,506822244,55957487,-2098,-3994,-184,5261,292098500,2115,292098550,2115,143,-269,100,56,2545,-17,-7,2546
19199525,11772,506822235,55957459,-2098,-3994,-184,5261,292098500,2115,292098560,2115,143,-269,100,44,2488,-15,-18,2489
19208858,11772,506822226,55957430,-2098,-3994,-184,5261,292098550,2115,292098570,2115,142,-269,76,69,2472,-38,8,2472
19218915,11772,506822216,55957402,-2098,-3994,-183,5261,292098550,2115,292098580,2115,142,-269,114,88,2478,-1,26,2480
19228726,11772,506822207,55957374,-2098,-3994,-183,5261,292098550,2115,292098590,2115,141,-269,124,23,2506,8,-38,2507
19238712,11772,506822197,55957346,-2098,-3994,-184,5261,292098550,2115,292098600,2115,141,-269,120,65,2545,2,2,2547
19248999,11772,506822188,55957318,-2098,-3994,-184,5261,292098550,2115,292098610,2115,141,-269,110,77,2536,-8,14,2537
19258877,11772,506822178,55957288,-2098,-3993,-184,5261,292098600,2115,292098620,2115,141,-270,100,108,2509,-17,46,2511
19268783,11772,506822169,55957260,-2098,-3993,-184,5261,292098600,2115,292098630,2115,141,-270,100,39,2522,-17,-23,2522
19279094,11772,506822160,55957232,-2097,-3993,-185,5261,292098600,2115,292098640,2115,141,-270,107,47,2552,-11,-15,2553
19288733,11772,506822150,55957204,-2097,-3993,-185,5261,292098600,2115,292098650,2115,141,-270,94,42,2513,-23,-20,2513
19299014,11772,506822141,55957176,-2097,-3993,-185,5261,292098600,2115,292098660,2115,141,-271,86,75,2513,-31,13,2514
19308841,11772,506822131,55957147,-2097,-3993,-185,5261,292098650,2115,292098670,2115,140,-271,89,69,2534,-29,6,2535
19318820,11772,506822122,55957119,-2097,-3993,-186,5261,292098650,2115,292098680,2115,140,-271,119,14,2562,0,-49,2563
19328722,11772,506822112,55957091,-2097,-3993,-186,5261,292098650,2115,292098690,2115,140,-271,137,93,2530,19,32,2533
19338708,11772,506822103,55957063,-2097,-3993,-186,5261,292098650,2115,292098700,2115,140,-271,107,56,2511,-10,-5,2512
19349017,11772,506822093,55957035,-2097,-3993,-186,5261,292098650,2115,292098710,2115,140,-272,104,58,2503,-13,-3,2504
19359120,11772,506822084,55957006,-2097,-3993,-186,5261,292098700,2115,292098720,2115,140,-272,99,66,2510,-19,5,2511
19368788,11772,506822075,55956978,-2097,-3992,-186,5261,292098700,2115,292098730,2115,140,-272,79,21,2526,-39,-41,2525
19378726,11772,506822065,55956950,-2096,-3992,-186,5261,292098700,2115,292098740,2115,140,-273,106,61,2511,-11,0,2512
19388706,11772,506822056,55956922,-2097,-3992,-186,5261,292098700,2115,292098750,2115,140,-273,102,87,2499,-15,26,2501
19399419,11772,506822046,55956894,-2097,-3992,-187,5261,292098700,2115,292098760,2115,140,-273,107,52,2535,-12,-9,2536
19408860,11772,506822037,55956865,-2096,-3992,-187,5261,292098750,2115,292098770,2115,140,-273,115,35,2506,-3,-26,2507
19418802,11772,506822028,55956837,-2096,-3992,-187,5261,292098750,2115,292098780,2115,140,-274,116,72,2482,-1,12,2484
19428719,11772,506822018,55956809,-2096,-3992,-187,5261,292098750,2115,292098790,2115,140,-274,111,45,2482,-6,-15,2483
19439199,11772,506822009,55956781,-2096,-3992,-187,5261,292098750,2115,292098800,2115,140,-274,87,44,2499,-31,-18,2499
19448970,11772,506821999,55956753,-2096,-3992,-187,5261,292098750,2115,292098810,2115,140,-274,114,67,2545,-6,5,2546
19458895,11772,506821990,55956723,-2096,-3992,-187,5261,292098800,2115,292098820,2115,140,-274,87,92,2548,-33,29,2549
19468846,11772,506821980,55956695,-2096,-3992,-187,5261,292098800,2115,292098830,2115,141,-274,108,55,2495,-10,-6,2496
19478757,11772,506821971,55956667,-2096,-3991,-187,5261,292098800,2115,292098840,2115,141,-274,43,60,2475,-74,-1,2473
19488744,11772,506821962,55956639,-2095,-3991,-189,5261,292098800,2115,292098850,2115,141,-274,27,11,2710,-100,-56,2706
19498956,11772,506821952,55956611,-2095,-3990,-190,5261,292098800,2115,292098860,2115,140,-274,97,64,2639,-28,0,2639
19508851,11772,506821943,55956582,-2096,-3991,-191,5261,292098850,2115,292098870,2115,140,-275,222,104,2645,96,39,2653
19519214,11773,506821933,55956554,-2096,-3991,-191,5261,292098850,2115,292098880,2115,140,-276,186,101,2505,66,40,2511
19528716,11773,506821924,55956526,-2096,-3991,-190,5261,292098850,2115,292098890,2115,140,-277,84,74,2338,-27,17,2339
19538722,11773,506821914,55956498,-2096,-3990,-188,5261,292098850,2115,292098900,2115,140,-277,18,30,2305,-91,-27,2302
19549014,11773,506821905,55956470,-2096,-3989,-188,5261,292098850,2115,292098910,2115,141,-277,18,93,2467,-100,32,2464
19558888,11773,506821896,55956441,-2096,-3989,-188,5261,292098900,2115,292098920,2115,142,-277,119,98,2511,-1,35,2514
19568802,11773,506821886,55956413,-2096,-3990,-189,5261,292098900,2115,292098930,2115,142,-277,200,37,2636,74,-28,2641
19578710,11773,506821877,55956385,-2096,-3991,-189,5261,292098900,2115,292098940,2115,143,-278,208,52,2534,86,-11,2540
19588705,11773,506821867,55956357,-2097,-3990,-189,5262,292098900,2115,292098950,2115,143,-278,141,124,2494,21,62,2499
19600325,11773,506821858,55956329,-2096,-3990,-188,5262,292098900,2115,292098960,2115,144,-279,51,49,2383,-63,-11,2382
19608880,11773,506821848,55956300,-2096,-3989,-188,5262,292098950,2115,292098970,2115,145,-279,-14,35,2517,-135,-30,2511
19619129,11773,506821839,55956272,-2095,-3988,-189,5262,292098950,2115,292098980,2115,146,-279,-9,22,2620,-134,-45,2615
19628704,11773,506821829,55956244,-2094,-3988,-192,5262,292098950,2115,292098990,2115,146,-278,64,-1,2802,-70,-73,2799
19638696,11773,506821820,55956216,-2095,-3988,-194,5262,292098950,2115,292099000,2115,146,-278,141,170,2734,10,101,2739
19648967,11773,506821811,55956188,-2095,-3988,-193,5262,292098950,2115,292099010,2115,146,-276,144,88,2484,26,24,2487
19658896,11774,506821801,55956159,-2095,-3989,-193,5262,292099000,2115,292099020,2115,147,-275,141,4,2432,26,-58,2433
19668799,11774,506821792,55956131,-2095,-3988,-191,5262,292099000,2115,292099030,2115,147,-274,85,123,2322,-25,63,2324
19679620,11774,506821782,55956103,-2095,-3988,-190,5262,292099000,2115,292099040,2115,146,-272,114,20,2331,5,-40,2332
19688718,11775,506821773,55956075,-2095,-3989,-190,5262,292099000,2115,292099050,2115,146,-270,138,75,2424,26,13,2427
19698955,11775,506821763,55956047,-2094,-3988,-189,5262,292099000,2115,292099060,2115,146,-268,16,54,2411,-95,-8,2408
19708855,11775,506821754,55956018,-2095,-3987,-189,5262,292099050,2115,292099070,2115,145,-266,8,117,2456,-104,54,2454
19718783,11776,506821744,55955990,-2094,-3987,-189,5262,292099050,2115,292099080,2115,145,-263,69,52,2574,-47,-13,2573
19728690,11776,506821735,55955962,-2095,-3987,-189,5262,292099050,2115,292099090,2115,145,-261,167,180,2451,56,118,2458
19738723,11776,506821726,55955934,-2096,-3987,-188,5262,292099050,2115,292099100,2115,145,-260,190,82,2411,82,22,2417
19748952,11776,506821716,55955906,-2096,-3987,-187,5262,292099050,2115,292099110,2115,145,-258,151,50,2372,45,-10,2376
19759699,11777,506821707,55955877,-2096,-3987,-185,5262,292099100,2115,292099120,2115,145,-256,73,75,2199,-24,20,2200
19768772,11777,506821697,55955849,-2096,-3986,-182,5262,292099100,2115,292099130,2115,145,-254,48,112,2176,-47,56,2177
19778733,11777,506821688,55955821,-2097,-3986,-180,5262,292099100,2115,292099140,2115,146,-251,88,148,2215,-8,91,2218
19788728,11778,506821678,55955793,-2097,-3986,-177,5262,292099100,2115,292099150,2115,147,-248,91,61,2113,1,7,2114
19798955,11778,506821669,55955765,-2097,-3986,-176,5262,292099100,2115,292099160,2115,146,-245,107,81,2322,9,22,2324
19808887,11778,506821659,55955736,-2097,-3986,-174,5262,292099150,2115,292099170,2115,145,-242,116,78,2306,20,19,2309
19818809,11778,506821650,55955708,-2098,-3987,-173,5262,292099150,2115,292099180,2115,144,-240,182,88,2389,83,28,2394
19828730,11779,506821640,55955680,-2098,-3987,-172,5262,292099150,2115,292099190,2115,143,-239,141,75,2300,47,18,2303
19838745,11779,506821631,55955652,-2099,-3987,-170,5262,292099150,2115,292099200,2115,141,-237,75,129,2286,-18,73,2288
19848939,11779,506821622,55955624,-2098,-3986,-168,5262,292099150,2115,292099210,2115,141,-236,-26,11,2293,-118,-46,2288
19858874,11780,506821612,55955595,-2098,-3985,-166,5262,292099200,2115,292099220,2115,141,-234,0,83,2241,-90,28,2239
19868782,11780,506821603,55955567,-2098,-3985,-165,5262,292099200,2115,292099230,2115,139,-232,43,89,2354,-51,32,2353
19878697,11780,506821593,55955539,-2098,-3985,-164,5262,292099200,2115,292099240,2115,138,-230,170,93,2399,75,36,2404
19888708,11781,506821584,55955511,-2099,-3986,-163,5262,292099200,2115,292099250,2115,137,-229,251,100,2337,159,45,2345
19900125,11781,506821574,55955483,-2101,-3987,-161,5262,292099200,2115,292099260,2115,136,-229,237,192,2201,150,140,2211
19908844,11781,506821565,55955454,-2103,-3986,-158,5262,292099250,2115,292099270,2115,135,-229,192,180,2060,111,131,2068
19918822,11781,506821555,55955426,-2102,-3986,-155,5262,292099250,2115,292099280,2115,135,-229,60,13,2131,-23,-38,2130
19928731,11782,506821546,55955399,-2102,-3986,-153,5262,292099250,2115,292099290,2115,135,-231,20,-42,2263,-69,-96,2258
19938713,11782,506821536,55955371,-2101,-3986,-153,5262,292099250,2115,292099300,2115,134,-232,-1,78,2447,-98,21,2444
19948951,11782,506821527,55955343,-2103,-3984,-153,5262,292099250,2115,292099310,2115,133,-233,59,322,2551,-45,262,2557
19958868,11782,506821517,55955314,-2103,-3984,-153,5262,292099300,2115,292099320,2115,132,-234,97,107,2514,-5,49,2516
19968794,11782,506821508,55955286,-2103,-3985,-153,5262,292099300,2115,292099330,2115,132,-236,184,39,2479,83,-18,2483
19978732,11782,506821498,55955258,-2104,-3985,-152,5262,292099300,2115,292099340,2115,132,-238,181,109,2377,83,54,2383
19989224,11782,506821489,55955230,-2104,-3986,-151,5262,292099300,2115,292099350,2115,132,-241,178,15,2415,78,-40,2418
19999052,11782,506821479,55955202,-2104,-3986,-151,5262,292099300,2115,292099360,2115,131,-243,132,52,2497,28,-5,2499
20008861,11782,506821470,55955172,-2104,-3987,-151,5262,292099350,2115,292099370,2115,131,-246,90,127,2557,-19,68,2559
20018776,11782,506821461,55955144,-2104,-3986,-152,5262,292099350,2115,292099380,2115,131,-249,30,95,2605,-82,35,2603
20028728,11782,506821451,55955117,-2104,-3985,-153,5262,292099350,2115,292099390,2115,131,-251,18,120,2627,-96,59,2626
20038693,11782,506821442,55955089,-2103,-3985,-154,5262,292099350,2115,292099400,2115,132,-254,76,42,2637,-40,-19,2637
20048959,11782,506821432,55955061,-2103,-3985,-156,5262,292099350,2115,292099410,2115,132,-257,95,1,2671,-23,-60,2670
20058860,11782,506821423,55955032,-2103,-3984,-157,5262,292099400,2115,292099420,2115,132,-260,123,26,2690,3,-36,2691
20068784,11783,506821413,55955004,-2104,-3984,-158,5262,292099400,2115,292099430,2115,132,-262,135,101,2662,14,40,2666
20079057,11783,506821404,55954976,-2104,-3984,-160,5262,292099400,2115,292099440,2115,132,-265,114,74,2676,-8,12,2678
20088715,11783,506821394,55954948,-2104,-3984,-161,5262,292099400,2115,292099450,2115,132,-268,121,46,2694,-4,-16,2695
20100109,11783,506821385,55954920,-2104,-3984,-163,5262,292099400,2115,292099460,2115,132,-270,109,80,2730,-18,17,2731
20108897,11783,506821375,55954891,-2103,-3984,-165,5262,292099450,2115,292099470,2115,132,-273,86,45,2744,-43,-19,2743
20119783,11783,506821366,55954863,-2103,-3984,-167,5262,292099450,2115,292099480,2115,133,-275,83,40,2750,-47,-23,2749
20128720,11783,506821356,55954835,-2102,-3983,-169,5262,292099450,2115,292099490,2115,133,-277,61,42,2745,-69,-21,2743
20138714,11783,506821347,55954807,-2102,-3983,-171,5262,292099450,2115,292099500,2115,133,-279,84,59,2772,-49,-6,2772
20148949,11783,506821337,55954779,-2102,-3983,-173,5262,292099450,2115,292099510,2115,134,-280,113,55,2788,-22,-10,2788
20158852,11783,506821328,55954750,-2102,-3983,-175,5262,292099500,2115,292099520,2115,134,-282,117,59,2764,-17,-5,2765
20168800,11783,506821319,55954722,-2102,-3983,-177,5262,292099500,2115,292099530,2115,134,-283,108,39,2764,-27,-26,2764
20178696,11784,506821309,55954694,-2101,-3982,-180,5262,292099500,2115,292099540,2115,134,-284,95,63,2773,-41,-2,2774
20188728,11784,506821300,55954666,-2101,-3982,-182,5262,292099500,2115,292099550,2115,134,-285,105,87,2751,-30,22,2753
20200525,11784,506821290,55954638,-2101,-3982,-183,5262,292099500,2115,292099560,2115,134,-286,100,28,2744,-35,-36,2743
20208903,11784,506821281,55954609,-2101,-3981,-186,5262,292099550,2115,292099570,2115,134,-286,100,70,2786,-37,4,2786
20218797,11784,506821271,55954581,-2101,-3981,-187,5262,292099550,2115,292099580,2115,134,-286,84,86,2693,-49,23,2693
20229374,11784,506821262,55954553,-2101,-3981,-189,5262,292099550,2115,292099590,2115,134,-286,95,31,2705,-38,-32,2705
20239070,11785,506821252,55954525,-2101,-3980,-190,5262,292099550,2115,292099600,2115,134,-285,87,120,2701,-47,57,2702
20249002,11785,506821243,55954497,-2101,-3980,-192,5262,292099550,2115,292099610,2115,134,-285,103,67,2664,-27,5,2664
20258958,11785,506821233,55954468,-2100,-3980,-193,5262,292099600,2115,292099620,2115,134,-284,103,57,2702,-29,-6,2703
20268780,11785,506821224,55954440,-2100,-3980,-195,5262,292099600,2115,292099630,2115,134,-283,104,57,2684,-27,-6,2685
20278712,11785,506821215,55954412,-2100,-3980,-195,5262,292099600,2115,292099640,2115,134,-282,109,67,2612,-18,6,2613
20289030,11785,506821205,55954384,-2100,-3980,-196,5262,292099600,2115,292099650,2115,134,-280,119,67,2619,-7,6,2620
20298955,11785,506821196,55954356,-2100,-3980,-197,5262,292099600,2115,292099660,2115,134,-279,88,45,2597,-36,-15,2597
20308854,11785,506821186,55954327,-2100,-3979,-198,5262,292099650,2115,292099670,2115,134,-278,85,78,2570,-38,18,2571
20319114,11785,506821177,55954299,-2100,-3979,-198,5262,292099650,2115,292099680,2115,134,-276,100,42,2559,-22,-17,2559
20328724,11785,506821167,55954272,-2100,-3979,-199,5262,292099650,2115,292099690,2115,134,-274,98,81,2549,-23,22,2550
20338723,11785,506821158,55954244,-2100,-3979,-199,5262,292099650,2115,292099700,2115,134,-273,117,57,2479,1,0,2481
20350167,11785,506821148,55954216,-2100,-3979,-199,5262,292099650,2115,292099710,2115,134,-271,116,69,2508,-1,10,2510
20358843,11785,506821139,55954187,-2100,-3979,-199,5262,292099700,2115,292099720,2115,134,-269,111,70,2463,-3,13,2465
20368845,11785,506821129,55954159,-2100,-3979,-198,5262,292099700,2115,292099730,2115,135,-267,124,36,2462,11,-22,2464
20379133,11785,506821120,55954131,-2100,-3979,-198,5262,292099700,2115,292099740,2115,135,-266,105,73,2465,-8,15,2466
20388705,11785,506821111,55954103,-2100,-3979,-198,5262,292099700,2115,292099750,2115,135,-264,92,35,2450,-19,-22,2450
20398967,11785,506821101,55954075,-2100,-3979,-197,5262,292099700,2115,292099760,2115,135,-263,100,57,2412,-9,1,2413
20409434,11785,506821092,55954046,-2100,-3979,-196,5262,292099750,2115,292099770,2115,134,-261,93,40,2426,-16,-16,2426
20418841,11784,506821082,55954018,-2100,-3979,-195,5262,292099750,2115,292099780,2115,134,-260,116,42,2405,8,-14,2406
20428716,11784,506821073,55953990,-2100,-3979,-194,5262,292099750,2115,292099790,2115,134,-259,116,60,2349,12,5,2350
20438929,11784,506821063,55953962,-2100,-3979,-193,5262,292099750,2115,292099800,2115,133,-258,120,26,2374,15,-29,2376
20448988,11784,506821054,55953934,-2100,-3979,-192,5262,292099750,2115,292099810,2115,133,-257,109,76,2341,6,22,2343
20458869,11784,506821044,55953905,-2100,-3979,-191,5262,292099800,2115,292099820,2115,132,-257,119,65,2349,15,11,2351
20469013,11784,506821035,55953877,-2100,-3979,-190,5262,292099800,2115,292099830,2115,132,-256,115,69,2368,10,14,2370
20478710,11783,506821026,55953849,-2100,-3979,-189,5262,292099800,2115,292099840,2115,132,-256,111,-2,2370,7,-56,2370
20488730,11783,506821016,55953821,-2100,-3979,-188,5262,292099800,2115,292099850,2115,131,-256,104,50,2333,2,-4,2334
20499641,11783,506821007,55953794,-2100,-3979,-187,5262,292099800,2115,292099860,2115,131,-256,82,42,2360,-22,-12,2360
20508862,11783,506820997,55953765,-2100,-3979,-185,5262,292099850,2115,292099870,2115,130,-256,87,31,2342,-16,-22,2342
20518765,11782,506820988,55953737,-2100,-3979,-185,5262,292099850,2115,292099880,2115,129,-256,118,48,2390,13,-5,2391
20528713,11782,506820978,55953709,-2100,-3979,-184,5262,292099850,2115,292099890,2115,128,-257,112,56,2398,6,2,2399
20538724,11782,506820969,55953681,-2100,-3979,-183,5262,292099850,2115,292099900,2115,127,-257,108,51,2425,1,-3,2426
20550096,11781,506820959,55953653,-2100,-3979,-182,5262,292099850,2115,292099910,2115,126,-258,118,46,2371,13,-6,2372
20559767,11781,506820950,55953624,-2100,-3979,-182,5262,292099900,2115,292099920,2115,125,-258,104,49,2414,-3,-3,2415
20568862,11780,506820940,55953596,-2100,-3979,-180,5262,292099900,2115,292099930,2115,125,-259,97,27,2360,-8,-24,2360
20578712,11780,506820931,55953568,-2100,-3979,-179,5262,292099900,2115,292099940,2115,124,-260,95,49,2362,-10,-2,2362
20590251,11779,506820922,55953540,-2099,-3979,-179,5262,292099900,2115,292099950,2115,123,-261,89,47,2404,-18,-5,2404
20598967,11778,506820912,55953512,-2099,-3979,-178,5262,292099900,2115,292099960,2115,122,-262,97,32,2422,-12,-20,2422
20608871,11778,506820903,55953483,-2099,-3979,-178,5263,292099950,2115,292099970,2115,122,-263,119,-7,2440,9,-59,2440
20619292,11777,506820893,55953455,-2098,-3980,-177,5263,292099950,2115,292099980,2115,121,-264,116,-14,2434,7,-65,2434
20628745,11776,506820884,55953427,-2098,-3979,-177,5263,292099950,2115,292099990,2115,120,-265,85,43,2417,-25,-7,2417
20638702,11776,506820874,55953399,-2098,-3979,-176,5263,292099950,2115,292100000,2115,119,-266,109,32,2427,-2,-18,2428
20649437,11775,506820865,55953372,-2097,-3980,-176,5263,292099950,2115,292100010,2115,119,-267,109,-58,2472,-4,-109,2471
20658891,11774,506820856,55953342,-2097,-3980,-175,5263,292100000,2115,292100020,2115,118,-268,102,53,2485,-12,2,2486
20668773,11774,506820846,55953315,-2097,-3980,-175,5263,292100000,2115,292100030,2115,117,-269,107,6,2481,-8,-45,2481
20678872,11773,506820837,55953287,-2096,-3980,-175,5263,292100000,2115,292100040,2115,117,-270,96,-69,2534,-21,-121,2532
20688731,11772,506820827,55953259,-2096,-3980,-175,5263,292100000,2115,292100050,2115,116,-271,90,10,2462,-24,-40,2461
20698939,11772,506820818,55953231,-2095,-3980,-175,5263,292100000,2115,292100060,2115,116,-272,91,-18,2440,-23,-67,2439
20709002,11771,506820808,55953202,-2095,-3980,-175,5263,292100050,2115,292100070,2115,115,-273,92,22,2501,-25,-28,2500
20718798,11770,506820799,55953174,-2094,-3980,-175,5263,292100050,2115,292100080,2115,114,-274,112,-49,2563,-8,-100,2562
20728704,11770,506820789,55953146,-2094,-3980,-176,5263,292100050,2115,292100090,2115,114,-274,105,-6,2576,-17,-57,2576
20738714,11769,506820780,55953118,-2094,-3980,-176,5263,292100050,2115,292100100,2115,113,-275,114,-9,2552,-6,-59,2552
20750097,11768,506820771,55953090,-2093,-3980,-177,5263,292100050,2115,292100110,2115,112,-276,96,10,2568,-26,-40,2567
20759285,11768,506820761,55953061,-2092,-3981,-177,5263,292100100,2115,292100120,2115,112,-277,94,-52,2521,-25,-101,2520
20769305,11767,506820752,55953033,-2092,-3981,-177,5263,292100100,2115,292100130,2115,111,-277,81,-12,2521,-39,-61,2520
20778724,11767,506820742,55953005,-2091,-3981,-177,5263,292100100,2115,292100140,2115,111,-277,95,2,2549,-26,-48,2548
20788692,11766,506820733,55952977,-2091,-3981,-178,5263,292100100,2115,292100150,2115,110,-278,108,-5,2545,-13,-54,2545
20803297,11765,506820724,55952949,-2090,-3981,-178,5263,292100100,2115,292100160,2115,110,-278,117,-31,2595,-6,-80,2595
20808857,11765,506820714,55952920,-2090,-3981,-179,5263,292100150,2115,292100170,2115,109,-278,91,-19,2596,-33,-68,2595
20818780,11764,506820705,55952892,-2089,-3981,-180,5263,292100150,2115,292100180,2115,109,-279,131,16,2567,8,-33,2569
20830045,11764,506820695,55952864,-2089,-3981,-180,5263,292100150,2115,292100190,2115,109,-279,84,-10,2532,-37,-58,2531
20838750,11763,506820686,55952836,-2088,-3982,-180,5263,292100150,2115,292100200,2115,109,-279,97,-29,2572,-26,-78,2571
20848959,11763,506820677,55952808,-2087,-3982,-181,5263,292100150,2115,292100210,2115,109,-279,97,-48,2581,-26,-97,2579
20859695,11762,506820667,55952779,-2087,-3982,-182,5263,292100200,2115,292100220,2115,109,-279,102,7,2627,-24,-43,2626
20868766,11761,506820658,55952751,-2086,-3982,-183,5263,292100200,2115,292100230,2115,109,-279,81,-40,2596,-43,-89,2594
20879573,11761,506820649,55952723,-2086,-3982,-183,5263,292100200,2115,292100240,2115,109,-279,94,9,2575,-29,-40,2575
20888710,11760,506820639,55952695,-2085,-3982,-184,5263,292100200,2115,292100250,2115,109,-278,109,19,2567,-14,-30,2568
20900090,11760,506820630,55952667,-2085,-3982,-185,5263,292100200,2115,292100260,2115,109,-278,118,-26,2592,-5,-75,2592
20908848,11759,506820620,55952638,-2085,-3982,-185,5263,292100250,2115,292100270,2115,109,-278,122,-29,2557,0,-77,2557
20918772,11759,506820611,55952610,-2084,-3982,-185,5263,292100250,2115,292100280,2115,110,-277,110,0,2540,-11,-48,2540
20928728,11758,506820602,55952582,-2084,-3982,-186,5263,292100250,2115,292100290,2115,110,-277,84,-22,2548,-37,-71,2547
20938711,11758,506820592,55952554,-2083,-3982,-186,5263,292100250,2115,292100300,2115,111,-276,86,-36,2565,-35,-86,2563
20948995,11757,506820583,55952527,-2082,-3982,-187,5263,292100250,2115,292100310,2115,111,-275,96,-5,2546,-24,-55,2545
20958892,11757,506820574,55952497,-2082,-3982,-187,5263,292100300,2115,292100320,2115,112,-274,98,-24,2546,-21,-74,2545
20968791,11757,506820564,55952469,-2081,-3983,-187,5263,292100300,2115,292100330,2115,112,-273,105,-34,2515,-13,-83,2514
20979037,11756,506820555,55952441,-2081,-3983,-187,5263,292100300,2115,292100340,2115,113,-273,99,-4,2530,-19,-54,2529
20988712,11756,506820546,55952414,-2080,-3983,-188,5263,292100300,2115,292100350,2115,114,-272,126,-13,2556,7,-64,2557
20999281,11755,506820536,55952386,-2080,-3983,-188,5263,292100300,2115,292100360,2115,114,-271,95,-31,2501,-22,-81,2500
21009438,11755,506820527,55952357,-2079,-3983,-188,5263,292100350,2115,292100370,2115,115,-270,121,-45,2507,5,-95,2507
21018768,11755,506820517,55952329,-2079,-3983,-188,5263,292100350,2115,292100380,2115,115,-269,99,29,2479,-16,-21,2479
21028697,11754,506820508,55952301,-2078,-3983,-187,5263,292100350,2115,292100390,2115,115,-268,91,-3,2481,-24,-53,2480
21038842,11754,506820499,55952273,-2078,-3983,-187,5263,292100350,2115,292100400,2115,115,-267,102,-30,2478,-11,-80,2477
21048988,11754,506820489,55952245,-2077,-3984,-187,5263,292100350,2115,292100410,2115,115,-266,96,-5,2494,-18,-55,2493
21058881,11753,506820480,55952216,-2077,-3984,-187,5263,292100400,2115,292100420,2115,115,-266,124,7,2438,13,-42,2439
21069372,11753,506820471,55952188,-2077,-3984,-186,5263,292100400,2115,292100430,2115,115,-265,108,-11,2444,-2,-60,2444
21079017,11753,506820461,55952160,-2077,-3984,-186,5263,292100400,2115,292100440,2115,116,-264,103,38,2426,-7,-11,2427
21088732,11752,506820452,55952132,-2076,-3984,-185,5263,292100400,2115,292100450,2115,116,-263,101,11,2421,-8,-38,2421
21098998,11752,506820443,55952104,-2076,-3984,-185,5263,292100400,2115,292100460,2115,116,-262,111,-22,2455,1,-72,2455
21108849,11752,506820433,55952075,-2075,-3985,-185,5263,292100450,2115,292100470,2115,117,-261,105,27,2489,-6,-24,2489
21119605,11751,506820424,55952047,-2076,-3985,-184,5263,292100450,2115,292100480,2115,117,-261,99,62,2405,-8,13,2406
21129310,11751,506820415,55952019,-2075,-3985,-184,5263,292100450,2115,292100490,2115,117,-260,114,-35,2453,5,-85,2452
21138744,11750,506820405,55951991,-2074,-3985,-183,5263,292100450,2115,292100500,2115,118,-259,86,-23,2423,-21,-73,2422
21149441,11750,506820396,55951963,-2074,-3985,-182,5263,292100450,2115,292100510,2115,118,-258,103,34,2392,-3,-15,2393
21158847,11750,506820387,55951934,-2075,-3985,-182,5263,292100500,2115,292100520,2115,118,-258,115,12,2433,7,-38,2434
21168778,11749,506820377,55951906,-2074,-3985,-181,5263,292100500,2115,292100530,2115,118,-257,109,13,2396,3,-37,2397
21178741,11749,506820368,55951878,-2074,-3985,-180,5263,292100500,2115,292100540,2115,119,-257,91,39,2431,-16,-11,2431
21188711,11748,506820359,55951850,-2074,-3985,-180,5263,292100500,2115,292100550,2115,119,-256,108,4,2409,2,-46,2409
21199954,11748,506820349,55951822,-2074,-3985,-179,5263,292100500,2115,292100560,2115,119,-256,104,13,2430,-3,-38,2430
21208870,11748,506820340,55951793,-2073,-3986,-178,5263,292100550,2115,292100570,2115,120,-255,107,11,2398,2,-39,2399
21218811,11747,506820331,55951765,-2073,-3986,-178,5263,292100550,2115,292100580,2115,120,-255,104,-2,2432,-2,-53,2432
21228695,11747,506820321,55951737,-2073,-3986,-177,5263,292100550,2115,292100590,2115,120,-255,107,27,2448,0,-24,2449
21238697,11746,506820312,55951709,-2072,-3986,-176,5263,292100550,2115,292100600,2115,121,-255,96,17,2374,-8,-33,2374
21248968,11746,506820303,55951681,-2072,-3986,-175,5263,292100550,2115,292100610,2115,122,-255,96,-19,2370,-7,-69,2369
21258880,11745,506820294,55951652,-2072,-3986,-175,5263,292100600,2115,292100620,2115,122,-255,101,38,2421,-5,-14,2422
21268802,11745,506820284,55951624,-2071,-3987,-174,5263,292100600,2115,292100630,2115,123,-255,110,-7,2447,3,-59,2447
21278725,11744,506820275,55951596,-2071,-3987,-174,5263,292100600,2115,292100640,2115,123,-255,107,22,2449,0,-31,2450
21288715,11744,506820266,55951568,-2071,-3987,-173,5263,292100600,2115,292100650,2115,124,-256,109,28,2442,2,-24,2443
21299016,11743,506820256,55951540,-2070,-3987,-173,5263,292100600,2115,292100660,2115,124,-256,87,2,2422,-19,-51,2421
21308849,11743,506820247,55951511,-2070,-3987,-172,5263,292100650,2115,292100670,2115,125,-257,110,-5,2420,3,-58,2420
21318801,11742,506820238,55951483,-2070,-3987,-172,5263,292100650,2115,292100680,2115,125,-257,96,56,2451,-12,2,2451
21328703,11742,506820228,55951455,-2070,-3987,-171,5263,292100650,2115,292100690,2115,126,-258,91,23,2454,-17,-31,2454
21338733,11741,506820219,55951427,-2069,-3987,-171,5263,292100650,2115,292100700,2115,126,-258,100,-89,2470,-9,-143,2468
21348956,11741,506820210,55951399,-2069,-3987,-171,5263,292100650,2115,292100710,2115,126,-259,88,70,2504,-23,15,2505
21359599,11740,506820201,55951370,-2068,-3987,-171,5263,292100700,2115,292100720,2115,127,-260,105,16,2476,-5,-39,2476
21368807,11740,506820191,55951342,-2068,-3987,-171,5263,292100700,2115,292100730,2115,127,-260,83,3,2489,-28,-52,2488
21378725,11740,506820182,55951314,-2068,-3987,-170,5263,292100700,2115,292100740,2115,128,-261,87,26,2465,-23,-29,2464
21388697,11739,506820173,55951286,-2067,-3987,-170,5263,292100700,2115,292100750,2115,128,-261,79,0,2498,-33,-56,2497
21398966,11739,506820163,55951258,-2067,-3987,-171,5263,292100700,2115,292100760,2115,129,-262,108,30,2535,-6,-26,2536
21408866,11738,506820154,55951229,-2067,-3987,-171,5263,292100750,2115,292100770,2115,129,-262,99,21,2499,-14,-35,2499
21418787,11738,506820145,55951201,-2066,-3987,-171,5263,292100750,2115,292100780,2115,129,-263,95,-32,2496,-17,-88,2495
21429333,11738,506820135,55951173,-2066,-3987,-171,5263,292100750,2115,292100790,2115,129,-263,70,22,2500,-43,-35,2499
21438806,11737,506820126,55951145,-2066,-3987,-171,5263,292100750,2115,292100800,2115,130,-263,83,63,2512,-31,6,2512
21450111,11737,506820117,55951117,-2065,-3987,-171,5263,292100750,2115,292100810,2115,130,-264,98,16,2511,-15,-41,2511
21459676,11737,506820108,55951088,-2065,-3987,-171,5263,292100800,2115,292100820,2115,130,-264,88,17,2566,-29,-41,2566
21468770,11736,506820098,55951060,-2065,-3987,-172,5263,292100800,2115,292100830,2115,130,-264,96,5,2541,-19,-53,2540
21478715,11736,506820089,55951032,-2064,-3987,-172,5263,292100800,2115,292100840,2115,130,-264,85,43,2552,-31,-15,2552
21488706,11736,506820080,55951004,-2064,-3987,-173,5263,292100800,2115,292100850,2115,130,-264,84,30,2574,-32,-29,2574
21498970,11735,506820070,55950976,-2064,-3987,-173,5263,292100800,2115,292100860,2115,130,-264,84,-5,2555,-32,-63,2554
21508852,11735,506820061,55950947,-2063,-3986,-173,5263,292100850,2115,292100870,2115,131,-264,74,31,2502,-39,-26,2501
21518784,11735,506820052,55950919,-2063,-3986,-173,5263,292100850,2115,292100880,2115,131,-264,66,60,2529,-49,2,2528
21528710,11734,506820043,55950891,-2063,-3986,-173,5263,292100850,2115,292100890,2115,130,-264,87,20,2541,-28,-38,2540
21538698,11734,506820033,55950863,-2062,-3986,-174,5263,292100850,2115,292100900,2115,130,-264,108,7,2542,-7,-51,2542
21550089,11734,506820024,55950835,-2062,-3986,-174,5263,292100850,2115,292100910,2115,130,-264,86,60,2523,-28,2,2523
21558843,11734,506820015,55950806,-2062,-3986,-175,5263,292100900,2115,292100920,2115,130,-264,76,38,2558,-40,-20,2557
21568803,11734,506820006,55950778,-2062,-3986,-175,5263,292100900,2115,292100930,2115,130,-264,99,36,2520,-15,-21,2520
21578715,11733,506819996,55950750,-2061,-3986,-175,5263,292100900,2115,292100940,2115,131,-263,66,23,2555,-50,-36,2553
21588706,11733,506819987,55950722,-2060,-3985,-176,5263,292100900,2115,292100950,2115,131,-263,69,-11,2578,-48,-71,2576
21599147,11733,506819978,55950694,-2061,-3985,-176,5263,292100900,2115,292100960,2115,132,-263,73,111,2532,-41,53,2533
21608901,11733,506819969,55950665,-2060,-3985,-176,5263,292100950,2115,292100970,2115,132,-262,81,44,2545,-34,-15,2545
21618803,11732,506819959,55950637,-2060,-3985,-177,5263,292100950,2115,292100980,2115,133,-261,54,-10,2543,-60,-69,2541
21628704,11732,506819950,55950609,-2059,-3985,-177,5263,292100950,2115,292100990,2115,133,-261,94,27,2522,-19,-32,2522
21638715,11732,506819941,55950581,-2059,-3984,-177,5264,292100950,2115,292101000,2115,134,-260,87,29,2558,-27,-31,2557
21649094,11732,506819932,55950553,-2059,-3984,-178,5264,292100950,2115,292101010,2115,135,-259,63,20,2541,-50,-40,2540
21658877,11732,506819922,55950524,-2058,-3984,-178,5264,292101000,2115,292101020,2115,135,-259,72,33,2533,-40,-27,2532
21668767,11731,506819913,55950496,-2058,-3984,-178,5264,292101000,2115,292101030,2115,136,-258,69,36,2513,-42,-24,2512
21679128,11731,506819904,55950468,-2058,-3984,-178,5264,292101000,2115,292101040,2115,137,-257,68,28,2505,-43,-32,2504
21688737,11731,506819895,55950440,-2057,-3983,-178,5264,292101000,2115,292101050,2115,138,-256,68,26,2512,-42,-35,2510
21698980,11731,506819885,55950412,-2057,-3983,-178,5264,292101000,2115,292101060,2115,140,-255,74,-13,2521,-36,-74,2519
21708848,11731,506819876,55950383,-2056,-3983,-178,5264,292101050,2115,292101070,2115,140,-255,71,-2,2508,-38,-64,2506
21718768,11731,506819867,55950355,-2056,-3983,-177,5264,292101050,2115,292101080,2115,141,-254,58,19,2430,-48,-41,2428
21728698,11731,506819858,55950327,-2056,-3983,-177,5264,292101050,2115,292101090,2115,141,-253,82,79,2498,-27,18,2498
21738702,11730,506819848,55950299,-2055,-3983,-177,5264,292101050,2115,292101100,2115,142,-253,55,8,2467,-51,-54,2464
21748954,11730,506819839,55950271,-2055,-3983,-177,5264,292101050,2115,292101110,2115,143,-252,81,26,2467,-26,-36,2466
21758949,11730,506819830,55950242,-2054,-3983,-177,5264,292101100,2115,292101120,2115,143,-252,74,40,2501,-34,-23,2500
21768845,11730,506819821,55950214,-2054,-3983,-177,5264,292101100,2115,292101130,2115,144,-252,73,28,2489,-34,-35,2488
21778729,11730,506819812,55950186,-2054,-3983,-177,5264,292101100,2115,292101140,2115,145,-252,76,27,2453,-30,-35,2452
21788733,11730,506819802,55950158,-2053,-3982,-176,5264,292101100,2115,292101150,2115,145,-251,54,33,2457,-52,-29,2455
21799237,11730,506819793,55950130,-2053,-3982,-176,5264,292101100,2115,292101160,2115,146,-251,53,40,2433,-51,-22,2431
21808893,11730,506819784,55950101,-2053,-3982,-175,5264,292101150,2115,292101170,2115,146,-251,42,51,2476,-65,-12,2474
21818781,11730,506819775,55950073,-2052,-3982,-176,5264,292101150,2115,292101180,2115,146,-252,104,50,2547,-6,-15,2548
21828694,11730,506819766,55950045,-2052,-3981,-175,5264,292101150,2115,292101190,2115,147,-252,53,71,2468,-54,7,2467
21838826,11730,506819756,55950017,-2052,-3981,-175,5264,292101150,2115,292101200,2115,147,-252,76,34,2464,-30,-29,2463
21849000,11730,506819747,55949989,-2051,-3981,-175,5264,292101150,2115,292101210,2115,148,-252,45,21,2474,-62,-43,2471
21858840,11730,506819738,55949960,-2051,-3980,-175,5264,292101200,2115,292101220,2115,148,-252,36,75,2469,-71,11,2468
21868791,11730,506819729,55949932,-2051,-3980,-175,5264,292101200,2115,292101230,2115,148,-252,45,104,2494,-63,39,2493
21878690,11729,506819720,55949904,-2051,-3979,-175,5264,292101200,2115,292101240,2115,149,-253,64,49,2529,-45,-17,2528
21888707,11729,506819710,55949876,-2051,-3979,-175,5264,292101200,2115,292101250,2115,150,-253,79,65,2500,-29,-1,2500
21899329,11729,506819701,55949848,-2051,-3979,-175,5264,292101200,2115,292101260,2115,151,-253,52,44,2474,-56,-21,2473
21908850,11729,506819692,55949819,-2050,-3979,-174,5264,292101250,2115,292101270,2115,152,-254,43,40,2454,-63,-25,2452
21919474,11729,506819683,55949791,-2050,-3978,-174,5264,292101250,2115,292101280,2115,152,-254,37,61,2475,-71,-6,2473
21928722,11729,506819674,55949763,-2050,-3978,-174,5264,292101250,2115,292101290,2115,153,-254,55,65,2437,-52,0,2436
21938747,11728,506819664,55949735,-2049,-3977,-174,5264,292101250,2115,292101300,2115,154,-254,32,38,2526,-78,-30,2524
21949001,11728,506819655,55949707,-2049,-3977,-174,5264,292101250,2115,292101310,2115,154,-254,94,95,2522,-17,27,2523
21958849,11728,506819646,55949678,-2048,-3977,-174,5264,292101300,2115,292101320,2115,155,-254,50,-38,2497,-59,-105,2493
21968776,11728,506819637,55949650,-2048,-3976,-174,5264,292101300,2115,292101330,2115,156,-255,37,73,2468,-71,5,2466
21978690,11728,506819628,55949622,-2048,-3976,-173,5264,292101300,2115,292101340,2115,156,-255,30,81,2487,-79,13,2485
21988698,11728,506819618,55949595,-2047,-3976,-173,5264,292101300,2115,292101350,2115,157,-255,54,-11,2495,-55,-79,2492
21999867,11728,506819609,55949567,-2047,-3975,-173,5264,292101300,2115,292101360,2115,157,-255,47,64,2468,-61,-4,2466
22008876,11728,506819600,55949537,-2047,-3975,-173,5264,292101350,2115,292101370,2115,157,-255,53,36,2542,-58,-34,2540
22018784,11728,506819591,55949510,-2047,-3974,-173,5264,292101350,2115,292101380,2115,158,-255,13,124,2485,-96,55,2484
22028696,11728,506819582,55949482,-2046,-3974,-173,5264,292101350,2115,292101390,2115,158,-254,54,32,2515,-56,-38,2513
22038915,11728,506819572,55949454,-2046,-3974,-174,5264,292101350,2115,292101400,2115,158,-254,44,36,2526,-66,-34,2524
22050133,11728,506819563,55949426,-2046,-3973,-173,5264,292101350,2115,292101410,2115,158,-254,57,65,2478,-51,-3,2477
22058847,11728,506819554,55949397,-2045,-3973,-173,5264,292101400,2115,292101420,2115,158,-254,46,68,2481,-62,0,2480
22068956,11728,506819545,55949369,-2045,-3972,-173,5264,292101400,2115,292101430,2115,158,-253,46,68,2491,-62,-1,2490
22079033,11728,506819536,55949341,-2045,-3972,-173,5264,292101400,2115,292101440,2115,158,-253,37,75,2451,-70,7,2450
22088711,11728,506819527,55949313,-2045,-3971,-173,5264,292101400,2115,292101450,2115,158,-253,16,77,2487,-93,8,2484
22099086,11728,506819517,55949285,-2045,-3971,-173,5264,292101400,2115,292101460,2115,158,-253,50,89,2544,-61,19,2543
22108842,11728,506819508,55949256,-2044,-3970,-173,5264,292101450,2115,292101470,2115,159,-253,39,97,2528,-71,27,2527
22118789,11727,506819499,55949228,-2044,-3970,-173,5264,292101450,2115,292101480,2115,159,-253,72,70,2520,-38,0,2520
22129494,11727,506819490,55949201,-2044,-3970,-173,5264,292101450,2115,292101490,2115,159,-253,44,69,2524,-65,-2,2523
22138723,11727,506819481,55949173,-2044,-3969,-173,5264,292101450,2115,292101500,2115,159,-252,39,71,2474,-69,1,2472
22149316,11727,506819472,55949145,-2044,-3969,-173,5264,292101450,2115,292101510,2115,160,-252,38,70,2476,-69,0,2474
22159274,11727,506819462,55949116,-2044,-3968,-173,5264,292101500,2115,292101520,2115,160,-252,22,101,2463,-85,32,2461
22168799,11727,506819453,55949088,-2043,-3967,-173,5264,292101500,2115,292101530,2115,160,-252,43,61,2467,-64,-8,2466
22178708,11727,506819444,55949060,-2043,-3967,-172,5264,292101500,2115,292101540,2115,160,-252,34,48,2483,-73,-22,2481
22188701,11727,506819435,55949032,-2043,-3966,-172,5264,292101500,2115,292101550,2115,160,-252,40,95,2503,-68,25,2502
22198982,11727,506819426,55949005,-2043,-3966,-173,5264,292101500,2115,292101560,2115,160,-251,32,75,2525,-77,4,2523
22208837,11726,506819417,55948975,-2042,-3965,-172,5264,292101550,2115,292101570,2115,160,-251,49,48,2479,-58,-21,2477
22219018,11726,506819407,55948948,-2041,-3965,-172,5264,292101550,2115,292101580,2115,161,-251,19,50,2496,-89,-21,2493
22228696,11726,506819398,55948920,-2041,-3964,-172,5264,292101550,2115,292101590,2115,161,-250,19,73,2461,-86,3,2459
22238726,11726,506819389,55948892,-2041,-3964,-172,5264,292101550,2115,292101600,2115,161,-250,44,66,2513,-64,-5,2512
22250097,11726,506819380,55948864,-2040,-3963,-172,5264,292101550,2115,292101610,2115,162,-250,20,49,2556,-90,-23,2553
22258855,11726,506819371,55948835,-2040,-3963,-172,5264,292101600,2115,292101620,2115,162,-249,39,47,2519,-68,-24,2517
22268786,11726,506819362,55948807,-2040,-3962,-172,5264,292101600,2115,292101630,2115,163,-249,7,61,2493,-99,-10,2490
22278895,11726,506819352,55948780,-2040,-3962,-172,5264,292101600,2115,292101640,2115,163,-249,37,81,2486,-69,9,2485
22288721,11726,506819343,55948752,-2039,-3962,-172,5264,292101600,2115,292101650,2115,164,-249,46,36,2463,-59,-34,2461
22300114,11725,506819334,55948724,-2039,-3961,-172,5264,292101600,2115,292101660,2115,164,-248,51,32,2469,-54,-39,2467
22308938,11725,506819325,55948695,-2038,-3961,-171,5264,292101650,2115,292101670,2115,165,-248,30,53,2443,-74,-18,2441
22318894,11725,506819316,55948667,-2038,-3960,-171,5264,292101650,2115,292101680,2115,165,-248,16,82,2471,-89,10,2469
22328711,11725,506819307,55948639,-2038,-3960,-171,5264,292101650,2115,292101690,2115,165,-248,35,47,2461,-70,-24,2458
22338718,11725,506819297,55948612,-2037,-3959,-171,5264,292101650,2115,292101700,2115,166,-248,42,50,2558,-67,-24,2556
22348952,11725,506819288,55948584,-2037,-3959,-171,5264,292101650,2115,292101710,2115,166,-249,47,52,2472,-59,-20,2470
22358858,11725,506819279,55948555,-2037,-3959,-171,5264,292101700,2115,292101720,2115,166,-249,50,86,2488,-57,14,2487
22368807,11725,506819270,55948527,-2036,-3958,-170,5264,292101700,2115,292101730,2115,167,-249,3,54,2454,-102,-18,2450
22378716,11725,506819261,55948499,-2036,-3958,-170,5264,292101700,2115,292101740,2115,168,-250,28,47,2484,-79,-26,2481
22388685,11725,506819252,55948472,-2036,-3957,-170,5264,292101700,2115,292101750,2115,169,-250,4,71,2487,-103,-3,2484
22399478,11725,506819243,55948444,-2036,-3956,-171,5264,292101700,2115,292101760,2115,170,-250,25,106,2595,-87,29,2594
22408902,11725,506819233,55948415,-2035,-3956,-172,5264,292101750,2115,292101770,2115,171,-251,53,47,2599,-59,-31,2598
22418786,11725,506819224,55948387,-2034,-3956,-172,5264,292101750,2115,292101780,2115,172,-251,46,31,2549,-64,-45,2547
22429435,11725,506819215,55948359,-2034,-3955,-172,5264,292101750,2115,292101790,2115,172,-252,22,81,2496,-86,6,2494
22438719,11725,506819206,55948332,-2034,-3954,-171,5264,292101750,2115,292101800,2115,173,-252,-22,95,2411,-127,22,2408
22448941,11725,506819197,55948304,-2033,-3953,-171,5264,292101750,2115,292101810,2115,174,-253,24,39,2478,-83,-36,2475
22459084,11725,506819188,55948275,-2033,-3953,-171,5264,292101800,2115,292101820,2115,174,-253,19,42,2528,-90,-35,2525
22468761,11725,506819179,55948247,-2032,-3952,-171,5264,292101800,2115,292101830,2115,174,-253,25,61,2541,-85,-17,2539
22479142,11725,506819170,55948220,-2032,-3952,-172,5264,292101800,2115,292101840,2115,174,-253,20,111,2581,-92,32,2579
22489056,11726,506819160,55948192,-2032,-3951,-173,5264,292101800,2115,292101850,2115,174,-253,7,36,2583,-106,-42,2579
22499080,11726,506819151,55948164,-2032,-3950,-173,5264,292101800,2115,292101860,2115,173,-254,27,129,2533,-84,52,2533
22508839,11726,506819142,55948135,-2031,-3950,-173,5264,292101850,2115,292101870,2115,173,-254,7,84,2532,-103,7,2530
22519164,11726,506819133,55948108,-2031,-3949,-174,5264,292101850,2115,292101880,2115,173,-255,60,99,2605,-54,21,2605
22528698,11726,506819124,55948080,-2031,-3949,-174,5264,292101850,2115,292101890,2115,173,-256,13,62,2551,-99,-16,2548
22538705,11726,506819115,55948052,-2031,-3948,-174,5264,292101850,2115,292101900,2115,173,-256,21,119,2489,-89,43,2488
22549568,11726,506819106,55948024,-2030,-3947,-174,5264,292101850,2115,292101910,2115,173,-256,-24,70,2507,-134,-6,2502
22559167,11726,506819097,55947996,-2030,-3946,-174,5264,292101900,2115,292101920,2115,172,-257,-15,109,2512,-126,33,2509
22568780,11726,506819087,55947968,-2030,-3945,-175,5264,292101900,2115,292101930,2115,172,-257,49,107,2596,-66,28,2596
22579213,11726,506819078,55947940,-2030,-3945,-176,5264,292101900,2115,292101940,2115,171,-258,59,112,2579,-56,35,2579
22588684,11726,506819069,55947913,-2030,-3944,-176,5264,292101900,2115,292101950,2115,171,-259,61,60,2554,-53,-17,2553
22598978,11726,506819060,55947885,-2029,-3944,-176,5264,292101900,2115,292101960,2115,170,-260,30,61,2534,-83,-15,2532
22609633,11726,506819051,55947856,-2029,-3943,-176,5264,292101950,2115,292101970,2115,170,-260,-32,144,2510,-145,69,2507
22618782,11726,506819042,55947828,-2029,-3942,-177,5264,292101950,2115,292101980,2115,169,-261,-37,64,2550,-152,-12,2544
22628694,11726,506819033,55947801,-2028,-3941,-177,5264,292101950,2115,292101990,2115,169,-262,6,112,2569,-110,36,2567
22638964,11726,506819024,55947773,-2028,-3940,-179,5264,292101950,2115,292102000,2115,168,-262,-17,109,2671,-137,30,2668
22648967,11726,506819015,55947745,-2028,-3939,-180,5264,292101950,2115,292102010,2115,167,-262,50,52,2659,-70,-26,2657
22658873,11726,506819006,55947717,-2028,-3939,-180,5265,292102000,2115,292102020,2115,167,-262,61,96,2586,-56,21,2586
22669202,11726,506818997,55947689,-2027,-3938,-180,5265,292102000,2115,292102030,2115,166,-263,12,70,2500,-101,-3,2497
22678698,11726,506818987,55947661,-2027,-3937,-180,5265,292102000,2115,292102040,2115,166,-263,-19,83,2462,-131,11,2458
22688720,11726,506818978,55947634,-2026,-3936,-180,5265,292102000,2115,292102050,2115,166,-263,7,69,2530,-108,-5,2527
22698955,11726,506818969,55947606,-2026,-3936,-181,5265,292102000,2115,292102060,2115,165,-263,10,48,2565,-106,-26,2562
22708839,11726,506818960,55947577,-2026,-3935,-181,5265,292102050,2115,292102070,2115,165,-262,15,105,2587,-102,30,2586
22719340,11726,506818951,55947550,-2025,-3934,-182,5265,292102050,2115,292102080,2115,165,-262,-33,96,2523,-146,23,2519
22729461,11726,506818942,55947522,-2025,-3933,-182,5265,292102050,2115,292102090,2115,166,-261,9,40,2580,-107,-35,2576
22738708,11726,506818933,55947495,-2024,-3932,-182,5265,292102050,2115,292102100,2115,166,-260,-3,58,2528,-116,-16,2524
22748953,11726,506818924,55947467,-2024,-3932,-182,5265,292102050,2115,292102110,2115,166,-260,40,79,2493,-71,7,2492
22758841,11726,506818915,55947438,-2024,-3931,-182,5265,292102100,2115,292102120,2115,166,-259,31,65,2474,-79,-7,2472
22768787,11726,506818906,55947411,-2023,-3931,-182,5265,292102100,2115,292102130,2115,167,-258,22,39,2511,-89,-35,2507
22778721,11726,506818897,55947383,-2023,-3930,-182,5265,292102100,2115,292102140,2115,167,-257,7,98,2497,-103,25,2495
22788946,11726,506818888,55947356,-2022,-3929,-182,5265,292102100,2115,292102150,2115,168,-256,3,63,2501,-106,-10,2498
22799522,11727,506818878,55947328,-2022,-3929,-182,5265,292102100,2115,292102160,2115,169,-255,10,62,2463,-98,-11,2460
22808839,11727,506818869,55947299,-2021,-3928,-181,5265,292102150,2115,292102170,2115,170,-253,2,35,2449,-104,-38,2445
22818787,11727,506818860,55947272,-2021,-3928,-181,5265,292102150,2115,292102180,2115,170,-252,20,50,2437,-86,-23,2434
22828683,11727,506818851,55947244,-2021,-3927,-180,5265,292102150,2115,292102190,2115,171,-251,22,104,2425,-83,31,2424
22838715,11727,506818842,55947217,-2021,-3926,-179,5265,292102150,2115,292102200,2115,172,-250,14,85,2391,-88,13,2389
22849413,11727,506818833,55947189,-2020,-3926,-179,5265,292102150,2115,292102210,2115,173,-249,46,34,2489,-60,-42,2486
22858881,11728,506818824,55947160,-2020,-3926,-179,5265,292102200,2115,292102220,2115,174,-248,36,82,2424,-67,8,2423
22868760,11728,506818815,55947133,-2020,-3925,-178,5265,292102200,2115,292102230,2115,176,-247,39,71,2404,-63,-3,2403
22879285,11728,506818806,55947105,-2019,-3925,-177,5265,292102200,2115,292102240,2115,177,-246,6,54,2378,-94,-20,2374
22888756,11728,506818797,55947078,-2019,-3924,-176,5265,292102200,2115,292102250,2115,178,-246,19,70,2418,-83,-5,2416
22898932,11728,506818788,55947050,-2019,-3924,-175,5265,292102200,2115,292102260,2115,180,-245,12,38,2423,-90,-38,2420
22908844,11728,506818779,55947021,-2018,-3923,-175,5265,292102250,2115,292102270,2115,181,-245,30,130,2444,-73,53,2444
22918796,11729,506818770,55946994,-2018,-3922,-175,5265,292102250,2115,292102280,2115,182,-244,51,96,2443,-52,18,2443
22928707,11729,506818761,55946966,-2018,-3922,-173,5265,292102250,2115,292102290,2115,183,-244,18,55,2318,-79,-20,2316
22938728,11729,506818752,55946939,-2018,-3921,-172,5265,292102250,2115,292102300,2115,184,-243,19,54,2374,-80,-22,2371
22949302,11729,506818743,55946911,-2017,-3921,-172,5265,292102250,2115,292102310,2115,184,-243,9,63,2470,-94,-17,2467
22959175,11729,506818734,55946883,-2017,-3921,-172,5265,292102300,2115,292102320,2115,185,-243,82,130,2452,-21,51,2454
22968791,11730,506818724,55946855,-2017,-3920,-170,5265,292102300,2115,292102330,2115,185,-243,62,134,2349,-37,58,2351
22978764,11730,506818715,55946828,-2017,-3920,-169,5265,292102300,2115,292102340,2115,186,-243,8,65,2331,-90,-11,2329
22988696,11730,506818706,55946800,-2017,-3919,-168,5265,292102300,2115,292102350,2115,188,-243,-4,91,2351,-102,14,2349
23000066,11730,506818697,55946773,-2016,-3918,-167,5265,292102300,2115,292102360,2115,189,-243,7,74,2399,-93,-6,2396
23008861,11730,506818688,55946744,-2017,-3917,-167,5265,292102350,2115,292102370,2115,190,-243,52,72,2469,-51,-10,2468
23018868,11730,506818679,55946717,-2016,-3917,-167,5265,292102350,2115,292102380,2115,190,-243,52,85,2461,-51,3,2460
23028723,11730,506818670,55946689,-2017,-3917,-166,5265,292102350,2115,292102390,2115,191,-243,59,115,2441,-43,33,2442
23038695,11731,506818661,55946662,-2017,-3916,-165,5265,292102350,2115,292102400,2115,192,-243,27,134,2418,-74,53,2418
23048948,11731,506818652,55946634,-2016,-3915,-165,5265,292102350,2115,292102410,2115,193,-243,1,70,2411,-99,-12,2408
23058873,11731,506818643,55946606,-2017,-3914,-164,5265,292102400,2115,292102420,2115,193,-243,9,91,2378,-91,10,2376
23068768,11731,506818634,55946578,-2016,-3913,-164,5265,292102400,2115,292102430,2115,194,-243,7,76,2472,-96,-8,2469
23078691,11731,506818625,55946551,-2016,-3913,-164,5265,292102400,2115,292102440,2115,195,-243,41,51,2518,-64,-35,2516
23088695,11731,506818616,55946523,-2016,-3913,-164,5265,292102400,2115,292102450,2115,197,-242,69,93,2516,-35,7,2517
23098977,11731,506818607,55946496,-2016,-3912,-163,5265,292102400,2115,292102460,2115,198,-242,94,134,2431,-7,50,2434
23108833,11731,506818598,55946467,-2015,-3912,-162,5265,292102450,2115,292102470,2115,199,-242,9,77,2330,-88,-4,2328
23119712,11731,506818589,55946440,-2015,-3911,-161,5265,292102450,2115,292102480,2115,200,-242,-8,131,2320,-104,49,2319
23128685,11731,506818579,55946412,-2015,-3911,-160,5265,292102450,2115,292102490,2115,202,-242,44,57,2466,-58,-30,2465
23138705,11731,506818570,55946385,-2015,-3911,-160,5265,292102450,2115,292102500,2115,203,-242,62,47,2482,-40,-41,2481
23148974,11731,506818561,55946358,-2014,-3910,-160,5265,292102450,2115,292102510,2115,204,-242,46,83,2433,-55,-4,2433
23158844,11731,506818552,55946329,-2014,-3910,-159,5265,292102500,2115,292102520,2115,205,-242,0,93,2468,-103,4,2466
23168786,11731,506818543,55946302,-2014,-3909,-159,5265,292102500,2115,292102530,2115,207,-241,24,107,2455,-78,17,2455
23178712,11731,506818534,55946274,-2014,-3909,-159,5265,292102500,2115,292102540,2115,209,-241,87,74,2462,-16,-16,2462
23188706,11731,506818525,55946247,-2013,-3909,-158,5265,292102500,2115,292102550,2115,210,-241,79,56,2425,-22,-33,2425
23199882,11731,506818516,55946219,-2013,-3908,-157,5265,292102500,2115,292102560,2115,212,-241,40,77,2418,-60,-13,2417
23209691,11731,506818507,55946191,-2013,-3908,-157,5265,292102550,2115,292102570,2115,214,-241,22,84,2427,-79,-7,2425
23218828,11731,506818498,55946163,-2012,-3908,-157,5265,292102550,2115,292102580,2115,215,-241,20,98,2486,-83,4,2485
23228703,11731,506818489,55946136,-2012,-3907,-157,5265,292102550,2115,292102590,2115,217,-242,33,70,2503,-71,-25,2501
23238790,11731,506818480,55946109,-2012,-3907,-157,5265,292102550,2115,292102600,2115,218,-242,43,87,2520,-61,-9,2520
23248974,11731,506818471,55946081,-2011,-3906,-157,5265,292102550,2115,292102610,2115,220,-242,22,107,2513,-83,10,2512
23258858,11731,506818462,55946052,-2011,-3906,-157,5265,292102600,2115,292102620,2115,221,-242,46,111,2536,-59,13,2536
23269270,11731,506818453,55946025,-2011,-3906,-157,5265,292102600,2115,292102630,2115,223,-242,53,80,2465,-49,-17,2464
23278970,11731,506818444,55945998,-2010,-3905,-157,5265,292102600,2115,292102640,2115,225,-242,44,62,2489,-60,-36,2487
23288710,11731,506818435,55945970,-2010,-3905,-156,5265,292102600,2115,292102650,2115,226,-242,33,89,2461,-69,-9,2460
23300080,11731,506818426,55945943,-2010,-3904,-156,5265,292102600,2115,292102660,2115,228,-242,34,103,2486,-70,4,2485
23308861,11731,506818417,55945914,-2010,-3904,-156,5265,292102650,2115,292102670,2115,229,-242,30,91,2473,-73,-8,2472
23318787,11731,506818408,55945887,-2010,-3903,-156,5265,292102650,2115,292102680,2115,230,-242,36,105,2505,-68,4,2504
23328769,11731,506818399,55945860,-2010,-3903,-156,5265,292102650,2115,292102690,2115,231,-242,42,137,2543,-64,34,2544
23338700,11731,506818390,55945832,-2009,-3902,-157,5265,292102650,2115,292102700,2115,232,-242,39,69,2533,-66,-34,2531
23348981,11731,506818381,55945805,-2009,-3902,-157,5265,292102650,2115,292102710,2115,233,-242,34,122,2577,-73,17,2577
23359733,11731,506818372,55945776,-2009,-3902,-157,5265,292102700,2115,292102720,2115,234,-242,56,121,2512,-49,18,2514
23368778,11731,506818363,55945749,-2009,-3901,-157,5265,292102700,2115,292102730,2115,236,-242,26,129,2508,-78,25,2508
23378701,11731,506818354,55945721,-2009,-3900,-158,5265,292102700,2115,292102740,2115,237,-242,34,149,2548,-72,43,2549
23388716,11731,506818345,55945694,-2008,-3900,-158,5265,292102700,2115,292102750,2115,238,-242,32,62,2562,-74,-45,2560
23398995,11732,506818336,55945667,-2008,-3899,-159,5265,292102700,2115,292102760,2115,239,-242,47,133,2579,-61,25,2580
23408874,11732,506818327,55945638,-2008,-3899,-159,5265,292102750,2115,292102770,2115,240,-242,26,108,2551,-81,1,2551
23419054,11732,506818318,55945611,-2008,-3898,-159,5265,292102750,2115,292102780,2115,240,-243,34,148,2531,-72,41,2532
23428706,11732,506818309,55945584,-2007,-3898,-160,5265,292102750,2115,292102790,2115,241,-243,47,95,2526,-59,-12,2525
23439118,11732,506818299,55945556,-2007,-3897,-160,5265,292102750,2115,292102800,2115,242,-243,49,122,2564,-59,13,2564
23448940,11732,506818290,55945529,-2007,-3897,-161,5265,292102750,2115,292102810,2115,242,-244,49,140,2559,-58,32,2560
23458838,11732,506818281,55945500,-2008,-3896,-161,5265,292102800,2115,292102820,2115,243,-244,29,145,2539,-78,37,2540
23468774,11732,506818272,55945473,-2007,-3895,-162,5265,292102800,2115,292102830,2115,243,-245,40,100,2586,-68,-10,2586
23478723,11733,506818263,55945446,-2007,-3894,-162,5265,292102800,2115,292102840,2115,243,-245,17,165,2585,-92,54,2586
23488717,11733,506818254,55945418,-2007,-3894,-163,5265,292102800,2115,292102850,2115,244,-246,55,121,2605,-55,10,2606
23499000,11733,506818245,55945391,-2007,-3893,-164,5265,292102800,2115,292102860,2115,244,-246,39,113,2623,-72,1,2623
23508856,11733,506818236,55945363,-2007,-3893,-165,5265,292102850,2115,292102870,2115,244,-247,56,147,2645,-57,34,2646
23519106,11733,506818227,55945335,-2007,-3893,-166,5265,292102850,2115,292102880,2115,244,-248,20,142,2581,-90,31,2581
23528723,11733,506818218,55945308,-2007,-3892,-167,5265,292102850,2115,292102890,2115,245,-249,27,129,2640,-86,16,2640
23538710,11733,506818209,55945281,-2006,-3891,-168,5265,292102850,2115,292102900,2115,245,-250,28,123,2619,-85,10,2619
23550093,11734,506818200,55945253,-2006,-3891,-169,5265,292102850,2115,292102910,2115,245,-251,29,125,2607,-83,14,2607
23558860,11734,506818191,55945225,-2006,-3890,-170,5265,292102900,2115,292102920,2115,245,-251,25,132,2690,-92,17,2690
23568781,11734,506818182,55945197,-2006,-3890,-171,5265,292102900,2115,292102930,2115,245,-252,56,152,2656,-60,38,2658
23578700,11734,506818173,55945170,-2006,-3889,-172,5265,292102900,2115,292102940,2115,245,-253,55,120,2573,-58,10,2574
23588692,11734,506818164,55945143,-2005,-3889,-172,5265,292102900,2115,292102950,2115,245,-255,25,79,2557,-87,-31,2554
23599812,11734,506818155,55945116,-2005,-3888,-173,5265,292102900,2115,292102960,2115,245,-256,21,140,2572,-92,29,2572
23608895,11735,506818146,55945087,-2005,-3887,-174,5265,292102950,2115,292102970,2115,245,-257,39,167,2615,-78,55,2617
23619236,11735,506818137,55945060,-2005,-3886,-175,5265,292102950,2115,292102980,2115,245,-258,41,118,2641,-77,4,2641
23628737,11735,506818128,55945032,-2005,-3886,-176,5265,292102950,2115,292102990,2115,245,-259,39,117,2673,-81,3,2672
23638685,11735,506818119,55945005,-2004,-3885,-177,5265,292102950,2115,292103000,2115,245,-260,33,101,2602,-84,-10,2601
23649668,11736,506818110,55944978,-2004,-3885,-178,5265,292102950,2115,292103010,2115,245,-261,37,118,2630,-82,6,2630
23658996,11736,506818101,55944949,-2004,-3884,-179,5265,292103000,2115,292103020,2115,244,-262,17,149,2627,-102,37,2627
23668797,11736,506818092,55944922,-2004,-3883,-180,5265,292103000,2115,292103030,2115,244,-263,38,148,2590,-79,38,2591
23679011,11736,506818083,55944895,-2004,-3883,-181,5266,292103000,2115,292103040,2115,244,-264,33,125,2651,-88,12,2650
23688751,11737,506818074,55944868,-2003,-3882,-182,5266,292103000,2115,292103050,2115,243,-264,26,132,2633,-94,20,2633
23698967,11737,506818065,55944840,-2003,-3881,-183,5266,292103000,2115,292103060,2115,243,-265,18,136,2631,-103,24,2631
23708858,11737,506818056,55944812,-2003,-3880,-184,5266,292103050,2115,292103070,2115,243,-265,31,147,2600,-88,36,2601
23718816,11738,506818047,55944785,-2003,-3880,-185,5266,292103050,2115,292103080,2115,243,-266,30,95,2598,-89,-15,2597
23728706,11738,506818038,55944757,-2003,-3879,-185,5266,292103050,2115,292103090,2115,242,-266,23,151,2561,-95,42,2562
23738700,11738,506818029,55944730,-2003,-3878,-186,5266,292103050,2115,292103100,2115,241,-266,42,122,2583,-77,13,2583
23749407,11739,506818020,55944703,-2003,-3877,-186,5266,292103050,2115,292103110,2115,241,-265,25,160,2578,-94,51,2579
23759051,11739,506818012,55944674,-2002,-3877,-187,5266,292103100,2115,292103120,2115,240,-265,47,154,2569,-71,46,2570
23768782,11739,506818003,55944647,-2002,-3876,-187,5266,292103100,2115,292103130,2115,239,-265,50,137,2517,-65,31,2519
23778705,11740,506817994,55944620,-2002,-3876,-187,5266,292103100,2115,292103140,2115,239,-265,22,126,2531,-94,20,2531
23788689,11740,506817985,55944593,-2002,-3875,-187,5266,292103100,2115,292103150,2115,238,-264,21,168,2520,-95,62,2521
23799044,11741,506817976,55944566,-2003,-3874,-187,5266,292103100,2115,292103160,2115,237,-264,32,166,2474,-81,63,2476
23808831,11741,506817967,55944537,-2003,-3873,-188,5266,292103150,2115,292103170,2115,235,-263,31,102,2526,-84,-3,2525
23818773,11741,506817958,55944510,-2003,-3872,-188,5266,292103150,2115,292103180,2115,234,-263,44,163,2535,-72,59,2537
23828699,11742,506817949,55944483,-2003,-3872,-188,5266,292103150,2115,292103190,2115,233,-262,62,188,2480,-51,87,2484
23839123,11742,506817940,55944456,-2003,-3871,-188,5266,292103150,2115,292103200,2115,232,-262,39,164,2494,-74,63,2496
23848997,11742,506817931,55944429,-2003,-3870,-187,5266,292103150,2115,292103210,2115,230,-261,32,125,2439,-78,26,2439
23858863,11743,506817922,55944400,-2003,-3870,-186,5266,292103200,2115,292103220,2115,229,-261,44,113,2410,-64,17,2410
23868781,11743,506817913,55944373,-2003,-3869,-186,5266,292103200,2115,292103230,2115,228,-260,28,137,2406,-79,41,2406
23878705,11743,506817904,55944346,-2003,-3869,-185,5266,292103200,2115,292103240,2115,226,-259,47,200,2427,-62,104,2431
23888728,11744,506817895,55944319,-2003,-3868,-185,5266,292103200,2115,292103250,2115,225,-259,18,166,2429,-91,70,2430
23900091,11744,506817886,55944292,-2004,-3867,-184,5266,292103200,2115,292103260,2115,223,-258,60,140,2455,-49,44,2457
23909210,11744,506817877,55944263,-2004,-3866,-184,5266,292103250,2115,292103270,2115,222,-257,44,108,2427,-64,14,2427
23918807,11745,506817868,55944236,-2004,-3866,-183,5266,292103250,2115,292103280,2115,221,-257,46,159,2388,-60,67,2391
23928718,11745,506817859,55944209,-2004,-3865,-182,5266,292103250,2115,292103290,2115,220,-256,34,159,2412,-73,67,2414
23938706,11745,506817850,55944182,-2004,-3864,-182,5266,292103250,2115,292103300,2115,219,-255,37,111,2427,-70,18,2426
23948960,11745,506817841,55944155,-2004,-3864,-181,5266,292103250,2115,292103310,2115,217,-255,46,106,2393,-59,15,2393
23958881,11746,506817832,55944126,-2004,-3863,-180,5266,292103300,2115,292103320,2115,216,-254,33,166,2401,-72,75,2403
23968770,11746,506817823,55944099,-2004,-3862,-179,5266,292103300,2115,292103330,2115,215,-254,41,163,2371,-63,74,2374
23978725,11746,506817814,55944072,-2004,-3862,-178,5266,292103300,2115,292103340,2115,214,-253,40,112,2318,-61,25,2319
23988681,11747,506817805,55944045,-2004,-3861,-176,5266,292103300,2115,292103350,2115,213,-252,33,116,2358,-69,28,2358
23999932,11747,506817796,55944018,-2005,-3861,-175,5266,292103300,2115,292103360,2115,212,-252,46,166,2364,-57,78,2366
24008861,11747,506817787,55943990,-2005,-3860,-174,5266,292103350,2115,292103370,2115,211,-251,59,109,2393,-44,21,2394
24019679,11747,506817778,55943963,-2005,-3860,-173,5266,292103350,2115,292103380,2115,211,-251,55,90,2350,-46,4,2350
24028814,11748,506817769,55943936,-2005,-3859,-172,5266,292103350,2115,292103390,2115,210,-250,35,140,2373,-67,52,2374
24038722,11748,506817760,55943908,-2005,-3859,-171,5266,292103350,2115,292103400,2115,210,-250,35,110,2352,-66,23,2352
24048946,11748,506817751,55943881,-2005,-3858,-170,5266,292103350,2115,292103410,2115,210,-250,30,120,2364,-72,33,2364
24059208,11748,506817742,55943853,-2004,-3858,-169,5266,292103400,2115,292103420,2115,210,-249,37,108,2365,-65,22,2365
24068796,11749,506817733,55943826,-2004,-3857,-168,5266,292103400,2115,292103430,2115,210,-249,38,98,2385,-65,10,2385
24079105,11749,506817724,55943799,-2004,-3857,-167,5266,292103400,2115,292103440,2115,209,-249,44,113,2376,-58,26,2376
24088692,11749,506817715,55943772,-2004,-3856,-166,5266,292103400,2115,292103450,2115,209,-249,48,90,2409,-55,2,2409
24099155,11749,506817706,55943745,-2004,-3856,-165,5266,292103400,2115,292103460,2115,209,-249,50,95,2386,-52,8,2386
24108839,11750,506817697,55943717,-2004,-3855,-164,5266,292103450,2115,292103470,2115,209,-249,38,102,2357,-62,15,2357
24119739,11750,506817688,55943690,-2004,-3855,-163,5266,292103450,2115,292103480,2115,209,-249,37,100,2377,-65,12,2376
24129034,11750,506817679,55943663,-2004,-3854,-162,5266,292103450,2115,292103490,2115,209,-249,25,100,2386,-77,12,2386
24138729,11750,506817670,55943635,-2004,-3854,-162,5266,292103450,2115,292103500,2115,209,-249,31,115,2432,-74,26,2432
24148954,11751,506817661,55943608,-2003,-3853,-162,5266,292103450,2115,292103510,2115,209,-249,66,82,2456,-39,-8,2456
24158977,11751,506817652,55943580,-2003,-3853,-161,5266,292103500,2115,292103520,2115,210,-250,30,106,2419,-74,17,2419
24168782,11751,506817643,55943553,-2003,-3852,-160,5266,292103500,2115,292103530,2115,210,-250,40,106,2408,-63,18,2408
24178708,11751,506817634,55943526,-2003,-3852,-160,5266,292103500,2115,292103540,2115,210,-250,13,93,2420,-91,3,2418
24188701,11752,506817625,55943499,-2003,-3851,-159,5266,292103500,2115,292103550,2115,211,-250,36,110,2444,-70,20,2444
24200146,11752,506817616,55943472,-2003,-3851,-159,5266,292103500,2115,292103560,2115,211,-250,48,123,2475,-58,31,2476
24208859,11752,506817607,55943444,-2003,-3850,-159,5266,292103550,2115,292103570,2115,212,-251,49,82,2493,-58,-11,2492
24218765,11752,506817597,55943417,-2002,-3850,-159,5266,292103550,2115,292103580,2115,212,-251,51,95,2518,-57,1,2517
24229100,11752,506817588,55943390,-2002,-3849,-159,5266,292103550,2115,292103590,2115,213,-251,37,97,2482,-70,4,2482
24239166,11753,506817579,55943363,-2002,-3849,-159,5266,292103550,2115,292103600,2115,213,-252,28,134,2508,-81,40,2508
24249029,11753,506817570,55943336,-2002,-3848,-159,5266,292103550,2115,292103610,2115,213,-252,0,97,2497,-108,4,2495
24258843,11753,506817562,55943308,-2001,-3847,-159,5266,292103600,2115,292103620,2115,214,-253,35,64,2535,-75,-31,2533
24268802,11753,506817553,55943281,-2001,-3847,-160,5266,292103600,2115,292103630,2115,214,-253,37,120,2550,-74,24,2550
24278688,11753,506817544,55943254,-2001,-3846,-160,5266,292103600,2115,292103640,2115,215,-254,48,132,2572,-65,35,2573
24288690,11753,506817535,55943227,-2001,-3846,-161,5266,292103600,2115,292103650,2115,215,-255,63,92,2562,-50,-5,2562
24300560,11754,506817526,55943200,-2001,-3845,-161,5266,292103600,2115,292103660,2115,216,-255,36,81,2534,-75,-14,2533
24308877,11754,506817517,55943172,-2001,-3845,-161,5266,292103650,2115,292103670,2115,216,-256,25,116,2536,-87,20,2535
24318943,11754,506817508,55943145,-2000,-3844,-162,5266,292103650,2115,292103680,2115,216,-257,30,126,2572,-84,28,2572
24329483,11754,506817499,55943118,-2000,-3844,-162,5266,292103650,2115,292103690,2115,217,-258,49,71,2606,-67,-27,2604
24338698,11754,506817490,55943091,-2000,-3843,-163,5266,292103650,2115,292103700,2115,217,-259,37,110,2616,-79,10,2615
24348949,11755,506817481,55943064,-2000,-3842,-164,5266,292103650,2115,292103710,2115,217,-260,23,132,2601,-94,33,2600
24359517,11755,506817472,55943036,-2000,-3841,-165,5266,292103700,2115,292103720,2115,217,-261,22,105,2611,-96,6,2609
24368795,11755,506817463,55943009,-1999,-3841,-166,5266,292103700,2115,292103730,2115,217,-261,11,114,2640,-108,13,2638
24378684,11755,506817454,55942982,-1999,-3840,-167,5266,292103700,2115,292103740,2115,217,-262,46,134,2644,-74,33,2644
24388851,11755,506817445,55942955,-1999,-3839,-169,5266,292103700,2115,292103750,2115,217,-263,44,137,2655,-77,36,2656
24399106,11756,506817436,55942928,-1999,-3839,-170,5266,292103700,2115,292103760,2115,217,-264,62,91,2673,-60,-11,2673
24408845,11756,506817427,55942900,-1999,-3838,-171,5266,292103750,2115,292103770,2115,217,-264,38,108,2642,-83,7,2641
24419074,11756,506817418,55942873,-1999,-3837,-172,5266,292103750,2115,292103780,2115,217,-265,6,135,2598,-112,36,2597
24428704,11756,506817409,55942846,-1999,-3836,-173,5266,292103750,2115,292103790,2115,217,-265,14,146,2644,-107,45,2644
24439055,11757,506817400,55942819,-1998,-3836,-174,5266,292103750,2115,292103800,2115,217,-266,19,126,2660,-103,25,2659
24450024,11757,506817391,55942792,-1998,-3835,-175,5266,292103750,2115,292103810,2115,217,-266,42,113,2660,-80,13,2659
24458844,11757,506817382,55942764,-1998,-3834,-177,5266,292103800,2115,292103820,2115,216,-267,29,162,2693,-95,60,2693
24468763,11757,506817373,55942737,-1998,-3833,-179,5266,292103800,2115,292103830,2115,215,-267,36,118,2688,-88,16,2687
24479305,11758,506817364,55942711,-1998,-3833,-180,5266,292103800,2115,292103840,2115,215,-267,30,137,2620,-91,39,2620
24488700,11758,506817355,55942684,-1998,-3832,-180,5266,292103800,2115,292103850,2115,214,-267,23,137,2617,-98,39,2616
24498938,11758,506817346,55942657,-1998,-3831,-182,5266,292103800,2115,292103860,2115,213,-268,22,106,2645,-100,7,2643
24509293,11758,506817337,55942629,-1998,-3830,-183,5266,292103850,2115,292103870,2115,211,-268,49,137,2626,-73,40,2627
24518804,11758,506817328,55942602,-1998,-3829,-184,5266,292103850,2115,292103880,2115,210,-268,37,142,2621,-85,45,2622
24528681,11758,506817319,55942575,-1998,-3829,-184,5266,292103850,2115,292103890,2115,209,-268,46,161,2596,-74,66,2597
24539394,11759,506817310,55942548,-1997,-3828,-185,5266,292103850,2115,292103900,2115,209,-268,15,86,2554,-103,-8,2552
24549399,11759,506817301,55942522,-1997,-3827,-185,5266,292103850,2115,292103910,2115,208,-268,24,133,2550,-94,40,2550
24559781,11759,506817292,55942494,-1997,-3826,-186,5266,292103900,2115,292103920,2115,207,-268,27,144,2550,-91,51,2551
24568815,11759,506817283,55942467,-1997,-3826,-186,5266,292103900,2115,292103930,2115,206,-268,50,89,2564,-68,-3,2564
24578702,11759,506817274,55942440,-1997,-3825,-187,5266,292103900,2115,292103940,2115,204,-268,29,128,2578,-91,36,2578
24588678,11760,506817265,55942413,-1997,-3824,-187,5266,292103900,2115,292103950,2115,203,-268,23,141,2570,-96,49,2569
24599662,11760,506817256,55942386,-1997,-3823,-188,5266,292103900,2115,292103960,2115,201,-268,31,141,2580,-89,49,2581
24608906,11760,506817247,55942359,-1996,-3823,-188,5266,292103950,2115,292103970,2115,200,-268,31,86,2551,-87,-4,2549
24618802,11760,506817238,55942332,-1996,-3822,-188,5266,292103950,2115,292103980,2115,198,-268,23,99,2542,-94,10,2540
24628890,11760,506817229,55942305,-1996,-3821,-189,5266,292103950,2115,292103990,2115,197,-267,21,146,2514,-95,60,2514
24639236,11761,506817220,55942278,-1996,-3820,-189,5266,292103950,2115,292104000,2115,195,-267,30,135,2520,-86,48,2520
24649394,11761,506817211,55942251,-1996,-3820,-189,5266,292103950,2115,292104010,2115,193,-267,40,104,2512,-76,19,2511
24659340,11761,506817202,55942224,-1996,-3819,-189,5266,292104000,2115,292104020,2115,192,-266,33,114,2496,-81,30,2496
24668777,11761,506817193,55942197,-1996,-3819,-189,5266,292104000,2115,292104030,2115,190,-266,44,104,2473,-70,21,2472
24678733,11761,506817184,55942170,-1996,-3818,-188,5266,292104000,2115,292104040,2115,188,-266,20,104,2458,-93,23,2456
24689222,11761,506817175,55942143,-1995,-3817,-188,5266,292104000,2115,292104050,2115,187,-266,20,84,2452,-92,4,2450
24699011,11761,506817166,55942117,-1995,-3817,-187,5266,292104000,2115,292104060,2115,185,-265,21,101,2444,-91,22,2443
24708872,11762,506817157,55942089,-1995,-3816,-187,5267,292104050,2115,292104070,2115,183,-265,25,67,2471,-87,-12,2469
24719385,11762,506817148,55942062,-1995,-3815,-187,5267,292104050,2115,292104080,2115,182,-265,53,133,2481,-61,54,2482
24728687,11762,506817139,55942035,-1995,-3815,-186,5267,292104050,2115,292104090,2115,180,-265,22,111,2439,-89,34,2438
24738703,11762,506817130,55942009,-1995,-3814,-186,5267,292104050,2115,292104100,2115,178,-264,27,127,2461,-86,50,2461
24749498,11762,506817121,55941982,-1995,-3813,-186,5267,292104050,2115,292104110,2115,176,-264,27,105,2470,-85,29,2469
24758848,11763,506817112,55941954,-1995,-3812,-186,5267,292104100,2115,292104120,2115,174,-264,48,102,2437,-62,27,2436
24768804,11763,506817103,55941927,-1995,-3812,-185,5267,292104100,2115,292104130,2115,173,-264,29,75,2418,-81,2,2416
24779509,11763,506817094,55941901,-1995,-3811,-185,5267,292104100,2115,292104140,2115,171,-264,17,124,2433,-94,50,2432
24788729,11763,506817085,55941874,-1995,-3810,-184,5267,292104100,2115,292104150,2115,170,-264,7,92,2437,-104,19,2434
24799785,11763,506817076,55941847,-1994,-3810,-184,5267,292104100,2115,292104160,2115,168,-264,34,73,2480,-79,0,2478
24808856,11763,506817067,55941820,-1994,-3809,-184,5267,292104150,2115,292104170,2115,167,-264,34,114,2475,-78,41,2475
24818771,11763,506817058,55941793,-1994,-3808,-183,5267,292104150,2115,292104180,2115,165,-264,55,124,2449,-57,54,2450
24828700,11763,506817049,55941766,-1994,-3808,-182,5267,292104150,2115,292104190,2115,163,-264,27,56,2400,-82,-13,2397
24838731,11764,506817040,55941739,-1994,-3807,-181,5267,292104150,2115,292104200,2115,162,-264,9,87,2368,-98,20,2366
24849101,11764,506817031,55941713,-1994,-3806,-180,5267,292104150,2115,292104210,2115,160,-264,-5,120,2358,-112,54,2356
24858854,11764,506817022,55941685,-1994,-3805,-179,5267,292104200,2115,292104220,2115,159,-264,20,100,2422,-90,33,2420
24868816,11764,506817013,55941658,-1993,-3805,-179,5267,292104200,2115,292104230,2115,157,-264,38,48,2484,-74,-21,2482
24878678,11764,506817004,55941632,-1993,-3804,-179,5267,292104200,2115,292104240,2115,155,-264,27,123,2456,-84,56,2455
24889461,11764,506816995,55941605,-1993,-3804,-179,5267,292104200,2115,292104250,2115,154,-264,56,76,2467,-56,9,2466
24900200,11764,506816987,55941578,-1993,-3803,-178,5267,292104200,2115,292104260,2115,153,-264,32,56,2449,-79,-9,2447
24908825,11764,506816978,55941551,-1993,-3803,-177,5267,292104250,2115,292104270,2115,152,-264,15,70,2358,-92,8,2355
24919391,11764,506816969,55941524,-1992,-3802,-176,5267,292104250,2115,292104280,2115,150,-264,12,84,2372,-96,21,2370
24928714,11764,506816960,55941497,-1992,-3801,-175,5267,292104250,2115,292104290,2115,149,-263,8,80,2444,-103,16,2441
24938674,11764,506816951,55941471,-1992,-3801,-175,5267,292104250,2115,292104300,2115,147,-263,31,17,2475,-80,-47,2471
24948975,11763,506816942,55941444,-1991,-3800,-175,5267,292104250,2115,292104310,2115,146,-263,32,71,2482,-81,8,2480
24959344,11763,506816933,55941416,-1991,-3799,-175,5267,292104300,2115,292104320,2115,145,-263,35,110,2487,-77,47,2487
24968766,11763,506816924,55941390,-1991,-3799,-174,5267,292104300,2115,292104330,2115,144,-262,20,70,2426,-90,9,2424
24978702,11763,506816915,55941363,-1990,-3799,-174,5267,292104300,2115,292104340,2115,143,-262,48,-30,2386,-59,-89,2383
24988700,11763,506816906,55941336,-1990,-3798,-173,5267,292104300,2115,292104350,2115,142,-262,16,77,2404,-92,17,2401
24998927,11763,506816897,55941310,-1990,-3797,-172,5267,292104300,2115,292104360,2115,141,-262,25,64,2407,-83,4,2405
25008847,11762,506816888,55941282,-1989,-3797,-171,5267,292104350,2115,292104370,2115,140,-261,30,-12,2425,-78,-71,2421
25019709,11762,506816879,55941256,-1989,-3796,-171,5267,292104350,2115,292104380,2115,139,-261,23,76,2463,-88,15,2461
25028679,11762,506816870,55941229,-1989,-3796,-171,5267,292104350,2115,292104390,2115,139,-261,28,75,2471,-82,15,2469
25038689,11762,506816861,55941202,-1988,-3795,-170,5267,292104350,2115,292104400,2115,138,-260,27,42,2426,-81,-17,2423
25048998,11761,506816852,55941176,-1987,-3795,-170,5267,292104350,2115,292104410,2115,138,-260,32,-23,2435,-76,-82,2431
25058832,11761,506816843,55941148,-1987,-3795,-169,5267,292104400,2115,292104420,2115,138,-259,20,13,2436,-89,-46,2432
25068756,11761,506816834,55941121,-1987,-3794,-169,5267,292104400,2115,292104430,2115,138,-259,21,64,2438,-88,5,2435
25079103,11760,506816825,55941095,-1986,-3794,-168,5267,292104400,2115,292104440,2115,138,-258,33,11,2459,-76,-48,2456
25088700,11760,506816816,55941068,-1985,-3793,-168,5267,292104400,2115,292104450,2115,137,-258,13,1,2462,-96,-58,2458
25099635,11760,506816807,55941042,-1985,-3793,-168,5267,292104400,2115,292104460,2115,137,-257,48,-1,2532,-64,-62,2529
25108837,11760,506816799,55941014,-1984,-3792,-168,5267,292104450,2115,292104470,2115,137,-257,32,71,2463,-76,11,2461
25119028,11759,506816790,55940987,-1984,-3792,-168,5267,292104450,2115,292104480,2115,137,-256,18,32,2456,-90,-27,2453
25128737,11759,506816781,55940961,-1983,-3791,-167,5267,292104450,2115,292104490,2115,137,-256,5,-9,2448,-102,-68,2443
25138700,11759,506816772,55940934,-1982,-3791,-167,5267,292104450,2115,292104500,2115,137,-255,22,32,2450,-85,-27,2447
25148931,11759,506816763,55940908,-1982,-3790,-167,5267,292104450,2115,292104510,2115,137,-254,27,22,2499,-82,-39,2495
25158846,11759,506816754,55940880,-1982,-3790,-167,5267,292104500,2115,292104520,2115,138,-254,41,74,2498,-68,13,2497
25168778,11759,506816745,55940853,-1981,-3790,-166,5267,292104500,2115,292104530,2115,138,-253,47,5,2447,-59,-54,2444
25178699,11758,506816736,55940827,-1980,-3789,-166,5267,292104500,2115,292104540,2115,139,-253,4,-1,2458,-103,-61,2453
25188678,11758,506816727,55940800,-1980,-3789,-165,5267,292104500,2115,292104550,2115,140,-252,23,65,2444,-83,5,2441
25198974,11758,506816718,55940774,-1979,-3789,-165,5267,292104500,2115,292104560,2115,141,-252,51,-29,2474,-55,-89,2471
25208849,11758,506816709,55940746,-1979,-3788,-165,5267,292104550,2115,292104570,2115,141,-251,29,9,2446,-76,-51,2442
25218947,11758,506816701,55940720,-1978,-3788,-164,5267,292104550,2115,292104580,2115,142,-251,36,47,2463,-70,-14,2461
25228733,11758,506816692,55940693,-1978,-3787,-164,5267,292104550,2115,292104590,2115,143,-251,15,42,2489,-92,-21,2486
25238700,11758,506816683,55940666,-1978,-3787,-164,5267,292104550,2115,292104600,2115,144,-251,37,42,2464,-69,-20,2462
25248943,11758,506816674,55940640,-1977,-3786,-164,5267,292104550,2115,292104610,2115,144,-251,14,58,2519,-94,-6,2516
25258865,11758,506816665,55940612,-1977,-3786,-164,5267,292104600,2115,292104620,2115,146,-251,17,40,2494,-90,-23,2491
25268773,11757,506816656,55940586,-1976,-3786,-164,5267,292104600,2115,292104630,2115,147,-251,51,-22,2509,-56,-87,2505
25278676,11757,506816647,55940559,-1976,-3785,-164,5267,292104600,2115,292104640,2115,148,-251,27,65,2530,-82,0,2528
25288700,11757,506816638,55940533,-1975,-3784,-164,5267,292104600,2115,292104650,2115,149,-251,29,88,2495,-78,23,2493
25298983,11757,506816629,55940506,-1975,-3784,-164,5267,292104600,2115,292104660,2115,150,-251,35,6,2506,-73,-60,2502
25308837,11757,506816621,55940478,-1974,-3784,-164,5267,292104650,2115,292104670,2115,151,-251,15,24,2490,-92,-42,2486
25319024,11757,506816612,55940452,-1974,-3783,-164,5267,292104650,2115,292104680,2115,152,-251,10,54,2510,-98,-13,2506
25328683,11757,506816603,55940425,-1973,-3782,-164,5267,292104650,2115,292104690,2115,153,-251,19,78,2522,-90,10,2520
25338697,11757,506816594,55940399,-1973,-3782,-164,5267,292104650,2115,292104700,2115,154,-251,41,22,2513,-67,-46,2510
25348950,11756,506816585,55940372,-1972,-3782,-164,5267,292104650,2115,292104710,2115,154,-251,28,3,2504,-80,-65,2500
25358844,11756,506816576,55940345,-1972,-3781,-164,5267,292104700,2115,292104720,2115,155,-251,10,75,2507,-98,6,2504
25368770,11756,506816567,55940318,-1971,-3781,-165,5267,292104700,2115,292104730,2115,156,-251,19,46,2565,-91,-24,2562
25378674,11756,506816558,55940292,-1971,-3780,-165,5267,292104700,2115,292104740,2115,157,-251,28,73,2553,-82,3,2551
25388662,11756,506816550,55940265,-1971,-3780,-165,5267,292104700,2115,292104750,2115,157,-252,51,52,2552,-59,-19,2551
25398970,11756,506816541,55940239,-1970,-3779,-166,5267,292104700,2115,292104760,2115,158,-252,30,71,2559,-80,0,2557
25408822,11756,506816532,55940211,-1970,-3778,-166,5267,292104750,2115,292104770,2115,159,-252,-2,55,2523,-111,-15,2519
25419117,11755,506816523,55940184,-1969,-3778,-166,5267,292104750,2115,292104780,2115,160,-252,5,33,2487,-103,-37,2483
25428700,11755,506816514,55940158,-1969,-3777,-166,5267,292104750,2115,292104790,2115,161,-252,2,55,2491,-106,-15,2488
25438724,11755,506816505,55940132,-1968,-3776,-166,5267,292104750,2115,292104800,2115,161,-252,28,68,2539,-82,-4,2537
25449080,11755,506816497,55940105,-1968,-3776,-167,5267,292104750,2115,292104810,2115,162,-252,39,59,2558,-72,-14,2556
25458856,11755,506816488,55940077,-1968,-3776,-167,5267,292104800,2115,292104820,2115,163,-252,33,48,2551,-78,-24,2548
25469067,11755,506816479,55940051,-1967,-3775,-167,5267,292104800,2115,292104830,2115,163,-252,7,63,2554,-104,-11,2550
25478683,11755,506816470,55940024,-1967,-3774,-167,5267,292104800,2115,292104840,2115,163,-252,0,80,2494,-108,8,2491
25488706,11755,506816461,55939998,-1967,-3773,-167,5267,292104800,2115,292104850,2115,163,-252,19,80,2497,-90,9,2495
25498977,11755,506816452,55939972,-1966,-3773,-168,5267,292104800,2115,292104860,2115,164,-252,29,63,2535,-80,-10,2533
25508844,11755,506816444,55939944,-1966,-3772,-168,5267,292104850,2115,292104870,2115,164,-252,24,79,2548,-86,5,2546
25519246,11755,506816435,55939917,-1965,-3772,-168,5267,292104850,2115,292104880,2115,165,-252,-7,42,2546,-117,-32,2541
25528716,11755,506816426,55939891,-1965,-3771,-168,5267,292104850,2115,292104890,2115,165,-252,-3,133,2519,-112,60,2518
25538709,11755,506816417,55939864,-1965,-3770,-168,5267,292104850,2115,292104900,2115,166,-252,14,77,2528,-95,3,2525
25549216,11755,506816408,55939838,-1965,-3770,-169,5267,292104850,2115,292104910,2115,167,-251,34,68,2544,-76,-7,2542
25558842,11755,506816399,55939810,-1964,-3769,-169,5267,292104900,2115,292104920,2115,168,-251,33,51,2515,-75,-23,2513
25568774,11755,506816391,55939784,-1964,-3768,-169,5267,292104900,2115,292104930,2115,169,-251,10,111,2515,-99,36,2513
25578722,11755,506816382,55939757,-1964,-3768,-169,5267,292104900,2115,292104940,2115,169,-252,6,56,2476,-101,-17,2473
25588726,11755,506816373,55939731,-1963,-3767,-169,5267,292104900,2115,292104950,2115,170,-252,4,42,2516,-105,-33,2513
25599181,11755,506816364,55939705,-1963,-3766,-169,5267,292104900,2115,292104960,2115,170,-252,16,56,2516,-93,-19,2513
25608854,11755,506816355,55939677,-1962,-3765,-169,5267,292104950,2115,292104970,2115,171,-252,-3,106,2504,-112,31,2502
25618757,11755,506816346,55939650,-1962,-3765,-169,5267,292104950,2115,292104980,2115,171,-252,8,52,2544,-102,-25,2541
25628735,11755,506816338,55939624,-1962,-3764,-169,5267,292104950,2115,292104990,2115,171,-252,16,84,2533,-94,8,2531
25638688,11755,506816329,55939598,-1961,-3764,-170,5267,292104950,2115,292105000,2115,171,-253,36,91,2505,-73,16,2504
25648986,11756,506816320,55939571,-1961,-3763,-170,5267,292104950,2115,292105010,2115,171,-253,18,31,2505,-90,-44,2502
25658833,11756,506816311,55939544,-1960,-3762,-169,5267,292105000,2115,292105020,2115,171,-253,-3,56,2503,-112,-20,2500
25668763,11756,506816302,55939517,-1960,-3761,-169,5267,292105000,2115,292105030,2115,171,-253,13,159,2475,-95,84,2475
25678699,11756,506816294,55939491,-1960,-3761,-169,5267,292105000,2115,292105040,2115,171,-253,16,66,2487,-92,-9,2484
25688705,11756,506816285,55939464,-1960,-3760,-169,5267,292105000,2115,292105050,2115,171,-253,9,85,2525,-101,9,2523
25699386,11756,506816276,55939438,-1959,-3759,-169,5267,292105000,2115,292105060,2115,172,-253,12,85,2521,-98,9,2519
25708830,11756,506816267,55939410,-1959,-3759,-170,5267,292105050,2115,292105070,2115,172,-253,7,94,2506,-102,18,2503
25718764,11756,506816258,55939384,-1959,-3758,-170,5267,292105050,2115,292105080,2115,172,-253,-9,79,2526,-119,2,2523
25728688,11756,506816250,55939358,-1959,-3757,-170,5268,292105050,2115,292105090,2115,172,-253,2,76,2513,-107,0,2510
25738699,11756,506816241,55939331,-1958,-3756,-170,5268,292105050,2115,292105100,2115,172,-253,16,93,2496,-92,18,2495
25748991,11757,506816232,55939305,-1958,-3756,-170,5268,292105050,2115,292105110,2115,172,-253,-2,87,2484,-111,12,2481
25758866,11757,506816223,55939277,-1957,-3755,-170,5268,292105100,2115,292105120,2115,173,-253,-6,80,2537,-116,3,2534
25768770,11757,506816214,55939251,-1957,-3754,-170,5268,292105100,2115,292105130,2115,173,-253,0,95,2522,-110,19,2520
25778682,11757,506816206,55939225,-1957,-3753,-170,5268,292105100,2115,292105140,2115,173,-253,6,61,2528,-104,-16,2525
25788697,11757,506816197,55939198,-1956,-3752,-170,5268,292105100,2115,292105150,2115,173,-252,19,87,2502,-90,11,2500
25798975,11757,506816188,55939172,-1956,-3752,-170,5268,292105100,2115,292105160,2115,173,-252,0,110,2431,-106,37,2429
25808847,11757,506816179,55939145,-1956,-3751,-169,5268,292105150,2115,292105170,2115,173,-252,-6,66,2456,-112,-9,2452
25818782,11757,506816170,55939118,-1956,-3750,-169,5268,292105150,2115,292105180,2115,173,-252,-6,106,2460,-112,31,2458
25828693,11757,506816162,55939092,-1956,-3749,-169,5268,292105150,2115,292105190,2115,173,-251,-9,103,2490,-117,27,2487
25838681,11757,506816153,55939066,-1955,-3749,-169,5268,292105150,2115,292105200,2115,173,-251,29,69,2501,-79,-7,2499
25848947,11757,506816144,55939039,-1955,-3748,-169,5268,292105150,2115,292105210,2115,173,-251,6,40,2511,-102,-37,2507
25858844,11757,506816135,55939012,-1954,-3747,-168,5268,292105200,2115,292105220,2115,173,-251,-1,105,2452,-107,30,2449
25868818,11757,506816127,55938986,-1954,-3746,-168,5268,292105200,2115,292105230,2115,173,-251,-37,83,2435,-142,9,2431
25878687,11757,506816118,55938959,-1953,-3746,-168,5268,292105200,2115,292105240,2115,173,-251,7,61,2494,-100,-15,2491
25888686,11757,506816109,55938933,-1953,-3745,-167,5268,292105200,2115,292105250,2115,174,-251,17,86,2456,-89,11,2454
25898973,11757,506816100,55938907,-1953,-3744,-167,5268,292105200,2115,292105260,2115,174,-251,-10,89,2489,-118,13,2486
25908825,11758,506816091,55938879,-1952,-3743,-167,5268,292105250,2115,292105270,2115,174,-251,-20,72,2494,-128,-5,2490
25919645,11758,506816083,55938853,-1952,-3742,-167,5268,292105250,2115,292105280,2115,175,-252,-17,94,2482,-124,18,2479
25928707,11758,506816074,55938827,-1952,-3741,-167,5268,292105250,2115,292105290,2115,175,-252,-2,72,2471,-109,-4,2467
25938686,11758,506816065,55938801,-1951,-3741,-166,5268,292105250,2115,292105300,2115,175,-252,-16,60,2446,-122,-15,2442
25948942,11758,506816056,55938774,-1951,-3740,-166,5268,292105250,2115,292105310,2115,175,-252,-17,115,2454,-124,39,2451
25958879,11758,506816048,55938747,-1950,-3739,-166,5268,292105300,2115,292105320,2115,175,-252,-22,67,2501,-130,-10,2497
25968775,11758,506816039,55938721,-1950,-3738,-166,5268,292105300,2115,292105330,2115,175,-252,2,69,2514,-107,-8,2511
25978702,11758,506816030,55938694,-1950,-3737,-166,5268,292105300,2115,292105340,2115,175,-252,3,90,2503,-105,13,2501
25988698,11758,506816021,55938668,-1949,-3736,-166,5268,292105300,2115,292105350,2115,175,-251,8,75,2504,-100,-2,2501
25998938,11759,506816013,55938642,-1949,-3735,-165,5268,292105300,2115,292105360,2115,175,-251,-30,106,2417,-134,32,2414
26008845,11759,506816004,55938615,-1948,-3735,-165,5268,292105350,2115,292105370,2115,175,-251,-48,80,2458,-154,4,2454
26018878,11759,506815995,55938588,-1948,-3734,-165,5268,292105350,2115,292105380,2115,175,-251,-25,94,2487,-132,17,2484
26028706,11759,506815986,55938562,-1948,-3733,-165,5268,292105350,2115,292105390,2115,175,-250,-1,96,2516,-109,18,2513
26038722,11759,506815978,55938536,-1947,-3732,-165,5268,292105350,2115,292105400,2115,175,-250,-10,42,2515,-118,-36,2511
26049488,11759,506815969,55938510,-1947,-3731,-165,5268,292105350,2115,292105410,2115,175,-250,-20,65,2511,-128,-12,2507
26058838,11759,506815960,55938482,-1946,-3730,-165,5268,292105400,2115,292105420,2115,175,-249,-35,118,2463,-141,42,2460
26068743,11759,506815951,55938456,-1946,-3729,-165,5268,292105400,2115,292105430,2115,175,-249,-31,65,2463,-136,-11,2459
26078690,11759,506815943,55938430,-1945,-3728,-164,5268,292105400,2115,292105440,2115,175,-248,-10,83,2480,-116,7,2477
26088706,11759,506815934,55938404,-1945,-3727,-164,5268,292105400,2115,292105450,2115,175,-248,11,109,2469,-95,33,2467
26098938,11759,506815925,55938378,-1945,-3726,-164,5268,292105400,2115,292105460,2115,175,-247,-27,94,2488,-133,17,2484
26109126,11759,506815916,55938351,-1944,-3725,-164,5268,292105450,2115,292105470,2115,175,-247,-30,67,2506,-136,-10,2501
26118780,11759,506815908,55938324,-1944,-3724,-163,5268,292105450,2115,292105480,2115,175,-246,-33,96,2439,-136,21,2435
26128697,11759,506815899,55938298,-1943,-3724,-163,5268,292105450,2115,292105490,2115,175,-246,-21,28,2439,-123,-47,2433
26138740,11759,506815890,55938272,-1943,-3723,-163,5268,292105450,2115,292105500,2115,174,-246,-20,90,2474,-125,14,2470
26148946,11759,506815882,55938246,-1942,-3722,-163,5268,292105450,2115,292105510,2115,174,-245,-24,81,2481,-129,5,2478
26158849,11759,506815873,55938219,-1942,-3721,-162,5268,292105500,2115,292105520,2115,174,-245,-6,109,2490,-111,33,2488
26169520,11759,506815864,55938193,-1942,-3720,-162,5268,292105500,2115,292105530,2115,173,-245,-26,50,2507,-131,-26,2502
26178720,11758,506815855,55938167,-1941,-3720,-162,5268,292105500,2115,292105540,2115,173,-244,-14,52,2501,-119,-24,2497
26188679,11758,506815847,55938141,-1940,-3719,-162,5268,292105500,2115,292105550,2115,173,-244,-18,63,2442,-120,-11,2438
26199763,11758,506815838,55938114,-1940,-3718,-161,5268,292105500,2115,292105560,2115,172,-244,-45,111,2463,-148,37,2459
26208845,11758,506815829,55938087,-1940,-3717,-162,5268,292105550,2115,292105570,2115,172,-244,-22,67,2512,-127,-9,2508
26218766,11758,506815821,55938061,-1939,-3716,-162,5268,292105550,2115,292105580,2115,171,-244,-21,50,2518,-127,-26,2514
26229036,11758,506815812,55938035,-1939,-3715,-162,5268,292105550,2115,292105590,2115,171,-244,-23,101,2479,-127,26,2476
26238701,11758,506815803,55938009,-1938,-3714,-162,5268,292105550,2115,292105600,2115,171,-244,-40,63,2520,-146,-13,2515
26248916,11758,506815794,55937983,-1938,-3713,-162,5268,292105550,2115,292105610,2115,170,-244,-19,56,2495,-123,-19,2491
26258892,11757,506815786,55937956,-1937,-3712,-162,5268,292105600,2115,292105620,2115,170,-244,-22,46,2491,-126,-29,2486
26268760,11757,506815777,55937930,-1937,-3712,-162,5268,292105600,2115,292105630,2115,170,-245,-21,74,2517,-127,-1,2513
26278738,11757,506815768,55937904,-1936,-3711,-162,5268,292105600,2115,292105640,2115,170,-245,-31,82,2531,-138,6,2527
26288984,11757,506815760,55937878,-1936,-3710,-162,5268,292105600,2115,292105650,2115,170,-246,-21,80,2536,-128,4,2532
26298930,11757,506815751,55937852,-1935,-3709,-162,5268,292105600,2115,292105660,2115,169,-246,-33,62,2515,-139,-13,2510
26308820,11757,506815742,55937824,-1934,-3708,-162,5268,292105650,2115,292105670,2115,169,-247,-38,54,2502,-144,-20,2496
26319367,11757,506815733,55937798,-1934,-3707,-162,5268,292105650,2115,292105680,2115,169,-247,-48,47,2489,-154,-28,2484
26328697,11757,506815725,55937772,-1933,-3706,-162,5268,292105650,2115,292105690,2115,169,-247,-23,68,2554,-132,-7,2550
26338740,11757,506815716,55937746,-1933,-3705,-163,5268,292105650,2115,292105700,2115,168,-248,-30,69,2553,-139,-6,2548
26349471,11756,506815707,55937720,-1932,-3704,-163,5268,292105650,2115,292105710,2115,168,-248,-18,59,2560,-127,-17,2556
26358865,11756,506815699,55937693,-1931,-3703,-163,5268,292105700,2115,292105720,2115,168,-249,-29,23,2521,-136,-52,2515
26368766,11756,506815690,55937667,-1931,-3702,-164,5268,292105700,2115,292105730,2115,168,-249,-38,95,2547,-147,19,2543
26378968,11756,506815681,55937641,-1930,-3701,-164,5268,292105700,2115,292105740,2115,168,-249,-37,73,2508,-145,-1,2504
26388694,11756,506815673,55937615,-1930,-3700,-164,5268,292105700,2115,292105750,2115,169,-250,-33,63,2553,-142,-13,2548
26398995,11756,506815664,55937590,-1929,-3699,-164,5268,292105700,2115,292105760,2115,169,-250,-33,59,2553,-142,-17,2548
26408896,11756,506815655,55937562,-1929,-3698,-165,5268,292105750,2115,292105770,2115,169,-250,-34,85,2577,-145,8,2572
26418763,11755,506815647,55937537,-1928,-3697,-165,5268,292105750,2115,292105780,2115,170,-250,-57,81,2540,-167,5,2535
26428677,11755,506815638,55937511,-1927,-3696,-166,5268,292105750,2115,292105790,2115,170,-251,-31,44,2593,-143,-34,2587
26438940,11755,506815629,55937485,-1927,-3695,-166,5268,292105750,2115,292105800,2115,171,-251,-21,48,2557,-131,-28,2552
26448941,11755,506815621,55937459,-1926,-3694,-166,5268,292105750,2115,292105810,2115,171,-251,-36,45,2523,-145,-31,2517
26458822,11755,506815612,55937432,-1925,-3694,-167,5268,292105800,2115,292105820,2115,171,-251,-43,66,2504,-151,-10,2499
26469566,11755,506815604,55937406,-1925,-3692,-167,5268,292105800,2115,292105830,2115,171,-251,-51,87,2543,-160,10,2538
26478724,11755,506815595,55937380,-1924,-3692,-167,5268,292105800,2115,292105840,2115,171,-251,-20,67,2566,-130,-10,2562
26488699,11754,506815586,55937354,-1923,-3691,-167,5268,292105800,2115,292105850,2115,172,-251,-24,39,2525,-132,-38,2519
26499757,11754,506815578,55937328,-1923,-3690,-167,5268,292105800,2115,292105860,2115,172,-251,-40,99,2508,-148,23,2504
26508849,11754,506815569,55937301,-1923,-3688,-167,5268,292105850,2115,292105870,2115,173,-251,-49,63,2476,-155,-12,2471
26518760,11754,506815560,55937275,-1922,-3687,-167,5268,292105850,2115,292105880,2115,173,-251,-52,31,2507,-160,-45,2500
26528715,11754,506815552,55937249,-1921,-3687,-167,5268,292105850,2115,292105890,2115,174,-250,-34,71,2500,-141,-6,2496
26538695,11754,506815543,55937224,-1920,-3686,-167,5268,292105850,2115,292105900,2115,174,-250,-19,44,2498,-127,-32,2493
26548933,11754,506815534,55937198,-1920,-3685,-167,5268,292105850,2115,292105910,2115,174,-250,-43,90,2508,-150,13,2504
26559670,11754,506815526,55937171,-1919,-3684,-167,5268,292105900,2115,292105920,2115,175,-249,-64,77,2507,-171,0,2501
26568774,11754,506815517,55937145,-1918,-3682,-167,5268,292105900,2115,292105930,2115,175,-249,-71,41,2527,-179,-37,2519
26578743,11754,506815509,55937119,-1918,-3681,-167,5268,292105900,2115,292105940,2115,176,-248,-67,51,2501,-174,-26,2494
26588867,11754,506815500,55937093,-1917,-3680,-167,5268,292105900,2115,292105950,2115,177,-247,-40,92,2482,-145,15,2478
26598966,11754,506815491,55937067,-1917,-3679,-167,5268,292105900,2115,292105960,2115,177,-247,-44,74,2514,-151,-4,2509
26608824,11754,506815483,55937040,-1916,-3678,-167,5268,292105950,2115,292105970,2115,178,-246,-39,58,2487,-144,-19,2482
26618781,11754,506815474,55937015,-1915,-3677,-166,5268,292105950,2115,292105980,2115,178,-245,-43,68,2409,-144,-8,2404
26628711,11754,506815466,55936989,-1915,-3676,-165,5268,292105950,2115,292105990,2115,179,-244,-47,56,2435,-149,-21,2430
26638693,11754,506815457,55936963,-1914,-3675,-165,5268,292105950,2115,292106000,2115,179,-243,-51,67,2438,-152,-10,2433
26649226,11754,506815448,55936937,-1913,-3675,-164,5268,292105950,2115,292106010,2115,180,-242,-33,76,2417,-134,-1,2413
26658860,11754,506815440,55936910,-1913,-3674,-164,5268,292106000,2115,292106020,2115,180,-241,-50,14,2490,-153,-65,2483
26668771,11754,506815431,55936885,-1912,-3673,-164,5268,292106000,2115,292106030,2115,180,-241,-32,95,2441,-133,18,2438
26679261,11754,506815423,55936859,-1911,-3672,-163,5268,292106000,2115,292106040,2115,181,-240,-39,52,2417,-139,-25,2412
26688693,11754,506815414,55936833,-1911,-3670,-163,5268,292106000,2115,292106050,2115,181,-239,-52,108,2441,-152,30,2437
26700119,11754,506815405,55936807,-1911,-3669,-162,5268,292106000,2115,292106060,2115,182,-238,-60,99,2438,-159,21,2433
26709442,11754,506815397,55936781,-1910,-3668,-162,5268,292106050,2115,292106070,2115,182,-237,-40,59,2452,-140,-20,2447
26718768,11754,506815388,55936755,-1909,-3667,-161,5268,292106050,2115,292106080,2115,183,-237,-49,48,2437,-148,-30,2432
26728686,11754,506815380,55936729,-1909,-3667,-161,5268,292106050,2115,292106090,2115,184,-236,-42,76,2432,-141,-3,2427
26739503,11754,506815371,55936703,-1908,-3666,-160,5268,292106050,2115,292106100,2115,184,-235,-48,49,2461,-147,-31,2456
26749057,11754,506815363,55936678,-1908,-3665,-160,5268,292106050,2115,292106110,2115,185,-234,-41,108,2427,-139,29,2423
26758864,11754,506815354,55936651,-1907,-3664,-159,5269,292106100,2115,292106120,2115,186,-233,-40,57,2379,-135,-21,2374
26768772,11754,506815345,55936625,-1906,-3663,-158,5269,292106100,2115,292106130,2115,186,-233,-46,41,2398,-142,-38,2393
26778691,11754,506815337,55936599,-1906,-3662,-157,5269,292106100,2115,292106140,2115,187,-232,-42,59,2387,-137,-19,2382
26788674,11754,506815328,55936574,-1906,-3661,-156,5269,292106100,2115,292106150,2115,187,-232,-32,129,2449,-130,49,2447
26798955,11754,506815320,55936548,-1905,-3660,-156,5269,292106100,2115,292106160,2115,188,-232,-54,91,2421,-150,11,2417
26808852,11754,506815311,55936521,-1904,-3659,-155,5269,292106150,2115,292106170,2115,188,-231,-60,67,2405,-156,-12,2399
26818754,11755,506815303,55936496,-1904,-3657,-154,5269,292106150,2115,292106180,2115,189,-231,-71,113,2391,-166,34,2387
26829333,11755,506815294,55936470,-1904,-3656,-153,5269,292106150,2115,292106190,2115,190,-231,-52,113,2433,-148,31,2429
26838679,11755,506815286,55936444,-1903,-3656,-153,5269,292106150,2115,292106200,2115,190,-230,-22,53,2448,-119,-29,2444
26849530,11755,506815277,55936419,-1903,-3655,-153,5269,292106150,2115,292106210,2115,191,-230,-35,77,2447,-131,-5,2443
26858876,11755,506815268,55936392,-1902,-3654,-152,5269,292106200,2115,292106220,2115,192,-230,-41,101,2481,-139,17,2478
26868802,11756,506815260,55936366,-1902,-3652,-152,5269,292106200,2115,292106230,2115,193,-230,-58,93,2413,-153,11,2408
26879262,11756,506815251,55936341,-1901,-3651,-151,5269,292106200,2115,292106240,2115,193,-230,-54,102,2428,-150,19,2425
26888927,11756,506815243,55936315,-1901,-3650,-150,5269,292106200,2115,292106250,2115,193,-230,-46,110,2430,-143,27,2427
26898977,11757,506815234,55936289,-1901,-3649,-150,5269,292106200,2115,292106260,2115,194,-231,-40,113,2475,-138,29,2472
26908843,11757,506815226,55936263,-1900,-3648,-150,5269,292106250,2115,292106270,2115,194,-231,-57,98,2436,-154,14,2432
26919284,11758,506815217,55936237,-1900,-3647,-149,5269,292106250,2115,292106280,2115,195,-231,-65,124,2478,-164,39,2475
26928753,11758,506815209,55936211,-1899,-3646,-149,5269,292106250,2115,292106290,2115,195,-232,-58,111,2491,-157,25,2487
26938690,11759,506815200,55936186,-1899,-3645,-149,5269,292106250,2115,292106300,2115,196,-232,-36,107,2492,-136,22,2489
26948935,11759,506815192,55936160,-1899,-3644,-149,5269,292106250,2115,292106310,2115,196,-233,-31,99,2440,-129,15,2436
26958821,11760,506815183,55936134,-1899,-3643,-148,5269,292106300,2115,292106320,2115,196,-234,-48,136,2460,-147,51,2457
26968745,11761,506815175,55936108,-1899,-3641,-148,5269,292106300,2115,292106330,2115,197,-234,-53,174,2442,-151,90,2441
26978698,11761,506815166,55936083,-1899,-3640,-148,5269,292106300,2115,292106340,2115,197,-235,-48,128,2502,-149,41,2499
26988686,11762,506815158,55936057,-1898,-3639,-148,5269,292106300,2115,292106350,2115,197,-236,-52,137,2549,-156,48,2546
26998979,11763,506815149,55936032,-1898,-3637,-148,5269,292106300,2115,292106360,2115,198,-237,-75,162,2498,-177,74,2495
27008818,11763,506815141,55936005,-1898,-3636,-149,5269,292106350,2115,292106370,2115,198,-238,-66,153,2573,-172,63,2570
27018760,11764,506815132,55935979,-1898,-3635,-149,5269,292106350,2115,292106380,2115,199,-238,-54,129,2566,-160,39,2563
27028674,11765,506815123,55935954,-1898,-3633,-149,5269,292106350,2115,292106390,2115,199,-239,-55,153,2515,-159,64,2512
27038883,11766,506815115,55935928,-1897,-3632,-150,5269,292106350,2115,292106400,2115,199,-240,-52,144,2558,-158,54,2555
27048945,11766,506815106,55935903,-1897,-3631,-150,5269,292106350,2115,292106410,2115,199,-241,-63,140,2549,-169,51,2545
27058844,11767,506815098,55935876,-1897,-3629,-151,5269,292106400,2115,292106420,2115,199,-241,-48,140,2591,-155,49,2589
27068759,11768,506815089,55935851,-1897,-3628,-151,5269,292106400,2115,292106430,2115,199,-242,-48,171,2542,-154,81,2540
27078705,11769,506815081,55935825,-1896,-3627,-151,5269,292106400,2115,292106440,2115,199,-242,-67,123,2528,-173,34,2524
27088683,11769,506815072,55935800,-1896,-3625,-152,5269,292106400,2115,292106450,2115,199,-242,-64,193,2569,-171,103,2567
27098943,11770,506815064,55935775,-1896,-3624,-153,5269,292106400,2115,292106460,2115,199,-243,-65,159,2572,-173,69,2569
27108821,11771,506815055,55935748,-1896,-3622,-153,5269,292106450,2115,292106470,2115,198,-243,-53,157,2592,-162,67,2589
27118744,11772,506815047,55935723,-1896,-3621,-154,5269,292106450,2115,292106480,2115,198,-243,-58,158,2593,-167,68,2590
27128683,11773,506815038,55935697,-1896,-3619,-154,5269,292106450,2115,292106490,2115,197,-244,-71,228,2548,-178,139,2547
27138683,11773,506815030,55935672,-1896,-3617,-154,5269,292106450,2115,292106500,2115,197,-244,-69,191,2550,-176,102,2548
27148932,11774,506815021,55935647,-1896,-3616,-155,5269,292106450,2115,292106510,2115,197,-244,-90,107,2572,-198,18,2566
27158839,11775,506815013,55935620,-1896,-3615,-156,5269,292106500,2115,292106520,2115,197,-244,-43,129,2646,-154,37,2643
27168750,11776,506815004,55935595,-1896,-3613,-157,5269,292106500,2115,292106530,2115,196,-243,-60,196,2569,-168,107,2568
27178692,11776,506814996,55935569,-1896,-3612,-157,5269,292106500,2115,292106540,2115,196,-243,-54,152,2577,-162,64,2574
27188675,11777,506814987,55935544,-1896,-3610,-158,5269,292106500,2115,292106550,2115,195,-243,-71,171,2547,-178,84,2544
27199096,11778,506814979,55935519,-1896,-3609,-158,5269,292106500,2115,292106560,2115,194,-243,-80,180,2569,-187,92,2566
27208856,11779,506814970,55935492,-1895,-3607,-158,5269,292106550,2115,292106570,2115,193,-242,-57,151,2488,-161,66,2485
27218777,11779,506814962,55935467,-1896,-3605,-158,5269,292106550,2115,292106580,2115,193,-242,-107,221,2507,-212,136,2505
27228696,11780,506814953,55935442,-1895,-3604,-158,5269,292106550,2115,292106590,2115,192,-241,-58,154,2535,-164,68,2532
27239484,11781,506814945,55935416,-1895,-3603,-159,5269,292106550,2115,292106600,2115,192,-240,-79,152,2562,-185,65,2558
27249668,11782,506814936,55935391,-1895,-3601,-159,5269,292106550,2115,292106610,2115,191,-239,-79,133,2576,-185,46,2572
27258866,11782,506814928,55935365,-1894,-3600,-160,5269,292106600,2115,292106620,2115,191,-239,-56,139,2562,-161,53,2559
27268750,11783,506814919,55935339,-1894,-3598,-159,5269,292106600,2115,292106630,2115,190,-238,-95,205,2475,-197,121,2473
27278966,11784,506814911,55935314,-1895,-3596,-159,5269,292106600,2115,292106640,2115,189,-237,-76,189,2496,-178,105,2494
27288746,11784,506814902,55935289,-1894,-3595,-159,5269,292106600,2115,292106650,2115,188,-236,-72,57,2479,-172,-25,2473
27298954,11785,506814894,55935264,-1894,-3593,-159,5269,292106600,2115,292106660,2115,188,-235,-115,257,2426,-213,176,2425
27308811,11786,506814885,55935237,-1894,-3592,-160,5269,292106650,2115,292106670,2115,188,-234,-65,118,2602,-170,32,2598
27318764,11787,506814877,55935212,-1894,-3590,-159,5269,292106650,2115,292106680,2115,187,-233,-97,148,2406,-194,69,2401
27328710,11787,506814868,55935187,-1893,-3589,-159,5269,292106650,2115,292106690,2115,186,-233,-63,127,2525,-164,44,2522
27338749,11788,506814860,55935162,-1893,-3587,-158,5269,292106650,2115,292106700,2115,185,-232,-106,134,2440,-204,54,2435
27348934,11789,506814851,55935137,-1893,-3585,-158,5269,292106650,2115,292106710,2115,184,-231,-81,210,2436,-178,131,2435
27358844,11790,506814843,55935111,-1893,-3584,-157,5269,292106700,2115,292106720,2115,184,-230,-100,131,2374,-194,53,2370
27368787,11790,506814834,55935085,-1892,-3582,-157,5269,292106700,2115,292106730,2115,184,-229,-88,98,2447,-184,19,2441
27378668,11791,506814826,55935060,-1892,-3581,-156,5269,292106700,2115,292106740,2115,183,-228,-75,99,2443,-170,20,2438
27388677,11792,506814817,55935035,-1892,-3580,-156,5269,292106700,2115,292106750,2115,183,-227,-69,164,2480,-167,84,2477
27398958,11793,506814809,55935010,-1891,-3578,-156,5269,292106700,2115,292106760,2115,182,-227,-85,104,2452,-181,25,2447
27408836,11794,506814800,55934984,-1891,-3576,-155,5269,292106750,2115,292106770,2115,182,-226,-106,221,2418,-201,143,2416
27418744,11794,506814792,55934959,-1891,-3574,-155,5269,292106750,2115,292106780,2115,182,-226,-128,163,2407,-222,85,2402
27428684,11795,506814783,55934934,-1890,-3573,-154,5269,292106750,2115,292106790,2115,182,-225,-92,-16,2420,-185,-94,2411
27438725,11796,506814775,55934909,-1890,-3571,-153,5269,292106750,2115,292106800,2115,182,-225,-65,222,2413,-159,144,2412
27448958,11797,506814766,55934884,-1891,-3569,-153,5269,292106750,2115,292106810,2115,182,-225,-104,269,2466,-200,190,2466
27458845,11798,506814758,55934858,-1891,-3569,-152,5269,292106800,2115,292106820,2115,182,-224,-51,102,2479,-147,22,2475
27468755,11798,506814749,55934833,-1889,-3567,-152,5269,292106800,2115,292106830,2115,182,-224,-141,13,2435,-234,-66,2425
27478710,11799,506814741,55934808,-1890,-3566,-151,5269,292106800,2115,292106840,2115,182,-224,-74,236,2376,-166,159,2375
27488674,11800,506814732,55934783,-1890,-3564,-150,5269,292106800,2115,292106850,2115,182,-224,-112,232,2411,-206,154,2409
27498947,11801,506814724,55934758,-1890,-3563,-150,5269,292106800,2115,292106860,2115,182,-224,-56,93,2467,-151,14,2463
27508842,11801,506814715,55934732,-1889,-3561,-149,5269,292106850,2115,292106870,2115,182,-224,-93,117,2430,-187,39,2425
27518756,11802,506814707,55934707,-1890,-3559,-149,5269,292106850,2115,292106880,2115,182,-225,-97,191,2434,-191,113,2431
27528704,11803,506814698,55934682,-1889,-3558,-148,5269,292106850,2115,292106890,2115,182,-225,-129,102,2410,-222,25,2403
27538687,11803,506814690,55934657,-1888,-3556,-147,5269,292106850,2115,292106900,2115,182,-226,-103,109,2452,-198,30,2447
27549019,11804,506814681,55934632,-1888,-3555,-147,5269,292106850,2115,292106910,2115,183,-226,-63,136,2495,-160,55,2492
27558956,11805,506814673,55934606,-1889,-3553,-148,5269,292106900,2115,292106920,2115,183,-227,-81,151,2486,-178,71,2483
27568699,11805,506814664,55934581,-1889,-3551,-147,5269,292106900,2115,292106930,2115,183,-228,-84,149,2469,-181,69,2465
27578706,11806,506814656,55934556,-1888,-3550,-147,5269,292106900,2115,292106940,2115,183,-228,-106,138,2482,-203,58,2477
27588667,11807,506814647,55934531,-1888,-3548,-147,5269,292106900,2115,292106950,2115,183,-229,-109,133,2467,-207,53,2462
27599293,11807,506814639,55934506,-1888,-3546,-147,5269,292106900,2115,292106960,2115,183,-230,-85,150,2504,-184,69,2500
27608850,11808,506814630,55934481,-1887,-3545,-146,5269,292106950,2115,292106970,2115,183,-231,-117,120,2491,-216,39,2485
27618757,11809,506814622,55934456,-1887,-3543,-147,5269,292106950,2115,292106980,2115,184,-232,-79,166,2544,-181,84,2541
27628690,11809,506814613,55934431,-1887,-3542,-147,5269,292106950,2115,292106990,2115,184,-234,-85,164,2523,-186,82,2519
27638690,11810,506814605,55934406,-1886,-3540,-147,5269,292106950,2115,292107000,2115,184,-235,-96,127,2529,-198,45,2524
27648946,11810,506814596,55934381,-1886,-3539,-147,5269,292106950,2115,292107010,2115,184,-236,-105,120,2540,-208,37,2535
27658866,11811,506814588,55934356,-1886,-3537,-148,5269,292107000,2115,292107020,2115,184,-237,-97,128,2560,-201,45,2555
27668772,11811,506814579,55934331,-1885,-3535,-148,5269,292107000,2115,292107030,2115,184,-238,-87,125,2545,-191,42,2540
27678693,11812,506814571,55934306,-1885,-3534,-149,5269,292107000,2115,292107040,2115,184,-240,-85,144,2561,-190,61,2556
27688709,11812,506814562,55934282,-1884,-3532,-149,5269,292107000,2115,292107050,2115,184,-241,-92,137,2571,-198,54,2566
27699941,11813,506814554,55934257,-1884,-3531,-150,5269,292107000,2115,292107060,2115,184,-242,-66,114,2597,-174,30,2592
27708823,11813,506814545,55934231,-1884,-3530,-150,5269,292107050,2115,292107070,2115,183,-244,-53,132,2584,-162,48,2580
27718757,11814,506814537,55934206,-1883,-3528,-151,5269,292107050,2115,292107080,2115,183,-245,-56,159,2596,-166,75,2593
27728697,11814,506814528,55934182,-1883,-3527,-152,5269,292107050,2115,292107090,2115,183,-246,-72,157,2590,-182,74,2586
27738686,11815,506814520,55934157,-1883,-3526,-152,5269,292107050,2115,292107100,2115,183,-248,-66,104,2582,-176,21,2577
27748967,11815,506814511,55934132,-1882,-3524,-153,5269,292107050,2115,292107110,2115,183,-249,-73,136,2610,-185,51,2605
27758831,11816,506814503,55934106,-1882,-3523,-154,5269,292107100,2115,292107120,2115,183,-250,-84,131,2647,-198,45,2642
27768756,11816,506814494,55934082,-1882,-3521,-155,5269,292107100,2115,292107130,2115,183,-251,-60,132,2640,-174,47,2636
27778681,11817,506814486,55934057,-1881,-3520,-156,5270,292107100,2115,292107140,2115,183,-252,-75,112,2623,-189,28,2618
27788693,11818,506814477,55934032,-1881,-3518,-157,5270,292107100,2115,292107150,2115,183,-253,-97,126,2597,-210,42,2591
27798934,11818,506814469,55934008,-1880,-3517,-158,5270,292107100,2115,292107160,2115,183,-254,-79,145,2601,-193,62,2597
27808834,11819,506814461,55933982,-1880,-3516,-158,5270,292107150,2115,292107170,2115,183,-254,-44,137,2604,-158,53,2601
27818790,11819,506814452,55933957,-1880,-3514,-159,5270,292107150,2115,292107180,2115,182,-255,-54,148,2632,-169,63,2629
27829043,11820,506814444,55933933,-1879,-3513,-161,5270,292107150,2115,292107190,2115,182,-255,-82,137,2646,-199,51,2641
27838715,11820,506814435,55933908,-1879,-3511,-161,5270,292107150,2115,292107200,2115,182,-255,-82,130,2622,-198,45,2617
27848958,11821,506814427,55933883,-1879,-3509,-162,5270,292107150,2115,292107210,2115,182,-255,-91,159,2599,-206,76,2594
27858828,11822,506814418,55933858,-1878,-3508,-163,5270,292107200,2115,292107220,2115,182,-255,-74,130,2600,-188,47,2595
27868763,11822,506814410,55933833,-1878,-3507,-163,5270,292107200,2115,292107230,2115,181,-255,-65,118,2569,-178,36,2564
27878693,11823,506814401,55933809,-1877,-3505,-164,5270,292107200,2115,292107240,2115,181,-254,-69,151,2579,-182,69,2576
27888690,11823,506814393,55933784,-1877,-3504,-164,5270,292107200,2115,292107250,2115,181,-254,-65,135,2593,-178,53,2588
27899314,11824,506814385,55933759,-1877,-3503,-165,5270,292107200,2115,292107260,2115,181,-253,-65,120,2599,-178,37,2594
27908818,11824,506814376,55933734,-1876,-3501,-165,5270,292107250,2115,292107270,2115,180,-252,-58,106,2547,-168,25,2542
27918757,11825,506814368,55933709,-1876,-3500,-166,5270,292107250,2115,292107280,2115,180,-251,-67,104,2527,-176,24,2522
27928735,11825,506814359,55933685,-1876,-3498,-166,5270,292107250,2115,292107290,2115,179,-251,-69,190,2508,-177,110,2506
27938673,11826,506814351,55933660,-1876,-3497,-166,5270,292107250,2115,292107300,2115,179,-250,-71,148,2500,-179,69,2496
27948921,11827,506814343,55933636,-1875,-3495,-165,5270,292107250,2115,292107310,2115,178,-249,-67,115,2491,-174,36,2486
27958853,11827,506814334,55933610,-1875,-3494,-166,5270,292107300,2115,292107320,2115,178,-248,-62,133,2509,-169,54,2505
27968766,11828,506814326,55933585,-1875,-3493,-166,5270,292107300,2115,292107330,2115,177,-247,-62,134,2509,-169,56,2505
27978757,11828,506814317,55933561,-1875,-3491,-166,5270,292107300,2115,292107340,2115,176,-246,-50,151,2502,-156,74,2500
27988700,11829,506814309,55933536,-1875,-3490,-166,5270,292107300,2115,292107350,2115,176,-245,-45,126,2468,-149,49,2465
27998931,11829,506814300,55933512,-1874,-3489,-165,5270,292107300,2115,292107360,2115,175,-244,-68,117,2454,-171,41,2450
28009481,11830,506814292,55933486,-1874,-3487,-164,5270,292107350,2115,292107370,2115,175,-244,-61,171,2428,-163,96,2425
28018746,11830,506814284,55933462,-1874,-3486,-164,5270,292107350,2115,292107380,2115,174,-243,-66,159,2434,-168,84,2431
28028671,11831,506814275,55933438,-1874,-3485,-164,5270,292107350,2115,292107390,2115,174,-243,-40,90,2470,-143,14,2466
28039153,11831,506814267,55933413,-1874,-3483,-163,5270,292107350,2115,292107400,2115,174,-242,-57,125,2473,-160,50,2469
28048938,11832,506814258,55933389,-1873,-3482,-163,5270,292107350,2115,292107410,2115,173,-242,-52,133,2465,-155,58,2461
28058863,11832,506814250,55933363,-1873,-3481,-163,5270,292107400,2115,292107420,2115,173,-242,-62,139,2448,-164,64,2445
28068906,11833,506814242,55933339,-1873,-3480,-162,5270,292107400,2115,292107430,2115,173,-242,-51,96,2459,-153,21,2455
28078688,11833,506814233,55933314,-1872,-3479,-162,5270,292107400,2115,292107440,2115,173,-242,-50,96,2437,-151,22,2433
28088715,11833,506814225,55933290,-1872,-3477,-161,5270,292107400,2115,292107450,2115,173,-242,-59,124,2413,-159,50,2409
28099293,11834,506814216,55933266,-1872,-3476,-161,5270,292107400,2115,292107460,2115,173,-243,-53,133,2433,-155,58,2430
28109157,11834,506814208,55933240,-1872,-3475,-160,5270,292107450,2115,292107470,2115,173,-243,-57,93,2441,-159,18,2436
28118748,11834,506814200,55933216,-1871,-3474,-160,5270,292107450,2115,292107480,2115,173,-244,-59,117,2469,-162,41,2465
28129429,11835,506814191,55933191,-1871,-3472,-160,5270,292107450,2115,292107490,2115,174,-244,-38,124,2483,-142,48,2480
28138677,11835,506814183,55933167,-1871,-3471,-159,5270,292107450,2115,292107500,2115,174,-245,-57,92,2451,-160,17,2447
28150111,11836,506814174,55933143,-1870,-3470,-158,5270,292107450,2115,292107510,2115,174,-246,-63,100,2403,-165,26,2398
28159491,11836,506814166,55933117,-1870,-3469,-158,5270,292107500,2115,292107520,2115,174,-246,-73,104,2439,-176,29,2434
28168776,11836,506814158,55933093,-1869,-3468,-157,5270,292107500,2115,292107530,2115,175,-247,-61,104,2468,-166,28,2463
28178698,11837,506814149,55933069,-1869,-3466,-157,5270,292107500,2115,292107540,2115,175,-248,-61,87,2465,-166,11,2460
28188663,11837,506814141,55933044,-1868,-3465,-157,5270,292107500,2115,292107550,2115,175,-249,-44,85,2490,-150,9,2485
28198985,11837,506814132,55933020,-1868,-3464,-157,5270,292107500,2115,292107560,2115,175,-250,-66,92,2513,-174,14,2508
28208815,11838,506814124,55932995,-1867,-3463,-157,5270,292107550,2115,292107570,2115,176,-251,-46,111,2540,-156,33,2536
28218826,11838,506814116,55932970,-1867,-3462,-157,5270,292107550,2115,292107580,2115,176,-251,-52,77,2507,-161,0,2501
28228674,11839,506814107,55932946,-1866,-3460,-157,5270,292107550,2115,292107590,2115,177,-252,-67,132,2471,-174,55,2467
28238702,11839,506814099,55932922,-1866,-3459,-157,5270,292107550,2115,292107600,2115,177,-253,-76,116,2480,-184,38,2475
28249090,11840,506814090,55932897,-1865,-3458,-157,5270,292107550,2115,292107610,2115,178,-254,-57,90,2494,-165,11,2488
28258831,11840,506814082,55932872,-1865,-3456,-157,5270,292107600,2115,292107620,2115,179,-255,-64,88,2507,-174,9,2501
28268755,11840,506814074,55932848,-1865,-3455,-157,5270,292107600,2115,292107630,2115,180,-255,-44,124,2552,-156,43,2548
28279220,11841,506814065,55932824,-1864,-3454,-157,5270,292107600,2115,292107640,2115,181,-256,-52,103,2558,-165,22,2553
28288698,11841,506814057,55932799,-1864,-3453,-157,5270,292107600,2115,292107650,2115,182,-257,-67,90,2522,-178,10,2516
28298950,11841,506814049,55932775,-1863,-3451,-157,5270,292107600,2115,292107660,2115,183,-257,-73,85,2483,-183,5,2477
28308823,11842,506814040,55932750,-1862,-3450,-157,5270,292107650,2115,292107670,2115,184,-258,-62,117,2493,-173,36,2489
28318770,11842,506814032,55932726,-1862,-3449,-157,5270,292107650,2115,292107680,2115,185,-259,-43,122,2544,-156,39,2540
28328693,11843,506814024,55932702,-1861,-3448,-158,5270,292107650,2115,292107690,2115,186,-259,-40,66,2549,-154,-17,2543
28339408,11843,506814015,55932677,-1861,-3447,-158,5270,292107650,2115,292107700,2115,186,-260,-52,120,2529,-165,37,2525
28350104,11843,506814007,55932653,-1861,-3445,-158,5270,292107650,2115,292107710,2115,187,-260,-87,137,2546,-201,53,2541
28358820,11844,506813998,55932628,-1860,-3444,-159,5270,292107700,2115,292107720,2115,188,-261,-67,114,2567,-182,29,2562
28369535,11844,506813990,55932604,-1860,-3443,-160,5270,292107700,2115,292107730,2115,189,-261,-49,79,2576,-165,-7,2570
28378675,11844,506813982,55932580,-1859,-3441,-160,5270,292107700,2115,292107740,2115,190,-262,-45,116,2561,-160,31,2557
28388709,11845,506813973,55932555,-1859,-3440,-160,5270,292107700,2115,292107750,2115,190,-262,-63,110,2531,-178,25,2526
28399428,11845,506813965,55932531,-1858,-3439,-160,5270,292107700,2115,292107760,2115,191,-262,-51,108,2527,-165,23,2522
28408847,11845,506813957,55932506,-1858,-3437,-161,5270,292107750,2115,292107770,2115,192,-262,-63,117,2545,-178,30,2540
28418778,11846,506813948,55932482,-1857,-3436,-161,5270,292107750,2115,292107780,2115,193,-262,-81,102,2546,-196,16,2540
28429105,11846,506813940,55932458,-1857,-3435,-162,5270,292107750,2115,292107790,2115,193,-262,-27,101,2557,-143,14,2553
28439222,11846,506813932,55932434,-1857,-3434,-162,5270,292107750,2115,292107800,2115,194,-262,-47,94,2547,-162,7,2542
28448961,11847,506813923,55932410,-1856,-3432,-162,5270,292107750,2115,292107810,2115,194,-262,-58,151,2518,-172,65,2515
28459008,11847,506813915,55932385,-1856,-3431,-162,5270,292107800,2115,292107820,2115,195,-262,-72,132,2529,-186,45,2525
28468786,11847,506813907,55932361,-1855,-3430,-162,5270,292107800,2115,292107830,2115,195,-262,-65,86,2560,-180,-2,2554
28478964,11847,506813898,55932337,-1855,-3429,-163,5270,292107800,2115,292107840,2115,196,-261,-45,112,2508,-158,25,2503
28489078,11848,506813890,55932313,-1854,-3427,-163,5270,292107800,2115,292107850,2115,196,-261,-60,124,2504,-173,37,2500
28498925,11848,506813882,55932288,-1854,-3426,-163,5270,292107800,2115,292107860,2115,197,-260,-63,78,2539,-177,-10,2533
28508814,11848,506813873,55932263,-1853,-3425,-163,5270,292107850,2115,292107870,2115,197,-260,-62,131,2540,-176,43,2536
28519337,11849,506813865,55932239,-1853,-3423,-164,5270,292107850,2115,292107880,2115,197,-259,-46,119,2564,-160,30,2560
28528716,11849,506813857,55932215,-1853,-3422,-164,5270,292107850,2115,292107890,2115,197,-258,-67,120,2504,-178,33,2500
28538670,11849,506813848,55932191,-1852,-3421,-163,5270,292107850,2115,292107900,2115,197,-257,-56,127,2491,-166,40,2487
28549638,11849,506813840,55932167,-1852,-3420,-163,5270,292107850,2115,292107910,2115,198,-256,-53,100,2472,-162,14,2467
28558848,11850,506813832,55932142,-1851,-3418,-163,5270,292107900,2115,292107920,2115,198,-255,-57,109,2467,-166,23,2462
28568742,11850,506813823,55932118,-1851,-3417,-163,5270,292107900,2115,292107930,2115,198,-254,-61,126,2463,-169,40,2459
28579591,11850,506813815,55932094,-1850,-3416,-162,5270,292107900,2115,292107940,2115,198,-253,-64,111,2484,-172,24,2480
28588698,11850,506813807,55932070,-1850,-3415,-162,5270,292107900,2115,292107950,2115,198,-252,-51,103,2498,-159,16,2494
28599456,11850,506813798,55932047,-1849,-3414,-162,5270,292107900,2115,292107960,2115,197,-251,-49,81,2475,-156,-5,2470
28608833,11851,506813790,55932022,-1849,-3412,-162,5270,292107950,2115,292107970,2115,197,-250,-59,104,2454,-165,19,2449
28618757,11851,506813782,55931998,-1848,-3411,-161,5270,292107950,2115,292107980,2115,196,-249,-64,103,2471,-170,17,2467
28628663,11851,506813773,55931974,-1848,-3410,-161,5270,292107950,2115,292107990,2115,196,-249,-54,138,2464,-160,53,2461
28639357,11851,506813765,55931950,-1848,-3409,-160,5270,292107950,2115,292108000,2115,195,-248,-38,115,2425,-141,32,2422
28648972,11851,506813757,55931926,-1847,-3408,-160,5270,292107950,2115,292108010,2115,195,-247,-46,76,2450,-150,-8,2445
28658827,11851,506813749,55931901,-1846,-3407,-159,5270,292108000,2115,292108020,2115,194,-246,-55,89,2449,-159,5,2444
28669401,11852,506813740,55931877,-1846,-3405,-159,5270,292108000,2115,292108030,2115,194,-246,-45,134,2410,-146,52,2407
28678684,11852,506813732,55931853,-1846,-3404,-158,5270,292108000,2115,292108040,2115,193,-245,-64,148,2416,-166,66,2413
28688685,11852,506813724,55931829,-1846,-3403,-158,5270,292108000,2115,292108050,2115,192,-244,-64,112,2447,-167,29,2443
28699534,11852,506813715,55931805,-1845,-3402,-157,5270,292108000,2115,292108060,2115,192,-244,-53,64,2440,-155,-19,2435
28708828,11852,506813707,55931780,-1844,-3401,-156,5270,292108050,2115,292108070,2115,191,-243,-57,96,2424,-158,15,2419
28718736,11852,506813699,55931757,-1844,-3399,-156,5270,292108050,2115,292108080,2115,190,-243,-45,115,2445,-148,33,2442
28728676,11852,506813691,55931733,-1844,-3398,-156,5270,292108050,2115,292108090,2115,190,-243,-73,91,2449,-175,9,2443
28738682,11852,506813682,55931709,-1843,-3397,-155,5270,292108050,2115,292108100,2115,189,-242,-64,68,2443,-166,-14,2437
28748928,11852,506813674,55931685,-1842,-3396,-155,5270,292108050,2115,292108110,2115,188,-242,-53,87,2456,-155,6,2452
28759402,11852,506813666,55931660,-1842,-3394,-154,5270,292108100,2115,292108120,2115,187,-243,-41,81,2458,-143,0,2454
28768742,11852,506813657,55931637,-1842,-3393,-154,5270,292108100,2115,292108130,2115,186,-243,-56,136,2474,-160,55,2471
28778680,11852,506813649,55931613,-1842,-3392,-154,5270,292108100,2115,292108140,2115,185,-243,-49,83,2448,-151,3,2443
28789861,11852,506813641,55931589,-1841,-3391,-153,5270,292108100,2115,292108150,2115,185,-243,-64,96,2429,-166,17,2424
28798918,11851,506813633,55931565,-1840,-3390,-153,5271,292108100,2115,292108160,2115,184,-243,-63,66,2440,-165,-13,2434
28808846,11851,506813624,55931540,-1839,-3389,-152,5271,292108150,2115,292108170,2115,183,-244,-68,74,2448,-170,-5,2443
28818661,11851,506813616,55931517,-1839,-3388,-152,5271,292108150,2115,292108180,2115,183,-244,-50,100,2477,-154,20,2473
28828706,11851,506813608,55931493,-1838,-3387,-152,5271,292108150,2115,292108190,2115,182,-244,-34,91,2510,-139,11,2506
28838685,11851,506813600,55931469,-1838,-3386,-151,5271,292108150,2115,292108200,2115,181,-245,-61,60,2467,-165,-19,2461
28849193,11851,506813591,55931445,-1837,-3385,-151,5271,292108150,2115,292108210,2115,181,-246,-85,84,2482,-190,5,2476
28858827,11851,506813583,55931420,-1836,-3384,-151,5271,292108200,2115,292108220,2115,181,-246,-62,59,2508,-168,-21,2502
28868791,11851,506813575,55931397,-1835,-3383,-151,5271,292108200,2115,292108230,2115,180,-247,-64,91,2501,-170,11,2496
28878690,11851,506813567,55931373,-1835,-3382,-151,5271,292108200,2115,292108240,2115,180,-247,-58,78,2495,-164,-1,2489
28888674,11851,506813558,55931349,-1834,-3380,-151,5271,292108200,2115,292108250,2115,180,-248,-58,113,2512,-165,33,2508
28899352,11851,506813550,55931326,-1833,-3379,-151,5271,292108200,2115,292108260,2115,180,-249,-66,59,2489,-173,-20,2483
28908831,11851,506813542,55931301,-1833,-3378,-151,5271,292108250,2115,292108270,2115,180,-249,-62,33,2529,-170,-47,2522
28918727,11850,506813534,55931277,-1832,-3377,-151,5271,292108250,2115,292108280,2115,180,-250,-74,76,2508,-182,-4,2502
28928688,11850,506813525,55931253,-1831,-3376,-151,5271,292108250,2115,292108290,2115,180,-250,-57,40,2513,-165,-40,2506
28938683,11850,506813517,55931230,-1830,-3375,-151,5271,292108250,2115,292108300,2115,180,-250,-53,84,2508,-160,5,2503
28948910,11850,506813509,55931206,-1829,-3374,-151,5271,292108250,2115,292108310,2115,180,-250,-68,44,2475,-174,-34,2468
28958826,11850,506813501,55931181,-1829,-3373,-151,5271,292108300,2115,292108320,2115,180,-251,-76,71,2510,-184,-8,2504
28968760,11850,506813493,55931158,-1828,-3371,-151,5271,292108300,2115,292108330,2115,180,-251,-63,93,2556,-173,12,2551
28978677,11850,506813484,55931134,-1827,-3370,-152,5271,292108300,2115,292108340,2115,179,-251,-52,56,2528,-161,-24,2522
28988687,11849,506813476,55931110,-1827,-3369,-152,5271,292108300,2115,292108350,2115,179,-251,-48,61,2513,-156,-18,2507
28999330,11849,506813468,55931087,-1826,-3368,-152,5271,292108300,2115,292108360,2115,179,-250,-76,107,2502,-184,28,2496
29008810,11849,506813460,55931062,-1825,-3367,-152,5271,292108350,2115,292108370,2115,179,-250,-65,62,2515,-173,-17,2509
29018772,11849,506813452,55931038,-1824,-3366,-152,5271,292108350,2115,292108380,2115,179,-249,-59,55,2530,-167,-25,2524
29028668,11849,506813444,55931015,-1824,-3365,-152,5271,292108350,2115,292108390,2115,179,-249,-52,54,2528,-160,-26,2522
29038698,11849,506813435,55930991,-1823,-3364,-152,5271,292108350,2115,292108400,2115,179,-248,-59,95,2507,-166,16,2502
29050249,11849,506813427,55930968,-1822,-3363,-152,5271,292108350,2115,292108410,2115,179,-248,-64,56,2511,-170,-23,2505
29059492,11848,506813419,55930943,-1821,-3362,-152,5271,292108400,2115,292108420,2115,180,-247,-65,41,2477,-170,-38,2470
29068743,11848,506813411,55930919,-1821,-3361,-152,5271,292108400,2115,292108430,2115,180,-246,-61,65,2500,-167,-15,2494
29078695,11848,506813403,55930896,-1820,-3359,-152,5271,292108400,2115,292108440,2115,180,-246,-61,63,2512,-167,-17,2506
29089245,11848,506813394,55930872,-1819,-3358,-151,5271,292108400,2115,292108450,2115,180,-245,-53,78,2484,-157,-1,2479
29098930,11848,506813386,55930849,-1819,-3357,-151,5271,292108400,2115,292108460,2115,180,-244,-47,64,2484,-151,-15,2478
29108811,11848,506813378,55930824,-1818,-3356,-151,5271,292108450,2115,292108470,2115,180,-244,-79,98,2460,-182,20,2455
29118763,11848,506813370,55930800,-1817,-3355,-151,5271,292108450,2115,292108480,2115,180,-243,-78,75,2493,-182,-4,2487
29129207,11848,506813362,55930777,-1817,-3354,-151,5271,292108450,2115,292108490,2115,180,-242,-58,67,2471,-160,-11,2466
29138670,11848,506813354,55930753,-1816,-3353,-150,5271,292108450,2115,292108500,2115,180,-242,-58,59,2459,-160,-19,2453
29148931,11848,506813346,55930730,-1815,-3352,-150,5271,292108450,2115,292108510,2115,180,-241,-68,59,2464,-170,-19,2458
29158839,11848,506813337,55930705,-1815,-3351,-150,5271,292108500,2115,292108520,2115,180,-240,-65,48,2482,-167,-31,2475
29168770,11848,506813329,55930682,-1814,-3349,-149,5271,292108500,2115,292108530,2115,181,-240,-72,58,2466,-173,-20,2459
29178698,11848,506813321,55930658,-1813,-3348,-149,5271,292108500,2115,292108540,2115,181,-239,-61,84,2468,-162,5,2462
29188675,11848,506813313,55930635,-1813,-3347,-149,5271,292108500,2115,292108550,2115,181,-239,-57,83,2480,-159,3,2475
29198924,11848,506813305,55930611,-1812,-3346,-149,5271,292108500,2115,292108560,2115,181,-238,-54,63,2467,-155,-16,2461
29208825,11848,506813297,55930587,-1811,-3345,-148,5271,292108550,2115,292108570,2115,182,-238,-59,61,2456,-159,-18,2450
29218767,11848,506813289,55930563,-1810,-3344,-148,5271,292108550,2115,292108580,2115,182,-238,-72,76,2486,-173,-4,2480
29228664,11848,506813281,55930540,-1810,-3343,-148,5271,292108550,2115,292108590,2115,182,-237,-46,89,2481,-147,9,2477
29238683,11848,506813272,55930516,-1809,-3342,-147,5271,292108550,2115,292108600,2115,182,-237,-56,94,2436,-155,16,2432
29250099,11848,506813264,55930493,-1808,-3341,-147,5271,292108550,2115,292108610,2115,182,-237,-66,65,2466,-167,-15,2460
29258823,11848,506813256,55930468,-1808,-3340,-147,5271,292108600,2115,292108620,2115,183,-236,-62,83,2466,-162,3,2461
29268764,11848,506813248,55930445,-1807,-3338,-147,5271,292108600,2115,292108630,2115,183,-236,-65,90,2505,-167,9,2500
29278727,11848,506813240,55930421,-1807,-3338,-146,5271,292108600,2115,292108640,2115,184,-236,-36,64,2479,-136,-16,2474
29288684,11848,506813232,55930398,-1806,-3337,-146,5271,292108600,2115,292108650,2115,185,-236,-43,48,2461,-142,-32,2456
29298933,11848,506813224,55930375,-1806,-3336,-145,5271,292108600,2115,292108660,2115,185,-236,-50,80,2422,-148,1,2417
29308820,11847,506813216,55930350,-1805,-3334,-145,5271,292108650,2115,292108670,2115,186,-236,-77,114,2422,-175,34,2417
29318767,11847,506813208,55930327,-1805,-3333,-145,5271,292108650,2115,292108680,2115,186,-236,-50,67,2482,-151,-14,2477
29328679,11847,506813199,55930303,-1804,-3332,-144,5271,292108650,2115,292108690,2115,187,-236,-40,77,2455,-139,-3,2451
29338674,11847,506813191,55930280,-1803,-3332,-144,5271,292108650,2115,292108700,2115,187,-236,-64,11,2511,-165,-72,2503
29348954,11847,506813183,55930257,-1802,-3330,-144,5271,292108650,2115,292108710,2115,188,-236,-70,66,2475,-171,-16,2469
29358838,11846,506813175,55930232,-1802,-3329,-144,5271,292108700,2115,292108720,2115,188,-237,-47,77,2516,-149,-6,2511
29368750,11846,506813167,55930209,-1801,-3328,-144,5271,292108700,2115,292108730,2115,187,-237,-38,70,2483,-139,-12,2479
29378677,11846,506813159,55930185,-1800,-3327,-143,5271,292108700,2115,292108740,2115,187,-237,-81,81,2434,-180,0,2428
29388678,11846,506813151,55930162,-1800,-3326,-143,5271,292108700,2115,292108750,2115,187,-237,-65,46,2507,-166,-37,2501
29398917,11846,506813143,55930139,-1799,-3325,-144,5271,292108700,2115,292108760,2115,186,-237,-57,32,2541,-160,-51,2534
29408846,11846,506813135,55930114,-1798,-3324,-144,5271,292108750,2115,292108770,2115,186,-237,-18,132,2499,-121,50,2497
29418766,11845,506813127,55930091,-1798,-3323,-144,5271,292108750,2115,292108780,2115,185,-238,-71,68,2519,-174,-14,2513
29428661,11845,506813119,55930068,-1797,-3322,-144,5271,292108750,2115,292108790,2115,185,-238,-60,35,2583,-166,-49,2577
29438676,11845,506813111,55930045,-1796,-3321,-145,5271,292108750,2115,292108800,2115,184,-238,-66,119,2533,-170,37,2529
29448961,11845,506813102,55930021,-1796,-3320,-145,5271,292108750,2115,292108810,2115,183,-238,-61,109,2496,-164,28,2491
29458816,11845,506813094,55929997,-1795,-3319,-144,5271,292108800,2115,292108820,2115,183,-239,-49,52,2476,-151,-27,2470
29468723,11844,506813086,55929974,-1794,-3318,-144,5271,292108800,2115,292108830,2115,182,-239,-62,63,2490,-164,-17,2484
29479114,11844,506813078,55929950,-1794,-3317,-144,5271,292108800,2115,292108840,2115,182,-240,-19,67,2484,-121,-13,2480
29488657,11844,506813070,55929927,-1793,-3316,-144,5271,292108800,2115,292108850,2115,181,-240,-86,52,2526,-190,-29,2519
29500089,11844,506813062,55929904,-1793,-3314,-144,5271,292108800,2115,292108860,2115,180,-241,-69,143,2529,-174,63,2525
29509631,11844,506813054,55929880,-1792,-3313,-145,5271,292108850,2115,292108870,2115,178,-241,-75,47,2579,-181,-34,2572
29518758,11844,506813046,55929856,-1791,-3312,-145,5271,292108850,2115,292108880,2115,177,-242,-2,41,2526,-106,-37,2522
29528705,11843,506813038,55929833,-1791,-3311,-144,5271,292108850,2115,292108890,2115,175,-242,-62,85,2440,-163,9,2434
29538704,11843,506813030,55929810,-1790,-3310,-145,5271,292108850,2115,292108900,2115,174,-243,-82,132,2510,-187,55,2505
29548968,11843,506813022,55929787,-1790,-3308,-144,5271,292108850,2115,292108910,2115,173,-243,-85,108,2489,-189,32,2483
29558814,11843,506813014,55929762,-1789,-3308,-145,5271,292108900,2115,292108920,2115,171,-243,-51,21,2562,-157,-56,2556
29568785,11843,506813006,55929739,-1788,-3307,-145,5271,292108900,2115,292108930,2115,170,-244,-48,72,2564,-155,-5,2559
29578702,11843,506812998,55929716,-1788,-3305,-146,5271,292108900,2115,292108940,2115,168,-244,-73,114,2556,-181,39,2551
29588672,11843,506812990,55929693,-1787,-3304,-146,5271,292108900,2115,292108950,2115,166,-244,-59,111,2578,-167,35,2573
29598943,11843,506812982,55929670,-1787,-3303,-147,5271,292108900,2115,292108960,2115,165,-245,-61,59,2581,-169,-16,2575
29609366,11843,506812974,55929645,-1786,-3302,-147,5271,292108950,2115,292108970,2115,163,-245,-55,57,2546,-163,-16,2540
29618734,11843,506812966,55929622,-1786,-3300,-148,5271,292108950,2115,292108980,2115,161,-245,-63,108,2570,-172,34,2565
29628667,11843,506812958,55929599,-1785,-3299,-148,5271,292108950,2115,292108990,2115,160,-246,-56,74,2486,-160,4,2481
29639031,11843,506812950,55929576,-1784,-3298,-148,5271,292108950,2115,292109000,2115,158,-246,-56,78,2514,-162,8,2508
29648940,11843,506812942,55929553,-1784,-3297,-148,5271,292108950,2115,292109010,2115,156,-246,-36,36,2581,-145,-35,2575
29658812,11843,506812934,55929528,-1783,-3296,-149,5271,292109000,2115,292109020,2115,154,-247,-59,100,2563,-168,30,2558
29669291,11843,506812926,55929505,-1783,-3294,-149,5271,292109000,2115,292109030,2115,152,-247,-53,140,2536,-161,72,2532
29678690,11843,506812918,55929482,-1783,-3293,-149,5271,292109000,2115,292109040,2115,149,-247,-66,89,2487,-172,23,2482
29688797,11843,506812910,55929459,-1782,-3292,-149,5271,292109000,2115,292109050,2115,148,-248,-71,83,2502,-178,18,2497
29698929,11843,506812902,55929436,-1782,-3291,-149,5271,292109000,2115,292109060,2115,145,-248,-46,28,2489,-152,-36,2483
29709348,11843,506812894,55929412,-1781,-3290,-149,5271,292109050,2115,292109070,2115,143,-249,-28,61,2508,-135,-2,2504
29718790,11843,506812886,55929389,-1780,-3289,-149,5271,292109050,2115,292109080,2115,141,-249,-61,67,2570,-171,3,2564
29728735,11843,506812878,55929366,-1780,-3288,-150,5271,292109050,2115,292109090,2115,139,-250,-49,67,2568,-159,4,2563
29738701,11844,506812870,55929343,-1780,-3286,-150,5271,292109050,2115,292109100,2115,136,-250,-45,161,2583,-156,99,2580
29750083,11844,506812862,55929320,-1779,-3285,-151,5271,292109050,2115,292109110,2115,134,-250,-71,98,2535,-180,38,2529
29758811,11844,506812854,55929296,-1779,-3284,-151,5271,292109100,2115,292109120,2115,131,-251,-49,48,2569,-159,-12,2563
29768913,11844,506812846,55929273,-1778,-3282,-151,5271,292109100,2115,292109130,2115,129,-251,-77,77,2533,-186,19,2526
29778775,11844,506812838,55929250,-1778,-3281,-151,5271,292109100,2115,292109140,2115,127,-251,-37,115,2512,-146,58,2508
29788804,11844,506812830,55929227,-1778,-3280,-152,5271,292109100,2115,292109150,2115,125,-252,-58,65,2546,-168,9,2540
29798930,11844,506812822,55929204,-1777,-3278,-152,5271,292109100,2115,292109160,2115,122,-252,-69,72,2575,-180,16,2568
29808816,11844,506812814,55929179,-1777,-3278,-153,5271,292109150,2115,292109170,2115,120,-252,-46,83,2560,-157,29,2555
29818751,11844,506812806,55929156,-1776,-3276,-153,5271,292109150,2115,292109180,2115,118,-252,-62,65,2558,-173,12,2552
29828669,11844,506812798,55929133,-1776,-3275,-153,5272,292109150,2115,292109190,2115,116,-252,-58,106,2511,-167,54,2506
29838728,11844,506812790,55929111,-1775,-3274,-153,5272,292109150,2115,292109200,2115,114,-252,-60,49,2517,-169,-2,2510
29849457,11844,506812782,55929088,-1775,-3273,-153,5272,292109150,2115,292109210,2115,112,-252,-62,55,2524,-171,5,2517
29858830,11844,506812774,55929063,-1774,-3272,-153,5272,292109200,2115,292109220,2115,110,-252,-52,55,2516,-161,6,2510
29869689,11844,506812766,55929041,-1774,-3270,-153,5272,292109200,2115,292109230,2115,108,-252,-39,75,2540,-149,26,2535
29879141,11844,506812758,55929018,-1773,-3269,-153,5272,292109200,2115,292109240,2115,107,-252,-58,104,2501,-166,56,2496
29888666,11843,506812750,55928995,-1772,-3268,-154,5272,292109200,2115,292109250,2115,105,-253,-51,6,2518,-160,-41,2512
29900046,11843,506812742,55928972,-1772,-3267,-154,5272,292109200,2115,292109260,2115,104,-253,-56,47,2552,-167,0,2546
29909299,11843,506812734,55928948,-1772,-3265,-154,5272,292109250,2115,292109270,2115,103,-253,-69,60,2520,-178,14,2513
29919313,11843,506812726,55928925,-1771,-3264,-154,5272,292109250,2115,292109280,2115,102,-254,-49,54,2497,-158,9,2491
29929252,11843,506812718,55928902,-1770,-3263,-154,5272,292109250,2115,292109290,2115,101,-254,-42,20,2509,-151,-25,2502
29938702,11842,506812710,55928879,-1769,-3262,-154,5272,292109250,2115,292109300,2115,101,-254,-46,-17,2524,-155,-62,2517
29948946,11842,506812702,55928856,-1769,-3261,-154,5272,292109250,2115,292109310,2115,101,-254,-52,26,2514,-162,-19,2507
29958812,11842,506812694,55928832,-1768,-3260,-154,5272,292109300,2115,292109320,2115,101,-255,-58,63,2522,-168,18,2516
29968745,11842,506812686,55928809,-1767,-3259,-154,5272,292109300,2115,292109330,2115,101,-255,-48,-1,2497,-157,-46,2490
29978709,11842,506812679,55928787,-1766,-3259,-154,5272,292109300,2115,292109340,2115,101,-256,-48,-22,2543,-160,-67,2535
29988662,11841,506812671,55928764,-1766,-3257,-154,5272,292109300,2115,292109350,2115,101,-256,-57,74,2487,-167,29,2482
30000066,11841,506812663,55928741,-1764,-3256,-154,5272,292109300,2115,292109360,2115,102,-257,-56,-18,2504,-165,-63,2497
30009632,11841,506812655,55928717,-1763,-3256,-154,5272,292109350,2115,292109370,2115,103,-257,-50,-47,2523,-160,-93,2515
30018757,11841,506812647,55928694,-1762,-3255,-154,5272,292109350,2115,292109380,2115,104,-257,-70,-27,2503,-180,-74,2495
30028690,11841,506812639,55928671,-1761,-3254,-154,5272,292109350,2115,292109390,2115,105,-258,-55,-4,2527,-167,-51,2519
30038676,11840,506812631,55928649,-1760,-3253,-155,5272,292109350,2115,292109400,2115,106,-258,-54,11,2543,-167,-37,2536
30048935,11840,506812623,55928626,-1759,-3252,-155,5272,292109350,2115,292109410,2115,107,-258,-62,-53,2560,-175,-102,2551
30059716,11840,506812615,55928602,-1758,-3251,-155,5272,292109400,2115,292109420,2115,109,-259,-46,-12,2533,-158,-60,2526
30068744,11840,506812607,55928579,-1757,-3250,-155,5272,292109400,2115,292109430,2115,110,-259,-56,26,2474,-165,-22,2467
30079412,11840,506812599,55928556,-1756,-3249,-155,5272,292109400,2115,292109440,2115,111,-259,-58,-37,2466,-167,-85,2457
30089324,11840,506812592,55928534,-1755,-3248,-154,5272,292109400,2115,292109450,2115,112,-259,-82,11,2475,-191,-38,2466
30099250,11840,506812584,55928511,-1754,-3247,-154,5272,292109400,2115,292109460,2115,113,-259,-59,4,2490,-169,-45,2483
30109065,11840,506812576,55928487,-1753,-3246,-154,5272,292109450,2115,292109470,2115,114,-259,-46,11,2502,-157,-40,2495
30119336,11840,506812568,55928464,-1752,-3245,-154,5272,292109450,2115,292109480,2115,115,-259,-39,-14,2521,-151,-65,2514
30128706,11840,506812560,55928441,-1752,-3244,-155,5272,292109450,2115,292109490,2115,116,-258,-64,57,2530,-176,5,2523
30138664,11840,506812552,55928419,-1751,-3243,-154,5272,292109450,2115,292109500,2115,117,-258,-41,-3,2482,-150,-55,2476
30149124,11840,506812544,55928396,-1750,-3242,-154,5272,292109450,2115,292109510,2115,118,-258,-61,21,2470,-170,-31,2462
30158845,11840,506812536,55928372,-1749,-3241,-154,5272,292109500,2115,292109520,2115,119,-257,-69,44,2455,-178,-8,2448
30168790,11840,506812529,55928349,-1748,-3240,-153,5272,292109500,2115,292109530,2115,120,-257,-65,46,2435,-172,-6,2428
30178650,11839,506812521,55928327,-1747,-3239,-153,5272,292109500,2115,292109540,2115,121,-256,-47,1,2484,-156,-52,2477
30188645,11839,506812513,55928304,-1746,-3238,-153,5272,292109500,2115,292109550,2115,122,-256,-41,-1,2504,-151,-55,2497
30200065,11839,506812505,55928281,-1746,-3237,-153,5272,292109500,2115,292109560,2115,123,-255,-44,61,2525,-155,6,2520
30209015,11839,506812497,55928258,-1745,-3236,-153,5272,292109550,2115,292109570,2115,123,-255,-54,19,2472,-162,-35,2465
30218727,11839,506812489,55928235,-1744,-3235,-152,5272,292109550,2115,292109580,2115,124,-254,-50,46,2461,-157,-8,2455
30228664,11838,506812482,55928212,-1744,-3234,-152,5272,292109550,2115,292109590,2115,124,-253,-73,32,2411,-177,-21,2404
30238947,11838,506812474,55928190,-1743,-3233,-151,5272,292109550,2115,292109600,2115,124,-252,-63,36,2435,-168,-17,2428
30249623,11838,506812466,55928167,-1742,-3232,-151,5272,292109550,2115,292109610,2115,124,-251,-50,42,2426,-155,-12,2420
30258842,11837,506812458,55928143,-1741,-3231,-150,5272,292109600,2115,292109620,2115,124,-251,-32,20,2427,-137,-33,2421
30269134,11837,506812450,55928120,-1741,-3230,-149,5272,292109600,2115,292109630,2115,123,-250,-51,59,2453,-156,6,2447
30278678,11837,506812442,55928098,-1740,-3229,-149,5272,292109600,2115,292109640,2115,123,-249,-63,11,2422,-167,-41,2415
30288686,11836,506812435,55928075,-1739,-3227,-148,5272,292109600,2115,292109650,2115,122,-249,-72,62,2445,-176,9,2438
30298911,11836,506812427,55928053,-1739,-3226,-148,5272,292109600,2115,292109660,2115,121,-248,-54,51,2447,-158,-2,2442
30308802,11835,506812419,55928029,-1738,-3225,-147,5272,292109650,2115,292109670,2115,121,-247,-46,31,2454,-149,-22,2448
30318748,11835,506812411,55928006,-1738,-3224,-147,5272,292109650,2115,292109680,2115,120,-246,-38,88,2428,-141,36,2423
30329394,11834,506812403,55927984,-1737,-3223,-146,5272,292109650,2115,292109690,2115,119,-246,-49,60,2446,-152,9,2441
30338684,11834,506812396,55927961,-1736,-3222,-146,5272,292109650,2115,292109700,2115,118,-245,-58,15,2474,-162,-37,2468
30349107,11833,506812388,55927938,-1736,-3221,-146,5272,292109650,2115,292109710,2115,117,-245,-57,18,2480,-161,-33,2473
30359390,11833,506812380,55927915,-1735,-3220,-145,5272,292109700,2115,292109720,2115,116,-244,-69,71,2399,-170,21,2393
30368738,11832,506812372,55927892,-1735,-3219,-144,5272,292109700,2115,292109730,2115,115,-244,-58,24,2400,-158,-25,2394
30378652,11832,506812364,55927870,-1734,-3218,-144,5272,292109700,2115,292109740,2115,114,-243,-49,14,2465,-152,-35,2459
30389175,11831,506812357,55927847,-1733,-3217,-143,5272,292109700,2115,292109750,2115,113,-243,-48,54,2450,-150,5,2445
30398914,11831,506812349,55927825,-1733,-3216,-143,5272,292109700,2115,292109760,2115,111,-242,-31,42,2496,-135,-7,2491
30408982,11830,506812341,55927801,-1732,-3215,-143,5272,292109750,2115,292109770,2115,110,-242,-43,39,2474,-146,-9,2468
30418730,11830,506812333,55927778,-1731,-3214,-143,5272,292109750,2115,292109780,2115,109,-242,-68,12,2456,-169,-35,2449
30428672,11829,506812325,55927756,-1731,-3213,-142,5272,292109750,2115,292109790,2115,108,-242,-68,52,2409,-168,6,2403
30442287,11829,506812318,55927733,-1730,-3212,-141,5272,292109750,2115,292109800,2115,106,-241,-56,53,2446,-157,7,2440
30448919,11828,506812310,55927711,-1729,-3211,-141,5272,292109750,2115,292109810,2115,105,-241,-55,-6,2490,-157,-52,2483
30458812,11828,506812302,55927687,-1728,-3210,-141,5272,292109800,2115,292109820,2115,103,-241,-57,49,2478,-159,4,2472
30468754,11827,506812294,55927665,-1728,-3209,-141,5272,292109800,2115,292109830,2115,102,-241,-68,8,2475,-170,-37,2468
30478986,11827,506812287,55927642,-1727,-3208,-140,5272,292109800,2115,292109840,2115,101,-241,-64,12,2476,-166,-33,2470
30488876,11826,506812279,55927620,-1726,-3207,-140,5272,292109800,2115,292109850,2115,99,-241,-58,9,2503,-161,-35,2496
30498915,11826,506812271,55927597,-1725,-3206,-140,5272,292109800,2115,292109860,2115,98,-241,-40,2,2511,-143,-42,2505
30508951,11826,506812263,55927574,-1724,-3205,-140,5272,292109850,2115,292109870,2115,97,-241,-49,10,2455,-150,-32,2449
30518762,11825,506812256,55927552,-1724,-3204,-140,5272,292109850,2115,292109880,2115,96,-241,-51,33,2462,-153,-9,2456
30528664,11825,506812248,55927529,-1723,-3203,-139,5272,292109850,2115,292109890,2115,94,-241,-62,-19,2476,-164,-61,2468
30538665,11824,506812240,55927507,-1722,-3202,-139,5272,292109850,2115,292109900,2115,93,-241,-45,9,2512,-149,-33,2506
30549004,11824,506812232,55927484,-1721,-3201,-139,5272,292109850,2115,292109910,2115,92,-242,-50,21,2508,-154,-21,2501
30559507,11823,506812225,55927461,-1721,-3200,-139,5272,292109900,2115,292109920,2115,91,-242,-54,56,2489,-157,16,2483
30569383,11823,506812217,55927439,-1720,-3199,-139,5272,292109900,2115,292109930,2115,90,-242,-64,-5,2504,-168,-45,2497
30578687,11823,506812209,55927417,-1719,-3198,-139,5272,292109900,2115,292109940,2115,90,-243,-54,-12,2517,-159,-52,2510
30588677,11822,506812201,55927394,-1718,-3197,-139,5272,292109900,2115,292109950,2115,89,-243,-58,23,2493,-161,-16,2487
30599830,11822,506812194,55927372,-1717,-3196,-139,5272,292109900,2115,292109960,2115,89,-243,-47,26,2520,-152,-13,2514
30608818,11821,506812186,55927349,-1717,-3195,-140,5272,292109950,2115,292109970,2115,88,-243,-55,-8,2511,-159,-47,2504
30618732,11821,506812178,55927326,-1716,-3194,-140,5272,292109950,2115,292109980,2115,88,-243,-43,-14,2526,-148,-53,2519
30628722,11821,506812170,55927304,-1715,-3193,-140,5272,292109950,2115,292109990,2115,88,-244,-65,16,2507,-170,-24,2500
30638704,11820,506812163,55927281,-1714,-3192,-140,5272,292109950,2115,292110000,2115,88,-244,-71,12,2521,-176,-28,2514
30649353,11820,506812155,55927259,-1713,-3191,-140,5272,292109950,2115,292110010,2115,88,-244,-62,-28,2554,-169,-68,2546
30658863,11819,506812147,55927236,-1712,-3190,-140,5272,292110000,2115,292110020,2115,89,-244,-50,22,2518,-155,-18,2512
30668771,11819,506812140,55927214,-1711,-3189,-140,5272,292110000,2115,292110030,2115,89,-244,-30,-1,2533,-136,-41,2527
30678677,11818,506812132,55927191,-1711,-3188,-140,5272,292110000,2115,292110040,2115,90,-244,-45,-12,2519,-150,-52,2512
30688688,11818,506812124,55927169,-1709,-3188,-140,5272,292110000,2115,292110050,2115,91,-244,-47,-39,2509,-152,-79,2502
30698905,11817,506812117,55927147,-1708,-3187,-140,5272,292110000,2115,292110060,2115,91,-244,-66,-31,2461,-168,-71,2453
30708818,11817,506812109,55927124,-1707,-3186,-140,5272,292110050,2115,292110070,2115,92,-243,-46,-31,2496,-149,-72,2489
30719193,11817,506812101,55927101,-1707,-3185,-140,5272,292110050,2115,292110080,2115,93,-243,-45,-1,2474,-148,-42,2468
30729287,11816,506812094,55927079,-1705,-3184,-140,5272,292110050,2115,292110090,2115,93,-242,-39,-37,2499,-143,-78,2493
30738663,11816,506812086,55927057,-1704,-3184,-140,5272,292110050,2115,292110100,2115,94,-241,-55,-38,2495,-158,-80,2488
30749349,11815,506812078,55927034,-1704,-3183,-140,5272,292110050,2115,292110110,2115,95,-241,-49,16,2541,-153,-27,2535
30759402,11815,506812071,55927011,-1702,-3182,-140,5272,292110100,2115,292110120,2115,95,-240,-32,5,2488,-134,-37,2482
30768740,11815,506812063,55926989,-1701,-3181,-139,5272,292110100,2115,292110130,2115,96,-239,-54,-47,2463,-155,-89,2456
30778663,11815,506812055,55926967,-1700,-3181,-139,5272,292110100,2115,292110140,2115,97,-238,-48,-29,2459,-148,-71,2452
30788667,11814,506812048,55926944,-1700,-3179,-139,5272,292110100,2115,292110150,2115,98,-237,-68,48,2492,-170,4,2486
30798930,11814,506812040,55926922,-1699,-3179,-139,5272,292110100,2115,292110160,2115,98,-236,-42,-9,2516,-143,-52,2510
30809497,11814,506812032,55926899,-1698,-3177,-139,5272,292110150,2115,292110170,2115,98,-235,-50,15,2463,-149,-28,2457
30818754,11814,506812025,55926877,-1697,-3177,-139,5272,292110150,2115,292110180,2115,99,-234,-57,-35,2497,-156,-79,2490
30828655,11814,506812017,55926854,-1696,-3176,-138,5272,292110150,2115,292110190,2115,99,-232,-36,-2,2482,-134,-46,2476
30839472,11813,506812010,55926832,-1696,-3175,-138,5272,292110150,2115,292110200,2115,99,-231,-45,28,2431,-141,-14,2426
30848955,11813,506812002,55926810,-1695,-3174,-137,5273,292110150,2115,292110210,2115,99,-230,-19,52,2432,-115,9,2428
30858809,11813,506811994,55926787,-1695,-3173,-136,5273,292110200,2115,292110220,2115,99,-228,-26,9,2401,-120,-33,2396
30868732,11813,506811987,55926765,-1694,-3173,-136,5273,292110200,2115,292110230,2115,99,-227,19,7,2407,-75,-35,2404
30878666,11813,506811979,55926742,-1694,-3173,-134,5273,292110200,2115,292110240,2115,98,-226,23,24,2339,-67,-16,2337
30888657,11813,506811971,55926720,-1693,-3172,-133,5273,292110200,2115,292110250,2115,98,-225,2,27,2359,-89,-13,2356
30899939,11813,506811964,55926698,-1693,-3171,-133,5273,292110200,2115,292110260,2115,98,-224,-28,58,2423,-121,16,2419
30908796,11812,506811956,55926675,-1692,-3171,-132,5273,292110250,2115,292110270,2115,97,-223,1,35,2429,-92,-6,2426
30918745,11812,506811949,55926653,-1692,-3170,-131,5273,292110250,2115,292110280,2115,97,-223,0,40,2437,-93,-2,2433
30929446,11812,506811941,55926630,-1692,-3169,-131,5273,292110250,2115,292110290,2115,97,-222,-24,45,2405,-115,3,2401
30938662,11812,506811933,55926608,-1691,-3169,-130,5273,292110250,2115,292110300,2115,97,-221,-14,6,2403,-105,-35,2399
30948944,11811,506811926,55926586,-1691,-3168,-129,5273,292110250,2115,292110310,2115,96,-221,-16,21,2414,-107,-20,2410
30959409,11811,506811918,55926563,-1690,-3167,-128,5273,292110300,2115,292110320,2115,96,-221,4,29,2414,-87,-12,2411
30968747,11811,506811911,55926541,-1690,-3167,-128,5273,292110300,2115,292110330,2115,96,-220,33,25,2451,-60,-16,2448
30978666,11810,506811903,55926518,-1690,-3167,-127,5273,292110300,2115,292110340,2115,95,-220,16,20,2436,-76,-21,2433
30988658,11810,506811895,55926496,-1689,-3166,-127,5273,292110300,2115,292110350,2115,95,-220,15,38,2415,-76,-2,2412
30998966,11809,506811888,55926474,-1689,-3165,-126,5273,292110300,2115,292110360,2115,94,-221,-5,54,2435,-97,14,2432
31008807,11809,506811880,55926451,-1689,-3165,-126,5273,292110350,2115,292110370,2115,93,-221,3,17,2455,-89,-24,2452
31018737,11808,506811873,55926429,-1688,-3164,-126,5273,292110350,2115,292110380,2115,93,-221,-13,30,2487,-107,-11,2483
31028687,11807,506811865,55926407,-1688,-3164,-125,5273,292110350,2115,292110390,2115,92,-222,1,21,2471,-93,-19,2467
31038659,11807,506811858,55926384,-1687,-3163,-125,5273,292110350,2115,292110400,2115,92,-223,11,-4,2459,-82,-44,2455
31048952,11806,506811850,55926362,-1687,-3163,-125,5273,292110350,2115,292110410,2115,91,-224,9,21,2462,-85,-19,2459
31058814,11805,506811842,55926339,-1686,-3162,-125,5273,292110400,2115,292110420,2115,90,-225,15,30,2458,-80,-9,2455
31068718,11804,506811835,55926317,-1686,-3162,-125,5273,292110400,2115,292110430,2115,90,-226,21,3,2501,-76,-37,2498
31078977,11804,506811827,55926295,-1685,-3161,-125,5273,292110400,2115,292110440,2115,89,-227,14,0,2526,-84,-40,2522
31088670,11803,506811820,55926273,-1685,-3161,-125,5273,292110400,2115,292110450,2115,89,-229,19,-32,2553,-80,-72,2549
31098959,11802,506811812,55926250,-1684,-3160,-125,5273,292110400,2115,292110460,2115,89,-231,21,13,2522,-78,-26,2519
31108794,11801,506811804,55926227,-1683,-3160,-125,5273,292110450,2115,292110470,2115,88,-233,18,-9,2509,-82,-48,2506
31118741,11800,506811797,55926205,-1683,-3160,-125,5273,292110450,2115,292110480,2115,88,-235,26,-2,2512,-75,-41,2509
31128691,11799,506811789,55926183,-1682,-3159,-126,5273,292110450,2115,292110490,2115,88,-237,-18,-20,2606,-124,-60,2601
31138656,11799,506811782,55926161,-1681,-3158,-127,5273,292110450,2115,292110500,2115,88,-240,1,-18,2670,-109,-59,2665
31148931,11798,506811774,55926139,-1680,-3158,-128,5273,292110450,2115,292110510,2115,88,-243,50,-33,2651,-60,-74,2648
31158796,11797,506811767,55926116,-1680,-3158,-130,5273,292110500,2115,292110520,2115,88,-246,96,-20,2702,-19,-61,2701
31168743,11796,506811759,55926094,-1679,-3159,-131,5273,292110500,2115,292110530,2115,88,-250,117,-23,2618,5,-63,2618
31178652,11795,506811752,55926071,-1679,-3159,-130,5273,292110500,2115,292110540,2115,89,-253,56,-37,2466,-50,-76,2464
31188659,11794,506811744,55926049,-1678,-3158,-130,5273,292110500,2115,292110550,2115,89,-256,2,-23,2454,-106,-61,2450
31198923,11794,506811736,55926027,-1677,-3158,-131,5273,292110500,2115,292110560,2115,90,-259,-6,-67,2599,-121,-108,2593
31208813,11793,506811729,55926004,-1676,-3157,-132,5273,292110550,2115,292110570,2115,90,-262,55,-22,2651,-64,-64,2648
31219256,11792,506811721,55925982,-1675,-3158,-134,5273,292110550,2115,292110580,2115,91,-265,95,-39,2818,-33,-84,2816
31228647,11792,506811714,55925960,-1675,-3158,-137,5273,292110550,2115,292110590,2115,92,-268,128,-14,2788,0,-58,2788
31238648,11791,506811706,55925938,-1674,-3158,-139,5273,292110550,2115,292110600,2115,93,-271,99,-50,2776,-31,-95,2775
31248956,11790,506811699,55925916,-1673,-3158,-140,5273,292110550,2115,292110610,2115,95,-274,55,-49,2692,-72,-94,2689
31258820,11790,506811691,55925893,-1672,-3157,-142,5273,292110600,2115,292110620,2115,96,-277,-4,-47,2630,-129,-91,2624
31268761,11789,506811684,55925870,-1671,-3156,-142,5273,292110600,2115,292110630,2115,97,-280,-27,-45,2603,-152,-90,2596
31278668,11788,506811676,55925848,-1670,-3156,-144,5273,292110600,2115,292110640,2115,98,-282,20,-67,2663,-109,-113,2658
31288967,11788,506811669,55925826,-1670,-3155,-146,5273,292110600,2115,292110650,2115,99,-284,31,34,2773,-104,-15,2770
31298910,11787,506811661,55925804,-1669,-3155,-149,5273,292110600,2115,292110660,2115,100,-286,109,-39,2908,-34,-90,2906
31308856,11787,506811654,55925781,-1667,-3156,-152,5273,292110650,2115,292110670,2115,101,-288,100,-114,2988,-48,-166,2985
31319293,11787,506811646,55925759,-1667,-3155,-156,5273,292110650,2115,292110680,2115,103,-289,62,35,2941,-85,-18,2938
31328681,11786,506811639,55925737,-1666,-3155,-157,5273,292110650,2115,292110690,2115,105,-290,-8,-4,2664,-141,-53,2658
31338651,11786,506811631,55925715,-1664,-3154,-158,5273,292110650,2115,292110700,2115,106,-290,-6,-115,2608,-135,-164,2600
31349875,11785,506811624,55925692,-1664,-3154,-158,5273,292110650,2115,292110710,2115,108,-290,22,24,2530,-104,-24,2526
31358897,11785,506811616,55925669,-1663,-3153,-159,5273,292110700,2115,292110720,2115,109,-290,88,-11,2575,-41,-60,2573
31368746,11784,506811609,55925647,-1663,-3153,-160,5273,292110700,2115,292110730,2115,111,-290,145,39,2643,13,-12,2645
31378679,11784,506811601,55925625,-1663,-3153,-162,5273,292110700,2115,292110740,2115,112,-290,90,-19,2742,-47,-72,2740
31388671,11783,506811594,55925603,-1662,-3152,-163,5273,292110700,2115,292110750,2115,114,-290,7,28,2698,-127,-26,2693
31400082,11783,506811586,55925581,-1661,-3152,-165,5273,292110700,2115,292110760,2115,116,-289,11,-31,2684,-122,-86,2678
31408826,11782,506811579,55925558,-1660,-3152,-165,5273,292110750,2115,292110770,2115,118,-288,66,-1,2615,-63,-54,2613
31418717,11782,506811571,55925536,-1660,-3152,-166,5273,292110750,2115,292110780,2115,119,-287,101,-6,2584,-26,-60,2583
31428686,11782,506811564,55925514,-1660,-3152,-166,5273,292110750,2115,292110790,2115,120,-285,97,39,2533,-27,-14,2533
31438685,11781,506811557,55925492,-1659,-3152,-166,5273,292110750,2115,292110800,2115,122,-283,78,-1,2517,-44,-55,2516
31448925,11781,506811549,55925469,-1659,-3151,-167,5273,292110750,2115,292110810,2115,123,-282,59,1,2534,-64,-53,2531
31458814,11780,506811542,55925446,-1658,-3151,-167,5273,292110800,2115,292110820,2115,125,-280,30,50,2520,-91,-5,2517
31468740,11780,506811534,55925424,-1658,-3150,-167,5273,292110800,2115,292110830,2115,126,-278,33,32,2537,-88,-24,2534
31478690,11779,506811527,55925402,-1657,-3150,-167,5273,292110800,2115,292110840,2115,127,-276,45,11,2477,-72,-45,2475
31488664,11779,506811519,55925380,-1656,-3150,-166,5273,292110800,2115,292110850,2115,128,-274,73,-4,2442,-42,-58,2440
31498905,11778,506811512,55925358,-1656,-3150,-166,5273,292110800,2115,292110860,2115,129,-272,69,12,2451,-46,-43,2450
31508799,11778,506811504,55925335,-1656,-3150,-165,5273,292110850,2115,292110870,2115,129,-270,83,24,2411,-29,-30,2410
31519659,11778,506811497,55925313,-1655,-3150,-164,5273,292110850,2115,292110880,2115,130,-267,77,2,2337,-30,-50,2336
31528662,11777,506811489,55925291,-1655,-3149,-162,5273,292110850,2115,292110890,2115,130,-265,65,61,2302,-40,8,2302
31538656,11777,506811482,55925269,-1655,-3149,-161,5273,292110850,2115,292110900,2115,130,-262,68,48,2282,-35,-4,2282
31548909,11777,506811475,55925247,-1655,-3149,-159,5273,292110850,2115,292110910,2115,131,-260,84,30,2279,-18,-22,2279
31558814,11776,506811467,55925224,-1654,-3149,-157,5273,292110900,2115,292110920,2115,131,-257,79,17,2282,-22,-35,2281
31568756,11776,506811460,55925201,-1654,-3149,-156,5273,292110900,2115,292110930,2115,131,-254,80,36,2276,-19,-16,2276
31578657,11776,506811452,55925179,-1654,-3148,-154,5273,292110900,2115,292110940,2115,131,-252,26,83,2313,-74,30,2312
31588642,11776,506811445,55925157,-1654,-3148,-153,5273,292110900,2115,292110950,2115,131,-249,50,96,2373,-51,41,2373
31599298,11776,506811437,55925135,-1654,-3147,-152,5273,292110900,2115,292110960,2115,132,-247,64,71,2331,-35,18,2331
31608800,11776,506811430,55925112,-1654,-3147,-150,5273,292110950,2115,292110970,2115,133,-245,108,69,2312,11,15,2314
31618727,11775,506811422,55925090,-1654,-3147,-149,5273,292110950,2115,292110980,2115,134,-243,87,21,2318,-10,-33,2318
31628653,11775,506811415,55925068,-1654,-3147,-147,5273,292110950,2115,292110990,2115,135,-241,42,28,2269,-52,-26,2267
31638657,11775,506811408,55925046,-1654,-3147,-145,5273,292110950,2115,292111000,2115,135,-239,48,54,2316,-46,-1,2315
31648917,11775,506811400,55925024,-1653,-3147,-145,5273,292110950,2115,292111010,2115,135,-237,61,61,2384,-36,5,2383
31658818,11775,506811393,55925001,-1654,-3147,-143,5273,292111000,2115,292111020,2115,136,-236,100,77,2346,5,21,2348
31668754,11775,506811385,55924979,-1654,-3147,-141,5273,292111000,2115,292111030,2115,136,-234,121,39,2300,29,-16,2302
31678681,11775,506811378,55924957,-1654,-3147,-139,5273,292111000,2115,292111040,2115,137,-233,102,38,2243,12,-16,2244
31688676,11775,506811370,55924935,-1654,-3147,-137,5273,292111000,2115,292111050,2115,138,-232,63,60,2181,-24,8,2181
31698924,11775,506811363,55924913,-1653,-3147,-134,5273,292111000,2115,292111060,2115,138,-232,39,55,2175,-48,2,2174
31708797,11775,506811355,55924890,-1654,-3146,-132,5273,292111050,2115,292111070,2115,139,-232,49,90,2200,-39,36,2200
31718782,11775,506811348,55924868,-1654,-3146,-130,5273,292111050,2115,292111080,2115,139,-232,91,47,2250,2,-8,2251
31728670,11775,506811341,55924845,-1653,-3147,-128,5273,292111050,2115,292111090,2115,140,-232,120,-14,2247,31,-69,2247
31738693,11775,506811333,55924823,-1653,-3147,-127,5273,292111050,2115,292111100,2115,140,-234,98,99,2309,5,42,2311
31748923,11776,506811326,55924801,-1654,-3146,-126,5273,292111050,2115,292111110,2115,141,-235,68,102,2345,-27,44,2346
31758823,11776,506811318,55924778,-1653,-3146,-125,5273,292111100,2115,292111120,2115,141,-237,62,26,2422,-37,-34,2421
31768751,11776,506811311,55924756,-1653,-3146,-125,5273,292111100,2115,292111130,2115,142,-239,51,113,2452,-50,52,2453
31778659,11776,506811303,55924734,-1653,-3145,-124,5273,292111100,2115,292111140,2115,143,-241,63,48,2399,-36,-12,2399
31788663,11776,506811296,55924712,-1653,-3145,-123,5273,292111100,2115,292111150,2115,143,-242,63,33,2358,-35,-26,2357
31798959,11776,506811289,55924690,-1653,-3145,-122,5273,292111100,2115,292111160,2115,144,-244,68,51,2454,-35,-11,2453
31808822,11777,506811281,55924667,-1653,-3144,-123,5273,292111150,2115,292111170,2115,144,-246,102,104,2504,-5,41,2506
31818725,11777,506811274,55924645,-1654,-3144,-123,5273,292111150,2115,292111180,2115,144,-248,84,99,2555,-25,34,2556
31828652,11777,506811266,55924623,-1653,-3144,-123,5273,292111150,2115,292111190,2115,145,-250,40,70,2479,-66,7,2478
31838662,11777,506811259,55924601,-1653,-3143,-123,5273,292111150,2115,292111200,2115,145,-252,7,53,2469,-100,-10,2465
31849042,11777,506811251,55924579,-1653,-3142,-122,5273,292111150,2115,292111210,2115,146,-254,21,61,2446,-85,-2,2444
31858829,11777,506811244,55924556,-1652,-3143,-122,5273,292111200,2115,292111220,2115,147,-255,71,50,2488,-38,-13,2487
31869315,11777,506811236,55924534,-1652,-3143,-122,5273,292111200,2115,292111230,2115,147,-257,92,66,2537,-20,1,2538
31878686,11777,506811229,55924512,-1652,-3142,-123,5274,292111200,2115,292111240,2115,148,-258,74,76,2608,-41,9,2608
31888691,11777,506811222,55924490,-1652,-3142,-124,5274,292111200,2115,292111250,2115,149,-260,39,81,2636,-79,12,2634
31899959,11777,506811214,55924468,-1652,-3141,-125,5274,292111200,2115,292111260,2115,150,-261,30,69,2635,-89,-1,2633
31908796,11777,506811207,55924445,-1651,-3140,-126,5274,292111250,2115,292111270,2115,150,-262,28,73,2602,-89,5,2599
31918751,11777,506811199,55924423,-1651,-3140,-126,5274,292111250,2115,292111280,2115,151,-262,39,59,2606,-78,-10,2604
31928664,11777,506811192,55924401,-1651,-3139,-127,5274,292111250,2115,292111290,2115,152,-263,60,104,2616,-59,34,2616
31938646,11777,506811184,55924379,-1650,-3139,-128,5274,292111250,2115,292111300,2115,152,-263,55,77,2629,-64,6,2628
31948921,11777,506811177,55924357,-1650,-3138,-130,5274,292111250,2115,292111310,2115,153,-263,60,52,2657,-60,-19,2655
31958799,11777,506811170,55924334,-1650,-3138,-131,5274,292111300,2115,292111320,2115,154,-263,45,61,2661,-75,-11,2659
31968742,11777,506811162,55924312,-1650,-3137,-132,5274,292111300,2115,292111330,2115,154,-262,48,83,2630,-71,12,2629
31978653,11777,506811155,55924290,-1649,-3137,-133,5274,292111300,2115,292111340,2115,155,-262,51,48,2604,-66,-23,2602
31988665,11777,506811147,55924268,-1649,-3136,-133,5274,292111300,2115,292111350,2115,156,-261,55,58,2574,-60,-12,2573
31998921,11777,506811140,55924246,-1649,-3136,-134,5274,292111300,2115,292111360,2115,156,-260,59,75,2584,-57,4,2583
32008823,11777,506811132,55924223,-1649,-3136,-134,5274,292111350,2115,292111370,2115,157,-259,53,59,2569,-62,-12,2568
32019323,11777,506811125,55924201,-1648,-3135,-135,5274,292111350,2115,292111380,2115,157,-257,57,55,2576,-57,-16,2575
32028654,11777,506811118,55924179,-1648,-3135,-136,5274,292111350,2115,292111390,2115,158,-256,52,66,2569,-61,-5,2568
32038728,11777,506811110,55924157,-1648,-3134,-136,5274,292111350,2115,292111400,2115,158,-255,50,73,2547,-62,2,2546
32049350,11777,506811103,55924135,-1648,-3134,-136,5274,292111350,2115,292111410,2115,159,-253,49,74,2564,-63,3,2563
32058810,11777,506811095,55924112,-1647,-3133,-137,5274,292111400,2115,292111420,2115,159,-252,52,52,2549,-58,-19,2547
32068726,11778,506811088,55924090,-1647,-3133,-137,5274,292111400,2115,292111430,2115,160,-250,57,64,2532,-52,-7,2531
32078731,11778,506811081,55924068,-1647,-3133,-137,5274,292111400,2115,292111440,2115,160,-249,54,99,2526,-55,28,2526
32088678,11778,506811073,55924046,-1647,-3132,-137,5274,292111400,2115,292111450,2115,161,-247,54,57,2514,-52,-14,2512
32098976,11778,506811066,55924024,-1647,-3132,-137,5274,292111400,2115,292111460,2115,161,-245,49,52,2504,-57,-19,2502
32108852,11778,506811058,55924001,-1646,-3132,-137,5274,292111450,2115,292111470,2115,162,-244,55,64,2513,-50,-7,2512
32118729,11778,506811051,55923979,-1646,-3131,-137,5274,292111450,2115,292111480,2115,162,-242,53,104,2477,-50,34,2477
32128663,11778,506811043,55923957,-1646,-3131,-137,5274,292111450,2115,292111490,2115,162,-240,53,45,2472,-49,-25,2470
32138988,11779,506811036,55923935,-1646,-3131,-137,5274,292111450,2115,292111500,2115,162,-238,50,75,2462,-51,5,2461
32148916,11779,506811029,55923913,-1646,-3130,-136,5274,292111450,2115,292111510,2115,162,-237,54,88,2467,-46,18,2467
32159187,11779,506811021,55923891,-1646,-3130,-136,5274,292111500,2115,292111520,2115,163,-235,68,85,2466,-32,15,2467
32168753,11779,506811014,55923869,-1646,-3130,-136,5274,292111500,2115,292111530,2115,163,-234,63,81,2454,-36,11,2454
32178685,11779,506811006,55923847,-1646,-3130,-135,5274,292111500,2115,292111540,2115,163,-233,58,75,2422,-38,6,2422
32188715,11779,506810999,55923825,-1646,-3129,-135,5274,292111500,2115,292111550,2115,163,-231,41,93,2411,-54,24,2411
32199001,11779,506810992,55923803,-1645,-3129,-134,5274,292111500,2115,292111560,2115,164,-230,49,88,2401,-46,19,2400
32208871,11780,506810984,55923780,-1645,-3129,-133,5274,292111550,2115,292111570,2115,164,-229,58,62,2424,-37,-8,2423
32218781,11780,506810977,55923758,-1645,-3128,-132,5274,292111550,2115,292111580,2115,165,-228,65,88,2410,-29,19,2410
32228691,11780,506810969,55923736,-1645,-3128,-131,5274,292111550,2115,292111590,2115,165,-227,59,90,2375,-34,22,2376
32238777,11780,506810962,55923714,-1645,-3128,-131,5274,292111550,2115,292111600,2115,165,-226,49,74,2390,-44,4,2389
32250562,11780,506810955,55923692,-1645,-3127,-130,5274,292111550,2115,292111610,2115,166,-225,48,67,2386,-44,-2,2385
32258851,11780,506810947,55923669,-1645,-3127,-129,5274,292111600,2115,292111620,2115,166,-224,45,70,2390,-47,0,2389
32268737,11780,506810940,55923647,-1645,-3127,-128,5274,292111600,2115,292111630,2115,167,-224,54,95,2408,-39,24,2408
32278710,11780,506810932,55923625,-1645,-3126,-127,5274,292111600,2115,292111640,2115,167,-223,70,84,2398,-22,14,2399
32288648,11780,506810925,55923603,-1645,-3126,-127,5274,292111600,2115,292111650,2115,167,-223,73,58,2409,-19,-13,2409
32298910,11780,506810918,55923582,-1645,-3126,-126,5274,292111600,2115,292111660,2115,167,-223,48,89,2416,-44,18,2416
32308789,11780,506810910,55923559,-1645,-3125,-125,5274,292111650,2115,292111670,2115,167,-223,34,91,2416,-58,20,2415
32319283,11780,506810903,55923537,-1645,-3125,-124,5274,292111650,2115,292111680,2115,167,-223,43,64,2405,-49,-7,2404
32328660,11780,506810895,55923515,-1645,-3125,-124,5274,292111650,2115,292111690,2115,167,-223,53,73,2413,-39,3,2413
32338650,11781,506810888,55923493,-1645,-3125,-123,5274,292111650,2115,292111700,2115,167,-223,67,82,2432,-26,10,2433
32349942,11781,506810881,55923471,-1645,-3124,-122,5274,292111650,2115,292111710,2115,167,-223,56,91,2427,-37,20,2427
32358819,11781,506810873,55923448,-1645,-3124,-122,5274,292111700,2115,292111720,2115,167,-223,54,102,2424,-39,31,2424
32368732,11781,506810866,55923426,-1644,-3124,-121,5274,292111700,2115,292111730,2115,167,-223,58,63,2423,-35,-8,2422
32378782,11781,506810858,55923404,-1644,-3123,-121,5274,292111700,2115,292111740,2115,168,-224,47,69,2455,-47,-3,2455
32388677,11781,506810851,55923382,-1644,-3123,-121,5274,292111700,2115,292111750,2115,168,-225,62,77,2448,-33,6,2448
32400089,11781,506810844,55923361,-1644,-3123,-120,5274,292111700,2115,292111760,2115,168,-225,55,92,2434,-39,21,2434
32409578,11781,506810836,55923338,-1644,-3123,-120,5274,292111750,2115,292111770,2115,168,-226,66,103,2469,-30,30,2470
32418727,11781,506810829,55923316,-1644,-3122,-120,5274,292111750,2115,292111780,2115,168,-227,76,82,2476,-20,9,2477
32428701,11781,506810821,55923294,-1644,-3122,-119,5274,292111750,2115,292111790,2115,169,-228,52,69,2441,-43,-3,2440
32438713,11781,506810814,55923272,-1644,-3122,-119,5274,292111750,2115,292111800,2115,169,-229,41,60,2454,-55,-12,2452
32450029,11781,506810807,55923250,-1643,-3122,-119,5274,292111750,2115,292111810,2115,169,-229,62,79,2495,-36,5,2495
32458797,11781,506810799,55923227,-1643,-3121,-119,5274,292111800,2115,292111820,2115,169,-230,60,84,2484,-38,10,2484
32468816,11781,506810792,55923205,-1643,-3121,-119,5274,292111800,2115,292111830,2115,170,-231,51,84,2471,-47,10,2471
32478666,11781,506810785,55923183,-1643,-3120,-118,5274,292111800,2115,292111840,2115,170,-232,54,92,2483,-45,18,2483
32488668,11781,506810777,55923162,-1643,-3120,-119,5274,292111800,2115,292111850,2115,170,-233,47,54,2519,-53,-21,2518
32500166,11781,506810770,55923140,-1643,-3120,-119,5274,292111800,2115,292111860,2115,170,-233,50,66,2524,-51,-9,2523
32508805,11781,506810762,55923117,-1643,-3119,-119,5274,292111850,2115,292111870,2115,170,-234,54,79,2543,-48,3,2542
32518718,11781,506810755,55923095,-1643,-3119,-119,5274,292111850,2115,292111880,2115,171,-235,54,84,2529,-48,8,2529
32528734,11781,506810748,55923073,-1643,-3118,-120,5274,292111850,2115,292111890,2115,171,-235,54,107,2539,-49,31,2540
32538649,11781,506810740,55923051,-1643,-3118,-120,5274,292111850,2115,292111900,2115,171,-236,51,102,2539,-52,26,2539
32548925,11781,506810733,55923029,-1642,-3118,-120,5274,292111850,2115,292111910,2115,171,-236,52,46,2536,-51,-30,2535
32559285,11781,506810725,55923007,-1642,-3118,-120,5274,292111900,2115,292111920,2115,171,-236,40,54,2527,-62,-22,2525
32568738,11781,506810718,55922985,-1642,-3117,-121,5274,292111900,2115,292111930,2115,171,-237,55,105,2593,-50,27,2593
32578652,11781,506810711,55922963,-1642,-3117,-121,5274,292111900,2115,292111940,2115,171,-237,63,67,2557,-41,-10,2557
32589081,11781,506810703,55922941,-1642,-3116,-121,5274,292111900,2115,292111950,2115,172,-237,49,87,2528,-54,11,2527
32600254,11781,506810696,55922919,-1641,-3116,-122,5274,292111900,2115,292111960,2115,172,-237,45,76,2540,-58,-1,2539
32608802,11781,506810688,55922896,-1641,-3116,-122,5274,292111950,2115,292111970,2115,172,-237,37,52,2536,-67,-25,2534
32618715,11781,506810681,55922874,-1641,-3115,-123,5274,292111950,2115,292111980,2115,173,-237,50,71,2549,-54,-6,2548
32628634,11781,506810674,55922853,-1640,-3115,-123,5274,292111950,2115,292111990,2115,174,-237,61,78,2526,-42,1,2526
32638639,11781,506810666,55922831,-1641,-3115,-123,5274,292111950,2115,292112000,2115,174,-237,71,108,2543,-32,30,2544
32649550,11781,506810659,55922809,-1640,-3114,-124,5274,292111950,2115,292112010,2115,175,-236,59,64,2562,-45,-14,2561
32658805,11781,506810652,55922786,-1640,-3114,-124,5274,292112000,2115,292112020,2115,176,-236,44,69,2527,-58,-8,2526
32668723,11781,506810644,55922764,-1640,-3114,-124,5274,292112000,2115,292112030,2115,176,-236,36,43,2524,-66,-35,2522
32678670,11781,506810637,55922743,-1640,-3113,-124,5274,292112000,2115,292112040,2115,177,-235,42,66,2542,-61,-13,2541
32688655,11781,506810629,55922721,-1639,-3113,-124,5274,292112000,2115,292112050,2115,178,-235,55,51,2507,-46,-27,2506
32698920,11781,506810622,55922699,-1639,-3113,-124,5274,292112000,2115,292112060,2115,178,-234,59,59,2509,-42,-20,2508
32709256,11781,506810615,55922676,-1639,-3112,-124,5274,292112050,2115,292112070,2115,179,-233,47,80,2509,-54,1,2508
32718735,11781,506810607,55922654,-1638,-3112,-125,5274,292112050,2115,292112080,2115,180,-233,67,59,2556,-36,-21,2556
32728667,11781,506810600,55922632,-1638,-3112,-125,5274,292112050,2115,292112090,2115,180,-232,48,57,2542,-53,-23,2540
32738806,11781,506810593,55922611,-1638,-3112,-125,5274,292112050,2115,292112100,2115,180,-231,50,72,2512,-50,-8,2511
32748923,11781,506810585,55922589,-1638,-3111,-125,5274,292112050,2115,292112110,2115,181,-231,40,96,2469,-58,18,2469
32758814,11781,506810578,55922566,-1637,-3111,-125,5274,292112100,2115,292112120,2115,182,-230,52,77,2492,-47,-2,2491
32769300,11781,506810570,55922544,-1637,-3111,-125,5274,292112100,2115,292112130,2115,182,-229,53,63,2489,-45,-16,2488
32778643,11781,506810563,55922522,-1637,-3110,-125,5274,292112100,2115,292112140,2115,183,-228,56,67,2496,-42,-13,2495
32788645,11781,506810556,55922500,-1637,-3110,-125,5274,292112100,2115,292112150,2115,183,-227,65,64,2487,-32,-16,2487
32798920,11781,506810548,55922479,-1636,-3110,-125,5274,292112100,2115,292112160,2115,184,-227,46,70,2488,-51,-10,2488
32808820,11781,506810541,55922456,-1636,-3110,-124,5274,292112150,2115,292112170,2115,184,-226,52,86,2472,-44,6,2471
32818718,11781,506810534,55922434,-1636,-3109,-124,5274,292112150,2115,292112180,2115,185,-225,45,65,2425,-48,-14,2424
32828827,11782,506810526,55922412,-1636,-3109,-123,5274,292112150,2115,292112190,2115,185,-224,45,82,2449,-50,3,2449
32838661,11782,506810519,55922390,-1636,-3109,-123,5274,292112150,2115,292112200,2115,185,-224,59,78,2455,-35,-2,2455
32848906,11782,506810512,55922369,-1636,-3109,-122,5274,292112150,2115,292112210,2115,185,-223,65,80,2447,-29,1,2447
32859659,11782,506810504,55922346,-1636,-3108,-122,5274,292112200,2115,292112220,2115,185,-222,51,92,2439,-43,12,2439
32868731,11782,506810497,55922324,-1636,-3108,-122,5274,292112200,2115,292112230,2115,186,-222,62,112,2460,-32,32,2461
32878651,11782,506810489,55922302,-1636,-3108,-122,5274,292112200,2115,292112240,2115,186,-221,62,86,2491,-33,5,2491
32888652,11782,506810482,55922280,-1636,-3107,-121,5274,292112200,2115,292112250,2115,186,-221,50,100,2473,-44,19,2473
32898906,11782,506810475,55922258,-1636,-3107,-121,5275,292112200,2115,292112260,2115,187,-221,54,70,2467,-40,-10,2466
32908802,11782,506810467,55922235,-1636,-3107,-121,5275,292112250,2115,292112270,2115,187,-220,53,59,2472,-40,-22,2471
32919004,11781,506810460,55922214,-1636,-3106,-121,5275,292112250,2115,292112280,2115,188,-220,43,113,2440,-50,32,2441
32928651,11781,506810453,55922192,-1636,-3106,-120,5275,292112250,2115,292112290,2115,189,-220,63,106,2434,-29,25,2435
32938657,11781,506810445,55922170,-1635,-3106,-120,5275,292112250,2115,292112300,2115,190,-220,53,64,2423,-39,-16,2422
32948921,11781,506810438,55922148,-1635,-3106,-119,5275,292112250,2115,292112310,2115,190,-220,56,37,2474,-37,-45,2472
32958846,11781,506810431,55922125,-1635,-3105,-119,5275,292112300,2115,292112320,2115,191,-220,59,83,2471,-34,1,2471
32968729,11781,506810423,55922103,-1634,-3105,-119,5275,292112300,2115,292112330,2115,191,-220,48,76,2459,-45,-6,2458
32978649,11781,506810416,55922082,-1634,-3105,-119,5275,292112300,2115,292112340,2115,191,-220,60,87,2479,-34,4,2479
32988638,11781,506810409,55922060,-1634,-3104,-119,5275,292112300,2115,292112350,2115,191,-221,57,101,2484,-37,18,2484
32999142,11781,506810401,55922038,-1634,-3104,-118,5275,292112300,2115,292112360,2115,191,-221,67,104,2447,-26,22,2448
33008803,11781,506810394,55922015,-1634,-3104,-118,5275,292112350,2115,292112370,2115,192,-221,53,81,2463,-40,-1,2463
33018734,11781,506810386,55921993,-1634,-3103,-118,5275,292112350,2115,292112380,2115,192,-222,52,76,2490,-43,-8,2489
33029074,11781,506810379,55921972,-1634,-3103,-118,5275,292112350,2115,292112390,2115,192,-223,60,72,2465,-34,-11,2465
33038672,11781,506810372,55921950,-1633,-3103,-117,5275,292112350,2115,292112400,2115,192,-223,61,59,2475,-34,-25,2474
33048912,11781,506810364,55921928,-1633,-3103,-117,5275,292112350,2115,292112410,2115,192,-224,41,110,2495,-55,26,2495
33058805,11781,506810357,55921905,-1633,-3102,-117,5275,292112400,2115,292112420,2115,192,-225,48,96,2516,-49,12,2515
33068733,11781,506810350,55921883,-1633,-3102,-118,5275,292112400,2115,292112430,2115,192,-225,57,67,2550,-42,-18,2549
33078698,11781,506810342,55921862,-1632,-3102,-118,5275,292112400,2115,292112440,2115,192,-226,72,50,2550,-27,-35,2549
33088650,11781,506810335,55921840,-1632,-3102,-118,5275,292112400,2115,292112450,2115,192,-227,53,76,2506,-44,-8,2505
33099388,11781,506810328,55921818,-1632,-3101,-118,5275,292112400,2115,292112460,2115,192,-228,44,125,2479,-53,42,2479
33108798,11782,506810320,55921795,-1632,-3100,-118,5275,292112450,2115,292112470,2115,192,-228,41,115,2503,-58,31,2503
33118736,11782,506810313,55921774,-1632,-3100,-118,5275,292112450,2115,292112480,2115,193,-229,70,101,2552,-31,15,2553
33129251,11782,506810306,55921752,-1632,-3100,-119,5275,292112450,2115,292112490,2115,193,-230,60,96,2531,-40,11,2531
33138652,11782,506810298,55921730,-1632,-3099,-119,5275,292112450,2115,292112500,2115,194,-231,65,59,2548,-36,-27,2548
33148891,11782,506810291,55921708,-1632,-3099,-119,5275,292112450,2115,292112510,2115,194,-231,38,64,2542,-63,-22,2540
33159315,11782,506810284,55921686,-1631,-3099,-120,5275,292112500,2115,292112520,2115,194,-232,54,86,2517,-46,0,2517
33168764,11782,506810276,55921664,-1631,-3098,-120,5275,292112500,2115,292112530,2115,194,-232,42,92,2477,-57,8,2477
33178651,11782,506810269,55921642,-1631,-3098,-120,5275,292112500,2115,292112540,2115,193,-232,46,107,2536,-56,21,2536
33188671,11782,506810262,55921620,-1631,-3098,-120,5275,292112500,2115,292112550,2115,193,-232,57,80,2536,-44,-6,2536
33198933,11782,506810254,55921599,-1631,-3097,-120,5275,292112500,2115,292112560,2115,191,-232,85,83,2503,-15,-1,2504
33208825,11782,506810247,55921576,-1630,-3097,-120,5275,292112550,2115,292112570,2115,190,-232,45,72,2503,-55,-11,2502
33218732,11782,506810240,55921554,-1630,-3097,-121,5275,292112550,2115,292112580,2115,189,-232,42,118,2536,-59,34,2537
33229352,11782,506810232,55921533,-1630,-3096,-121,5275,292112550,2115,292112590,2115,189,-231,57,114,2568,-45,29,2569
33238660,11782,506810225,55921511,-1630,-3096,-121,5275,292112550,2115,292112600,2115,188,-231,45,78,2551,-56,-6,2550
33248922,11782,506810218,55921489,-1630,-3095,-122,5275,292112550,2115,292112610,2115,187,-230,48,124,2535,-52,41,2536
33258815,11782,506810210,55921467,-1630,-3095,-122,5275,292112600,2115,292112620,2115,186,-230,46,101,2572,-56,17,2572
33268739,11782,506810203,55921445,-1630,-3095,-123,5275,292112600,2115,292112630,2115,185,-229,63,77,2549,-37,-6,2549
33278708,11782,506810196,55921423,-1630,-3094,-123,5275,292112600,2115,292112640,2115,184,-228,60,137,2501,-39,56,2503
33288660,11782,506810188,55921401,-1630,-3094,-123,5275,292112600,2115,292112650,2115,184,-228,64,81,2518,-35,0,2518
33298918,11782,506810181,55921380,-1630,-3094,-123,5275,292112600,2115,292112660,2115,184,-227,35,71,2519,-63,-10,2518
33308796,11782,506810174,55921357,-1630,-3093,-123,5275,292112650,2115,292112670,2115,184,-226,65,88,2497,-32,8,2497
33318819,11782,506810167,55921335,-1629,-3093,-123,5275,292112650,2115,292112680,2115,183,-226,62,37,2467,-33,-42,2465
33328687,11782,506810159,55921314,-1629,-3092,-123,5275,292112650,2115,292112690,2115,183,-225,56,111,2476,-40,32,2477
33338649,11782,506810152,55921292,-1629,-3092,-123,5275,292112650,2115,292112700,2115,182,-225,54,91,2495,-43,12,2494
33348942,11782,506810145,55921270,-1630,-3092,-123,5275,292112650,2115,292112710,2115,181,-225,77,109,2508,-20,29,2510
33358819,11782,506810137,55921248,-1630,-3092,-122,5275,292112700,2115,292112720,2115,181,-225,74,124,2478,-22,45,2479
33368738,11781,506810130,55921226,-1629,-3092,-122,5275,292112700,2115,292112730,2115,180,-226,70,47,2458,-25,-31,2457
33378637,11781,506810123,55921204,-1629,-3092,-122,5275,292112700,2115,292112740,2115,180,-226,58,82,2483,-38,4,2482
33388694,11781,506810115,55921183,-1629,-3091,-122,5275,292112700,2115,292112750,2115,180,-227,54,60,2461,-41,-17,2460
33398908,11781,506810108,55921161,-1629,-3091,-122,5275,292112700,2115,292112760,2115,180,-227,78,132,2500,-20,54,2502
33408799,11781,506810101,55921138,-1629,-3091,-121,5275,292112750,2115,292112770,2115,180,-228,62,4,2501,-35,-74,2498
33418751,11781,506810093,55921117,-1629,-3091,-122,5275,292112750,2115,292112780,2115,179,-229,60,58,2512,-39,-21,2511
33428659,11781,506810086,55921095,-1629,-3091,-122,5275,292112750,2115,292112790,2115,180,-230,59,101,2500,-40,23,2500
33438671,11781,506810079,55921073,-1629,-3091,-122,5275,292112750,2115,292112800,2115,180,-231,74,63,2516,-25,-16,2516
33448908,11781,506810071,55921052,-1628,-3091,-122,5275,292112750,2115,292112810,2115,180,-232,57,27,2521,-43,-52,2519
33458815,11781,506810064,55921029,-1628,-3090,-122,5275,292112800,2115,292112820,2115,179,-233,53,95,2523,-48,16,2523
33468736,11781,506810057,55921007,-1628,-3090,-122,5275,292112800,2115,292112830,2115,179,-234,58,81,2551,-45,1,2551
33478664,11781,506810049,55920986,-1628,-3090,-123,5275,292112800,2115,292112840,2115,179,-235,70,69,2549,-33,-11,2549
33488664,11781,506810042,55920964,-1627,-3090,-123,5275,292112800,2115,292112850,2115,179,-237,76,34,2566,-28,-46,2565
33498932,11781,506810035,55920942,-1627,-3089,-123,5275,292112800,2115,292112860,2115,179,-238,43,90,2548,-61,11,2548
33508789,11781,506810027,55920920,-1627,-3089,-124,5275,292112850,2115,292112870,2115,178,-239,30,72,2571,-76,-9,2569
33519032,11781,506810020,55920898,-1627,-3088,-125,5275,292112850,2115,292112880,2115,178,-240,58,68,2582,-48,-12,2581
33528663,11781,506810013,55920876,-1627,-3088,-125,5275,292112850,2115,292112890,2115,178,-241,57,60,2572,-49,-20,2571
33538671,11782,506810005,55920855,-1626,-3088,-126,5275,292112850,2115,292112900,2115,178,-242,64,83,2577,-43,3,2576
33548938,11782,506809998,55920833,-1626,-3088,-126,5275,292112850,2115,292112910,2115,178,-243,65,62,2559,-42,-18,2558
33559232,11782,506809991,55920810,-1625,-3088,-127,5275,292112900,2115,292112920,2115,178,-243,79,16,2589,-29,-64,2587
33568741,11782,506809983,55920789,-1626,-3087,-127,5275,292112900,2115,292112930,2115,178,-244,40,133,2587,-69,52,2588
33578661,11782,506809976,55920767,-1626,-3087,-128,5275,292112900,2115,292112940,2115,178,-245,63,119,2563,-45,39,2564
33588672,11782,506809969,55920746,-1625,-3086,-128,5275,292112900,2115,292112950,2115,178,-245,61,70,2564,-47,-9,2563
33598911,11782,506809962,55920724,-1625,-3086,-129,5275,292112900,2115,292112960,2115,178,-245,53,108,2533,-54,29,2533
33608807,11782,506809954,55920701,-1625,-3086,-129,5275,292112950,2115,292112970,2115,178,-246,71,59,2558,-37,-20,2558
33618714,11782,506809947,55920680,-1625,-3085,-129,5275,292112950,2115,292112980,2115,178,-246,65,79,2581,-44,-1,2581
33628702,11782,506809940,55920658,-1625,-3085,-130,5275,292112950,2115,292112990,2115,178,-246,56,65,2542,-52,-14,2541
33638655,11783,506809932,55920636,-1625,-3084,-130,5275,292112950,2115,292113000,2115,178,-246,49,118,2558,-59,38,2559
33648929,11783,506809925,55920615,-1625,-3084,-131,5275,292112950,2115,292113010,2115,179,-246,59,102,2574,-50,22,2574
33658792,11783,506809918,55920592,-1625,-3084,-132,5275,292113000,2115,292113020,2115,179,-246,63,62,2533,-44,-17,2533
33668723,11783,506809910,55920570,-1624,-3083,-132,5275,292113000,2115,292113030,2115,179,-246,74,74,2544,-34,-5,2544
33678671,11783,506809903,55920549,-1624,-3083,-132,5275,292113000,2115,292113040,2115,178,-245,53,87,2508,-53,8,2508
33688665,11783,506809896,55920527,-1624,-3083,-132,5275,292113000,2115,292113050,2115,178,-245,62,86,2533,-45,7,2533
33700110,11783,506809889,55920506,-1624,-3082,-132,5275,292113000,2115,292113060,2115,178,-244,60,95,2505,-46,17,2505
33708795,11783,506809881,55920483,-1624,-3082,-132,5275,292113050,2115,292113070,2115,178,-244,65,97,2515,-40,19,2516
33718760,11783,506809874,55920461,-1624,-3082,-132,5275,292113050,2115,292113080,2115,177,-243,53,116,2516,-52,38,2517
33728837,11783,506809867,55920440,-1624,-3082,-133,5275,292113050,2115,292113090,2115,177,-242,81,63,2530,-24,-16,2530
33738658,11783,506809859,55920418,-1624,-3081,-133,5275,292113050,2115,292113100,2115,177,-242,59,102,2502,-45,24,2503
33749251,11783,506809852,55920396,-1624,-3081,-132,5275,292113050,2115,292113110,2115,177,-241,62,57,2471,-40,-19,2470
33758821,11783,506809845,55920374,-1624,-3080,-132,5275,292113100,2115,292113120,2115,176,-240,51,88,2480,-52,11,2480
33768734,11783,506809837,55920352,-1624,-3080,-132,5275,292113100,2115,292113130,2115,176,-239,58,107,2497,-45,30,2498
33778642,11783,506809830,55920331,-1624,-3080,-132,5275,292113100,2115,292113140,2115,175,-238,61,82,2469,-40,6,2469
33788658,11784,506809823,55920309,-1624,-3079,-132,5275,292113100,2115,292113150,2115,175,-237,91,90,2467,-10,15,2468
33799614,11784,506809816,55920288,-1623,-3079,-131,5275,292113100,2115,292113160,2115,175,-236,65,46,2467,-35,-29,2466
33808800,11784,506809808,55920265,-1623,-3079,-131,5275,292113150,2115,292113170,2115,174,-236,42,102,2449,-57,27,2449
33818714,11784,506809801,55920243,-1623,-3078,-130,5275,292113150,2115,292113180,2115,174,-235,64,103,2431,-34,28,2432
33829102,11784,506809794,55920222,-1623,-3078,-130,5275,292113150,2115,292113190,2115,174,-234,68,71,2444,-31,-3,2444
33838681,11784,506809786,55920200,-1623,-3078,-130,5275,292113150,2115,292113200,2115,173,-233,78,97,2457,-21,22,2458
33848911,11784,506809779,55920179,-1623,-3078,-129,5275,292113150,2115,292113210,2115,173,-232,81,96,2451,-17,22,2452
33858859,11784,506809772,55920156,-1623,-3077,-129,5275,292113200,2115,292113220,2115,173,-232,62,66,2442,-35,-8,2442
33868735,11784,506809764,55920135,-1623,-3077,-128,5275,292113200,2115,292113230,2115,172,-231,57,43,2403,-38,-29,2402
33878683,11784,506809757,55920113,-1623,-3077,-127,5275,292113200,2115,292113240,2115,172,-231,46,80,2419,-49,7,2418
33889393,11784,506809750,55920091,-1623,-3077,-127,5275,292113200,2115,292113250,2115,172,-230,64,94,2430,-32,21,2431
33898925,11784,506809743,55920070,-1622,-3076,-126,5275,292113200,2115,292113260,2115,172,-230,68,54,2438,-28,-19,2438
33908802,11784,506809735,55920047,-1623,-3077,-125,5275,292113250,2115,292113270,2115,172,-229,67,76,2407,-28,4,2407
33919298,11784,506809728,55920026,-1623,-3076,-125,5276,292113250,2115,292113280,2115,172,-229,77,82,2429,-19,9,2430
33929019,11784,506809721,55920004,-1622,-3076,-124,5276,292113250,2115,292113290,2115,172,-229,44,59,2420,-51,-14,2419
33938650,11784,506809713,55919982,-1622,-3076,-124,5276,292113250,2115,292113300,2115,172,-228,62,74,2438,-33,1,2438
33949644,11784,506809706,55919961,-1622,-3076,-123,5276,292113250,2115,292113310,2115,172,-228,78,74,2441,-18,1,2442
33958815,11784,506809699,55919938,-1622,-3076,-123,5276,292113300,2115,292113320,2115,172,-228,72,70,2438,-23,-4,2439
33968724,11784,506809692,55919917,-1622,-3075,-122,5276,292113300,2115,292113330,2115,173,-228,58,85,2399,-36,12,2399
33978650,11784,506809684,55919895,-1622,-3075,-122,5276,292113300,2115,292113340,2115,173,-228,51,61,2432,-44,-13,2431
33988657,11784,506809677,55919874,-1622,-3075,-121,5276,292113300,2115,292113350,2115,173,-227,58,18,2434,-37,-56,2432
33998923,11784,506809670,55919852,-1621,-3075,-121,5276,292113300,2115,292113360,2115,174,-227,63,65,2434,-32,-8,2434
34008861,11784,506809662,55919830,-1621,-3074,-120,5276,292113350,2115,292113370,2115,174,-227,64,69,2448,-31,-6,2448
34018713,11784,506809655,55919808,-1621,-3074,-120,5276,292113350,2115,292113380,2115,174,-227,62,62,2443,-33,-13,2443
34029200,11784,506809648,55919786,-1621,-3074,-119,5276,292113350,2115,292113390,2115,174,-227,64,53,2455,-32,-22,2454
34038658,11784,506809640,55919765,-1620,-3074,-119,5276,292113350,2115,292113400,2115,174,-227,62,52,2472,-34,-23,2472
34048957,11784,506809633,55919743,-1620,-3074,-119,5276,292113350,2115,292113410,2115,174,-228,55,68,2468,-41,-7,2467
34058833,11784,506809626,55919721,-1620,-3074,-119,5276,292113400,2115,292113420,2115,174,-228,66,76,2456,-30,1,2456
34068813,11784,506809619,55919699,-1620,-3074,-119,5276,292113400,2115,292113430,2115,174,-228,59,41,2498,-39,-35,2496
34078698,11783,506809611,55919678,-1619,-3073,-119,5276,292113400,2115,292113440,2115,174,-228,77,73,2488,-20,-2,2489
34088646,11783,506809604,55919656,-1620,-3073,-118,5276,292113400,2115,292113450,2115,173,-229,68,93,2469,-29,18,2469
34099041,11783,506809597,55919635,-1619,-3073,-118,5276,292113400,2115,292113460,2115,173,-229,53,33,2472,-44,-42,2470
34108811,11783,506809590,55919612,-1619,-3073,-117,5276,292113450,2115,292113470,2115,172,-229,46,60,2457,-51,-14,2456
34118750,11782,506809582,55919591,-1619,-3073,-117,5276,292113450,2115,292113480,2115,172,-230,67,82,2491,-31,7,2491
34129106,11782,506809575,55919569,-1618,-3072,-117,5276,292113450,2115,292113490,2115,172,-230,80,48,2506,-19,-27,2505
34138661,11782,506809568,55919547,-1618,-3072,-117,5276,292113450,2115,292113500,2115,171,-230,69,48,2468,-28,-26,2468
34148946,11781,506809560,55919526,-1618,-3072,-117,5276,292113450,2115,292113510,2115,171,-231,67,53,2511,-32,-22,2510
34158846,11781,506809553,55919503,-1617,-3072,-117,5276,292113500,2115,292113520,2115,170,-231,69,58,2498,-30,-16,2497
34168754,11780,506809546,55919482,-1617,-3072,-117,5276,292113500,2115,292113530,2115,169,-232,50,93,2489,-49,19,2489
34178649,11780,506809539,55919460,-1617,-3072,-117,5276,292113500,2115,292113540,2115,169,-232,85,57,2502,-14,-17,2503
34188983,11780,506809531,55919439,-1617,-3072,-117,5276,292113500,2115,292113550,2115,168,-233,83,39,2552,-19,-36,2551
34199553,11779,506809524,55919417,-1617,-3072,-118,5276,292113500,2115,292113560,2115,167,-234,95,82,2563,-8,8,2564
34208822,11779,506809517,55919395,-1617,-3072,-118,5276,292113550,2115,292113570,2115,166,-234,72,29,2528,-30,-45,2527
34219562,11778,506809510,55919373,-1616,-3071,-118,5276,292113550,2115,292113580,2115,165,-235,53,45,2495,-48,-28,2494
34228667,11778,506809502,55919352,-1616,-3071,-119,5276,292113550,2115,292113590,2115,165,-235,47,74,2532,-56,1,2531
34238668,11778,506809495,55919330,-1616,-3071,-119,5276,292113550,2115,292113600,2115,164,-236,63,49,2537,-39,-23,2536
34249174,11777,506809488,55919309,-1616,-3071,-119,5276,292113550,2115,292113610,2115,163,-236,96,40,2572,-8,-33,2572
34258835,11777,506809480,55919286,-1616,-3070,-120,5276,292113600,2115,292113620,2115,162,-236,68,82,2565,-36,9,2565
34268731,11776,506809473,55919264,-1616,-3070,-120,5276,292113600,2115,292113630,2115,161,-236,78,58,2555,-26,-14,2555
34279409,11776,506809466,55919243,-1616,-3070,-121,5276,292113600,2115,292113640,2115,160,-237,82,53,2554,-22,-18,2554
34288678,11775,506809459,55919221,-1615,-3070,-121,5276,292113600,2115,292113650,2115,159,-237,69,37,2556,-35,-35,2554
34298937,11775,506809451,55919200,-1615,-3070,-121,5276,292113600,2115,292113660,2115,159,-237,83,71,2528,-19,1,2529
34308928,11775,506809444,55919177,-1615,-3070,-122,5276,292113650,2115,292113670,2115,158,-237,81,51,2561,-23,-19,2561
34318741,11774,506809437,55919156,-1615,-3070,-122,5276,292113650,2115,292113680,2115,157,-237,90,51,2545,-13,-19,2545
34329471,11774,506809430,55919134,-1614,-3070,-123,5276,292113650,2115,292113690,2115,156,-237,107,-7,2569,2,-77,2568
34339411,11773,506809422,55919113,-1614,-3070,-123,5276,292113650,2115,292113700,2115,156,-238,106,57,2555,2,-13,2556
34348961,11773,506809415,55919091,-1614,-3070,-124,5276,292113650,2115,292113710,2115,155,-238,98,51,2570,-7,-19,2570
34358798,11773,506809408,55919069,-1614,-3070,-124,5276,292113700,2115,292113720,2115,154,-238,95,48,2525,-8,-20,2526
34369136,11772,506809401,55919047,-1613,-3070,-124,5276,292113700,2115,292113730,2115,153,-238,92,32,2524,-11,-35,2524
34378634,11772,506809393,55919026,-1613,-3070,-125,5276,292113700,2115,292113740,2115,152,-238,108,24,2525,5,-43,2525
34388665,11772,506809386,55919004,-1613,-3070,-125,5276,292113700,2115,292113750,2115,152,-238,117,35,2496,15,-31,2497
34399673,11771,506809379,55918983,-1613,-3070,-125,5276,292113700,2115,292113760,2115,151,-238,113,43,2535,10,-23,2536
34408797,11771,506809372,55918960,-1612,-3071,-125,5276,292113750,2115,292113770,2115,151,-238,122,35,2553,18,-32,2554
34418728,11771,506809364,55918939,-1612,-3071,-126,5276,292113750,2115,292113780,2115,150,-238,126,60,2550,22,-7,2552
34428646,11770,506809357,55918917,-1612,-3071,-126,5276,292113750,2115,292113790,2115,149,-238,131,55,2556,26,-11,2558
34438669,11770,506809350,55918896,-1612,-3071,-126,5276,292113750,2115,292113800,2115,148,-238,117,25,2517,15,-40,2518
34448919,11770,506809343,55918874,-1612,-3072,-126,5276,292113750,2115,292113810,2115,147,-238,127,41,2497,25,-23,2498
34459679,11770,506809335,55918852,-1612,-3072,-126,5276,292113800,2115,292113820,2115,146,-238,135,29,2491,33,-34,2493
34468724,11769,506809328,55918830,-1612,-3072,-126,5276,292113800,2115,292113830,2115,146,-238,144,35,2495,42,-28,2497
34478670,11769,506809321,55918809,-1612,-3073,-126,5276,292113800,2115,292113840,2115,145,-238,159,65,2491,58,2,2495
34489165,11769,506809314,55918787,-1612,-3073,-126,5276,292113800,2115,292113850,2115,144,-238,144,22,2490,43,-41,2492
34498936,11769,506809306,55918766,-1612,-3074,-126,5276,292113800,2115,292113860,2115,143,-238,168,37,2528,64,-26,2531
34508804,11768,506809299,55918743,-1612,-3074,-126,5276,292113850,2115,292113870,2115,143,-237,149,44,2482,48,-18,2485
34519244,11768,506809292,55918721,-1612,-3075,-126,5276,292113850,2115,292113880,2115,142,-237,141,39,2491,40,-22,2493
34528632,11768,506809285,55918700,-1612,-3075,-126,5276,292113850,2115,292113890,2115,142,-237,139,46,2469,39,-15,2471
34538643,11768,506809277,55918678,-1612,-3075,-126,5276,292113850,2115,292113900,2115,142,-237,142,51,2476,41,-10,2479
34549131,11767,506809270,55918657,-1612,-3076,-125,5276,292113850,2115,292113910,2115,142,-237,165,56,2455,64,-4,2459
34559404,11767,506809263,55918634,-1613,-3076,-125,5276,292113900,2115,292113920,2115,142,-238,150,44,2465,50,-17,2468
34568754,11767,506809256,55918613,-1613,-3076,-125,5276,292113900,2115,292113930,2115,142,-238,141,35,2478,40,-26,2480
34579287,11767,506809248,55918591,-1613,-3077,-125,5276,292113900,2115,292113940,2115,142,-238,141,40,2475,40,-22,2477
34588667,11766,506809241,55918569,-1612,-3077,-125,5276,292113900,2115,292113950,2115,142,-238,140,-10,2489,39,-72,2490
34598932,11766,506809234,55918548,-1612,-3078,-124,5276,292113900,2115,292113960,2115,143,-238,131,51,2454,31,-10,2456
34608792,11766,506809227,55918525,-1612,-3078,-124,5276,292113950,2115,292113970,2115,143,-238,132,50,2477,31,-12,2479
34618724,11766,506809219,55918504,-1612,-3078,-124,5276,292113950,2115,292113980,2115,143,-238,144,49,2464,44,-12,2467
34629552,11766,506809212,55918482,-1612,-3079,-124,5276,292113950,2115,292113990,2115,143,-238,154,11,2490,53,-51,2492
34639124,11765,506809205,55918461,-1612,-3079,-123,5276,292113950,2115,292114000,2115,143,-238,139,53,2446,39,-8,2448
34648933,11765,506809198,55918439,-1612,-3080,-123,5276,292113950,2115,292114010,2115,143,-238,152,42,2448,52,-19,2450
34658802,11765,506809190,55918416,-1613,-3080,-122,5276,292114000,2115,292114020,2115,143,-238,142,37,2443,43,-23,2445
34669346,11765,506809183,55918395,-1613,-3080,-122,5276,292114000,2115,292114030,2115,143,-238,149,39,2426,50,-22,2429
34678706,11765,506809176,55918373,-1613,-3081,-121,5276,292114000,2115,292114040,2115,143,-238,156,59,2446,56,-2,2449
34688690,11764,506809169,55918352,-1613,-3081,-121,5276,292114000,2115,292114050,2115,144,-238,156,25,2502,54,-37,2504
34699544,11764,506809161,55918330,-1613,-3082,-121,5276,292114000,2115,292114060,2115,144,-238,154,62,2479,53,0,2482
34708806,11764,506809154,55918308,-1613,-3082,-121,5276,292114050,2115,292114070,2115,144,-239,159,8,2500,57,-55,2502
34718735,11764,506809147,55918286,-1613,-3083,-121,5276,292114050,2115,292114080,2115,144,-239,147,13,2445,47,-48,2447
34728972,11764,506809140,55918264,-1613,-3083,-121,5276,292114050,2115,292114090,2115,144,-239,151,39,2476,49,-23,2478
34738658,11764,506809132,55918243,-1613,-3083,-120,5276,292114050,2115,292114100,2115,144,-239,154,92,2457,53,31,2461
34748926,11764,506809125,55918221,-1613,-3084,-120,5276,292114050,2115,292114110,2115,145,-239,153,29,2452,52,-33,2455
34758854,11764,506809118,55918198,-1613,-3084,-120,5276,292114100,2115,292114120,2115,145,-239,156,40,2444,56,-21,2447
34768735,11763,506809110,55918177,-1613,-3085,-119,5276,292114100,2115,292114130,2115,145,-239,135,55,2468,33,-7,2471
34778655,11763,506809103,55918155,-1613,-3085,-120,5276,292114100,2115,292114140,2115,145,-240,146,45,2513,43,-19,2515
34788662,11763,506809096,55918134,-1614,-3085,-120,5276,292114100,2115,292114150,2115,145,-240,161,79,2507,58,16,2511
34800037,11763,506809089,55918112,-1614,-3086,-120,5276,292114100,2115,292114160,2115,145,-240,164,46,2493,62,-17,2496
34808825,11763,506809081,55918089,-1614,-3086,-120,5276,292114150,2115,292114170,2115,145,-240,143,45,2515,40,-18,2518
34818732,11763,506809074,55918068,-1614,-3086,-120,5276,292114150,2115,292114180,2115,145,-240,149,86,2503,45,23,2507
34828643,11763,506809067,55918046,-1614,-3087,-120,5276,292114150,2115,292114190,2115,146,-240,151,31,2472,49,-32,2475
34838650,11763,506809060,55918024,-1614,-3087,-120,5276,292114150,2115,292114200,2115,146,-240,162,41,2487,59,-22,2491
34848925,11763,506809052,55918003,-1614,-3088,-119,5276,292114150,2115,292114210,2115,146,-240,157,31,2485,55,-32,2488
34858795,11763,506809045,55917980,-1614,-3088,-119,5276,292114200,2115,292114220,2115,145,-240,151,81,2472,49,18,2476
34868722,11763,506809038,55917958,-1615,-3089,-119,5276,292114200,2115,292114230,2115,145,-240,141,74,2485,38,11,2488
34879061,11763,506809031,55917937,-1615,-3089,-119,5276,292114200,2115,292114240,2115,145,-239,153,70,2526,50,6,2529
34888678,11763,506809023,55917915,-1615,-3089,-120,5276,292114200,2115,292114250,2115,145,-239,153,31,2546,48,-34,2549
34900022,11763,506809016,55917893,-1615,-3090,-120,5276,292114200,2115,292114260,2115,145,-239,168,59,2535,64,-5,2538
34909408,11763,506809009,55917871,-1615,-3090,-120,5276,292114250,2115,292114270,2115,145,-238,160,69,2472,58,6,2476
34918721,11762,506809002,55917849,-1616,-3091,-120,5276,292114250,2115,292114280,2115,145,-238,155,80,2516,52,16,2520
34928659,11762,506808994,55917827,-1616,-3091,-120,5276,292114250,2115,292114290,2115,145,-237,148,51,2484,46,-11,2487
34939034,11762,506808987,55917806,-1616,-3091,-120,5276,292114250,2115,292114300,2115,145,-237,162,74,2494,60,11,2498
34948932,11762,506808980,55917784,-1616,-3092,-119,5277,292114250,2115,292114310,2115,145,-236,136,22,2448,37,-40,2450
34958818,11762,506808972,55917762,-1616,-3092,-120,5277,292114300,2115,292114320,2115,145,-236,153,42,2516,51,-22,2519
34969688,11762,506808965,55917740,-1616,-3092,-120,5277,292114300,2115,292114330,2115,145,-235,158,63,2499,57,0,2503
34978661,11762,506808958,55917718,-1617,-3092,-120,5277,292114300,2115,292114340,2115,145,-234,152,89,2502,52,26,2506
34988658,11762,506808951,55917696,-1617,-3093,-120,5277,292114300,2115,292114350,2115,145,-234,178,53,2472,78,-9,2476
34998938,11761,506808943,55917675,-1617,-3093,-119,5277,292114300,2115,292114360,2115,145,-233,130,27,2482,31,-36,2484
35008808,11761,506808936,55917652,-1617,-3094,-119,5277,292114350,2115,292114370,2115,145,-232,153,69,2449,56,7,2453
35018707,11761,506808929,55917630,-1617,-3094,-119,5277,292114350,2115,292114380,2115,145,-231,150,36,2425,54,-26,2427
35029266,11761,506808922,55917609,-1617,-3095,-118,5277,292114350,2115,292114390,2115,145,-230,166,79,2428,70,18,2432
35038655,11761,506808914,55917587,-1617,-3095,-118,5277,292114350,2115,292114400,2115,145,-229,165,45,2482,67,-18,2485
35048950,11760,506808907,55917565,-1617,-3096,-118,5277,292114350,2115,292114410,2115,146,-229,161,60,2520,62,-4,2523
35058801,11760,506808900,55917543,-1618,-3096,-118,5277,292114400,2115,292114420,2115,146,-228,153,27,2495,56,-36,2497
35068717,11760,506808892,55917521,-1617,-3097,-118,5277,292114400,2115,292114430,2115,147,-227,157,17,2450,62,-45,2453
35078657,11760,506808885,55917499,-1617,-3097,-117,5277,292114400,2115,292114440,2115,147,-226,150,25,2458,55,-37,2460
35088672,11760,506808878,55917478,-1618,-3097,-117,5277,292114400,2115,292114450,2115,147,-226,138,71,2480,42,8,2483
35098945,11760,506808871,55917456,-1618,-3098,-117,5277,292114400,2115,292114460,2115,147,-225,160,39,2466,65,-25,2469
35108817,11759,506808863,55917433,-1618,-3099,-116,5277,292114450,2115,292114470,2115,148,-225,191,19,2462,96,-44,2465
35118750,11759,506808856,55917411,-1618,-3099,-116,5277,292114450,2115,292114480,2115,148,-224,158,24,2448,64,-39,2450
35129369,11759,506808849,55917390,-1618,-3100,-116,5277,292114450,2115,292114490,2115,148,-224,149,47,2482,54,-17,2485
35138649,11759,506808842,55917368,-1618,-3100,-116,5277,292114450,2115,292114500,2115,148,-224,159,30,2487,64,-34,2489
35150293,11759,506808834,55917346,-1618,-3101,-116,5277,292114450,2115,292114510,2115,148,-224,157,77,2476,62,13,2480
35158789,11759,506808827,55917323,-1618,-3101,-115,5277,292114500,2115,292114520,2115,148,-224,163,72,2461,68,9,2465
35168715,11759,506808820,55917302,-1618,-3102,-115,5277,292114500,2115,292114530,2115,148,-224,156,-9,2442,62,-72,2443
35178645,11759,506808812,55917280,-1618,-3103,-114,5277,292114500,2115,292114540,2115,149,-224,148,45,2444,54,-19,2446
35188655,11758,506808805,55917258,-1619,-3103,-114,5277,292114500,2115,292114550,2115,149,-224,181,89,2471,86,25,2476
35198897,11758,506808798,55917236,-1619,-3104,-114,5277,292114500,2115,292114560,2115,149,-224,177,50,2450,83,-14,2454
35208808,11758,506808791,55917214,-1619,-3104,-114,5277,292114550,2115,292114570,2115,150,-225,173,20,2492,77,-45,2494
35218725,11758,506808783,55917192,-1619,-3105,-114,5277,292114550,2115,292114580,2115,151,-225,170,37,2470,75,-28,2473
35228641,11758,506808776,55917170,-1619,-3105,-114,5277,292114550,2115,292114590,2115,151,-226,146,72,2473,50,6,2476
35238648,11758,506808769,55917148,-1619,-3105,-114,5277,292114550,2115,292114600,2115,152,-227,158,33,2513,60,-34,2516
35248921,11757,506808761,55917127,-1619,-3106,-114,5277,292114550,2115,292114610,2115,153,-228,159,44,2516,61,-23,2519
35258795,11757,506808754,55917104,-1619,-3107,-114,5277,292114600,2115,292114620,2115,154,-228,175,38,2508,77,-29,2511
35268721,11757,506808747,55917082,-1620,-3107,-114,5277,292114600,2115,292114630,2115,155,-229,159,66,2514,60,-1,2517
35278656,11757,506808740,55917060,-1620,-3107,-114,5277,292114600,2115,292114640,2115,156,-230,169,78,2501,70,10,2505
35288686,11756,506808732,55917039,-1620,-3108,-114,5277,292114600,2115,292114650,2115,157,-231,155,6,2503,57,-62,2504
35299558,11756,506808725,55917017,-1620,-3108,-115,5277,292114600,2115,292114660,2115,157,-231,144,44,2514,44,-25,2516
35308801,11756,506808718,55916994,-1620,-3109,-115,5277,292114650,2115,292114670,2115,158,-232,162,41,2528,61,-29,2531
35319266,11756,506808710,55916972,-1620,-3110,-115,5277,292114650,2115,292114680,2115,158,-232,165,56,2514,65,-14,2517
35328660,11756,506808703,55916950,-1620,-3110,-115,5277,292114650,2115,292114690,2115,159,-233,159,68,2501,59,-1,2504
35338674,11755,506808696,55916929,-1620,-3111,-115,5277,292114650,2115,292114700,2115,159,-233,150,50,2516,49,-20,2518
35350057,11755,506808689,55916907,-1620,-3111,-115,5277,292114650,2115,292114710,2115,159,-233,147,20,2523,47,-50,2525
35358797,11755,506808681,55916884,-1620,-3111,-116,5277,292114700,2115,292114720,2115,159,-233,160,46,2536,59,-24,2539
35368757,11755,506808674,55916862,-1620,-3111,-116,5277,292114700,2115,292114730,2115,160,-234,173,60,2535,71,-10,2539
35378652,11754,506808667,55916841,-1621,-3112,-116,5277,292114700,2115,292114740,2115,160,-234,169,65,2516,68,-5,2520
35388677,11754,506808659,55916819,-1621,-3112,-116,5277,292114700,2115,292114750,2115,160,-234,160,62,2514,59,-8,2517
35398962,11754,506808652,55916797,-1621,-3113,-117,5277,292114700,2115,292114760,2115,160,-234,160,39,2567,57,-32,2569
35408829,11754,506808645,55916774,-1621,-3113,-117,5277,292114750,2115,292114770,2115,160,-234,159,39,2498,59,-31,2501
35418736,11754,506808637,55916752,-1621,-3113,-117,5277,292114750,2115,292114780,2115,160,-234,140,74,2499,40,5,2502
35428641,11753,506808630,55916731,-1621,-3114,-118,5277,292114750,2115,292114790,2115,159,-233,163,72,2548,61,2,2552
35438652,11753,506808623,55916709,-1621,-3114,-118,5277,292114750,2115,292114800,2115,159,-233,171,51,2510,70,-18,2513
35448912,11753,506808616,55916687,-1622,-3115,-118,5277,292114750,2115,292114810,2115,160,-233,191,63,2498,91,-6,2503
35458791,11753,506808608,55916664,-1622,-3116,-118,5277,292114800,2115,292114820,2115,160,-232,165,29,2508,65,-41,2511
35468711,11752,506808601,55916642,-1622,-3116,-118,5277,292114800,2115,292114830,2115,159,-232,143,82,2487,44,13,2491
35478667,11752,506808594,55916621,-1622,-3116,-118,5277,292114800,2115,292114840,2115,159,-231,141,78,2502,41,8,2505
35488656,11752,506808586,55916599,-1622,-3117,-117,5277,292114800,2115,292114850,2115,159,-231,158,70,2484,59,1,2487
35498904,11752,506808579,55916577,-1622,-3117,-117,5277,292114800,2115,292114860,2115,158,-231,152,56,2491,54,-13,2494
35508791,11751,506808572,55916554,-1623,-3118,-118,5277,292114850,2115,292114870,2115,158,-230,175,49,2523,75,-20,2527
35518731,11751,506808564,55916532,-1623,-3118,-118,5277,292114850,2115,292114880,2115,158,-230,188,34,2516,89,-35,2519
35528661,11751,506808557,55916510,-1623,-3119,-118,5277,292114850,2115,292114890,2115,158,-229,148,83,2458,51,16,2462
35538669,11751,506808550,55916489,-1623,-3119,-117,5277,292114850,2115,292114900,2115,158,-229,155,36,2461,58,-31,2463
35548890,11750,506808543,55916467,-1623,-3120,-117,5277,292114850,2115,292114910,2115,158,-228,165,59,2499,67,-9,2503
35558815,11750,506808535,55916444,-1623,-3120,-116,5277,292114900,2115,292114920,2115,158,-228,145,69,2446,49,2,2450
35568745,11750,506808528,55916422,-1623,-3121,-116,5277,292114900,2115,292114930,2115,157,-227,181,23,2481,84,-45,2484
35578662,11750,506808521,55916400,-1623,-3122,-116,5277,292114900,2115,292114940,2115,157,-227,168,3,2470,73,-64,2472
35588642,11750,506808513,55916378,-1623,-3122,-116,5277,292114900,2115,292114950,2115,157,-226,165,97,2464,69,30,2468
35600054,11749,506808506,55916356,-1624,-3123,-116,5277,292114900,2115,292114960,2115,157,-226,157,106,2489,60,38,2493
35608802,11749,506808499,55916333,-1624,-3123,-116,5277,292114950,2115,292114970,2115,157,-225,156,-9,2517,59,-77,2518
35618721,11749,506808492,55916311,-1624,-3124,-116,5277,292114950,2115,292114980,2115,156,-225,138,52,2453,43,-15,2455
35628695,11749,506808484,55916290,-1624,-3124,-115,5277,292114950,2115,292114990,2115,156,-224,178,44,2466,83,-23,2470
35638681,11749,506808477,55916268,-1624,-3125,-115,5277,292114950,2115,292115000,2115,155,-224,160,80,2454,66,14,2458
35648940,11748,506808470,55916246,-1624,-3125,-115,5277,292114950,2115,292115010,2115,155,-224,161,40,2476,66,-26,2479
35658805,11748,506808462,55916223,-1625,-3126,-115,5277,292115000,2115,292115020,2115,154,-223,166,70,2498,70,3,2502
35669389,11748,506808455,55916201,-1625,-3126,-115,5277,292115000,2115,292115030,2115,154,-223,158,57,2516,62,-10,2519
35679343,11748,506808448,55916179,-1625,-3127,-115,5277,292115000,2115,292115040,2115,153,-223,155,51,2457,61,-14,2460
35688639,11748,506808440,55916157,-1625,-3127,-114,5277,292115000,2115,292115050,2115,153,-222,168,42,2446,75,-23,2449
35699238,11748,506808433,55916135,-1625,-3128,-114,5277,292115000,2115,292115060,2115,153,-222,171,79,2434,78,15,2439
35708810,11748,506808426,55916112,-1625,-3128,-113,5277,292115050,2115,292115070,2115,153,-222,162,36,2451,69,-29,2453
35719527,11747,506808419,55916090,-1626,-3129,-113,5277,292115050,2115,292115080,2115,153,-221,167,77,2456,74,12,2460
35728678,11747,506808411,55916068,-1626,-3129,-113,5277,292115050,2115,292115090,2115,153,-221,138,43,2458,45,-22,2460
35738654,11747,506808404,55916046,-1626,-3130,-113,5277,292115050,2115,292115100,2115,153,-221,174,74,2470,80,8,2475
35748921,11746,506808397,55916024,-1626,-3131,-112,5277,292115050,2115,292115110,2115,154,-221,175,9,2470,82,-56,2473
35759302,11746,506808389,55916001,-1626,-3131,-112,5277,292115100,2115,292115120,2115,154,-220,171,30,2498,77,-37,2501
35768768,11746,506808382,55915980,-1626,-3132,-112,5277,292115100,2115,292115130,2115,154,-220,139,69,2489,45,2,2491
35778660,11746,506808375,55915958,-1626,-3132,-112,5277,292115100,2115,292115140,2115,155,-220,153,25,2467,60,-42,2469
35788664,11746,506808367,55915936,-1626,-3133,-111,5277,292115100,2115,292115150,2115,155,-220,150,45,2430,59,-20,2432
35798940,11745,506808360,55915914,-1626,-3133,-111,5277,292115100,2115,292115160,2115,155,-220,161,37,2463,68,-29,2466
35808781,11745,506808353,55915891,-1626,-3134,-111,5277,292115150,2115,292115170,2115,155,-219,171,34,2464,79,-32,2467
35818733,11745,506808345,55915869,-1627,-3134,-111,5277,292115150,2115,292115180,2115,155,-219,157,64,2467,65,-3,2470
35828657,11745,506808338,55915847,-1627,-3135,-111,5277,292115150,2115,292115190,2115,155,-219,160,39,2504,67,-29,2507
35838667,11745,506808331,55915825,-1627,-3135,-111,5277,292115150,2115,292115200,2115,155,-219,149,52,2489,56,-15,2492
35849522,11744,506808324,55915803,-1627,-3136,-110,5277,292115150,2115,292115210,2115,155,-218,164,74,2458,72,8,2462
35858815,11744,506808316,55915780,-1627,-3136,-110,5277,292115200,2115,292115220,2115,155,-218,167,15,2475,75,-52,2477
35868756,11744,506808309,55915758,-1627,-3137,-110,5277,292115200,2115,292115230,2115,156,-218,167,60,2476,74,-7,2480
35878680,11744,506808302,55915736,-1627,-3138,-110,5277,292115200,2115,292115240,2115,156,-217,157,35,2466,65,-32,2468
35888660,11743,506808294,55915714,-1627,-3138,-109,5277,292115200,2115,292115250,2115,156,-217,159,72,2460,67,5,2464
35898910,11743,506808287,55915692,-1627,-3139,-109,5277,292115200,2115,292115260,2115,157,-217,155,5,2471,63,-62,2473
35909519,11743,506808280,55915669,-1627,-3139,-109,5277,292115250,2115,292115270,2115,158,-217,169,28,2465,77,-39,2467
35919346,11743,506808272,55915647,-1627,-3140,-109,5277,292115250,2115,292115280,2115,158,-217,148,35,2501,55,-34,2503
35928678,11742,506808265,55915625,-1628,-3140,-109,5277,292115250,2115,292115290,2115,159,-217,169,87,2507,76,18,2511
35939528,11742,506808258,55915603,-1628,-3141,-109,5277,292115250,2115,292115300,2115,159,-217,167,20,2466,75,-48,2469
35948908,11742,506808250,55915581,-1628,-3141,-109,5277,292115250,2115,292115310,2115,160,-217,158,47,2457,67,-22,2459
35958782,11742,506808243,55915558,-1628,-3142,-108,5277,292115300,2115,292115320,2115,160,-217,143,25,2462,51,-44,2464
35969398,11741,506808236,55915536,-1628,-3143,-108,5278,292115300,2115,292115330,2115,160,-217,166,82,2500,72,12,2504
35978659,11741,506808228,55915514,-1628,-3143,-108,5278,292115300,2115,292115340,2115,161,-217,172,42,2486,80,-28,2489
35988665,11741,506808221,55915492,-1628,-3144,-108,5278,292115300,2115,292115350,2115,161,-218,155,42,2490,62,-27,2493
35999691,11741,506808214,55915469,-1628,-3144,-108,5278,292115300,2115,292115360,2115,161,-218,155,47,2507,61,-24,2510
36008838,11741,506808206,55915446,-1628,-3145,-108,5278,292115350,2115,292115370,2115,161,-218,163,64,2495,70,-6,2498
36018846,11740,506808199,55915424,-1628,-3145,-108,5278,292115350,2115,292115380,2115,162,-219,150,42,2469,58,-27,2471
36028981,11740,506808192,55915402,-1628,-3146,-108,5278,292115350,2115,292115390,2115,162,-219,127,49,2487,34,-21,2489
36038653,11740,506808185,55915380,-1628,-3146,-108,5278,292115350,2115,292115400,2115,162,-219,179,72,2526,84,0,2531
36049898,11740,506808177,55915358,-1629,-3147,-108,5278,292115350,2115,292115410,2115,163,-220,192,48,2496,98,-22,2500
36059102,11740,506808170,55915335,-1629,-3147,-108,5278,292115400,2115,292115420,2115,163,-220,157,52,2487,63,-19,2490
36068723,11739,506808163,55915313,-1629,-3148,-108,5278,292115400,2115,292115430,2115,164,-220,142,74,2514,47,2,2517
36079519,11739,506808155,55915291,-1629,-3148,-109,5278,292115400,2115,292115440,2115,165,-220,147,22,2548,50,-51,2549
36089232,11739,506808148,55915269,-1629,-3149,-109,5278,292115400,2115,292115450,2115,165,-221,154,75,2539,58,2,2542
36099109,11739,506808141,55915247,-1629,-3149,-109,5278,292115400,2115,292115460,2115,166,-221,177,74,2521,81,1,2526
36108799,11739,506808133,55915224,-1630,-3149,-109,5278,292115450,2115,292115470,2115,166,-221,150,49,2468,57,-23,2471
36119394,11739,506808126,55915202,-1630,-3150,-109,5278,292115450,2115,292115480,2115,167,-221,149,81,2518,54,7,2522
36128641,11738,506808119,55915180,-1630,-3150,-109,5278,292115450,2115,292115490,2115,168,-221,130,33,2466,36,-40,2467
36138662,11738,506808111,55915158,-1630,-3151,-109,5278,292115450,2115,292115500,2115,169,-221,153,34,2583,55,-42,2585
36149878,11738,506808104,55915135,-1630,-3151,-109,5278,292115450,2115,292115510,2115,170,-221,163,51,2509,68,-22,2512
36158855,11738,506808097,55915112,-1630,-3152,-110,5278,292115500,2115,292115520,2115,170,-221,178,122,2541,81,47,2547
36168738,11738,506808089,55915090,-1631,-3152,-110,5278,292115500,2115,292115530,2115,170,-221,171,57,2467,78,-16,2471
36178790,11738,506808082,55915068,-1630,-3153,-110,5278,292115500,2115,292115540,2115,170,-221,127,8,2495,32,-65,2496
36188674,11738,506808075,55915046,-1631,-3153,-110,5278,292115500,2115,292115550,2115,170,-221,136,87,2514,40,12,2517
36200049,11738,506808067,55915024,-1631,-3153,-110,5278,292115500,2115,292115560,2115,170,-221,163,106,2547,66,31,2552
36209293,11738,506808060,55915001,-1631,-3154,-110,5278,292115550,2115,292115570,2115,170,-220,169,57,2524,73,-17,2527
36218733,11738,506808053,55914979,-1631,-3155,-111,5278,292115550,2115,292115580,2115,170,-220,184,73,2519,89,-1,2523
36228654,11739,506808045,55914957,-1632,-3155,-111,5278,292115550,2115,292115590,2115,170,-220,173,85,2526,78,11,2530
36238692,11739,506808038,55914935,-1632,-3155,-111,5278,292115550,2115,292115600,2115,170,-220,147,98,2504,52,24,2508
36248914,11739,506808031,55914912,-1632,-3156,-111,5278,292115550,2115,292115610,2115,170,-220,129,58,2495,34,-15,2497
36258779,11739,506808023,55914889,-1632,-3156,-111,5278,292115600,2115,292115620,2115,170,-220,120,30,2494,26,-44,2495
36269300,11739,506808016,55914867,-1633,-3157,-111,5278,292115600,2115,292115630,2115,170,-220,229,184,2531,133,110,2540
36278636,11739,506808009,55914845,-1633,-3157,-111,5278,292115600,2115,292115640,2115,170,-220,155,-40,2476,62,-113,2477
36288658,11739,506808001,55914823,-1633,-3158,-111,5278,292115600,2115,292115650,2115,170,-220,187,149,2490,93,75,2497
36300038,11739,506807994,55914801,-1634,-3158,-111,5278,292115600,2115,292115660,2115,170,-220,98,145,2523,2,70,2526
36308779,11739,506807987,55914778,-1635,-3158,-112,5278,292115650,2115,292115670,2115,170,-220,209,118,2571,111,42,2577
36318702,11739,506807979,55914755,-1634,-3159,-112,5278,292115650,2115,292115680,2115,169,-220,149,-45,2508,55,-119,2508
36329378,11739,506807972,55914733,-1635,-3159,-111,5278,292115650,2115,292115690,2115,169,-220,162,140,2458,68,68,2463
36339490,11739,506807964,55914711,-1636,-3159,-111,5278,292115650,2115,292115700,2115,169,-221,152,171,2488,57,98,2494
36348897,11739,506807957,55914689,-1636,-3160,-112,5278,292115650,2115,292115710,2115,169,-221,173,85,2542,77,10,2547
36359502,11739,506807950,55914666,-1636,-3160,-112,5278,292115700,2115,292115720,2115,168,-221,161,21,2536,65,-53,2538
36368713,11739,506807942,55914644,-1636,-3161,-112,5278,292115700,2115,292115730,2115,168,-221,153,54,2509,58,-19,2512
36378665,11739,506807935,55914622,-1636,-3161,-112,5278,292115700,2115,292115740,2115,167,-221,151,95,2500,56,22,2504
36388911,11739,506807928,55914599,-1637,-3162,-112,5278,292115700,2115,292115750,2115,166,-221,168,107,2511,72,34,2516
36398911,11739,506807920,55914577,-1637,-3162,-112,5278,292115700,2115,292115760,2115,166,-221,172,84,2487,77,12,2491
36408781,11739,506807913,55914554,-1638,-3162,-112,5278,292115750,2115,292115770,2115,165,-221,166,70,2504,71,-2,2507
36419507,11739,506807906,55914532,-1638,-3163,-113,5278,292115750,2115,292115780,2115,165,-222,160,97,2543,63,24,2547
36428651,11739,506807898,55914510,-1638,-3163,-113,5278,292115750,2115,292115790,2115,164,-222,168,74,2537,72,2,2541
36439598,11739,506807891,55914488,-1639,-3164,-113,5278,292115750,2115,292115800,2115,164,-222,176,86,2488,81,15,2492
36449096,11739,506807883,55914465,-1639,-3164,-113,5278,292115750,2115,292115810,2115,164,-222,160,50,2506,64,-21,2509
36458808,11739,506807876,55914442,-1639,-3165,-113,5278,292115800,2115,292115820,2115,163,-222,162,66,2516,66,-5,2519
36468763,11739,506807869,55914420,-1639,-3165,-113,5278,292115800,2115,292115830,2115,163,-222,159,81,2476,64,10,2479
36479483,11739,506807861,55914398,-1639,-3166,-113,5278,292115800,2115,292115840,2115,163,-222,162,83,2494,66,13,2498
36489136,11739,506807854,55914376,-1639,-3166,-113,5278,292115800,2115,292115850,2115,163,-222,160,46,2492,65,-24,2495
36499224,11739,506807847,55914353,-1640,-3167,-113,5278,292115800,2115,292115860,2115,162,-222,172,77,2512,77,6,2517
36509534,11739,506807839,55914330,-1640,-3168,-113,5278,292115850,2115,292115870,2115,162,-222,178,44,2484,84,-26,2487
36518772,11739,506807832,55914308,-1640,-3168,-113,5278,292115850,2115,292115880,2115,161,-221,164,75,2483,70,5,2487
36528668,11739,506807825,55914286,-1641,-3168,-112,5278,292115850,2115,292115890,2115,161,-221,175,96,2453,81,28,2457
36538924,11739,506807817,55914264,-1641,-3169,-112,5278,292115850,2115,292115900,2115,160,-221,158,54,2497,63,-15,2500
36548946,11739,506807810,55914241,-1641,-3169,-112,5278,292115850,2115,292115910,2115,160,-221,159,80,2515,64,10,2519
36559006,11739,506807802,55914218,-1641,-3170,-113,5278,292115900,2115,292115920,2115,159,-220,166,49,2508,72,-21,2511
36569382,11739,506807795,55914196,-1642,-3170,-113,5278,292115900,2115,292115930,2115,159,-220,170,97,2542,74,27,2547
36578699,11739,506807788,55914174,-1642,-3171,-113,5278,292115900,2115,292115940,2115,158,-220,162,57,2502,68,-11,2505
36588683,11740,506807780,55914151,-1642,-3171,-113,5278,292115900,2115,292115950,2115,158,-220,163,86,2487,69,18,2491
36599763,11740,506807773,55914129,-1642,-3172,-112,5278,292115900,2115,292115960,2115,158,-220,147,55,2437,56,-13,2440
36608796,11740,506807765,55914106,-1643,-3172,-112,5278,292115950,2115,292115970,2115,158,-219,165,62,2471,72,-6,2475
36618705,11740,506807758,55914084,-1643,-3172,-112,5278,292115950,2115,292115980,2115,158,-219,154,89,2467,61,21,2471
36628999,11740,506807751,55914061,-1643,-3173,-112,5278,292115950,2115,292115990,2115,159,-218,177,60,2469,84,-8,2473
36638644,11740,506807743,55914039,-1643,-3174,-112,5278,292115950,2115,292116000,2115,159,-218,172,33,2492,79,-35,2495
36650014,11740,506807736,55914017,-1644,-3174,-112,5278,292115950,2115,292116010,2115,159,-218,166,81,2497,73,12,2501
36659078,11740,506807728,55913994,-1644,-3175,-112,5278,292116000,2115,292116020,2115,159,-217,165,64,2452,73,-4,2455
36668732,11740,506807721,55913972,-1644,-3175,-111,5278,292116000,2115,292116030,2115,160,-217,153,87,2471,61,18,2475
36678660,11741,506807714,55913949,-1645,-3176,-111,5278,292116000,2115,292116040,2115,160,-217,160,53,2492,68,-16,2495
36688677,11741,506807706,55913927,-1645,-3176,-111,5278,292116000,2115,292116050,2115,160,-217,177,55,2516,83,-14,2520
36698919,11741,506807699,55913905,-1645,-3177,-111,5278,292116000,2115,292116060,2115,159,-217,176,84,2495,83,15,2499
36708792,11741,506807691,55913882,-1645,-3178,-111,5278,292116050,2115,292116070,2115,159,-216,176,48,2479,84,-20,2483
36719366,11741,506807684,55913859,-1646,-3178,-111,5278,292116050,2115,292116080,2115,159,-217,154,81,2510,60,12,2513
36728670,11742,506807677,55913837,-1646,-3178,-111,5278,292116050,2115,292116090,2115,159,-217,143,83,2495,51,14,2498
36738903,11742,506807669,55913815,-1646,-3179,-111,5278,292116050,2115,292116100,2115,158,-217,157,96,2490,64,27,2494
36749106,11742,506807662,55913793,-1647,-3179,-111,5278,292116050,2115,292116110,2115,158,-217,171,79,2497,78,10,2501
36758807,11742,506807654,55913769,-1647,-3180,-111,5278,292116100,2115,292116120,2115,158,-217,185,51,2490,92,-17,2494
36768722,11742,506807647,55913747,-1647,-3180,-111,5278,292116100,2115,292116130,2115,158,-217,181,86,2507,87,17,2512
36779101,11742,506807640,55913725,-1648,-3181,-111,5278,292116100,2115,292116140,2115,159,-218,158,106,2486,65,37,2491
36788664,11742,506807632,55913702,-1648,-3181,-111,5278,292116100,2115,292116150,2115,159,-218,166,72,2475,74,4,2479
36800089,11742,506807625,55913680,-1648,-3181,-111,5278,292116100,2115,292116160,2115,159,-218,154,76,2505,60,7,2509
36808810,11742,506807617,55913657,-1649,-3182,-111,5278,292116150,2115,292116170,2115,159,-219,155,98,2506,60,29,2510
36818926,11743,506807610,55913635,-1649,-3182,-111,5278,292116150,2115,292116180,2115,159,-220,162,62,2493,68,-8,2496
36828669,11743,506807603,55913612,-1649,-3183,-111,5278,292116150,2115,292116190,2115,160,-220,168,76,2515,72,7,2519
36838658,11743,506807595,55913590,-1650,-3183,-112,5278,292116150,2115,292116200,2115,160,-221,170,67,2564,72,-5,2567
36848933,11743,506807588,55913568,-1650,-3184,-112,5278,292116150,2115,292116210,2115,160,-222,163,74,2540,66,3,2543
36858784,11743,506807580,55913545,-1650,-3184,-112,5278,292116200,2115,292116220,2115,160,-222,144,83,2510,49,13,2513
36868749,11743,506807573,55913522,-1650,-3184,-112,5278,292116200,2115,292116230,2115,160,-223,146,82,2500,51,12,2504
36878668,11743,506807565,55913500,-1651,-3184,-113,5278,292116200,2115,292116240,2115,161,-224,145,83,2525,48,12,2528
36888662,11743,506807558,55913478,-1651,-3185,-113,5278,292116200,2115,292116250,2115,161,-224,173,62,2515,76,-9,2519
36899986,11743,506807551,55913455,-1651,-3185,-113,5278,292116200,2115,292116260,2115,162,-225,164,68,2521,66,-3,2524
36908821,11743,506807543,55913432,-1652,-3185,-113,5278,292116250,2115,292116270,2115,162,-225,162,70,2547,63,-2,2551
36918724,11743,506807536,55913410,-1652,-3186,-114,5278,292116250,2115,292116280,2115,162,-225,148,105,2545,50,34,2549
36928649,11743,506807528,55913388,-1652,-3186,-114,5278,292116250,2115,292116290,2115,162,-225,134,73,2523,36,2,2526
36938648,11743,506807521,55913365,-1652,-3186,-114,5278,292116250,2115,292116300,2115,163,-225,154,80,2519,56,9,2522
36948889,11743,506807513,55913343,-1652,-3187,-114,5278,292116250,2115,292116310,2115,163,-225,132,8,2525,35,-64,2526
36958822,11744,506807506,55913320,-1653,-3187,-115,5278,292116300,2115,292116320,2115,163,-225,161,117,2501,64,46,2506
36968724,11744,506807498,55913297,-1653,-3187,-115,5278,292116300,2115,292116330,2115,163,-225,154,75,2502,58,3,2505
36979426,11744,506807491,55913275,-1653,-3188,-115,5278,292116300,2115,292116340,2115,164,-224,156,79,2515,59,7,2519
36988648,11744,506807484,55913253,-1653,-3188,-115,5278,292116300,2115,292116350,2115,164,-224,156,92,2530,58,20,2534
36998907,11744,506807476,55913230,-1654,-3188,-115,5279,292116300,2115,292116360,2115,164,-223,129,92,2512,33,20,2515
37008804,11744,506807469,55913207,-1653,-3189,-115,5279,292116350,2115,292116370,2115,164,-222,145,56,2513,49,-15,2515
37018696,11744,506807461,55913185,-1654,-3190,-115,5279,292116350,2115,292116380,2115,164,-221,147,97,2518,51,25,2522
37028636,11744,506807454,55913162,-1654,-3190,-115,5279,292116350,2115,292116390,2115,165,-220,172,74,2496,78,3,2500
37038635,11744,506807446,55913140,-1654,-3190,-115,5279,292116350,2115,292116400,2115,165,-219,149,61,2502,55,-11,2505
37048900,11745,506807439,55913118,-1654,-3191,-115,5279,292116350,2115,292116410,2115,165,-218,131,101,2462,39,30,2466
37059623,11745,506807432,55913094,-1655,-3191,-114,5279,292116400,2115,292116420,2115,165,-217,143,91,2448,52,20,2452
37068768,11745,506807424,55913072,-1655,-3191,-114,5279,292116400,2115,292116430,2115,166,-215,142,34,2450,51,-37,2452
37078670,11745,506807417,55913050,-1655,-3191,-114,5279,292116400,2115,292116440,2115,165,-214,129,67,2442,39,-4,2444
37088637,11745,506807409,55913027,-1656,-3191,-113,5279,292116400,2115,292116450,2115,165,-213,143,126,2452,53,55,2456
37098893,11746,506807402,55913005,-1656,-3192,-113,5279,292116400,2115,292116460,2115,165,-212,131,105,2453,42,35,2457
37109448,11746,506807394,55912982,-1657,-3192,-113,5279,292116450,2115,292116470,2115,166,-211,145,86,2436,57,16,2439
37118726,11746,506807387,55912959,-1657,-3192,-112,5279,292116450,2115,292116480,2115,165,-211,131,57,2445,42,-13,2447
37128637,11746,506807379,55912937,-1657,-3192,-112,5279,292116450,2115,292116490,2115,165,-210,138,105,2452,50,34,2456
37139422,11746,506807372,55912914,-1657,-3193,-111,5279,292116450,2115,292116500,2115,165,-209,142,72,2424,55,3,2427
37150065,11746,506807364,55912892,-1658,-3193,-111,5279,292116450,2115,292116510,2115,165,-209,165,102,2434,78,32,2439
37158804,11746,506807357,55912869,-1658,-3194,-110,5279,292116500,2115,292116520,2115,165,-208,114,58,2340,31,-10,2342
37168725,11746,506807350,55912846,-1658,-3194,-109,5279,292116500,2115,292116530,2115,165,-208,123,67,2452,36,-3,2454
37178651,11746,506807342,55912824,-1658,-3194,-109,5279,292116500,2115,292116540,2115,164,-207,118,107,2501,28,36,2503
37188630,11746,506807335,55912802,-1659,-3194,-109,5279,292116500,2115,292116550,2115,164,-207,163,92,2457,76,22,2461
37200052,11747,506807327,55912779,-1659,-3195,-109,5279,292116500,2115,292116560,2115,164,-207,178,51,2471,90,-19,2474
37208821,11747,506807320,55912756,-1659,-3195,-108,5279,292116550,2115,292116570,2115,164,-208,126,86,2452,38,16,2455
37218720,11747,506807312,55912733,-1659,-3196,-108,5279,292116550,2115,292116580,2115,164,-208,108,70,2409,22,1,2411
37228685,11747,506807305,55912711,-1660,-3196,-107,5279,292116550,2115,292116590,2115,164,-208,113,93,2413,27,25,2415
37238632,11747,506807297,55912689,-1660,-3196,-107,5279,292116550,2115,292116600,2115,163,-208,128,105,2464,40,35,2468
37248945,11747,506807290,55912666,-1660,-3196,-107,5279,292116550,2115,292116610,2115,163,-208,148,61,2509,58,-10,2511
37258803,11747,506807282,55912643,-1660,-3197,-106,5279,292116600,2115,292116620,2115,163,-209,134,116,2497,44,45,2501
37268806,11747,506807275,55912620,-1660,-3197,-106,5279,292116600,2115,292116630,2115,163,-209,125,49,2496,35,-22,2497
37278636,11747,506807267,55912598,-1660,-3197,-106,5279,292116600,2115,292116640,2115,163,-210,95,69,2504,4,-2,2505
37288691,11747,506807260,55912576,-1660,-3197,-106,5279,292116600,2115,292116650,2115,164,-210,109,86,2479,20,15,2481
37299814,11747,506807253,55912553,-1660,-3197,-106,5279,292116600,2115,292116660,2115,164,-211,105,42,2487,16,-29,2487
37308808,11747,506807245,55912530,-1661,-3197,-106,5279,292116650,2115,292116670,2115,163,-211,124,90,2451,35,20,2453
37318706,11747,506807238,55912507,-1661,-3198,-106,5279,292116650,2115,292116680,2115,163,-211,129,86,2478,39,16,2481
37328652,11747,506807230,55912485,-1661,-3198,-106,5279,292116650,2115,292116690,2115,163,-212,104,108,2542,12,35,2544
37338657,11747,506807223,55912462,-1661,-3198,-106,5279,292116650,2115,292116700,2115,164,-212,132,15,2553,40,-57,2554
37348920,11747,506807215,55912440,-1661,-3199,-107,5279,292116650,2115,292116710,2115,164,-212,129,21,2560,36,-52,2561
37358807,11747,506807208,55912417,-1661,-3198,-107,5279,292116700,2115,292116720,2115,164,-213,96,120,2528,3,48,2531
37368708,11747,506807200,55912394,-1661,-3198,-107,5279,292116700,2115,292116730,2115,164,-213,107,119,2524,15,46,2526
37378639,11747,506807193,55912372,-1661,-3198,-108,5279,292116700,2115,292116740,2115,164,-212,104,28,2505,13,-44,2505
37388653,11747,506807185,55912349,-1661,-3199,-108,5279,292116700,2115,292116750,2115,163,-212,142,42,2523,50,-30,2525
37398895,11747,506807178,55912327,-1661,-3199,-108,5279,292116700,2115,292116760,2115,163,-212,118,47,2517,26,-25,2518
37408830,11747,506807170,55912304,-1661,-3199,-108,5279,292116750,2115,292116770,2115,163,-212,130,94,2526,38,22,2529
37418708,11747,506807163,55912281,-1661,-3200,-108,5279,292116750,2115,292116780,2115,163,-212,106,81,2502,15,9,2504
37428664,11748,506807156,55912259,-1662,-3200,-108,5279,292116750,2115,292116790,2115,163,-211,105,80,2527,13,8,2529
37439468,11748,506807148,55912236,-1662,-3200,-108,5279,292116750,2115,292116800,2115,163,-211,108,75,2504,18,4,2506
37450053,11748,506807141,55912214,-1662,-3200,-108,5279,292116750,2115,292116810,2115,163,-210,111,57,2504,21,-14,2506
37459005,11748,506807133,55912190,-1662,-3200,-109,5279,292116800,2115,292116820,2115,162,-210,119,94,2528,28,22,2531
37468738,11748,506807126,55912168,-1662,-3200,-109,5279,292116800,2115,292116830,2115,162,-209,113,81,2545,22,9,2547
37478662,11748,506807118,55912146,-1662,-3200,-109,5279,292116800,2115,292116840,2115,162,-208,126,98,2525,36,27,2527
37488646,11748,506807111,55912123,-1663,-3200,-109,5279,292116800,2115,292116850,2115,162,-208,104,77,2502,15,6,2504
37499344,11748,506807103,55912101,-1663,-3200,-109,5279,292116800,2115,292116860,2115,162,-207,106,71,2486,18,1,2487
37508814,11749,506807096,55912077,-1663,-3201,-109,5279,292116850,2115,292116870,2115,163,-206,108,83,2467,21,13,2469
37518705,11749,506807088,55912055,-1663,-3201,-109,5279,292116850,2115,292116880,2115,163,-205,118,72,2462,32,2,2464
37528641,11749,506807081,55912032,-1663,-3201,-108,5279,292116850,2115,292116890,2115,163,-204,111,65,2456,25,-5,2457
37539124,11749,506807073,55912010,-1663,-3201,-108,5279,292116850,2115,292116900,2115,163,-203,106,59,2481,20,-12,2482
37548896,11749,506807066,55911987,-1663,-3201,-108,5279,292116850,2115,292116910,2115,163,-202,112,103,2456,27,33,2459
37558799,11749,506807058,55911964,-1664,-3201,-108,5279,292116900,2115,292116920,2115,163,-201,106,115,2460,21,45,2462
37568707,11750,506807051,55911942,-1664,-3201,-107,5279,292116900,2115,292116930,2115,163,-200,117,72,2440,33,3,2442
37578638,11750,506807043,55911919,-1664,-3201,-107,5279,292116900,2115,292116940,2115,163,-199,118,65,2469,33,-5,2471
37588651,11750,506807036,55911897,-1664,-3202,-106,5279,292116900,2115,292116950,2115,164,-199,108,69,2442,25,-1,2444
37599869,11750,506807028,55911874,-1664,-3202,-106,5279,292116900,2115,292116960,2115,164,-198,91,104,2436,9,34,2437
37608774,11750,506807021,55911851,-1664,-3202,-106,5279,292116950,2115,292116970,2115,164,-197,102,54,2452,19,-16,2453
37618728,11750,506807013,55911828,-1665,-3202,-105,5279,292116950,2115,292116980,2115,164,-196,100,87,2464,17,17,2465
37628663,11751,506807006,55911806,-1665,-3202,-105,5279,292116950,2115,292116990,2115,163,-195,107,68,2447,25,-2,2449
37638649,11751,506806999,55911783,-1665,-3202,-105,5279,292116950,2115,292117000,2115,163,-194,113,110,2440,31,41,2443
37648895,11751,506806991,55911761,-1665,-3202,-104,5279,292116950,2115,292117010,2115,163,-193,96,81,2425,16,12,2427
37658802,11751,506806983,55911738,-1665,-3202,-103,5279,292117000,2115,292117020,2115,163,-193,100,27,2430,20,-42,2430
37668741,11751,506806976,55911715,-1665,-3202,-103,5279,292117000,2115,292117030,2115,163,-192,101,81,2417,21,12,2419
37678715,11752,506806968,55911693,-1666,-3202,-102,5279,292117000,2115,292117040,2115,162,-191,109,137,2438,29,68,2442
37688625,11752,506806961,55911670,-1666,-3203,-102,5279,292117000,2115,292117050,2115,162,-191,116,82,2437,36,13,2439
37698901,11752,506806954,55911648,-1666,-3203,-101,5279,292117000,2115,292117060,2115,162,-190,95,89,2461,15,20,2462
37708833,11752,506806946,55911624,-1666,-3203,-101,5279,292117050,2115,292117070,2115,161,-190,93,68,2457,13,-1,2458
37718729,11752,506806938,55911602,-1667,-3203,-101,5279,292117050,2115,292117080,2115,161,-190,96,90,2450,16,21,2452
37728664,11752,506806931,55911580,-1667,-3203,-101,5279,292117050,2115,292117090,2115,161,-190,122,76,2468,42,6,2470
37738631,11753,506806923,55911557,-1667,-3203,-100,5279,292117050,2115,292117100,2115,160,-190,96,96,2439,17,28,2441
37748965,11753,506806916,55911535,-1667,-3203,-99,5279,292117050,2115,292117110,2115,160,-190,103,106,2422,24,39,2424
37758815,11753,506806908,55911511,-1667,-3203,-99,5279,292117100,2115,292117120,2115,160,-190,114,59,2435,35,-9,2436
37768729,11753,506806901,55911489,-1667,-3203,-99,5279,292117100,2115,292117130,2115,159,-191,103,46,2454,23,-23,2455
37778716,11753,506806893,55911466,-1668,-3203,-98,5279,292117100,2115,292117140,2115,159,-191,106,100,2475,25,31,2477
37788651,11753,506806886,55911444,-1668,-3203,-98,5279,292117100,2115,292117150,2115,159,-192,98,99,2442,18,31,2444
37798947,11753,506806878,55911421,-1668,-3203,-98,5279,292117100,2115,292117160,2115,158,-192,108,113,2484,26,44,2487
37808822,11753,506806871,55911398,-1668,-3204,-97,5279,292117150,2115,292117170,2115,158,-193,95,91,2462,13,23,2464
37818719,11753,506806863,55911376,-1668,-3204,-97,5279,292117150,2115,292117180,2115,157,-194,90,66,2492,8,-2,2493
37828654,11753,506806856,55911353,-1669,-3204,-97,5279,292117150,2115,292117190,2115,157,-195,109,90,2492,26,21,2494
37838659,11753,506806848,55911331,-1669,-3204,-97,5279,292117150,2115,292117200,2115,156,-196,98,93,2477,14,25,2479
37848889,11753,506806841,55911308,-1669,-3204,-97,5279,292117150,2115,292117210,2115,156,-196,99,77,2500,15,9,2501
37858790,11754,506806833,55911285,-1669,-3204,-97,5279,292117200,2115,292117220,2115,156,-197,94,76,2521,9,8,2522
37868711,11754,506806826,55911262,-1669,-3204,-97,5279,292117200,2115,292117230,2115,155,-198,86,81,2494,2,13,2495
37878651,11754,506806818,55911240,-1669,-3204,-98,5279,292117200,2115,292117240,2115,154,-199,98,74,2527,12,6,2528
37888634,11754,506806811,55911217,-1669,-3204,-98,5279,292117200,2115,292117250,2115,154,-199,91,69,2514,5,2,2514
37898889,11754,506806803,55911195,-1669,-3204,-98,5279,292117200,2115,292117260,2115,153,-200,87,96,2510,1,29,2511
37909657,11754,506806796,55911172,-1670,-3203,-98,5279,292117250,2115,292117270,2115,152,-200,91,104,2538,4,36,2540
37918705,11754,506806788,55911149,-1670,-3204,-98,5279,292117250,2115,292117280,2115,152,-201,107,77,2549,19,10,2550
37929207,11754,506806781,55911127,-1670,-3203,-99,5279,292117250,2115,292117290,2115,152,-201,76,81,2548,-12,13,2549
37938671,11754,506806773,55911104,-1670,-3203,-99,5279,292117250,2115,292117300,2115,152,-202,86,57,2557,-2,-11,2557
37948944,11754,506806766,55911082,-1670,-3203,-100,5279,292117250,2115,292117310,2115,151,-202,70,71,2549,-18,4,2549
37958785,11754,506806758,55911058,-1670,-3203,-100,5279,292117300,2115,292117320,2115,151,-202,72,91,2555,-17,23,2556
37968757,11754,506806751,55911036,-1670,-3203,-101,5279,292117300,2115,292117330,2115,151,-202,88,74,2551,-1,7,2551
37978646,11755,506806743,55911013,-1670,-3203,-101,5279,292117300,2115,292117340,2115,151,-202,84,56,2537,-4,-11,2537
37988846,11755,506806736,55910991,-1670,-3203,-101,5279,292117300,2115,292117350,2115,151,-202,85,68,2519,-3,1,2520
37998967,11755,506806728,55910969,-1670,-3203,-101,5279,292117300,2115,292117360,2115,151,-202,80,84,2523,-7,17,2524
38008783,11755,506806721,55910945,-1670,-3203,-101,5279,292117350,2115,292117370,2115,151,-201,71,50,2529,-16,-17,2528
38018715,11755,506806713,55910923,-1671,-3203,-102,5280,292117350,2115,292117380,2115,150,-201,80,99,2508,-6,33,2509
38028654,11755,506806706,55910900,-1670,-3203,-102,5280,292117350,2115,292117390,2115,150,-200,90,59,2559,2,-8,2559
38038645,11755,506806698,55910878,-1671,-3203,-102,5280,292117350,2115,292117400,2115,150,-200,98,83,2552,11,16,2553
38050016,11755,506806691,55910855,-1671,-3203,-103,5280,292117350,2115,292117410,2115,150,-199,75,67,2517,-11,2,2517
38058786,11756,506806683,55910832,-1671,-3202,-103,5280,292117400,2115,292117420,2115,149,-198,68,96,2514,-18,31,2515
38068724,11756,506806676,55910810,-1671,-3202,-103,5280,292117400,2115,292117430,2115,149,-198,72,46,2518,-14,-20,2518
38078671,11756,506806668,55910787,-1671,-3203,-103,5280,292117400,2115,292117440,2115,149,-197,102,83,2556,15,17,2557
38088628,11756,506806661,55910765,-1671,-3203,-103,5280,292117400,2115,292117450,2115,149,-196,94,60,2510,10,-5,2510
38099852,11756,506806653,55910742,-1671,-3203,-103,5280,292117400,2115,292117460,2115,149,-195,90,77,2506,6,12,2507
38108782,11756,506806646,55910719,-1671,-3202,-104,5280,292117450,2115,292117470,2115,150,-195,91,65,2521,7,-1,2522
38118744,11756,506806638,55910696,-1671,-3203,-103,5280,292117450,2115,292117480,2115,150,-194,87,50,2490,4,-15,2491
38128691,11756,506806631,55910674,-1671,-3202,-103,5280,292117450,2115,292117490,2115,150,-193,75,75,2418,-5,12,2418
38138838,11756,506806623,55910652,-1671,-3202,-103,5280,292117450,2115,292117500,2115,151,-192,71,93,2483,-11,28,2484
38148921,11757,506806615,55910629,-1671,-3202,-103,5280,292117450,2115,292117510,2115,151,-192,99,59,2498,18,-7,2499
38158818,11757,506806608,55910606,-1671,-3203,-102,5280,292117500,2115,292117520,2115,151,-191,80,78,2465,-1,13,2466
38169459,11757,506806600,55910583,-1671,-3203,-102,5280,292117500,2115,292117530,2115,152,-190,87,44,2475,7,-21,2475
38178637,11757,506806593,55910561,-1671,-3203,-102,5280,292117500,2115,292117540,2115,152,-190,84,67,2497,3,0,2498
38188650,11757,506806585,55910538,-1671,-3202,-102,5280,292117500,2115,292117550,2115,152,-189,67,95,2471,-13,30,2472
38198899,11757,506806578,55910516,-1671,-3202,-102,5280,292117500,2115,292117560,2115,152,-189,92,110,2491,12,44,2493
38208794,11757,506806570,55910493,-1671,-3202,-102,5280,292117550,2115,292117570,2115,152,-188,83,7,2476,3,-59,2474
38218727,11758,506806563,55910470,-1671,-3202,-102,5280,292117550,2115,292117580,2115,152,-188,85,75,2463,6,10,2464
38229067,11758,506806555,55910448,-1672,-3202,-101,5280,292117550,2115,292117590,2115,152,-188,78,81,2417,1,17,2418
38238638,11758,506806548,55910425,-1671,-3202,-100,5280,292117550,2115,292117600,2115,152,-187,94,47,2444,16,-18,2444
38248888,11758,506806540,55910403,-1672,-3202,-100,5280,292117550,2115,292117610,2115,152,-187,86,82,2457,8,17,2458
38258915,11758,506806533,55910379,-1672,-3203,-100,5280,292117600,2115,292117620,2115,152,-187,96,85,2468,17,19,2469
38268731,11758,506806525,55910357,-1672,-3203,-99,5280,292117600,2115,292117630,2115,152,-186,81,81,2457,3,16,2458
38279488,11758,506806518,55910335,-1672,-3203,-99,5280,292117600,2115,292117640,2115,152,-186,83,54,2453,5,-11,2453
38289176,11759,506806510,55910312,-1672,-3203,-99,5280,292117600,2115,292117650,2115,152,-186,88,85,2452,10,20,2454
38298903,11759,506806503,55910290,-1672,-3203,-99,5280,292117600,2115,292117660,2115,153,-186,61,36,2488,-18,-31,2487
38308797,11759,506806495,55910266,-1672,-3203,-98,5280,292117650,2115,292117670,2115,153,-186,87,105,2471,8,39,2473
38319146,11759,506806488,55910244,-1672,-3203,-98,5280,292117650,2115,292117680,2115,153,-186,83,76,2454,5,11,2454
38328646,11759,506806480,55910221,-1672,-3203,-98,5280,292117650,2115,292117690,2115,153,-186,72,70,2470,-6,4,2471
38338647,11759,506806472,55910199,-1672,-3203,-97,5280,292117650,2115,292117700,2115,153,-186,86,83,2470,7,17,2471
38349265,11759,506806465,55910176,-1672,-3203,-97,5280,292117650,2115,292117710,2115,153,-186,66,50,2453,-11,-15,2453
38358792,11759,506806457,55910153,-1672,-3203,-97,5280,292117700,2115,292117720,2115,152,-186,81,45,2464,3,-21,2464
38368748,11760,506806450,55910131,-1672,-3202,-97,5280,292117700,2115,292117730,2115,152,-186,78,100,2500,-1,33,2501
38378631,11760,506806442,55910108,-1673,-3202,-97,5280,292117700,2115,292117740,2115,151,-186,96,122,2494,16,56,2497
38388643,11760,506806435,55910086,-1673,-3202,-97,5280,292117700,2115,292117750,2115,151,-186,93,65,2475,15,0,2475
38398797,11760,506806427,55910063,-1673,-3202,-97,5280,292117700,2115,292117760,2115,151,-187,81,63,2500,2,-2,2500
38408797,11760,506806420,55910040,-1673,-3202,-96,5280,292117750,2115,292117770,2115,150,-187,75,74,2478,-4,9,2478
38418712,11760,506806412,55910017,-1673,-3202,-97,5280,292117750,2115,292117780,2115,150,-187,88,86,2502,8,21,2503
38428654,11760,506806405,55909995,-1673,-3202,-96,5280,292117750,2115,292117790,2115,149,-188,90,86,2465,11,22,2466
38439117,11760,506806397,55909972,-1673,-3202,-96,5280,292117750,2115,292117800,2115,149,-188,68,96,2490,-13,32,2490
38448791,11760,506806390,55909950,-1673,-3202,-96,5280,292117750,2115,292117810,2115,149,-189,67,79,2497,-13,14,2497
38458795,11760,506806382,55909927,-1673,-3202,-96,5280,292117800,2115,292117820,2115,149,-189,77,65,2502,-4,0,2502
38468709,11760,506806375,55909904,-1673,-3202,-96,5280,292117800,2115,292117830,2115,149,-190,92,72,2510,10,7,2511
38478638,11760,506806367,55909882,-1673,-3202,-96,5280,292117800,2115,292117840,2115,149,-190,93,56,2542,10,-10,2543
38488648,11760,506806360,55909859,-1673,-3202,-96,5280,292117800,2115,292117850,2115,148,-191,80,97,2505,-2,32,2506
38498835,11760,506806352,55909837,-1674,-3202,-96,5280,292117800,2115,292117860,2115,148,-191,82,87,2508,0,22,2509
38508809,11760,506806345,55909813,-1674,-3202,-96,5280,292117850,2115,292117870,2115,148,-191,75,78,2485,-6,14,2485
38518749,11760,506806337,55909791,-1673,-3202,-96,5280,292117850,2115,292117880,2115,147,-192,65,50,2482,-16,-14,2482
38529373,11760,506806330,55909769,-1673,-3202,-96,5280,292117850,2115,292117890,2115,147,-192,73,67,2519,-9,2,2519
38538637,11760,506806322,55909746,-1673,-3202,-97,5280,292117850,2115,292117900,2115,147,-192,91,70,2523,8,5,2523
38549781,11761,506806315,55909724,-1673,-3202,-97,5280,292117850,2115,292117910,2115,146,-193,94,73,2548,10,8,2548
38559469,11761,506806307,55909700,-1674,-3202,-97,5280,292117900,2115,292117920,2115,146,-193,80,79,2528,-4,15,2529
38568725,11761,506806299,55909678,-1674,-3202,-97,5280,292117900,2115,292117930,2115,145,-193,80,52,2509,-2,-11,2509
38578642,11761,506806292,55909655,-1674,-3202,-97,5280,292117900,2115,292117940,2115,145,-193,68,64,2475,-14,1,2475
38589135,11761,506806284,55909633,-1674,-3202,-97,5280,292117900,2115,292117950,2115,145,-193,78,58,2511,-5,-6,2511
38598919,11761,506806277,55909610,-1674,-3202,-97,5280,292117900,2115,292117960,2115,145,-192,79,66,2503,-3,2,2503
38608819,11761,506806269,55909587,-1674,-3202,-97,5280,292117950,2115,292117970,2115,144,-192,89,65,2510,6,2,2510
38618931,11761,506806262,55909565,-1674,-3202,-98,5280,292117950,2115,292117980,2115,144,-192,96,52,2540,13,-12,2541
38628647,11761,506806254,55909542,-1674,-3202,-98,5280,292117950,2115,292117990,2115,144,-191,76,86,2556,-7,21,2557
38639384,11761,506806247,55909520,-1674,-3202,-98,5280,292117950,2115,292118000,2115,144,-191,53,68,2508,-29,5,2508
38649967,11761,506806239,55909497,-1673,-3202,-98,5280,292117950,2115,292118010,2115,144,-190,73,37,2516,-8,-26,2516
38658777,11761,506806232,55909474,-1674,-3201,-98,5280,292118000,2115,292118020,2115,144,-189,78,54,2498,-2,-9,2498
38668798,11761,506806224,55909452,-1674,-3201,-98,5280,292118000,2115,292118030,2115,144,-188,76,93,2467,-4,31,2468
38678634,11761,506806216,55909430,-1674,-3201,-98,5280,292118000,2115,292118040,2115,144,-187,88,80,2489,8,17,2490
38688641,11761,506806209,55909407,-1674,-3201,-98,5280,292118000,2115,292118050,2115,144,-186,83,42,2488,4,-20,2487
38699317,11761,506806201,55909385,-1674,-3201,-98,5280,292118000,2115,292118060,2115,144,-185,100,72,2523,20,9,2524
38709631,11762,506806194,55909362,-1674,-3201,-98,5280,292118050,2115,292118070,2115,144,-184,79,76,2511,0,13,2511
38718724,11762,506806186,55909339,-1674,-3201,-98,5280,292118050,2115,292118080,2115,144,-183,92,68,2499,13,5,2499
38728669,11762,506806179,55909317,-1674,-3201,-98,5280,292118050,2115,292118090,2115,144,-182,73,45,2446,-3,-17,2445
38739238,11762,506806171,55909294,-1674,-3201,-97,5280,292118050,2115,292118100,2115,144,-181,84,103,2463,8,41,2465
38748933,11762,506806164,55909272,-1675,-3201,-97,5280,292118050,2115,292118110,2115,144,-180,80,86,2451,4,24,2452
38758813,11762,506806156,55909249,-1674,-3202,-97,5280,292118100,2115,292118120,2115,145,-179,97,36,2458,22,-26,2458
38769555,11762,506806149,55909226,-1674,-3202,-97,5280,292118100,2115,292118130,2115,145,-178,101,38,2486,26,-25,2486
38778665,11762,506806141,55909204,-1674,-3202,-96,5280,292118100,2115,292118140,2115,145,-178,95,74,2459,21,11,2460
38788646,11763,506806134,55909181,-1675,-3202,-96,5280,292118100,2115,292118150,2115,146,-177,78,97,2438,5,34,2439
38799700,11763,506806126,55909159,-1674,-3202,-95,5280,292118100,2115,292118160,2115,146,-176,76,40,2418,4,-21,2418
38808804,11763,506806118,55909135,-1674,-3202,-94,5280,292118150,2115,292118170,2115,147,-176,70,48,2420,-2,-14,2420
38818715,11763,506806111,55909113,-1675,-3202,-94,5280,292118150,2115,292118180,2115,147,-175,85,81,2425,12,18,2426
38828681,11763,506806103,55909090,-1675,-3202,-93,5280,292118150,2115,292118190,2115,147,-175,102,91,2424,30,29,2426
38838664,11763,506806096,55909068,-1675,-3202,-93,5280,292118150,2115,292118200,2115,148,-174,91,59,2425,19,-4,2425
38848879,11763,506806088,55909046,-1675,-3203,-92,5280,292118150,2115,292118210,2115,148,-174,97,76,2444,25,13,2446
38858810,11763,506806081,55909022,-1675,-3203,-92,5280,292118200,2115,292118220,2115,148,-173,76,66,2457,3,3,2457
38868740,11764,506806073,55909000,-1676,-3202,-92,5280,292118200,2115,292118230,2115,148,-173,65,93,2452,-8,29,2453
38878647,11764,506806066,55908977,-1676,-3202,-91,5280,292118200,2115,292118240,2115,148,-173,69,85,2415,-2,22,2416
38888640,11764,506806058,55908955,-1676,-3203,-91,5280,292118200,2115,292118250,2115,148,-172,108,68,2465,35,4,2466
38898856,11764,506806051,55908932,-1676,-3203,-90,5280,292118200,2115,292118260,2115,148,-172,76,60,2421,5,-2,2421
38908763,11764,506806043,55908909,-1676,-3202,-90,5280,292118250,2115,292118270,2115,148,-172,89,68,2435,17,5,2435
38918985,11764,506806035,55908887,-1676,-3202,-89,5280,292118250,2115,292118280,2115,149,-171,88,73,2446,16,9,2446
38928649,11764,506806028,55908864,-1676,-3203,-89,5280,292118250,2115,292118290,2115,149,-171,81,64,2446,10,0,2446
38938644,11765,506806020,55908842,-1677,-3203,-88,5280,292118250,2115,292118300,2115,149,-171,92,80,2434,21,17,2435
38949628,11765,506806013,55908819,-1677,-3203,-88,5280,292118250,2115,292118310,2115,148,-170,87,69,2449,16,5,2449
38958789,11765,506806005,55908796,-1677,-3203,-88,5280,292118300,2115,292118320,2115,148,-170,86,102,2463,14,38,2464
38968704,11765,506805997,55908774,-1677,-3203,-87,5280,292118300,2115,292118330,2115,148,-170,88,56,2481,16,-9,2482
38978632,11765,506805990,55908751,-1677,-3203,-87,5280,292118300,2115,292118340,2115,148,-170,72,110,2448,1,47,2449
38988638,11765,506805982,55908729,-1677,-3203,-87,5280,292118300,2115,292118350,2115,149,-170,75,40,2441,4,-23,2440
38998770,11765,506805975,55908707,-1677,-3203,-86,5280,292118300,2115,292118360,2115,149,-170,90,73,2440,19,10,2441
39008787,11765,506805967,55908683,-1678,-3203,-86,5280,292118350,2115,292118370,2115,149,-170,82,95,2445,12,31,2446
39018691,11765,506805959,55908661,-1678,-3203,-86,5280,292118350,2115,292118380,2115,149,-169,85,55,2463,14,-9,2463
39028623,11765,506805952,55908638,-1678,-3203,-85,5280,292118350,2115,292118390,2115,149,-169,86,75,2459,15,11,2460
39038645,11766,506805944,55908616,-1678,-3203,-85,5281,292118350,2115,292118400,2115,149,-169,79,70,2466,8,6,2467
39049909,11766,506805937,55908594,-1678,-3203,-85,5281,292118350,2115,292118410,2115,149,-169,77,73,2459,6,8,2459
39058765,11766,506805929,55908570,-1678,-3203,-84,5281,292118400,2115,292118420,2115,150,-169,85,55,2447,15,-9,2447
39068735,11766,506805922,55908548,-1678,-3203,-84,5281,292118400,2115,292118430,2115,150,-168,81,44,2461,10,-21,2461
39078662,11766,506805914,55908525,-1678,-3203,-84,5281,292118400,2115,292118440,2115,150,-168,83,81,2522,11,15,2522
39088663,11766,506805907,55908503,-1678,-3203,-84,5281,292118400,2115,292118450,2115,150,-168,103,83,2522,31,17,2523
39099219,11766,506805899,55908481,-1678,-3203,-84,5281,292118400,2115,292118460,2115,150,-168,79,50,2482,8,-15,2482
39108811,11766,506805892,55908457,-1678,-3204,-84,5281,292118450,2115,292118470,2115,150,-167,74,68,2484,3,3,2485
39118724,11766,506805884,55908435,-1678,-3204,-84,5281,292118450,2115,292118480,2115,149,-167,88,76,2491,16,11,2492
39128650,11766,506805876,55908412,-1678,-3204,-84,5281,292118450,2115,292118490,2115,149,-167,84,72,2514,12,7,2515
39138651,11766,506805869,55908390,-1678,-3204,-84,5281,292118450,2115,292118500,2115,149,-167,93,67,2493,23,2,2494
39150018,11766,506805861,55908367,-1678,-3204,-84,5281,292118450,2115,292118510,2115,149,-167,95,64,2488,24,-1,2488
39158837,11767,506805854,55908344,-1679,-3204,-83,5281,292118500,2115,292118520,2115,149,-166,79,98,2479,8,34,2480
39168724,11767,506805846,55908322,-1679,-3204,-83,5281,292118500,2115,292118530,2115,148,-166,81,88,2482,10,24,2483
39178646,11767,506805839,55908299,-1679,-3204,-83,5281,292118500,2115,292118540,2115,148,-166,106,48,2497,36,-17,2498
39188644,11767,506805831,55908277,-1679,-3204,-83,5281,292118500,2115,292118550,2115,148,-166,95,84,2508,24,19,2510
39198678,11767,506805824,55908254,-1679,-3204,-83,5281,292118500,2115,292118560,2115,147,-167,79,80,2509,8,15,2510
39208795,11767,506805816,55908231,-1680,-3204,-83,5281,292118550,2115,292118570,2115,147,-167,88,89,2486,17,25,2487
39218688,11767,506805809,55908208,-1680,-3205,-83,5281,292118550,2115,292118580,2115,147,-167,79,61,2472,8,-3,2473
39228639,11767,506805801,55908186,-1680,-3205,-83,5281,292118550,2115,292118590,2115,147,-167,97,71,2540,24,6,2541
39239312,11767,506805793,55908163,-1680,-3205,-84,5281,292118550,2115,292118600,2115,147,-168,90,68,2551,17,3,2552
39248845,11767,506805786,55908141,-1680,-3205,-84,5281,292118550,2115,292118610,2115,146,-168,100,94,2514,27,30,2516
39258777,11767,506805778,55908118,-1681,-3205,-84,5281,292118600,2115,292118620,2115,146,-169,88,83,2530,15,18,2531
39268652,11767,506805771,55908095,-1680,-3205,-84,5281,292118600,2115,292118630,2115,146,-169,79,50,2484,7,-14,2484
39279510,11767,506805763,55908073,-1681,-3205,-84,5281,292118600,2115,292118640,2115,146,-170,71,73,2479,-1,10,2479
39288635,11767,506805756,55908050,-1681,-3205,-84,5281,292118600,2115,292118650,2115,146,-170,84,86,2509,11,23,2510
39298900,11767,506805748,55908028,-1681,-3205,-85,5281,292118600,2115,292118660,2115,145,-171,107,79,2564,32,14,2565
39308776,11767,506805740,55908005,-1681,-3205,-85,5281,292118650,2115,292118670,2115,145,-172,108,56,2588,32,-9,2589
39318763,11767,506805733,55907982,-1681,-3205,-86,5281,292118650,2115,292118680,2115,144,-172,82,66,2552,7,1,2552
39328656,11767,506805725,55907960,-1681,-3205,-86,5281,292118650,2115,292118690,2115,144,-173,74,97,2517,-1,33,2518
39338628,11767,506805718,55907937,-1681,-3205,-86,5281,292118650,2115,292118700,2115,144,-174,71,60,2510,-3,-3,2510
39348763,11767,506805710,55907915,-1681,-3205,-86,5281,292118650,2115,292118710,2115,144,-174,87,65,2521,12,2,2521
39358819,11767,506805703,55907891,-1681,-3205,-86,5281,292118700,2115,292118720,2115,144,-175,77,46,2505,3,-17,2505
39368766,11767,506805695,55907869,-1682,-3205,-86,5281,292118700,2115,292118730,2115,144,-175,106,81,2525,30,17,2526
39378627,11767,506805687,55907847,-1682,-3206,-87,5281,292118700,2115,292118740,2115,144,-176,99,48,2543,23,-16,2543
39388635,11767,506805680,55907824,-1682,-3206,-87,5281,292118700,2115,292118750,2115,144,-176,78,69,2554,1,5,2554
39399573,11767,506805672,55907802,-1682,-3206,-87,5281,292118700,2115,292118760,2115,144,-176,74,53,2522,-2,-11,2522
39408772,11767,506805665,55907778,-1681,-3206,-87,5281,292118750,2115,292118770,2115,144,-176,77,69,2547,0,5,2548
39418648,11767,506805657,55907756,-1681,-3206,-88,5281,292118750,2115,292118780,2115,144,-176,82,65,2546,5,0,2546
39428635,11767,506805650,55907733,-1681,-3206,-88,5281,292118750,2115,292118790,2115,144,-176,75,47,2530,-1,-17,2530
39438636,11767,506805642,55907711,-1681,-3206,-88,5281,292118750,2115,292118800,2115,144,-176,71,66,2513,-5,2,2513
39448733,11767,506805635,55907688,-1681,-3206,-88,5281,292118750,2115,292118810,2115,144,-176,85,59,2544,9,-6,2544
39458772,11767,506805627,55907665,-1681,-3206,-89,5281,292118800,2115,292118820,2115,144,-175,87,36,2576,10,-29,2575
39468761,11767,506805620,55907642,-1681,-3206,-90,5281,292118800,2115,292118830,2115,144,-175,88,69,2572,12,4,2573
39478649,11768,506805612,55907620,-1681,-3206,-90,5281,292118800,2115,292118840,2115,144,-174,83,52,2541,8,-12,2541
39488629,11768,506805604,55907597,-1681,-3206,-90,5281,292118800,2115,292118850,2115,144,-174,83,84,2482,9,21,2483
39498752,11768,506805597,55907575,-1681,-3206,-89,5281,292118800,2115,292118860,2115,144,-173,80,69,2453,8,7,2453
39508797,11768,506805589,55907551,-1681,-3206,-89,5281,292118850,2115,292118870,2115,144,-172,83,36,2440,12,-25,2440
39518710,11768,506805582,55907529,-1681,-3207,-89,5281,292118850,2115,292118880,2115,144,-171,100,35,2493,28,-28,2493
39528640,11768,506805574,55907506,-1681,-3207,-89,5281,292118850,2115,292118890,2115,144,-170,108,67,2500,35,5,2501
39538634,11768,506805567,55907484,-1682,-3207,-89,5281,292118850,2115,292118900,2115,144,-169,94,95,2493,22,32,2495
39548655,11768,506805559,55907461,-1681,-3207,-89,5281,292118850,2115,292118910,2115,144,-169,72,51,2490,0,-12,2489
39558835,11768,506805552,55907438,-1681,-3207,-88,5281,292118900,2115,292118920,2115,145,-168,73,36,2440,3,-26,2439
39568714,11768,506805544,55907416,-1681,-3207,-88,5281,292118900,2115,292118930,2115,145,-167,69,16,2450,0,-46,2449
39578635,11767,506805537,55907393,-1681,-3207,-87,5281,292118900,2115,292118940,2115,145,-166,86,74,2439,18,12,2440
39588629,11767,506805529,55907371,-1681,-3208,-87,5281,292118900,2115,292118950,2115,146,-165,91,24,2446,22,-38,2446
39598671,11767,506805521,55907348,-1681,-3208,-87,5281,292118900,2115,292118960,2115,146,-164,95,57,2494,26,-6,2494
39608782,11767,506805514,55907325,-1681,-3208,-87,5281,292118950,2115,292118970,2115,146,-164,99,66,2469,31,3,2470
39618653,11767,506805507,55907302,-1681,-3208,-86,5281,292118950,2115,292118980,2115,146,-163,83,56,2437,16,-7,2437
39628652,11767,506805499,55907280,-1681,-3209,-85,5281,292118950,2115,292118990,2115,146,-162,75,35,2417,9,-26,2416
39638633,11767,506805491,55907257,-1680,-3209,-85,5281,292118950,2115,292119000,2115,146,-161,78,44,2414,12,-18,2414
39649232,11767,506805484,55907235,-1681,-3209,-84,5281,292118950,2115,292119010,2115,146,-161,89,99,2428,22,37,2429
39658779,11766,506805477,55907211,-1681,-3209,-84,5281,292119000,2115,292119020,2115,146,-160,90,23,2425,24,-38,2425
39668718,11766,506805469,55907189,-1681,-3209,-83,5281,292119000,2115,292119030,2115,146,-159,109,38,2475,42,-24,2475
39678651,11766,506805461,55907166,-1681,-3209,-83,5281,292119000,2115,292119040,2115,145,-159,83,71,2455,16,9,2456
39688654,11766,506805454,55907144,-1681,-3210,-83,5281,292119000,2115,292119050,2115,145,-158,81,53,2442,15,-9,2442
39698694,11766,506805446,55907121,-1681,-3210,-82,5281,292119000,2115,292119060,2115,145,-158,74,48,2450,8,-14,2450
39708789,11765,506805439,55907098,-1681,-3210,-82,5281,292119050,2115,292119070,2115,146,-158,80,27,2434,15,-35,2434
39718721,11765,506805431,55907075,-1681,-3210,-81,5281,292119050,2115,292119080,2115,146,-158,93,62,2431,28,0,2431
39728633,11765,506805424,55907052,-1681,-3210,-81,5281,292119050,2115,292119090,2115,146,-158,79,51,2417,15,-11,2417
39738632,11765,506805416,55907030,-1681,-3210,-80,5281,292119050,2115,292119100,2115,146,-158,94,80,2468,27,17,2469
39748672,11764,506805409,55907007,-1681,-3211,-80,5281,292119050,2115,292119110,2115,147,-158,93,4,2482,27,-60,2481
39758813,11764,506805401,55906984,-1681,-3211,-80,5281,292119100,2115,292119120,2115,147,-158,99,60,2490,32,-4,2490
39768713,11764,506805394,55906961,-1680,-3211,-80,5281,292119100,2115,292119130,2115,148,-158,87,12,2460,21,-52,2459
39778657,11764,506805386,55906939,-1681,-3211,-79,5281,292119100,2115,292119140,2115,148,-159,64,75,2461,-2,11,2462
39788647,11763,506805379,55906916,-1680,-3211,-79,5281,292119100,2115,292119150,2115,148,-159,70,46,2412,5,-16,2412
39798684,11763,506805371,55906894,-1680,-3212,-78,5281,292119100,2115,292119160,2115,148,-159,86,47,2425,20,-16,2425
39808770,11763,506805364,55906870,-1680,-3212,-78,5281,292119150,2115,292119170,2115,149,-159,96,22,2430,31,-41,2430
39818698,11763,506805356,55906848,-1680,-3212,-77,5281,292119150,2115,292119180,2115,149,-160,95,45,2478,27,-19,2478
39828649,11763,506805349,55906825,-1680,-3212,-78,5281,292119150,2115,292119190,2115,149,-160,93,44,2508,25,-21,2508
39838657,11763,506805341,55906803,-1680,-3212,-77,5281,292119150,2115,292119200,2115,149,-161,82,69,2476,14,4,2477
39849211,11762,506805333,55906780,-1680,-3213,-77,5281,292119150,2115,292119210,2115,150,-161,65,28,2477,-3,-36,2476
39858813,11762,506805326,55906757,-1680,-3213,-77,5281,292119200,2115,292119220,2115,150,-161,66,38,2486,-2,-27,2485
39868658,11762,506805319,55906734,-1680,-3213,-77,5281,292119200,2115,292119230,2115,150,-161,76,68,2491,8,2,2491
39878720,11762,506805311,55906712,-1680,-3213,-77,5281,292119200,2115,292119240,2115,150,-162,76,72,2505,7,7,2505
39888626,11762,506805303,55906689,-1680,-3213,-77,5281,292119200,2115,292119250,2115,150,-162,81,53,2521,11,-13,2521
39900072,11761,506805296,55906667,-1679,-3213,-77,5281,292119200,2115,292119260,2115,150,-162,67,17,2554,-3,-50,2553
39908787,11761,506805288,55906643,-1679,-3213,-78,5281,292119250,2115,292119270,2115,151,-162,54,50,2500,-15,-16,2499
39919490,11761,506805281,55906620,-1679,-3213,-78,5281,292119250,2115,292119280,2115,151,-162,49,56,2505,-20,-11,2505
39928627,11761,506805273,55906598,-1679,-3213,-78,5281,292119250,2115,292119290,2115,151,-162,73,50,2530,3,-16,2529
39938617,11761,506805266,55906575,-1679,-3213,-78,5281,292119250,2115,292119300,2115,151,-162,63,66,2498,-6,0,2498
39949153,11760,506805258,55906553,-1679,-3213,-78,5281,292119250,2115,292119310,2115,151,-162,103,53,2519,33,-14,2520
39958778,11760,506805251,55906529,-1679,-3213,-78,5281,292119300,2115,292119320,2115,152,-162,64,20,2480,-5,-45,2478
39968730,11760,506805243,55906507,-1679,-3213,-78,5281,292119300,2115,292119330,2115,152,-162,79,56,2505,10,-11,2505
39978648,11760,506805236,55906484,-1679,-3214,-78,5281,292119300,2115,292119340,2115,152,-162,72,56,2498,3,-11,2497
39988647,11760,506805228,55906462,-1679,-3213,-78,5281,292119300,2115,292119350,2115,152,-162,67,103,2508,-2,36,2509
39998880,11760,506805221,55906439,-1679,-3213,-78,5281,292119300,2115,292119360,2115,153,-162,81,57,2546,11,-11,2547
40008785,11759,506805213,55906415,-1678,-3214,-78,5281,292119350,2115,292119370,2115,153,-162,67,19,2549,-3,-49,2547
40018706,11759,506805206,55906393,-1678,-3214,-79,5281,292119350,2115,292119380,2115,153,-162,71,31,2552,1,-37,2551
40028633,11759,506805198,55906370,-1678,-3214,-79,5281,292119350,2115,292119390,2115,154,-162,71,59,2520,2,-9,2520
40039017,11759,506805191,55906348,-1678,-3214,-79,5281,292119350,2115,292119400,2115,154,-162,80,66,2551,10,-3,2551
40048883,11759,506805183,55906325,-1678,-3214,-80,5281,292119350,2115,292119410,2115,153,-162,70,60,2534,0,-8,2534
40058785,11759,506805176,55906302,-1678,-3214,-80,5281,292119400,2115,292119420,2115,153,-162,64,77,2504,-5,10,2504
40068749,11759,506805168,55906279,-1678,-3214,-80,5282,292119400,2115,292119430,2115,153,-162,63,33,2505,-6,-34,2504
40078677,11759,506805161,55906257,-1678,-3214,-80,5282,292119400,2115,292119440,2115,153,-161,41,40,2509,-28,-27,2507
40088636,11759,506805153,55906234,-1678,-3214,-80,5282,292119400,2115,292119450,2115,153,-161,52,74,2538,-18,6,2537
40098886,11759,506805146,55906211,-1678,-3214,-81,5282,292119400,2115,292119460,2115,153,-161,65,79,2564,-5,10,2564
40108827,11759,506805138,55906188,-1677,-3214,-81,5282,292119450,2115,292119470,2115,154,-161,61,98,2534,-9,30,2535
40118651,11759,506805131,55906165,-1677,-3214,-81,5282,292119450,2115,292119480,2115,154,-161,41,32,2527,-29,-36,2525
40129126,11759,506805123,55906143,-1677,-3214,-81,5282,292119450,2115,292119490,2115,154,-162,25,38,2526,-45,-30,2524
40138612,11759,506805116,55906120,-1676,-3213,-81,5282,292119450,2115,292119500,2115,154,-162,37,59,2489,-31,-8,2488
40148890,11759,506805108,55906097,-1676,-3213,-81,5282,292119450,2115,292119510,2115,154,-162,39,75,2504,-30,7,2503
40159235,11759,506805101,55906074,-1676,-3213,-81,5282,292119500,2115,292119520,2115,154,-162,55,83,2531,-15,14,2531
40168708,11759,506805093,55906051,-1676,-3213,-82,5282,292119500,2115,292119530,2115,154,-162,50,65,2545,-20,-3,2544
40178629,11759,506805086,55906029,-1676,-3213,-82,5282,292119500,2115,292119540,2115,154,-162,55,77,2535,-15,8,2535
40188725,11759,506805078,55906006,-1676,-3213,-82,5282,292119500,2115,292119550,2115,153,-162,66,62,2554,-4,-7,2554
40199404,11759,506805071,55905983,-1676,-3213,-83,5282,292119500,2115,292119560,2115,153,-162,43,79,2546,-27,10,2546
40208788,11759,506805063,55905960,-1676,-3212,-83,5282,292119550,2115,292119570,2115,152,-162,49,81,2508,-20,14,2508
40218975,11759,506805056,55905938,-1676,-3212,-83,5282,292119550,2115,292119580,2115,152,-162,70,93,2502,1,27,2503
40228645,11759,506805048,55905915,-1676,-3212,-83,5282,292119550,2115,292119590,2115,151,-162,52,77,2518,-18,10,2518
40238646,11759,506805041,55905893,-1677,-3212,-83,5282,292119550,2115,292119600,2115,150,-162,58,93,2541,-12,26,2542
40250178,11759,506805033,55905870,-1676,-3212,-84,5282,292119550,2115,292119610,2115,150,-162,55,55,2555,-16,-11,2554
40258779,11759,506805026,55905847,-1677,-3212,-84,5282,292119600,2115,292119620,2115,149,-162,61,81,2540,-9,14,2541
40268730,11759,506805018,55905824,-1677,-3211,-84,5282,292119600,2115,292119630,2115,149,-162,36,87,2527,-33,21,2527
40278650,11759,506805011,55905802,-1677,-3211,-84,5282,292119600,2115,292119640,2115,148,-162,46,99,2541,-24,33,2541
40288617,11759,506805003,55905779,-1677,-3211,-84,5282,292119600,2115,292119650,2115,147,-162,51,87,2464,-17,23,2464
40298896,11759,506804996,55905756,-1677,-3211,-84,5282,292119600,2115,292119660,2115,147,-162,39,71,2540,-31,6,2539
40308779,11760,506804988,55905733,-1677,-3210,-85,5282,292119650,2115,292119670,2115,147,-163,75,102,2548,4,37,2549
40318720,11760,506804981,55905711,-1677,-3211,-85,5282,292119650,2115,292119680,2115,147,-163,81,57,2489,12,-6,2489
40328633,11760,506804973,55905688,-1677,-3210,-84,5282,292119650,2115,292119690,2115,146,-163,55,66,2444,-13,3,2443
40339185,11760,506804965,55905665,-1677,-3210,-84,5282,292119650,2115,292119700,2115,146,-163,19,93,2455,-49,30,2454
40348771,11760,506804958,55905643,-1677,-3209,-84,5282,292119650,2115,292119710,2115,145,-164,16,135,2511,-54,71,2511
40358791,11760,506804950,55905620,-1677,-3209,-85,5282,292119700,2115,292119720,2115,144,-164,62,84,2563,-9,20,2563
40369136,11761,506804943,55905597,-1678,-3209,-85,5282,292119700,2115,292119730,2115,143,-164,74,71,2501,4,9,2501
40378633,11761,506804935,55905575,-1678,-3209,-85,5282,292119700,2115,292119740,2115,143,-164,79,72,2506,8,9,2507
40388668,11761,506804928,55905552,-1678,-3209,-85,5282,292119700,2115,292119750,2115,142,-165,51,65,2517,-20,2,2517
40399468,11762,506804920,55905530,-1678,-3209,-85,5282,292119700,2115,292119760,2115,142,-165,47,103,2494,-24,41,2494
40408763,11762,506804913,55905506,-1678,-3208,-84,5282,292119750,2115,292119770,2115,142,-165,48,81,2473,-22,19,2473
40418693,11762,506804905,55905484,-1678,-3208,-84,5282,292119750,2115,292119780,2115,142,-165,41,71,2500,-29,9,2499
40429060,11762,506804898,55905461,-1678,-3208,-85,5282,292119750,2115,292119790,2115,142,-165,69,79,2518,-1,17,2518
40438737,11762,506804890,55905439,-1678,-3208,-84,5282,292119750,2115,292119800,2115,141,-165,38,94,2449,-31,34,2448
40448874,11763,506804883,55905416,-1678,-3208,-85,5282,292119750,2115,292119810,2115,141,-164,72,72,2548,1,9,2548
40458882,11763,506804875,55905393,-1678,-3208,-85,5282,292119800,2115,292119820,2115,141,-164,35,60,2570,-37,-4,2568
40468735,11763,506804868,55905370,-1678,-3207,-85,5282,292119800,2115,292119830,2115,141,-164,52,102,2559,-20,39,2559
40478631,11763,506804860,55905348,-1678,-3207,-86,5282,292119800,2115,292119840,2115,141,-164,56,52,2507,-14,-10,2506
40489140,11764,506804852,55905325,-1678,-3207,-85,5282,292119800,2115,292119850,2115,141,-163,36,48,2448,-32,-12,2446
40498686,11764,506804845,55905303,-1678,-3207,-85,5282,292119800,2115,292119860,2115,141,-163,42,64,2437,-26,3,2436
40508774,11764,506804837,55905279,-1678,-3207,-85,5282,292119850,2115,292119870,2115,140,-162,59,74,2502,-11,13,2502
40519333,11765,506804830,55905257,-1678,-3207,-85,5282,292119850,2115,292119880,2115,140,-162,78,95,2490,9,34,2491
40528626,11765,506804822,55905234,-1678,-3207,-85,5282,292119850,2115,292119890,2115,140,-162,77,77,2533,7,15,2533
40538656,11765,506804815,55905212,-1678,-3206,-85,5282,292119850,2115,292119900,2115,140,-162,48,84,2473,-20,23,2473
40549237,11765,506804807,55905189,-1678,-3206,-84,5282,292119850,2115,292119910,2115,139,-161,33,75,2447,-34,15,2446
40558820,11766,506804800,55905166,-1678,-3206,-84,5282,292119900,2115,292119920,2115,139,-161,61,74,2421,-5,15,2421
40568717,11766,506804792,55905144,-1679,-3206,-83,5282,292119900,2115,292119930,2115,139,-160,73,78,2452,6,18,2453
40578661,11766,506804784,55905121,-1679,-3206,-83,5282,292119900,2115,292119940,2115,139,-160,61,69,2477,-7,9,2477
40588655,11766,506804777,55905099,-1678,-3206,-83,5282,292119900,2115,292119950,2115,139,-160,63,48,2437,-3,-12,2436
40598686,11766,506804769,55905076,-1678,-3206,-82,5282,292119900,2115,292119960,2115,139,-159,49,68,2461,-18,8,2461
40609514,11767,506804762,55905053,-1679,-3205,-82,5282,292119950,2115,292119970,2115,139,-159,44,102,2467,-23,41,2467
40618691,11767,506804754,55905030,-1679,-3205,-82,5282,292119950,2115,292119980,2115,139,-159,66,63,2491,-1,2,2490
40628644,11767,506804747,55905008,-1679,-3205,-82,5282,292119950,2115,292119990,2115,139,-159,55,81,2499,-13,20,2499
40638628,11767,506804739,55904985,-1679,-3205,-82,5282,292119950,2115,292120000,2115,139,-159,59,71,2483,-8,10,2483
40648747,11768,506804732,55904963,-1679,-3205,-82,5282,292119950,2115,292120010,2115,139,-159,43,68,2489,-24,7,2488
40658784,11768,506804724,55904939,-1679,-3205,-81,5282,292120000,2115,292120020,2115,139,-159,59,93,2457,-8,33,2458
40668732,11768,506804716,55904917,-1679,-3205,-81,5282,292120000,2115,292120030,2115,139,-159,62,94,2477,-5,34,2477
40678646,11768,506804709,55904894,-1679,-3204,-81,5282,292120000,2115,292120040,2115,139,-159,35,59,2534,-34,-3,2533
40688626,11768,506804701,55904872,-1679,-3204,-82,5282,292120000,2115,292120050,2115,140,-159,38,33,2553,-31,-30,2551
40698633,11768,506804694,55904849,-1679,-3204,-82,5282,292120000,2115,292120060,2115,140,-160,79,58,2541,10,-4,2541
40708782,11768,506804686,55904826,-1679,-3205,-82,5282,292120050,2115,292120070,2115,139,-161,64,64,2520,-5,3,2520
40718716,11768,506804679,55904804,-1679,-3204,-82,5282,292120050,2115,292120080,2115,139,-162,64,92,2480,-4,32,2480
40728629,11768,506804671,55904781,-1679,-3204,-81,5282,292120050,2115,292120090,2115,139,-163,17,89,2413,-49,30,2412
40738644,11769,506804664,55904759,-1679,-3204,-81,5282,292120050,2115,292120100,2115,139,-164,41,86,2488,-28,25,2488
40749103,11769,506804656,55904736,-1679,-3204,-82,5282,292120050,2115,292120110,2115,139,-165,56,28,2564,-16,-34,2563
40759097,11769,506804649,55904713,-1679,-3204,-82,5282,292120100,2115,292120120,2115,139,-166,105,56,2597,31,-8,2598
40768707,11769,506804641,55904690,-1679,-3204,-83,5282,292120100,2115,292120130,2115,140,-168,90,33,2540,18,-29,2540
40778626,11769,506804633,55904668,-1679,-3204,-83,5282,292120100,2115,292120140,2115,140,-169,54,93,2484,-18,32,2485
40788661,11769,506804626,55904645,-1679,-3203,-82,5282,292120100,2115,292120150,2115,139,-171,47,116,2468,-25,56,2469
40798675,11769,506804618,55904623,-1679,-3203,-82,5282,292120100,2115,292120160,2115,139,-172,28,66,2486,-45,5,2485
40808775,11769,506804611,55904599,-1679,-3203,-83,5282,292120150,2115,292120170,2115,139,-173,33,43,2548,-42,-20,2546
40818704,11769,506804603,55904577,-1679,-3203,-83,5282,292120150,2115,292120180,2115,140,-175,75,51,2557,-1,-11,2556
40828655,11769,506804596,55904554,-1679,-3203,-84,5282,292120150,2115,292120190,2115,140,-176,82,57,2589,4,-6,2589
40838640,11769,506804588,55904532,-1679,-3203,-85,5282,292120150,2115,292120200,2115,140,-177,46,58,2585,-32,-5,2584
40848712,11769,506804581,55904510,-1678,-3202,-85,5282,292120150,2115,292120210,2115,140,-178,29,72,2595,-50,9,2593
40858782,11769,506804573,55904486,-1678,-3202,-86,5282,292120200,2115,292120220,2115,139,-178,30,97,2654,-51,32,2653
40868736,11769,506804565,55904464,-1678,-3201,-88,5282,292120200,2115,292120230,2115,139,-179,4,71,2658,-77,7,2656
40878621,11769,506804558,55904441,-1678,-3201,-88,5282,292120200,2115,292120240,2115,138,-179,24,57,2603,-55,-6,2601
40888625,11770,506804550,55904419,-1678,-3201,-89,5282,292120200,2115,292120250,2115,138,-179,71,68,2594,-8,5,2594
40898810,11770,506804543,55904396,-1678,-3201,-90,5282,292120200,2115,292120260,2115,139,-178,61,99,2575,-17,36,2575
40908787,11770,506804535,55904373,-1678,-3200,-91,5282,292120250,2115,292120270,2115,139,-177,62,67,2606,-17,4,2606
40918720,11770,506804528,55904350,-1678,-3200,-91,5282,292120250,2115,292120280,2115,139,-176,9,46,2614,-70,-18,2612
40929307,11770,506804520,55904328,-1677,-3200,-92,5282,292120250,2115,292120290,2115,139,-175,22,43,2595,-55,-20,2593
40938639,11770,506804513,55904306,-1677,-3199,-92,5282,292120250,2115,292120300,2115,139,-173,37,49,2515,-37,-13,2513
40948689,11770,506804505,55904283,-1677,-3199,-92,5282,292120250,2115,292120310,2115,139,-171,67,56,2480,-6,-4,2480
40958774,11770,506804498,55904260,-1677,-3200,-92,5282,292120300,2115,292120320,2115,138,-169,86,41,2469,15,-18,2469
40968690,11770,506804490,55904237,-1677,-3199,-92,5282,292120300,2115,292120330,2115,138,-167,61,107,2480,-10,47,2480
40978667,11771,506804482,55904215,-1678,-3199,-92,5282,292120300,2115,292120340,2115,138,-165,81,85,2506,10,25,2507
40988642,11771,506804475,55904192,-1677,-3199,-91,5282,292120300,2115,292120350,2115,138,-163,35,6,2410,-32,-52,2408
40998783,11771,506804467,55904170,-1677,-3199,-91,5282,292120300,2115,292120360,2115,137,-160,25,78,2455,-42,19,2454
41008788,11771,506804460,55904146,-1677,-3199,-90,5282,292120350,2115,292120370,2115,137,-158,58,84,2431,-7,26,2431
41018691,11771,506804452,55904124,-1678,-3199,-90,5282,292120350,2115,292120380,2115,137,-156,124,76,2426,59,19,2428
41028669,11771,506804445,55904102,-1678,-3199,-89,5282,292120350,2115,292120390,2115,137,-154,106,111,2440,41,53,2442
41038646,11771,506804437,55904079,-1678,-3199,-88,5282,292120350,2115,292120400,2115,138,-152,32,97,2393,-30,39,2392
41048683,11771,506804430,55904057,-1678,-3199,-87,5282,292120350,2115,292120410,2115,138,-150,48,55,2371,-12,-2,2370
41058779,11771,506804422,55904033,-1678,-3199,-86,5282,292120400,2115,292120420,2115,139,-148,34,9,2354,-24,-48,2352
41068756,11771,506804415,55904011,-1678,-3199,-85,5282,292120400,2115,292120430,2115,139,-146,96,62,2376,37,5,2377
41078643,11771,506804407,55903988,-1678,-3199,-84,5282,292120400,2115,292120440,2115,139,-144,108,79,2314,51,23,2315
41088640,11771,506804399,55903966,-1679,-3200,-82,5283,292120400,2115,292120450,2115,140,-142,111,33,2294,56,-23,2294
41098811,11771,506804392,55903944,-1679,-3199,-80,5283,292120400,2115,292120460,2115,140,-141,37,106,2278,-18,50,2278
41108776,11771,506804384,55903920,-1679,-3199,-79,5283,292120450,2115,292120470,2115,141,-140,43,25,2392,-14,-34,2391
41118690,11771,506804377,55903898,-1679,-3199,-78,5283,292120450,2115,292120480,2115,141,-139,40,66,2307,-14,9,2307
41128626,11771,506804369,55903875,-1679,-3200,-77,5283,292120450,2115,292120490,2115,141,-138,93,40,2376,38,-18,2376
41138617,11771,506804362,55903853,-1679,-3200,-75,5283,292120450,2115,292120500,2115,140,-137,99,87,2305,45,30,2307
41149322,11771,506804354,55903830,-1679,-3200,-74,5283,292120450,2115,292120510,2115,140,-137,90,63,2344,36,5,2344
41158824,11772,506804347,55903807,-1679,-3200,-73,5283,292120500,2115,292120520,2115,140,-137,29,33,2374,-26,-25,2372
41168695,11772,506804339,55903784,-1679,-3200,-73,5283,292120500,2115,292120530,2115,139,-137,68,30,2426,12,-29,2425
41179251,11772,506804331,55903762,-1679,-3200,-72,5283,292120500,2115,292120540,2115,139,-137,69,99,2437,12,40,2438
41188644,11772,506804324,55903739,-1679,-3200,-71,5283,292120500,2115,292120550,2115,138,-137,84,64,2392,28,6,2393
41198820,11772,506804316,55903717,-1679,-3200,-70,5283,292120500,2115,292120560,2115,138,-138,68,52,2323,14,-4,2323
41209604,11772,506804309,55903694,-1679,-3201,-69,5283,292120550,2115,292120570,2115,137,-138,82,33,2384,26,-24,2384
41219592,11772,506804301,55903671,-1679,-3201,-68,5283,292120550,2115,292120580,2115,136,-139,66,72,2435,8,14,2435
41228622,11772,506804294,55903649,-1680,-3201,-68,5283,292120550,2115,292120590,2115,135,-140,89,144,2432,30,87,2434
41238621,11772,506804286,55903626,-1680,-3201,-67,5283,292120550,2115,292120600,2115,134,-142,70,83,2434,11,26,2435
41248805,11772,506804279,55903604,-1680,-3201,-66,5283,292120550,2115,292120610,2115,133,-143,82,80,2396,23,24,2396
41258808,11772,506804271,55903580,-1681,-3201,-66,5283,292120600,2115,292120620,2115,132,-144,88,81,2412,28,26,2413
41268709,11772,506804263,55903558,-1681,-3201,-65,5283,292120600,2115,292120630,2115,130,-146,63,47,2420,3,-9,2420
41278664,11773,506804256,55903535,-1681,-3201,-66,5283,292120600,2115,292120640,2115,129,-148,79,89,2569,14,31,2570
41288632,11773,506804248,55903513,-1681,-3201,-66,5283,292120600,2115,292120650,2115,128,-150,76,126,2532,12,69,2533
41298821,11773,506804241,55903490,-1682,-3201,-66,5283,292120600,2115,292120660,2115,127,-151,69,78,2462,6,23,2462
41308782,11773,506804233,55903467,-1682,-3200,-66,5283,292120650,2115,292120670,2115,126,-153,58,54,2527,-8,-2,2526
41318725,11773,506804226,55903444,-1682,-3200,-66,5283,292120650,2115,292120680,2115,125,-155,78,63,2493,12,8,2493
41328630,11773,506804218,55903422,-1682,-3201,-66,5283,292120650,2115,292120690,2115,124,-156,92,98,2536,24,43,2537
41338624,11773,506804210,55903400,-1682,-3201,-67,5283,292120650,2115,292120700,2115,123,-158,91,81,2547,22,26,2548
41348895,11772,506804203,55903377,-1682,-3201,-67,5283,292120650,2115,292120710,2115,122,-159,57,43,2561,-13,-12,2560
41359525,11772,506804195,55903354,-1682,-3200,-67,5283,292120700,2115,292120720,2115,121,-160,60,93,2542,-10,39,2542
41368706,11772,506804188,55903331,-1683,-3200,-68,5283,292120700,2115,292120730,2115,120,-161,65,120,2554,-5,66,2555
41378627,11772,506804180,55903309,-1683,-3200,-68,5283,292120700,2115,292120740,2115,119,-162,96,81,2595,24,26,2596
41388624,11772,506804173,55903286,-1683,-3200,-69,5283,292120700,2115,292120750,2115,118,-163,80,5,2618,8,-50,2617
41398900,11772,506804165,55903264,-1683,-3200,-70,5283,292120700,2115,292120760,2115,117,-164,83,70,2604,10,16,2605
41408794,11772,506804157,55903240,-1683,-3200,-71,5283,292120750,2115,292120770,2115,117,-164,60,86,2580,-12,33,2580
41418722,11772,506804150,55903218,-1683,-3200,-71,5283,292120750,2115,292120780,2115,116,-164,79,74,2586,7,21,2587
41428645,11772,506804142,55903196,-1683,-3200,-72,5283,292120750,2115,292120790,2115,115,-165,77,5,2595,4,-48,2593
41438638,11772,506804135,55903173,-1683,-3200,-73,5283,292120750,2115,292120800,2115,115,-165,85,42,2602,12,-11,2602
41448846,11772,506804127,55903151,-1683,-3200,-74,5283,292120750,2115,292120810,2115,114,-165,89,71,2606,15,19,2606
41458753,11772,506804120,55903127,-1683,-3200,-75,5283,292120800,2115,292120820,2115,114,-164,72,47,2604,-1,-5,2603
41468728,11772,506804112,55903105,-1683,-3200,-75,5283,292120800,2115,292120830,2115,114,-164,67,48,2595,-6,-3,2594
41478655,11773,506804104,55903082,-1683,-3200,-76,5283,292120800,2115,292120840,2115,113,-163,72,27,2584,0,-25,2583
41488633,11773,506804097,55903060,-1683,-3201,-77,5283,292120800,2115,292120850,2115,113,-163,100,46,2557,29,-4,2557
41500006,11773,506804089,55903037,-1683,-3201,-77,5283,292120800,2115,292120860,2115,112,-162,103,76,2587,32,26,2588
41508782,11773,506804082,55903014,-1683,-3201,-78,5283,292120850,2115,292120870,2115,112,-162,109,21,2596,38,-29,2596
41518730,11773,506804074,55902991,-1683,-3201,-78,5283,292120850,2115,292120880,2115,112,-161,85,22,2553,15,-28,2552
41528665,11774,506804067,55902969,-1683,-3201,-79,5283,292120850,2115,292120890,2115,112,-160,76,73,2539,6,24,2539
41539532,11774,506804059,55902947,-1684,-3201,-79,5283,292120850,2115,292120900,2115,112,-159,85,75,2541,16,26,2542
41549774,11774,506804051,55902924,-1684,-3202,-79,5283,292120850,2115,292120910,2115,112,-159,97,37,2559,28,-13,2559
41558760,11774,506804044,55902901,-1684,-3202,-80,5283,292120900,2115,292120920,2115,113,-158,115,33,2537,47,-17,2538
41568691,11775,506804036,55902878,-1684,-3202,-80,5283,292120900,2115,292120930,2115,113,-157,102,18,2526,35,-32,2526
41578634,11775,506804029,55902856,-1684,-3202,-80,5283,292120900,2115,292120940,2115,114,-157,91,87,2530,23,37,2531
41588650,11775,506804021,55902833,-1684,-3203,-80,5283,292120900,2115,292120950,2115,114,-156,89,37,2526,22,-13,2526
41598869,11775,506804014,55902811,-1684,-3203,-81,5283,292120900,2115,292120960,2115,115,-155,96,68,2534,29,17,2535
41608778,11776,506804006,55902787,-1684,-3203,-81,5283,292120950,2115,292120970,2115,115,-155,84,32,2507,18,-19,2507
41618693,11776,506803999,55902765,-1684,-3203,-81,5283,292120950,2115,292120980,2115,116,-154,90,38,2557,23,-14,2557
41628636,11776,506803991,55902742,-1684,-3203,-81,5283,292120950,2115,292120990,2115,117,-154,101,67,2480,37,17,2481
41638655,11776,506803983,55902720,-1685,-3203,-81,5283,292120950,2115,292121000,2115,118,-153,88,80,2461,24,29,2462
41649025,11777,506803976,55902697,-1685,-3204,-81,5283,292120950,2115,292121010,2115,119,-153,86,56,2493,22,4,2493
41658792,11777,506803968,55902674,-1685,-3204,-81,5283,292121000,2115,292121020,2115,119,-152,102,43,2513,37,-9,2513
41668756,11777,506803961,55902651,-1685,-3204,-81,5283,292121000,2115,292121030,2115,120,-151,114,51,2464,51,0,2465
41678666,11777,506803953,55902629,-1685,-3204,-80,5283,292121000,2115,292121040,2115,122,-151,95,62,2435,32,10,2435
41688619,11778,506803946,55902606,-1686,-3205,-80,5283,292121000,2115,292121050,2115,123,-150,89,66,2433,27,14,2433
41698787,11778,506803938,55902584,-1686,-3205,-79,5283,292121000,2115,292121060,2115,124,-150,102,52,2450,39,0,2450
41708798,11778,506803930,55902560,-1686,-3205,-79,5283,292121050,2115,292121070,2115,125,-149,101,59,2448,39,5,2449
41718720,11778,506803923,55902538,-1686,-3205,-78,5283,292121050,2115,292121080,2115,126,-149,114,47,2457,52,-7,2458
41728628,11779,506803915,55902515,-1686,-3206,-78,5283,292121050,2115,292121090,2115,127,-148,101,68,2460,39,14,2460
41738668,11779,506803908,55902493,-1686,-3206,-78,5283,292121050,2115,292121100,2115,128,-148,108,66,2447,47,11,2448
41748884,11779,506803900,55902470,-1686,-3206,-77,5283,292121050,2115,292121110,2115,129,-147,102,31,2431,42,-23,2431
41759553,11779,506803893,55902447,-1687,-3207,-77,5283,292121100,2115,292121120,2115,130,-147,96,58,2444,36,3,2444
41768680,11780,506803885,55902424,-1687,-3207,-76,5283,292121100,2115,292121130,2115,130,-146,103,80,2445,42,24,2446
41778621,11780,506803877,55902402,-1687,-3207,-76,5283,292121100,2115,292121140,2115,131,-146,116,90,2437,55,34,2439
41788626,11780,506803870,55902379,-1687,-3207,-75,5283,292121100,2115,292121150,2115,132,-146,114,50,2416,54,-6,2417
41798903,11781,506803862,55902357,-1688,-3208,-75,5283,292121100,2115,292121160,2115,133,-145,116,69,2438,56,13,2439
41808770,11781,506803855,55902333,-1688,-3208,-74,5283,292121150,2115,292121170,2115,134,-145,103,76,2409,43,20,2411
41818858,11781,506803847,55902311,-1688,-3208,-73,5283,292121150,2115,292121180,2115,135,-145,102,94,2413,43,37,2414
41828641,11781,506803840,55902288,-1689,-3209,-72,5283,292121150,2115,292121190,2115,136,-144,119,60,2403,60,3,2404
41838615,11782,506803832,55902266,-1689,-3209,-72,5283,292121150,2115,292121200,2115,137,-144,120,97,2421,61,39,2423
41849024,11782,506803824,55902243,-1689,-3209,-71,5283,292121150,2115,292121210,2115,138,-144,117,47,2424,57,-12,2425
41858765,11782,506803817,55902219,-1690,-3210,-70,5283,292121200,2115,292121220,2115,139,-144,120,63,2394,61,5,2395
41868710,11783,506803809,55902197,-1690,-3210,-70,5283,292121200,2115,292121230,2115,140,-144,112,79,2416,53,20,2417
41878635,11783,506803802,55902174,-1691,-3210,-69,5283,292121200,2115,292121240,2115,140,-144,124,106,2451,64,46,2454
41888654,11783,506803794,55902152,-1691,-3211,-69,5283,292121200,2115,292121250,2115,141,-144,128,79,2426,69,19,2428
41900008,11784,506803786,55902129,-1691,-3211,-68,5283,292121200,2115,292121260,2115,142,-143,126,67,2423,66,8,2425
41909252,11784,506803779,55902106,-1692,-3211,-68,5283,292121250,2115,292121270,2115,142,-143,126,87,2431,66,27,2433
41918697,11784,506803771,55902083,-1692,-3212,-67,5283,292121250,2115,292121280,2115,143,-143,120,119,2416,61,59,2418
41928641,11784,506803764,55902061,-1693,-3212,-67,5283,292121250,2115,292121290,2115,144,-143,127,79,2442,68,18,2444
41938718,11785,506803756,55902038,-1693,-3212,-66,5283,292121250,2115,292121300,2115,144,-143,126,70,2428,67,9,2430
41949135,11785,506803748,55902016,-1694,-3213,-66,5283,292121250,2115,292121310,2115,145,-143,124,110,2457,64,48,2460
41958787,11785,506803741,55901992,-1694,-3213,-66,5283,292121300,2115,292121320,2115,145,-143,126,84,2457,66,21,2458
41969102,11785,506803733,55901970,-1694,-3213,-65,5283,292121300,2115,292121330,2115,145,-143,124,95,2460,64,33,2462
41978608,11786,506803726,55901947,-1695,-3214,-65,5283,292121300,2115,292121340,2115,146,-143,117,70,2473,57,7,2474
41988625,11786,506803718,55901925,-1695,-3214,-65,5283,292121300,2115,292121350,2115,146,-143,120,111,2460,60,49,2462
41998848,11786,506803710,55901902,-1696,-3214,-64,5283,292121300,2115,292121360,2115,146,-142,128,105,2449,69,42,2451
42008765,11786,506803703,55901878,-1696,-3215,-64,5283,292121350,2115,292121370,2115,146,-142,119,68,2425,61,6,2426
42018718,11786,506803695,55901856,-1696,-3215,-63,5283,292121350,2115,292121380,2115,146,-142,118,58,2476,58,-5,2477
42028884,11786,506803687,55901833,-1697,-3215,-63,5283,292121350,2115,292121390,2115,147,-142,124,161,2485,64,97,2488
42038659,11787,506803680,55901811,-1698,-3216,-63,5283,292121350,2115,292121400,2115,147,-142,145,61,2497,85,-3,2498
42048900,11787,506803672,55901788,-1698,-3216,-63,5283,292121350,2115,292121410,2115,147,-142,131,50,2474,71,-13,2475
42058788,11787,506803665,55901765,-1698,-3217,-63,5283,292121400,2115,292121420,2115,148,-141,115,88,2492,55,24,2494
42068695,11787,506803657,55901742,-1698,-3217,-63,5283,292121400,2115,292121430,2115,148,-141,114,123,2447,55,59,2450
42078611,11787,506803649,55901719,-1699,-3217,-62,5283,292121400,2115,292121440,2115,148,-141,131,69,2463,72,5,2464
42088613,11787,506803642,55901697,-1699,-3218,-62,5283,292121400,2115,292121450,2115,148,-141,141,26,2450,83,-37,2451
42098889,11788,506803634,55901674,-1699,-3218,-62,5283,292121400,2115,292121460,2115,148,-140,132,95,2491,72,30,2494
42109246,11788,506803626,55901651,-1700,-3219,-62,5283,292121450,2115,292121470,2115,148,-140,119,103,2470,60,39,2473
42118706,11788,506803619,55901628,-1701,-3219,-61,5284,292121450,2115,292121480,2115,148,-140,142,90,2457,84,27,2460
42128634,11788,506803611,55901606,-1701,-3220,-61,5284,292121450,2115,292121490,2115,147,-139,122,46,2460,64,-17,2461
42138623,11788,506803603,55901583,-1701,-3220,-61,5284,292121450,2115,292121500,2115,147,-139,126,79,2496,67,15,2497
42149866,11788,506803596,55901560,-1701,-3220,-61,5284,292121450,2115,292121510,2115,147,-139,126,99,2480,67,35,2483
42158792,11788,506803588,55901537,-1702,-3221,-61,5284,292121500,2115,292121520,2115,146,-138,134,87,2482,76,24,2485
42168709,11789,506803581,55901514,-1702,-3221,-61,5284,292121500,2115,292121530,2115,146,-138,129,73,2479,71,10,2481
42179413,11789,506803573,55901492,-1703,-3222,-61,5284,292121500,2115,292121540,2115,145,-137,136,112,2516,78,48,2518
42188682,11789,506803565,55901469,-1703,-3222,-61,5284,292121500,2115,292121550,2115,145,-137,126,65,2498,68,2,2499
42199992,11789,506803558,55901446,-1704,-3223,-61,5284,292121500,2115,292121560,2115,145,-136,126,75,2507,68,12,2508
42209084,11789,506803550,55901423,-1704,-3223,-61,5284,292121550,2115,292121570,2115,144,-136,123,76,2502,65,13,2503
42218728,11789,506803542,55901400,-1705,-3223,-61,5284,292121550,2115,292121580,2115,144,-135,139,80,2505,81,18,2507
42228626,11789,506803535,55901378,-1705,-3224,-61,5284,292121550,2115,292121590,2115,144,-135,145,75,2459,88,13,2461
42239003,11790,506803527,55901355,-1705,-3224,-60,5284,292121550,2115,292121600,2115,143,-135,137,92,2461,81,31,2463
42249255,11790,506803519,55901332,-1706,-3225,-60,5284,292121550,2115,292121610,2115,143,-134,149,49,2516,92,-14,2517
42258785,11790,506803512,55901309,-1706,-3225,-61,5284,292121600,2115,292121620,2115,143,-134,123,79,2498,66,17,2499
42269156,11790,506803504,55901286,-1706,-3226,-60,5284,292121600,2115,292121630,2115,143,-134,124,86,2481,68,24,2482
42278638,11790,506803496,55901263,-1707,-3226,-60,5284,292121600,2115,292121640,2115,142,-133,133,94,2473,77,33,2475
42288616,11790,506803489,55901241,-1707,-3227,-60,5284,292121600,2115,292121650,2115,142,-133,148,53,2502,91,-8,2503
42299064,11790,506803481,55901218,-1707,-3227,-60,5284,292121600,2115,292121660,2115,141,-133,150,67,2488,94,5,2490
42308784,11790,506803473,55901195,-1708,-3228,-60,5284,292121650,2115,292121670,2115,141,-133,126,94,2526,69,32,2528
42318728,11791,506803466,55901172,-1708,-3228,-61,5284,292121650,2115,292121680,2115,141,-134,142,91,2514,85,29,2516
42328688,11791,506803458,55901149,-1709,-3229,-61,5284,292121650,2115,292121690,2115,140,-134,128,42,2503,71,-20,2504
42339369,11791,506803450,55901127,-1709,-3229,-61,5284,292121650,2115,292121700,2115,140,-134,159,95,2485,102,35,2488
42349845,11791,506803442,55901104,-1710,-3230,-60,5284,292121650,2115,292121710,2115,139,-135,124,66,2485,67,6,2486
42359423,11791,506803435,55901080,-1710,-3231,-60,5284,292121700,2115,292121720,2115,139,-135,154,86,2509,97,26,2512
42368691,11791,506803427,55901058,-1710,-3231,-61,5284,292121700,2115,292121730,2115,138,-136,134,54,2528,76,-7,2529
42378638,11791,506803419,55901035,-1711,-3232,-61,5284,292121700,2115,292121740,2115,138,-136,136,83,2499,78,23,2501
42389015,11792,506803412,55901012,-1711,-3232,-61,5284,292121700,2115,292121750,2115,137,-137,129,88,2521,71,28,2522
42399930,11792,506803404,55900990,-1712,-3233,-61,5284,292121700,2115,292121760,2115,137,-138,147,62,2531,87,2,2533
42408779,11792,506803396,55900966,-1712,-3233,-61,5284,292121750,2115,292121770,2115,137,-138,134,77,2514,75,18,2516
42419026,11792,506803389,55900943,-1712,-3233,-61,5284,292121750,2115,292121780,2115,136,-139,136,70,2546,76,10,2547
42428796,11792,506803381,55900921,-1713,-3234,-62,5284,292121750,2115,292121790,2115,136,-140,130,72,2540,70,12,2542
42439145,11792,506803373,55900898,-1713,-3234,-62,5284,292121750,2115,292121800,2115,136,-141,120,65,2557,59,5,2558
42449229,11792,506803366,55900875,-1713,-3235,-63,5284,292121750,2115,292121810,2115,136,-141,144,50,2561,83,-11,2563
42458803,11792,506803358,55900851,-1713,-3235,-63,5284,292121800,2115,292121820,2115,136,-142,131,71,2527,70,11,2529
42468714,11792,506803350,55900829,-1714,-3236,-63,5284,292121800,2115,292121830,2115,136,-143,127,66,2556,65,6,2558
42478882,11792,506803342,55900806,-1714,-3236,-64,5284,292121800,2115,292121840,2115,136,-144,124,54,2586,61,-7,2587
42488611,11792,506803335,55900783,-1714,-3237,-64,5284,292121800,2115,292121850,2115,136,-144,152,51,2559,89,-9,2560
42498874,11792,506803327,55900761,-1714,-3237,-65,5284,292121800,2115,292121860,2115,136,-145,147,74,2569,84,14,2571
42508783,11792,506803319,55900737,-1715,-3238,-66,5284,292121850,2115,292121870,2115,135,-146,126,51,2555,63,-9,2556
42518702,11792,506803312,55900714,-1715,-3238,-66,5284,292121850,2115,292121880,2115,135,-146,130,64,2537,67,4,2539
42528625,11792,506803304,55900692,-1715,-3239,-67,5284,292121850,2115,292121890,2115,134,-147,141,58,2585,76,-3,2586
42539492,11792,506803296,55900669,-1716,-3239,-67,5284,292121850,2115,292121900,2115,134,-148,133,50,2577,68,-10,2578
42548872,11792,506803289,55900646,-1716,-3240,-68,5284,292121850,2115,292121910,2115,133,-148,139,47,2554,75,-12,2556
42558782,11792,506803281,55900623,-1716,-3240,-68,5284,292121900,2115,292121920,2115,132,-149,127,62,2526,63,3,2528
42569314,11792,506803273,55900600,-1717,-3241,-68,5284,292121900,2115,292121930,2115,132,-149,142,90,2549,77,32,2552
42578621,11792,506803265,55900577,-1717,-3241,-69,5284,292121900,2115,292121940,2115,131,-150,140,47,2545,75,-11,2546
42588637,11791,506803258,55900554,-1717,-3242,-69,5284,292121900,2115,292121950,2115,131,-150,138,47,2523,74,-10,2525
42599650,11791,506803250,55900532,-1717,-3242,-69,5284,292121900,2115,292121960,2115,131,-150,141,87,2533,76,30,2535
42608793,11791,506803242,55900508,-1718,-3243,-70,5284,292121950,2115,292121970,2115,130,-150,133,36,2541,68,-22,2542
42618706,11791,506803234,55900485,-1718,-3243,-70,5284,292121950,2115,292121980,2115,130,-151,127,56,2539,62,-1,2540
42628973,11791,506803227,55900462,-1718,-3243,-70,5284,292121950,2115,292121990,2115,130,-151,136,60,2564,71,1,2565
42638633,11791,506803219,55900440,-1718,-3244,-71,5284,292121950,2115,292122000,2115,130,-150,133,41,2558,67,-17,2559
42648858,11790,506803211,55900417,-1718,-3244,-71,5284,292121950,2115,292122010,2115,130,-150,133,53,2556,68,-5,2557
42659121,11790,506803204,55900393,-1718,-3245,-72,5284,292122000,2115,292122020,2115,131,-150,134,32,2531,69,-26,2532
42669405,11790,506803196,55900370,-1718,-3246,-72,5284,292122000,2115,292122030,2115,131,-150,122,14,2515,58,-43,2515
42678672,11790,506803188,55900348,-1719,-3246,-72,5284,292122000,2115,292122040,2115,131,-149,128,43,2530,64,-15,2531
42688800,11790,506803180,55900325,-1719,-3247,-72,5284,292122000,2115,292122050,2115,131,-148,139,49,2528,75,-9,2529
42698898,11790,506803173,55900302,-1719,-3247,-72,5284,292122000,2115,292122060,2115,130,-148,151,64,2522,88,7,2524
42709399,11790,506803165,55900278,-1719,-3248,-72,5284,292122050,2115,292122070,2115,131,-147,132,10,2497,70,-46,2498
42719636,11790,506803157,55900256,-1719,-3248,-72,5284,292122050,2115,292122080,2115,131,-146,119,37,2479,57,-19,2480
42728875,11790,506803149,55900233,-1719,-3249,-72,5284,292122050,2115,292122090,2115,131,-146,121,68,2485,59,12,2486
42738739,11789,506803142,55900210,-1720,-3249,-72,5284,292122050,2115,292122100,2115,131,-145,133,37,2478,72,-20,2479
42750030,11789,506803134,55900187,-1720,-3250,-72,5284,292122050,2115,292122110,2115,131,-144,156,27,2488,95,-30,2489
42758775,11789,506803126,55900163,-1720,-3251,-71,5284,292122100,2115,292122120,2115,132,-143,132,56,2465,72,0,2467
42769050,11789,506803118,55900141,-1720,-3251,-71,5284,292122100,2115,292122130,2115,132,-143,137,21,2475,78,-36,2476
42778618,11789,506803111,55900118,-1720,-3252,-71,5284,292122100,2115,292122140,2115,132,-142,128,36,2444,69,-20,2445
42788642,11789,506803103,55900095,-1720,-3252,-70,5284,292122100,2115,292122150,2115,133,-142,130,25,2454,71,-32,2455
42798906,11789,506803095,55900072,-1720,-3253,-70,5284,292122100,2115,292122160,2115,133,-141,146,44,2461,87,-13,2463
42809679,11789,506803087,55900048,-1721,-3254,-70,5284,292122150,2115,292122170,2115,133,-141,143,57,2457,85,0,2458
42818689,11789,506803080,55900026,-1721,-3254,-69,5284,292122150,2115,292122180,2115,133,-140,148,42,2457,89,-15,2459
42829295,11789,506803072,55900003,-1721,-3255,-69,5284,292122150,2115,292122190,2115,134,-140,150,19,2454,92,-38,2454
42838946,11789,506803064,55899980,-1721,-3256,-69,5284,292122150,2115,292122200,2115,134,-140,145,56,2479,86,-1,2481
42848863,11789,506803057,55899957,-1722,-3256,-69,5284,292122150,2115,292122210,2115,134,-140,138,36,2450,80,-21,2451
42858798,11789,506803049,55899933,-1722,-3257,-68,5284,292122200,2115,292122220,2115,134,-140,138,95,2441,80,38,2443
42868723,11789,506803041,55899910,-1722,-3257,-68,5284,292122200,2115,292122230,2115,134,-140,129,43,2464,70,-15,2465
42878666,11789,506803033,55899888,-1722,-3258,-68,5284,292122200,2115,292122240,2115,134,-141,132,10,2462,73,-48,2462
42888633,11788,506803026,55899865,-1723,-3259,-67,5284,292122200,2115,292122250,2115,135,-141,151,66,2458,92,9,2460
42899410,11788,506803018,55899842,-1723,-3259,-67,5284,292122200,2115,292122260,2115,135,-141,141,65,2455,82,7,2457
42909657,11788,506803010,55899818,-1723,-3260,-67,5284,292122250,2115,292122270,2115,135,-141,142,27,2482,83,-32,2483
42918703,11788,506803002,55899795,-1723,-3260,-67,5284,292122250,2115,292122280,2115,135,-142,128,73,2453,69,15,2455
42928969,11788,506802995,55899772,-1724,-3261,-66,5284,292122250,2115,292122290,2115,136,-142,147,73,2478,88,14,2480
42939068,11788,506802987,55899749,-1724,-3261,-66,5284,292122250,2115,292122300,2115,136,-142,148,42,2451,89,-16,2452
42948910,11788,506802979,55899727,-1724,-3262,-66,5284,292122250,2115,292122310,2115,137,-142,124,34,2467,65,-25,2467
42959014,11788,506802971,55899703,-1724,-3262,-66,5284,292122300,2115,292122320,2115,138,-142,129,40,2494,69,-20,2495
42968686,11788,506802963,55899680,-1725,-3263,-66,5284,292122300,2115,292122330,2115,138,-142,134,72,2493,73,12,2494
42978614,11788,506802956,55899657,-1725,-3264,-66,5284,292122300,2115,292122340,2115,138,-142,154,42,2527,93,-19,2528
42988606,11788,506802948,55899634,-1725,-3264,-66,5284,292122300,2115,292122350,2115,139,-142,138,39,2505,78,-22,2506
42999117,11788,506802940,55899611,-1726,-3265,-66,5284,292122300,2115,292122360,2115,139,-142,130,75,2512,69,14,2514
43008786,11787,506802932,55899587,-1725,-3265,-66,5284,292122350,2115,292122370,2115,140,-142,139,18,2499,78,-42,2500
43019257,11787,506802925,55899564,-1726,-3266,-66,5284,292122350,2115,292122380,2115,140,-142,136,53,2511,75,-8,2512
43028658,11787,506802917,55899541,-1726,-3266,-66,5284,292122350,2115,292122390,2115,140,-142,146,47,2470,86,-13,2471
43039201,11787,506802909,55899519,-1726,-3267,-66,5284,292122350,2115,292122400,2115,140,-142,133,22,2491,74,-38,2491
43048852,11787,506802901,55899496,-1727,-3268,-65,5284,292122350,2115,292122410,2115,140,-142,151,109,2463,92,49,2466
43058784,11787,506802894,55899472,-1726,-3268,-65,5284,292122400,2115,292122420,2115,140,-141,134,18,2486,74,-42,2486
43069001,11787,506802886,55899449,-1727,-3269,-65,5284,292122400,2115,292122430,2115,140,-141,149,78,2471,90,18,2473
43078638,11787,506802878,55899426,-1727,-3270,-65,5284,292122400,2115,292122440,2115,140,-141,133,40,2471,74,-21,2472
43088655,11787,506802870,55899403,-1727,-3270,-65,5284,292122400,2115,292122450,2115,140,-140,142,53,2509,82,-9,2511
43098901,11787,506802863,55899380,-1727,-3271,-65,5284,292122400,2115,292122460,2115,140,-140,154,54,2446,96,-6,2447
43108768,11786,506802855,55899356,-1728,-3271,-65,5284,292122450,2115,292122470,2115,140,-140,143,80,2486,83,20,2489
43118697,11786,506802847,55899333,-1728,-3272,-64,5284,292122450,2115,292122480,2115,139,-140,142,-1,2460,84,-60,2461
43128613,11786,506802839,55899310,-1728,-3272,-64,5284,292122450,2115,292122490,2115,139,-140,129,79,2493,70,19,2495
43138625,11786,506802831,55899287,-1729,-3273,-64,5285,292122450,2115,292122500,2115,139,-139,150,55,2457,92,-5,2459
43149913,11786,506802824,55899264,-1729,-3274,-64,5285,292122450,2115,292122510,2115,139,-139,165,21,2479,107,-39,2480
43158781,11786,506802816,55899240,-1729,-3275,-63,5285,292122500,2115,292122520,2115,139,-139,142,105,2485,84,45,2487
43168706,11786,506802808,55899217,-1730,-3275,-63,5285,292122500,2115,292122530,2115,139,-138,144,58,2507,85,-2,2509
43178609,11786,506802800,55899194,-1730,-3276,-63,5285,292122500,2115,292122540,2115,139,-138,146,90,2480,87,30,2482
43188628,11786,506802793,55899171,-1730,-3276,-63,5285,292122500,2115,292122550,2115,139,-138,136,15,2449,79,-44,2449
43199397,11786,506802785,55899148,-1731,-3277,-63,5285,292122500,2115,292122560,2115,139,-137,148,53,2475,91,-7,2476
43208789,11786,506802777,55899124,-1731,-3278,-63,5285,292122550,2115,292122570,2115,139,-137,142,35,2496,84,-26,2497
43218698,11786,506802769,55899101,-1731,-3278,-63,5285,292122550,2115,292122580,2115,139,-137,152,71,2502,94,11,2504
43229045,11785,506802761,55899078,-1731,-3279,-63,5285,292122550,2115,292122590,2115,139,-136,132,48,2485,74,-12,2486
43239373,11785,506802754,55899055,-1732,-3279,-63,5285,292122550,2115,292122600,2115,139,-136,157,53,2527,99,-8,2529
43248910,11785,506802746,55899032,-1732,-3280,-63,5285,292122550,2115,292122610,2115,139,-136,141,42,2446,85,-17,2447
43258928,11785,506802738,55899008,-1732,-3281,-62,5285,292122600,2115,292122620,2115,139,-135,136,47,2451,80,-12,2452
43268695,11785,506802730,55898985,-1733,-3281,-62,5285,292122600,2115,292122630,2115,139,-135,142,104,2463,85,45,2466
43278649,11785,506802722,55898962,-1733,-3282,-62,5285,292122600,2115,292122640,2115,139,-135,154,33,2471,98,-27,2472
43288617,11785,506802715,55898939,-1733,-3283,-62,5285,292122600,2115,292122650,2115,139,-134,172,59,2490,115,-1,2492
43298863,11785,506802707,55898916,-1733,-3283,-61,5285,292122600,2115,292122660,2115,139,-134,142,27,2439,87,-32,2440
43308817,11784,506802699,55898892,-1734,-3284,-61,5285,292122650,2115,292122670,2115,139,-134,135,74,2472,79,14,2474
43318704,11784,506802691,55898869,-1734,-3285,-61,5285,292122650,2115,292122680,2115,139,-133,141,36,2473,86,-24,2474
43328662,11784,506802684,55898846,-1734,-3285,-61,5285,292122650,2115,292122690,2115,140,-133,142,33,2512,85,-28,2512
43339515,11784,506802676,55898823,-1734,-3286,-60,5285,292122650,2115,292122700,2115,140,-132,151,65,2472,95,5,2474
43348928,11784,506802668,55898800,-1735,-3287,-60,5285,292122650,2115,292122710,2115,141,-132,139,50,2465,84,-10,2467
43358760,11784,506802660,55898776,-1735,-3287,-60,5285,292122700,2115,292122720,2115,141,-132,151,18,2454,96,-43,2455
43368682,11784,506802652,55898753,-1735,-3288,-60,5285,292122700,2115,292122730,2115,142,-131,135,42,2458,80,-19,2458
43379138,11784,506802645,55898730,-1735,-3289,-60,5285,292122700,2115,292122740,2115,143,-131,146,68,2492,91,6,2493
43388622,11784,506802637,55898707,-1736,-3289,-60,5285,292122700,2115,292122750,2115,143,-130,156,44,2498,101,-18,2499
43399092,11784,506802629,55898684,-1736,-3290,-59,5285,292122700,2115,292122760,2115,143,-130,147,41,2482,92,-21,2484
43409423,11784,506802621,55898660,-1736,-3291,-59,5285,292122750,2115,292122770,2115,143,-129,124,31,2443,71,-30,2443
43418697,11784,506802613,55898637,-1736,-3291,-59,5285,292122750,2115,292122780,2115,144,-129,145,82,2491,91,20,2493
43428621,11784,506802605,55898614,-1737,-3292,-59,5285,292122750,2115,292122790,2115,144,-129,175,94,2467,121,32,2470
43439588,11784,506802598,55898591,-1737,-3293,-59,5285,292122750,2115,292122800,2115,144,-128,135,21,2470,82,-41,2470
43448858,11784,506802590,55898567,-1737,-3293,-58,5285,292122750,2115,292122810,2115,144,-128,150,46,2451,97,-15,2452
43458769,11784,506802582,55898543,-1737,-3294,-58,5285,292122800,2115,292122820,2115,145,-128,147,56,2488,93,-7,2490
43469420,11784,506802574,55898520,-1738,-3295,-57,5285,292122800,2115,292122830,2115,145,-128,147,52,2408,95,-8,2409
43478797,11784,506802566,55898497,-1738,-3295,-57,5285,292122800,2115,292122840,2115,146,-128,148,55,2462,95,-7,2464
43488618,11784,506802559,55898474,-1739,-3296,-57,5285,292122800,2115,292122850,2115,146,-128,161,91,2486,107,28,2489
43499993,11784,506802551,55898451,-1739,-3297,-57,5285,292122800,2115,292122860,2115,147,-128,154,58,2461,101,-5,2463
43508831,11784,506802543,55898427,-1740,-3297,-56,5285,292122850,2115,292122870,2115,148,-127,143,82,2456,90,19,2458
43518702,11784,506802535,55898404,-1739,-3298,-56,5285,292122850,2115,292122880,2115,149,-127,148,0,2452,95,-64,2452
43528639,11785,506802527,55898380,-1740,-3299,-56,5285,292122850,2115,292122890,2115,149,-127,149,71,2485,95,6,2487
43538724,11785,506802519,55898357,-1740,-3300,-56,5285,292122850,2115,292122900,2115,150,-127,148,81,2482,95,16,2484
43549801,11785,506802512,55898334,-1741,-3300,-56,5285,292122850,2115,292122910,2115,150,-127,142,77,2471,88,13,2473
43559609,11785,506802504,55898310,-1741,-3301,-55,5285,292122900,2115,292122920,2115,150,-127,138,69,2535,83,3,2536
43568688,11785,506802496,55898287,-1741,-3301,-55,5285,292122900,2115,292122930,2115,150,-127,138,80,2481,85,15,2482
43578658,11785,506802488,55898264,-1742,-3302,-55,5285,292122900,2115,292122940,2115,150,-128,154,69,2501,100,3,2502
43589909,11785,506802480,55898241,-1742,-3303,-55,5285,292122900,2115,292122950,2115,150,-128,152,59,2497,98,-6,2499
43598931,11786,506802473,55898217,-1743,-3303,-55,5285,292122900,2115,292122960,2115,149,-128,158,95,2510,103,30,2512
43608775,11786,506802465,55898193,-1743,-3304,-56,5285,292122950,2115,292122970,2115,149,-128,130,118,2524,75,52,2527
43618703,11786,506802457,55898170,-1744,-3304,-56,5285,292122950,2115,292122980,2115,149,-128,167,69,2515,112,4,2517
43628627,11786,506802449,55898147,-1744,-3305,-56,5285,292122950,2115,292122990,2115,148,-128,139,77,2493,85,12,2494
43638673,11786,506802441,55898124,-1745,-3305,-56,5285,292122950,2115,292123000,2115,148,-128,145,93,2503,90,28,2505
43650336,11786,506802433,55898101,-1745,-3306,-56,5285,292122950,2115,292123010,2115,148,-129,145,76,2521,90,11,2523
43658755,11786,506802425,55898076,-1746,-3307,-56,5285,292123000,2115,292123020,2115,148,-129,158,75,2502,103,11,2504
43668755,11786,506802418,55898053,-1746,-3307,-56,5285,292123000,2115,292123030,2115,148,-129,142,82,2505,87,18,2507
43678707,11786,506802410,55898030,-1747,-3308,-56,5285,292123000,2115,292123040,2115,148,-130,135,79,2517,80,14,2519
43688616,11786,506802402,55898007,-1747,-3308,-57,5285,292123000,2115,292123050,2115,148,-130,143,72,2509,87,8,2511
43698896,11786,506802394,55897984,-1748,-3309,-57,5285,292123000,2115,292123060,2115,148,-131,180,91,2523,124,26,2526
43708772,11786,506802386,55897959,-1748,-3310,-57,5285,292123050,2115,292123070,2115,148,-131,135,45,2539,79,-20,2540
43718688,11786,506802378,55897936,-1748,-3310,-57,5285,292123050,2115,292123080,2115,148,-132,167,109,2491,111,45,2494
43728615,11787,506802370,55897913,-1749,-3311,-57,5285,292123050,2115,292123090,2115,147,-132,141,59,2506,85,-5,2507
43738618,11787,506802363,55897890,-1749,-3311,-57,5285,292123050,2115,292123100,2115,147,-133,138,112,2509,81,48,2512
43750004,11787,506802355,55897866,-1750,-3312,-57,5285,292123050,2115,292123110,2115,146,-133,148,89,2515,92,26,2517
43758816,11787,506802347,55897842,-1750,-3313,-57,5285,292123100,2115,292123120,2115,145,-133,145,40,2543,87,-24,2544
43768722,11787,506802339,55897819,-1750,-3313,-58,5285,292123100,2115,292123130,2115,144,-134,127,111,2511,70,48,2513
43778954,11787,506802331,55897796,-1751,-3313,-58,5285,292123100,2115,292123140,2115,143,-134,137,78,2573,78,14,2575
43788940,11787,506802323,55897773,-1751,-3314,-59,5285,292123100,2115,292123150,2115,143,-134,151,91,2554,92,27,2556
43798943,11787,506802315,55897749,-1752,-3315,-59,5285,292123100,2115,292123160,2115,142,-134,157,52,2550,99,-11,2552
43808748,11787,506802307,55897725,-1752,-3315,-59,5285,292123150,2115,292123170,2115,141,-134,157,58,2540,99,-4,2542
43818684,11788,506802300,55897702,-1753,-3316,-59,5285,292123150,2115,292123180,2115,140,-134,136,85,2506,79,23,2508
43828614,11788,506802292,55897679,-1753,-3316,-59,5285,292123150,2115,292123190,2115,140,-134,128,99,2493,71,39,2495
43838610,11788,506802284,55897655,-1753,-3316,-60,5285,292123150,2115,292123200,2115,139,-134,135,75,2513,78,14,2515
43849338,11788,506802276,55897632,-1754,-3317,-60,5285,292123150,2115,292123210,2115,138,-133,156,98,2525,99,37,2527
43858770,11788,506802268,55897608,-1754,-3318,-60,5285,292123200,2115,292123220,2115,138,-133,154,62,2544,96,1,2546
43868682,11788,506802260,55897584,-1755,-3318,-61,5285,292123200,2115,292123230,2115,137,-133,161,61,2552,104,0,2554
43878866,11788,506802252,55897561,-1755,-3319,-61,5285,292123200,2115,292123240,2115,137,-133,127,84,2506,70,25,2508
43888604,11788,506802244,55897538,-1756,-3319,-61,5285,292123200,2115,292123250,2115,136,-132,147,89,2539,90,29,2542
43898869,11788,506802236,55897515,-1756,-3320,-61,5285,292123200,2115,292123260,2115,135,-132,157,53,2493,101,-6,2495
43908790,11789,506802229,55897490,-1756,-3321,-61,5285,292123250,2115,292123270,2115,134,-132,145,70,2490,89,12,2492
43918764,11789,506802221,55897467,-1757,-3321,-60,5285,292123250,2115,292123280,2115,134,-132,150,105,2464,95,47,2467
43928615,11789,506802213,55897444,-1758,-3322,-61,5285,292123250,2115,292123290,2115,133,-132,136,85,2506,80,27,2508
43938622,11789,506802205,55897420,-1758,-3323,-61,5285,292123250,2115,292123300,2115,133,-132,172,39,2589,115,-21,2591
43948872,11789,506802197,55897397,-1758,-3323,-61,5285,292123250,2115,292123310,2115,132,-132,166,17,2528,110,-41,2529
43959554,11789,506802189,55897373,-1759,-3324,-61,5285,292123300,2115,292123320,2115,131,-132,154,118,2521,97,60,2524
43968666,11789,506802181,55897350,-1759,-3324,-61,5285,292123300,2115,292123330,2115,131,-132,151,105,2430,96,50,2433
43978620,11789,506802173,55897326,-1760,-3325,-60,5285,292123300,2115,292123340,2115,130,-132,134,26,2426,80,-28,2427
43988630,11789,506802165,55897303,-1760,-3326,-60,5285,292123300,2115,292123350,2115,130,-132,134,43,2469,79,-13,2470
44000012,11789,506802157,55897280,-1760,-3326,-60,5285,292123300,2115,292123360,2115,130,-132,157,83,2504,101,26,2507
44008767,11789,506802149,55897255,-1761,-3327,-61,5285,292123350,2115,292123370,2115,130,-132,152,38,2607,94,-21,2608
44018675,11789,506802142,55897232,-1761,-3328,-61,5285,292123350,2115,292123380,2115,130,-133,188,74,2518,131,17,2521
44028623,11789,506802134,55897208,-1762,-3328,-61,5285,292123350,2115,292123390,2115,129,-133,154,61,2518,97,5,2520
44038654,11789,506802126,55897185,-1762,-3329,-61,5285,292123350,2115,292123400,2115,129,-134,129,49,2495,73,-7,2496
44048863,11790,506802118,55897162,-1762,-3329,-61,5285,292123350,2115,292123410,2115,129,-134,128,79,2488,72,24,2490
44059208,11790,506802110,55897137,-1762,-3330,-61,5285,292123400,2115,292123420,2115,129,-134,124,42,2520,67,-14,2520
44068690,11790,506802102,55897114,-1763,-3331,-62,5285,292123400,2115,292123430,2115,129,-135,144,37,2530,86,-20,2531
44078634,11790,506802094,55897091,-1763,-3332,-62,5285,292123400,2115,292123440,2115,129,-135,198,39,2568,140,-18,2570
44088644,11790,506802086,55897067,-1763,-3332,-63,5285,292123400,2115,292123450,2115,129,-135,144,24,2564,85,-34,2565
44098871,11790,506802078,55897044,-1764,-3333,-63,5285,292123400,2115,292123460,2115,129,-136,168,92,2556,109,35,2559
44109191,11790,506802070,55897020,-1764,-3333,-64,5285,292123450,2115,292123470,2115,129,-136,121,44,2554,62,-13,2555
44118705,11790,506802062,55896996,-1764,-3334,-64,5285,292123450,2115,292123480,2115,129,-137,119,33,2456,62,-22,2456
44128630,11790,506802054,55896973,-1764,-3334,-63,5285,292123450,2115,292123490,2115,129,-137,133,62,2441,76,7,2443
44139180,11791,506802046,55896949,-1765,-3335,-64,5285,292123450,2115,292123500,2115,130,-138,178,82,2536,119,25,2539
44149259,11791,506802039,55896926,-1765,-3336,-64,5285,292123450,2115,292123510,2115,130,-138,193,-32,2528,135,-89,2529
44158758,11791,506802031,55896902,-1766,-3336,-64,5286,292123500,2115,292123520,2115,130,-139,107,135,2572,46,77,2575
44169372,11791,506802023,55896878,-1767,-3337,-65,5286,292123500,2115,292123530,2115,131,-140,202,124,2552,141,66,2557
44178620,11791,506802015,55896855,-1767,-3337,-65,5286,292123500,2115,292123540,2115,131,-140,107,-30,2567,46,-89,2566
44189564,11791,506802007,55896831,-1767,-3338,-65,5286,292123500,2115,292123550,2115,132,-141,157,81,2487,97,24,2489
44199347,11791,506801999,55896808,-1768,-3338,-65,5286,292123500,2115,292123560,2115,132,-141,141,100,2441,82,44,2444
44208768,11791,506801991,55896784,-1768,-3340,-65,5286,292123550,2115,292123570,2115,133,-141,170,45,2559,108,-14,2561
44218688,11791,506801983,55896760,-1768,-3340,-65,5286,292123550,2115,292123580,2115,133,-142,148,46,2519,87,-13,2521
44228627,11791,506801975,55896737,-1768,-3341,-66,5286,292123550,2115,292123590,2115,134,-142,141,41,2555,80,-18,2556
44238620,11791,506801967,55896713,-1769,-3341,-66,5286,292123550,2115,292123600,2115,134,-142,133,45,2523,72,-14,2524
44249243,11791,506801959,55896690,-1769,-3342,-66,5286,292123550,2115,292123610,2115,134,-142,137,34,2531,76,-25,2532
44258951,11791,506801951,55896666,-1769,-3342,-66,5286,292123600,2115,292123620,2115,134,-142,136,68,2507,75,10,2509
44268704,11791,506801943,55896642,-1770,-3343,-66,5286,292123600,2115,292123630,2115,134,-142,152,84,2519,91,25,2522
44278623,11791,506801935,55896619,-1770,-3343,-67,5286,292123600,2115,292123640,2115,133,-142,152,53,2535,90,-6,2537
44288605,11791,506801927,55896595,-1770,-3344,-67,5286,292123600,2115,292123650,2115,133,-142,144,82,2550,82,22,2552
44298901,11791,506801919,55896572,-1770,-3344,-67,5286,292123600,2115,292123660,2115,133,-142,128,36,2508,68,-22,2508
44308766,11792,506801911,55896547,-1770,-3345,-68,5286,292123650,2115,292123670,2115,133,-141,151,40,2531,90,-18,2533
44318680,11792,506801903,55896524,-1771,-3346,-68,5286,292123650,2115,292123680,2115,132,-141,154,68,2508,94,10,2510
44328659,11792,506801895,55896500,-1771,-3346,-68,5286,292123650,2115,292123690,2115,132,-140,142,75,2515,82,17,2517
44338616,11792,506801887,55896477,-1772,-3347,-68,5286,292123650,2115,292123700,2115,131,-139,140,78,2481,82,22,2483
44349887,11792,506801879,55896453,-1772,-3347,-68,5286,292123650,2115,292123710,2115,131,-139,135,75,2504,76,18,2505
44359670,11792,506801871,55896429,-1772,-3348,-67,5286,292123700,2115,292123720,2115,130,-138,149,59,2464,92,3,2466
44368685,11792,506801863,55896405,-1773,-3349,-67,5286,292123700,2115,292123730,2115,130,-137,155,63,2438,98,9,2440
44379195,11792,506801855,55896382,-1774,-3349,-66,5286,292123700,2115,292123740,2115,129,-136,143,109,2446,86,54,2449
44388654,11792,506801847,55896358,-1774,-3350,-66,5286,292123700,2115,292123750,2115,128,-136,150,59,2455,93,4,2456
44398890,11792,506801839,55896335,-1774,-3350,-66,5286,292123700,2115,292123760,2115,127,-135,141,67,2473,84,12,2474
44409386,11792,506801831,55896310,-1775,-3351,-66,5286,292123750,2115,292123770,2115,126,-134,140,87,2488,83,33,2491
44418691,11792,506801824,55896287,-1775,-3351,-66,5286,292123750,2115,292123780,2115,125,-133,141,66,2506,84,11,2508
44428630,11792,506801816,55896263,-1776,-3352,-66,5286,292123750,2115,292123790,2115,124,-133,153,66,2470,97,13,2472
44438649,11792,506801808,55896240,-1776,-3353,-65,5286,292123750,2115,292123800,2115,124,-132,161,-2,2443,107,-54,2444
44449838,11791,506801800,55896216,-1776,-3353,-64,5286,292123750,2115,292123810,2115,123,-131,131,92,2394,77,41,2396
44458767,11791,506801792,55896192,-1777,-3354,-64,5286,292123800,2115,292123820,2115,122,-131,146,93,2421,92,41,2424
44469040,11791,506801784,55896168,-1777,-3354,-64,5286,292123800,2115,292123830,2115,121,-130,146,68,2478,91,16,2480
44478634,11791,506801776,55896145,-1778,-3355,-63,5286,292123800,2115,292123840,2115,120,-130,171,61,2465,117,9,2467
44488613,11791,506801768,55896121,-1778,-3356,-63,5286,292123800,2115,292123850,2115,119,-129,171,23,2467,117,-28,2468
44499640,11791,506801760,55896098,-1779,-3356,-63,5286,292123800,2115,292123860,2115,119,-129,146,77,2443,93,27,2444
44508802,11791,506801752,55896073,-1779,-3357,-62,5286,292123850,2115,292123870,2115,118,-129,147,59,2401,95,9,2403
44518940,11791,506801744,55896050,-1780,-3357,-61,5286,292123850,2115,292123880,2115,117,-128,126,78,2380,75,29,2381
44529134,11791,506801736,55896026,-1779,-3358,-60,5286,292123850,2115,292123890,2115,117,-128,160,-30,2429,108,-79,2429
44538614,11791,506801728,55896003,-1780,-3359,-60,5286,292123850,2115,292123900,2115,116,-127,150,82,2423,98,33,2426
44549002,11791,506801720,55895979,-1781,-3360,-59,5286,292123850,2115,292123910,2115,115,-127,163,81,2443,110,33,2445
44559312,11791,506801712,55895954,-1781,-3360,-59,5286,292123900,2115,292123920,2115,114,-127,163,55,2499,109,5,2500
44568710,11791,506801704,55895931,-1781,-3361,-59,5286,292123900,2115,292123930,2115,113,-127,148,19,2462,96,-29,2463
44578616,11791,506801696,55895907,-1782,-3362,-59,5286,292123900,2115,292123940,2115,113,-127,141,57,2464,88,9,2465
44588739,11791,506801688,55895884,-1782,-3362,-58,5286,292123900,2115,292123950,2115,112,-126,124,106,2404,72,59,2406
44599989,11791,506801680,55895860,-1783,-3363,-57,5286,292123900,2115,292123960,2115,111,-126,149,43,2422,98,-4,2424
44608748,11791,506801672,55895836,-1783,-3363,-57,5286,292123950,2115,292123970,2115,111,-126,145,43,2440,93,-4,2441
44618745,11791,506801663,55895812,-1783,-3364,-57,5286,292123950,2115,292123980,2115,110,-125,165,66,2451,113,19,2453
44628630,11792,506801655,55895788,-1784,-3365,-56,5286,292123950,2115,292123990,2115,110,-125,141,72,2479,89,24,2481
44639122,11792,506801647,55895765,-1784,-3365,-56,5286,292123950,2115,292124000,2115,110,-124,140,65,2471,88,17,2473
44649591,11792,506801639,55895741,-1785,-3366,-56,5286,292123950,2115,292124010,2115,110,-124,140,20,2462,89,-27,2463
44659108,11792,506801631,55895717,-1785,-3366,-55,5286,292124000,2115,292124020,2115,109,-124,144,60,2432,93,14,2433
44668700,11793,506801623,55895693,-1786,-3367,-55,5286,292124000,2115,292124030,2115,109,-123,148,53,2432,97,7,2433
44679016,11793,506801615,55895669,-1786,-3368,-55,5286,292124000,2115,292124040,2115,108,-123,159,82,2455,108,36,2457
44688608,11794,506801607,55895646,-1787,-3368,-54,5286,292124000,2115,292124050,2115,108,-122,151,70,2444,101,24,2445
44698942,11794,506801599,55895622,-1787,-3369,-54,5286,292124000,2115,292124060,2115,107,-122,153,67,2469,103,21,2471
44708786,11795,506801591,55895598,-1788,-3369,-53,5286,292124050,2115,292124070,2115,107,-121,144,69,2454,94,24,2455
44718742,11795,506801583,55895574,-1788,-3370,-53,5286,292124050,2115,292124080,2115,107,-121,157,73,2488,106,26,2490
44728623,11796,506801575,55895550,-1789,-3371,-53,5286,292124050,2115,292124090,2115,107,-121,146,71,2466,96,25,2468
44738604,11796,506801567,55895527,-1789,-3371,-53,5286,292124050,2115,292124100,2115,106,-120,144,72,2459,94,26,2460
44749250,11797,506801559,55895503,-1790,-3372,-52,5286,292124050,2115,292124110,2115,106,-120,152,80,2452,102,35,2454
44758774,11797,506801551,55895478,-1790,-3373,-52,5286,292124100,2115,292124120,2115,106,-120,152,36,2454,102,-9,2455
44769398,11797,506801543,55895455,-1791,-3373,-52,5286,292124100,2115,292124130,2115,106,-120,146,71,2480,95,25,2481
44778624,11798,506801535,55895431,-1791,-3374,-52,5286,292124100,2115,292124140,2115,106,-120,138,90,2485,88,44,2487
44788648,11798,506801527,55895407,-1792,-3374,-52,5286,292124100,2115,292124150,2115,106,-120,164,80,2487,113,34,2489
44799466,11799,506801519,55895384,-1792,-3375,-51,5286,292124100,2115,292124160,2115,105,-121,148,30,2440,98,-15,2441
44808767,11799,506801511,55895359,-1793,-3376,-51,5286,292124150,2115,292124170,2115,105,-121,144,88,2475,94,43,2477
44818673,11799,506801503,55895335,-1794,-3376,-51,5286,292124150,2115,292124180,2115,104,-121,151,91,2489,100,46,2491
44828959,11799,506801495,55895311,-1794,-3377,-51,5286,292124150,2115,292124190,2115,104,-121,144,76,2479,93,31,2481
44838612,11799,506801487,55895288,-1795,-3377,-51,5286,292124150,2115,292124200,2115,103,-122,173,51,2499,121,6,2501
44849049,11800,506801478,55895264,-1795,-3378,-51,5286,292124150,2115,292124210,2115,103,-122,148,72,2502,96,27,2504
44858755,11800,506801470,55895239,-1796,-3379,-51,5286,292124200,2115,292124220,2115,102,-123,152,92,2516,100,47,2518
44868711,11800,506801462,55895215,-1796,-3379,-51,5286,292124200,2115,292124230,2115,102,-124,139,57,2516,86,12,2517
44878601,11800,506801454,55895192,-1797,-3380,-51,5286,292124200,2115,292124240,2115,102,-124,148,66,2544,95,21,2546
44888643,11800,506801446,55895168,-1797,-3380,-52,5286,292124200,2115,292124250,2115,102,-125,166,63,2567,112,18,2569
44898856,11800,506801438,55895144,-1798,-3381,-52,5286,292124200,2115,292124260,2115,102,-126,157,45,2535,103,0,2536
44908773,11800,506801430,55895119,-1798,-3382,-53,5286,292124250,2115,292124270,2115,102,-127,173,52,2533,119,8,2535
44918684,11800,506801422,55895095,-1799,-3382,-53,5286,292124250,2115,292124280,2115,102,-128,132,108,2536,77,63,2538
44928611,11799,506801414,55895072,-1799,-3383,-53,5286,292124250,2115,292124290,2115,102,-129,171,-1,2572,115,-47,2573
44938637,11799,506801406,55895048,-1800,-3383,-54,5286,292124250,2115,292124300,2115,102,-130,145,81,2557,89,35,2559
44948966,11799,506801398,55895024,-1800,-3384,-54,5286,292124250,2115,292124310,2115,102,-131,165,24,2564,108,-21,2565
44958772,11799,506801390,55894999,-1800,-3385,-55,5286,292124300,2115,292124320,2115,103,-132,138,40,2552,81,-6,2553
44968686,11799,506801381,55894975,-1800,-3385,-55,5286,292124300,2115,292124330,2115,103,-132,141,49,2555,84,3,2556
44978628,11799,506801373,55894951,-1801,-3386,-56,5286,292124300,2115,292124340,2115,104,-133,154,23,2591,95,-23,2592
44988612,11799,506801365,55894928,-1801,-3387,-57,5286,292124300,2115,292124350,2115,104,-134,155,38,2608,95,-9,2609
44998864,11799,506801357,55894904,-1801,-3388,-58,5286,292124300,2115,292124360,2115,105,-135,149,15,2615,89,-33,2616
45008747,11799,506801349,55894878,-1801,-3388,-59,5286,292124350,2115,292124370,2115,105,-136,158,52,2587,99,5,2589
45018689,11799,506801341,55894855,-1802,-3389,-59,5286,292124350,2115,292124380,2115,106,-137,149,31,2594,89,-16,2595
45028607,11799,506801333,55894831,-1802,-3390,-60,5286,292124350,2115,292124390,2115,106,-137,146,47,2617,85,-1,2618
45038622,11799,506801325,55894807,-1802,-3390,-61,5286,292124350,2115,292124400,2115,107,-138,128,14,2561,68,-34,2562
45049979,11799,506801317,55894783,-1802,-3391,-61,5286,292124350,2115,292124410,2115,108,-138,145,42,2579,84,-6,2580
45058762,11798,506801309,55894758,-1803,-3391,-62,5286,292124400,2115,292124420,2115,109,-139,155,50,2583,94,1,2585
45068719,11799,506801301,55894734,-1803,-3392,-63,5286,292124400,2115,292124430,2115,110,-139,163,-17,2596,102,-67,2597
45078674,11799,506801292,55894710,-1803,-3393,-63,5286,292124400,2115,292124440,2115,110,-139,145,37,2551,85,-12,2552
45088681,11799,506801284,55894687,-1803,-3394,-63,5286,292124400,2115,292124450,2115,111,-139,148,31,2559,87,-19,2561
45098894,11799,506801276,55894663,-1803,-3394,-64,5286,292124400,2115,292124460,2115,112,-139,152,34,2580,91,-17,2581
45108791,11799,506801268,55894637,-1803,-3395,-64,5286,292124450,2115,292124470,2115,113,-139,147,26,2513,87,-23,2514
45118713,11799,506801260,55894613,-1803,-3396,-64,5286,292124450,2115,292124480,2115,114,-139,156,48,2548,96,-2,2549
45128622,11799,506801252,55894590,-1804,-3397,-65,5286,292124450,2115,292124490,2115,114,-139,152,35,2577,91,-16,2578
45138613,11799,506801244,55894566,-1804,-3397,-66,5286,292124450,2115,292124500,2115,115,-138,167,56,2600,106,4,2602
45150000,11800,506801236,55894542,-1804,-3398,-66,5286,292124450,2115,292124510,2115,115,-138,156,50,2558,96,-1,2560
45158766,11800,506801228,55894516,-1805,-3399,-67,5286,292124500,2115,292124520,2115,116,-138,161,20,2563,102,-31,2564
45168675,11800,506801220,55894493,-1805,-3399,-67,5286,292124500,2115,292124530,2115,117,-137,135,71,2522,77,20,2523
45178602,11800,506801211,55894469,-1805,-3400,-67,5286,292124500,2115,292124540,2115,117,-136,138,53,2487,81,2,2488
45189443,11800,506801203,55894445,-1806,-3401,-67,5287,292124500,2115,292124550,2115,118,-136,165,38,2510,108,-14,2511
45198901,11800,506801195,55894421,-1806,-3401,-67,5287,292124500,2115,292124560,2115,118,-135,161,61,2511,103,9,2513
45208792,11800,506801187,55894396,-1807,-3402,-67,5287,292124550,2115,292124570,2115,119,-134,166,52,2491,110,0,2493
45218694,11801,506801179,55894372,-1807,-3403,-67,5287,292124550,2115,292124580,2115,120,-133,146,49,2461,91,-2,2463
45228638,11801,506801171,55894348,-1807,-3403,-67,5287,292124550,2115,292124590,2115,120,-133,142,47,2479,86,-5,2480
45238635,11801,506801163,55894324,-1808,-3404,-67,5287,292124550,2115,292124600,2115,121,-132,163,109,2505,107,57,2508
45249265,11801,506801155,55894300,-1808,-3404,-67,5287,292124550,2115,292124610,2115,122,-131,160,49,2488,104,-4,2489
45258756,11801,506801146,55894275,-1809,-3405,-67,5287,292124600,2115,292124620,2115,122,-131,171,45,2486,116,-8,2487
45268692,11801,506801138,55894251,-1809,-3406,-66,5287,292124600,2115,292124630,2115,123,-130,149,62,2485,94,9,2487
45278636,11801,506801130,55894227,-1810,-3407,-66,5287,292124600,2115,292124640,2115,124,-130,159,80,2477,104,26,2479
45288608,11801,506801122,55894203,-1810,-3407,-66,5287,292124600,2115,292124650,2115,125,-130,155,59,2429,102,7,2430
45300016,11801,506801114,55894180,-1811,-3408,-65,5287,292124600,2115,292124660,2115,125,-129,167,57,2438,114,4,2440
45308808,11801,506801106,55894154,-1811,-3409,-65,5287,292124650,2115,292124670,2115,126,-129,147,41,2461,93,-13,2462
45318972,11801,506801098,55894131,-1812,-3410,-65,5287,292124650,2115,292124680,2115,127,-129,167,80,2456,114,26,2459
45328614,11801,506801089,55894107,-1812,-3410,-64,5287,292124650,2115,292124690,2115,128,-129,170,45,2460,116,-9,2461
45338621,11801,506801081,55894083,-1812,-3411,-64,5287,292124650,2115,292124700,2115,129,-128,178,38,2445,125,-17,2447
45348894,11801,506801073,55894059,-1813,-3412,-63,5287,292124650,2115,292124710,2115,130,-129,149,59,2430,96,5,2432
45358748,11801,506801065,55894034,-1813,-3412,-63,5287,292124700,2115,292124720,2115,130,-129,147,69,2419,95,14,2420
45368679,11801,506801057,55894010,-1813,-3413,-62,5287,292124700,2115,292124730,2115,131,-129,155,34,2428,102,-21,2429
45378626,11801,506801049,55893986,-1814,-3414,-62,5287,292124700,2115,292124740,2115,132,-129,160,61,2471,106,5,2473
45388650,11801,506801041,55893962,-1814,-3415,-62,5287,292124700,2115,292124750,2115,132,-129,166,52,2441,113,-4,2443
45398940,11801,506801032,55893938,-1815,-3415,-61,5287,292124700,2115,292124760,2115,133,-130,159,49,2477,105,-8,2479
45408744,11801,506801024,55893913,-1815,-3416,-61,5287,292124750,2115,292124770,2115,134,-130,155,48,2452,102,-9,2453
45418693,11801,506801016,55893889,-1815,-3417,-61,5287,292124750,2115,292124780,2115,134,-130,153,41,2481,98,-17,2483
45428627,11801,506801008,55893865,-1815,-3418,-60,5287,292124750,2115,292124790,2115,134,-130,151,49,2447,98,-8,2449
45438615,11801,506801000,55893841,-1816,-3418,-60,5287,292124750,2115,292124800,2115,135,-130,173,90,2440,119,33,2443
45448971,11801,506800992,55893817,-1817,-3419,-60,5287,292124750,2115,292124810,2115,135,-130,182,50,2453,128,-7,2455
45458765,11801,506800983,55893792,-1817,-3420,-59,5287,292124800,2115,292124820,2115,135,-130,141,62,2478,87,3,2480
45468689,11801,506800975,55893768,-1817,-3421,-59,5287,292124800,2115,292124830,2115,135,-130,161,53,2487,107,-6,2489
45478606,11801,506800967,55893744,-1818,-3421,-59,5287,292124800,2115,292124840,2115,135,-130,139,69,2467,85,11,2469
45488619,11801,506800959,55893720,-1818,-3422,-59,5287,292124800,2115,292124850,2115,135,-130,133,74,2472,79,16,2474
45498861,11801,506800951,55893696,-1818,-3422,-58,5287,292124800,2115,292124860,2115,135,-130,122,51,2432,69,-6,2433
45508802,11801,506800942,55893671,-1819,-3423,-58,5287,292124850,2115,292124870,2115,135,-130,158,69,2481,104,11,2483
45518699,11801,506800934,55893647,-1819,-3424,-59,5287,292124850,2115,292124880,2115,135,-129,170,57,2562,114,-3,2564
45528631,11802,506800926,55893623,-1820,-3424,-59,5287,292124850,2115,292124890,2115,135,-129,172,107,2497,117,49,2501
45538649,11802,506800918,55893599,-1820,-3425,-58,5287,292124850,2115,292124900,2115,135,-129,172,29,2469,118,-28,2470
45549105,11802,506800910,55893575,-1821,-3426,-58,5287,292124850,2115,292124910,2115,134,-129,146,97,2396,93,41,2398
45558794,11802,506800901,55893550,-1821,-3427,-57,5287,292124900,2115,292124920,2115,134,-128,141,79,2419,88,23,2421
45568691,11802,506800893,55893526,-1822,-3427,-56,5287,292124900,2115,292124930,2115,133,-128,143,80,2419,91,25,2421
45578749,11802,506800885,55893502,-1822,-3428,-56,5287,292124900,2115,292124940,2115,132,-127,167,77,2468,114,21,2471
45588618,11802,506800877,55893478,-1823,-3429,-56,5287,292124900,2115,292124950,2115,131,-127,174,55,2500,121,-1,2502
45598871,11802,506800869,55893454,-1823,-3429,-56,5287,292124900,2115,292124960,2115,130,-127,165,102,2483,111,46,2486
45608771,11802,506800860,55893429,-1824,-3430,-56,5287,292124950,2115,292124970,2115,129,-127,146,64,2454,94,9,2456
45618724,11802,506800852,55893405,-1824,-3431,-56,5287,292124950,2115,292124980,2115,128,-126,157,79,2495,103,24,2498
45628625,11802,506800844,55893381,-1825,-3431,-55,5287,292124950,2115,292124990,2115,127,-126,141,60,2460,88,6,2461
45638614,11802,506800836,55893357,-1825,-3432,-55,5287,292124950,2115,292125000,2115,126,-126,161,70,2433,109,17,2435
45650001,11802,506800827,55893333,-1826,-3432,-54,5287,292124950,2115,292125010,2115,125,-126,152,88,2453,100,34,2456
45658773,11802,506800819,55893308,-1826,-3433,-55,5287,292125000,2115,292125020,2115,125,-126,157,76,2549,102,21,2551
45668671,11801,506800811,55893284,-1827,-3434,-55,5287,292125000,2115,292125030,2115,124,-125,159,62,2503,106,8,2505
45678625,11801,506800803,55893260,-1827,-3434,-55,5287,292125000,2115,292125040,2115,124,-125,135,75,2509,82,21,2511
45688623,11801,506800795,55893236,-1828,-3435,-55,5287,292125000,2115,292125050,2115,123,-125,144,70,2456,92,18,2458
45698868,11801,506800786,55893212,-1828,-3435,-54,5287,292125000,2115,292125060,2115,122,-125,129,67,2412,78,16,2414
45708767,11801,506800778,55893187,-1828,-3436,-54,5287,292125050,2115,292125070,2115,121,-125,146,35,2449,95,-16,2450
45718696,11801,506800770,55893163,-1829,-3437,-54,5287,292125050,2115,292125080,2115,121,-125,137,44,2502,85,-9,2503
45728627,11801,506800762,55893139,-1829,-3437,-54,5287,292125050,2115,292125090,2115,120,-125,140,69,2506,87,17,2507
45738600,11801,506800753,55893115,-1830,-3437,-54,5287,292125050,2115,292125100,2115,119,-125,124,91,2514,71,39,2516
45748748,11801,506800745,55893090,-1830,-3438,-54,5287,292125050,2115,292125110,2115,119,-125,107,12,2484,54,-40,2483
45758762,11801,506800737,55893065,-1830,-3439,-54,5287,292125100,2115,292125120,2115,119,-124,101,71,2528,48,18,2529
45768661,11801,506800728,55893041,-1830,-3440,-54,5287,292125100,2115,292125130,2115,118,-124,111,55,2519,59,3,2520
45778605,11801,506800720,55893017,-1830,-3440,-54,5287,292125100,2115,292125140,2115,119,-124,108,27,2524,56,-26,2524
45788679,11801,506800712,55892993,-1831,-3440,-54,5287,292125100,2115,292125150,2115,119,-124,108,49,2511,56,-2,2511
45798667,11800,506800704,55892969,-1831,-3441,-54,5287,292125100,2115,292125160,2115,119,-123,111,41,2519,58,-12,2519
45808772,11800,506800695,55892944,-1831,-3441,-54,5287,292125150,2115,292125170,2115,119,-123,85,45,2506,33,-7,2506
45818633,11800,506800687,55892920,-1830,-3441,-54,5287,292125150,2115,292125180,2115,120,-122,95,-2,2503,43,-54,2502
45828623,11800,506800679,55892896,-1830,-3442,-54,5287,292125150,2115,292125190,2115,121,-122,112,14,2505,61,-39,2505
45838620,11800,506800671,55892871,-1830,-3442,-54,5287,292125150,2115,292125200,2115,121,-121,94,34,2497,44,-19,2496
45848625,11800,506800663,55892847,-1831,-3443,-54,5287,292125150,2115,292125210,2115,122,-120,89,40,2510,38,-13,2510
45858776,11800,506800654,55892823,-1831,-3443,-55,5287,292125200,2115,292125220,2115,123,-119,87,25,2516,37,-29,2515
45868701,11800,506800646,55892799,-1830,-3443,-55,5287,292125200,2115,292125230,2115,125,-119,96,4,2526,46,-51,2525
45878617,11800,506800638,55892774,-1830,-3444,-55,5287,292125200,2115,292125240,2115,126,-118,73,48,2530,23,-8,2530
45888610,11800,506800630,55892750,-1831,-3444,-55,5287,292125200,2115,292125250,2115,127,-117,103,38,2487,54,-17,2487
45898674,11800,506800621,55892726,-1830,-3445,-55,5287,292125200,2115,292125260,2115,129,-116,94,-4,2520,45,-60,2519
45908692,11799,506800613,55892702,-1830,-3445,-55,5287,292125250,2115,292125270,2115,131,-115,77,33,2496,29,-24,2496
45918594,11799,506800605,55892678,-1830,-3445,-55,5287,292125250,2115,292125280,2115,132,-114,91,-7,2474,44,-65,2473
45928611,11799,506800597,55892654,-1830,-3446,-54,5287,292125250,2115,292125290,2115,134,-112,94,17,2455,48,-41,2455
45938602,11799,506800588,55892629,-1830,-3446,-54,5287,292125250,2115,292125300,2115,136,-111,95,26,2471,49,-33,2470
45949570,11799,506800580,55892605,-1830,-3447,-54,5287,292125250,2115,292125310,2115,137,-110,97,26,2456,52,-33,2455
45958697,11799,506800572,55892581,-1830,-3447,-54,5287,292125300,2115,292125320,2115,139,-109,94,27,2473,49,-33,2472
45968610,11799,506800563,55892557,-1830,-3448,-53,5287,292125300,2115,292125330,2115,141,-108,116,0,2457,71,-61,2456
45978721,11799,506800555,55892532,-1829,-3448,-53,5287,292125300,2115,292125340,2115,143,-107,97,20,2434,54,-40,2433
45988613,11799,506800547,55892508,-1830,-3449,-52,5287,292125300,2115,292125350,2115,144,-106,95,50,2442,52,-12,2442
45998641,11799,506800539,55892484,-1830,-3449,-52,5287,292125300,2115,292125360,2115,146,-105,85,46,2470,42,-17,2470
46008758,11799,506800531,55892460,-1829,-3450,-52,5287,292125350,2115,292125370,2115,148,-104,99,2,2466,56,-61,2465
46018669,11799,506800522,55892436,-1830,-3450,-51,5287,292125350,2115,292125380,2115,150,-103,97,70,2450,54,6,2451
46028630,11799,506800514,55892411,-1829,-3451,-51,5287,292125350,2115,292125390,2115,151,-103,85,13,2403,44,-50,2402
46038924,11799,506800506,55892387,-1829,-3451,-50,5287,292125350,2115,292125400,2115,153,-102,82,25,2430,41,-40,2429
46048683,11799,506800498,55892363,-1830,-3451,-49,5287,292125400,2115,292125410,2115,154,-101,82,81,2424,40,15,2425
46058603,11799,506800489,55892339,-1830,-3452,-49,5287,292125400,2115,292125420,2115,155,-100,102,36,2420,61,-29,2420
46069320,11799,506800481,55892315,-1830,-3452,-48,5287,292125400,2115,292125430,2115,157,-100,86,46,2410,45,-20,2410
46078616,11799,506800473,55892290,-1830,-3452,-47,5287,292125400,2115,292125440,2115,158,-99,75,87,2421,35,20,2421
46088631,11799,506800465,55892266,-1830,-3453,-47,5287,292125400,2115,292125450,2115,160,-99,76,72,2430,36,5,2430
46098987,11799,506800457,55892242,-1830,-3453,-46,5287,292125450,2115,292125460,2115,161,-98,86,0,2438,46,-68,2436
46108600,11799,506800448,55892218,-1830,-3453,-46,5287,292125450,2115,292125470,2115,162,-98,86,94,2465,45,25,2466
46118610,11799,506800440,55892193,-1831,-3453,-46,5287,292125450,2115,292125480,2115,163,-98,74,107,2425,34,38,2427
46128607,11798,506800432,55892169,-1830,-3454,-45,5287,292125450,2115,292125490,2115,164,-98,82,22,2455,42,-48,2454
46138624,11798,506800424,55892145,-1830,-3454,-45,5287,292125450,2115,292125500,2115,165,-98,58,59,2456,18,-11,2456
46148641,11798,506800415,55892121,-1830,-3454,-44,5287,292125450,2115,292125510,2115,166,-98,80,61,2434,40,-9,2434
46158652,11798,506800407,55892097,-1831,-3455,-44,5287,292125500,2115,292125520,2115,166,-97,81,84,2452,41,13,2453
46168615,11798,506800399,55892072,-1831,-3455,-44,5287,292125500,2115,292125530,2115,167,-98,89,83,2455,49,11,2456
46178626,11798,506800391,55892048,-1831,-3455,-43,5287,292125500,2115,292125540,2115,167,-98,80,45,2457,40,-27,2456
46189107,11798,506800382,55892024,-1831,-3455,-43,5287,292125500,2115,292125550,2115,168,-98,50,110,2421,10,39,2422
46198670,11797,506800374,55892000,-1831,-3455,-42,5287,292125550,2115,292125560,2115,168,-98,49,92,2427,9,21,2427
46208599,11797,506800366,55891975,-1831,-3456,-42,5288,292125550,2115,292125570,2115,168,-98,70,46,2461,30,-27,2461
46218964,11797,506800358,55891951,-1831,-3456,-42,5288,292125550,2115,292125580,2115,169,-98,69,72,2498,28,-2,2498
46228623,11797,506800350,55891927,-1832,-3456,-42,5288,292125550,2115,292125590,2115,169,-99,79,103,2494,37,29,2495
46238616,11796,506800341,55891903,-1832,-3456,-42,5288,292125550,2115,292125600,2115,169,-99,65,54,2493,24,-20,2492
46249360,11796,506800333,55891878,-1832,-3456,-41,5288,292125600,2115,292125610,2115,169,-100,41,48,2481,-1,-26,2480
46258659,11796,506800325,55891854,-1832,-3456,-41,5288,292125600,2115,292125620,2115,170,-100,56,90,2486,14,16,2486
46268636,11796,506800317,55891830,-1832,-3456,-41,5288,292125600,2115,292125630,2115,169,-101,67,62,2514,25,-12,2514
46279394,11795,506800308,55891806,-1832,-3457,-42,5288,292125600,2115,292125640,2115,169,-101,85,65,2530,42,-10,2530
46288629,11795,506800300,55891781,-1832,-3457,-42,5288,292125600,2115,292125650,2115,169,-102,88,53,2524,45,-22,2524
46298633,11795,506800292,55891757,-1832,-3457,-42,5288,292125650,2115,292125660,2115,169,-102,76,94,2530,33,19,2531
46308936,11795,506800284,55891733,-1832,-3457,-42,5288,292125650,2115,292125670,2115,168,-103,66,80,2544,22,5,2544
46318613,11794,506800275,55891709,-1832,-3458,-43,5288,292125650,2115,292125680,2115,168,-104,61,61,2541,17,-14,2541
46328596,11794,506800267,55891684,-1832,-3458,-43,5288,292125650,2115,292125690,2115,167,-105,72,50,2524,28,-24,2523
46339380,11794,506800259,55891660,-1832,-3458,-43,5288,292125650,2115,292125700,2115,167,-105,73,89,2518,28,15,2519
46348667,11794,506800251,55891636,-1833,-3458,-44,5288,292125700,2115,292125710,2115,167,-106,68,87,2558,22,13,2559
46358598,11793,506800242,55891612,-1832,-3458,-44,5288,292125700,2115,292125720,2115,166,-107,62,30,2551,16,-44,2550
46368654,11793,506800234,55891587,-1832,-3459,-45,5288,292125700,2115,292125730,2115,166,-108,57,39,2578,10,-36,2577
46378607,11793,506800226,55891563,-1832,-3459,-45,5288,292125700,2115,292125740,2115,165,-109,82,81,2607,34,5,2607
46388612,11793,506800218,55891539,-1832,-3459,-46,5288,292125700,2115,292125750,2115,164,-110,69,85,2575,21,11,2575
46398884,11792,506800210,55891515,-1832,-3459,-47,5288,292125750,2115,292125760,2115,164,-111,52,24,2572,4,-49,2570
46408618,11792,506800201,55891490,-1832,-3459,-47,5288,292125750,2115,292125770,2115,163,-112,58,88,2585,9,14,2585
46418624,11792,506800193,55891466,-1832,-3459,-48,5288,292125750,2115,292125780,2115,162,-113,74,80,2617,24,6,2617
46429163,11792,506800185,55891442,-1832,-3460,-49,5288,292125750,2115,292125790,2115,162,-114,84,69,2617,33,-5,2617
46438630,11791,506800177,55891417,-1832,-3460,-50,5288,292125750,2115,292125800,2115,161,-115,71,44,2598,20,-29,2597
46448659,11791,506800168,55891393,-1832,-3460,-51,5288,292125800,2115,292125810,2115,160,-116,57,28,2638,6,-46,2637
46459231,11791,506800160,55891369,-1832,-3460,-51,5288,292125800,2115,292125820,2115,160,-117,40,68,2572,-11,-4,2572
46468618,11791,506800152,55891345,-1832,-3460,-52,5288,292125800,2115,292125830,2115,159,-118,69,68,2584,18,-4,2584
46478608,11790,506800144,55891320,-1832,-3460,-53,5288,292125800,2115,292125840,2115,158,-119,71,40,2625,19,-33,2624
46489173,11790,506800135,55891296,-1832,-3461,-54,5288,292125800,2115,292125850,2115,157,-120,78,47,2636,25,-25,2635
46498652,11790,506800127,55891272,-1832,-3461,-55,5288,292125850,2115,292125860,2115,156,-120,71,85,2607,18,14,2608
46508631,11790,506800119,55891248,-1832,-3461,-56,5288,292125850,2115,292125870,2115,155,-121,69,45,2600,16,-25,2599
46518610,11789,506800111,55891223,-1832,-3461,-57,5288,292125850,2115,292125880,2115,154,-122,54,27,2617,1,-44,2616
46528626,11789,506800103,55891199,-1831,-3461,-57,5288,292125850,2115,292125890,2115,153,-122,68,59,2601,14,-11,2601
46538644,11789,506800094,55891175,-1831,-3461,-58,5288,292125850,2115,292125900,2115,152,-123,54,66,2610,-1,-3,2610
46548641,11789,506800086,55891150,-1831,-3461,-59,5288,292125900,2115,292125910,2115,151,-123,68,62,2599,13,-7,2599
46558596,11788,506800078,55891126,-1831,-3461,-60,5288,292125900,2115,292125920,2115,150,-123,47,11,2604,-7,-58,2602
46568613,11788,506800070,55891102,-1831,-3461,-61,5288,292125900,2115,292125930,2115,149,-123,52,63,2594,-2,-5,2594
46579188,11788,506800061,55891078,-1831,-3461,-61,5288,292125900,2115,292125940,2115,148,-123,51,76,2572,-3,9,2572
46588624,11787,506800053,55891053,-1831,-3462,-62,5288,292125900,2115,292125950,2115,147,-123,73,45,2595,19,-22,2594
46598686,11787,506800045,55891029,-1831,-3462,-62,5288,292125950,2115,292125960,2115,147,-123,67,41,2536,15,-24,2535
46608841,11787,506800037,55891005,-1831,-3462,-63,5288,292125950,2115,292125970,2115,146,-122,60,43,2571,7,-22,2570
46618646,11786,506800028,55890980,-1831,-3462,-63,5288,292125950,2115,292125980,2115,145,-122,51,46,2567,-2,-19,2566
46628627,11786,506800020,55890956,-1830,-3462,-64,5288,292125950,2115,292125990,2115,145,-121,63,27,2554,11,-37,2552
46638631,11786,506800012,55890932,-1830,-3462,-64,5288,292125950,2115,292126000,2115,144,-121,69,43,2561,17,-22,2560
46648633,11785,506800004,55890908,-1830,-3463,-64,5288,292125950,2115,292126010,2115,143,-120,70,40,2523,19,-23,2522
46658616,11785,506799996,55890883,-1830,-3463,-65,5288,292126000,2115,292126020,2115,142,-119,58,42,2538,7,-21,2537
46668616,11784,506799987,55890859,-1830,-3463,-65,5288,292126000,2115,292126030,2115,142,-119,50,21,2511,0,-41,2509
46678620,11784,506799979,55890835,-1830,-3463,-64,5288,292126000,2115,292126040,2115,141,-118,53,17,2467,4,-44,2466
46688589,11784,506799971,55890810,-1829,-3463,-65,5288,292126000,2115,292126050,2115,140,-117,65,44,2533,15,-18,2532
46699356,11783,506799963,55890786,-1829,-3464,-65,5288,292126050,2115,292126060,2115,139,-117,91,14,2516,42,-47,2515
46708607,11783,506799954,55890762,-1829,-3464,-65,5288,292126050,2115,292126070,2115,139,-116,69,25,2484,21,-35,2483
46718625,11783,506799946,55890738,-1829,-3464,-64,5288,292126050,2115,292126080,2115,138,-116,59,57,2435,11,-2,2435
46729180,11782,506799938,55890713,-1829,-3464,-64,5288,292126050,2115,292126090,2115,138,-115,43,38,2457,-4,-21,2456
46738630,11782,506799930,55890689,-1829,-3465,-63,5288,292126050,2115,292126100,2115,137,-115,79,-7,2453,32,-66,2452
46748632,11782,506799922,55890665,-1829,-3465,-63,5288,292126100,2115,292126110,2115,137,-115,76,34,2451,29,-25,2451
46759580,11781,506799913,55890640,-1829,-3465,-63,5288,292126100,2115,292126120,2115,136,-115,64,60,2472,17,1,2472
46768645,11781,506799905,55890616,-1828,-3465,-62,5288,292126100,2115,292126130,2115,136,-115,64,2,2456,17,-57,2454
46778590,11781,506799897,55890592,-1828,-3466,-62,5288,292126100,2115,292126140,2115,136,-115,59,-18,2431,13,-75,2429
46789522,11780,506799889,55890567,-1828,-3466,-61,5288,292126100,2115,292126150,2115,136,-115,48,39,2453,1,-20,2452
46798616,11780,506799880,55890543,-1828,-3466,-61,5288,292126100,2115,292126160,2115,135,-115,77,31,2512,28,-28,2511
46808617,11780,506799872,55890519,-1828,-3466,-61,5288,292126150,2115,292126170,2115,135,-116,73,29,2483,25,-29,2482
46818629,11780,506799864,55890494,-1827,-3467,-61,5288,292126150,2115,292126180,2115,134,-116,72,10,2434,25,-47,2433
46828623,11779,506799856,55890470,-1827,-3467,-60,5288,292126150,2115,292126190,2115,134,-116,36,35,2461,-13,-23,2459
46838611,11779,506799848,55890446,-1827,-3467,-60,5288,292126150,2115,292126200,2115,134,-117,40,42,2465,-8,-16,2463
46848611,11779,506799839,55890422,-1827,-3467,-60,5288,292126150,2115,292126210,2115,133,-117,86,45,2477,37,-13,2477
46858618,11779,506799831,55890397,-1827,-3467,-60,5288,292126200,2115,292126220,2115,133,-118,83,19,2474,34,-39,2473
46868598,11778,506799823,55890373,-1827,-3467,-59,5288,292126200,2115,292126230,2115,133,-118,62,41,2466,13,-17,2465
46878595,11778,506799815,55890349,-1826,-3467,-59,5288,292126200,2115,292126240,2115,133,-119,32,15,2458,-17,-42,2456
46888649,11778,506799807,55890324,-1826,-3468,-59,5288,292126200,2115,292126250,2115,132,-119,36,7,2454,-13,-50,2452
46898649,11778,506799798,55890300,-1826,-3468,-59,5288,292126250,2115,292126260,2115,132,-119,62,50,2508,12,-7,2507
46908613,11778,506799790,55890276,-1826,-3468,-59,5288,292126250,2115,292126270,2115,132,-120,79,51,2492,29,-7,2492
46918607,11778,506799782,55890251,-1826,-3468,-59,5288,292126250,2115,292126280,2115,132,-120,72,52,2481,22,-5,2480
46928600,11778,506799774,55890227,-1826,-3468,-58,5288,292126250,2115,292126290,2115,131,-120,56,41,2471,6,-16,2470
46938614,11778,506799765,55890203,-1826,-3468,-58,5288,292126250,2115,292126300,2115,131,-120,39,49,2499,-12,-8,2498
46948630,11778,506799757,55890178,-1826,-3468,-58,5288,292126300,2115,292126310,2115,131,-121,60,59,2509,9,1,2508
46958605,11777,506799749,55890154,-1826,-3468,-58,5288,292126300,2115,292126320,2115,130,-121,53,45,2492,2,-12,2491
46968948,11777,506799741,55890130,-1826,-3468,-58,5288,292126300,2115,292126330,2115,130,-120,68,62,2499,17,5,2498
46978611,11777,506799733,55890105,-1826,-3468,-58,5288,292126300,2115,292126340,2115,130,-120,58,25,2479,8,-31,2478
46988761,11778,506799724,55890081,-1826,-3469,-58,5288,292126300,2115,292126350,2115,130,-120,41,34,2469,-9,-23,2468
46999336,11778,506799716,55890057,-1826,-3468,-58,5288,292126350,2115,292126360,2115,129,-119,49,80,2488,-2,24,2488
47008594,11778,506799708,55890032,-1826,-3468,-58,5288,292126350,2115,292126370,2115,129,-119,52,56,2492,2,0,2491
47018602,11778,506799700,55890008,-1826,-3469,-58,5288,292126350,2115,292126380,2115,128,-119,71,32,2489,21,-24,2488
47028845,11778,506799692,55889984,-1826,-3468,-57,5288,292126350,2115,292126390,2115,127,-118,40,80,2484,-9,25,2483
47038621,11778,506799683,55889959,-1826,-3468,-58,5288,292126350,2115,292126400,2115,126,-118,55,80,2519,5,24,2519
47048618,11778,506799675,55889935,-1826,-3469,-57,5288,292126350,2115,292126410,2115,126,-118,56,37,2481,7,-18,2480
47059547,11778,506799667,55889911,-1826,-3469,-57,5288,292126400,2115,292126420,2115,125,-117,73,64,2486,24,10,2486
47068626,11778,506799659,55889886,-1826,-3469,-57,5288,292126400,2115,292126430,2115,124,-117,67,64,2456,19,10,2455
47078620,11778,506799651,55889862,-1827,-3469,-56,5288,292126400,2115,292126440,2115,123,-117,44,104,2428,-4,51,2428
47088608,11778,506799642,55889838,-1827,-3469,-56,5288,292126400,2115,292126450,2115,122,-116,52,58,2490,3,4,2489
47098619,11778,506799634,55889813,-1827,-3469,-56,5288,292126400,2115,292126460,2115,121,-116,79,70,2460,31,18,2460
47108613,11778,506799626,55889789,-1827,-3469,-56,5288,292126450,2115,292126470,2115,120,-116,81,66,2442,33,15,2442
47118616,11778,506799618,55889765,-1827,-3469,-55,5288,292126450,2115,292126480,2115,120,-115,54,85,2429,7,34,2429
47128625,11778,506799610,55889740,-1828,-3469,-54,5288,292126450,2115,292126490,2115,119,-115,53,72,2440,6,21,2439
47138604,11779,506799601,55889716,-1828,-3469,-54,5288,292126450,2115,292126500,2115,118,-115,60,38,2496,12,-14,2495
47148645,11779,506799593,55889692,-1828,-3469,-54,5288,292126450,2115,292126510,2115,118,-114,49,63,2480,2,12,2479
47158635,11779,506799585,55889667,-1828,-3469,-54,5288,292126500,2115,292126520,2115,117,-114,80,93,2499,31,42,2500
47168593,11779,506799577,55889643,-1828,-3469,-54,5288,292126500,2115,292126530,2115,117,-114,68,35,2493,21,-16,2492
47178617,11779,506799568,55889619,-1828,-3469,-54,5288,292126500,2115,292126540,2115,116,-113,32,84,2472,-15,33,2471
47188625,11779,506799560,55889594,-1828,-3469,-54,5288,292126500,2115,292126550,2115,115,-113,47,21,2497,0,-30,2496
47198637,11779,506799552,55889570,-1828,-3469,-54,5288,292126550,2115,292126560,2115,114,-113,36,60,2522,-12,10,2521
47208991,11779,506799544,55889546,-1828,-3469,-54,5288,292126550,2115,292126570,2115,113,-112,67,85,2495,20,35,2495
47218613,11779,506799536,55889521,-1829,-3469,-54,5288,292126550,2115,292126580,2115,112,-112,70,65,2447,24,17,2447
47228604,11779,506799527,55889497,-1829,-3469,-54,5288,292126550,2115,292126590,2115,112,-111,71,31,2495,24,-18,2494
47239144,11779,506799519,55889473,-1829,-3469,-54,5289,292126550,2115,292126600,2115,112,-111,47,71,2492,0,23,2491
47248643,11779,506799511,55889448,-1829,-3469,-53,5289,292126600,2115,292126610,2115,112,-111,67,84,2491,21,35,2491
47258591,11779,506799503,55889424,-1829,-3469,-53,5289,292126600,2115,292126620,2115,112,-110,56,48,2477,10,0,2476
47268609,11779,506799494,55889400,-1829,-3469,-53,5289,292126600,2115,292126630,2115,111,-110,66,17,2460,21,-31,2459
47278608,11779,506799486,55889375,-1829,-3470,-53,5289,292126600,2115,292126640,2115,111,-110,68,25,2497,22,-24,2496
47288599,11779,506799478,55889351,-1829,-3470,-53,5289,292126600,2115,292126650,2115,111,-110,65,76,2497,19,27,2497
47298612,11779,506799470,55889327,-1829,-3470,-53,5289,292126600,2115,292126660,2115,112,-110,51,32,2469,6,-16,2468
47308628,11779,506799462,55889302,-1829,-3470,-52,5289,292126650,2115,292126670,2115,112,-109,36,26,2479,-9,-23,2477
47318604,11779,506799453,55889278,-1829,-3470,-52,5289,292126650,2115,292126680,2115,112,-109,49,28,2463,4,-20,2461
47328620,11779,506799445,55889254,-1829,-3470,-52,5289,292126650,2115,292126690,2115,112,-109,81,74,2488,35,25,2488
47338596,11780,506799437,55889229,-1829,-3470,-52,5289,292126650,2115,292126700,2115,112,-109,85,27,2506,39,-22,2506
47348628,11780,506799429,55889205,-1829,-3471,-52,5289,292126650,2115,292126710,2115,112,-109,68,52,2508,22,3,2508
47358640,11780,506799420,55889181,-1829,-3471,-52,5289,292126700,2115,292126720,2115,112,-109,52,47,2496,6,-2,2495
47368614,11780,506799412,55889156,-1829,-3471,-52,5289,292126700,2115,292126730,2115,112,-109,52,67,2475,7,19,2475
47378614,11780,506799404,55889132,-1829,-3471,-52,5289,292126700,2115,292126740,2115,112,-109,55,46,2482,10,-3,2482
47388625,11780,506799396,55889108,-1829,-3471,-52,5289,292126700,2115,292126750,2115,112,-109,61,27,2489,16,-22,2488
47398605,11780,506799388,55889083,-1829,-3471,-52,5289,292126700,2115,292126760,2115,112,-109,55,35,2507,9,-14,2506
47408644,11781,506799379,55889059,-1829,-3471,-52,5289,292126750,2115,292126770,2115,112,-108,53,56,2500,8,7,2500
47418602,11781,506799371,55889034,-1829,-3471,-52,5289,292126750,2115,292126780,2115,112,-108,58,32,2532,12,-17,2531
47428613,11781,506799363,55889010,-1829,-3471,-52,5289,292126750,2115,292126790,2115,112,-108,53,49,2547,6,-1,2546
47438611,11781,506799355,55888986,-1829,-3471,-52,5289,292126750,2115,292126800,2115,112,-108,69,71,2504,24,22,2504
47449474,11781,506799346,55888961,-1830,-3472,-52,5289,292126750,2115,292126810,2115,112,-108,81,43,2497,36,-6,2497
47458625,11781,506799338,55888937,-1830,-3472,-52,5289,292126800,2115,292126820,2115,112,-108,54,63,2479,9,14,2478
47468610,11781,506799330,55888913,-1830,-3472,-52,5289,292126800,2115,292126830,2115,112,-108,65,54,2463,21,5,2463
47478646,11781,506799322,55888888,-1830,-3472,-51,5289,292126800,2115,292126840,2115,112,-108,47,88,2450,2,40,2450
47488613,11781,506799314,55888864,-1830,-3472,-51,5289,292126800,2115,292126850,2115,112,-108,56,62,2483,11,13,2483
47498618,11781,506799305,55888840,-1830,-3472,-51,5289,292126800,2115,292126860,2115,112,-108,58,9,2496,14,-40,2494
47508641,11781,506799297,55888815,-1830,-3472,-51,5289,292126850,2115,292126870,2115,113,-107,61,2,2500,16,-47,2499
47518631,11781,506799289,55888791,-1830,-3472,-51,5289,292126850,2115,292126880,2115,113,-107,63,70,2493,18,21,2492
47528603,11781,506799281,55888767,-1830,-3472,-51,5289,292126850,2115,292126890,2115,113,-107,54,66,2487,9,17,2486
47538619,11781,506799272,55888742,-1830,-3472,-51,5289,292126850,2115,292126900,2115,112,-106,67,3,2492,23,-46,2491
47548641,11781,506799264,55888718,-1830,-3473,-51,5289,292126850,2115,292126910,2115,112,-106,57,41,2486,12,-8,2485
47558649,11781,506799256,55888694,-1830,-3472,-51,5289,292126900,2115,292126920,2115,112,-106,60,109,2480,16,60,2480
47568620,11781,506799248,55888669,-1831,-3473,-51,5289,292126900,2115,292126930,2115,112,-106,60,62,2499,16,13,2498
47578611,11781,506799240,55888645,-1830,-3473,-51,5289,292126900,2115,292126940,2115,113,-105,51,-18,2512,7,-68,2509
47588626,11781,506799231,55888620,-1830,-3473,-51,5289,292126900,2115,292126950,2115,113,-105,64,57,2532,19,7,2531
47599297,11781,506799223,55888596,-1830,-3473,-51,5289,292126900,2115,292126960,2115,113,-105,56,64,2486,13,15,2486
47608607,11781,506799215,55888572,-1830,-3473,-51,5289,292126950,2115,292126970,2115,113,-104,61,32,2485,18,-17,2484
47618605,11781,506799207,55888547,-1830,-3473,-50,5289,292126950,2115,292126980,2115,113,-104,78,23,2446,36,-25,2446
47628610,11781,506799198,55888523,-1830,-3474,-50,5289,292126950,2115,292126990,2115,113,-103,63,56,2418,21,9,2418
47638610,11781,506799190,55888499,-1831,-3474,-49,5289,292126950,2115,292127000,2115,113,-103,60,58,2381,19,11,2381
47648637,11781,506799182,55888474,-1830,-3474,-48,5289,292126950,2115,292127010,2115,113,-103,44,17,2441,3,-32,2439
47658622,11781,506799174,55888450,-1830,-3474,-48,5289,292127000,2115,292127020,2115,114,-102,63,13,2521,20,-38,2520
47668619,11780,506799165,55888426,-1830,-3474,-48,5289,292127000,2115,292127030,2115,114,-102,79,33,2486,36,-16,2485
47678616,11780,506799157,55888401,-1830,-3474,-48,5289,292127000,2115,292127040,2115,114,-102,54,69,2477,12,19,2476
47688600,11780,506799149,55888377,-1831,-3474,-48,5289,292127000,2115,292127050,2115,114,-102,69,70,2524,26,20,2523
47698902,11780,506799141,55888352,-1830,-3475,-48,5289,292127000,2115,292127060,2115,114,-102,64,24,2494,22,-26,2493
47708661,11780,506799133,55888328,-1831,-3475,-48,5289,292127050,2115,292127070,2115,115,-102,53,62,2456,11,13,2455
47718626,11780,506799124,55888304,-1830,-3475,-47,5289,292127050,2115,292127080,2115,115,-101,61,12,2462,19,-38,2461
47729467,11780,506799116,55888279,-1830,-3475,-47,5289,292127050,2115,292127090,2115,116,-101,57,31,2442,16,-18,2441
47738602,11780,506799108,55888255,-1830,-3475,-47,5289,292127050,2115,292127100,2115,116,-101,77,39,2457,36,-11,2456
47748670,11780,506799100,55888231,-1830,-3475,-47,5289,292127050,2115,292127110,2115,116,-101,34,42,2503,-8,-9,2501
47758798,11780,506799091,55888206,-1831,-3476,-47,5289,292127100,2115,292127120,2115,116,-100,96,64,2535,53,13,2536
47768674,11780,506799083,55888182,-1830,-3476,-47,5289,292127100,2115,292127130,2115,116,-100,62,-32,2498,20,-83,2495
47778585,11780,506799075,55888157,-1831,-3476,-47,5289,292127100,2115,292127140,2115,116,-101,57,118,2443,15,68,2443
47788599,11780,506799067,55888133,-1831,-3476,-46,5289,292127100,2115,292127150,2115,116,-101,56,91,2438,15,42,2438
47798793,11779,506799059,55888109,-1831,-3476,-46,5289,292127100,2115,292127160,2115,116,-101,65,5,2504,23,-46,2502
47808746,11779,506799050,55888084,-1830,-3477,-46,5289,292127150,2115,292127170,2115,116,-101,57,-29,2504,15,-80,2502
47819204,11779,506799042,55888060,-1831,-3477,-46,5289,292127150,2115,292127180,2115,116,-101,93,86,2527,50,34,2527
47828603,11779,506799034,55888035,-1831,-3477,-46,5289,292127150,2115,292127190,2115,116,-101,53,60,2517,10,9,2516
47838612,11779,506799026,55888011,-1831,-3477,-46,5289,292127150,2115,292127200,2115,116,-102,52,16,2522,9,-35,2521
47849221,11779,506799017,55887987,-1831,-3477,-46,5289,292127150,2115,292127210,2115,116,-102,48,57,2479,5,7,2478
47858755,11778,506799009,55887962,-1831,-3477,-46,5289,292127200,2115,292127220,2115,116,-103,78,58,2529,35,7,2528
47868688,11778,506799001,55887938,-1831,-3478,-46,5289,292127200,2115,292127230,2115,115,-103,78,52,2480,35,2,2480
47878591,11778,506798993,55887913,-1831,-3478,-46,5289,292127200,2115,292127240,2115,115,-104,67,14,2474,25,-36,2472
47890311,11778,506798984,55887889,-1831,-3478,-46,5289,292127200,2115,292127250,2115,115,-104,58,46,2498,14,-4,2497
47898737,11778,506798976,55887865,-1831,-3478,-46,5289,292127200,2115,292127260,2115,114,-105,57,60,2542,12,9,2542
47908729,11777,506798968,55887840,-1831,-3478,-47,5289,292127250,2115,292127270,2115,114,-106,79,64,2528,34,14,2528
47918876,11777,506798960,55887816,-1831,-3478,-47,5289,292127250,2115,292127280,2115,113,-106,52,29,2540,7,-21,2539
47928595,11777,506798952,55887791,-1831,-3479,-47,5289,292127250,2115,292127290,2115,113,-107,57,41,2539,11,-9,2538
47938634,11777,506798943,55887767,-1831,-3479,-47,5289,292127250,2115,292127300,2115,113,-108,49,42,2545,3,-8,2544
47948644,11776,506798935,55887743,-1831,-3479,-48,5289,292127250,2115,292127310,2115,112,-108,86,24,2558,40,-26,2557
47958754,11776,506798927,55887718,-1831,-3479,-48,5289,292127300,2115,292127320,2115,112,-109,69,13,2553,22,-37,2552
47968664,11776,506798919,55887694,-1831,-3479,-49,5289,292127300,2115,292127330,2115,111,-110,67,67,2570,19,17,2570
47978593,11775,506798910,55887669,-1831,-3479,-49,5289,292127300,2115,292127340,2115,110,-111,74,51,2546,27,2,2545
47988621,11775,506798902,55887645,-1831,-3480,-49,5289,292127300,2115,292127350,2115,110,-111,56,33,2527,8,-16,2526
47998908,11775,506798894,55887621,-1831,-3480,-50,5289,292127300,2115,292127360,2115,109,-112,55,55,2572,6,6,2571
48008751,11775,506798886,55887596,-1831,-3480,-51,5289,292127350,2115,292127370,2115,109,-113,79,44,2561,30,-5,2560
48018666,11774,506798877,55887572,-1830,-3480,-51,5289,292127350,2115,292127380,2115,109,-113,70,-17,2583,21,-66,2582
48029317,11774,506798869,55887547,-1830,-3481,-52,5289,292127350,2115,292127390,2115,108,-114,83,32,2562,33,-17,2561
48038668,11774,506798861,55887523,-1831,-3481,-52,5289,292127350,2115,292127400,2115,108,-115,61,72,2551,11,24,2550
48048849,11773,506798853,55887499,-1830,-3481,-53,5289,292127350,2115,292127410,2115,107,-115,61,17,2560,12,-31,2559
48059061,11773,506798845,55887474,-1830,-3481,-53,5289,292127400,2115,292127420,2115,107,-116,45,4,2535,-4,-44,2533
48068673,11773,506798836,55887450,-1830,-3481,-54,5289,292127400,2115,292127430,2115,107,-116,84,35,2586,33,-13,2586
48078618,11772,506798828,55887425,-1830,-3482,-54,5289,292127400,2115,292127440,2115,107,-116,76,41,2558,26,-7,2558
48089277,11772,506798820,55887401,-1830,-3482,-55,5289,292127400,2115,292127450,2115,107,-117,77,9,2571,26,-40,2570
48098837,11772,506798812,55887376,-1830,-3482,-55,5289,292127400,2115,292127460,2115,107,-117,79,5,2576,28,-44,2575
48108796,11772,506798803,55887352,-1830,-3483,-55,5289,292127450,2115,292127470,2115,107,-117,55,40,2573,4,-8,2572
48119370,11771,506798795,55887328,-1830,-3483,-56,5289,292127450,2115,292127480,2115,107,-117,74,16,2569,24,-33,2568
48128645,11771,506798787,55887303,-1830,-3483,-57,5289,292127450,2115,292127490,2115,108,-117,75,23,2565,24,-25,2564
48138595,11771,506798779,55887279,-1830,-3483,-57,5289,292127450,2115,292127500,2115,108,-117,68,8,2546,18,-40,2545
48148835,11771,506798771,55887254,-1829,-3484,-57,5289,292127450,2115,292127510,2115,108,-117,92,18,2566,41,-31,2565
48158755,11770,506798762,55887230,-1829,-3484,-58,5289,292127500,2115,292127520,2115,108,-117,75,-14,2541,25,-63,2540
48168651,11770,506798754,55887205,-1829,-3485,-58,5289,292127500,2115,292127530,2115,109,-117,79,23,2551,29,-25,2550
48178689,11770,506798746,55887181,-1829,-3485,-58,5289,292127500,2115,292127540,2115,109,-117,70,14,2513,21,-34,2512
48188595,11770,506798738,55887156,-1829,-3485,-58,5289,292127500,2115,292127550,2115,109,-117,85,7,2538,35,-41,2537
48199146,11770,506798729,55887132,-1829,-3486,-59,5289,292127500,2115,292127560,2115,109,-116,93,-1,2530,43,-49,2529
48209197,11769,506798721,55887108,-1828,-3486,-59,5289,292127550,2115,292127570,2115,110,-116,92,54,2547,42,5,2547
48218673,11769,506798713,55887083,-1828,-3486,-59,5289,292127550,2115,292127580,2115,110,-116,109,19,2531,60,-29,2530
48228617,11769,506798705,55887059,-1828,-3487,-59,5289,292127550,2115,292127590,2115,110,-116,74,6,2509,26,-42,2508
48239146,11769,506798697,55887034,-1828,-3487,-59,5289,292127550,2115,292127600,2115,111,-116,77,52,2497,28,4,2496
48248792,11769,506798688,55887010,-1828,-3487,-59,5289,292127550,2115,292127610,2115,111,-116,80,10,2478,32,-38,2477
48258747,11768,506798680,55886985,-1828,-3488,-59,5290,292127600,2115,292127620,2115,112,-115,91,-24,2484,43,-72,2482
48269296,11768,506798672,55886961,-1828,-3488,-59,5290,292127600,2115,292127630,2115,112,-115,77,32,2501,29,-17,2500
48278605,11768,506798664,55886936,-1829,-3488,-59,5290,292127600,2115,292127640,2115,112,-115,89,77,2513,40,28,2513
48288619,11768,506798655,55886912,-1829,-3488,-59,5290,292127600,2115,292127650,2115,113,-115,86,50,2506,38,0,2506
48298803,11768,506798647,55886887,-1829,-3489,-59,5290,292127600,2115,292127660,2115,114,-114,97,-28,2475,49,-77,2474
48308762,11768,506798639,55886863,-1828,-3490,-59,5290,292127650,2115,292127670,2115,114,-114,78,20,2467,31,-29,2466
48318686,11768,506798631,55886838,-1828,-3490,-59,5290,292127650,2115,292127680,2115,115,-114,89,50,2461,41,0,2461
48328744,11767,506798623,55886814,-1828,-3490,-58,5290,292127650,2115,292127690,2115,116,-113,68,41,2465,21,-8,2464
48338598,11767,506798614,55886789,-1828,-3491,-59,5290,292127650,2115,292127700,2115,116,-113,101,18,2525,53,-33,2525
48349844,11767,506798606,55886765,-1828,-3491,-58,5290,292127650,2115,292127710,2115,117,-113,81,2,2459,35,-48,2458
48358741,11767,506798598,55886740,-1829,-3490,-59,5290,292127700,2115,292127720,2115,117,-113,87,32,2454,40,-18,2454
48368667,11767,506798590,55886716,-1829,-3490,-59,5290,292127700,2115,292127730,2115,118,-112,74,45,2446,28,-6,2446
48378595,11767,506798581,55886691,-1829,-3491,-58,5290,292127700,2115,292127740,2115,119,-112,77,29,2462,31,-22,2462
48389224,11767,506798573,55886667,-1829,-3491,-58,5290,292127700,2115,292127750,2115,120,-111,102,24,2462,56,-28,2462
48399978,11766,506798565,55886643,-1829,-3492,-58,5290,292127700,2115,292127760,2115,121,-111,105,26,2451,59,-26,2450
48408747,11766,506798557,55886618,-1830,-3491,-59,5290,292127750,2115,292127770,2115,121,-111,99,53,2456,53,1,2456
48419261,11766,506798549,55886594,-1830,-3492,-58,5290,292127750,2115,292127780,2115,122,-110,81,52,2470,35,-1,2470
48429192,11766,506798540,55886569,-1830,-3492,-58,5290,292127750,2115,292127790,2115,122,-110,90,17,2480,44,-36,2479
48438598,11766,506798532,55886545,-1830,-3493,-58,5290,292127750,2115,292127800,2115,123,-110,92,28,2463,46,-25,2463
48448986,11766,506798524,55886520,-1830,-3493,-57,5290,292127750,2115,292127810,2115,124,-110,81,72,2448,36,19,2448
48458745,11766,506798516,55886495,-1831,-3492,-57,5290,292127800,2115,292127820,2115,124,-110,98,41,2435,53,-12,2435
48468676,11766,506798507,55886471,-1830,-3492,-57,5290,292127800,2115,292127830,2115,124,-110,78,-10,2418,33,-62,2416
48479741,11766,506798499,55886446,-1831,-3492,-56,5290,292127800,2115,292127840,2115,125,-110,71,94,2476,25,40,2477
48488598,11766,506798491,55886422,-1831,-3493,-56,5290,292127800,2115,292127850,2115,125,-110,107,61,2459,62,7,2459
48498932,11766,506798483,55886397,-1831,-3493,-55,5290,292127800,2115,292127860,2115,126,-110,111,31,2426,66,-22,2426
48509473,11766,506798475,55886373,-1832,-3492,-51,5290,292127850,2115,292127870,2115,126,-110,105,24,2430,60,-29,2429
48518690,11766,506798466,55886348,-1832,-3492,-51,5290,292127850,2115,292127880,2115,126,-110,72,90,2443,26,36,2444
48528583,11766,506798458,55886324,-1832,-3492,-51,5290,292127850,2115,292127890,2115,127,-111,79,34,2453,33,-20,2453
48538776,11766,506798450,55886299,-1832,-3493,-50,5290,292127850,2115,292127900,2115,127,-111,88,24,2468,42,-30,2467
48548929,11766,506798442,55886275,-1832,-3493,-50,5290,292127850,2115,292127910,2115,128,-111,92,80,2493,45,24,2493
48558761,11766,506798433,55886250,-1831,-3494,-48,5290,292127900,2115,292127920,2115,129,-111,90,36,2487,43,-20,2486
48569470,11766,506798425,55886226,-1831,-3494,-48,5290,292127900,2115,292127930,2115,129,-112,81,56,2478,34,0,2478
48578585,11766,506798417,55886201,-1831,-3494,-48,5290,292127900,2115,292127940,2115,130,-112,83,59,2490,36,3,2490
48588629,11766,506798409,55886177,-1832,-3494,-47,5290,292127900,2115,292127950,2115,130,-112,79,56,2497,32,0,2497
48599671,11766,506798401,55886152,-1832,-3495,-48,5290,292127900,2115,292127960,2115,130,-113,107,33,2507,59,-24,2507
48608742,11766,506798392,55886128,-1831,-3497,-47,5290,292127950,2115,292127970,2115,131,-113,112,58,2482,64,1,2483
48618676,11766,506798384,55886103,-1831,-3497,-47,5290,292127950,2115,292127980,2115,131,-113,86,76,2468,39,19,2469
48628615,11766,506798376,55886078,-1831,-3498,-47,5290,292127950,2115,292127990,2115,132,-113,80,62,2482,33,5,2482
48639499,11766,506798368,55886054,-1831,-3498,-47,5290,292127950,2115,292128000,2115,132,-114,80,42,2482,32,-15,2481
48649154,11766,506798359,55886029,-1832,-3498,-47,5290,292127950,2115,292128010,2115,133,-114,107,67,2540,58,8,2541
48659350,11766,506798351,55886005,-1831,-3499,-48,5290,292128000,2115,292128020,2115,133,-115,89,87,2531,40,28,2532
48668716,11766,506798343,55885980,-1831,-3499,-48,5290,292128000,2115,292128030,2115,134,-115,91,25,2506,42,-33,2506
48678658,11766,506798335,55885956,-1831,-3500,-48,5290,292128000,2115,292128040,2115,134,-115,79,37,2499,30,-22,2498
48689334,11766,506798327,55885931,-1831,-3500,-48,5290,292128000,2115,292128050,2115,134,-116,75,59,2510,26,0,2510
48698849,11766,506798318,55885906,-1832,-3500,-48,5290,292128000,2115,292128060,2115,134,-116,81,96,2525,31,37,2526
48708749,11766,506798310,55885882,-1831,-3503,-47,5290,292128050,2115,292128070,2115,135,-116,104,62,2566,54,2,2567
48718797,11766,506798302,55885857,-1831,-3504,-48,5290,292128050,2115,292128080,2115,135,-116,122,48,2559,71,-12,2560
48728608,11766,506798294,55885832,-1831,-3504,-48,5290,292128050,2115,292128090,2115,135,-116,84,54,2543,34,-6,2543
48738596,11766,506798285,55885808,-1831,-3504,-48,5290,292128050,2115,292128100,2115,135,-117,63,84,2505,14,24,2505
48749612,11767,506798277,55885783,-1832,-3504,-48,5290,292128050,2115,292128110,2115,135,-117,78,88,2527,28,28,2527
48759095,11767,506798269,55885758,-1831,-3506,-45,5290,292128100,2115,292128120,2115,135,-116,94,69,2523,44,10,2524
48768670,11767,506798261,55885734,-1831,-3507,-45,5290,292128100,2115,292128130,2115,135,-116,113,51,2526,64,-9,2526
48779104,11767,506798253,55885709,-1832,-3507,-46,5290,292128100,2115,292128140,2115,135,-116,102,92,2534,53,32,2535
48788653,11767,506798244,55885684,-1832,-3507,-46,5290,292128100,2115,292128150,2115,136,-116,93,59,2569,43,-2,2569
48799338,11767,506798236,55885660,-1832,-3508,-47,5290,292128100,2115,292128160,2115,136,-116,106,40,2543,56,-20,2543
48809246,11767,506798228,55885635,-1833,-3508,-44,5290,292128150,2115,292128170,2115,135,-115,96,46,2505,47,-13,2505
48818667,11767,506798220,55885610,-1834,-3508,-45,5290,292128150,2115,292128180,2115,135,-115,112,135,2549,62,75,2551
48828593,11767,506798211,55885586,-1834,-3509,-45,5290,292128150,2115,292128190,2115,135,-115,110,73,2507,61,14,2508
48839161,11767,506798203,55885561,-1834,-3509,-45,5290,292128150,2115,292128200,2115,135,-115,102,50,2529,53,-9,2529
48848868,11767,506798195,55885536,-1834,-3509,-45,5290,292128150,2115,292128210,2115,135,-114,77,79,2524,28,20,2525
48858737,11767,506798187,55885511,-1835,-3508,-49,5290,292128200,2115,292128220,2115,134,-114,92,93,2542,43,33,2543
48869480,11767,506798179,55885487,-1836,-3508,-49,5290,292128200,2115,292128230,2115,134,-114,114,97,2546,65,38,2547
48878605,11767,506798170,55885462,-1836,-3509,-50,5290,292128200,2115,292128240,2115,133,-114,128,20,2523,80,-38,2523
48888582,11767,506798162,55885437,-1836,-3509,-49,5290,292128200,2115,292128250,2115,133,-113,123,71,2492,75,13,2493
48898853,11767,506798154,55885413,-1836,-3509,-49,5290,292128200,2115,292128260,2115,132,-113,109,105,2457,62,48,2459
48908762,11767,506798146,55885388,-1838,-3508,-49,5290,292128250,2115,292128270,2115,132,-112,96,69,2433,50,13,2433
48919282,11767,506798137,55885363,-1838,-3509,-49,5290,292128250,2115,292128280,2115,131,-112,111,47,2485,64,-10,2485
48928626,11768,506798129,55885339,-1838,-3509,-49,5290,292128250,2115,292128290,2115,131,-112,121,88,2518,74,31,2520
48938600,11768,506798121,55885314,-1839,-3509,-50,5290,292128250,2115,292128300,2115,130,-111,115,117,2514,67,59,2516
48949139,11768,506798113,55885289,-1839,-3510,-50,5290,292128250,2115,292128310,2115,130,-111,125,18,2498,79,-39,2497
48959693,11768,506798104,55885264,-1839,-3511,-49,5290,292128300,2115,292128320,2115,130,-110,95,39,2503,48,-18,2502
48968674,11768,506798096,55885240,-1839,-3511,-48,5290,292128300,2115,292128330,2115,130,-110,108,121,2458,62,66,2460
48978594,11768,506798088,55885215,-1840,-3512,-48,5290,292128300,2115,292128340,2115,129,-109,125,74,2469,79,18,2470
48988600,11768,506798080,55885190,-1840,-3512,-48,5290,292128300,2115,292128350,2115,129,-109,124,41,2452,79,-14,2452
48999371,11768,506798071,55885166,-1840,-3513,-47,5290,292128300,2115,292128360,2115,129,-109,98,45,2453,53,-10,2453
49008764,11768,506798063,55885140,-1840,-3515,-49,5290,292128350,2115,292128370,2115,129,-108,104,43,2479,59,-13,2479
49018664,11768,506798055,55885116,-1840,-3515,-49,5290,292128350,2115,292128380,2115,129,-107,120,83,2473,75,28,2474
49028644,11768,506798047,55885091,-1841,-3516,-49,5290,292128350,2115,292128390,2115,128,-107,113,61,2469,68,6,2469
49038604,11768,506798038,55885066,-1841,-3516,-48,5290,292128350,2115,292128400,2115,127,-107,123,76,2415,79,22,2416
49048859,11768,506798030,55885042,-1841,-3517,-48,5290,292128350,2115,292128410,2115,127,-106,115,51,2437,71,-3,2437
49058751,11768,506798022,55885017,-1841,-3518,-50,5290,292128400,2115,292128420,2115,127,-106,112,86,2483,67,32,2484
49068684,11769,506798014,55884992,-1841,-3519,-50,5290,292128400,2115,292128430,2115,126,-106,129,41,2477,85,-13,2477
49079502,11769,506798005,55884967,-1842,-3519,-50,5290,292128400,2115,292128440,2115,126,-105,118,106,2453,74,52,2455
49088612,11769,506797997,55884942,-1842,-3520,-49,5290,292128400,2115,292128450,2115,126,-105,118,50,2452,74,-4,2452
49098963,11769,506797989,55884918,-1842,-3520,-49,5290,292128400,2115,292128460,2115,126,-105,108,17,2451,65,-36,2451
49108741,11769,506797980,55884892,-1842,-3521,-49,5290,292128450,2115,292128470,2115,126,-105,84,89,2451,41,36,2451
49118703,11769,506797972,55884868,-1842,-3521,-49,5290,292128450,2115,292128480,2115,126,-105,121,75,2465,78,21,2467
49128584,11769,506797964,55884843,-1842,-3522,-49,5290,292128450,2115,292128490,2115,126,-105,141,44,2483,97,-10,2484
49138620,11769,506797956,55884818,-1843,-3523,-49,5290,292128450,2115,292128500,2115,126,-105,137,54,2492,93,-1,2493
49148843,11770,506797947,55884794,-1843,-3523,-49,5290,292128450,2115,292128510,2115,126,-105,106,85,2467,63,30,2468
49158766,11770,506797939,55884768,-1844,-3524,-47,5290,292128500,2115,292128520,2115,126,-105,110,56,2468,66,2,2468
49168664,11770,506797931,55884743,-1844,-3524,-47,5290,292128500,2115,292128530,2115,126,-106,107,52,2445,63,-2,2445
49178602,11770,506797923,55884718,-1844,-3524,-47,5290,292128500,2115,292128540,2115,126,-106,125,85,2438,82,31,2439
49188592,11770,506797914,55884694,-1845,-3525,-46,5290,292128500,2115,292128550,2115,126,-106,117,51,2448,74,-3,2449
49199370,11770,506797906,55884669,-1845,-3525,-46,5290,292128500,2115,292128560,2115,127,-106,105,41,2474,61,-14,2474
49208744,11770,506797898,55884643,-1846,-3525,-45,5290,292128550,2115,292128570,2115,126,-106,112,28,2501,68,-28,2501
49219168,11770,506797889,55884619,-1847,-3526,-45,5290,292128550,2115,292128580,2115,126,-106,118,85,2499,74,29,2500
49229243,11770,506797881,55884594,-1847,-3526,-45,5290,292128550,2115,292128590,2115,126,-106,115,53,2485,71,-2,2485
49239582,11771,506797873,55884569,-1847,-3526,-44,5290,292128550,2115,292128600,2115,126,-106,108,62,2465,64,8,2466
49248827,11771,506797865,55884544,-1847,-3527,-44,5290,292128550,2115,292128610,2115,126,-106,115,52,2484,71,-3,2484
49258744,11771,506797856,55884519,-1850,-3525,-44,5290,292128600,2115,292128620,2115,125,-106,121,57,2514,76,2,2515
49268684,11771,506797848,55884494,-1850,-3526,-44,5290,292128600,2115,292128630,2115,125,-107,122,102,2544,76,47,2546
49278613,11771,506797840,55884469,-1851,-3526,-45,5291,292128600,2115,292128640,2115,125,-107,113,24,2528,68,-31,2528
49288608,11771,506797831,55884444,-1851,-3527,-45,5291,292128600,2115,292128650,2115,125,-107,104,30,2503,59,-25,2503
49298846,11771,506797823,55884420,-1851,-3527,-45,5291,292128600,2115,292128660,2115,124,-107,101,51,2512,56,-3,2512
49308746,11771,506797815,55884394,-1853,-3526,-44,5291,292128650,2115,292128670,2115,124,-108,124,106,2490,78,52,2491
49319648,11771,506797806,55884369,-1853,-3527,-43,5291,292128650,2115,292128680,2115,124,-108,129,38,2470,85,-15,2470
49328585,11771,506797798,55884344,-1853,-3527,-43,5291,292128650,2115,292128690,2115,124,-108,121,32,2497,76,-21,2497
49338612,11772,506797790,55884320,-1853,-3528,-43,5291,292128650,2115,292128700,2115,124,-109,107,65,2506,61,11,2506
49348865,11772,506797781,55884295,-1854,-3528,-43,5291,292128650,2115,292128710,2115,124,-109,129,81,2501,83,27,2502
49358763,11772,506797773,55884269,-1855,-3527,-44,5291,292128700,2115,292128720,2115,123,-110,119,59,2504,72,5,2504
49368672,11772,506797765,55884244,-1855,-3528,-44,5291,292128700,2115,292128730,2115,123,-110,103,32,2505,56,-22,2505
49378595,11772,506797756,55884219,-1855,-3528,-45,5291,292128700,2115,292128740,2115,123,-111,102,58,2528,55,3,2528
49388604,11772,506797748,55884195,-1856,-3528,-45,5291,292128700,2115,292128750,2115,123,-111,109,101,2549,60,47,2550
49399844,11772,506797740,55884170,-1856,-3529,-45,5291,292128700,2115,292128760,2115,123,-112,131,35,2569,83,-20,2569
49408740,11772,506797731,55884144,-1857,-3528,-48,5291,292128750,2115,292128770,2115,122,-113,123,37,2546,75,-18,2546
49418671,11772,506797723,55884119,-1857,-3528,-48,5291,292128750,2115,292128780,2115,122,-113,113,43,2528,65,-11,2528
49428616,11772,506797715,55884095,-1857,-3529,-48,5291,292128750,2115,292128790,2115,122,-113,109,75,2514,61,21,2515
49438620,11771,506797706,55884070,-1858,-3529,-48,5291,292128750,2115,292128800,2115,121,-114,118,79,2533,69,26,2534
49448831,11771,506797698,55884045,-1858,-3530,-49,5291,292128750,2115,292128810,2115,121,-114,120,32,2573,70,-22,2573
49458739,11771,506797689,55884020,-1860,-3527,-50,5291,292128800,2115,292128820,2115,120,-115,120,76,2547,71,22,2548
49468683,11771,506797681,55883995,-1860,-3527,-50,5291,292128800,2115,292128830,2115,120,-115,124,74,2543,74,21,2544
49479149,11771,506797673,55883970,-1860,-3527,-50,5291,292128800,2115,292128840,2115,120,-115,97,66,2515,48,13,2515
49488816,11771,506797664,55883945,-1860,-3528,-51,5291,292128800,2115,292128850,2115,120,-115,116,-17,2549,67,-70,2548
49499528,11771,506797656,55883921,-1860,-3529,-51,5291,292128800,2115,292128860,2115,119,-115,117,45,2529,68,-8,2529
49508752,11771,506797647,55883895,-1861,-3529,-50,5291,292128850,2115,292128870,2115,119,-115,124,98,2511,75,46,2513
49518882,11771,506797639,55883870,-1861,-3530,-50,5291,292128850,2115,292128880,2115,119,-115,123,45,2534,74,-7,2535
49528595,11770,506797631,55883845,-1861,-3530,-50,5291,292128850,2115,292128890,2115,118,-115,110,18,2554,61,-34,2554
49538690,11770,506797622,55883821,-1861,-3531,-51,5291,292128850,2115,292128900,2115,118,-115,110,49,2521,61,-3,2521
49548865,11770,506797614,55883796,-1861,-3531,-51,5291,292128850,2115,292128910,2115,118,-115,112,43,2532,63,-9,2532
49559226,11770,506797605,55883770,-1861,-3532,-51,5291,292128900,2115,292128920,2115,117,-115,105,69,2534,56,17,2535
49568677,11770,506797597,55883745,-1861,-3532,-52,5291,292128900,2115,292128930,2115,117,-115,120,75,2523,71,23,2524
49578583,11770,506797589,55883721,-1861,-3533,-52,5291,292128900,2115,292128940,2115,116,-114,129,34,2539,80,-17,2539
49588607,11770,506797580,55883696,-1861,-3533,-52,5291,292128900,2115,292128950,2115,116,-114,124,43,2548,75,-9,2549
49598838,11770,506797572,55883671,-1862,-3534,-53,5291,292128900,2115,292128960,2115,116,-114,103,53,2540,54,2,2540
49609005,11770,506797563,55883645,-1862,-3538,-52,5291,292128950,2115,292128970,2115,116,-113,126,69,2525,77,18,2526
49618658,11770,506797555,55883620,-1861,-3538,-52,5291,292128950,2115,292128980,2115,116,-113,110,7,2464,64,-43,2464
49628603,11770,506797547,55883596,-1862,-3539,-52,5291,292128950,2115,292128990,2115,116,-112,110,36,2460,63,-14,2460
49639175,11770,506797538,55883571,-1862,-3539,-52,5291,292128950,2115,292129000,2115,116,-112,104,33,2499,57,-18,2499
49649864,11770,506797530,55883546,-1862,-3540,-52,5291,292128950,2115,292129010,2115,115,-112,132,51,2539,84,0,2540
49658744,11769,506797521,55883520,-1861,-3541,-53,5291,292129000,2115,292129020,2115,115,-111,147,46,2512,100,-5,2513
49668685,11769,506797513,55883495,-1862,-3542,-53,5291,292129000,2115,292129030,2115,115,-111,126,81,2513,79,31,2514
49678604,11769,506797505,55883470,-1862,-3542,-53,5291,292129000,2115,292129040,2115,115,-111,117,33,2487,71,-17,2487
49688591,11769,506797496,55883446,-1862,-3543,-52,5291,292129000,2115,292129050,2115,115,-111,96,48,2448,50,-1,2448
49699978,11769,506797488,55883421,-1862,-3543,-52,5291,292129000,2115,292129060,2115,114,-110,113,25,2461,67,-24,2461
49708781,11769,506797479,55883395,-1862,-3546,-51,5291,292129050,2115,292129070,2115,114,-110,134,19,2493,88,-30,2493
49719453,11769,506797471,55883370,-1862,-3547,-51,5291,292129050,2115,292129080,2115,114,-110,125,36,2476,79,-13,2477
49728583,11769,506797463,55883345,-1863,-3547,-51,5291,292129050,2115,292129090,2115,113,-109,121,83,2498,74,34,2499
49738644,11769,506797454,55883320,-1863,-3547,-51,5291,292129050,2115,292129100,2115,113,-109,105,35,2483,59,-14,2482
49748862,11769,506797446,55883295,-1863,-3548,-51,5291,292129050,2115,292129110,2115,113,-109,97,12,2474,52,-37,2473
49758788,11769,506797437,55883269,-1864,-3546,-51,5291,292129100,2115,292129120,2115,113,-108,121,49,2463,76,1,2463
49768671,11769,506797429,55883244,-1865,-3547,-51,5291,292129100,2115,292129130,2115,113,-108,123,42,2491,78,-7,2491
49778613,11769,506797421,55883220,-1865,-3548,-51,5291,292129100,2115,292129140,2115,113,-108,131,14,2495,86,-35,2495
49788604,11769,506797412,55883195,-1865,-3548,-51,5291,292129100,2115,292129150,2115,113,-108,94,85,2501,49,35,2502
49799772,11769,506797404,55883170,-1865,-3548,-51,5291,292129100,2115,292129160,2115,113,-108,120,33,2504,75,-17,2504
49809170,11769,506797395,55883144,-1866,-3546,-52,5291,292129150,2115,292129170,2115,113,-108,105,44,2497,59,-5,2497
49818656,11769,506797387,55883119,-1866,-3546,-52,5291,292129150,2115,292129180,2115,113,-108,104,59,2433,60,11,2433
49829434,11769,506797379,55883094,-1866,-3547,-51,5291,292129150,2115,292129190,2115,113,-108,109,20,2439,65,-29,2439
49839373,11769,506797370,55883069,-1866,-3548,-51,5291,292129150,2115,292129200,2115,113,-107,125,0,2500,80,-49,2500
49848870,11769,506797362,55883044,-1867,-3548,-51,5291,292129150,2115,292129210,2115,113,-107,138,52,2471,93,4,2472
49858727,11769,506797353,55883018,-1866,-3551,-50,5291,292129200,2115,292129220,2115,113,-107,139,42,2440,95,-6,2440
49869392,11768,506797345,55882993,-1866,-3552,-50,5291,292129200,2115,292129230,2115,113,-107,106,52,2471,61,4,2471
49878605,11768,506797336,55882969,-1866,-3552,-49,5291,292129200,2115,292129240,2115,113,-107,105,53,2457,61,5,2457
49888614,11768,506797328,55882944,-1866,-3553,-49,5291,292129200,2115,292129250,2115,113,-107,101,10,2459,57,-39,2459
49900061,11768,506797320,55882919,-1866,-3554,-49,5291,292129200,2115,292129260,2115,113,-107,131,6,2505,86,-44,2505
49908775,11768,506797311,55882893,-1866,-3555,-50,5291,292129250,2115,292129270,2115,113,-108,105,40,2464,60,-8,2464
49918671,11768,506797303,55882868,-1866,-3555,-50,5291,292129250,2115,292129280,2115,114,-108,109,64,2490,64,14,2490
49929539,11768,506797294,55882843,-1867,-3556,-49,5291,292129250,2115,292129290,2115,114,-108,117,31,2480,72,-19,2480
49938589,11767,506797286,55882818,-1867,-3556,-50,5291,292129250,2115,292129300,2115,114,-107,105,12,2513,59,-38,2512
49948848,11767,506797278,55882793,-1867,-3557,-49,5291,292129250,2115,292129310,2115,114,-107,113,29,2472,68,-20,2472
49959631,11767,506797269,55882767,-1869,-3550,-53,5291,292129300,2115,292129320,2115,114,-108,121,73,2463,77,23,2464
49968657,11767,506797261,55882742,-1869,-3550,-53,5291,292129300,2115,292129330,2115,114,-108,121,26,2494,76,-24,2494
49978591,11767,506797252,55882717,-1869,-3551,-53,5291,292129300,2115,292129340,2115,114,-107,105,38,2504,60,-12,2504
49989048,11767,506797244,55882692,-1869,-3551,-53,5291,292129300,2115,292129350,2115,114,-107,113,39,2520,67,-11,2520
49998849,11767,506797236,55882668,-1869,-3552,-53,5291,292129300,2115,292129360,2115,114,-107,107,66,2513,62,16,2513
50008764,11766,506797227,55882642,-1870,-3552,-53,5291,292129350,2115,292129370,2115,114,-107,93,26,2506,48,-24,2506
50018965,11766,506797219,55882617,-1869,-3553,-53,5291,292129350,2115,292129380,2115,115,-107,112,-8,2517,67,-58,2516
50028590,11766,506797210,55882592,-1870,-3553,-53,5291,292129350,2115,292129390,2115,115,-107,116,60,2498,71,10,2499
50038589,11766,506797202,55882567,-1870,-3554,-53,5291,292129350,2115,292129400,2115,115,-107,111,60,2498,66,10,2498
50049061,11765,506797193,55882542,-1870,-3554,-53,5291,292129350,2115,292129410,2115,115,-107,120,16,2483,75,-34,2483
50058732,11765,506797185,55882517,-1870,-3556,-51,5291,292129400,2115,292129420,2115,115,-107,106,-22,2428,63,-71,2427
50068666,11765,506797176,55882492,-1870,-3556,-51,5291,292129400,2115,292129430,2115,115,-108,128,20,2477,83,-30,2477
50078598,11764,506797168,55882467,-1871,-3557,-51,5291,292129400,2115,292129440,2115,115,-108,131,85,2516,85,34,2518
50088583,11764,506797160,55882442,-1871,-3557,-51,5291,292129400,2115,292129450,2115,115,-108,115,20,2506,69,-30,2506
50099331,11764,506797151,55882417,-1871,-3558,-51,5291,292129400,2115,292129460,2115,115,-109,100,34,2510,54,-16,2510
50108755,11764,506797143,55882392,-1870,-3559,-52,5291,292129450,2115,292129470,2115,115,-109,111,7,2527,65,-44,2526
50118662,11763,506797134,55882367,-1871,-3560,-52,5291,292129450,2115,292129480,2115,115,-110,120,37,2515,74,-14,2515
50128610,11763,506797126,55882342,-1871,-3560,-52,5291,292129450,2115,292129490,2115,116,-110,114,39,2487,68,-11,2487
50138603,11763,506797117,55882317,-1871,-3561,-52,5291,292129450,2115,292129500,2115,116,-111,103,24,2505,57,-26,2505
50148862,11763,506797109,55882292,-1871,-3561,-52,5291,292129450,2115,292129510,2115,116,-111,106,34,2550,58,-17,2550
50158760,11762,506797101,55882267,-1869,-3564,-53,5291,292129500,2115,292129520,2115,116,-111,115,30,2521,68,-21,2521
50168676,11762,506797092,55882242,-1869,-3564,-53,5291,292129500,2115,292129530,2115,116,-112,120,21,2547,72,-31,2547
50178633,11762,506797084,55882217,-1869,-3565,-53,5291,292129500,2115,292129540,2115,117,-112,119,49,2515,72,-2,2516
50188953,11762,506797075,55882192,-1869,-3565,-53,5291,292129500,2115,292129550,2115,117,-113,98,27,2498,50,-24,2498
50199286,11761,506797067,55882167,-1869,-3566,-54,5291,292129500,2115,292129560,2115,117,-113,110,28,2556,61,-25,2556
50208754,11761,506797058,55882141,-1866,-3573,-51,5291,292129550,2115,292129570,2115,118,-113,99,14,2522,51,-38,2521
50218584,11761,506797050,55882116,-1867,-3573,-51,5291,292129550,2115,292129580,2115,118,-114,92,68,2528,44,16,2529
50228803,11761,506797042,55882091,-1867,-3573,-52,5291,292129550,2115,292129590,2115,118,-114,113,32,2548,64,-20,2548
50238977,11760,506797033,55882066,-1866,-3574,-52,5291,292129550,2115,292129600,2115,118,-114,128,-9,2588,78,-62,2588
50248838,11760,506797025,55882041,-1867,-3575,-52,5291,292129550,2115,292129610,2115,118,-115,110,31,2519,61,-21,2519
50259320,11760,506797016,55882016,-1866,-3576,-53,5291,292129600,2115,292129620,2115,118,-115,110,48,2558,60,-4,2558
50268670,11760,506797008,55881991,-1866,-3576,-53,5291,292129600,2115,292129630,2115,118,-116,121,66,2511,72,14,2512
50278769,11760,506797000,55881966,-1866,-3577,-53,5291,292129600,2115,292129640,2115,117,-116,134,12,2516,85,-40,2516
50288753,11759,506796991,55881940,-1866,-3577,-54,5291,292129600,2115,292129650,2115,117,-116,100,6,2527,51,-46,2526
50300003,11759,506796983,55881915,-1867,-3578,-54,5291,292129600,2115,292129660,2115,118,-117,99,65,2516,50,13,2516
50308799,11759,506796974,55881890,-1866,-3578,-55,5292,292129650,2115,292129670,2115,118,-117,108,35,2552,58,-17,2552
50318727,11759,506796966,55881865,-1866,-3578,-55,5292,292129650,2115,292129680,2115,118,-117,109,43,2517,59,-8,2518
50328599,11758,506796958,55881840,-1866,-3579,-55,5292,292129650,2115,292129690,2115,118,-117,113,10,2549,63,-42,2549
50338598,11758,506796949,55881815,-1866,-3579,-55,5292,292129650,2115,292129700,2115,118,-117,107,42,2507,57,-10,2507
50349167,11758,506796941,55881790,-1866,-3580,-55,5292,292129650,2115,292129710,2115,119,-117,111,22,2501,62,-30,2501
50358744,11758,506796932,55881764,-1866,-3580,-55,5292,292129700,2115,292129720,2115,119,-116,99,9,2526,49,-43,2526
50368676,11758,506796924,55881739,-1866,-3580,-55,5292,292129700,2115,292129730,2115,119,-116,100,51,2450,53,0,2450
50378598,11758,506796916,55881714,-1866,-3580,-55,5292,292129700,2115,292129740,2115,119,-115,93,55,2504,44,3,2504
50388622,11757,506796907,55881689,-1866,-3581,-55,5292,292129700,2115,292129750,2115,119,-115,134,36,2539,85,-17,2540
50399155,11757,506796899,55881664,-1866,-3581,-55,5292,292129700,2115,292129760,2115,119,-114,102,7,2548,53,-46,2548
50409197,11757,506796890,55881638,-1866,-3581,-56,5292,292129750,2115,292129770,2115,120,-113,112,55,2557,64,1,2557
50418690,11757,506796882,55881613,-1866,-3581,-56,5292,292129750,2115,292129780,2115,120,-112,93,38,2509,46,-15,2509
50428598,11757,506796874,55881588,-1866,-3582,-56,5292,292129750,2115,292129790,2115,121,-111,113,-6,2462,67,-58,2462
50439125,11757,506796865,55881563,-1866,-3583,-55,5292,292129750,2115,292129800,2115,121,-110,113,13,2443,68,-38,2442
50448853,11757,506796857,55881538,-1867,-3583,-55,5292,292129750,2115,292129810,2115,121,-109,106,74,2459,61,22,2460
50458756,11757,506796848,55881512,-1868,-3584,-54,5292,292129800,2115,292129820,2115,121,-108,129,13,2441,85,-39,2441
50468690,11756,506796840,55881487,-1868,-3584,-54,5292,292129800,2115,292129830,2115,122,-107,108,-12,2441,65,-64,2440
50478615,11756,506796832,55881462,-1868,-3585,-53,5292,292129800,2115,292129840,2115,122,-106,128,6,2467,85,-46,2467
50488595,11756,506796823,55881437,-1868,-3585,-53,5292,292129800,2115,292129850,2115,122,-105,112,90,2430,69,38,2432
50499258,11756,506796815,55881412,-1868,-3586,-53,5292,292129800,2115,292129860,2115,122,-104,107,26,2467,64,-26,2466
50508760,11756,506796806,55881386,-1869,-3587,-52,5292,292129850,2115,292129870,2115,122,-103,122,35,2450,80,-17,2450
50518673,11756,506796798,55881361,-1869,-3587,-52,5292,292129850,2115,292129880,2115,123,-103,109,35,2422,67,-17,2422
50529149,11756,506796789,55881336,-1870,-3588,-51,5292,292129850,2115,292129890,2115,123,-102,131,67,2429,89,15,2430
50538593,11756,506796781,55881311,-1870,-3588,-51,5292,292129850,2115,292129900,2115,124,-102,112,57,2459,70,4,2459
50550003,11756,506796773,55881286,-1870,-3589,-50,5292,292129850,2115,292129910,2115,124,-102,106,35,2464,64,-18,2464
50559613,11756,506796764,55881260,-1871,-3590,-49,5292,292129900,2115,292129920,2115,125,-101,110,6,2457,69,-48,2457
50568663,11756,506796756,55881235,-1871,-3590,-49,5292,292129900,2115,292129930,2115,125,-101,112,26,2441,71,-28,2441
50578603,11755,506796747,55881210,-1871,-3591,-48,5292,292129900,2115,292129940,2115,125,-101,125,42,2412,84,-11,2412
50588753,11755,506796739,55881185,-1872,-3591,-48,5292,292129900,2115,292129950,2115,125,-101,110,78,2430,69,25,2431
50598870,11755,506796731,55881159,-1872,-3592,-47,5292,292129900,2115,292129960,2115,126,-102,126,16,2470,84,-38,2470
50608749,11755,506796722,55881134,-1873,-3592,-46,5292,292129950,2115,292129970,2115,126,-102,109,65,2468,67,11,2468
50618669,11755,506796714,55881109,-1874,-3592,-46,5292,292129950,2115,292129980,2115,126,-102,118,61,2480,76,7,2480
50628622,11755,506796705,55881083,-1874,-3593,-46,5292,292129950,2115,292129990,2115,126,-103,111,19,2460,69,-35,2460
50638593,11755,506796697,55881058,-1874,-3593,-46,5292,292129950,2115,292130000,2115,126,-104,99,62,2462,56,8,2462
50649693,11755,506796688,55881033,-1874,-3594,-45,5292,292129950,2115,292130010,2115,126,-104,126,12,2480,83,-42,2479
50658764,11755,506796680,55881007,-1876,-3594,-44,5292,292130000,2115,292130020,2115,126,-105,98,63,2485,54,9,2485
50668666,11755,506796671,55880982,-1876,-3594,-45,5292,292130000,2115,292130030,2115,126,-106,111,62,2513,67,7,2514
50678646,11755,506796663,55880957,-1877,-3595,-45,5292,292130000,2115,292130040,2115,126,-106,119,96,2498,74,41,2500
50688607,11755,506796655,55880932,-1877,-3595,-45,5292,292130000,2115,292130050,2115,126,-107,114,22,2516,69,-34,2515
50698895,11755,506796646,55880906,-1877,-3596,-45,5292,292130000,2115,292130060,2115,127,-108,112,26,2521,66,-29,2520
50709690,11755,506796638,55880881,-1877,-3595,-45,5292,292130050,2115,292130070,2115,127,-109,100,77,2539,53,21,2540
50718987,11755,506796629,55880856,-1878,-3596,-45,5292,292130050,2115,292130080,2115,127,-109,122,97,2536,75,41,2538
50728591,11755,506796621,55880830,-1878,-3596,-45,5292,292130050,2115,292130090,2115,127,-110,99,46,2531,52,-11,2531
50738584,11755,506796612,55880805,-1878,-3597,-46,5292,292130050,2115,292130100,2115,128,-111,107,0,2596,59,-58,2596
50749336,11755,506796604,55880780,-1878,-3597,-46,5292,292130050,2115,292130110,2115,128,-112,109,99,2548,61,42,2550
50758779,11755,506796595,55880754,-1877,-3597,-47,5292,292130100,2115,292130120,2115,128,-112,92,52,2559,43,-5,2559
50769578,11755,506796587,55880729,-1878,-3597,-47,5292,292130100,2115,292130130,2115,129,-113,111,41,2558,62,-16,2558
50778637,11755,506796578,55880704,-1878,-3598,-47,5292,292130100,2115,292130140,2115,129,-113,110,34,2534,61,-23,2534
50788596,11755,506796570,55880679,-1878,-3598,-48,5292,292130100,2115,292130150,2115,129,-114,113,62,2538,64,5,2539
50799991,11755,506796561,55880653,-1878,-3599,-48,5292,292130100,2115,292130160,2115,129,-114,118,80,2553,69,23,2554
50808738,11755,506796553,55880628,-1875,-3601,-49,5292,292130150,2115,292130170,2115,129,-114,112,36,2562,63,-22,2562
50818654,11754,506796545,55880603,-1875,-3601,-50,5292,292130150,2115,292130180,2115,129,-114,105,70,2552,56,12,2553
50828636,11754,506796536,55880577,-1876,-3602,-50,5292,292130150,2115,292130190,2115,129,-115,112,82,2576,62,24,2577
50838605,11754,506796528,55880552,-1876,-3602,-51,5292,292130150,2115,292130200,2115,129,-115,90,20,2575,41,-38,2574
50848829,11754,506796519,55880527,-1876,-3602,-51,5292,292130150,2115,292130210,2115,129,-115,123,82,2558,73,25,2559
50858780,11754,506796511,55880501,-1876,-3604,-53,5292,292130200,2115,292130220,2115,129,-115,115,43,2545,66,-15,2545
50868683,11754,506796502,55880476,-1876,-3604,-53,5292,292130200,2115,292130230,2115,129,-115,116,52,2546,66,-6,2546
50878607,11754,506796494,55880451,-1876,-3604,-53,5292,292130200,2115,292130240,2115,129,-115,96,67,2526,47,10,2527
50888587,11754,506796485,55880425,-1876,-3605,-54,5292,292130200,2115,292130250,2115,129,-115,112,52,2568,62,-6,2569
50900008,11754,506796477,55880400,-1877,-3605,-55,5292,292130200,2115,292130260,2115,130,-115,121,64,2583,71,6,2584
50908748,11754,506796468,55880374,-1875,-3607,-56,5292,292130250,2115,292130270,2115,130,-115,130,58,2539,81,0,2540
50918675,11754,506796460,55880349,-1875,-3607,-56,5292,292130250,2115,292130280,2115,131,-115,129,39,2515,80,-19,2515
50928603,11754,506796452,55880324,-1875,-3608,-56,5292,292130250,2115,292130290,2115,131,-115,99,17,2474,52,-40,2473
50938600,11754,506796443,55880298,-1875,-3608,-56,5292,292130250,2115,292130300,2115,132,-115,96,53,2515,48,-5,2515
50948871,11753,506796435,55880273,-1875,-3609,-56,5292,292130250,2115,292130310,2115,132,-115,112,63,2505,64,5,2506
50958739,11753,506796426,55880247,-1873,-3610,-57,5292,292130300,2115,292130320,2115,132,-115,123,3,2539,74,-56,2539
50968656,11753,506796418,55880222,-1873,-3610,-58,5292,292130300,2115,292130330,2115,132,-115,108,50,2534,59,-9,2534
50978593,11753,506796409,55880197,-1874,-3611,-58,5292,292130300,2115,292130340,2115,133,-114,121,91,2534,72,32,2536
50988650,11753,506796401,55880171,-1874,-3611,-58,5292,292130300,2115,292130350,2115,133,-114,111,17,2488,64,-41,2488
51000378,11753,506796392,55880146,-1874,-3612,-58,5292,292130300,2115,292130360,2115,133,-114,104,41,2513,56,-17,2513
51009424,11753,506796384,55880120,-1875,-3611,-58,5292,292130350,2115,292130370,2115,133,-113,113,56,2485,65,-2,2485
51018660,11753,506796376,55880095,-1875,-3612,-58,5292,292130350,2115,292130380,2115,133,-113,104,69,2487,57,12,2488
51028578,11753,506796367,55880070,-1875,-3612,-58,5292,292130350,2115,292130390,2115,133,-112,119,37,2507,71,-22,2508
51038955,11753,506796359,55880044,-1875,-3613,-58,5292,292130350,2115,292130400,2115,133,-111,111,26,2519,63,-33,2519
51048852,11753,506796350,55880019,-1875,-3613,-58,5292,292130350,2115,292130410,2115,133,-111,124,65,2532,77,6,2533
51058756,11753,506796342,55879993,-1878,-3613,-57,5292,292130400,2115,292130420,2115,133,-110,125,68,2458,80,10,2459
51068900,11753,506796333,55879968,-1878,-3613,-57,5292,292130400,2115,292130430,2115,133,-110,88,48,2434,43,-8,2434
51078622,11753,506796325,55879942,-1878,-3614,-56,5292,292130400,2115,292130440,2115,134,-109,98,41,2438,53,-16,2438
51088590,11753,506796316,55879917,-1878,-3614,-56,5292,292130400,2115,292130450,2115,134,-108,121,51,2460,76,-6,2460
51098865,11753,506796308,55879892,-1879,-3615,-55,5292,292130400,2115,292130460,2115,134,-108,124,62,2451,80,5,2452
51108749,11753,506796299,55879866,-1880,-3616,-55,5292,292130450,2115,292130470,2115,134,-107,124,83,2468,80,25,2469
51118656,11753,506796291,55879841,-1880,-3616,-55,5292,292130450,2115,292130480,2115,134,-106,103,46,2436,60,-11,2436
51128586,11753,506796283,55879815,-1880,-3617,-54,5292,292130450,2115,292130490,2115,134,-106,111,35,2464,67,-23,2464
51138616,11753,506796274,55879790,-1881,-3617,-54,5292,292130450,2115,292130500,2115,134,-105,107,69,2456,63,11,2456
51149250,11753,506796266,55879764,-1881,-3618,-54,5292,292130450,2115,292130510,2115,133,-105,134,57,2456,91,0,2457
51158742,11753,506796257,55879739,-1883,-3618,-52,5292,292130500,2115,292130520,2115,133,-104,119,39,2454,76,-18,2455
51168676,11753,506796249,55879713,-1883,-3618,-52,5292,292130500,2115,292130530,2115,133,-104,104,45,2442,61,-11,2442
51178595,11752,506796240,55879688,-1883,-3619,-52,5292,292130500,2115,292130540,2115,133,-103,101,46,2469,58,-11,2469
51188567,11752,506796232,55879662,-1884,-3619,-51,5292,292130500,2115,292130550,2115,133,-103,92,61,2424,51,5,2424
51199416,11752,506796223,55879637,-1884,-3620,-51,5292,292130500,2115,292130560,2115,133,-102,119,60,2482,76,2,2483
51208724,11752,506796215,55879611,-1885,-3620,-50,5292,292130550,2115,292130570,2115,133,-102,151,52,2494,108,-6,2495
51218656,11752,506796206,55879586,-1885,-3621,-50,5292,292130550,2115,292130580,2115,133,-102,129,52,2466,87,-6,2467
51228587,11752,506796198,55879560,-1885,-3621,-50,5292,292130550,2115,292130590,2115,134,-102,114,37,2481,72,-21,2481
51238943,11751,506796189,55879535,-1886,-3622,-49,5292,292130550,2115,292130600,2115,134,-101,102,58,2458,60,1,2459
51248844,11751,506796181,55879509,-1886,-3622,-49,5292,292130550,2115,292130610,2115,134,-101,119,26,2411,78,-31,2411
51258770,11751,506796173,55879483,-1885,-3624,-48,5292,292130600,2115,292130620,2115,134,-101,123,-14,2419,82,-70,2418
51268703,11751,506796164,55879458,-1886,-3624,-48,5292,292130600,2115,292130630,2115,134,-101,109,88,2467,67,31,2468
51278629,11750,506796156,55879432,-1886,-3625,-48,5292,292130600,2115,292130640,2115,134,-102,135,62,2483,93,4,2484
51288585,11750,506796147,55879407,-1886,-3626,-48,5292,292130600,2115,292130650,2115,134,-102,113,2,2483,71,-56,2482
51298880,11750,506796139,55879382,-1886,-3626,-47,5292,292130600,2115,292130660,2115,134,-102,112,25,2464,70,-33,2464
51308730,11750,506796130,55879355,-1887,-3626,-48,5292,292130650,2115,292130670,2115,133,-103,120,93,2500,77,35,2501
51318664,11749,506796122,55879330,-1887,-3627,-48,5292,292130650,2115,292130680,2115,133,-103,123,28,2502,80,-30,2502
51328591,11749,506796113,55879305,-1887,-3628,-48,5293,292130650,2115,292130690,2115,133,-104,135,26,2482,92,-32,2482
51338622,11749,506796105,55879279,-1887,-3628,-48,5293,292130650,2115,292130700,2115,132,-105,101,67,2508,57,9,2509
51349508,11749,506796096,55879254,-1887,-3628,-48,5293,292130650,2115,292130710,2115,132,-105,107,42,2487,63,-16,2487
51358740,11749,506796088,55879227,-1888,-3629,-47,5293,292130700,2115,292130720,2115,132,-106,130,8,2531,85,-50,2530
51368661,11748,506796079,55879202,-1888,-3630,-47,5293,292130700,2115,292130730,2115,132,-107,116,55,2499,71,-3,2499
51378584,11748,506796071,55879177,-1888,-3630,-47,5293,292130700,2115,292130740,2115,132,-108,109,42,2498,64,-15,2498
51388601,11748,506796062,55879151,-1888,-3631,-47,5293,292130700,2115,292130750,2115,132,-108,111,37,2479,66,-20,2479
51398887,11748,506796054,55879126,-1888,-3632,-47,5293,292130700,2115,292130760,2115,132,-109,121,40,2542,74,-18,2542
51408716,11747,506796045,55879099,-1887,-3632,-48,5293,292130750,2115,292130770,2115,132,-110,123,72,2527,76,14,2528
51418668,11747,506796037,55879074,-1888,-3633,-48,5293,292130750,2115,292130780,2115,132,-111,119,39,2522,72,-19,2522
51428614,11747,506796029,55879048,-1887,-3634,-48,5293,292130750,2115,292130790,2115,132,-112,114,16,2533,66,-42,2533
51438608,11747,506796020,55879023,-1888,-3634,-48,5293,292130750,2115,292130800,2115,132,-112,100,68,2533,52,9,2533
51448822,11746,506796012,55878997,-1888,-3634,-48,5293,292130750,2115,292130810,2115,131,-113,98,20,2521,50,-38,2520
51458960,11746,506796003,55878971,-1888,-3634,-50,5293,292130800,2115,292130820,2115,131,-114,141,46,2568,92,-13,2569
51468665,11746,506795995,55878946,-1888,-3635,-50,5293,292130800,2115,292130830,2115,131,-115,122,24,2577,72,-35,2577
51478606,11746,506795986,55878920,-1888,-3636,-51,5293,292130800,2115,292130840,2115,131,-116,115,43,2550,65,-15,2550
51488602,11745,506795978,55878895,-1888,-3636,-51,5293,292130800,2115,292130850,2115,131,-116,103,52,2503,54,-6,2503
51498877,11745,506795969,55878869,-1889,-3636,-51,5293,292130800,2115,292130860,2115,131,-117,95,39,2515,45,-19,2515
51508745,11745,506795961,55878843,-1889,-3636,-51,5293,292130850,2115,292130870,2115,130,-117,130,48,2542,80,-10,2542
51518653,11745,506795952,55878817,-1889,-3637,-51,5293,292130850,2115,292130880,2115,130,-117,120,12,2525,70,-45,2525
51528598,11745,506795944,55878792,-1889,-3637,-52,5293,292130850,2115,292130890,2115,130,-118,109,73,2596,57,14,2597
51538599,11744,506795935,55878766,-1889,-3638,-53,5293,292130850,2115,292130900,2115,130,-118,103,19,2606,51,-40,2605
51549713,11744,506795927,55878741,-1889,-3638,-53,5293,292130850,2115,292130910,2115,130,-119,95,23,2564,44,-35,2564
51558745,11744,506795918,55878715,-1890,-3639,-53,5293,292130900,2115,292130920,2115,129,-119,94,66,2502,44,10,2503
51568675,11744,506795910,55878689,-1890,-3639,-53,5293,292130900,2115,292130930,2115,129,-119,96,58,2505,45,1,2506
51578597,11744,506795901,55878664,-1890,-3639,-54,5293,292130900,2115,292130940,2115,129,-118,111,40,2535,61,-17,2535
51588586,11744,506795893,55878638,-1890,-3640,-54,5293,292130900,2115,292130950,2115,129,-118,127,29,2540,76,-28,2540
51599969,11744,506795884,55878613,-1890,-3641,-54,5293,292130900,2115,292130960,2115,128,-118,117,43,2545,66,-14,2546
51608726,11744,506795876,55878586,-1891,-3640,-54,5293,292130950,2115,292130970,2115,128,-118,111,64,2550,60,7,2551
51618696,11744,506795868,55878561,-1891,-3641,-55,5293,292130950,2115,292130980,2115,127,-117,118,29,2560,67,-28,2560
51628667,11744,506795859,55878535,-1891,-3641,-55,5293,292130950,2115,292130990,2115,127,-117,103,66,2523,53,10,2524
51638622,11744,506795851,55878510,-1892,-3641,-55,5293,292130950,2115,292131000,2115,126,-117,108,52,2522,58,-4,2522
51648887,11743,506795842,55878484,-1891,-3642,-55,5293,292130950,2115,292131010,2115,126,-116,105,16,2504,56,-39,2504
51658728,11743,506795834,55878458,-1892,-3642,-55,5293,292131000,2115,292131020,2115,126,-116,105,52,2495,57,-2,2495
51668692,11743,506795825,55878432,-1893,-3643,-55,5293,292131000,2115,292131030,2115,125,-115,115,71,2538,65,16,2539
51678567,11743,506795817,55878407,-1893,-3643,-55,5293,292131000,2115,292131040,2115,125,-115,123,44,2562,73,-11,2562
51688590,11743,506795808,55878381,-1893,-3644,-56,5293,292131000,2115,292131050,2115,124,-115,126,73,2514,77,19,2516
51698878,11743,506795800,55878356,-1893,-3644,-55,5293,292131000,2115,292131060,2115,124,-114,121,15,2479,74,-39,2478
51708765,11743,506795791,55878325,-1894,-3645,-55,5293,292131050,2115,292131070,2115,123,-114,103,54,2458,56,1,2458
51718733,11743,506795783,55878299,-1894,-3645,-55,5293,292131050,2115,292131080,2115,123,-113,124,65,2452,77,13,2453
51728571,11743,506795774,55878273,-1894,-3646,-55,5293,292131050,2115,292131090,2115,122,-113,117,64,2509,70,11,2510
51738582,11743,506795766,55878248,-1894,-3646,-55,5293,292131050,2115,292131100,2115,122,-112,106,47,2514,59,-6,2514
51749974,11743,506795757,55878222,-1894,-3647,-55,5293,292131050,2115,292131110,2115,121,-112,87,20,2518,40,-33,2517
51758740,11743,506795749,55878173,-1894,-3647,-55,5293,292131100,2115,292131120,2115,120,-112,101,22,2523,54,-31,2523
51768651,11743,506795741,55878148,-1895,-3647,-55,5293,292131100,2115,292131130,2115,120,-111,125,58,2536,78,5,2537
51778647,11743,506795732,55878122,-1895,-3648,-55,5293,292131100,2115,292131140,2115,119,-111,116,53,2476,70,1,2477
51788622,11742,506795724,55878097,-1895,-3648,-55,5293,292131100,2115,292131150,2115,119,-110,117,46,2456,71,-5,2457
51799728,11742,506795715,55878071,-1895,-3649,-55,5293,292131100,2115,292131160,2115,119,-110,109,18,2492,63,-34,2492
51808758,11742,506795708,55878009,-1895,-3649,-55,5293,292131150,2115,292131170,2115,118,-110,115,66,2492,69,15,2493
51818688,11742,506795699,55877983,-1896,-3650,-55,5293,292131150,2115,292131180,2115,118,-109,126,33,2492,81,-18,2492
51828605,11742,506795691,55877958,-1896,-3651,-55,5293,292131150,2115,292131190,2115,117,-109,111,60,2493,65,9,2493
51838581,11742,506795682,55877932,-1896,-3651,-55,5293,292131150,2115,292131200,2115,117,-109,109,24,2483,64,-27,2482
51849072,11742,506795674,55877906,-1896,-3652,-54,5293,292131150,2115,292131210,2115,117,-109,100,35,2438,56,-15,2438
51858741,11741,506795666,55877862,-1896,-3652,-54,5293,292131200,2115,292131220,2115,117,-109,97,32,2458,53,-18,2458
51868664,11741,506795657,55877836,-1896,-3653,-54,5293,292131200,2115,292131230,2115,117,-108,126,28,2496,80,-23,2496
51878619,11741,506795649,55877811,-1896,-3653,-54,5293,292131200,2115,292131240,2115,117,-108,133,27,2499,87,-24,2500
51888581,11741,506795640,55877785,-1896,-3654,-54,5293,292131200,2115,292131250,2115,118,-108,104,19,2495,59,-32,2494
51899570,11741,506795632,55877759,-1897,-3654,-53,5293,292131200,2115,292131260,2115,118,-108,105,55,2477,60,4,2477
51908781,11741,506795624,55877727,-1897,-3655,-53,5293,292131250,2115,292131270,2115,118,-108,110,4,2473,65,-47,2472
51918667,11740,506795615,55877702,-1897,-3655,-53,5293,292131250,2115,292131280,2115,119,-109,119,39,2468,74,-12,2468
51928577,11740,506795606,55877676,-1897,-3656,-53,5293,292131250,2115,292131290,2115,119,-109,116,19,2500,70,-33,2499
51938595,11740,506795598,55877651,-1897,-3656,-53,5293,292131250,2115,292131300,2115,119,-109,109,62,2518,63,10,2519
51950172,11740,506795589,55877625,-1897,-3657,-53,5293,292131250,2115,292131310,2115,119,-109,115,-17,2518,69,-69,2517
51958726,11740,506795581,55877596,-1897,-3658,-53,5293,292131300,2115,292131320,2115,119,-110,109,51,2494,63,-1,2495
51968710,11740,506795573,55877571,-1897,-3658,-53,5293,292131300,2115,292131330,2115,119,-110,113,58,2442,68,7,2442
51978586,11740,506795564,55877545,-1897,-3659,-52,5293,292131300,2115,292131340,2115,120,-110,138,29,2450,92,-22,2450
51988623,11740,506795556,55877519,-1897,-3660,-52,5293,292131300,2115,292131350,2115,120,-110,127,-15,2436,82,-66,2435
51998841,11740,506795547,55877494,-1898,-3660,-51,5293,292131300,2115,292131360,2115,121,-111,113,64,2453,68,12,2453
52008746,11740,506795538,55877467,-1898,-3660,-51,5293,292131350,2115,292131370,2115,121,-111,96,52,2478,50,-1,2478
52018661,11740,506795530,55877441,-1898,-3661,-51,5293,292131350,2115,292131380,2115,122,-111,129,9,2481,83,-44,2480
52028613,11740,506795521,55877415,-1898,-3662,-51,5293,292131350,2115,292131390,2115,122,-112,128,64,2499,81,11,2500
52038836,11739,506795513,55877390,-1899,-3662,-51,5293,292131350,2115,292131400,2115,122,-112,119,47,2521,72,-7,2522
52049299,11739,506795504,55877364,-1899,-3663,-51,5293,292131350,2115,292131410,2115,123,-112,102,23,2513,55,-31,2513
52058768,11739,506795496,55877337,-1899,-3663,-51,5293,292131400,2115,292131420,2115,123,-113,115,48,2466,68,-6,2467
52069118,11739,506795487,55877312,-1899,-3663,-51,5293,292131400,2115,292131430,2115,124,-113,104,52,2476,57,-2,2476
52078594,11739,506795479,55877286,-1899,-3664,-51,5293,292131400,2115,292131440,2115,124,-113,118,1,2526,70,-53,2526
52088575,11739,506795470,55877260,-1899,-3665,-51,5293,292131400,2115,292131450,2115,124,-113,119,69,2539,71,14,2540
52099371,11739,506795462,55877235,-1899,-3665,-52,5293,292131400,2115,292131460,2115,124,-113,147,57,2518,99,2,2519
52108730,11739,506795453,55877208,-1900,-3666,-51,5293,292131450,2115,292131470,2115,124,-113,116,65,2478,69,12,2479
52118643,11739,506795445,55877182,-1900,-3666,-51,5293,292131450,2115,292131480,2115,124,-113,114,52,2475,67,-2,2476
52129331,11739,506795436,55877156,-1900,-3667,-51,5293,292131450,2115,292131490,2115,124,-113,129,20,2508,82,-34,2508
52138584,11738,506795428,55877131,-1900,-3667,-51,5293,292131450,2115,292131500,2115,124,-113,110,33,2501,62,-21,2501
52149354,11738,506795419,55877105,-1900,-3668,-51,5293,292131450,2115,292131510,2115,124,-113,121,58,2494,74,4,2495
52159501,11738,506795411,55877078,-1900,-3669,-51,5293,292131500,2115,292131520,2115,124,-113,121,31,2483,74,-22,2483
52168646,11738,506795402,55877053,-1901,-3669,-51,5293,292131500,2115,292131530,2115,124,-113,120,50,2473,72,-4,2473
52178584,11738,506795393,55877027,-1901,-3670,-51,5293,292131500,2115,292131540,2115,124,-113,107,59,2502,59,5,2503
52188757,11738,506795385,55877001,-1901,-3670,-51,5293,292131500,2115,292131550,2115,123,-113,109,50,2506,61,-4,2506
52198827,11738,506795376,55876975,-1902,-3671,-51,5293,292131500,2115,292131560,2115,123,-113,139,64,2488,91,10,2489
52208729,11738,506795368,55876949,-1902,-3671,-51,5293,292131550,2115,292131570,2115,123,-113,123,55,2486,75,1,2486
52219492,11738,506795359,55876923,-1902,-3672,-51,5293,292131550,2115,292131580,2115,123,-113,123,32,2531,75,-22,2532
52228593,11737,506795351,55876897,-1903,-3672,-51,5293,292131550,2115,292131590,2115,123,-113,123,94,2543,75,39,2545
52238584,11737,506795342,55876872,-1902,-3673,-52,5293,292131550,2115,292131600,2115,124,-113,120,-5,2530,72,-59,2529
52249207,11737,506795334,55876846,-1902,-3673,-52,5293,292131550,2115,292131610,2115,124,-113,105,31,2531,57,-24,2530
52258771,11737,506795325,55876819,-1903,-3674,-52,5293,292131600,2115,292131620,2115,123,-113,107,80,2526,59,25,2527
52268699,11737,506795317,55876793,-1903,-3674,-52,5293,292131600,2115,292131630,2115,124,-113,111,43,2526,63,-11,2526
52279389,11737,506795308,55876768,-1903,-3675,-52,5293,292131600,2115,292131640,2115,124,-113,129,40,2504,81,-14,2504
52288579,11737,506795299,55876742,-1903,-3675,-52,5293,292131600,2115,292131650,2115,124,-113,131,42,2524,83,-12,2524
52298846,11737,506795291,55876716,-1904,-3676,-52,5293,292131600,2115,292131660,2115,124,-112,132,55,2473,85,2,2474
52308781,11737,506795282,55876689,-1904,-3676,-52,5293,292131650,2115,292131670,2115,125,-112,126,43,2487,79,-11,2488
52319177,11737,506795274,55876664,-1904,-3677,-52,5293,292131650,2115,292131680,2115,125,-112,121,37,2495,74,-17,2495
52328608,11737,506795265,55876638,-1905,-3678,-52,5293,292131650,2115,292131690,2115,125,-112,136,63,2516,88,9,2517
52338596,11737,506795257,55876612,-1905,-3678,-52,5293,292131650,2115,292131700,2115,125,-113,108,68,2486,61,14,2486
52349633,11737,506795248,55876586,-1905,-3678,-52,5293,292131650,2115,292131710,2115,125,-113,97,27,2529,49,-29,2528
52358727,11737,506795240,55876560,-1905,-3679,-53,5294,292131700,2115,292131720,2115,126,-113,107,63,2536,59,7,2537
52368645,11736,506795231,55876534,-1905,-3680,-53,5294,292131700,2115,292131730,2115,126,-113,134,38,2558,85,-18,2558
52378597,11736,506795222,55876508,-1905,-3680,-53,5294,292131700,2115,292131740,2115,127,-113,133,32,2531,85,-24,2532
52388605,11736,506795214,55876482,-1906,-3681,-53,5294,292131700,2115,292131750,2115,127,-113,124,44,2507,76,-11,2507
52399392,11736,506795205,55876456,-1906,-3681,-54,5294,292131700,2115,292131760,2115,127,-114,110,71,2520,62,15,2521
52408736,11736,506795197,55876430,-1906,-3682,-54,5294,292131750,2115,292131770,2115,128,-114,117,41,2535,68,-16,2535
52418658,11736,506795188,55876404,-1906,-3682,-54,5294,292131750,2115,292131780,2115,128,-114,134,53,2515,86,-3,2516
52428766,11736,506795180,55876378,-1907,-3683,-54,5294,292131750,2115,292131790,2115,128,-114,129,65,2497,81,9,2498
52438777,11736,506795171,55876352,-1907,-3683,-54,5294,292131750,2115,292131800,2115,129,-115,121,37,2528,72,-20,2528
52449739,11736,506795163,55876326,-1907,-3684,-54,5294,292131750,2115,292131810,2115,129,-115,99,22,2507,51,-35,2506
52459470,11736,506795154,55876300,-1907,-3684,-54,5294,292131800,2115,292131820,2115,130,-115,113,83,2514,64,26,2515
52468633,11736,506795145,55876274,-1907,-3685,-54,5294,292131800,2115,292131830,2115,130,-115,133,39,2501,84,-17,2501
52478592,11736,506795137,55876248,-1908,-3685,-54,5294,292131800,2115,292131840,2115,131,-115,134,52,2500,86,-5,2501
52488865,11736,506795128,55876222,-1908,-3686,-54,5294,292131800,2115,292131850,2115,131,-116,114,37,2503,66,-20,2503
52498852,11736,506795120,55876196,-1908,-3686,-54,5294,292131800,2115,292131860,2115,132,-116,123,73,2507,74,16,2508
52508750,11736,506795111,55876170,-1909,-3687,-54,5294,292131850,2115,292131870,2115,133,-116,119,96,2506,69,38,2508
52519167,11736,506795103,55876144,-1908,-3687,-55,5294,292131850,2115,292131880,2115,133,-116,124,-8,2511,75,-66,2510
52528577,11737,506795094,55876118,-1909,-3688,-55,5294,292131850,2115,292131890,2115,134,-116,109,58,2525,60,0,2526
52538615,11737,506795085,55876092,-1909,-3688,-55,5294,292131850,2115,292131900,2115,134,-116,103,75,2525,54,16,2526
52548856,11737,506795077,55876066,-1909,-3689,-55,5294,292131850,2115,292131910,2115,134,-116,115,44,2544,66,-16,2544
52558776,11737,506795068,55876040,-1909,-3689,-55,5294,292131900,2115,292131920,2115,134,-116,112,71,2521,62,12,2522
52569362,11737,506795060,55876014,-1910,-3689,-55,5294,292131900,2115,292131930,2115,134,-115,128,98,2502,79,40,2504
52579022,11737,506795051,55875988,-1910,-3690,-55,5294,292131900,2115,292131940,2115,134,-115,118,65,2495,70,7,2496
52588605,11737,506795043,55875962,-1910,-3690,-55,5294,292131900,2115,292131950,2115,134,-115,110,25,2512,62,-34,2512
52598834,11738,506795034,55875936,-1911,-3691,-55,5294,292131900,2115,292131960,2115,134,-115,126,61,2486,77,2,2487
52609522,11738,506795025,55875909,-1911,-3691,-55,5294,292131950,2115,292131970,2115,134,-115,123,108,2455,75,50,2457
52618694,11738,506795017,55875884,-1911,-3692,-55,5294,292131950,2115,292131980,2115,134,-115,119,65,2475,71,7,2476
52628572,11738,506795008,55875858,-1912,-3692,-54,5294,292131950,2115,292131990,2115,134,-114,109,64,2455,62,6,2455
52639083,11739,506795000,55875832,-1912,-3693,-54,5294,292131950,2115,292132000,2115,134,-114,122,96,2471,75,38,2473
52649962,11739,506794991,55875806,-1912,-3693,-54,5294,292131950,2115,292132010,2115,134,-114,118,54,2491,70,-4,2491
52658743,11739,506794983,55875779,-1913,-3693,-54,5294,292132000,2115,292132020,2115,134,-114,121,91,2478,73,33,2480
52669083,11739,506794974,55875753,-1913,-3694,-54,5294,292132000,2115,292132030,2115,134,-114,118,71,2457,71,14,2458
52678577,11740,506794965,55875727,-1914,-3694,-54,5294,292132000,2115,292132040,2115,134,-114,122,93,2498,74,35,2500
52688583,11740,506794957,55875701,-1914,-3695,-53,5294,292132000,2115,292132050,2115,134,-113,111,111,2469,63,54,2471
52698846,11740,506794948,55875676,-1915,-3695,-53,5294,292132000,2115,292132060,2115,133,-113,122,44,2484,75,-13,2485
52708750,11740,506794940,55875649,-1915,-3695,-53,5294,292132050,2115,292132070,2115,133,-113,112,122,2469,65,65,2471
52718696,11740,506794931,55875623,-1916,-3696,-53,5294,292132050,2115,292132080,2115,133,-113,120,82,2475,73,25,2476
52729151,11741,506794922,55875597,-1916,-3696,-53,5294,292132050,2115,292132090,2115,133,-112,108,51,2499,61,-7,2500
52738610,11741,506794914,55875571,-1916,-3697,-53,5294,292132050,2115,292132100,2115,133,-112,107,92,2528,59,34,2529
52748834,11741,506794905,55875545,-1917,-3697,-53,5294,292132050,2115,292132110,2115,133,-112,127,78,2507,79,20,2508
52759276,11741,506794897,55875518,-1917,-3698,-53,5294,292132100,2115,292132120,2115,133,-111,137,84,2467,90,27,2469
52768660,11742,506794888,55875492,-1918,-3698,-53,5294,292132100,2115,292132130,2115,132,-111,112,55,2475,66,-2,2476
52778602,11742,506794879,55875466,-1918,-3698,-52,5294,292132100,2115,292132140,2115,132,-111,116,91,2447,70,34,2448
52788587,11742,506794871,55875441,-1919,-3699,-52,5294,292132100,2115,292132150,2115,132,-111,111,104,2443,65,48,2445
52799260,11742,506794862,55875415,-1919,-3699,-52,5294,292132100,2115,292132160,2115,131,-111,125,62,2462,79,6,2463
52808734,11742,506794854,55875388,-1920,-3700,-52,5294,292132150,2115,292132170,2115,131,-111,130,93,2526,83,36,2527
52818659,11743,506794845,55875362,-1920,-3700,-52,5294,292132150,2115,292132180,2115,131,-111,114,81,2516,67,24,2517
52828609,11743,506794836,55875336,-1920,-3700,-52,5294,292132150,2115,292132190,2115,130,-111,132,82,2498,85,26,2499
52839332,11743,506794828,55875310,-1921,-3701,-52,5294,292132150,2115,292132200,2115,130,-112,121,63,2488,74,7,2489
52849485,11743,506794819,55875284,-1921,-3701,-51,5294,292132150,2115,292132210,2115,129,-112,119,112,2452,72,56,2454
52858754,11743,506794810,55875257,-1922,-3702,-51,5294,292132200,2115,292132220,2115,129,-112,101,77,2469,55,22,2470
52868704,11744,506794802,55875231,-1922,-3702,-51,5294,292132200,2115,292132230,2115,129,-112,110,55,2475,63,-1,2476
52879298,11744,506794793,55875205,-1922,-3703,-51,5294,292132200,2115,292132240,2115,129,-113,120,62,2533,71,5,2533
52888596,11744,506794785,55875179,-1923,-3703,-52,5294,292132200,2115,292132250,2115,129,-113,141,124,2540,93,67,2543
52900014,11744,506794776,55875153,-1923,-3703,-52,5294,292132200,2115,292132260,2115,129,-113,115,58,2512,67,2,2513
52909652,11744,506794767,55875126,-1924,-3704,-51,5294,292132250,2115,292132270,2115,128,-114,102,76,2472,55,21,2473
52918664,11745,506794759,55875100,-1924,-3704,-51,5294,292132250,2115,292132280,2115,128,-114,96,49,2466,49,-6,2466
52928581,11745,506794750,55875074,-1924,-3704,-51,5294,292132250,2115,292132290,2115,127,-114,106,90,2504,57,35,2505
52938605,11745,506794741,55875048,-1925,-3705,-51,5294,292132250,2115,292132300,2115,127,-114,126,83,2511,78,27,2512
52949320,11745,506794733,55875023,-1925,-3705,-52,5294,292132250,2115,292132310,2115,126,-114,121,18,2538,72,-38,2538
52958721,11745,506794724,55874996,-1925,-3705,-52,5294,292132300,2115,292132320,2115,126,-114,104,115,2564,54,59,2566
52968639,11746,506794716,55874970,-1926,-3706,-53,5294,292132300,2115,292132330,2115,125,-114,119,79,2562,70,23,2563
52978595,11746,506794707,55874944,-1926,-3706,-53,5294,292132300,2115,292132340,2115,125,-113,103,26,2519,55,-29,2518
52988621,11746,506794698,55874918,-1927,-3706,-53,5294,292132300,2115,292132350,2115,125,-113,113,154,2475,66,100,2477
52999064,11746,506794690,55874892,-1927,-3707,-53,5294,292132300,2115,292132360,2115,125,-113,111,4,2483,64,-50,2483
53008730,11746,506794681,55874865,-1927,-3708,-53,5294,292132350,2115,292132370,2115,125,-112,120,46,2513,72,-8,2513
53018641,11746,506794672,55874839,-1927,-3708,-53,5294,292132350,2115,292132380,2115,125,-112,123,73,2547,75,17,2548
53028603,11747,506794664,55874813,-1928,-3708,-53,5294,292132350,2115,292132390,2115,124,-111,135,162,2546,86,107,2549
53038578,11747,506794655,55874787,-1928,-3709,-54,5294,292132350,2115,292132400,2115,124,-111,118,25,2518,71,-29,2518
53048824,11747,506794646,55874761,-1928,-3709,-53,5294,292132350,2115,292132410,2115,124,-110,116,15,2484,70,-39,2484
53058742,11747,506794638,55874734,-1928,-3710,-53,5294,292132400,2115,292132420,2115,123,-110,106,43,2449,60,-10,2450
53068664,11747,506794629,55874708,-1929,-3710,-53,5294,292132400,2115,292132430,2115,123,-109,110,156,2464,64,103,2466
53079344,11747,506794620,55874682,-1930,-3711,-52,5294,292132400,2115,292132440,2115,123,-109,139,82,2469,94,29,2471
53088587,11747,506794612,55874656,-1930,-3711,-53,5294,292132400,2115,292132450,2115,123,-109,114,20,2507,68,-34,2507
53098826,11748,506794603,55874630,-1930,-3712,-53,5294,292132400,2115,292132460,2115,123,-108,128,25,2531,82,-30,2531
53108740,11748,506794594,55874603,-1931,-3712,-53,5294,292132450,2115,292132470,2115,123,-108,106,118,2505,60,64,2507
53118642,11748,506794586,55874577,-1931,-3713,-53,5294,292132450,2115,292132480,2115,124,-108,132,81,2490,87,27,2492
53128582,11748,506794577,55874551,-1932,-3713,-53,5294,292132450,2115,292132490,2115,124,-108,131,65,2512,86,10,2513
53138591,11748,506794568,55874525,-1932,-3714,-53,5294,292132450,2115,292132500,2115,124,-107,98,48,2456,54,-5,2456
53150208,11748,506794560,55874498,-1932,-3714,-52,5294,292132450,2115,292132510,2115,125,-107,104,8,2478,59,-46,2478
53158955,11748,506794551,55874472,-1932,-3714,-52,5294,292132500,2115,292132520,2115,125,-107,99,63,2478,55,9,2479
53168656,11748,506794542,55874445,-1932,-3715,-52,5294,292132500,2115,292132530,2115,126,-107,109,66,2502,64,12,2502
53178588,11748,506794534,55874419,-1933,-3715,-53,5294,292132500,2115,292132540,2115,126,-107,132,48,2543,86,-7,2543
53188614,11748,506794525,55874393,-1933,-3716,-53,5294,292132500,2115,292132550,2115,126,-107,130,45,2502,85,-10,2503
53198944,11748,506794516,55874367,-1933,-3717,-52,5294,292132500,2115,292132560,2115,126,-108,127,11,2469,83,-44,2468
53208718,11748,506794508,55874340,-1933,-3717,-52,5294,292132550,2115,292132570,2115,127,-108,89,89,2432,44,35,2432
53218707,11748,506794499,55874314,-1934,-3717,-51,5294,292132550,2115,292132580,2115,127,-108,75,136,2448,30,81,2449
53228607,11748,506794490,55874288,-1934,-3718,-52,5294,292132550,2115,292132590,2115,128,-108,123,-13,2566,77,-70,2565
53239031,11749,506794481,55874262,-1934,-3719,-52,5294,292132550,2115,292132600,2115,129,-109,135,4,2560,89,-53,2560
53249719,11749,506794473,55874236,-1934,-3719,-53,5294,292132550,2115,292132610,2115,129,-109,105,48,2545,58,-10,2545
53258755,11749,506794464,55874209,-1934,-3719,-53,5294,292132600,2115,292132620,2115,130,-109,79,124,2527,32,67,2529
53269059,11749,506794455,55874183,-1935,-3719,-53,5294,292132600,2115,292132630,2115,131,-110,105,48,2532,58,-9,2532
53278586,11749,506794447,55874157,-1935,-3720,-53,5294,292132600,2115,292132640,2115,131,-110,118,14,2485,72,-42,2485
53288580,11749,506794438,55874131,-1935,-3721,-53,5294,292132600,2115,292132650,2115,132,-111,142,94,2527,94,36,2529
53300001,11749,506794429,55874104,-1935,-3721,-53,5294,292132600,2115,292132660,2115,132,-111,114,45,2530,67,-14,2530
53308746,11749,506794421,55874077,-1935,-3721,-53,5294,292132650,2115,292132670,2115,133,-112,87,59,2473,40,2,2473
53318654,11749,506794412,55874051,-1935,-3721,-53,5294,292132650,2115,292132680,2115,133,-112,60,77,2511,13,18,2511
53328581,11749,506794403,55874025,-1936,-3722,-54,5294,292132650,2115,292132690,2115,134,-113,109,75,2567,60,15,2568
53338607,11749,506794395,55873999,-1936,-3722,-54,5294,292132650,2115,292132700,2115,134,-113,103,55,2523,55,-4,2523
53349786,11750,506794386,55873973,-1936,-3723,-54,5294,292132650,2115,292132710,2115,134,-114,113,76,2538,65,17,2539
53358741,11750,506794377,55873946,-1936,-3723,-54,5294,292132700,2115,292132720,2115,135,-114,82,58,2494,34,0,2493
53368650,11750,506794368,55873920,-1937,-3723,-54,5294,292132700,2115,292132730,2115,135,-114,83,99,2504,34,40,2505
53378591,11750,506794360,55873894,-1937,-3723,-54,5295,292132700,2115,292132740,2115,135,-115,90,31,2515,41,-28,2515
53388606,11750,506794351,55873867,-1937,-3724,-55,5295,292132700,2115,292132750,2115,135,-115,98,63,2551,49,3,2551
53398874,11750,506794342,55873841,-1937,-3724,-55,5295,292132700,2115,292132760,2115,136,-115,101,85,2532,52,24,2533
53408729,11750,506794334,55873814,-1938,-3724,-56,5295,292132750,2115,292132770,2115,136,-115,89,100,2569,39,39,2570
53418702,11750,506794325,55873788,-1938,-3724,-56,5295,292132750,2115,292132780,2115,136,-116,92,57,2559,42,-4,2559
53428638,11750,506794316,55873762,-1938,-3724,-56,5295,292132750,2115,292132790,2115,136,-116,85,79,2529,35,19,2530
53438601,11750,506794308,55873736,-1939,-3725,-57,5295,292132750,2115,292132800,2115,136,-116,100,99,2512,50,39,2513
53448853,11751,506794299,55873710,-1939,-3725,-57,5295,292132750,2115,292132810,2115,136,-116,85,53,2510,36,-7,2510
53458741,11751,506794290,55873683,-1939,-3725,-57,5295,292132800,2115,292132820,2115,136,-116,81,83,2523,32,23,2523
53468663,11751,506794281,55873657,-1939,-3725,-57,5295,292132800,2115,292132830,2115,136,-115,113,90,2545,64,30,2546
53478573,11751,506794273,55873630,-1940,-3726,-57,5295,292132800,2115,292132840,2115,135,-115,105,74,2540,56,14,2541
53488591,11751,506794264,55873604,-1940,-3726,-57,5295,292132800,2115,292132850,2115,135,-115,99,101,2496,50,42,2498
53498887,11752,506794255,55873578,-1941,-3726,-57,5295,292132800,2115,292132860,2115,135,-115,91,89,2483,43,30,2483
53508748,11752,506794247,55873551,-1941,-3726,-57,5295,292132850,2115,292132870,2115,135,-115,74,66,2483,26,7,2483
53519058,11752,506794238,55873525,-1941,-3726,-57,5295,292132850,2115,292132880,2115,135,-115,95,72,2507,47,12,2508
53528572,11752,506794229,55873499,-1941,-3727,-57,5295,292132850,2115,292132890,2115,135,-115,114,63,2517,65,4,2517
53538568,11752,506794220,55873473,-1942,-3727,-57,5295,292132850,2115,292132900,2115,135,-114,95,117,2501,46,58,2502
53548958,11752,506794212,55873446,-1942,-3727,-57,5295,292132850,2115,292132910,2115,135,-114,70,70,2516,21,11,2516
53558713,11753,506794203,55873419,-1942,-3727,-58,5295,292132900,2115,292132920,2115,135,-114,81,67,2551,32,7,2551
53568660,11753,506794194,55873393,-1942,-3728,-58,5295,292132900,2115,292132930,2115,135,-114,92,65,2547,43,5,2547
53578579,11753,506794185,55873367,-1943,-3728,-58,5295,292132900,2115,292132940,2115,134,-113,129,90,2510,81,31,2512
53588580,11753,506794177,55873341,-1943,-3728,-58,5295,292132900,2115,292132950,2115,134,-113,100,61,2477,53,3,2478
53598819,11754,506794168,55873315,-1944,-3728,-58,5295,292132900,2115,292132960,2115,134,-113,69,109,2475,21,51,2476
53608730,11754,506794159,55873288,-1944,-3729,-58,5295,292132950,2115,292132970,2115,134,-113,86,67,2499,38,8,2499
53618675,11754,506794150,55873261,-1944,-3729,-58,5295,292132950,2115,292132980,2115,134,-112,94,61,2524,46,2,2524
53628600,11754,506794142,55873235,-1944,-3729,-58,5295,292132950,2115,292132990,2115,134,-112,121,61,2491,74,3,2491
53638562,11754,506794133,55873209,-1944,-3730,-58,5295,292132950,2115,292133000,2115,134,-112,111,71,2479,64,13,2480
53648824,11755,506794124,55873183,-1945,-3730,-58,5295,292132950,2115,292133010,2115,133,-112,91,95,2477,44,37,2478
53658740,11755,506794116,55873156,-1945,-3730,-57,5295,292133000,2115,292133020,2115,133,-112,84,79,2467,38,21,2468
53668660,11755,506794107,55873130,-1945,-3731,-57,5295,292133000,2115,292133030,2115,133,-112,104,26,2489,58,-32,2489
53678573,11755,506794098,55873103,-1946,-3731,-57,5295,292133000,2115,292133040,2115,133,-112,113,76,2441,67,19,2442
53689586,11755,506794089,55873077,-1946,-3731,-57,5295,292133000,2115,292133050,2115,133,-111,103,86,2458,57,29,2459
53698902,11756,506794081,55873051,-1946,-3732,-56,5295,292133000,2115,292133060,2115,132,-111,89,100,2494,42,42,2495
53708773,11756,506794072,55873024,-1947,-3732,-57,5295,292133050,2115,292133070,2115,132,-111,106,60,2527,59,1,2528
53718657,11756,506794063,55872998,-1947,-3732,-57,5295,292133050,2115,292133080,2115,132,-111,113,51,2511,66,-7,2511
53728577,11756,506794054,55872972,-1947,-3733,-57,5295,292133050,2115,292133090,2115,132,-111,105,98,2476,58,41,2478
53738638,11756,506794046,55872945,-1948,-3733,-56,5295,292133050,2115,292133100,2115,132,-111,100,61,2466,54,4,2467
53748836,11756,506794037,55872919,-1948,-3733,-56,5295,292133050,2115,292133110,2115,131,-111,93,70,2492,46,13,2493
53758729,11756,506794028,55872892,-1948,-3734,-56,5295,292133100,2115,292133120,2115,132,-111,107,76,2482,61,19,2483
53768681,11757,506794019,55872866,-1948,-3734,-56,5295,292133100,2115,292133130,2115,132,-110,106,66,2479,60,9,2479
53778584,11757,506794010,55872840,-1949,-3734,-56,5295,292133100,2115,292133140,2115,132,-110,110,72,2486,64,15,2487
53788592,11757,506794002,55872813,-1949,-3735,-56,5295,292133100,2115,292133150,2115,132,-110,103,44,2511,56,-14,2511
53799106,11757,506793993,55872787,-1949,-3735,-56,5295,292133100,2115,292133160,2115,132,-110,89,93,2471,43,36,2472
53808730,11757,506793984,55872760,-1950,-3735,-56,5295,292133150,2115,292133170,2115,132,-110,119,74,2475,73,17,2476
53818668,11757,506793975,55872734,-1950,-3736,-55,5295,292133150,2115,292133180,2115,132,-110,114,58,2471,68,1,2472
53828620,11757,506793967,55872708,-1950,-3736,-55,5295,292133150,2115,292133190,2115,132,-110,93,68,2465,47,11,2466
53838580,11757,506793958,55872681,-1951,-3737,-55,5295,292133150,2115,292133200,2115,132,-110,105,54,2496,59,-4,2497
53848898,11758,506793949,55872655,-1951,-3737,-55,5295,292133150,2115,292133210,2115,132,-110,112,58,2500,66,0,2500
53858754,11758,506793940,55872628,-1951,-3738,-55,5295,292133200,2115,292133220,2115,132,-111,119,59,2488,73,1,2488
53868687,11758,506793932,55872602,-1952,-3738,-55,5295,292133200,2115,292133230,2115,133,-111,121,97,2479,75,40,2481
53878580,11758,506793923,55872575,-1952,-3738,-54,5295,292133200,2115,292133240,2115,133,-111,103,72,2456,57,15,2457
53888577,11758,506793914,55872549,-1952,-3739,-54,5295,292133200,2115,292133250,2115,133,-111,90,41,2459,44,-16,2458
53898876,11758,506793905,55872523,-1952,-3739,-54,5295,292133200,2115,292133260,2115,133,-111,102,74,2457,56,17,2457
53908926,11758,506793897,55872496,-1953,-3739,-54,5295,292133250,2115,292133270,2115,133,-112,112,95,2482,65,37,2484
53918642,11758,506793888,55872470,-1953,-3740,-54,5295,292133250,2115,292133280,2115,134,-112,113,45,2503,66,-13,2504
53928582,11758,506793879,55872443,-1953,-3740,-54,5295,292133250,2115,292133290,2115,134,-112,115,55,2547,67,-4,2548
53938593,11758,506793870,55872417,-1953,-3741,-54,5295,292133250,2115,292133300,2115,134,-112,102,65,2531,54,6,2532
53948842,11758,506793861,55872391,-1953,-3741,-54,5295,292133250,2115,292133310,2115,134,-112,97,62,2476,50,4,2477
53958721,11758,506793853,55872364,-1954,-3741,-54,5295,292133300,2115,292133320,2115,135,-112,90,77,2443,44,20,2444
53968647,11758,506793844,55872337,-1954,-3742,-54,5295,292133300,2115,292133330,2115,135,-113,115,61,2495,67,2,2496
53978625,11758,506793835,55872311,-1954,-3742,-54,5295,292133300,2115,292133340,2115,135,-113,120,47,2520,72,-13,2521
53988614,11759,506793826,55872285,-1954,-3742,-54,5295,292133300,2115,292133350,2115,136,-113,105,76,2554,56,15,2554
53998873,11759,506793818,55872259,-1955,-3743,-54,5295,292133300,2115,292133360,2115,136,-113,94,73,2528,46,13,2529
54008719,11759,506793809,55872231,-1955,-3743,-54,5295,292133350,2115,292133370,2115,136,-113,97,90,2508,49,30,2509
54018675,11759,506793800,55872205,-1955,-3743,-55,5295,292133350,2115,292133380,2115,136,-113,114,50,2517,66,-10,2517
54028568,11759,506793791,55872179,-1956,-3744,-55,5295,292133350,2115,292133390,2115,137,-114,116,56,2506,68,-4,2506
54038595,11759,506793782,55872152,-1956,-3744,-54,5295,292133350,2115,292133400,2115,137,-114,120,40,2483,72,-19,2484
54048834,11759,506793774,55872126,-1956,-3745,-54,5295,292133350,2115,292133410,2115,137,-114,91,59,2480,44,0,2480
54058765,11759,506793765,55872099,-1956,-3745,-55,5295,292133400,2115,292133420,2115,138,-114,107,58,2537,58,-3,2537
54068674,11759,506793756,55872073,-1956,-3746,-55,5295,292133400,2115,292133430,2115,138,-115,114,66,2540,65,5,2540
54078572,11759,506793747,55872046,-1957,-3746,-55,5295,292133400,2115,292133440,2115,138,-115,114,70,2516,65,9,2516
54088985,11759,506793738,55872020,-1957,-3747,-55,5295,292133400,2115,292133450,2115,139,-115,104,45,2513,55,-16,2513
54100033,11759,506793730,55871994,-1957,-3747,-55,5295,292133400,2115,292133460,2115,140,-116,96,86,2507,47,25,2508
54108760,11759,506793721,55871966,-1957,-3747,-55,5295,292133450,2115,292133470,2115,140,-116,110,68,2496,61,7,2497
54119056,11759,506793712,55871940,-1958,-3748,-55,5295,292133450,2115,292133480,2115,141,-116,103,53,2526,54,-10,2526
54128613,11759,506793703,55871914,-1958,-3748,-56,5295,292133450,2115,292133490,2115,142,-116,95,36,2538,46,-27,2538
54138587,11759,506793694,55871888,-1958,-3748,-56,5295,292133450,2115,292133500,2115,142,-116,103,67,2556,53,3,2556
54149209,11759,506793686,55871861,-1958,-3749,-56,5295,292133450,2115,292133510,2115,143,-116,96,78,2516,47,15,2516
54158723,11759,506793677,55871834,-1958,-3749,-57,5295,292133500,2115,292133520,2115,144,-116,88,42,2521,39,-21,2521
54168646,11759,506793668,55871808,-1958,-3749,-57,5295,292133500,2115,292133530,2115,144,-116,114,49,2534,65,-15,2535
54178588,11759,506793659,55871781,-1958,-3750,-57,5295,292133500,2115,292133540,2115,145,-116,118,42,2482,70,-21,2482
54188569,11759,506793650,55871755,-1959,-3750,-57,5295,292133500,2115,292133550,2115,145,-115,103,72,2518,54,8,2518
54199837,11759,506793642,55871729,-1959,-3751,-57,5295,292133500,2115,292133560,2115,146,-115,111,56,2518,62,-8,2518
54208738,11759,506793633,55871701,-1959,-3751,-57,5295,292133550,2115,292133570,2115,146,-115,97,56,2515,49,-8,2515
54218673,11759,506793624,55871675,-1959,-3751,-57,5295,292133550,2115,292133580,2115,147,-115,113,80,2536,64,15,2537
54228575,11759,506793615,55871649,-1959,-3752,-57,5295,292133550,2115,292133590,2115,147,-114,88,30,2529,40,-35,2528
54238599,11759,506793606,55871622,-1959,-3752,-58,5295,292133550,2115,292133600,2115,148,-114,109,80,2519,60,15,2520
54248837,11759,506793598,55871596,-1959,-3753,-58,5295,292133550,2115,292133610,2115,148,-114,101,42,2505,53,-23,2505
54258755,11759,506793589,55871569,-1960,-3753,-58,5295,292133600,2115,292133620,2115,149,-114,103,78,2516,55,13,2517
54269391,11759,506793580,55871542,-1960,-3753,-58,5295,292133600,2115,292133630,2115,149,-113,113,63,2467,66,-1,2468
54278585,11759,506793571,55871516,-1960,-3754,-58,5295,292133600,2115,292133640,2115,150,-113,135,26,2504,87,-39,2504
54288585,11759,506793562,55871490,-1961,-3754,-58,5295,292133600,2115,292133650,2115,150,-113,107,123,2490,59,58,2492
54299615,11759,506793554,55871463,-1961,-3755,-57,5295,292133600,2115,292133660,2115,150,-113,110,60,2485,63,-5,2485
54308760,11759,506793545,55871436,-1961,-3755,-57,5295,292133650,2115,292133670,2115,151,-113,95,48,2482,48,-17,2482
54318664,11759,506793536,55871410,-1961,-3756,-57,5295,292133650,2115,292133680,2115,151,-113,100,73,2496,52,7,2496
54329159,11759,506793527,55871383,-1961,-3756,-57,5295,292133650,2115,292133690,2115,151,-113,115,70,2486,67,4,2486
54338577,11759,506793518,55871357,-1961,-3757,-57,5295,292133650,2115,292133700,2115,152,-113,100,40,2512,52,-27,2512
54348826,11759,506793509,55871331,-1962,-3757,-58,5295,292133650,2115,292133710,2115,152,-113,106,68,2544,57,0,2545
54359490,11759,506793501,55871303,-1962,-3757,-58,5295,292133700,2115,292133720,2115,153,-113,112,86,2506,64,19,2507
54368651,11759,506793492,55871277,-1962,-3758,-57,5295,292133700,2115,292133730,2115,153,-113,116,69,2479,69,3,2480
54378609,11759,506793483,55871250,-1962,-3758,-57,5295,292133700,2115,292133740,2115,154,-113,104,18,2464,57,-48,2463
54389217,11759,506793474,55871224,-1962,-3759,-57,5295,292133700,2115,292133750,2115,154,-113,87,107,2477,39,41,2478
54399933,11759,506793465,55871198,-1963,-3759,-57,5296,292133700,2115,292133760,2115,154,-114,113,83,2473,66,16,2474
54408729,11759,506793457,55871170,-1963,-3760,-57,5296,292133750,2115,292133770,2115,155,-113,120,35,2529,72,-33,2530
54419465,11759,506793448,55871144,-1963,-3760,-57,5296,292133750,2115,292133780,2115,155,-114,99,88,2516,50,20,2518
54428573,11759,506793439,55871117,-1964,-3760,-57,5296,292133750,2115,292133790,2115,155,-114,118,78,2499,70,10,2501
54438610,11759,506793430,55871091,-1964,-3761,-57,5296,292133750,2115,292133800,2115,156,-114,115,39,2510,67,-29,2510
54449106,11759,506793421,55871065,-1964,-3761,-57,5296,292133750,2115,292133810,2115,156,-114,91,89,2478,44,22,2479
54458741,11759,506793413,55871037,-1964,-3762,-57,5296,292133800,2115,292133820,2115,156,-114,103,49,2455,56,-18,2455
54468663,11759,506793404,55871011,-1964,-3762,-56,5296,292133800,2115,292133830,2115,157,-114,110,29,2480,63,-39,2479
54479092,11759,506793395,55870984,-1964,-3762,-56,5296,292133800,2115,292133840,2115,157,-114,88,108,2501,39,40,2503
54488596,11758,506793386,55870958,-1964,-3763,-57,5296,292133800,2115,292133850,2115,157,-114,111,54,2528,62,-15,2528
54499098,11758,506793377,55870932,-1965,-3763,-57,5296,292133800,2115,292133860,2115,157,-114,102,54,2496,54,-15,2496
54509103,11758,506793368,55870904,-1965,-3764,-57,5296,292133850,2115,292133870,2115,157,-114,112,87,2486,64,19,2488
54518657,11758,506793360,55870878,-1965,-3764,-56,5296,292133850,2115,292133880,2115,157,-114,90,74,2460,42,6,2460
54528564,11758,506793351,55870851,-1965,-3764,-56,5296,292133850,2115,292133890,2115,157,-114,91,62,2495,43,-7,2496
54540913,11758,506793342,55870825,-1965,-3765,-56,5296,292133850,2115,292133900,2115,158,-114,111,62,2515,63,-7,2515
54548848,11758,506793333,55870798,-1965,-3765,-56,5296,292133850,2115,292133910,2115,158,-114,111,49,2508,63,-20,2508
54558911,11758,506793324,55870771,-1966,-3766,-56,5296,292133900,2115,292133920,2115,158,-114,95,54,2481,48,-15,2481
54569164,11758,506793315,55870745,-1966,-3766,-56,5296,292133900,2115,292133930,2115,158,-114,97,67,2526,49,-3,2527
54578576,11758,506793307,55870718,-1966,-3766,-57,5296,292133900,2115,292133940,2115,158,-114,96,84,2544,47,13,2545
54588586,11758,506793298,55870692,-1966,-3767,-57,5296,292133900,2115,292133950,2115,158,-114,125,80,2495,77,11,2496
54598854,11758,506793289,55870665,-1967,-3767,-56,5296,292133900,2115,292133960,2115,158,-114,97,71,2459,50,3,2459
54608717,11758,506793280,55870638,-1967,-3767,-56,5296,292133950,2115,292133970,2115,158,-114,104,73,2457,57,5,2458
54618655,11758,506793271,55870611,-1966,-3768,-56,5296,292133950,2115,292133980,2115,158,-114,118,-15,2472,71,-83,2471
54629405,11758,506793262,55870585,-1967,-3768,-56,5296,292133950,2115,292133990,2115,158,-114,101,64,2492,53,-5,2493
54638565,11758,506793254,55870558,-1967,-3768,-56,5296,292133950,2115,292134000,2115,158,-114,71,144,2487,23,75,2489
54648871,11758,506793245,55870532,-1967,-3769,-56,5296,292133950,2115,292134010,2115,158,-114,98,62,2479,51,-6,2480
54659000,11758,506793236,55870504,-1967,-3769,-56,5296,292134000,2115,292134020,2115,158,-114,104,57,2506,56,-12,2506
54668682,11758,506793227,55870478,-1967,-3770,-56,5296,292134000,2115,292134030,2115,158,-113,90,20,2502,43,-49,2501
54678607,11758,506793218,55870452,-1968,-3770,-56,5296,292134000,2115,292134040,2115,158,-113,87,98,2489,39,29,2490
54688973,11757,506793209,55870425,-1968,-3770,-56,5296,292134000,2115,292134050,2115,158,-113,74,97,2492,27,28,2492
54698863,11757,506793201,55870399,-1968,-3770,-56,5296,292134000,2115,292134060,2115,157,-113,78,62,2527,30,-7,2527
54708739,11757,506793192,55870371,-1968,-3771,-56,5296,292134050,2115,292134070,2115,157,-113,107,75,2552,58,5,2553
54719105,11757,506793183,55870345,-1968,-3771,-56,5296,292134050,2115,292134080,2115,157,-112,108,34,2513,61,-35,2513
54728585,11757,506793174,55870318,-1968,-3771,-56,5296,292134050,2115,292134090,2115,157,-112,84,85,2452,38,18,2452
54738589,11757,506793165,55870292,-1969,-3771,-55,5296,292134050,2115,292134100,2115,157,-111,66,110,2417,20,44,2418
54749604,11757,506793156,55870265,-1969,-3772,-55,5296,292134050,2115,292134110,2115,157,-111,109,14,2456,64,-53,2455
54759170,11757,506793148,55870238,-1969,-3773,-55,5296,292134100,2115,292134120,2115,156,-110,114,43,2484,68,-25,2484
54768643,11757,506793139,55870211,-1969,-3773,-55,5296,292134100,2115,292134130,2115,156,-110,136,87,2489,90,20,2491
54779047,11757,506793130,55870185,-1969,-3773,-54,5296,292134100,2115,292134140,2115,155,-110,83,64,2390,39,-1,2390
54788573,11757,506793121,55870158,-1970,-3774,-54,5296,292134100,2115,292134150,2115,154,-109,86,97,2478,41,30,2479
54798888,11757,506793112,55870132,-1970,-3774,-53,5296,292134100,2115,292134160,2115,154,-108,77,72,2458,33,6,2458
54808708,11757,506793103,55870104,-1970,-3774,-53,5296,292134150,2115,292134170,2115,153,-108,92,65,2433,48,0,2433
54818661,11757,506793094,55870078,-1970,-3774,-53,5296,292134150,2115,292134180,2115,152,-107,94,35,2482,49,-31,2482
54828612,11757,506793086,55870051,-1971,-3775,-53,5296,292134150,2115,292134190,2115,152,-107,102,100,2530,57,33,2531
54839481,11757,506793077,55870025,-1971,-3775,-53,5296,292134150,2115,292134200,2115,151,-106,98,118,2462,53,53,2464
54848872,11757,506793068,55869998,-1971,-3775,-52,5296,292134150,2115,292134210,2115,151,-106,81,27,2467,37,-38,2467
54858738,11757,506793059,55869971,-1971,-3776,-52,5296,292134200,2115,292134220,2115,151,-105,103,57,2443,60,-7,2444
54868675,11757,506793050,55869944,-1972,-3776,-51,5296,292134200,2115,292134230,2115,151,-104,97,147,2413,54,83,2416
54878577,11757,506793041,55869918,-1972,-3776,-51,5296,292134200,2115,292134240,2115,151,-103,71,26,2423,29,-38,2422
54888576,11757,506793032,55869891,-1972,-3777,-51,5296,292134200,2115,292134250,2115,151,-103,92,44,2497,49,-22,2496
54899809,11757,506793024,55869865,-1972,-3777,-50,5296,292134200,2115,292134260,2115,151,-102,96,60,2485,53,-5,2486
54908744,11757,506793015,55869837,-1972,-3777,-50,5296,292134250,2115,292134270,2115,151,-102,146,75,2453,105,10,2454
54919439,11757,506793006,55869811,-1972,-3778,-49,5296,292134250,2115,292134280,2115,151,-101,45,49,2408,4,-14,2407
54928587,11757,506792997,55869784,-1973,-3777,-49,5296,292134250,2115,292134290,2115,152,-101,68,140,2432,26,75,2434
54938588,11757,506792988,55869758,-1973,-3778,-48,5296,292134250,2115,292134300,2115,152,-101,93,22,2438,52,-43,2437
54948841,11757,506792979,55869731,-1973,-3779,-48,5296,292134250,2115,292134310,2115,152,-100,135,38,2484,94,-28,2484
54959583,11757,506792970,55869704,-1973,-3779,-48,5296,292134300,2115,292134320,2115,152,-100,100,18,2457,59,-47,2456
54968644,11757,506792961,55869677,-1973,-3779,-47,5296,292134300,2115,292134330,2115,152,-100,82,108,2440,41,42,2441
54978587,11757,506792953,55869651,-1973,-3780,-47,5296,292134300,2115,292134340,2115,153,-100,96,61,2444,55,-4,2444
54988586,11757,506792944,55869624,-1973,-3780,-47,5296,292134300,2115,292134350,2115,153,-100,84,19,2480,42,-47,2479
54999798,11757,506792935,55869598,-1973,-3781,-47,5296,292134300,2115,292134360,2115,153,-100,104,49,2459,63,-17,2459
55008716,11757,506792926,55869570,-1974,-3781,-46,5296,292134350,2115,292134370,2115,153,-100,107,86,2429,66,21,2430
55018677,11757,506792917,55869543,-1974,-3782,-45,5296,292134350,2115,292134380,2115,154,-100,65,54,2418,24,-11,2417
55028600,11757,506792908,55869517,-1974,-3782,-45,5296,292134350,2115,292134390,2115,154,-100,77,16,2502,35,-51,2500
55038575,11757,506792899,55869490,-1974,-3782,-45,5296,292134350,2115,292134400,2115,154,-100,85,63,2484,43,-4,2485
55050453,11757,506792891,55869464,-1974,-3783,-45,5296,292134350,2115,292134410,2115,155,-100,99,97,2495,57,29,2496
55058746,11757,506792882,55869436,-1974,-3783,-45,5296,292134400,2115,292134420,2115,156,-100,119,42,2529,77,-27,2530
55068679,11757,506792873,55869410,-1974,-3784,-45,5296,292134400,2115,292134430,2115,156,-100,82,53,2470,41,-15,2470
55078648,11757,506792864,55869383,-1975,-3784,-45,5296,292134400,2115,292134440,2115,157,-99,74,76,2439,33,9,2439
55088557,11758,506792855,55869357,-1975,-3784,-44,5296,292134400,2115,292134450,2115,157,-99,26,71,2450,-15,4,2449
55098862,11758,506792846,55869330,-1975,-3784,-45,5296,292134400,2115,292134460,2115,158,-99,78,82,2573,35,10,2573
55108729,11758,506792837,55869302,-1975,-3784,-45,5296,292134450,2115,292134470,2115,159,-99,96,43,2528,54,-27,2528
55118660,11758,506792828,55869276,-1975,-3785,-46,5296,292134450,2115,292134480,2115,160,-99,124,55,2583,82,-17,2584
55128570,11758,506792820,55869249,-1975,-3785,-46,5296,292134450,2115,292134490,2115,160,-99,73,60,2501,31,-11,2500
55138598,11758,506792811,55869223,-1975,-3786,-45,5296,292134450,2115,292134500,2115,161,-99,94,68,2455,53,-1,2455
55149398,11758,506792802,55869196,-1975,-3786,-45,5296,292134450,2115,292134510,2115,161,-99,69,67,2427,28,-1,2427
55158715,11758,506792793,55869168,-1975,-3786,-44,5296,292134500,2115,292134520,2115,162,-99,55,83,2449,15,14,2449
55168637,11758,506792784,55869142,-1975,-3786,-44,5296,292134500,2115,292134530,2115,162,-99,122,54,2525,80,-17,2525
55178597,11758,506792775,55869115,-1976,-3787,-45,5296,292134500,2115,292134540,2115,163,-99,116,104,2543,73,32,2545
55188591,11758,506792766,55869089,-1976,-3787,-45,5296,292134500,2115,292134550,2115,164,-100,82,18,2553,39,-55,2552
55198858,11758,506792757,55869062,-1976,-3788,-45,5296,292134500,2115,292134560,2115,165,-100,82,64,2535,39,-9,2535
55208718,11758,506792749,55869035,-1976,-3787,-46,5296,292134550,2115,292134570,2115,165,-101,14,102,2504,-28,30,2504
55218644,11758,506792740,55869008,-1976,-3788,-46,5296,292134550,2115,292134580,2115,166,-101,112,64,2517,69,-9,2518
55228580,11758,506792731,55868981,-1976,-3788,-46,5296,292134550,2115,292134590,2115,166,-102,52,28,2556,9,-46,2555
55239055,11758,506792722,55868955,-1977,-3788,-47,5296,292134550,2115,292134600,2115,167,-103,120,162,2617,75,86,2621
55248843,11758,506792713,55868928,-1977,-3789,-48,5296,292134550,2115,292134610,2115,167,-104,94,70,2604,49,-6,2605
55258767,11758,506792704,55868901,-1977,-3789,-49,5296,292134600,2115,292134620,2115,168,-104,95,16,2601,50,-60,2600
55268662,11758,506792695,55868874,-1977,-3789,-49,5296,292134600,2115,292134630,2115,168,-105,37,65,2516,-8,-9,2515
55278578,11758,506792686,55868847,-1977,-3789,-49,5296,292134600,2115,292134640,2115,168,-106,64,145,2547,18,70,2549
55288585,11758,506792678,55868821,-1977,-3789,-50,5296,292134600,2115,292134650,2115,169,-107,89,89,2572,43,13,2573
55299115,11758,506792669,55868794,-1978,-3790,-51,5296,292134600,2115,292134660,2115,169,-108,119,62,2624,71,-16,2624
55308720,11758,506792660,55868767,-1978,-3790,-52,5296,292134650,2115,292134670,2115,169,-109,75,49,2612,27,-29,2611
55318638,11758,506792651,55868740,-1978,-3790,-52,5296,292134650,2115,292134680,2115,170,-110,39,86,2595,-9,9,2594
55328576,11758,506792642,55868713,-1978,-3790,-53,5296,292134650,2115,292134690,2115,170,-110,53,86,2586,5,9,2586
55338583,11758,506792633,55868687,-1978,-3790,-54,5296,292134650,2115,292134700,2115,170,-111,95,72,2616,46,-6,2617
55348833,11758,506792624,55868660,-1977,-3791,-55,5296,292134650,2115,292134710,2115,170,-112,90,15,2603,41,-62,2602
55358711,11758,506792615,55868632,-1978,-3791,-56,5296,292134700,2115,292134720,2115,170,-112,93,151,2618,43,74,2621
55368643,11758,506792607,55868606,-1978,-3791,-56,5296,292134700,2115,292134730,2115,170,-113,59,85,2609,10,8,2609
55378593,11758,506792598,55868579,-1978,-3791,-57,5296,292134700,2115,292134740,2115,170,-113,61,66,2627,11,-12,2627
55388608,11757,506792589,55868553,-1978,-3791,-58,5296,292134700,2115,292134750,2115,170,-113,50,69,2623,0,-9,2623
55398828,11757,506792580,55868526,-1978,-3791,-59,5296,292134700,2115,292134760,2115,170,-114,87,85,2617,37,7,2617
55408735,11757,506792571,55868498,-1978,-3792,-60,5296,292134750,2115,292134770,2115,170,-114,92,81,2607,41,3,2608
55418671,11757,506792562,55868472,-1978,-3792,-61,5296,292134750,2115,292134780,2115,170,-114,77,72,2601,27,-6,2601
55428612,11757,506792553,55868445,-1978,-3792,-62,5297,292134750,2115,292134790,2115,170,-114,57,102,2610,6,25,2610
55438555,11757,506792544,55868419,-1979,-3792,-62,5297,292134750,2115,292134800,2115,170,-114,79,113,2550,29,38,2552
55449095,11757,506792535,55868392,-1978,-3792,-63,5297,292134750,2115,292134810,2115,170,-115,85,1,2576,35,-76,2574
55458740,11757,506792527,55868364,-1979,-3792,-63,5297,292134800,2115,292134820,2115,170,-115,78,84,2518,29,9,2519
55468666,11757,506792518,55868338,-1979,-3793,-63,5297,292134800,2115,292134830,2115,171,-115,80,74,2530,31,-2,2530
55478600,11757,506792509,55868311,-1979,-3793,-63,5297,292134800,2115,292134840,2115,171,-115,76,104,2529,26,28,2530
55488585,11757,506792500,55868284,-1979,-3793,-63,5297,292134800,2115,292134850,2115,171,-115,64,61,2506,16,-14,2506
55499070,11757,506792491,55868258,-1979,-3793,-63,5297,292134800,2115,292134860,2115,171,-115,97,43,2491,49,-31,2491
55508757,11757,506792482,55868230,-1979,-3794,-63,5297,292134850,2115,292134870,2115,171,-114,63,63,2476,15,-11,2475
55518647,11757,506792473,55868203,-1979,-3794,-63,5297,292134850,2115,292134880,2115,171,-114,79,117,2532,30,41,2534
55528579,11757,506792464,55868177,-1979,-3794,-64,5297,292134850,2115,292134890,2115,171,-114,95,29,2526,46,-47,2525
55538562,11757,506792455,55868150,-1979,-3794,-64,5297,292134850,2115,292134900,2115,172,-114,70,76,2530,21,0,2531
55549980,11757,506792447,55868124,-1980,-3794,-64,5297,292134850,2115,292134910,2115,172,-113,55,122,2510,6,46,2511
55558722,11757,506792438,55868096,-1979,-3794,-64,5297,292134900,2115,292134920,2115,172,-113,57,51,2502,9,-25,2501
55568654,11757,506792429,55868069,-1980,-3794,-64,5297,292134900,2115,292134930,2115,173,-112,67,74,2471,20,-1,2471
55579451,11758,506792420,55868043,-1980,-3794,-64,5297,292134900,2115,292134940,2115,173,-111,63,84,2490,16,9,2491
55588581,11758,506792411,55868016,-1980,-3795,-63,5297,292134900,2115,292134950,2115,173,-110,83,84,2476,37,9,2477
55598838,11758,506792402,55867989,-1980,-3795,-63,5297,292134900,2115,292134960,2115,174,-109,86,82,2434,42,8,2435
55608718,11758,506792393,55867962,-1980,-3795,-62,5297,292134950,2115,292134970,2115,174,-108,80,56,2429,36,-18,2429
55618696,11758,506792384,55867935,-1980,-3795,-62,5297,292134950,2115,292134980,2115,175,-107,65,68,2401,22,-6,2401
55628601,11759,506792375,55867908,-1980,-3796,-60,5297,292134950,2115,292134990,2115,175,-106,72,89,2349,31,17,2350
55638582,11759,506792366,55867882,-1980,-3796,-59,5297,292134950,2115,292135000,2115,175,-105,79,52,2352,38,-20,2352
55648818,11759,506792358,55867855,-1981,-3796,-58,5297,292134950,2115,292135010,2115,175,-104,74,95,2397,32,22,2398
55658728,11759,506792349,55867827,-1981,-3796,-58,5297,292135000,2115,292135020,2115,175,-103,87,126,2422,44,52,2424
55668647,11760,506792340,55867801,-1981,-3796,-57,5297,292135000,2115,292135030,2115,175,-102,79,63,2421,38,-11,2421
55678573,11760,506792331,55867774,-1982,-3796,-57,5297,292135000,2115,292135040,2115,175,-102,64,128,2425,22,54,2426
55689491,11760,506792322,55867747,-1982,-3797,-56,5297,292135000,2115,292135050,2115,175,-101,93,114,2374,53,42,2376
55698859,11760,506792313,55867721,-1982,-3797,-54,5297,292135000,2115,292135060,2115,174,-101,80,51,2347,41,-21,2346
55708779,11761,506792304,55867693,-1982,-3797,-54,5297,292135050,2115,292135070,2115,174,-100,73,85,2397,33,12,2398
55718688,11761,506792295,55867666,-1983,-3797,-53,5297,292135050,2115,292135080,2115,174,-100,91,110,2383,50,37,2384
55728576,11761,506792286,55867640,-1983,-3798,-52,5297,292135050,2115,292135090,2115,174,-100,92,133,2372,52,61,2375
55738586,11762,506792277,55867613,-1984,-3798,-51,5297,292135050,2115,292135100,2115,173,-100,74,119,2404,34,46,2406
55749436,11762,506792269,55867586,-1984,-3798,-50,5297,292135050,2115,292135110,2115,173,-100,65,85,2408,25,12,2408
55758740,11762,506792260,55867559,-1985,-3798,-50,5297,292135100,2115,292135120,2115,172,-100,88,105,2414,47,33,2415
55768659,11762,506792251,55867532,-1985,-3798,-49,5297,292135100,2115,292135130,2115,172,-100,77,113,2449,36,39,2451
55778599,11762,506792242,55867505,-1985,-3798,-49,5297,292135100,2115,292135140,2115,171,-100,67,92,2431,26,19,2432
55788601,11763,506792233,55867479,-1986,-3798,-48,5297,292135100,2115,292135150,2115,170,-100,75,123,2405,34,51,2406
55798825,11763,506792224,55867452,-1986,-3798,-48,5297,292135100,2115,292135160,2115,170,-101,87,102,2462,45,29,2464
55808759,11763,506792215,55867424,-1986,-3799,-47,5297,292135150,2115,292135170,2115,169,-102,72,84,2473,30,11,2474
55818659,11763,506792206,55867398,-1987,-3799,-47,5297,292135150,2115,292135180,2115,168,-102,83,135,2474,40,62,2476
55828587,11764,506792197,55867371,-1987,-3799,-47,5297,292135150,2115,292135190,2115,168,-103,97,98,2493,54,25,2495
55838600,11764,506792188,55867344,-1987,-3799,-47,5297,292135150,2115,292135200,2115,167,-104,78,112,2500,34,39,2501
55849987,11764,506792179,55867318,-1988,-3799,-47,5297,292135150,2115,292135210,2115,167,-105,89,98,2459,45,26,2460
55858745,11764,506792170,55867290,-1988,-3799,-47,5297,292135200,2115,292135220,2115,166,-106,70,77,2479,26,5,2479
55869297,11764,506792161,55867263,-1988,-3799,-47,5297,292135200,2115,292135230,2115,166,-107,70,118,2487,25,46,2488
55878601,11765,506792152,55867237,-1989,-3800,-47,5297,292135200,2115,292135240,2115,165,-109,98,90,2521,52,18,2523
55888569,11765,506792144,55867210,-1989,-3800,-47,5297,292135200,2115,292135250,2115,165,-110,75,70,2522,28,-2,2522
55899538,11765,506792135,55867183,-1989,-3800,-47,5297,292135200,2115,292135260,2115,164,-111,70,139,2566,21,66,2567
55908745,11765,506792126,55867155,-1989,-3800,-48,5297,292135250,2115,292135270,2115,164,-113,94,87,2563,45,13,2564
55918985,11765,506792117,55867129,-1990,-3800,-48,5297,292135250,2115,292135280,2115,163,-114,77,70,2550,28,-3,2550
55928577,11765,506792108,55867102,-1990,-3800,-49,5297,292135250,2115,292135290,2115,163,-115,75,102,2594,25,28,2595
55938591,11766,506792099,55867075,-1990,-3800,-50,5297,292135250,2115,292135300,2115,163,-117,79,131,2578,28,57,2580
55948846,11766,506792090,55867049,-1990,-3801,-51,5297,292135250,2115,292135310,2115,163,-118,73,45,2605,21,-29,2605
55959209,11766,506792081,55867021,-1990,-3801,-52,5297,292135300,2115,292135320,2115,163,-119,70,87,2663,16,12,2664
55968686,11766,506792072,55866994,-1991,-3801,-53,5297,292135300,2115,292135330,2115,163,-120,59,118,2617,5,44,2618
55978585,11766,506792063,55866968,-1991,-3801,-54,5297,292135300,2115,292135340,2115,162,-121,79,73,2632,25,-2,2632
55988601,11766,506792054,55866941,-1991,-3801,-55,5297,292135300,2115,292135350,2115,162,-122,72,102,2630,17,27,2631
55998812,11766,506792045,55866914,-1991,-3801,-56,5297,292135300,2115,292135360,2115,163,-123,65,63,2615,10,-12,2615
56008711,11767,506792036,55866887,-1991,-3801,-56,5297,292135350,2115,292135370,2115,163,-124,72,71,2586,18,-3,2586
56019093,11767,506792027,55866860,-1991,-3801,-57,5297,292135350,2115,292135380,2115,163,-124,89,76,2594,34,2,2594
56028582,11767,506792018,55866834,-1991,-3801,-58,5297,292135350,2115,292135390,2115,163,-125,81,83,2644,25,8,2645
56039234,11767,506792009,55866807,-1992,-3802,-59,5297,292135350,2115,292135400,2115,163,-125,92,108,2600,37,34,2602
56048743,11767,506792000,55866780,-1992,-3802,-60,5297,292135350,2115,292135410,2115,164,-125,79,44,2595,24,-30,2595
56058729,11767,506791991,55866753,-1992,-3802,-61,5297,292135400,2115,292135420,2115,164,-125,56,81,2606,1,6,2606
56068591,11768,506791983,55866726,-1992,-3802,-61,5297,292135400,2115,292135430,2115,164,-125,68,61,2592,13,-14,2591
56079291,11768,506791974,55866700,-1992,-3802,-62,5297,292135400,2115,292135440,2115,165,-124,81,87,2606,26,12,2607
56088577,11768,506791965,55866673,-1992,-3802,-63,5297,292135400,2115,292135450,2115,165,-124,62,102,2625,6,26,2626
56100006,11768,506791956,55866646,-1992,-3802,-64,5297,292135400,2115,292135460,2115,165,-123,79,73,2623,24,-3,2623
56109218,11769,506791947,55866619,-1992,-3802,-65,5297,292135450,2115,292135470,2115,165,-123,74,69,2588,20,-6,2588
56118657,11769,506791938,55866592,-1992,-3802,-65,5297,292135450,2115,292135480,2115,166,-122,71,105,2549,19,31,2550
56128571,11769,506791929,55866565,-1993,-3803,-65,5297,292135450,2115,292135490,2115,166,-121,74,110,2527,22,36,2529
56139307,11769,506791920,55866539,-1993,-3803,-65,5297,292135450,2115,292135500,2115,166,-120,80,82,2516,29,9,2516
56149190,11770,506791911,55866512,-1993,-3803,-66,5297,292135450,2115,292135510,2115,167,-119,87,83,2528,36,10,2528
56158940,11770,506791902,55866485,-1994,-3803,-66,5297,292135500,2115,292135520,2115,167,-118,68,108,2526,18,34,2527
56168642,11770,506791893,55866458,-1994,-3803,-66,5297,292135500,2115,292135530,2115,167,-116,74,85,2510,25,11,2510
56178596,11771,506791884,55866431,-1994,-3803,-66,5297,292135500,2115,292135540,2115,167,-115,85,106,2475,37,34,2476
56188565,11771,506791875,55866405,-1994,-3803,-65,5297,292135500,2115,292135550,2115,167,-114,72,115,2436,25,44,2437
56199561,11771,506791866,55866378,-1994,-3803,-65,5297,292135500,2115,292135560,2115,167,-113,71,62,2447,24,-10,2447
56208714,11771,506791857,55866350,-1995,-3804,-65,5297,292135550,2115,292135570,2115,167,-112,90,77,2464,44,5,2465
56218652,11772,506791848,55866324,-1995,-3804,-65,5297,292135550,2115,292135580,2115,167,-111,76,138,2485,30,65,2488
56229009,11772,506791839,55866297,-1996,-3804,-64,5297,292135550,2115,292135590,2115,167,-110,84,138,2455,38,66,2458
56238602,11772,506791830,55866270,-1996,-3804,-64,5297,292135550,2115,292135600,2115,167,-109,85,67,2458,40,-5,2458
56248814,11772,506791821,55866244,-1996,-3804,-64,5297,292135550,2115,292135610,2115,167,-108,64,109,2471,19,37,2472
56259127,11773,506791812,55866216,-1997,-3804,-63,5297,292135600,2115,292135620,2115,167,-107,81,111,2423,38,40,2425
56268659,11773,506791803,55866189,-1997,-3804,-62,5297,292135600,2115,292135630,2115,167,-106,83,90,2426,39,19,2427
56278612,11773,506791794,55866163,-1997,-3804,-62,5297,292135600,2115,292135640,2115,166,-105,72,77,2455,28,6,2455
56288981,11773,506791785,55866136,-1998,-3804,-61,5297,292135600,2115,292135650,2115,166,-105,70,155,2413,27,85,2415
56298850,11773,506791776,55866109,-1998,-3804,-61,5297,292135600,2115,292135660,2115,165,-104,75,83,2419,33,13,2420
56308722,11774,506791767,55866082,-1998,-3805,-60,5297,292135650,2115,292135670,2115,165,-104,91,85,2441,49,15,2442
56318988,11774,506791758,55866055,-1999,-3805,-60,5297,292135650,2115,292135680,2115,164,-103,88,111,2437,46,41,2439
56328593,11774,506791749,55866028,-1999,-3805,-59,5297,292135650,2115,292135690,2115,164,-103,91,104,2409,49,35,2410
56338585,11774,506791740,55866002,-2000,-3805,-59,5297,292135650,2115,292135700,2115,163,-103,79,134,2426,37,65,2428
56349198,11774,506791731,55865975,-2000,-3805,-58,5297,292135650,2115,292135710,2115,163,-103,75,84,2424,33,15,2425
56359227,11775,506791722,55865947,-2000,-3806,-57,5297,292135700,2115,292135720,2115,162,-103,65,54,2398,24,-15,2397
56368638,11775,506791713,55865921,-2001,-3805,-57,5297,292135700,2115,292135730,2115,162,-103,71,137,2440,28,68,2442
56378580,11775,506791704,55865894,-2001,-3805,-56,5297,292135700,2115,292135740,2115,161,-103,56,92,2459,13,23,2460
56388565,11775,506791695,55865867,-2001,-3806,-56,5297,292135700,2115,292135750,2115,160,-103,74,62,2445,31,-6,2445
56399961,11775,506791686,55865841,-2001,-3806,-56,5297,292135700,2115,292135760,2115,159,-104,68,144,2448,25,76,2450
56408717,11776,506791677,55865813,-2002,-3806,-55,5297,292135750,2115,292135770,2115,158,-104,61,79,2474,18,11,2474
56418643,11776,506791668,55865786,-2002,-3806,-55,5297,292135750,2115,292135780,2115,158,-105,71,98,2445,28,31,2446
56428586,11776,506791659,55865760,-2002,-3806,-54,5297,292135750,2115,292135790,2115,157,-105,62,65,2442,19,-2,2441
56438595,11776,506791650,55865733,-2002,-3806,-54,5297,292135750,2115,292135800,2115,157,-106,50,90,2437,6,24,2438
56449949,11776,506791641,55865706,-2003,-3806,-53,5298,292135750,2115,292135810,2115,156,-106,38,117,2432,-6,50,2433
56458742,11776,506791632,55865679,-2002,-3806,-53,5298,292135800,2115,292135820,2115,155,-106,39,54,2473,-5,-13,2472
56468958,11777,506791623,55865652,-2003,-3806,-53,5298,292135800,2115,292135830,2115,155,-107,39,89,2497,-6,21,2497
56478567,11777,506791614,55865625,-2003,-3805,-53,5298,292135800,2115,292135840,2115,154,-107,52,94,2509,6,27,2509
56488573,11777,506791605,55865598,-2003,-3805,-53,5298,292135800,2115,292135850,2115,154,-107,43,66,2489,-2,-1,2489
56499453,11777,506791596,55865572,-2003,-3805,-53,5298,292135800,2115,292135860,2115,154,-108,26,99,2455,-19,33,2455
56508740,11777,506791587,55865544,-2003,-3805,-53,5298,292135850,2115,292135870,2115,153,-108,24,93,2473,-21,26,2473
56518886,11778,506791578,55865517,-2003,-3805,-53,5298,292135850,2115,292135880,2115,153,-108,34,87,2498,-11,19,2498
56528971,11778,506791569,55865491,-2003,-3805,-53,5298,292135850,2115,292135890,2115,153,-108,34,58,2505,-12,-9,2504
56538562,11778,506791560,55865464,-2003,-3805,-53,5298,292135850,2115,292135900,2115,153,-108,23,56,2494,-22,-11,2493
56548823,11778,506791551,55865437,-2003,-3804,-52,5298,292135850,2115,292135910,2115,153,-108,5,98,2484,-41,31,2483
56558814,11778,506791542,55865409,-2003,-3804,-52,5298,292135900,2115,292135920,2115,153,-108,12,95,2504,-34,28,2503
56568633,11778,506791533,55865383,-2003,-3804,-52,5298,292135900,2115,292135930,2115,153,-107,27,26,2476,-18,-40,2474
56578563,11779,506791524,55865356,-2003,-3804,-52,5298,292135900,2115,292135940,2115,153,-107,32,58,2474,-12,-9,2473
56588641,11779,506791515,55865329,-2003,-3804,-52,5298,292135900,2115,292135950,2115,153,-107,39,89,2497,-6,22,2497
56599238,11779,506791506,55865303,-2003,-3804,-52,5298,292135900,2115,292135960,2115,152,-107,42,71,2483,-2,5,2483
56608718,11779,506791497,55865275,-2003,-3804,-52,5298,292135950,2115,292135970,2115,152,-106,40,93,2477,-4,27,2477
56618641,11780,506791488,55865248,-2003,-3803,-52,5298,292135950,2115,292135980,2115,152,-106,31,102,2514,-14,35,2514
56628573,11780,506791479,55865222,-2003,-3803,-51,5298,292135950,2115,292135990,2115,152,-106,23,54,2454,-21,-12,2452
56638586,11780,506791470,55865195,-2003,-3803,-51,5298,292135950,2115,292136000,2115,152,-105,18,95,2516,-26,27,2516
56649190,11780,506791461,55865168,-2003,-3803,-52,5298,292135950,2115,292136010,2115,152,-105,36,90,2534,-9,23,2534
56658648,11781,506791452,55865140,-2003,-3803,-52,5298,292136000,2115,292136020,2115,152,-105,49,78,2522,4,10,2522
56668573,11781,506791443,55865114,-2004,-3803,-52,5298,292136000,2115,292136030,2115,153,-105,70,87,2482,26,21,2483
56679199,11781,506791434,55865087,-2003,-3803,-51,5298,292136000,2115,292136040,2115,153,-104,34,31,2461,-9,-35,2459
56688580,11781,506791425,55865060,-2004,-3803,-51,5298,292136000,2115,292136050,2115,153,-104,18,116,2488,-26,50,2488
56699211,11782,506791416,55865034,-2004,-3802,-51,5298,292136000,2115,292136060,2115,152,-104,58,114,2515,14,47,2516
56709249,11782,506791407,55865006,-2004,-3803,-52,5298,292136050,2115,292136070,2115,152,-104,54,57,2519,10,-10,2518
56719375,11782,506791398,55864979,-2004,-3803,-52,5298,292136050,2115,292136080,2115,152,-104,51,85,2506,7,18,2506
56729472,11782,506791389,55864953,-2004,-3802,-52,5298,292136050,2115,292136090,2115,151,-104,36,127,2524,-8,60,2525
56739767,11782,506791380,55864926,-2004,-3802,-52,5298,292136050,2115,292136100,2115,151,-104,42,75,2494,-2,9,2493
56748814,11783,506791371,55864899,-2004,-3802,-52,5298,292136050,2115,292136110,2115,151,-104,35,42,2573,-10,-26,2571
56758733,11783,506791362,55864872,-2005,-3802,-52,5298,292136100,2115,292136120,2115,150,-104,85,152,2511,41,86,2514
56768634,11783,506791353,55864845,-2006,-3802,-52,5298,292136100,2115,292136130,2115,150,-104,55,129,2486,11,64,2487
56778593,11783,506791344,55864818,-2005,-3802,-53,5298,292136100,2115,292136140,2115,149,-104,64,-10,2537,20,-77,2535
56788577,11784,506791335,55864792,-2005,-3802,-53,5298,292136100,2115,292136150,2115,149,-104,22,137,2527,-23,71,2528
56798847,11784,506791326,55864765,-2006,-3802,-53,5298,292136100,2115,292136160,2115,148,-104,60,139,2525,15,73,2527
56808717,11784,506791317,55864737,-2006,-3802,-53,5298,292136150,2115,292136170,2115,148,-104,67,69,2515,23,4,2515
56818639,11784,506791308,55864711,-2006,-3802,-53,5298,292136150,2115,292136180,2115,147,-104,46,72,2526,1,6,2525
56828583,11784,506791299,55864684,-2006,-3802,-54,5298,292136150,2115,292136190,2115,147,-104,65,94,2547,20,29,2548
56838553,11784,506791290,55864657,-2007,-3802,-54,5298,292136150,2115,292136200,2115,146,-104,47,137,2533,3,72,2534
56848754,11784,506791281,55864631,-2007,-3802,-54,5298,292136150,2115,292136210,2115,146,-103,65,97,2535,21,32,2535
56858718,11784,506791272,55864603,-2007,-3802,-54,5298,292136200,2115,292136220,2115,145,-103,52,25,2509,9,-39,2507
56868682,11784,506791263,55864576,-2008,-3802,-55,5298,292136200,2115,292136230,2115,144,-103,62,136,2531,18,72,2533
56878561,11784,506791254,55864550,-2008,-3802,-55,5298,292136200,2115,292136240,2115,144,-103,47,95,2545,3,31,2545
56888835,11785,506791245,55864523,-2008,-3802,-55,5298,292136200,2115,292136250,2115,143,-103,65,86,2510,22,23,2511
56898618,11785,506791236,55864496,-2008,-3802,-55,5298,292136200,2115,292136260,2115,143,-103,58,89,2498,15,26,2499
56908730,11785,506791227,55864469,-2008,-3802,-55,5298,292136250,2115,292136270,2115,143,-103,57,60,2533,14,-3,2532
56918608,11785,506791218,55864442,-2008,-3802,-55,5298,292136250,2115,292136280,2115,142,-103,68,59,2464,26,-2,2463
56928584,11785,506791209,55864415,-2009,-3802,-55,5298,292136250,2115,292136290,2115,142,-102,57,69,2484,14,8,2484
56938584,11785,506791200,55864389,-2009,-3802,-55,5298,292136250,2115,292136300,2115,141,-102,54,59,2475,12,-2,2474
56948591,11785,506791191,55864362,-2009,-3802,-54,5298,292136250,2115,292136310,2115,141,-102,58,62,2471,15,1,2470
56959586,11785,506791182,55864334,-2009,-3803,-54,5298,292136300,2115,292136320,2115,141,-102,55,48,2483,12,-13,2482
56968582,11785,506791173,55864308,-2009,-3803,-54,5298,292136300,2115,292136330,2115,140,-102,43,48,2505,0,-13,2504
56978559,11785,506791164,55864281,-2009,-3803,-54,5298,292136300,2115,292136340,2115,140,-102,52,77,2468,9,17,2468
56988572,11785,506791155,55864254,-2009,-3803,-54,5298,292136300,2115,292136350,2115,140,-102,56,24,2476,13,-37,2475
56998592,11785,506791146,55864228,-2009,-3803,-54,5298,292136300,2115,292136360,2115,139,-102,47,86,2525,3,25,2525
57009621,11785,506791137,55864200,-2009,-3803,-54,5298,292136350,2115,292136370,2115,139,-102,40,72,2503,-3,11,2503
57018644,11785,506791128,55864173,-2008,-3803,-54,5298,292136350,2115,292136380,2115,139,-102,64,10,2506,22,-51,2504
57028594,11785,506791119,55864147,-2008,-3803,-54,5298,292136350,2115,292136390,2115,139,-102,7,60,2465,-35,0,2464
57038550,11785,506791110,55864120,-2008,-3803,-54,5298,292136350,2115,292136400,2115,139,-101,24,68,2497,-19,7,2496
57048699,11785,506791101,55864093,-2008,-3803,-53,5298,292136350,2115,292136410,2115,139,-101,17,22,2470,-25,-39,2468
57058723,11785,506791092,55864066,-2008,-3802,-53,5298,292136400,2115,292136420,2115,140,-101,7,57,2506,-36,-4,2504
57068644,11785,506791083,55864039,-2008,-3802,-53,5298,292136400,2115,292136430,2115,140,-101,23,32,2500,-19,-29,2498
57078596,11785,506791074,55864012,-2007,-3802,-53,5298,292136400,2115,292136440,2115,140,-101,25,39,2476,-17,-22,2474
57088566,11784,506791065,55863986,-2007,-3802,-53,5298,292136400,2115,292136450,2115,140,-101,11,40,2491,-31,-21,2489
57098586,11784,506791056,55863959,-2007,-3802,-53,5298,292136400,2115,292136460,2115,140,-100,15,69,2497,-27,7,2495
57108707,11784,506791047,55863931,-2007,-3802,-53,5298,292136450,2115,292136470,2115,140,-100,20,43,2469,-21,-18,2468
57118679,11784,506791038,55863905,-2007,-3802,-53,5298,292136450,2115,292136480,2115,141,-100,20,34,2497,-22,-28,2495
57128590,11784,506791029,55863878,-2006,-3801,-53,5298,292136450,2115,292136490,2115,141,-101,-12,50,2472,-53,-11,2470
57138564,11784,506791020,55863851,-2006,-3801,-52,5298,292136450,2115,292136500,2115,141,-101,7,49,2485,-35,-12,2483
57148584,11784,506791011,55863825,-2006,-3801,-52,5298,292136450,2115,292136510,2115,140,-101,16,25,2505,-26,-37,2503
57158724,11784,506791002,55863798,-2006,-3801,-52,5298,292136500,2115,292136520,2115,140,-101,41,77,2511,-1,15,2511
57168630,11784,506790993,55863771,-2006,-3801,-52,5298,292136500,2115,292136530,2115,140,-101,20,64,2452,-22,4,2451
57178567,11783,506790984,55863744,-2005,-3801,-52,5298,292136500,2115,292136540,2115,141,-101,19,14,2473,-23,-47,2470
57188552,11783,506790975,55863718,-2005,-3801,-52,5298,292136500,2115,292136550,2115,141,-101,-3,92,2524,-46,30,2523
57198575,11783,506790966,55863691,-2005,-3800,-52,5298,292136500,2115,292136560,2115,141,-102,17,74,2462,-25,13,2461
57208704,11783,506790957,55863664,-2005,-3800,-51,5298,292136550,2115,292136570,2115,141,-102,0,3,2466,-42,-58,2463
57218676,11783,506790948,55863637,-2005,-3800,-52,5298,292136550,2115,292136580,2115,141,-102,-21,79,2516,-64,16,2515
57228585,11782,506790939,55863611,-2005,-3800,-52,5298,292136550,2115,292136590,2115,141,-102,21,84,2541,-23,21,2541
57238575,11782,506790930,55863584,-2005,-3799,-52,5298,292136550,2115,292136600,2115,140,-102,14,62,2523,-29,-1,2521
57248586,11782,506790921,55863557,-2004,-3799,-52,5298,292136550,2115,292136610,2115,140,-102,1,20,2542,-42,-42,2540
57258747,11782,506790912,55863530,-2004,-3799,-52,5298,292136600,2115,292136620,2115,140,-102,-14,27,2488,-56,-34,2486
57268668,11782,506790903,55863504,-2004,-3799,-52,5298,292136600,2115,292136630,2115,140,-102,9,81,2490,-34,20,2489
57279420,11782,506790894,55863477,-2004,-3798,-52,5298,292136600,2115,292136640,2115,139,-102,10,39,2509,-33,-22,2507
57288857,11781,506790885,55863450,-2004,-3798,-52,5298,292136600,2115,292136650,2115,139,-102,13,85,2517,-31,24,2517
57298581,11781,506790876,55863424,-2004,-3798,-52,5298,292136600,2115,292136660,2115,138,-102,17,57,2525,-26,-4,2524
57308864,11781,506790867,55863397,-2003,-3798,-53,5298,292136650,2115,292136670,2115,138,-102,8,34,2553,-35,-28,2551
57319218,11781,506790858,55863370,-2003,-3798,-53,5298,292136650,2115,292136680,2115,137,-102,-10,29,2537,-53,-33,2534
57328555,11781,506790849,55863344,-2003,-3797,-53,5298,292136650,2115,292136690,2115,137,-102,14,64,2484,-28,4,2483
57338583,11780,506790840,55863317,-2003,-3797,-53,5298,292136650,2115,292136700,2115,136,-102,9,46,2477,-33,-14,2475
57348595,11780,506790831,55863290,-2002,-3797,-53,5298,292136650,2115,292136710,2115,136,-101,8,64,2517,-35,3,2516
57358722,11780,506790822,55863263,-2002,-3797,-53,5298,292136700,2115,292136720,2115,135,-101,8,34,2533,-35,-27,2531
57368564,11780,506790813,55863237,-2002,-3797,-53,5298,292136700,2115,292136730,2115,135,-101,25,64,2536,-18,4,2535
57378591,11780,506790804,55863210,-2002,-3796,-54,5298,292136700,2115,292136740,2115,134,-101,-3,75,2539,-46,15,2537
57388614,11780,506790795,55863183,-2002,-3796,-54,5298,292136700,2115,292136750,2115,134,-101,19,50,2503,-23,-9,2501
57398772,11780,506790786,55863157,-2002,-3796,-54,5298,292136750,2115,292136760,2115,134,-101,9,34,2521,-33,-25,2519
57408638,11779,506790777,55863130,-2001,-3796,-54,5298,292136750,2115,292136770,2115,133,-101,6,53,2524,-37,-6,2523
57418602,11779,506790768,55863103,-2001,-3796,-54,5298,292136750,2115,292136780,2115,133,-101,17,38,2498,-25,-21,2496
57428567,11779,506790759,55863077,-2001,-3795,-54,5298,292136750,2115,292136790,2115,132,-101,8,60,2526,-35,1,2524
57438579,11779,506790750,55863050,-2001,-3795,-54,5298,292136750,2115,292136800,2115,132,-101,4,55,2519,-38,-3,2518
57448587,11779,506790741,55863023,-2001,-3795,-55,5298,292136750,2115,292136810,2115,132,-101,37,64,2538,-6,6,2537
57458740,11779,506790732,55862997,-2000,-3795,-55,5298,292136800,2115,292136820,2115,132,-102,6,17,2498,-37,-41,2495
57468580,11779,506790723,55862970,-2000,-3795,-55,5298,292136800,2115,292136830,2115,131,-102,2,38,2523,-41,-21,2521
57478580,11779,506790714,55862943,-2000,-3795,-55,5299,292136800,2115,292136840,2115,131,-102,8,54,2518,-35,-4,2517
57488556,11779,506790705,55862917,-2000,-3794,-55,5299,292136800,2115,292136850,2115,131,-103,15,77,2540,-29,18,2539
57498574,11779,506790696,55862890,-2000,-3794,-56,5299,292136800,2115,292136860,2115,131,-103,17,25,2555,-27,-33,2553
57508696,11779,506790687,55862863,-1999,-3794,-56,5299,292136850,2115,292136870,2115,131,-103,-7,47,2551,-51,-12,2549
57518648,11779,506790678,55862837,-1999,-3794,-56,5299,292136850,2115,292136880,2115,131,-104,9,36,2514,-35,-22,2512
57528585,11779,506790669,55862810,-1999,-3793,-56,5299,292136850,2115,292136890,2115,130,-104,-7,73,2541,-51,15,2539
57538585,11779,506790660,55862783,-1999,-3793,-57,5299,292136850,2115,292136900,2115,130,-105,18,55,2566,-27,-4,2565
57548627,11779,506790651,55862757,-1998,-3793,-57,5299,292136850,2115,292136910,2115,130,-105,23,-31,2553,-22,-89,2550
57558732,11779,506790643,55862730,-1998,-3793,-57,5299,292136900,2115,292136920,2115,130,-106,10,100,2520,-35,42,2519
57568576,11779,506790634,55862703,-1998,-3793,-58,5299,292136900,2115,292136930,2115,130,-106,0,84,2537,-45,26,2536
57578610,11779,506790625,55862677,-1998,-3792,-58,5299,292136900,2115,292136940,2115,130,-107,2,45,2546,-43,-13,2544
57588567,11779,506790616,55862650,-1998,-3792,-58,5299,292136900,2115,292136950,2115,130,-107,31,49,2538,-15,-9,2537
57598595,11779,506790607,55862623,-1998,-3792,-59,5299,292136900,2115,292136960,2115,131,-107,-5,21,2545,-51,-37,2542
57608709,11779,506790598,55862597,-1998,-3792,-59,5299,292136950,2115,292136970,2115,131,-108,7,74,2526,-39,16,2525
57618638,11779,506790589,55862570,-1997,-3792,-59,5299,292136950,2115,292136980,2115,131,-108,9,5,2544,-37,-54,2542
57628555,11779,506790580,55862543,-1997,-3791,-60,5299,292136950,2115,292136990,2115,131,-108,-12,81,2559,-58,21,2557
57638558,11779,506790571,55862517,-1997,-3791,-60,5299,292136950,2115,292137000,2115,132,-109,17,38,2550,-29,-21,2549
57648613,11779,506790562,55862490,-1997,-3791,-60,5299,292136950,2115,292137010,2115,132,-109,18,41,2522,-28,-18,2520
57658725,11778,506790553,55862463,-1996,-3791,-60,5299,292137000,2115,292137020,2115,132,-109,-9,31,2524,-55,-27,2522
57668666,11778,506790544,55862437,-1996,-3790,-61,5299,292137000,2115,292137030,2115,132,-110,13,27,2567,-35,-33,2565
57678591,11778,506790535,55862410,-1996,-3790,-61,5299,292137000,2115,292137040,2115,132,-110,11,70,2533,-35,11,2532
57688562,11778,506790526,55862384,-1996,-3790,-61,5299,292137000,2115,292137050,2115,131,-110,16,52,2524,-30,-6,2522
57698582,11778,506790517,55862357,-1996,-3790,-61,5299,292137000,2115,292137060,2115,131,-110,1,60,2515,-46,2,2513
57708710,11778,506790508,55862330,-1995,-3789,-61,5299,292137050,2115,292137070,2115,131,-110,9,59,2472,-37,2,2470
57718640,11778,506790499,55862303,-1995,-3789,-61,5299,292137050,2115,292137080,2115,132,-110,-12,37,2549,-59,-22,2546
57728561,11778,506790490,55862277,-1995,-3789,-62,5299,292137050,2115,292137090,2115,132,-109,19,22,2533,-28,-37,2531
57738572,11778,506790481,55862250,-1995,-3789,-62,5299,292137050,2115,292137100,2115,133,-109,14,59,2506,-32,0,2504
57748598,11778,506790472,55862224,-1994,-3788,-62,5299,292137050,2115,292137110,2115,133,-109,7,68,2515,-39,9,2514
57759726,11778,506790463,55862197,-1994,-3788,-62,5299,292137100,2115,292137120,2115,134,-109,17,51,2542,-30,-9,2540
57768636,11778,506790454,55862170,-1994,-3788,-62,5299,292137100,2115,292137130,2115,134,-109,0,45,2496,-46,-14,2494
57778552,11778,506790445,55862144,-1994,-3788,-62,5299,292137100,2115,292137140,2115,135,-109,8,72,2493,-38,13,2491
57788567,11778,506790436,55862117,-1994,-3787,-62,5299,292137100,2115,292137150,2115,136,-109,-14,29,2512,-60,-31,2510
57798585,11778,506790427,55862091,-1993,-3787,-62,5299,292137100,2115,292137160,2115,136,-108,23,23,2500,-23,-37,2498
57808712,11778,506790419,55862064,-1993,-3787,-62,5299,292137150,2115,292137170,2115,137,-108,-1,34,2508,-46,-27,2506
57818661,11777,506790410,55862037,-1993,-3787,-62,5299,292137150,2115,292137180,2115,137,-108,22,68,2512,-24,7,2511
57828615,11777,506790401,55862011,-1993,-3787,-62,5299,292137150,2115,292137190,2115,137,-108,22,50,2443,-22,-9,2441
57838568,11777,506790392,55861984,-1993,-3787,-61,5299,292137150,2115,292137200,2115,138,-108,16,43,2439,-28,-16,2438
57848585,11777,506790383,55861957,-1992,-3786,-61,5299,292137150,2115,292137210,2115,139,-108,1,68,2437,-43,9,2436
57858727,11777,506790374,55861931,-1992,-3786,-60,5299,292137200,2115,292137220,2115,139,-109,17,16,2460,-28,-44,2457
57868648,11777,506790365,55861904,-1992,-3786,-60,5299,292137200,2115,292137230,2115,139,-109,15,14,2476,-30,-46,2473
57878564,11777,506790356,55861877,-1992,-3786,-60,5299,292137200,2115,292137240,2115,140,-110,6,89,2517,-41,27,2516
57888589,11777,506790347,55861851,-1991,-3786,-60,5299,292137200,2115,292137250,2115,140,-110,4,40,2495,-42,-21,2493
57898608,11777,506790338,55861824,-1991,-3785,-60,5299,292137200,2115,292137260,2115,141,-111,4,52,2471,-42,-9,2469
57908702,11777,506790329,55861797,-1991,-3785,-60,5299,292137250,2115,292137270,2115,141,-111,-4,43,2467,-50,-18,2465
57918641,11777,506790320,55861771,-1991,-3785,-60,5299,292137250,2115,292137280,2115,142,-111,0,71,2490,-46,9,2489
57928545,11777,506790311,55861744,-1991,-3784,-59,5299,292137250,2115,292137290,2115,143,-112,18,82,2479,-29,20,2478
57938551,11777,506790302,55861718,-1990,-3784,-60,5299,292137250,2115,292137300,2115,143,-112,17,37,2527,-31,-27,2525
57948580,11777,506790293,55861691,-1990,-3784,-60,5299,292137250,2115,292137310,2115,144,-112,10,50,2511,-38,-14,2509
57958740,11777,506790284,55861664,-1990,-3784,-60,5299,292137300,2115,292137320,2115,144,-113,-2,60,2502,-49,-4,2501
57968630,11777,506790276,55861638,-1990,-3783,-60,5299,292137300,2115,292137330,2115,145,-113,4,61,2488,-43,-3,2486
57978675,11777,506790267,55861611,-1990,-3783,-60,5299,292137300,2115,292137340,2115,145,-114,6,64,2515,-42,0,2514
57988564,11777,506790258,55861585,-1990,-3783,-60,5299,292137300,2115,292137350,2115,146,-114,-5,79,2496,-53,15,2495
57998596,11776,506790249,55861558,-1989,-3782,-60,5299,292137300,2115,292137360,2115,147,-114,-4,45,2494,-51,-19,2492
58008805,11776,506790240,55861531,-1989,-3782,-60,5299,292137350,2115,292137370,2115,147,-114,-4,23,2545,-53,-42,2543
58018602,11776,506790231,55861505,-1989,-3782,-60,5299,292137350,2115,292137380,2115,147,-114,23,64,2539,-26,-1,2538
58028580,11776,506790222,55861478,-1989,-3782,-60,5299,292137350,2115,292137390,2115,148,-114,27,30,2514,-21,-35,2512
58039127,11776,506790213,55861452,-1989,-3781,-60,5299,292137350,2115,292137400,2115,148,-114,-8,101,2478,-56,37,2477
58048590,11776,506790204,55861425,-1988,-3781,-60,5299,292137350,2115,292137410,2115,148,-114,-6,40,2526,-54,-25,2524
58058699,11775,506790195,55861398,-1988,-3781,-60,5299,292137400,2115,292137420,2115,148,-114,22,16,2524,-26,-50,2522
58068812,11775,506790186,55861372,-1988,-3781,-61,5299,292137400,2115,292137430,2115,148,-114,-1,55,2543,-49,-11,2542
58078570,11775,506790177,55861345,-1988,-3781,-61,5299,292137400,2115,292137440,2115,148,-113,7,83,2520,-41,17,2519
58088552,11775,506790168,55861319,-1987,-3780,-61,5299,292137400,2115,292137450,2115,149,-113,3,37,2492,-45,-28,2490
58098856,11775,506790159,55861292,-1987,-3780,-61,5299,292137400,2115,292137460,2115,149,-113,7,41,2485,-40,-24,2483
58108721,11774,506790151,55861265,-1987,-3780,-60,5299,292137450,2115,292137470,2115,149,-112,-15,81,2477,-62,16,2476
58118632,11774,506790142,55861239,-1987,-3780,-61,5299,292137450,2115,292137480,2115,149,-112,28,68,2505,-19,2,2504
58128617,11774,506790133,55861212,-1986,-3780,-61,5299,292137450,2115,292137490,2115,149,-112,40,8,2533,-7,-58,2531
58138560,11774,506790124,55861186,-1986,-3779,-61,5299,292137450,2115,292137500,2115,149,-111,3,86,2517,-44,20,2516
58148585,11774,506790115,55861159,-1986,-3779,-61,5299,292137450,2115,292137510,2115,149,-111,2,47,2515,-45,-18,2513
58159166,11774,506790106,55861132,-1986,-3779,-61,5299,292137500,2115,292137520,2115,148,-111,-8,62,2484,-55,-3,2482
58168656,11773,506790097,55861106,-1985,-3779,-61,5299,292137500,2115,292137530,2115,148,-110,17,29,2506,-29,-36,2504
58178553,11773,506790088,55861079,-1985,-3778,-61,5299,292137500,2115,292137540,2115,148,-110,7,72,2506,-39,7,2505
58188578,11773,506790079,55861053,-1985,-3778,-61,5299,292137500,2115,292137550,2115,147,-110,10,102,2506,-36,37,2506
58198579,11773,506790070,55861026,-1985,-3778,-61,5299,292137500,2115,292137560,2115,147,-109,19,17,2522,-28,-48,2520
58208726,11773,506790061,55860999,-1984,-3778,-61,5299,292137550,2115,292137570,2115,147,-109,10,11,2491,-36,-54,2488
58218646,11773,506790052,55860973,-1985,-3778,-60,5299,292137550,2115,292137580,2115,147,-108,40,84,2432,-5,21,2432
58228559,11772,506790044,55860946,-1985,-3777,-60,5299,292137550,2115,292137590,2115,146,-108,-1,78,2468,-46,15,2467
58238573,11772,506790035,55860920,-1985,-3777,-60,5299,292137550,2115,292137600,2115,146,-108,22,71,2478,-23,7,2477
58248574,11772,506790026,55860893,-1984,-3777,-60,5299,292137550,2115,292137610,2115,146,-108,23,39,2460,-21,-24,2459
58258707,11772,506790017,55860866,-1984,-3777,-60,5299,292137600,2115,292137620,2115,146,-107,9,62,2484,-36,-1,2483
58268651,11772,506790008,55860840,-1984,-3777,-59,5299,292137600,2115,292137630,2115,146,-107,9,48,2493,-35,-16,2491
58278939,11772,506789999,55860813,-1984,-3776,-59,5299,292137600,2115,292137640,2115,145,-107,3,32,2474,-42,-31,2472
58288545,11771,506789990,55860787,-1984,-3776,-59,5299,292137600,2115,292137650,2115,145,-107,28,65,2479,-17,2,2478
58298602,11771,506789981,55860760,-1983,-3776,-59,5299,292137600,2115,292137660,2115,145,-107,7,57,2503,-38,-6,2502
58309079,11771,506789972,55860734,-1983,-3776,-59,5299,292137650,2115,292137670,2115,144,-106,38,85,2470,-6,22,2470
58318649,11771,506789963,55860707,-1983,-3776,-59,5299,292137650,2115,292137680,2115,144,-106,25,4,2469,-19,-58,2467
58328564,11771,506789955,55860681,-1983,-3776,-58,5299,292137650,2115,292137690,2115,144,-106,20,67,2460,-23,5,2459
58339259,11770,506789946,55860654,-1983,-3776,-58,5299,292137650,2115,292137700,2115,143,-106,23,48,2452,-21,-14,2451
58348571,11770,506789937,55860628,-1982,-3776,-57,5299,292137650,2115,292137710,2115,143,-106,17,12,2429,-26,-49,2426
58359123,11770,506789928,55860601,-1982,-3776,-57,5299,292137700,2115,292137720,2115,143,-106,11,16,2526,-34,-48,2523
58368883,11770,506789919,55860574,-1981,-3776,-57,5299,292137700,2115,292137730,2115,142,-107,36,-27,2496,-8,-89,2493
58378606,11770,506789910,55860548,-1982,-3775,-58,5299,292137700,2115,292137740,2115,142,-107,11,231,2545,-36,167,2547
58388581,11769,506789901,55860521,-1982,-3775,-57,5299,292137700,2115,292137750,2115,142,-107,4,75,2464,-40,13,2463
58399074,11769,506789892,55860495,-1981,-3775,-57,5299,292137700,2115,292137760,2115,141,-107,5,-102,2445,-38,-162,2439
58408695,11769,506789883,55860468,-1981,-3775,-57,5299,292137750,2115,292137770,2115,141,-108,9,71,2476,-36,10,2475
58418636,11769,506789874,55860441,-1981,-3775,-57,5299,292137750,2115,292137780,2115,141,-108,51,78,2516,5,15,2516
58429240,11769,506789866,55860415,-1981,-3775,-57,5299,292137750,2115,292137790,2115,141,-108,45,51,2524,-1,-11,2523
58438572,11768,506789857,55860388,-1980,-3775,-57,5299,292137750,2115,292137800,2115,141,-108,17,-28,2488,-28,-90,2485
58448588,11768,506789848,55860362,-1980,-3775,-57,5299,292137750,2115,292137810,2115,141,-109,16,48,2501,-29,-14,2500
58458757,11768,506789839,55860335,-1980,-3774,-57,5299,292137800,2115,292137820,2115,141,-109,11,98,2503,-35,36,2503
58468643,11768,506789830,55860308,-1980,-3775,-57,5299,292137800,2115,292137830,2115,141,-109,50,-2,2503,4,-63,2501
58478557,11768,506789821,55860282,-1979,-3774,-57,5299,292137800,2115,292137840,2115,141,-110,5,31,2510,-41,-31,2508
58488750,11767,506789812,55860255,-1979,-3774,-57,5299,292137800,2115,292137850,2115,141,-110,29,36,2512,-18,-26,2511
58498586,11767,506789803,55860229,-1979,-3774,-57,5300,292137800,2115,292137860,2115,141,-110,5,49,2497,-41,-13,2496
58508706,11767,506789794,55860202,-1979,-3774,-57,5300,292137850,2115,292137870,2115,141,-110,41,20,2531,-6,-43,2530
58518672,11767,506789786,55860175,-1978,-3774,-58,5300,292137850,2115,292137880,2115,141,-111,37,39,2552,-11,-25,2550
58528569,11767,506789777,55860149,-1978,-3774,-58,5300,292137850,2115,292137890,2115,141,-111,37,79,2483,-9,18,2483
58538585,11767,506789768,55860122,-1978,-3774,-58,5300,292137850,2115,292137900,2115,141,-111,36,32,2508,-11,-30,2506
58549454,11767,506789759,55860096,-1978,-3774,-58,5300,292137850,2115,292137910,2115,141,-111,34,33,2530,-13,-29,2528
58558715,11767,506789750,55860069,-1978,-3774,-58,5300,292137900,2115,292137920,2115,141,-112,47,82,2513,0,20,2513
58568629,11766,506789741,55860042,-1978,-3774,-58,5300,292137900,2115,292137930,2115,141,-112,35,17,2524,-13,-45,2522
58578580,11766,506789732,55860016,-1978,-3774,-58,5300,292137900,2115,292137940,2115,141,-112,32,65,2521,-15,3,2520
58588585,11766,506789723,55859990,-1978,-3774,-58,5300,292137900,2115,292137950,2115,141,-113,35,39,2503,-13,-23,2502
58598583,11766,506789714,55859963,-1977,-3774,-58,5300,292137900,2115,292137960,2115,140,-113,39,30,2512,-8,-32,2510
58608960,11766,506789706,55859936,-1978,-3774,-59,5300,292137950,2115,292137970,2115,140,-113,47,96,2535,-2,34,2535
58618624,11766,506789697,55859909,-1977,-3774,-59,5300,292137950,2115,292137980,2115,140,-113,63,37,2535,14,-25,2534
58628570,11766,506789688,55859883,-1977,-3774,-59,5300,292137950,2115,292137990,2115,140,-113,59,22,2521,11,-39,2520
58639307,11766,506789679,55859857,-1977,-3774,-59,5300,292137950,2115,292138000,2115,139,-113,27,56,2500,-20,-6,2498
58648751,11766,506789670,55859830,-1977,-3774,-59,5300,292137950,2115,292138010,2115,139,-113,40,78,2486,-8,17,2486
58658727,11766,506789661,55859803,-1977,-3774,-59,5300,292138000,2115,292138020,2115,139,-113,51,46,2521,4,-16,2520
58669059,11766,506789652,55859776,-1977,-3774,-59,5300,292138000,2115,292138030,2115,138,-113,39,45,2536,-9,-16,2535
58679190,11765,506789643,55859750,-1977,-3774,-59,5300,292138000,2115,292138040,2115,138,-113,28,58,2524,-20,-3,2523
58688552,11765,506789635,55859724,-1977,-3774,-60,5300,292138000,2115,292138050,2115,138,-112,45,54,2515,-2,-6,2514
58699511,11765,506789626,55859697,-1977,-3774,-60,5300,292138000,2115,292138060,2115,137,-112,45,48,2513,-3,-12,2512
58708749,11765,506789617,55859670,-1977,-3774,-59,5300,292138050,2115,292138070,2115,137,-112,41,71,2484,-5,11,2483
58718622,11765,506789608,55859643,-1977,-3774,-59,5300,292138050,2115,292138080,2115,137,-111,53,69,2492,6,10,2492
58728579,11765,506789599,55859617,-1977,-3774,-59,5300,292138050,2115,292138090,2115,136,-111,56,31,2488,10,-29,2487
58738568,11765,506789590,55859590,-1977,-3774,-59,5300,292138050,2115,292138100,2115,136,-110,34,68,2512,-13,8,2511
58749430,11765,506789581,55859564,-1977,-3774,-59,5300,292138050,2115,292138110,2115,136,-110,37,49,2483,-9,-10,2482
58759252,11765,506789572,55859537,-1977,-3774,-59,5300,292138100,2115,292138120,2115,136,-109,45,63,2506,-1,3,2505
58768625,11765,506789564,55859510,-1976,-3774,-59,5300,292138100,2115,292138130,2115,136,-109,36,24,2492,-9,-36,2490
58778570,11764,506789555,55859484,-1976,-3774,-59,5300,292138100,2115,292138140,2115,136,-108,49,53,2481,4,-6,2480
58788576,11764,506789546,55859457,-1976,-3774,-59,5300,292138100,2115,292138150,2115,136,-108,52,53,2487,7,-6,2486
58798873,11764,506789537,55859431,-1976,-3774,-59,5300,292138100,2115,292138160,2115,136,-108,57,21,2484,12,-38,2482
58808699,11764,506789528,55859404,-1976,-3775,-59,5300,292138150,2115,292138170,2115,136,-107,59,59,2503,14,0,2502
58819471,11764,506789519,55859377,-1976,-3775,-58,5300,292138150,2115,292138180,2115,135,-107,61,68,2423,18,11,2423
58828558,11764,506789510,55859351,-1976,-3775,-58,5300,292138150,2115,292138190,2115,135,-107,51,29,2448,8,-29,2447
58838573,11764,506789501,55859324,-1976,-3775,-58,5300,292138150,2115,292138200,2115,135,-107,36,66,2477,-8,7,2476
58849751,11764,506789493,55859298,-1976,-3775,-57,5300,292138150,2115,292138210,2115,135,-106,60,49,2479,16,-10,2478
58858697,11764,506789484,55859271,-1976,-3775,-57,5300,292138200,2115,292138220,2115,134,-106,67,64,2507,22,4,2506
58868646,11764,506789475,55859244,-1976,-3775,-57,5300,292138200,2115,292138230,2115,134,-106,45,71,2500,1,12,2500
58878569,11764,506789466,55859218,-1976,-3775,-57,5300,292138200,2115,292138240,2115,134,-106,53,32,2441,9,-25,2440
58888551,11764,506789457,55859191,-1976,-3775,-57,5300,292138200,2115,292138250,2115,134,-106,39,60,2451,-4,2,2451
58898814,11764,506789448,55859165,-1976,-3775,-56,5300,292138200,2115,292138260,2115,134,-106,45,78,2445,2,20,2445
58908716,11764,506789439,55859137,-1976,-3775,-56,5300,292138250,2115,292138270,2115,134,-106,54,37,2481,10,-21,2480
58918612,11764,506789431,55859111,-1976,-3775,-56,5300,292138250,2115,292138280,2115,134,-106,50,76,2497,5,17,2496
58928559,11764,506789422,55859084,-1976,-3775,-56,5300,292138250,2115,292138290,2115,134,-107,72,54,2507,27,-5,2507
58938562,11764,506789413,55859058,-1976,-3775,-56,5300,292138250,2115,292138300,2115,134,-107,38,51,2498,-6,-7,2497
58948874,11764,506789404,55859031,-1977,-3775,-56,5300,292138250,2115,292138310,2115,134,-107,58,80,2473,14,22,2473
58958727,11764,506789395,55859004,-1976,-3776,-55,5300,292138300,2115,292138320,2115,133,-107,50,29,2462,6,-28,2461
58968639,11764,506789386,55858978,-1976,-3776,-55,5300,292138300,2115,292138330,2115,133,-108,54,64,2484,9,6,2483
58978572,11764,506789377,55858951,-1977,-3776,-55,5300,292138300,2115,292138340,2115,133,-108,52,64,2450,7,6,2450
58988589,11764,506789368,55858925,-1976,-3776,-55,5300,292138300,2115,292138350,2115,133,-108,43,44,2486,-2,-14,2485
58998806,11764,506789360,55858898,-1977,-3776,-55,5300,292138300,2115,292138360,2115,133,-109,52,104,2498,7,45,2498
59008729,11764,506789351,55858871,-1977,-3776,-55,5300,292138350,2115,292138370,2115,133,-109,57,8,2503,11,-50,2501
59018543,11764,506789342,55858844,-1977,-3776,-55,5300,292138350,2115,292138380,2115,133,-109,62,61,2547,15,1,2546
59028553,11764,506789333,55858818,-1977,-3776,-55,5300,292138350,2115,292138390,2115,133,-109,54,67,2487,8,9,2486
59038553,11764,506789324,55858791,-1977,-3776,-55,5300,292138350,2115,292138400,2115,133,-110,66,59,2457,21,2,2457
59048830,11764,506789315,55858765,-1977,-3776,-55,5300,292138350,2115,292138410,2115,133,-110,41,70,2497,-5,12,2497
59059172,11764,506789306,55858738,-1977,-3776,-55,5300,292138400,2115,292138420,2115,133,-110,50,8,2526,3,-50,2524
59068631,11764,506789297,55858711,-1977,-3776,-55,5300,292138400,2115,292138430,2115,133,-111,55,40,2506,8,-18,2505
59078551,11763,506789289,55858685,-1977,-3776,-55,5300,292138400,2115,292138440,2115,133,-111,39,69,2554,-8,9,2553
59089292,11763,506789280,55858658,-1977,-3776,-56,5300,292138400,2115,292138450,2115,133,-111,55,33,2533,7,-26,2532
59099149,11763,506789271,55858632,-1976,-3776,-56,5300,292138400,2115,292138460,2115,133,-112,40,43,2516,-7,-15,2515
59108740,11763,506789262,55858604,-1976,-3776,-56,5300,292138450,2115,292138470,2115,133,-112,82,48,2534,34,-10,2533
59119286,11763,506789253,55858578,-1976,-3776,-56,5300,292138450,2115,292138480,2115,133,-112,45,61,2522,-3,2,2521
59128555,11763,506789244,55858551,-1976,-3776,-56,5300,292138450,2115,292138490,2115,133,-113,37,67,2507,-10,8,2506
59138576,11763,506789235,55858525,-1976,-3776,-56,5300,292138450,2115,292138500,2115,133,-113,61,37,2504,13,-21,2503
59148822,11763,506789226,55858498,-1976,-3777,-56,5300,292138450,2115,292138510,2115,133,-113,53,56,2539,5,-3,2539
59158726,11763,506789218,55858471,-1976,-3777,-57,5300,292138500,2115,292138520,2115,133,-113,67,64,2563,18,5,2563
59168636,11763,506789209,55858444,-1976,-3777,-57,5300,292138500,2115,292138530,2115,133,-113,68,7,2554,19,-53,2552
59178575,11763,506789200,55858418,-1976,-3777,-58,5300,292138500,2115,292138540,2115,133,-113,31,54,2541,-18,-5,2540
59188583,11763,506789191,55858391,-1976,-3777,-58,5300,292138500,2115,292138550,2115,133,-113,50,74,2520,2,15,2519
59198821,11763,506789182,55858365,-1976,-3777,-58,5300,292138500,2115,292138560,2115,133,-113,52,27,2515,4,-32,2514
59208713,11763,506789173,55858337,-1976,-3777,-58,5300,292138550,2115,292138570,2115,133,-114,48,33,2537,0,-26,2536
59218644,11763,506789164,55858311,-1976,-3777,-59,5300,292138550,2115,292138580,2115,133,-114,64,48,2570,15,-12,2569
59228572,11763,506789155,55858285,-1976,-3777,-59,5300,292138550,2115,292138590,2115,133,-114,65,64,2539,16,5,2539
59238570,11763,506789147,55858258,-1976,-3777,-59,5300,292138550,2115,292138600,2115,133,-114,61,54,2535,13,-5,2534
59250009,11763,506789138,55858232,-1976,-3778,-60,5300,292138550,2115,292138610,2115,133,-114,63,54,2542,14,-5,2541
59258708,11763,506789129,55858204,-1976,-3778,-60,5300,292138600,2115,292138620,2115,133,-114,49,75,2510,1,17,2510
59268637,11763,506789120,55858178,-1976,-3778,-59,5300,292138600,2115,292138630,2115,133,-114,62,10,2474,15,-48,2472
59278561,11762,506789111,55858151,-1975,-3778,-60,5300,292138600,2115,292138640,2115,133,-113,37,48,2517,-11,-11,2516
59288566,11762,506789102,55858125,-1976,-3778,-60,5300,292138600,2115,292138650,2115,133,-113,63,90,2523,15,31,2523
59298842,11762,506789093,55858098,-1975,-3778,-60,5300,292138600,2115,292138660,2115,133,-113,64,8,2542,16,-51,2540
59308712,11762,506789085,55858070,-1975,-3778,-60,5300,292138650,2115,292138670,2115,132,-113,70,54,2554,21,-5,2553
59318632,11762,506789076,55858044,-1975,-3778,-60,5300,292138650,2115,292138680,2115,132,-113,32,65,2492,-15,7,2491
59328557,11762,506789067,55858017,-1976,-3778,-60,5300,292138650,2115,292138690,2115,132,-113,60,54,2469,13,-3,2468
59338561,11762,506789058,55857991,-1976,-3778,-60,5300,292138650,2115,292138700,2115,132,-112,53,59,2510,6,1,2509
59348869,11762,506789049,55857964,-1975,-3779,-61,5300,292138650,2115,292138710,2115,132,-112,78,23,2545,30,-35,2544
59358713,11762,506789040,55857937,-1976,-3779,-61,5300,292138700,2115,292138720,2115,132,-112,77,67,2499,30,10,2499
59368671,11762,506789031,55857910,-1976,-3779,-61,5300,292138700,2115,292138730,2115,132,-111,50,56,2524,2,-2,2523
59378584,11762,506789022,55857884,-1976,-3779,-60,5300,292138700,2115,292138740,2115,131,-111,53,43,2441,8,-13,2440
59388570,11761,506789014,55857857,-1976,-3779,-60,5300,292138700,2115,292138750,2115,131,-111,37,64,2434,-8,9,2433
59398841,11761,506789005,55857831,-1976,-3779,-59,5300,292138700,2115,292138760,2115,131,-110,67,55,2462,21,-1,2462
59408699,11761,506788996,55857803,-1976,-3779,-59,5300,292138750,2115,292138770,2115,131,-110,67,30,2484,21,-27,2483
59418629,11761,506788987,55857777,-1976,-3779,-60,5300,292138750,2115,292138780,2115,131,-109,61,53,2537,15,-5,2536
59428583,11761,506788978,55857750,-1976,-3780,-60,5300,292138750,2115,292138790,2115,131,-109,83,46,2513,37,-12,2513
59438552,11761,506788969,55857724,-1976,-3780,-60,5300,292138750,2115,292138800,2115,131,-109,67,53,2528,21,-5,2528
59448810,11761,506788960,55857697,-1976,-3780,-60,5300,292138750,2115,292138810,2115,131,-108,65,51,2501,19,-6,2500
59458736,11760,506788952,55857670,-1975,-3780,-59,5300,292138800,2115,292138820,2115,130,-108,52,17,2431,8,-38,2430
59468611,11760,506788943,55857643,-1975,-3780,-59,5300,292138800,2115,292138830,2115,129,-108,43,64,2444,-2,9,2443
59478589,11760,506788934,55857617,-1976,-3780,-58,5300,292138800,2115,292138840,2115,129,-108,33,68,2443,-11,12,2442
59488556,11760,506788925,55857590,-1975,-3780,-58,5300,292138800,2115,292138850,2115,129,-108,86,25,2480,41,-31,2479
59498946,11760,506788916,55857564,-1976,-3781,-58,5300,292138800,2115,292138860,2115,129,-108,96,36,2513,50,-21,2513
59509339,11760,506788907,55857536,-1975,-3781,-58,5300,292138850,2115,292138870,2115,128,-108,81,15,2496,36,-41,2495
59518658,11760,506788898,55857509,-1976,-3781,-58,5301,292138850,2115,292138880,2115,128,-108,70,110,2430,25,55,2430
59528555,11760,506788889,55857483,-1976,-3781,-57,5301,292138850,2115,292138890,2115,128,-109,63,22,2413,19,-32,2412
59539456,11760,506788881,55857456,-1976,-3781,-56,5301,292138850,2115,292138900,2115,127,-109,35,58,2422,-9,4,2421
59548845,11760,506788872,55857430,-1976,-3781,-56,5301,292138850,2115,292138910,2115,127,-109,59,86,2472,13,31,2472
59558716,11759,506788863,55857402,-1976,-3781,-56,5301,292138900,2115,292138920,2115,128,-110,52,2,2511,6,-54,2510
59568633,11759,506788854,55857376,-1976,-3782,-56,5301,292138900,2115,292138930,2115,128,-110,67,73,2517,21,16,2517
59578551,11759,506788845,55857349,-1976,-3782,-57,5301,292138900,2115,292138940,2115,128,-110,47,65,2522,0,9,2521
59588595,11759,506788836,55857323,-1976,-3782,-57,5301,292138900,2115,292138950,2115,127,-111,77,62,2539,30,5,2538
59598828,11759,506788827,55857296,-1976,-3782,-57,5301,292138900,2115,292138960,2115,127,-111,64,94,2509,17,38,2510
59608707,11759,506788819,55857268,-1976,-3782,-57,5301,292138950,2115,292138970,2115,127,-111,86,33,2468,40,-21,2468
59618669,11758,506788810,55857242,-1977,-3782,-56,5301,292138950,2115,292138980,2115,127,-112,43,98,2459,-3,43,2459
59628587,11758,506788801,55857215,-1977,-3782,-56,5301,292138950,2115,292138990,2115,127,-112,64,55,2511,16,-1,2510
59638540,11758,506788792,55857189,-1976,-3782,-57,5301,292138950,2115,292139000,2115,127,-112,62,-46,2529,15,-103,2526
59649982,11758,506788783,55857162,-1976,-3782,-57,5301,292138950,2115,292139010,2115,127,-113,46,49,2502,-2,-7,2502
59658759,11758,506788774,55857134,-1976,-3782,-57,5301,292139000,2115,292139020,2115,127,-113,44,95,2510,-4,39,2510
59668639,11758,506788765,55857108,-1976,-3782,-57,5301,292139000,2115,292139030,2115,127,-113,61,16,2504,13,-39,2503
59678568,11757,506788756,55857081,-1976,-3783,-57,5301,292139000,2115,292139040,2115,127,-113,69,31,2481,22,-24,2480
59688564,11757,506788747,55857055,-1976,-3783,-57,5301,292139000,2115,292139050,2115,126,-113,89,47,2545,41,-9,2545
59698838,11757,506788739,55857028,-1976,-3783,-57,5301,292139000,2115,292139060,2115,127,-114,78,70,2494,30,15,2494
59708744,11757,506788730,55857001,-1976,-3783,-57,5301,292139050,2115,292139070,2115,127,-114,56,2,2517,8,-54,2515
59718902,11757,506788721,55856974,-1976,-3783,-57,5301,292139050,2115,292139080,2115,126,-114,32,35,2520,-16,-21,2518
59728550,11757,506788712,55856947,-1976,-3783,-58,5301,292139050,2115,292139090,2115,126,-114,65,76,2571,15,19,2571
59738554,11757,506788703,55856921,-1976,-3784,-58,5301,292139050,2115,292139100,2115,126,-115,75,28,2558,26,-29,2557
59748854,11757,506788694,55856894,-1976,-3784,-58,5301,292139050,2115,292139110,2115,126,-115,58,40,2544,9,-16,2543
59758698,11757,506788685,55856867,-1976,-3784,-58,5301,292139100,2115,292139120,2115,126,-115,50,25,2500,1,-30,2498
59768632,11757,506788677,55856840,-1976,-3784,-58,5301,292139100,2115,292139130,2115,126,-115,69,48,2483,21,-7,2483
59778563,11757,506788668,55856813,-1976,-3784,-58,5301,292139100,2115,292139140,2115,126,-115,70,44,2500,22,-11,2500
59788582,11757,506788659,55856787,-1976,-3785,-58,5301,292139100,2115,292139150,2115,125,-115,74,37,2513,25,-18,2512
59799984,11757,506788650,55856760,-1976,-3785,-59,5301,292139100,2115,292139160,2115,125,-115,85,38,2517,37,-17,2516
59808697,11757,506788641,55856733,-1976,-3785,-59,5301,292139150,2115,292139170,2115,125,-115,59,72,2525,10,17,2525
59818641,11757,506788632,55856706,-1976,-3785,-59,5301,292139150,2115,292139180,2115,125,-115,55,38,2533,6,-18,2532
59828564,11757,506788623,55856679,-1976,-3785,-59,5301,292139150,2115,292139190,2115,125,-115,61,55,2514,13,0,2513
59838585,11757,506788614,55856653,-1976,-3785,-59,5301,292139150,2115,292139200,2115,125,-115,57,42,2528,8,-13,2527
59848837,11757,506788606,55856626,-1976,-3785,-60,5301,292139150,2115,292139210,2115,125,-114,65,47,2533,16,-8,2532
59859107,11757,506788597,55856599,-1976,-3785,-60,5301,292139200,2115,292139220,2115,125,-114,56,56,2527,7,0,2526
59868641,11757,506788588,55856572,-1976,-3785,-60,5301,292139200,2115,292139230,2115,125,-114,79,39,2534,30,-17,2533
59878548,11757,506788579,55856545,-1976,-3786,-60,5301,292139200,2115,292139240,2115,125,-114,61,62,2519,13,7,2519
59888547,11757,506788570,55856519,-1977,-3786,-60,5301,292139200,2115,292139250,2115,125,-113,77,99,2493,30,44,2494
59898801,11757,506788561,55856492,-1976,-3786,-60,5301,292139200,2115,292139260,2115,126,-113,66,23,2485,19,-32,2483
59908712,11757,506788552,55856464,-1976,-3786,-60,5301,292139250,2115,292139270,2115,126,-113,55,33,2498,8,-22,2497
59918630,11757,506788543,55856438,-1976,-3786,-60,5301,292139250,2115,292139280,2115,126,-112,82,37,2484,36,-18,2483
59928547,11757,506788535,55856411,-1977,-3786,-60,5301,292139250,2115,292139290,2115,126,-112,75,68,2504,28,13,2504
59938816,11757,506788526,55856385,-1977,-3786,-60,5301,292139250,2115,292139300,2115,127,-112,51,43,2492,4,-12,2491
59949977,11757,506788517,55856358,-1976,-3787,-60,5301,292139250,2115,292139310,2115,126,-111,56,26,2512,9,-29,2511
59958738,11757,506788508,55856330,-1976,-3787,-60,5301,292139300,2115,292139320,2115,126,-111,49,32,2488,3,-23,2487
59968636,11757,506788499,55856304,-1976,-3787,-60,5301,292139300,2115,292139330,2115,126,-111,72,97,2499,25,42,2499
59978582,11757,506788490,55856277,-1976,-3787,-60,5301,292139300,2115,292139340,2115,126,-111,95,23,2480,49,-32,2480
59988579,11757,506788481,55856251,-1977,-3787,-59,5301,292139300,2115,292139350,2115,126,-110,88,59,2458,42,5,2459
59998834,11758,506788472,55856224,-1976,-3788,-59,5301,292139300,2115,292139360,2115,126,-110,63,32,2495,17,-23,2494
