ADTF_CHUNK_TIME,INS_ANGLE_TRUE_HEADING,INS_Pos_Abs_Latitude,INS_Pos_Abs_Longitude,INS_Vel_Frame_X,INS_Vel_Frame_Y,INS_Vel_Frame_Z,System_TimeSinceInit,GPS_Time_Milliseconds,GPS_Time_Weeks,INS_Time_Milliseconds,INS_Time_Week,INS_Angle_Roll,INS_Angle_Pitch,AccelBodyX,AccelBodyY,AccelBodyZ,AccelHorizontalX,AccelHorizontalY,AccelHorizontalZ
6618,5723,509090432,53398126,3448,-5347,33,6446,293312100,2115,293312160,2115,205,20,-47,166,2333,-37,82,2335
16828,5723,509090447,53398086,3448,-5347,34,6446,293312150,2115,293312170,2115,203,22,13,139,2330,23,55,2332
26604,5723,509090463,53398049,3448,-5347,36,6446,293312150,2115,293312180,2115,201,23,23,87,2304,34,5,2304
36612,5723,509090478,53398011,3447,-5348,38,6446,293312150,2115,293312190,2115,199,25,3,233,2185,13,157,2190
46944,5723,509090494,53397974,3447,-5348,40,6446,293312150,2115,293312200,2115,197,26,-15,146,2214,-3,69,2216
56613,5723,509090509,53397936,3447,-5349,42,6446,293312150,2115,293312210,2115,196,27,0,85,2249,12,8,2249
66610,5723,509090525,53397899,3446,-5349,44,6446,293312200,2115,293312220,2115,194,28,-5,154,2302,7,75,2304
76628,5723,509090540,53397861,3446,-5349,45,6446,293312200,2115,293312230,2115,192,29,7,101,2332,20,23,2332
86591,5723,509090556,53397824,3445,-5350,47,6446,293312200,2115,293312240,2115,191,30,12,210,2277,24,133,2280
96596,5723,509090571,53397786,3445,-5350,49,6446,293312200,2115,293312250,2115,189,30,-14,143,2277,-1,67,2279
106605,5723,509090586,53397749,3445,-5350,51,6446,293312200,2115,293312260,2115,187,31,18,17,2256,32,-57,2254
116594,5723,509090602,53397711,3445,-5350,52,6446,293312250,2115,293312270,2115,186,31,-31,160,2300,-17,85,2302
126604,5723,509090617,53397674,3444,-5351,54,6446,293312250,2115,293312280,2115,185,32,-12,169,2291,2,94,2293
136591,5723,509090633,53397636,3444,-5351,55,6446,293312250,2115,293312290,2115,184,32,4,90,2372,18,13,2372
146600,5723,509090648,53397599,3444,-5351,56,6446,293312250,2115,293312300,2115,183,32,20,76,2343,35,1,2343
156596,5723,509090664,53397561,3444,-5352,57,6446,293312250,2115,293312310,2115,182,32,28,133,2327,43,58,2328
167216,5723,509090679,53397523,3444,-5352,59,6446,293312300,2115,293312320,2115,181,32,-6,99,2298,9,26,2298
176618,5723,509090695,53397486,3444,-5352,60,6446,293312300,2115,293312330,2115,180,32,-10,105,2361,5,31,2361
186584,5723,509090710,53397448,3444,-5352,61,6446,293312300,2115,293312340,2115,180,32,-22,39,2349,-7,-35,2348
196701,5723,509090726,53397411,3444,-5352,62,6446,293312300,2115,293312350,2115,180,32,8,146,2349,22,72,2350
206625,5723,509090741,53397373,3444,-5352,63,6446,293312350,2115,293312360,2115,180,32,3,59,2382,18,-16,2380
216592,5723,509090757,53397336,3444,-5353,64,6446,293312350,2115,293312370,2115,180,31,33,72,2391,47,-3,2390
226693,5723,509090772,53397298,3444,-5353,65,6446,293312350,2115,293312380,2115,180,31,11,58,2410,26,-19,2409
236620,5723,509090788,53397261,3444,-5353,66,6447,293312350,2115,293312390,2115,181,31,-4,87,2388,10,12,2387
246595,5723,509090803,53397223,3444,-5353,67,6447,293312350,2115,293312400,2115,181,30,-23,123,2393,-9,46,2394
257533,5723,509090819,53397186,3445,-5353,67,6447,293312400,2115,293312410,2115,182,30,-6,-37,2419,8,-115,2415
266596,5723,509090834,53397148,3445,-5353,67,6447,293312400,2115,293312420,2115,183,29,7,109,2486,21,29,2486
276631,5724,509090850,53397110,3445,-5353,67,6447,293312400,2115,293312430,2115,184,28,20,46,2499,34,-35,2497
287159,5724,509090865,53397073,3446,-5353,67,6447,293312400,2115,293312440,2115,185,28,41,23,2523,55,-59,2520
296587,5724,509090881,53397035,3446,-5353,68,6447,293312400,2115,293312450,2115,186,27,-21,43,2409,-8,-36,2408
306685,5724,509090896,53396998,3446,-5353,68,6447,293312450,2115,293312460,2115,187,26,-15,92,2461,-2,11,2461
317559,5724,509090912,53396960,3446,-5353,69,6447,293312450,2115,293312470,2115,189,25,-13,40,2452,0,-41,2451
326641,5724,509090927,53396923,3446,-5353,69,6447,293312450,2115,293312480,2115,190,25,-3,70,2518,10,-14,2517
336599,5724,509090943,53396885,3446,-5353,68,6447,293312450,2115,293312490,2115,191,24,34,42,2585,47,-44,2583
347004,5725,509090958,53396848,3447,-5353,67,6447,293312450,2115,293312500,2115,192,23,46,54,2627,58,-35,2625
356617,5725,509090974,53396810,3447,-5353,67,6447,293312450,2115,293312510,2115,193,22,-12,99,2542,-1,13,2542
366619,5725,509090989,53396772,3447,-5353,66,6447,293312500,2115,293312520,2115,194,21,-35,100,2581,-24,12,2581
377011,5725,509091005,53396735,3447,-5353,65,6447,293312500,2115,293312530,2115,195,21,-42,58,2610,-31,-31,2609
386622,5725,509091020,53396697,3447,-5353,64,6447,293312500,2115,293312540,2115,196,20,-8,24,2629,3,-67,2626
396602,5725,509091036,53396660,3447,-5353,63,6447,293312500,2115,293312550,2115,197,19,7,115,2602,17,25,2602
406961,5725,509091051,53396622,3447,-5353,62,6447,293312550,2115,293312560,2115,198,19,40,100,2676,50,7,2676
416598,5726,509091067,53396585,3447,-5353,61,6447,293312550,2115,293312570,2115,198,18,4,82,2624,14,-9,2623
426581,5726,509091082,53396547,3448,-5353,60,6447,293312550,2115,293312580,2115,198,17,-31,54,2659,-21,-39,2658
437141,5726,509091098,53396510,3447,-5353,59,6447,293312550,2115,293312590,2115,198,17,8,112,2675,18,19,2675
446581,5726,509091113,53396472,3447,-5353,58,6447,293312550,2115,293312600,2115,199,16,-12,151,2604,-4,60,2606
456626,5726,509091129,53396434,3447,-5353,56,6447,293312600,2115,293312610,2115,199,15,-22,124,2656,-13,31,2657
466596,5726,509091144,53396397,3448,-5353,54,6447,293312600,2115,293312620,2115,200,15,-16,-32,2765,-7,-129,2760
476591,5726,509091160,53396359,3447,-5353,52,6447,293312600,2115,293312630,2115,200,14,18,146,2832,26,47,2833
486578,5726,509091175,53396322,3447,-5354,50,6447,293312600,2115,293312640,2115,199,13,31,181,2782,38,84,2784
497639,5726,509091191,53396284,3447,-5354,47,6447,293312600,2115,293312650,2115,198,12,32,118,2824,39,20,2824
506631,5726,509091206,53396247,3447,-5354,46,6447,293312650,2115,293312660,2115,198,11,-9,85,2693,-3,-9,2692
516589,5726,509091221,53396209,3447,-5354,44,6447,293312650,2115,293312670,2115,197,10,-55,93,2672,-49,1,2672
526598,5726,509091237,53396172,3447,-5354,43,6447,293312650,2115,293312680,2115,197,9,-43,119,2706,-38,26,2707
536582,5726,509091252,53396134,3446,-5354,41,6447,293312650,2115,293312690,2115,197,8,2,107,2761,7,12,2761
547129,5726,509091268,53396096,3447,-5354,37,6447,293312650,2115,293312700,2115,195,7,41,88,2927,46,-12,2926
557065,5726,509091283,53396059,3447,-5354,34,6447,293312700,2115,293312710,2115,194,6,19,146,2894,24,48,2895
566614,5726,509091299,53396021,3446,-5355,31,6447,293312700,2115,293312720,2115,192,5,72,170,2932,76,72,2934
576592,5726,509091314,53395984,3446,-5355,28,6447,293312700,2115,293312730,2115,191,4,-11,74,2842,-8,-21,2841
587271,5726,509091330,53395946,3446,-5355,26,6447,293312700,2115,293312740,2115,190,4,-59,138,2716,-56,48,2717
596606,5726,509091345,53395909,3445,-5354,26,6447,293312700,2115,293312750,2115,189,4,-72,110,2600,-69,24,2600
606601,5726,509091361,53395871,3445,-5354,24,6447,293312750,2115,293312760,2115,188,4,-59,118,2692,-56,29,2692
616574,5726,509091376,53395834,3445,-5355,22,6447,293312750,2115,293312770,2115,186,4,44,138,2801,47,47,2802
626597,5726,509091392,53395796,3445,-5355,18,6447,293312750,2115,293312780,2115,185,4,76,57,2931,80,-38,2929
636582,5726,509091407,53395758,3446,-5356,16,6447,293312750,2115,293312790,2115,183,4,67,85,2809,71,-5,2808
646606,5726,509091423,53395721,3445,-5356,14,6447,293312750,2115,293312800,2115,182,4,2,157,2806,5,67,2808
656622,5726,509091438,53395683,3445,-5355,13,6447,293312800,2115,293312810,2115,181,4,-90,87,2590,-86,4,2590
666589,5726,509091454,53395646,3444,-5355,12,6447,293312800,2115,293312820,2115,179,5,-88,131,2560,-85,50,2561
676616,5726,509091469,53395608,3444,-5355,12,6447,293312800,2115,293312830,2115,178,7,-29,43,2500,-24,-35,2498
686580,5726,509091485,53395571,3444,-5355,12,6447,293312800,2115,293312840,2115,177,8,47,113,2536,52,35,2536
696579,5726,509091500,53395533,3444,-5356,12,6447,293312800,2115,293312850,2115,176,9,83,120,2547,89,42,2548
706613,5727,509091516,53395495,3445,-5356,11,6447,293312850,2115,293312860,2115,175,10,65,48,2605,71,-32,2603
716609,5727,509091531,53395458,3445,-5356,10,6447,293312850,2115,293312870,2115,174,11,-4,25,2591,3,-54,2589
726592,5727,509091547,53395420,3445,-5356,10,6447,293312850,2115,293312880,2115,173,12,-27,133,2510,-20,56,2511
736584,5727,509091562,53395383,3444,-5356,11,6447,293312850,2115,293312890,2115,172,13,-43,173,2385,-37,100,2387
746619,5727,509091578,53395345,3444,-5356,12,6447,293312850,2115,293312900,2115,171,14,-15,49,2355,-7,-22,2354
756631,5727,509091593,53395308,3444,-5356,14,6447,293312900,2115,293312910,2115,170,16,1,38,2338,9,-32,2336
766602,5727,509091609,53395270,3444,-5357,14,6447,293312900,2115,293312920,2115,170,17,30,126,2400,38,54,2400
776581,5727,509091624,53395232,3444,-5357,15,6447,293312900,2115,293312930,2115,169,18,11,136,2407,20,64,2408
786585,5727,509091640,53395195,3444,-5357,16,6447,293312900,2115,293312940,2115,168,19,18,86,2367,28,16,2367
796687,5727,509091655,53395157,3444,-5357,17,6447,293312900,2115,293312950,2115,168,20,5,24,2370,15,-46,2368
806610,5727,509091671,53395120,3444,-5357,19,6447,293312950,2115,293312960,2115,167,21,16,56,2317,26,-13,2315
816602,5727,509091686,53395082,3444,-5358,20,6447,293312950,2115,293312970,2115,167,22,11,158,2334,21,89,2336
826623,5727,509091702,53395045,3444,-5358,21,6447,293312950,2115,293312980,2115,166,22,-1,110,2293,9,43,2294
836602,5728,509091717,53395007,3444,-5358,23,6447,293312950,2115,293312990,2115,165,23,8,29,2259,18,-36,2257
846703,5728,509091733,53394969,3444,-5358,26,6447,293312950,2115,293313000,2115,164,23,-15,90,2200,-5,26,2200
856607,5728,509091748,53394932,3444,-5359,28,6447,293312950,2115,293313010,2115,163,23,41,70,2219,52,6,2218
866630,5728,509091763,53394894,3444,-5359,30,6447,293313000,2115,293313020,2115,162,23,31,97,2237,42,33,2237
876589,5728,509091779,53394857,3444,-5359,32,6447,293313000,2115,293313030,2115,161,23,35,49,2297,45,-16,2296
886593,5729,509091794,53394819,3444,-5360,33,6447,293313000,2115,293313040,2115,160,22,18,104,2283,28,39,2283
896653,5729,509091810,53394781,3443,-5360,35,6447,293313000,2115,293313050,2115,160,22,10,182,2268,20,118,2270
906628,5729,509091825,53394744,3444,-5360,37,6447,293313050,2115,293313060,2115,160,22,-16,28,2325,-6,-37,2323
916622,5729,509091841,53394706,3444,-5360,37,6447,293313050,2115,293313070,2115,159,22,-16,59,2401,-5,-8,2400
926583,5729,509091856,53394669,3443,-5360,39,6447,293313050,2115,293313080,2115,159,22,13,95,2309,23,30,2309
936602,5729,509091872,53394631,3443,-5361,41,6447,293313050,2115,293313090,2115,159,22,18,117,2237,28,54,2237
947037,5729,509091887,53394593,3443,-5361,43,6447,293313050,2115,293313100,2115,158,22,-21,88,2211,-12,26,2211
956642,5729,509091903,53394556,3443,-5361,45,6447,293313100,2115,293313110,2115,158,22,7,64,2262,17,1,2261
966606,5729,509091918,53394518,3443,-5361,46,6447,293313100,2115,293313120,2115,158,22,-29,77,2375,-19,11,2375
977024,5730,509091934,53394481,3443,-5361,47,6447,293313100,2115,293313130,2115,159,21,18,68,2334,28,3,2333
986597,5730,509091949,53394443,3443,-5362,49,6447,293313100,2115,293313140,2115,159,20,64,85,2349,74,19,2349
996762,5730,509091965,53394405,3443,-5361,51,6447,293313100,2115,293313150,2115,160,20,-15,45,2198,-5,-17,2196
1006765,5730,509091980,53394368,3443,-5361,53,6447,293313150,2115,293313160,2115,161,20,-13,83,2286,-3,19,2286
1016591,5730,509091996,53394330,3443,-5361,55,6447,293313150,2115,293313170,2115,161,19,-29,72,2262,-20,8,2261
1026598,5730,509092011,53394293,3443,-5361,56,6447,293313150,2115,293313180,2115,162,19,-1,75,2330,9,9,2329
1036588,5730,509092027,53394255,3443,-5361,58,6447,293313150,2115,293313190,2115,162,19,3,37,2298,12,-29,2296
1046670,5730,509092042,53394217,3443,-5362,58,6447,293313150,2115,293313200,2115,163,18,7,95,2445,17,24,2445
1056613,5730,509092058,53394180,3443,-5362,58,6447,293313200,2115,293313210,2115,164,18,40,42,2442,49,-28,2440
1066588,5731,509092073,53394142,3444,-5362,58,6447,293313200,2115,293313220,2115,165,17,17,68,2525,26,-5,2524
1076590,5731,509092088,53394104,3443,-5362,59,6447,293313200,2115,293313230,2115,166,16,-30,127,2372,-22,58,2373
1086618,5731,509092104,53394067,3443,-5362,60,6447,293313200,2115,293313240,2115,166,16,-50,56,2418,-42,-15,2417
1096596,5731,509092119,53394029,3443,-5361,61,6447,293313200,2115,293313250,2115,167,16,-74,79,2341,-66,9,2341
1106630,5731,509092135,53393992,3443,-5361,62,6447,293313250,2115,293313260,2115,169,16,-23,36,2375,-14,-34,2373
1116609,5730,509092150,53393954,3443,-5362,62,6447,293313250,2115,293313270,2115,170,15,49,77,2492,57,3,2492
1126622,5730,509092166,53393916,3443,-5362,62,6447,293313250,2115,293313280,2115,171,15,55,79,2534,63,3,2533
1136581,5730,509092181,53393879,3444,-5363,61,6447,293313250,2115,293313290,2115,172,14,72,92,2600,80,13,2599
1146581,5730,509092197,53393841,3444,-5362,61,6447,293313250,2115,293313300,2115,173,14,-8,43,2543,0,-34,2541
1156624,5730,509092212,53393804,3443,-5362,61,6447,293313300,2115,293313310,2115,175,14,-105,124,2509,-98,47,2510
1166645,5730,509092228,53393766,3444,-5361,60,6447,293313300,2115,293313320,2115,176,14,-55,-86,2558,-47,-165,2552
1176590,5730,509092243,53393728,3444,-5361,60,6447,293313300,2115,293313330,2115,178,14,-61,107,2565,-53,26,2565
1186592,5730,509092259,53393691,3444,-5361,59,6447,293313300,2115,293313340,2115,179,14,54,51,2635,62,-32,2634
1196596,5730,509092274,53393653,3445,-5361,58,6447,293313300,2115,293313350,2115,181,14,87,30,2659,95,-54,2656
1206608,5730,509092290,53393616,3445,-5362,57,6447,293313350,2115,293313360,2115,181,14,19,69,2570,27,-13,2569
1216589,5730,509092305,53393578,3445,-5361,57,6447,293313350,2115,293313370,2115,182,14,-9,60,2572,-1,-22,2571
1226580,5730,509092321,53393540,3445,-5361,56,6447,293313350,2115,293313380,2115,183,14,-92,51,2565,-84,-32,2564
1236595,5730,509092336,53393503,3446,-5360,55,6447,293313350,2115,293313390,2115,185,15,-48,-28,2608,-40,-113,2604
1246586,5730,509092352,53393465,3445,-5360,55,6447,293313350,2115,293313400,2115,187,15,-7,100,2584,1,15,2584
1256653,5729,509092367,53393427,3446,-5360,53,6448,293313400,2115,293313410,2115,188,16,24,64,2695,33,-25,2694
1266587,5729,509092383,53393390,3446,-5361,51,6448,293313400,2115,293313420,2115,189,16,66,68,2769,75,-23,2768
1276610,5729,509092398,53393352,3446,-5361,50,6448,293313400,2115,293313430,2115,189,16,12,69,2669,21,-20,2668
1286883,5730,509092414,53393315,3446,-5360,49,6448,293313400,2115,293313440,2115,190,17,-69,73,2619,-59,-15,2619
1296597,5730,509092429,53393277,3446,-5360,48,6448,293313400,2115,293313450,2115,191,18,-80,78,2597,-71,-9,2596
1306636,5730,509092445,53393239,3446,-5360,47,6448,293313450,2115,293313460,2115,192,19,-38,94,2580,-29,7,2580
1316604,5730,509092460,53393202,3446,-5360,47,6448,293313450,2115,293313470,2115,193,20,22,34,2553,32,-52,2550
1326614,5729,509092476,53393164,3446,-5360,46,6448,293313450,2115,293313480,2115,193,20,30,108,2608,41,19,2608
1336590,5730,509092491,53393127,3447,-5360,45,6448,293313450,2115,293313490,2115,193,21,41,53,2666,53,-37,2665
1346596,5730,509092507,53393089,3447,-5360,43,6448,293313450,2115,293313500,2115,193,22,-6,118,2737,6,25,2738
1356655,5730,509092522,53393051,3447,-5360,42,6448,293313450,2115,293313510,2115,193,22,-57,42,2646,-45,-47,2644
1366606,5730,509092538,53393014,3447,-5360,41,6448,293313500,2115,293313520,2115,193,23,-27,110,2605,-15,22,2606
1376603,5730,509092553,53392976,3446,-5360,41,6448,293313500,2115,293313530,2115,193,23,-1,142,2566,10,55,2567
1386645,5730,509092569,53392939,3446,-5360,41,6448,293313500,2115,293313540,2115,192,24,-13,139,2461,-2,56,2462
1396586,5730,509092584,53392901,3446,-5360,40,6448,293313500,2115,293313550,2115,192,25,-11,62,2548,2,-24,2547
1406628,5730,509092600,53392863,3446,-5360,40,6448,293313500,2115,293313560,2115,192,26,-4,57,2603,10,-31,2601
1416617,5730,509092615,53392826,3446,-5361,39,6448,293313550,2115,293313570,2115,192,26,12,132,2550,25,46,2551
1427503,5730,509092630,53392788,3446,-5361,38,6448,293313550,2115,293313580,2115,191,27,-9,115,2661,4,25,2662
1436624,5730,509092646,53392751,3446,-5361,37,6448,293313550,2115,293313590,2115,191,27,-17,109,2632,-3,21,2632
1447171,5730,509092661,53392713,3446,-5361,36,6448,293313550,2115,293313600,2115,190,27,-14,93,2678,0,3,2677
1456604,5730,509092677,53392675,3445,-5361,35,6448,293313550,2115,293313610,2115,190,27,-5,135,2598,9,49,2600
1466603,5731,509092692,53392638,3445,-5361,35,6448,293313600,2115,293313620,2115,188,28,-18,154,2467,-5,72,2469
1476623,5731,509092708,53392600,3445,-5362,36,6448,293313600,2115,293313630,2115,187,28,-11,120,2436,3,40,2437
1486596,5731,509092723,53392563,3445,-5361,36,6448,293313600,2115,293313640,2115,187,29,-21,16,2391,-7,-63,2389
1496587,5731,509092739,53392525,3445,-5361,37,6448,293313600,2115,293313650,2115,186,29,-4,118,2487,10,37,2488
1506615,5731,509092754,53392487,3445,-5362,36,6448,293313600,2115,293313660,2115,186,30,3,114,2521,17,32,2522
1516609,5731,509092770,53392450,3444,-5362,36,6448,293313650,2115,293313670,2115,185,30,11,140,2602,26,55,2603
1526576,5731,509092785,53392412,3445,-5362,35,6448,293313650,2115,293313680,2115,184,30,14,48,2548,29,-34,2546
1536582,5731,509092801,53392375,3445,-5362,34,6448,293313650,2115,293313690,2115,183,30,-7,111,2634,8,26,2634
1546614,5731,509092816,53392337,3444,-5362,35,6448,293313650,2115,293313700,2115,181,30,-31,124,2422,-17,46,2423
1556611,5731,509092832,53392299,3444,-5362,36,6448,293313650,2115,293313710,2115,180,30,-49,73,2325,-35,-1,2325
1566609,5731,509092847,53392262,3443,-5362,38,6448,293313700,2115,293313720,2115,179,31,-83,137,2326,-69,63,2327
1576607,5731,509092863,53392224,3444,-5362,38,6448,293313700,2115,293313730,2115,179,31,31,34,2423,46,-42,2421
1586605,5731,509092878,53392186,3444,-5363,39,6448,293313700,2115,293313740,2115,178,31,22,126,2448,37,49,2449
1596580,5731,509092894,53392149,3444,-5363,38,6448,293313700,2115,293313750,2115,177,31,76,76,2535,91,-2,2533
1606604,5731,509092909,53392111,3444,-5364,39,6448,293313700,2115,293313760,2115,177,31,68,135,2448,83,59,2449
1616621,5732,509092925,53392074,3444,-5364,40,6448,293313750,2115,293313770,2115,177,31,-62,85,2397,-48,11,2397
1626592,5732,509092940,53392036,3443,-5363,41,6448,293313750,2115,293313780,2115,177,31,-95,123,2368,-81,49,2369
1636597,5732,509092956,53391998,3443,-5363,42,6448,293313750,2115,293313790,2115,177,31,-99,59,2290,-84,-12,2290
1646847,5732,509092971,53391961,3443,-5363,43,6448,293313750,2115,293313800,2115,178,32,-10,76,2379,5,2,2378
1656591,5732,509092987,53391923,3443,-5363,44,6448,293313750,2115,293313810,2115,178,32,60,37,2382,75,-37,2380
1666599,5732,509093002,53391886,3443,-5364,45,6448,293313800,2115,293313820,2115,178,32,63,147,2407,78,72,2408
1677206,5732,509093018,53391848,3443,-5364,45,6448,293313800,2115,293313830,2115,179,32,29,84,2479,45,7,2478
1686612,5732,509093033,53391810,3444,-5364,45,6448,293313800,2115,293313840,2115,179,31,8,20,2475,23,-58,2473
1696608,5733,509093048,53391773,3444,-5364,47,6448,293313800,2115,293313850,2115,180,31,-69,72,2314,-55,-2,2314
1706870,5733,509093064,53391735,3443,-5364,48,6448,293313800,2115,293313860,2115,181,30,-47,102,2305,-33,29,2306
1716600,5733,509093079,53391697,3443,-5364,50,6448,293313850,2115,293313870,2115,181,30,-31,80,2230,-18,9,2230
1726604,5733,509093095,53391660,3443,-5364,51,6448,293313850,2115,293313880,2115,182,30,31,94,2374,45,18,2374
1736722,5733,509093110,53391622,3443,-5365,52,6448,293313850,2115,293313890,2115,184,29,38,126,2432,52,47,2432
1747462,5734,509093126,53391584,3443,-5365,52,6448,293313850,2115,293313900,2115,185,29,33,77,2463,47,-3,2462
1756862,5734,509093141,53391547,3444,-5364,53,6448,293313850,2115,293313910,2115,187,28,-36,-3,2414,-22,-82,2411
1766635,5734,509093157,53391509,3443,-5364,53,6448,293313900,2115,293313920,2115,189,28,-65,105,2443,-52,24,2443
1776589,5734,509093172,53391472,3443,-5364,55,6448,293313900,2115,293313930,2115,191,27,-39,149,2359,-26,70,2361
1786604,5734,509093188,53391434,3443,-5364,55,6448,293313900,2115,293313940,2115,192,27,-25,55,2414,-12,-27,2413
1796749,5734,509093203,53391396,3443,-5364,56,6448,293313900,2115,293313950,2115,193,27,7,54,2406,20,-28,2405
1807385,5734,509093219,53391359,3443,-5364,56,6448,293313900,2115,293313960,2115,194,26,26,101,2435,39,18,2435
1816594,5734,509093234,53391321,3443,-5365,57,6448,293313950,2115,293313970,2115,195,25,10,91,2454,22,7,2454
1826887,5735,509093250,53391283,3443,-5365,58,6448,293313950,2115,293313980,2115,196,25,8,87,2403,20,4,2403
1836641,5735,509093265,53391246,3443,-5364,59,6448,293313950,2115,293313990,2115,197,24,-42,46,2376,-30,-36,2374
1846579,5735,509093281,53391208,3443,-5364,60,6448,293313950,2115,293314000,2115,198,24,-37,55,2328,-26,-26,2327
1858085,5735,509093296,53391171,3443,-5364,60,6448,293313950,2115,293314010,2115,198,23,-18,145,2431,-6,61,2433
1866692,5736,509093312,53391133,3443,-5365,61,6448,293314000,2115,293314020,2115,199,23,27,76,2490,38,-11,2489
1876603,5736,509093327,53391095,3443,-5365,60,6448,293314000,2115,293314030,2115,199,22,0,107,2563,12,18,2563
1886591,5736,509093343,53391058,3443,-5365,60,6448,293314000,2115,293314040,2115,199,22,5,147,2544,16,58,2546
1896592,5736,509093358,53391020,3442,-5365,59,6448,293314000,2115,293314050,2115,199,21,-46,123,2567,-35,32,2568
1906854,5736,509093373,53390982,3442,-5365,59,6448,293314000,2115,293314060,2115,199,21,-54,89,2482,-44,2,2482
1916600,5736,509093389,53390945,3442,-5365,59,6448,293314050,2115,293314070,2115,199,21,-33,154,2505,-23,66,2507
1926599,5737,509093404,53390907,3441,-5365,59,6448,293314050,2115,293314080,2115,199,21,9,172,2485,20,85,2487
1936591,5737,509093420,53390869,3441,-5366,59,6448,293314050,2115,293314090,2115,198,21,19,114,2510,30,27,2511
1946615,5737,509093435,53390832,3441,-5366,59,6448,293314050,2115,293314100,2115,198,21,-6,71,2516,5,-16,2515
1956906,5737,509093451,53390794,3441,-5366,59,6448,293314050,2115,293314110,2115,197,21,-2,149,2585,8,59,2587
1966746,5737,509093466,53390757,3440,-5366,58,6448,293314100,2115,293314120,2115,197,20,-18,160,2587,-8,70,2589
1977571,5737,509093482,53390719,3440,-5366,57,6448,293314100,2115,293314130,2115,196,20,-1,98,2554,9,10,2554
1986600,5738,509093497,53390681,3440,-5367,57,6448,293314100,2115,293314140,2115,195,20,-14,128,2524,-4,41,2525
1996616,5738,509093513,53390644,3440,-5367,57,6448,293314100,2115,293314150,2115,194,20,-10,142,2504,0,57,2505
2008365,5738,509093528,53390606,3439,-5367,57,6448,293314100,2115,293314160,2115,194,20,-39,186,2523,-29,100,2526
2016734,5738,509093544,53390568,3440,-5366,56,6448,293314150,2115,293314170,2115,193,21,-6,-12,2616,5,-101,2613
2026699,5738,509093559,53390531,3439,-5367,55,6448,293314150,2115,293314180,2115,193,21,0,148,2614,11,60,2615
2036871,5738,509093575,53390493,3439,-5367,54,6448,293314150,2115,293314190,2115,192,21,-10,146,2628,1,58,2629
2046615,5738,509093590,53390455,3439,-5367,53,6448,293314150,2115,293314200,2115,192,21,47,119,2688,58,29,2689
2057053,5738,509093605,53390418,3439,-5368,52,6448,293314150,2115,293314210,2115,191,21,-4,102,2601,7,15,2602
2067198,5738,509093621,53390380,3439,-5368,52,6448,293314200,2115,293314220,2115,190,21,-32,115,2546,-21,30,2547
2076729,5738,509093636,53390342,3439,-5367,51,6448,293314200,2115,293314230,2115,189,21,-63,43,2535,-52,-42,2533
2086610,5738,509093652,53390305,3438,-5367,51,6448,293314200,2115,293314240,2115,189,21,-32,146,2531,-22,62,2533
2097069,5738,509093667,53390267,3438,-5367,50,6448,293314200,2115,293314250,2115,189,21,23,75,2598,34,-11,2598
2106882,5738,509093683,53390229,3439,-5368,49,6448,293314200,2115,293314260,2115,188,21,42,61,2698,53,-28,2697
2116739,5738,509093698,53390192,3439,-5369,47,6448,293314250,2115,293314270,2115,188,20,30,120,2647,41,32,2647
2127287,5738,509093714,53390154,3439,-5369,46,6448,293314250,2115,293314280,2115,187,20,15,82,2687,26,-7,2687
2136632,5738,509093729,53390116,3438,-5369,45,6448,293314250,2115,293314290,2115,187,20,-69,106,2614,-59,20,2614
2146599,5738,509093745,53390079,3438,-5368,44,6448,293314250,2115,293314300,2115,187,20,-64,106,2628,-53,20,2629
2157474,5738,509093760,53390041,3438,-5368,43,6448,293314250,2115,293314310,2115,187,20,-48,43,2592,-37,-43,2591
2166741,5738,509093775,53390003,3438,-5368,42,6448,293314300,2115,293314320,2115,187,20,20,78,2636,31,-8,2635
2176706,5738,509093791,53389966,3438,-5369,41,6448,293314300,2115,293314330,2115,187,20,50,172,2636,61,85,2639
2186921,5738,509093806,53389928,3438,-5369,40,6448,293314300,2115,293314340,2115,187,20,45,53,2643,56,-34,2642
2196612,5738,509093822,53389890,3438,-5369,39,6448,293314300,2115,293314350,2115,187,19,-38,72,2658,-27,-16,2657
2206718,5738,509093837,53389853,3438,-5368,38,6448,293314300,2115,293314360,2115,187,20,-63,89,2606,-53,3,2606
2216880,5739,509093853,53389815,3438,-5369,37,6448,293314350,2115,293314370,2115,187,20,-28,149,2627,-17,62,2629
2226656,5739,509093868,53389777,3438,-5369,37,6448,293314350,2115,293314380,2115,188,20,-20,70,2582,-10,-15,2581
2236590,5739,509093884,53389740,3438,-5369,36,6448,293314350,2115,293314390,2115,188,20,21,113,2594,31,27,2594
2247384,5739,509093899,53389702,3438,-5369,35,6448,293314350,2115,293314400,2115,187,20,2,87,2573,12,3,2573
2256844,5739,509093915,53389664,3438,-5369,34,6448,293314350,2115,293314410,2115,188,20,-14,105,2631,-4,18,2631
2266749,5740,509093930,53389627,3437,-5369,34,6448,293314400,2115,293314420,2115,188,20,-47,93,2530,-37,9,2530
2277028,5740,509093945,53389589,3437,-5369,34,6448,293314400,2115,293314430,2115,188,20,-24,87,2532,-14,3,2531
2286583,5740,509093961,53389552,3437,-5369,34,6449,293314400,2115,293314440,2115,188,20,-11,166,2530,-1,82,2532
2296581,5740,509093976,53389514,3437,-5369,33,6449,293314400,2115,293314450,2115,188,20,12,116,2595,23,31,2596
2306969,5740,509093992,53389476,3437,-5370,32,6449,293314400,2115,293314460,2115,188,19,13,78,2549,24,-6,2549
2316754,5741,509094007,53389438,3437,-5369,32,6449,293314450,2115,293314470,2115,187,19,-11,77,2589,-1,-8,2588
2326659,5741,509094023,53389401,3436,-5370,31,6449,293314450,2115,293314480,2115,187,19,-24,189,2541,-15,106,2544
2336591,5741,509094038,53389363,3436,-5370,32,6449,293314450,2115,293314490,2115,186,19,-35,115,2441,-26,34,2441
2346610,5742,509094054,53389325,3435,-5370,32,6449,293314450,2115,293314500,2115,186,18,-20,111,2451,-11,31,2451
2356818,5742,509094069,53389288,3436,-5370,33,6449,293314450,2115,293314510,2115,186,18,-5,54,2474,5,-27,2472
2366752,5742,509094084,53389250,3435,-5370,32,6449,293314500,2115,293314520,2115,186,18,3,152,2600,12,67,2602
2376659,5742,509094100,53389212,3435,-5370,31,6449,293314500,2115,293314530,2115,185,17,19,88,2598,28,4,2598
2386594,5743,509094115,53389175,3435,-5370,30,6449,293314500,2115,293314540,2115,184,16,-3,66,2645,7,-19,2644
2396810,5743,509094131,53389137,3435,-5370,30,6449,293314500,2115,293314550,2115,183,16,-54,161,2511,-46,79,2513
2406913,5744,509094146,53389099,3434,-5370,30,6449,293314500,2115,293314560,2115,182,15,-51,145,2489,-43,65,2491
2416740,5744,509094162,53389062,3433,-5371,30,6449,293314550,2115,293314570,2115,182,15,-24,130,2453,-16,51,2454
2427257,5744,509094177,53389024,3434,-5371,30,6449,293314550,2115,293314580,2115,181,15,6,64,2468,14,-15,2467
2437646,5744,509094193,53388986,3434,-5371,31,6449,293314550,2115,293314590,2115,181,14,22,110,2428,29,33,2428
2446586,5744,509094208,53388949,3433,-5371,31,6449,293314550,2115,293314600,2115,180,14,11,169,2478,18,91,2480
2457347,5745,509094223,53388911,3433,-5371,31,6449,293314550,2115,293314610,2115,180,14,-34,104,2515,-27,24,2516
2466738,5745,509094239,53388873,3433,-5371,30,6449,293314600,2115,293314620,2115,179,14,-33,56,2565,-25,-25,2564
2476700,5745,509094254,53388836,3432,-5371,30,6449,293314600,2115,293314630,2115,178,13,-22,137,2568,-14,56,2570
2487322,5746,509094270,53388798,3432,-5371,30,6449,293314600,2115,293314640,2115,177,13,-2,109,2463,5,32,2463
2496584,5746,509094285,53388760,3431,-5372,31,6449,293314600,2115,293314650,2115,177,13,-23,173,2368,-16,99,2370
2506873,5746,509094301,53388723,3431,-5372,32,6449,293314600,2115,293314660,2115,176,13,-16,94,2389,-9,20,2389
2517408,5746,509094316,53388685,3431,-5372,33,6449,293314650,2115,293314670,2115,176,14,-11,88,2352,-4,15,2352
2526678,5746,509094331,53388647,3431,-5372,34,6449,293314650,2115,293314680,2115,175,14,-4,113,2435,3,38,2436
2536582,5747,509094347,53388610,3431,-5372,34,6449,293314650,2115,293314690,2115,175,14,28,117,2443,36,42,2444
2547291,5747,509094362,53388572,3431,-5372,35,6449,293314650,2115,293314700,2115,175,15,-1,88,2434,7,13,2434
2556823,5747,509094378,53388534,3430,-5373,35,6449,293314650,2115,293314710,2115,175,15,6,111,2451,14,36,2452
2566743,5747,509094393,53388496,3430,-5373,36,6449,293314700,2115,293314720,2115,174,16,-21,121,2426,-13,47,2427
2576661,5747,509094408,53388459,3429,-5373,37,6449,293314700,2115,293314730,2115,174,16,-46,157,2387,-38,84,2389
2586608,5747,509094424,53388421,3429,-5372,38,6449,293314700,2115,293314740,2115,175,17,-14,22,2352,-5,-50,2350
2596588,5747,509094439,53388383,3429,-5372,39,6449,293314700,2115,293314750,2115,175,18,-39,46,2339,-30,-26,2338
2607686,5747,509094455,53388346,3429,-5373,40,6449,293314700,2115,293314760,2115,174,19,11,161,2348,20,89,2350
2616732,5747,509094470,53388308,3429,-5373,42,6449,293314750,2115,293314770,2115,175,19,20,83,2338,29,11,2337
2626675,5747,509094486,53388270,3429,-5373,43,6449,293314750,2115,293314780,2115,175,20,36,53,2354,46,-19,2352
2636612,5747,509094501,53388233,3429,-5373,44,6449,293314750,2115,293314790,2115,174,21,-14,93,2337,-4,21,2337
2646594,5748,509094516,53388195,3429,-5373,46,6449,293314750,2115,293314800,2115,175,22,1,85,2330,11,13,2330
2656863,5748,509094532,53388157,3429,-5374,47,6449,293314750,2115,293314810,2115,175,22,-27,114,2314,-16,43,2315
2666743,5748,509094547,53388119,3429,-5374,49,6449,293314800,2115,293314820,2115,175,23,-38,97,2338,-27,25,2338
2676674,5748,509094563,53388082,3429,-5374,50,6449,293314800,2115,293314830,2115,175,24,7,68,2386,19,-5,2385
2688466,5748,509094578,53388044,3429,-5374,51,6449,293314800,2115,293314840,2115,175,25,-5,55,2363,7,-18,2361
2696591,5748,509094593,53388006,3429,-5374,52,6449,293314800,2115,293314850,2115,175,26,6,52,2329,18,-19,2327
2706829,5748,509094609,53387969,3429,-5374,53,6449,293314800,2115,293314860,2115,174,26,-24,93,2402,-11,20,2402
2716753,5748,509094624,53387931,3428,-5374,53,6449,293314850,2115,293314870,2115,174,27,-4,143,2349,8,72,2350
2726662,5749,509094640,53387893,3428,-5374,54,6449,293314850,2115,293314880,2115,173,28,-2,73,2357,11,2,2357
2736592,5749,509094655,53387855,3428,-5374,56,6449,293314850,2115,293314890,2115,173,28,-18,69,2287,-5,-1,2286
2746615,5749,509094671,53387818,3428,-5374,57,6449,293314850,2115,293314900,2115,173,29,-8,129,2326,5,58,2327
2757736,5749,509094686,53387780,3427,-5374,59,6449,293314850,2115,293314910,2115,173,30,-35,109,2327,-21,38,2327
2766732,5749,509094701,53387742,3427,-5374,60,6449,293314900,2115,293314920,2115,172,30,2,86,2390,16,13,2390
2776655,5749,509094717,53387704,3428,-5374,60,6449,293314900,2115,293314930,2115,172,31,36,10,2421,51,-62,2418
2786590,5749,509094732,53387667,3427,-5375,60,6449,293314900,2115,293314940,2115,171,31,22,181,2488,36,106,2490
2796591,5749,509094748,53387629,3427,-5375,61,6449,293314900,2115,293314950,2115,171,31,-8,166,2412,6,94,2414
2806853,5749,509094763,53387591,3427,-5375,62,6449,293314900,2115,293314960,2115,170,31,-20,55,2405,-5,-17,2403
2817041,5749,509094778,53387553,3427,-5376,64,6449,293314950,2115,293314970,2115,170,31,-46,94,2412,-32,22,2412
2826809,5749,509094794,53387516,3428,-5376,65,6449,293314950,2115,293314980,2115,170,31,-18,23,2340,-4,-47,2338
2836586,5749,509094809,53387478,3427,-5376,66,6449,293314950,2115,293314990,2115,169,31,11,132,2392,25,61,2393
2847369,5749,509094825,53387440,3427,-5376,66,6449,293314950,2115,293315000,2115,169,30,-2,89,2483,12,16,2483
2856862,5749,509094840,53387402,3427,-5377,66,6449,293314950,2115,293315010,2115,168,29,34,82,2515,49,8,2514
2866761,5749,509094855,53387364,3428,-5377,67,6449,293315000,2115,293315020,2115,168,29,18,63,2547,32,-12,2546
2876701,5749,509094871,53387327,3427,-5378,66,6449,293315000,2115,293315030,2115,168,27,9,157,2562,23,81,2564
2886601,5749,509094886,53387289,3427,-5378,66,6449,293315000,2115,293315040,2115,168,26,-42,50,2542,-28,-25,2540
2896611,5749,509094902,53387251,3427,-5377,66,6449,293315000,2115,293315050,2115,168,25,-65,47,2518,-52,-27,2517
2906874,5749,509094917,53387214,3427,-5377,65,6449,293315000,2115,293315060,2115,168,24,-29,86,2556,-16,10,2556
2916750,5750,509094932,53387175,3426,-5377,64,6449,293315050,2115,293315070,2115,167,23,-4,171,2612,8,94,2613
2926678,5750,509094948,53387138,3426,-5377,63,6449,293315050,2115,293315080,2115,167,22,44,55,2642,55,-23,2641
2936583,5750,509094963,53387100,3426,-5378,62,6449,293315050,2115,293315090,2115,167,20,27,121,2665,38,42,2665
2946603,5750,509094979,53387062,3426,-5377,60,6449,293315050,2115,293315100,2115,168,19,-60,78,2657,-49,-1,2657
2958027,5749,509094994,53387025,3426,-5377,59,6449,293315050,2115,293315110,2115,169,18,-32,74,2693,-22,-6,2693
2966742,5749,509095009,53386986,3426,-5377,59,6449,293315100,2115,293315120,2115,169,17,-55,43,2627,-45,-35,2625
2976669,5749,509095025,53386949,3426,-5377,57,6449,293315100,2115,293315130,2115,170,16,1,110,2677,10,30,2677
2986628,5749,509095040,53386911,3426,-5377,56,6449,293315100,2115,293315140,2115,170,16,-36,57,2688,-27,-24,2687
2996693,5749,509095056,53386873,3426,-5377,54,6449,293315100,2115,293315150,2115,171,15,12,47,2777,21,-36,2776
3007110,5749,509095071,53386836,3426,-5377,52,6449,293315100,2115,293315160,2115,172,14,2,64,2743,11,-19,2742
3016738,5749,509095086,53386797,3426,-5377,50,6449,293315150,2115,293315170,2115,173,13,-8,36,2700,0,-46,2698
3026675,5749,509095102,53386760,3426,-5376,49,6449,293315150,2115,293315180,2115,174,13,-49,66,2621,-42,-14,2620
3036636,5750,509095117,53386722,3426,-5376,48,6449,293315150,2115,293315190,2115,175,12,-40,8,2587,-33,-72,2584
3046592,5750,509095133,53386684,3426,-5376,47,6449,293315150,2115,293315200,2115,175,12,-30,133,2724,-23,49,2725
3056836,5750,509095148,53386646,3426,-5376,45,6449,293315150,2115,293315210,2115,176,12,-13,27,2721,-6,-57,2718
3066739,5750,509095163,53386608,3427,-5376,43,6449,293315200,2115,293315220,2115,177,11,48,87,2727,55,3,2726
3076666,5750,509095179,53386571,3427,-5376,42,6449,293315200,2115,293315230,2115,177,11,-11,57,2643,-4,-25,2642
3086584,5750,509095194,53386533,3427,-5375,41,6449,293315200,2115,293315240,2115,178,11,-54,68,2679,-47,-16,2678
3096585,5750,509095210,53386495,3427,-5375,40,6449,293315200,2115,293315250,2115,179,12,-51,64,2667,-44,-20,2666
3107514,5750,509095225,53386458,3426,-5375,38,6449,293315200,2115,293315260,2115,180,13,-14,115,2700,-7,30,2700
3116760,5751,509095240,53386419,3426,-5374,37,6449,293315250,2115,293315270,2115,180,13,-11,83,2617,-3,0,2617
3126680,5751,509095256,53386382,3426,-5374,36,6449,293315250,2115,293315280,2115,180,14,6,82,2622,14,-1,2621
3136591,5751,509095271,53386344,3426,-5374,35,6449,293315250,2115,293315290,2115,180,15,-30,97,2559,-22,16,2559
3146575,5751,509095287,53386306,3426,-5374,35,6449,293315250,2115,293315300,2115,180,16,-36,52,2547,-27,-29,2546
3156861,5751,509095302,53386268,3426,-5374,35,6449,293315250,2115,293315310,2115,181,17,-52,129,2500,-43,50,2501
3166762,5751,509095317,53386230,3426,-5373,35,6449,293315300,2115,293315320,2115,181,18,-1,66,2549,8,-15,2548
3176658,5751,509095333,53386193,3426,-5373,34,6449,293315300,2115,293315330,2115,180,19,-18,82,2516,-8,2,2516
3186593,5751,509095348,53386155,3426,-5374,34,6449,293315300,2115,293315340,2115,180,20,6,133,2556,16,52,2557
3196591,5751,509095363,53386117,3426,-5374,34,6449,293315300,2115,293315350,2115,180,22,8,132,2519,19,52,2520
3207923,5751,509095379,53386079,3426,-5374,35,6449,293315300,2115,293315360,2115,179,23,-8,30,2402,3,-46,2400
3216739,5751,509095394,53386041,3426,-5374,36,6449,293315350,2115,293315370,2115,179,25,-33,69,2303,-22,-4,2303
3226667,5751,509095410,53386004,3426,-5374,37,6449,293315350,2115,293315380,2115,179,26,-71,87,2371,-59,12,2371
3237153,5751,509095425,53385966,3426,-5374,38,6449,293315350,2115,293315390,2115,179,28,-7,92,2399,6,16,2399
3246630,5751,509095440,53385928,3426,-5375,38,6449,293315350,2115,293315400,2115,179,29,21,111,2448,35,34,2448
3256837,5751,509095456,53385890,3426,-5375,38,6449,293315350,2115,293315410,2115,178,30,41,132,2576,56,52,2576
3266773,5751,509095471,53385852,3426,-5375,38,6449,293315400,2115,293315420,2115,178,31,2,37,2427,17,-39,2426
3276691,5751,509095486,53385814,3427,-5375,39,6449,293315400,2115,293315430,2115,178,32,-37,57,2373,-22,-18,2372
3286594,5751,509095502,53385777,3426,-5374,42,6449,293315400,2115,293315440,2115,179,33,-78,107,2205,-63,37,2206
3296586,5750,509095517,53385739,3425,-5374,43,6449,293315400,2115,293315450,2115,179,34,-65,125,2289,-50,52,2291
3308036,5750,509095533,53385701,3426,-5374,45,6450,293315400,2115,293315460,2115,180,36,-10,46,2295,5,-27,2294
3316755,5750,509095548,53385663,3426,-5375,46,6450,293315450,2115,293315470,2115,180,37,26,47,2412,43,-29,2410
3326643,5750,509095563,53385625,3426,-5376,46,6450,293315450,2115,293315480,2115,181,37,45,108,2467,62,30,2467
3336628,5750,509095579,53385588,3426,-5376,47,6450,293315450,2115,293315490,2115,181,37,8,48,2411,26,-29,2409
3346593,5750,509095594,53385550,3426,-5376,48,6450,293315450,2115,293315500,2115,182,37,-29,63,2369,-12,-13,2368
3356864,5750,509095610,53385512,3426,-5375,50,6450,293315450,2115,293315510,2115,182,37,-70,70,2287,-54,-4,2287
3366735,5749,509095625,53385474,3425,-5375,51,6450,293315500,2115,293315520,2115,183,37,-28,89,2230,-12,17,2230
3376670,5749,509095640,53385436,3425,-5375,53,6450,293315500,2115,293315530,2115,184,37,-21,34,2245,-4,-38,2243
3386608,5749,509095656,53385399,3425,-5375,54,6450,293315500,2115,293315540,2115,185,37,-24,85,2354,-7,8,2353
3396596,5749,509095671,53385361,3426,-5375,55,6450,293315500,2115,293315550,2115,186,36,42,41,2482,60,-40,2479
3406885,5749,509095687,53385323,3426,-5375,55,6450,293315500,2115,293315560,2115,188,36,23,47,2449,40,-34,2447
3416740,5749,509095702,53385285,3427,-5376,57,6450,293315550,2115,293315570,2115,189,35,3,66,2457,19,-16,2456
3426659,5749,509095717,53385247,3427,-5375,57,6450,293315550,2115,293315580,2115,190,33,-19,34,2434,-3,-47,2432
3436590,5749,509095733,53385209,3427,-5375,58,6450,293315550,2115,293315590,2115,191,32,-93,44,2409,-78,-38,2408
3446594,5749,509095748,53385172,3427,-5374,58,6450,293315550,2115,293315600,2115,192,30,-66,73,2459,-51,-11,2459
3456905,5749,509095764,53385134,3427,-5374,59,6450,293315550,2115,293315610,2115,193,29,-33,125,2401,-19,44,2402
3466765,5749,509095779,53385096,3427,-5375,60,6450,293315600,2115,293315620,2115,194,28,30,35,2425,43,-48,2422
3476669,5749,509095794,53385058,3428,-5375,60,6450,293315600,2115,293315630,2115,195,26,14,-31,2463,27,-116,2458
3486591,5749,509095810,53385020,3428,-5375,59,6450,293315600,2115,293315640,2115,196,24,4,137,2589,16,48,2590
3496585,5749,509095825,53384983,3428,-5375,59,6450,293315600,2115,293315650,2115,196,22,-9,71,2539,3,-17,2538
3507217,5749,509095841,53384945,3428,-5375,58,6450,293315600,2115,293315660,2115,197,20,-33,35,2609,-22,-55,2607
3516761,5749,509095856,53384907,3427,-5374,57,6450,293315650,2115,293315670,2115,197,18,-76,165,2556,-67,76,2559
3526657,5749,509095871,53384869,3427,-5374,56,6450,293315650,2115,293315680,2115,197,16,-41,66,2636,-32,-25,2634
3536603,5749,509095887,53384831,3427,-5373,56,6450,293315650,2115,293315690,2115,197,14,-45,82,2565,-38,-7,2565
3546592,5749,509095902,53384793,3427,-5373,55,6450,293315650,2115,293315700,2115,197,12,6,63,2580,13,-27,2579
3556863,5749,509095918,53384756,3427,-5374,54,6450,293315650,2115,293315710,2115,197,10,4,121,2596,9,31,2597
3566763,5748,509095933,53384717,3426,-5373,53,6450,293315700,2115,293315720,2115,196,8,-21,148,2598,-17,59,2600
3576833,5748,509095948,53384680,3426,-5373,52,6450,293315700,2115,293315730,2115,195,6,-36,96,2672,-32,5,2672
3586615,5748,509095964,53384642,3426,-5373,50,6450,293315700,2115,293315740,2115,194,4,-40,72,2679,-36,-20,2678
3596614,5748,509095979,53384604,3426,-5373,49,6450,293315700,2115,293315750,2115,194,3,-31,146,2707,-29,54,2708
3606833,5748,509095994,53384567,3425,-5373,47,6450,293315700,2115,293315760,2115,193,2,-32,86,2668,-30,-4,2667
3616773,5748,509096010,53384528,3426,-5371,46,6450,293315750,2115,293315770,2115,192,0,-40,88,2705,-39,-3,2705
3626705,5748,509096025,53384490,3426,-5371,44,6450,293315750,2115,293315780,2115,190,-1,-5,128,2765,-4,36,2766
3636617,5748,509096041,53384453,3426,-5371,42,6450,293315750,2115,293315790,2115,188,-2,-21,113,2767,-20,22,2767
3646592,5748,509096056,53384415,3425,-5371,40,6450,293315750,2115,293315800,2115,186,-2,-21,136,2679,-20,48,2680
3656968,5748,509096071,53384377,3425,-5371,40,6450,293315750,2115,293315810,2115,184,-3,-30,112,2595,-30,27,2595
3666755,5748,509096087,53384339,3425,-5370,40,6450,293315800,2115,293315820,2115,183,-3,-36,103,2561,-35,21,2561
3676665,5748,509096102,53384301,3424,-5370,39,6450,293315800,2115,293315830,2115,181,-3,-34,147,2546,-34,66,2547
3686616,5748,509096118,53384264,3424,-5370,38,6450,293315800,2115,293315840,2115,179,-3,-20,102,2621,-19,19,2621
3696587,5748,509096133,53384226,3424,-5371,37,6450,293315800,2115,293315850,2115,178,-2,3,98,2722,4,13,2721
3706849,5748,509096148,53384188,3424,-5371,35,6450,293315800,2115,293315860,2115,176,-1,-20,119,2712,-20,35,2712
3716730,5748,509096164,53384150,3423,-5371,33,6450,293315850,2115,293315870,2115,174,-1,-1,134,2755,0,50,2756
3726674,5749,509096179,53384112,3422,-5370,31,6450,293315850,2115,293315880,2115,172,1,-62,152,2716,-60,69,2717
3736593,5749,509096195,53384075,3422,-5370,31,6450,293315850,2115,293315890,2115,171,2,-24,34,2544,-21,-42,2542
3746599,5749,509096210,53384037,3422,-5370,31,6450,293315850,2115,293315900,2115,169,4,-32,92,2525,-29,17,2525
3756847,5749,509096225,53383999,3422,-5370,31,6450,293315850,2115,293315910,2115,167,5,-49,136,2449,-45,64,2450
3766748,5749,509096241,53383961,3421,-5371,31,6450,293315900,2115,293315920,2115,165,7,-20,157,2488,-15,85,2490
3776667,5749,509096256,53383923,3421,-5371,31,6450,293315900,2115,293315930,2115,163,9,9,27,2541,14,-46,2539
3787473,5749,509096271,53383885,3421,-5371,31,6450,293315900,2115,293315940,2115,161,10,52,116,2521,58,45,2521
3796624,5749,509096287,53383848,3421,-5372,31,6450,293315900,2115,293315950,2115,160,12,27,105,2433,34,37,2433
3807017,5750,509096302,53383810,3421,-5372,32,6450,293315900,2115,293315960,2115,158,13,-23,101,2363,-16,35,2364
3816792,5750,509096318,53383772,3420,-5372,34,6450,293315950,2115,293315970,2115,157,15,-70,48,2310,-62,-16,2309
3826711,5750,509096333,53383734,3419,-5372,34,6450,293315950,2115,293315980,2115,156,17,-49,123,2448,-40,55,2449
3836636,5750,509096348,53383696,3419,-5372,34,6450,293315950,2115,293315990,2115,154,19,3,91,2449,13,24,2449
3846654,5750,509096364,53383658,3419,-5372,35,6450,293315950,2115,293316000,2115,153,21,49,89,2462,59,23,2462
3856855,5751,509096379,53383621,3419,-5373,35,6450,293315950,2115,293316010,2115,151,22,8,90,2420,19,26,2420
3866754,5751,509096394,53383582,3419,-5374,37,6450,293316000,2115,293316020,2115,150,24,-28,100,2387,-17,36,2387
3876905,5751,509096410,53383545,3419,-5374,38,6450,293316000,2115,293316030,2115,150,25,-30,72,2326,-18,11,2325
3886606,5751,509096425,53383507,3419,-5373,39,6450,293316000,2115,293316040,2115,149,27,-38,62,2307,-26,2,2306
3896589,5751,509096441,53383469,3418,-5373,41,6450,293316000,2115,293316050,2115,148,28,-36,124,2252,-24,65,2253
3907632,5751,509096456,53383431,3418,-5374,43,6450,293316000,2115,293316060,2115,147,29,12,129,2289,26,70,2289
3916743,5752,509096471,53383393,3419,-5374,44,6450,293316050,2115,293316070,2115,146,30,42,15,2365,57,-46,2363
3926654,5752,509096487,53383355,3419,-5374,45,6450,293316050,2115,293316080,2115,145,31,35,37,2394,49,-24,2392
3937203,5752,509096502,53383318,3419,-5375,46,6450,293316050,2115,293316090,2115,145,31,-1,76,2316,13,17,2315
3946608,5752,509096517,53383280,3419,-5374,49,6450,293316050,2115,293316100,2115,144,32,-54,59,2154,-41,4,2154
3956954,5752,509096533,53383242,3418,-5374,50,6450,293316050,2115,293316110,2115,144,33,-60,126,2298,-46,68,2299
3967519,5752,509096548,53383204,3418,-5374,51,6450,293316100,2115,293316120,2115,143,34,-24,35,2356,-8,-24,2355
3976697,5752,509096563,53383166,3419,-5374,51,6450,293316100,2115,293316130,2115,143,34,40,59,2480,57,-3,2478
3986599,5752,509096579,53383128,3419,-5374,52,6450,293316100,2115,293316140,2115,142,34,18,15,2394,34,-44,2392
3996605,5752,509096594,53383090,3419,-5375,53,6450,293316100,2115,293316150,2115,142,34,48,68,2392,63,8,2391
4006877,5752,509096610,53383053,3419,-5375,55,6450,293316100,2115,293316160,2115,142,34,-40,122,2304,-25,64,2304
4016746,5752,509096625,53383014,3419,-5375,57,6450,293316150,2115,293316170,2115,141,33,-51,42,2317,-35,-15,2316
4026868,5752,509096640,53382976,3419,-5374,58,6450,293316150,2115,293316180,2115,141,33,-57,-13,2370,-41,-72,2367
4036619,5752,509096656,53382939,3419,-5374,59,6450,293316150,2115,293316190,2115,141,33,-13,66,2341,2,8,2340
4046605,5752,509096671,53382901,3419,-5375,60,6450,293316150,2115,293316200,2115,140,32,44,126,2425,59,67,2425
4057105,5751,509096686,53382863,3419,-5375,60,6450,293316150,2115,293316210,2115,140,32,64,6,2450,79,-54,2447
4066756,5751,509096702,53382825,3420,-5376,60,6450,293316200,2115,293316220,2115,140,31,37,16,2513,52,-46,2510
4076675,5751,509096717,53382787,3420,-5376,61,6450,293316200,2115,293316230,2115,139,30,-44,25,2387,-30,-34,2385
4086633,5751,509096733,53382749,3419,-5375,61,6450,293316200,2115,293316240,2115,138,29,-81,119,2459,-67,59,2460
4096596,5750,509096748,53382712,3419,-5375,62,6450,293316200,2115,293316250,2115,137,28,-67,30,2415,-53,-29,2413
4107441,5750,509096763,53382674,3420,-5375,62,6450,293316200,2115,293316260,2115,136,27,0,48,2449,13,-10,2448
4116758,5750,509096779,53382635,3420,-5375,62,6450,293316250,2115,293316270,2115,135,26,63,21,2544,77,-39,2542
4126682,5750,509096794,53382597,3420,-5375,61,6450,293316250,2115,293316280,2115,135,25,63,79,2588,76,18,2587
4136608,5749,509096809,53382560,3421,-5375,61,6450,293316250,2115,293316290,2115,134,23,12,28,2537,24,-32,2535
4146591,5749,509096825,53382522,3421,-5375,61,6450,293316250,2115,293316300,2115,133,22,-34,-38,2522,-23,-97,2519
4156907,5749,509096840,53382484,3421,-5375,61,6450,293316250,2115,293316310,2115,132,21,-67,128,2492,-57,70,2492
4166770,5749,509096856,53382446,3420,-5374,61,6450,293316300,2115,293316320,2115,131,19,-50,99,2538,-40,40,2538
4176661,5748,509096871,53382408,3421,-5374,61,6450,293316300,2115,293316330,2115,129,18,8,11,2560,18,-47,2557
4186712,5748,509096886,53382370,3421,-5374,60,6450,293316300,2115,293316340,2115,128,17,65,14,2630,74,-45,2628
4196603,5748,509096902,53382332,3422,-5374,59,6450,293316300,2115,293316350,2115,127,16,27,13,2619,36,-45,2617
4206858,5747,509096917,53382295,3422,-5375,58,6450,293316300,2115,293316360,2115,126,15,-4,64,2605,4,6,2604
4216730,5747,509096932,53382256,3421,-5374,56,6450,293316350,2115,293316370,2115,125,14,-39,81,2666,-31,23,2665
4226675,5747,509096948,53382218,3422,-5374,55,6450,293316350,2115,293316380,2115,123,13,-48,17,2621,-40,-40,2618
4236997,5747,509096963,53382181,3422,-5373,55,6450,293316350,2115,293316390,2115,122,12,-22,46,2597,-15,-10,2595
4246584,5747,509096979,53382143,3422,-5373,54,6450,293316350,2115,293316400,2115,122,11,18,-27,2623,25,-83,2620
4256890,5746,509096994,53382105,3422,-5374,53,6450,293316350,2115,293316410,2115,121,11,23,70,2645,30,14,2644
4266913,5746,509097009,53382066,3422,-5374,52,6450,293316400,2115,293316420,2115,120,10,11,52,2585,17,-3,2584
4276727,5746,509097025,53382029,3422,-5374,51,6450,293316400,2115,293316430,2115,119,10,-15,52,2642,-8,-4,2640
4286591,5745,509097040,53381991,3422,-5373,49,6450,293316400,2115,293316440,2115,118,10,-36,-36,2664,-29,-92,2661
4296964,5745,509097055,53381953,3422,-5373,48,6450,293316400,2115,293316450,2115,118,10,-14,54,2672,-8,-1,2671
4306885,5745,509097071,53381916,3423,-5373,47,6450,293316400,2115,293316460,2115,118,10,-12,19,2638,-5,-35,2636
4316766,5745,509097086,53381877,3423,-5373,46,6450,293316450,2115,293316470,2115,118,11,7,25,2634,13,-29,2632
4327275,5744,509097102,53381839,3423,-5373,45,6451,293316450,2115,293316480,2115,119,11,39,3,2606,46,-51,2604
4336592,5744,509097117,53381802,3424,-5373,45,6451,293316450,2115,293316490,2115,120,11,2,-31,2591,10,-86,2588
4346815,5744,509097132,53381764,3424,-5373,44,6451,293316450,2115,293316500,2115,120,12,-14,20,2606,-7,-35,2604
4357486,5744,509097148,53381726,3424,-5372,44,6451,293316450,2115,293316510,2115,121,12,-21,43,2526,-13,-11,2524
4366738,5744,509097163,53381688,3425,-5372,43,6451,293316500,2115,293316520,2115,122,13,-29,-31,2569,-22,-86,2566
4376691,5743,509097179,53381650,3425,-5372,43,6451,293316500,2115,293316530,2115,123,13,16,-15,2565,24,-70,2562
4386615,5743,509097194,53381612,3426,-5372,42,6451,293316500,2115,293316540,2115,126,14,55,-24,2647,63,-82,2644
4396615,5743,509097209,53381575,3426,-5372,41,6451,293316500,2115,293316550,2115,128,14,9,26,2559,18,-32,2557
4406873,5743,509097225,53381537,3427,-5372,40,6451,293316500,2115,293316560,2115,130,15,0,-23,2624,9,-84,2621
4416874,5743,509097240,53381498,3427,-5371,40,6451,293316550,2115,293316570,2115,132,16,-29,-78,2584,-20,-138,2579
4427087,5743,509097256,53381460,3428,-5371,39,6451,293316550,2115,293316580,2115,134,17,-25,9,2571,-16,-52,2569
4436605,5743,509097271,53381423,3428,-5371,40,6451,293316550,2115,293316590,2115,137,18,-13,13,2479,-3,-47,2477
4447000,5743,509097286,53381385,3429,-5371,40,6451,293316550,2115,293316600,2115,140,19,-16,-24,2470,-6,-84,2467
4457990,5743,509097302,53381347,3430,-5370,40,6451,293316550,2115,293316610,2115,143,20,43,-52,2525,54,-115,2521
4466774,5742,509097317,53381309,3429,-5371,39,6451,293316600,2115,293316620,2115,146,21,34,19,2502,45,-45,2500
4477185,5742,509097333,53381271,3430,-5371,40,6451,293316600,2115,293316630,2115,148,22,8,25,2483,19,-40,2481
4486583,5742,509097348,53381233,3430,-5371,40,6451,293316600,2115,293316640,2115,151,23,-15,-39,2474,-3,-104,2470
4496601,5743,509097364,53381196,3431,-5370,41,6451,293316600,2115,293316650,2115,153,24,-51,14,2397,-39,-51,2395
4507422,5743,509097379,53381158,3431,-5370,41,6451,293316600,2115,293316660,2115,156,25,-25,-28,2479,-12,-96,2475
4516773,5743,509097394,53381119,3432,-5369,41,6451,293316650,2115,293316670,2115,159,27,31,4,2422,44,-64,2419
4526673,5743,509097410,53381081,3432,-5370,42,6451,293316650,2115,293316680,2115,162,28,31,70,2426,44,2,2425
4536604,5742,509097425,53381044,3433,-5370,43,6451,293316650,2115,293316690,2115,164,29,25,10,2369,39,-59,2367
4546615,5742,509097441,53381006,3433,-5370,43,6451,293316650,2115,293316700,2115,166,30,7,8,2453,22,-64,2451
4556864,5743,509097456,53380968,3434,-5369,44,6451,293316650,2115,293316710,2115,168,31,-15,25,2414,0,-46,2411
4566739,5743,509097472,53380930,3435,-5368,45,6451,293316700,2115,293316720,2115,170,32,-14,-7,2337,1,-77,2334
4576974,5743,509097487,53380892,3435,-5368,47,6451,293316700,2115,293316730,2115,172,33,1,101,2316,16,31,2316
4587413,5743,509097502,53380854,3435,-5368,49,6451,293316700,2115,293316740,2115,173,34,30,38,2216,45,-29,2214
4597347,5743,509097518,53380817,3436,-5368,51,6451,293316700,2115,293316750,2115,175,35,27,47,2295,43,-23,2293
4607284,5743,509097533,53380779,3436,-5369,52,6451,293316700,2115,293316760,2115,176,35,18,89,2330,34,17,2329
4616742,5743,509097549,53380740,3437,-5368,53,6451,293316750,2115,293316770,2115,177,36,-9,5,2430,8,-70,2427
4626768,5743,509097564,53380703,3437,-5368,53,6451,293316750,2115,293316780,2115,178,37,1,70,2402,18,-5,2401
4636595,5743,509097580,53380665,3437,-5368,55,6451,293316750,2115,293316790,2115,178,37,5,68,2348,22,-5,2347
4647070,5743,509097595,53380627,3437,-5369,56,6451,293316750,2115,293316800,2115,179,38,4,102,2324,21,29,2324
4657511,5743,509097611,53380590,3437,-5369,57,6451,293316750,2115,293316810,2115,179,38,6,91,2371,23,17,2371
4667633,5743,509097626,53380551,3437,-5369,58,6451,293316800,2115,293316820,2115,179,38,9,75,2347,26,1,2346
4676677,5743,509097641,53380513,3437,-5369,60,6451,293316800,2115,293316830,2115,179,38,1,50,2356,18,-24,2354
4686601,5743,509097657,53380475,3437,-5369,61,6451,293316800,2115,293316840,2115,178,38,-23,124,2321,-6,51,2322
4696596,5743,509097672,53380438,3437,-5369,62,6451,293316800,2115,293316850,2115,177,38,19,110,2345,36,37,2345
4706844,5743,509097688,53380400,3437,-5370,63,6451,293316800,2115,293316860,2115,177,37,16,115,2349,33,42,2349
4716754,5742,509097703,53380361,3438,-5370,64,6451,293316850,2115,293316870,2115,176,37,58,42,2378,75,-31,2376
4726697,5742,509097719,53380323,3438,-5371,65,6451,293316850,2115,293316880,2115,175,36,9,91,2354,26,18,2354
4736599,5742,509097734,53380286,3437,-5371,66,6451,293316850,2115,293316890,2115,174,35,3,161,2418,19,87,2420
4746643,5742,509097750,53380248,3437,-5371,67,6451,293316850,2115,293316900,2115,173,34,-23,82,2393,-7,9,2393
4757034,5742,509097765,53380210,3437,-5371,67,6451,293316850,2115,293316910,2115,172,33,-16,90,2431,-1,16,2430
4766774,5742,509097781,53380171,3437,-5373,68,6451,293316900,2115,293316920,2115,171,32,8,134,2477,23,60,2478
4776711,5742,509097796,53380134,3437,-5373,68,6451,293316900,2115,293316930,2115,170,31,24,91,2510,39,16,2510
4786605,5741,509097811,53380096,3437,-5373,68,6451,293316900,2115,293316940,2115,169,29,13,120,2509,27,46,2509
4796625,5741,509097827,53380058,3437,-5373,68,6451,293316900,2115,293316950,2115,168,28,21,22,2521,36,-53,2518
4806839,5741,509097842,53380020,3437,-5374,67,6451,293316900,2115,293316960,2115,166,27,-3,141,2561,10,66,2562
4816742,5741,509097858,53379981,3436,-5374,67,6451,293316950,2115,293316970,2115,165,25,-31,136,2502,-19,64,2503
4826817,5741,509097873,53379944,3436,-5375,67,6451,293316950,2115,293316980,2115,163,24,-9,79,2551,4,6,2550
4836630,5741,509097889,53379906,3436,-5374,67,6451,293316950,2115,293316990,2115,162,23,-17,68,2508,-5,-3,2507
4846594,5740,509097904,53379868,3436,-5375,67,6451,293316950,2115,293317000,2115,161,22,24,75,2563,35,3,2562
4856846,5740,509097920,53379831,3436,-5375,66,6451,293316950,2115,293317010,2115,160,20,25,86,2535,36,15,2535
4866779,5740,509097935,53379791,3435,-5374,65,6451,293317000,2115,293317020,2115,158,19,0,85,2602,10,12,2602
4876701,5740,509097950,53379754,3435,-5374,63,6451,293317000,2115,293317030,2115,157,19,-10,67,2636,0,-6,2635
4886600,5740,509097966,53379716,3435,-5374,62,6451,293317000,2115,293317040,2115,156,18,-28,84,2633,-18,12,2633
4896601,5740,509097981,53379678,3435,-5374,61,6451,293317000,2115,293317050,2115,155,18,-4,85,2653,6,13,2652
4907337,5739,509097997,53379641,3435,-5374,60,6451,293317000,2115,293317060,2115,154,17,1,55,2603,10,-16,2602
4916800,5739,509098012,53379601,3435,-5373,60,6451,293317050,2115,293317070,2115,153,17,20,22,2563,29,-47,2561
4926684,5739,509098028,53379564,3435,-5373,59,6451,293317050,2115,293317080,2115,152,16,-6,29,2592,3,-41,2590
4936609,5739,509098043,53379526,3435,-5373,58,6451,293317050,2115,293317090,2115,150,16,-14,122,2601,-5,53,2602
4946596,5739,509098059,53379488,3435,-5373,57,6451,293317050,2115,293317100,2115,149,17,-9,68,2595,0,0,2594
4956876,5739,509098074,53379451,3435,-5373,57,6451,293317050,2115,293317110,2115,148,17,-17,64,2586,-7,-4,2585
4966869,5739,509098089,53379411,3435,-5372,56,6451,293317100,2115,293317120,2115,147,17,22,16,2556,32,-50,2554
4976675,5739,509098105,53379374,3435,-5372,56,6451,293317100,2115,293317130,2115,147,17,33,74,2603,42,7,2602
4987150,5739,509098120,53379336,3436,-5372,55,6451,293317100,2115,293317140,2115,146,18,-6,39,2548,4,-27,2547
4996603,5739,509098136,53379298,3436,-5372,55,6451,293317100,2115,293317150,2115,146,19,-12,50,2588,-2,-17,2587
5006874,5739,509098151,53379261,3436,-5372,54,6451,293317100,2115,293317160,2115,145,19,-38,25,2583,-27,-41,2582
5017440,5739,509098167,53379221,3436,-5374,54,6451,293317150,2115,293317170,2115,144,20,-9,126,2613,2,60,2613
5026694,5740,509098182,53379183,3436,-5374,53,6451,293317150,2115,293317180,2115,143,21,5,71,2540,15,7,2539
5036628,5740,509098198,53379146,3436,-5374,53,6451,293317150,2115,293317190,2115,142,22,41,55,2590,52,-10,2589
5046676,5740,509098213,53379108,3436,-5375,53,6451,293317150,2115,293317200,2115,142,22,33,89,2487,44,27,2486
5057088,5740,509098228,53379070,3437,-5374,53,6451,293317150,2115,293317210,2115,142,23,-9,4,2531,3,-59,2528
5067036,5740,509098244,53379031,3436,-5375,53,6451,293317200,2115,293317220,2115,141,24,-25,100,2514,-13,37,2514
5077024,5740,509098259,53378993,3436,-5375,53,6451,293317200,2115,293317230,2115,141,25,-45,63,2496,-33,1,2495
5086619,5740,509098275,53378956,3435,-5375,53,6451,293317200,2115,293317240,2115,141,25,-2,119,2526,11,56,2526
5096619,5740,509098290,53378918,3436,-5375,52,6451,293317200,2115,293317250,2115,142,26,34,26,2520,47,-36,2518
5106880,5740,509098306,53378880,3436,-5376,52,6451,293317200,2115,293317260,2115,142,27,42,45,2576,56,-20,2574
5116764,5741,509098321,53378841,3437,-5376,52,6451,293317250,2115,293317270,2115,143,27,5,33,2556,19,-31,2554
5126684,5741,509098337,53378803,3436,-5376,52,6451,293317250,2115,293317280,2115,143,28,-11,96,2491,3,33,2490
5136608,5741,509098352,53378765,3437,-5376,52,6451,293317250,2115,293317290,2115,144,28,-22,25,2465,-8,-37,2463
5147168,5741,509098368,53378728,3436,-5376,52,6451,293317250,2115,293317300,2115,144,29,-41,144,2488,-27,81,2489
5156882,5741,509098383,53378690,3436,-5376,52,6451,293317250,2115,293317310,2115,144,30,19,26,2503,33,-38,2501
5166779,5741,509098398,53378650,3437,-5377,52,6451,293317300,2115,293317320,2115,145,30,24,53,2458,38,-10,2457
5176666,5741,509098414,53378613,3437,-5377,52,6451,293317300,2115,293317330,2115,147,30,31,68,2518,46,3,2517
5186631,5741,509098429,53378575,3437,-5377,52,6451,293317300,2115,293317340,2115,147,31,18,26,2502,33,-39,2500
5196611,5742,509098445,53378537,3437,-5377,52,6451,293317300,2115,293317350,2115,148,31,-18,68,2529,-3,2,2528
5206853,5742,509098460,53378500,3437,-5377,51,6451,293317300,2115,293317360,2115,148,31,-56,102,2519,-41,36,2520
5216779,5742,509098476,53378460,3437,-5376,51,6451,293317350,2115,293317370,2115,149,31,-18,57,2458,-3,-7,2457
5227497,5742,509098491,53378422,3437,-5376,52,6451,293317350,2115,293317380,2115,149,31,18,38,2468,33,-27,2466
5237366,5743,509098507,53378385,3437,-5376,52,6451,293317350,2115,293317390,2115,150,31,15,70,2435,30,6,2434
5246609,5743,509098522,53378347,3437,-5376,52,6451,293317350,2115,293317400,2115,151,31,16,66,2469,32,1,2468
5256853,5743,509098538,53378309,3437,-5376,52,6451,293317350,2115,293317410,2115,151,31,-10,97,2512,6,31,2512
5266761,5743,509098553,53378270,3438,-5376,52,6451,293317400,2115,293317420,2115,152,31,1,16,2527,16,-51,2525
5276724,5743,509098569,53378232,3437,-5377,52,6451,293317400,2115,293317430,2115,152,31,-4,154,2500,11,88,2501
5286637,5743,509098584,53378194,3437,-5377,52,6451,293317400,2115,293317440,2115,151,31,-13,60,2417,1,-4,2415
5296601,5744,509098599,53378157,3437,-5377,53,6451,293317400,2115,293317450,2115,152,31,-13,106,2428,1,41,2428
5307699,5744,509098615,53378119,3437,-5377,53,6451,293317400,2115,293317460,2115,152,31,-1,25,2457,14,-41,2455
5316753,5744,509098630,53378079,3437,-5377,53,6451,293317450,2115,293317470,2115,152,31,10,116,2509,24,48,2510
5326679,5744,509098646,53378042,3437,-5377,53,6451,293317450,2115,293317480,2115,152,30,-15,62,2482,0,-4,2480
5336590,5744,509098661,53378004,3437,-5378,53,6451,293317450,2115,293317490,2115,152,30,-5,97,2547,9,29,2546
5346627,5744,509098677,53377966,3437,-5378,53,6451,293317450,2115,293317500,2115,152,30,-17,61,2521,-3,-7,2520
5356895,5744,509098692,53377928,3437,-5378,53,6452,293317450,2115,293317510,2115,152,29,5,98,2479,19,32,2479
5366758,5744,509098708,53377889,3436,-5378,54,6452,293317500,2115,293317520,2115,152,29,0,76,2371,14,13,2371
5376689,5744,509098723,53377851,3436,-5378,56,6452,293317500,2115,293317530,2115,152,29,-63,78,2317,-50,15,2317
5386638,5744,509098739,53377813,3436,-5378,56,6452,293317500,2115,293317540,2115,153,29,-13,103,2503,1,35,2503
5396626,5744,509098754,53377776,3436,-5378,55,6452,293317500,2115,293317550,2115,153,29,7,2,2542,22,-66,2540
5407427,5745,509098770,53377738,3436,-5379,54,6452,293317500,2115,293317560,2115,152,29,47,135,2599,61,65,2600
5416742,5745,509098785,53377698,3437,-5379,54,6452,293317550,2115,293317570,2115,152,28,46,87,2552,60,18,2552
5426735,5745,509098801,53377661,3437,-5379,55,6452,293317550,2115,293317580,2115,152,28,-17,95,2445,-4,30,2445
5436630,5745,509098816,53377623,3437,-5379,55,6452,293317550,2115,293317590,2115,152,28,-55,58,2396,-41,-6,2395
5446628,5745,509098831,53377585,3436,-5378,57,6452,293317550,2115,293317600,2115,152,28,-80,71,2365,-67,7,2365
5456862,5745,509098847,53377547,3436,-5378,57,6452,293317550,2115,293317610,2115,152,27,-16,74,2398,-3,10,2398
5466774,5745,509098862,53377508,3435,-5379,57,6452,293317600,2115,293317620,2115,152,27,4,127,2525,18,60,2526
5476697,5745,509098878,53377470,3436,-5379,56,6452,293317600,2115,293317630,2115,152,27,52,36,2595,66,-33,2593
5486618,5745,509098893,53377432,3436,-5380,55,6452,293317600,2115,293317640,2115,152,26,70,102,2648,83,32,2648
5496602,5745,509098909,53377395,3436,-5380,54,6452,293317600,2115,293317650,2115,152,26,6,85,2561,19,17,2561
5506869,5745,509098924,53377357,3435,-5380,55,6452,293317600,2115,293317660,2115,152,25,-66,103,2467,-53,37,2467
5516771,5745,509098940,53377317,3435,-5379,56,6452,293317650,2115,293317670,2115,153,25,-87,53,2384,-75,-11,2383
5526685,5745,509098955,53377279,3435,-5379,56,6452,293317650,2115,293317680,2115,153,24,-50,47,2486,-37,-20,2485
5536603,5745,509098971,53377242,3435,-5379,57,6452,293317650,2115,293317690,2115,152,24,7,184,2439,18,119,2441
5546600,5745,509098986,53377204,3435,-5380,56,6452,293317650,2115,293317700,2115,153,23,78,22,2576,91,-47,2573
5557575,5745,509099001,53377166,3436,-5380,56,6452,293317650,2115,293317710,2115,153,23,49,14,2571,61,-55,2568
5566743,5745,509099017,53377126,3436,-5380,55,6452,293317700,2115,293317720,2115,153,22,-8,92,2611,4,22,2611
5576664,5745,509099032,53377089,3436,-5380,54,6452,293317700,2115,293317730,2115,153,21,-51,56,2616,-40,-14,2615
5586633,5745,509099048,53377051,3435,-5380,53,6452,293317700,2115,293317740,2115,154,21,-50,105,2597,-39,35,2597
5596819,5746,509099063,53377013,3435,-5379,52,6452,293317700,2115,293317750,2115,154,20,-68,97,2568,-58,27,2568
5606867,5746,509099079,53376975,3435,-5379,52,6452,293317700,2115,293317760,2115,154,20,-10,56,2552,0,-14,2551
5616759,5746,509099094,53376936,3435,-5379,52,6452,293317750,2115,293317770,2115,154,20,5,82,2571,15,13,2570
5626758,5746,509099110,53376898,3436,-5380,51,6452,293317750,2115,293317780,2115,155,19,36,43,2622,46,-28,2620
5636613,5746,509099125,53376860,3436,-5380,50,6452,293317750,2115,293317790,2115,155,19,7,56,2545,17,-13,2544
5646615,5746,509099140,53376822,3435,-5380,50,6452,293317750,2115,293317800,2115,156,19,-4,118,2490,6,50,2490
5656844,5746,509099156,53376785,3435,-5380,50,6452,293317750,2115,293317810,2115,156,18,-45,74,2553,-35,4,2553
5666777,5746,509099171,53376745,3435,-5380,48,6452,293317800,2115,293317820,2115,156,18,-24,42,2661,-14,-32,2659
5676713,5746,509099187,53376707,3435,-5380,47,6452,293317800,2115,293317830,2115,156,18,-17,93,2665,-7,19,2664
5686606,5746,509099202,53376669,3434,-5380,46,6452,293317800,2115,293317840,2115,156,18,12,87,2609,21,16,2609
5696597,5746,509099218,53376632,3435,-5380,45,6452,293317800,2115,293317850,2115,156,18,27,70,2613,37,-1,2612
5708023,5746,509099233,53376594,3435,-5380,46,6452,293317800,2115,293317860,2115,156,18,-12,36,2468,-2,-32,2466
5716745,5746,509099248,53376554,3435,-5380,46,6452,293317850,2115,293317870,2115,156,18,-63,82,2486,-54,14,2486
5726665,5746,509099264,53376516,3435,-5379,46,6452,293317850,2115,293317880,2115,156,18,-73,61,2525,-63,-8,2524
5736621,5746,509099279,53376479,3435,-5380,45,6452,293317850,2115,293317890,2115,156,19,38,104,2615,48,32,2615
5747432,5746,509099295,53376441,3435,-5380,45,6452,293317850,2115,293317900,2115,156,19,41,95,2559,51,25,2558
5756888,5746,509099310,53376403,3435,-5380,43,6452,293317850,2115,293317910,2115,156,19,32,29,2640,43,-44,2638
5766773,5746,509099326,53376363,3435,-5380,43,6452,293317900,2115,293317920,2115,156,19,3,81,2568,13,11,2568
5776851,5746,509099341,53376326,3435,-5380,43,6452,293317900,2115,293317930,2115,156,20,-38,98,2497,-28,30,2497
5787208,5746,509099356,53376288,3434,-5380,43,6452,293317900,2115,293317940,2115,156,20,-70,98,2448,-60,30,2448
5796629,5746,509099372,53376250,3434,-5380,44,6452,293317900,2115,293317950,2115,156,21,-66,70,2420,-56,4,2420
5808040,5746,509099387,53376212,3434,-5380,44,6452,293317900,2115,293317960,2115,156,22,5,58,2552,17,-12,2551
5816768,5746,509099403,53376173,3435,-5379,44,6452,293317950,2115,293317970,2115,156,23,19,54,2529,31,-16,2528
5826700,5746,509099418,53376135,3435,-5380,43,6452,293317950,2115,293317980,2115,156,23,113,177,2592,124,106,2594
5837074,5745,509099434,53376097,3436,-5380,43,6452,293317950,2115,293317990,2115,156,23,33,-61,2518,45,-130,2513
5847272,5745,509099449,53376059,3436,-5380,43,6452,293317950,2115,293318000,2115,156,24,-81,34,2423,-69,-33,2422
5857377,5746,509099464,53376022,3435,-5379,45,6452,293317950,2115,293318010,2115,156,25,-140,149,2346,-128,84,2348
5867108,5746,509099480,53375982,3433,-5379,45,6452,293318000,2115,293318020,2115,156,26,-72,166,2419,-60,99,2421
5876718,5746,509099495,53375944,3434,-5380,45,6452,293318000,2115,293318030,2115,156,27,42,17,2426,55,-49,2423
5886615,5745,509099511,53375906,3435,-5380,45,6452,293318000,2115,293318040,2115,157,27,103,-6,2504,117,-74,2501
5896633,5746,509099526,53375868,3436,-5380,45,6452,293318000,2115,293318050,2115,157,28,74,38,2507,88,-31,2505
5906883,5745,509099542,53375831,3435,-5381,45,6452,293318000,2115,293318060,2115,158,28,-19,120,2496,-5,50,2496
5916753,5746,509099557,53375668,3435,-5380,46,6452,293318050,2115,293318070,2115,158,28,-77,56,2417,-64,-11,2416
5926711,5746,509099572,53375630,3434,-5380,47,6452,293318050,2115,293318080,2115,158,29,-101,90,2381,-87,24,2381
5936614,5746,509099588,53375592,3434,-5380,48,6452,293318050,2115,293318090,2115,158,29,-36,73,2338,-23,8,2338
5947502,5746,509099603,53375554,3435,-5380,49,6452,293318050,2115,293318100,2115,158,30,51,70,2417,65,3,2416
5956879,5746,509099619,53375517,3435,-5381,50,6452,293318050,2115,293318110,2115,159,30,54,65,2440,68,-3,2438
5966812,5746,509099634,53375377,3436,-5381,49,6452,293318100,2115,293318120,2115,159,30,62,17,2558,77,-54,2555
5976675,5746,509099650,53375339,3435,-5381,49,6452,293318100,2115,293318130,2115,160,29,-35,108,2455,-21,39,2455
5986601,5746,509099665,53375301,3435,-5381,51,6452,293318100,2115,293318140,2115,160,29,-62,103,2353,-48,37,2353
5996620,5746,509099680,53375263,3435,-5380,52,6452,293318100,2115,293318150,2115,161,29,-68,12,2376,-53,-55,2374
6006888,5746,509099696,53375226,3435,-5380,53,6452,293318100,2115,293318160,2115,162,29,-31,101,2327,-17,35,2327
6016770,5746,509099711,53375176,3434,-5381,53,6452,293318150,2115,293318170,2115,163,30,38,120,2455,52,50,2456
6027548,5746,509099727,53375138,3435,-5381,54,6452,293318150,2115,293318180,2115,164,30,35,-46,2471,50,-117,2467
6036629,5746,509099742,53375101,3435,-5381,53,6452,293318150,2115,293318190,2115,165,29,28,118,2536,42,45,2536
6047131,5746,509099758,53375063,3436,-5381,54,6452,293318150,2115,293318200,2115,165,29,-38,28,2464,-24,-43,2462
6058406,5746,509099773,53375025,3435,-5380,54,6452,293318150,2115,293318210,2115,166,29,-64,94,2476,-50,22,2477
6066778,5746,509099788,53374982,3435,-5380,55,6452,293318200,2115,293318220,2115,166,29,-45,39,2391,-31,-31,2390
6077090,5747,509099804,53374944,3436,-5380,56,6452,293318200,2115,293318230,2115,167,29,9,17,2380,23,-53,2378
6086605,5747,509099819,53374907,3435,-5380,57,6452,293318200,2115,293318240,2115,168,29,11,99,2312,24,31,2312
6096601,5747,509099835,53374869,3436,-5380,58,6452,293318200,2115,293318250,2115,168,29,14,49,2379,28,-22,2378
6107271,5747,509099850,53374831,3436,-5380,58,6452,293318200,2115,293318260,2115,169,29,1,53,2503,15,-21,2502
6116768,5747,509099866,53374790,3436,-5380,58,6452,293318250,2115,293318270,2115,169,28,-3,33,2485,11,-40,2483
6126684,5747,509099881,53374752,3436,-5381,58,6452,293318250,2115,293318280,2115,169,28,-15,108,2512,-1,33,2512
6137346,5747,509099897,53374714,3436,-5380,58,6452,293318250,2115,293318290,2115,170,28,-35,6,2484,-21,-69,2482
6146611,5747,509099912,53374676,3436,-5380,59,6452,293318250,2115,293318300,2115,170,27,-14,112,2455,-1,39,2455
6157858,5747,509099927,53374639,3436,-5380,59,6452,293318250,2115,293318310,2115,171,27,-11,92,2418,2,20,2418
6167508,5747,509099943,53374598,3436,-5380,60,6452,293318300,2115,293318320,2115,171,27,-22,28,2465,-8,-47,2463
6176720,5747,509099958,53374561,3437,-5380,60,6452,293318300,2115,293318330,2115,171,27,-8,22,2458,6,-51,2456
6186622,5747,509099974,53374523,3436,-5380,60,6452,293318300,2115,293318340,2115,171,27,-33,178,2469,-20,104,2472
6197018,5747,509099989,53374485,3436,-5380,60,6452,293318300,2115,293318350,2115,171,27,20,44,2511,33,-31,2509
6208361,5747,509100005,53374447,3436,-5380,60,6452,293318300,2115,293318360,2115,171,27,2,76,2514,15,0,2513
6216752,5747,509100020,53374407,3436,-5381,60,6452,293318350,2115,293318370,2115,171,27,-16,115,2476,-3,40,2477
6227003,5747,509100036,53374369,3436,-5381,60,6452,293318350,2115,293318380,2115,172,27,-14,111,2501,-1,35,2501
6236615,5747,509100051,53374332,3436,-5380,60,6452,293318350,2115,293318390,2115,172,27,-64,62,2496,-51,-13,2495
6246605,5747,509100066,53374294,3436,-5380,60,6452,293318350,2115,293318400,2115,172,27,-3,53,2519,11,-24,2517
6257525,5747,509100082,53374256,3436,-5380,60,6452,293318350,2115,293318410,2115,172,28,-14,83,2517,0,7,2517
6267546,5747,509100097,53374216,3436,-5381,60,6452,293318400,2115,293318420,2115,172,28,10,129,2540,23,53,2541
6276688,5747,509100113,53374178,3435,-5381,60,6452,293318400,2115,293318430,2115,171,28,6,103,2458,19,29,2458
6287330,5747,509100128,53374141,3436,-5381,60,6452,293318400,2115,293318440,2115,171,28,13,60,2484,27,-15,2483
6296607,5747,509100144,53374103,3436,-5381,61,6452,293318400,2115,293318450,2115,171,29,-14,58,2436,-1,-15,2434
6307052,5747,509100159,53374065,3436,-5381,61,6452,293318400,2115,293318460,2115,171,29,-43,69,2446,-29,-4,2445
6317078,5747,509100175,53374025,3435,-5381,61,6452,293318450,2115,293318470,2115,170,29,-18,158,2486,-4,84,2488
6326701,5747,509100190,53373988,3435,-5381,61,6452,293318450,2115,293318480,2115,169,29,-21,44,2535,-6,-32,2533
6336605,5746,509100205,53373950,3435,-5381,61,6452,293318450,2115,293318490,2115,169,29,32,89,2547,46,14,2546
6346602,5746,509100221,53373912,3435,-5382,60,6452,293318450,2115,293318500,2115,168,30,24,101,2522,39,27,2522
6356894,5746,509100236,53373874,3435,-5382,60,6452,293318450,2115,293318510,2115,167,30,-20,59,2512,-5,-15,2511
6366745,5746,509100252,53373835,3435,-5381,61,6452,293318500,2115,293318520,2115,166,30,-43,44,2481,-28,-29,2480
6376723,5746,509100267,53373797,3435,-5381,60,6453,293318500,2115,293318530,2115,165,31,-58,123,2516,-43,49,2516
6386619,5746,509100283,53373759,3435,-5381,60,6453,293318500,2115,293318540,2115,164,31,4,110,2521,20,37,2521
6396608,5746,509100298,53373721,3434,-5382,60,6453,293318500,2115,293318550,2115,162,31,-14,112,2536,1,40,2537
6406936,5746,509100313,53373684,3435,-5382,60,6453,293318500,2115,293318560,2115,161,32,41,-5,2478,57,-75,2475
6416763,5746,509100329,53373644,3435,-5382,60,6453,293318550,2115,293318570,2115,160,32,-9,46,2483,7,-24,2481
6426684,5746,509100344,53373606,3435,-5382,61,6453,293318550,2115,293318580,2115,159,33,-32,143,2462,-17,74,2463
6437187,5746,509100360,53373568,3435,-5382,61,6453,293318550,2115,293318590,2115,158,33,-46,54,2483,-30,-15,2482
6446599,5746,509100375,53373531,3434,-5382,61,6453,293318550,2115,293318600,2115,157,34,-41,99,2474,-24,31,2474
6456912,5746,509100391,53373493,3435,-5382,61,6453,293318550,2115,293318610,2115,155,35,13,58,2517,30,-11,2516
6466797,5746,509100406,53373453,3435,-5382,61,6453,293318600,2115,293318620,2115,154,36,12,97,2437,29,31,2437
6476703,5746,509100422,53373416,3435,-5382,61,6453,293318600,2115,293318630,2115,153,36,1,55,2517,19,-12,2515
6486591,5745,509100437,53373378,3435,-5382,61,6453,293318600,2115,293318640,2115,152,37,-5,-3,2489,14,-69,2487
6496605,5745,509100452,53373340,3435,-5382,62,6453,293318600,2115,293318650,2115,151,38,-42,97,2460,-24,31,2461
6507209,5745,509100468,53373302,3434,-5382,62,6453,293318600,2115,293318660,2115,150,39,-49,133,2429,-31,68,2430
6516754,5745,509100483,53373263,3435,-5382,62,6453,293318650,2115,293318670,2115,149,39,3,-8,2497,22,-74,2494
6527579,5745,509100499,53373225,3435,-5382,62,6453,293318650,2115,293318680,2115,148,39,18,66,2474,37,2,2473
6536603,5745,509100514,53373187,3435,-5382,63,6453,293318650,2115,293318690,2115,147,40,28,56,2411,46,-6,2409
6546596,5745,509100530,53373149,3435,-5383,64,6453,293318650,2115,293318700,2115,147,40,20,59,2402,38,-3,2401
6557217,5745,509100545,53373112,3436,-5382,65,6453,293318650,2115,293318710,2115,146,40,-23,21,2330,-5,-39,2328
6566748,5744,509100560,53373072,3435,-5382,66,6453,293318700,2115,293318720,2115,146,40,-70,70,2413,-51,7,2412
6576685,5744,509100576,53373034,3435,-5382,66,6453,293318700,2115,293318730,2115,145,41,-25,120,2470,-6,56,2471
6586614,5744,509100591,53372996,3435,-5382,66,6453,293318700,2115,293318740,2115,145,41,14,1,2593,35,-65,2590
6596620,5744,509100607,53372959,3436,-5383,65,6453,293318700,2115,293318750,2115,145,41,55,-4,2572,76,-69,2569
6606896,5744,509100622,53372921,3436,-5383,65,6453,293318700,2115,293318760,2115,145,41,5,95,2539,24,30,2538
6616777,5744,509100638,53372881,3436,-5383,65,6453,293318750,2115,293318770,2115,145,40,-32,5,2514,-12,-60,2511
6626678,5743,509100653,53372843,3437,-5382,65,6453,293318750,2115,293318780,2115,145,40,-75,13,2464,-56,-50,2462
6636595,5743,509100668,53372806,3437,-5382,66,6453,293318750,2115,293318790,2115,144,40,-34,58,2414,-16,-3,2413
6646608,5743,509100684,53372768,3437,-5382,66,6453,293318750,2115,293318800,2115,143,40,-10,38,2394,8,-22,2393
6656856,5743,509100699,53372730,3437,-5382,67,6453,293318750,2115,293318810,2115,143,39,14,26,2446,32,-35,2443
6666742,5743,509100715,53372690,3437,-5382,67,6453,293318800,2115,293318820,2115,144,39,45,65,2504,64,2,2503
6676702,5743,509100730,53372653,3438,-5382,66,6453,293318800,2115,293318830,2115,144,38,43,-25,2556,62,-89,2552
6686600,5742,509100746,53372615,3438,-5382,66,6453,293318800,2115,293318840,2115,145,38,-2,55,2571,17,-10,2569
6696628,5742,509100761,53372577,3438,-5382,66,6453,293318800,2115,293318850,2115,146,37,-69,18,2530,-51,-47,2528
6708195,5742,509100777,53372539,3438,-5382,65,6453,293318800,2115,293318860,2115,146,36,-71,67,2567,-53,1,2566
6716765,5741,509100792,53372500,3438,-5381,64,6453,293318850,2115,293318870,2115,146,36,-52,74,2592,-34,8,2591
6726682,5741,509100808,53372462,3439,-5381,64,6453,293318850,2115,293318880,2115,146,36,34,9,2581,52,-57,2578
6736605,5741,509100823,53372424,3439,-5382,64,6453,293318850,2115,293318890,2115,146,35,47,7,2547,64,-58,2544
6746623,5741,509100838,53372387,3439,-5382,63,6453,293318850,2115,293318900,2115,146,34,-8,70,2512,8,5,2511
6756857,5740,509100854,53372349,3439,-5382,64,6453,293318850,2115,293318910,2115,146,33,-9,62,2459,7,-1,2458
6766749,5740,509100869,53372309,3440,-5381,64,6453,293318900,2115,293318920,2115,146,33,-62,-65,2503,-45,-129,2499
6776698,5740,509100885,53372271,3439,-5381,64,6453,293318900,2115,293318930,2115,146,33,-48,104,2521,-32,39,2522
6786625,5739,509100900,53372234,3440,-5381,63,6453,293318900,2115,293318940,2115,147,32,-6,5,2549,11,-61,2546
6797329,5739,509100916,53372196,3441,-5381,62,6453,293318900,2115,293318950,2115,147,32,35,-34,2699,52,-104,2695
6807375,5739,509100931,53372158,3441,-5381,61,6453,293318900,2115,293318960,2115,147,31,18,20,2632,34,-48,2629
6816755,5739,509100947,53372118,3441,-5381,60,6453,293318950,2115,293318970,2115,147,31,5,109,2627,21,41,2627
6827006,5738,509100962,53372081,3441,-5380,59,6453,293318950,2115,293318980,2115,146,31,-64,23,2573,-49,-44,2571
6836623,5738,509100977,53372043,3441,-5380,59,6453,293318950,2115,293318990,2115,146,31,-100,-11,2539,-84,-77,2536
6846620,5738,509100993,53372005,3441,-5379,59,6453,293318950,2115,293319000,2115,146,31,-49,51,2495,-34,-13,2493
6857515,5737,509101008,53371967,3441,-5380,59,6453,293318950,2115,293319010,2115,146,31,31,102,2534,46,37,2534
6866801,5737,509101024,53371928,3442,-5380,58,6453,293319000,2115,293319020,2115,146,30,75,7,2578,90,-59,2575
6876690,5737,509101039,53371890,3443,-5380,57,6453,293319000,2115,293319030,2115,146,30,62,-19,2642,77,-87,2639
6887557,5736,509101055,53371852,3443,-5380,56,6453,293319000,2115,293319040,2115,146,29,-46,49,2627,-31,-19,2625
6896601,5736,509101070,53371815,3443,-5380,55,6453,293319000,2115,293319050,2115,146,29,-36,84,2614,-22,16,2614
6906848,5736,509101086,53371777,3443,-5379,55,6453,293319000,2115,293319060,2115,146,28,-91,24,2513,-77,-41,2511
6916793,5736,509101101,53371737,3443,-5379,55,6453,293319050,2115,293319070,2115,146,28,-31,9,2477,-17,-54,2475
6926681,5736,509101117,53371699,3443,-5379,55,6453,293319050,2115,293319080,2115,146,28,42,25,2557,56,-40,2555
6936619,5736,509101132,53371662,3444,-5379,54,6453,293319050,2115,293319090,2115,147,28,50,18,2619,64,-50,2617
6946628,5735,509101148,53371624,3444,-5379,53,6453,293319050,2115,293319100,2115,148,27,19,38,2676,34,-32,2674
6956982,5735,509101163,53371586,3445,-5379,51,6453,293319050,2115,293319110,2115,148,27,-41,-5,2653,-27,-74,2651
6966764,5735,509101179,53371546,3444,-5379,51,6453,293319100,2115,293319120,2115,148,26,-54,108,2613,-41,39,2614
6976993,5735,509101194,53371509,3444,-5378,50,6453,293319100,2115,293319130,2115,149,26,-52,23,2596,-38,-45,2594
6986616,5735,509101209,53371471,3445,-5378,49,6453,293319100,2115,293319140,2115,149,26,15,0,2572,28,-67,2569
6996595,5735,509101225,53371433,3445,-5378,49,6453,293319100,2115,293319150,2115,150,25,5,47,2509,18,-19,2507
7006887,5735,509101240,53371396,3446,-5378,49,6453,293319100,2115,293319160,2115,151,25,36,-7,2563,49,-75,2560
7016763,5735,509101256,53371356,3446,-5378,49,6453,293319150,2115,293319170,2115,152,24,-6,71,2522,6,3,2521
7026700,5735,509101271,53371318,3446,-5378,48,6453,293319150,2115,293319180,2115,153,24,-29,15,2552,-17,-54,2550
7036599,5735,509101287,53371280,3446,-5378,48,6453,293319150,2115,293319190,2115,154,24,-19,69,2584,-7,-1,2583
7046610,5735,509101302,53371243,3446,-5377,47,6453,293319150,2115,293319200,2115,155,24,-32,-12,2576,-19,-82,2573
7056874,5735,509101318,53371205,3446,-5378,46,6453,293319150,2115,293319210,2115,156,24,25,85,2576,37,14,2575
7066760,5736,509101333,53371165,3447,-5378,46,6453,293319200,2115,293319220,2115,157,24,-8,13,2544,4,-57,2542
7076688,5736,509101349,53371128,3447,-5378,46,6453,293319200,2115,293319230,2115,158,24,-6,87,2565,6,15,2564
7086602,5736,509101364,53371090,3447,-5378,45,6453,293319200,2115,293319240,2115,159,24,-24,50,2553,-12,-21,2551
7096623,5736,509101380,53371052,3447,-5377,45,6453,293319200,2115,293319250,2115,160,24,-31,21,2549,-19,-51,2547
7106987,5736,509101395,53371014,3448,-5377,45,6453,293319200,2115,293319260,2115,161,24,-13,14,2507,-1,-56,2505
7116773,5736,509101411,53370975,3447,-5377,46,6453,293319250,2115,293319270,2115,161,24,-9,107,2409,3,39,2409
7126682,5736,509101426,53370937,3447,-5378,46,6453,293319250,2115,293319280,2115,162,25,14,88,2422,26,19,2422
7136622,5737,509101442,53370899,3448,-5378,46,6453,293319250,2115,293319290,2115,163,25,56,-28,2483,68,-99,2479
7146621,5737,509101457,53370861,3448,-5378,47,6453,293319250,2115,293319300,2115,163,25,-3,64,2445,9,-7,2444
7156870,5737,509101473,53370824,3448,-5378,47,6453,293319250,2115,293319310,2115,163,25,-42,121,2467,-29,50,2468
7166754,5737,509101488,53370784,3448,-5378,48,6453,293319300,2115,293319320,2115,163,25,-31,78,2420,-19,8,2419
7176682,5737,509101504,53370746,3448,-5377,48,6453,293319300,2115,293319330,2115,163,26,-17,44,2438,-4,-26,2437
7186621,5737,509101519,53370708,3448,-5378,49,6453,293319300,2115,293319340,2115,163,26,8,76,2447,20,6,2446
7196606,5738,509101535,53370671,3448,-5378,49,6453,293319300,2115,293319350,2115,163,26,41,117,2504,54,45,2504
7206875,5738,509101550,53370633,3448,-5378,49,6453,293319300,2115,293319360,2115,163,26,9,102,2438,21,32,2438
7216750,5738,509101566,53370593,3448,-5378,50,6453,293319350,2115,293319370,2115,163,27,-29,35,2444,-16,-35,2442
7226704,5738,509101581,53370555,3447,-5378,51,6453,293319350,2115,293319380,2115,162,27,-26,140,2360,-14,73,2361
7236622,5738,509101597,53370517,3447,-5378,52,6453,293319350,2115,293319390,2115,161,28,-35,92,2386,-22,24,2386
7246630,5738,509101612,53370480,3447,-5378,52,6453,293319350,2115,293319400,2115,161,28,1,66,2396,14,-1,2395
7256860,5738,509101628,53370442,3447,-5379,53,6453,293319350,2115,293319410,2115,160,28,27,94,2406,41,26,2405
7266768,5738,509101643,53370402,3447,-5379,54,6453,293319400,2115,293319420,2115,160,29,42,126,2422,55,58,2422
7277584,5738,509101659,53370364,3447,-5379,55,6453,293319400,2115,293319430,2115,159,29,-28,10,2398,-14,-57,2396
7286650,5738,509101674,53370327,3447,-5379,55,6453,293319400,2115,293319440,2115,158,29,-32,127,2462,-18,58,2463
7296609,5738,509101690,53370289,3446,-5379,56,6453,293319400,2115,293319450,2115,157,30,-27,124,2390,-14,58,2391
7306883,5738,509101705,53370251,3446,-5379,57,6453,293319400,2115,293319460,2115,156,30,-24,107,2362,-10,42,2362
7316767,5738,509101721,53370211,3446,-5380,58,6453,293319450,2115,293319470,2115,156,31,24,36,2301,38,-27,2299
7326698,5738,509101736,53370173,3446,-5380,60,6453,293319450,2115,293319480,2115,155,32,13,73,2303,27,11,2303
7336652,5738,509101752,53370136,3446,-5380,61,6453,293319450,2115,293319490,2115,155,33,-28,135,2355,-13,71,2356
7346602,5738,509101767,53370098,3446,-5380,61,6453,293319450,2115,293319500,2115,154,33,-34,31,2498,-18,-37,2497
7358050,5737,509101783,53370060,3446,-5380,61,6453,293319450,2115,293319510,2115,154,34,9,76,2471,25,10,2471
7366815,5737,509101798,53370020,3446,-5380,62,6453,293319500,2115,293319520,2115,153,34,21,83,2446,37,17,2445
7376679,5737,509101814,53369983,3446,-5381,63,6453,293319500,2115,293319530,2115,152,35,8,126,2365,24,63,2365
7386639,5737,509101829,53369945,3446,-5381,64,6453,293319500,2115,293319540,2115,151,36,-4,18,2301,12,-44,2299
7396645,5737,509101845,53369907,3446,-5380,66,6453,293319500,2115,293319550,2115,150,37,-44,11,2255,-28,-49,2253
7406930,5737,509101860,53369869,3446,-5380,68,6454,293319500,2115,293319560,2115,150,37,-47,134,2249,-31,75,2251
7416762,5736,509101875,53369829,3445,-5381,69,6454,293319550,2115,293319570,2115,150,38,-10,119,2386,8,56,2387
7426702,5736,509101891,53369792,3446,-5381,69,6454,293319550,2115,293319580,2115,149,39,70,22,2467,89,-42,2465
7436633,5736,509101906,53369754,3447,-5381,70,6454,293319550,2115,293319590,2115,149,40,42,-3,2441,61,-67,2438
7446631,5736,509101922,53369716,3447,-5382,70,6454,293319550,2115,293319600,2115,148,40,15,105,2441,34,41,2440
7457996,5736,509101937,53369678,3446,-5382,71,6454,293319550,2115,293319610,2115,148,41,-44,105,2405,-26,42,2405
7466792,5735,509101953,53369638,3446,-5381,72,6454,293319600,2115,293319620,2115,148,41,-88,46,2348,-69,-15,2347
7476718,5735,509101968,53369600,3447,-5380,73,6454,293319600,2115,293319630,2115,147,42,-52,-63,2428,-32,-126,2424
7486616,5735,509101984,53369563,3447,-5381,74,6454,293319600,2115,293319640,2115,147,42,25,82,2367,44,21,2366
7496628,5734,509101999,53369525,3447,-5382,75,6454,293319600,2115,293319650,2115,146,43,75,131,2388,94,70,2388
7506901,5734,509102015,53369487,3447,-5382,76,6454,293319600,2115,293319660,2115,145,43,36,29,2341,55,-31,2338
7516755,5734,509102030,53369447,3448,-5382,77,6454,293319650,2115,293319670,2115,145,43,-2,-13,2414,18,-74,2411
7526682,5733,509102046,53369409,3448,-5381,77,6454,293319650,2115,293319680,2115,145,43,-52,-7,2448,-32,-70,2445
7536603,5733,509102061,53369372,3447,-5381,78,6454,293319650,2115,293319690,2115,145,43,-40,139,2459,-20,76,2460
7546632,5733,509102077,53369334,3448,-5382,78,6454,293319650,2115,293319700,2115,145,43,9,50,2438,29,-13,2437
7556859,5733,509102092,53369296,3449,-5381,78,6454,293319650,2115,293319710,2115,145,43,27,-54,2497,48,-118,2493
7566761,5732,509102108,53369256,3448,-5381,79,6454,293319700,2115,293319720,2115,145,43,-33,90,2479,-13,27,2479
7576695,5732,509102123,53369218,3449,-5382,78,6454,293319700,2115,293319730,2115,145,43,5,37,2578,27,-29,2576
7586635,5732,509102139,53369181,3449,-5381,78,6454,293319700,2115,293319740,2115,145,43,-8,-11,2497,12,-74,2494
7596641,5731,509102154,53369143,3449,-5381,79,6454,293319700,2115,293319750,2115,145,43,-37,53,2415,-17,-9,2414
7606968,5731,509102170,53369105,3449,-5381,79,6454,293319700,2115,293319760,2115,146,42,-25,26,2493,-5,-38,2491
7616760,5731,509102185,53369065,3450,-5381,79,6454,293319750,2115,293319770,2115,146,41,12,51,2522,32,-14,2520
7626691,5730,509102201,53369027,3450,-5381,78,6454,293319750,2115,293319780,2115,146,41,29,15,2549,49,-51,2546
7636647,5730,509102216,53368989,3451,-5381,78,6454,293319750,2115,293319790,2115,147,40,10,-38,2575,30,-105,2571
7647077,5730,509102232,53368952,3451,-5381,77,6454,293319750,2115,293319800,2115,147,39,-34,65,2572,-15,-1,2571
7656853,5730,509102247,53368914,3451,-5380,77,6454,293319750,2115,293319810,2115,148,38,-62,-3,2566,-43,-70,2563
7666770,5729,509102263,53368874,3452,-5380,76,6454,293319800,2115,293319820,2115,149,38,11,20,2640,30,-49,2638
7676697,5729,509102278,53368836,3452,-5380,75,6454,293319800,2115,293319830,2115,150,37,-18,-6,2633,1,-76,2630
7686602,5729,509102294,53368798,3453,-5380,73,6454,293319800,2115,293319840,2115,151,36,9,-55,2685,28,-126,2680
7696609,5729,509102309,53368761,3453,-5380,72,6454,293319800,2115,293319850,2115,151,35,-14,79,2606,3,9,2605
7706881,5729,509102325,53368723,3453,-5380,71,6454,293319800,2115,293319860,2115,152,34,-29,73,2666,-12,2,2665
7716766,5729,509102340,53368683,3454,-5379,70,6454,293319850,2115,293319870,2115,152,33,-31,-55,2592,-14,-124,2588
7726702,5728,509102356,53368645,3454,-5379,69,6454,293319850,2115,293319880,2115,154,32,-12,-13,2616,4,-84,2612
7736614,5728,509102371,53368607,3454,-5379,68,6454,293319850,2115,293319890,2115,155,31,-12,23,2697,5,-50,2695
7746615,5728,509102387,53368570,3455,-5378,66,6454,293319850,2115,293319900,2115,157,31,-19,32,2748,-2,-44,2746
7756893,5728,509102402,53368532,3455,-5378,64,6454,293319850,2115,293319910,2115,158,30,-9,34,2724,7,-42,2722
7766747,5728,509102418,53368492,3455,-5378,62,6454,293319900,2115,293319920,2115,159,29,-24,23,2761,-8,-55,2759
7776980,5728,509102434,53368454,3455,-5378,61,6454,293319900,2115,293319930,2115,160,29,-20,61,2698,-5,-15,2696
7786625,5727,509102449,53368416,3456,-5378,59,6454,293319900,2115,293319940,2115,162,28,-9,5,2657,6,-70,2654
7796612,5727,509102465,53368378,3456,-5377,58,6454,293319900,2115,293319950,2115,163,28,-38,30,2674,-23,-47,2672
7806872,5727,509102480,53368341,3457,-5377,57,6454,293319900,2115,293319960,2115,165,27,-31,-14,2693,-16,-92,2690
7816771,5727,509102496,53368301,3457,-5377,55,6454,293319950,2115,293319970,2115,166,27,0,54,2673,14,-24,2671
7826826,5727,509102511,53368263,3457,-5377,54,6454,293319950,2115,293319980,2115,167,27,-8,97,2686,6,18,2686
7836632,5727,509102527,53368225,3457,-5377,53,6454,293319950,2115,293319990,2115,169,27,-15,24,2636,-1,-55,2634
7846631,5728,509102542,53368187,3458,-5376,52,6454,293319950,2115,293320000,2115,170,27,-6,-13,2640,8,-92,2636
7857488,5728,509102558,53368150,3458,-5376,50,6454,293319950,2115,293320010,2115,171,26,-19,62,2687,-5,-19,2686
7866793,5728,509102573,53368110,3458,-5376,49,6454,293320000,2115,293320020,2115,173,26,-32,54,2625,-18,-26,2624
7876706,5728,509102589,53368072,3458,-5376,48,6454,293320000,2115,293320030,2115,174,27,-24,117,2683,-10,35,2684
7887287,5728,509102604,53368034,3458,-5376,47,6454,293320000,2115,293320040,2115,175,27,-24,75,2651,-10,-7,2650
7899409,5728,509102620,53367996,3458,-5376,45,6454,293320000,2115,293320050,2115,176,27,-13,30,2667,2,-52,2665
7906893,5729,509102635,53367959,3458,-5376,45,6454,293320000,2115,293320060,2115,177,28,4,106,2562,18,26,2562
7917383,5729,509102651,53367919,3458,-5376,45,6454,293320050,2115,293320070,2115,177,28,-5,56,2550,9,-24,2549
7926678,5729,509102667,53367881,3458,-5376,45,6454,293320050,2115,293320080,2115,178,29,-27,78,2509,-13,0,2508
7936606,5729,509102682,53367843,3458,-5376,44,6454,293320050,2115,293320090,2115,179,29,-31,100,2540,-16,20,2541
7947535,5730,509102698,53367805,3457,-5376,44,6454,293320050,2115,293320100,2115,180,30,-40,142,2507,-26,63,2508
7956876,5730,509102713,53367768,3457,-5376,44,6454,293320050,2115,293320110,2115,180,31,-8,69,2519,7,-11,2518
7966754,5731,509102729,53367728,3458,-5376,44,6454,293320100,2115,293320120,2115,180,31,21,73,2546,37,-7,2545
7976736,5731,509102744,53367690,3458,-5376,44,6454,293320100,2115,293320130,2115,180,32,21,82,2463,36,4,2462
7986609,5731,509102760,53367652,3457,-5377,44,6454,293320100,2115,293320140,2115,180,33,16,170,2507,31,91,2509
7996620,5732,509102775,53367614,3457,-5377,45,6454,293320100,2115,293320150,2115,180,33,-30,68,2395,-14,-8,2394
8007063,5732,509102791,53367577,3457,-5377,45,6454,293320100,2115,293320160,2115,180,34,-40,116,2420,-25,39,2421
8016777,5732,509102806,53367537,3456,-5377,46,6454,293320150,2115,293320170,2115,181,35,-36,136,2375,-20,61,2376
8026697,5733,509102822,53367499,3456,-5377,47,6454,293320150,2115,293320180,2115,181,35,-17,122,2445,0,45,2446
8037122,5733,509102837,53367461,3456,-5378,48,6454,293320150,2115,293320190,2115,181,36,33,98,2402,50,22,2401
8046632,5734,509102853,53367423,3456,-5378,48,6454,293320150,2115,293320200,2115,182,36,41,139,2445,58,62,2446
8056993,5734,509102868,53367386,3456,-5378,49,6454,293320150,2115,293320210,2115,182,37,-11,85,2428,6,8,2428
8067421,5734,509102884,53367346,3455,-5378,49,6454,293320200,2115,293320220,2115,182,37,-39,132,2436,-22,53,2437
8076703,5735,509102900,53367308,3455,-5378,50,6454,293320200,2115,293320230,2115,182,37,-37,127,2336,-21,51,2337
8086609,5735,509102915,53367270,3455,-5379,51,6454,293320200,2115,293320240,2115,182,38,-17,144,2351,0,69,2353
8096928,5736,509102931,53367232,3454,-5379,53,6454,293320200,2115,293320250,2115,183,38,2,126,2314,18,51,2315
8106891,5736,509102946,53367195,3454,-5379,54,6454,293320200,2115,293320260,2115,183,38,8,85,2306,25,10,2306
8116755,5737,509102962,53367154,3454,-5380,55,6454,293320250,2115,293320270,2115,184,38,9,135,2403,26,58,2404
8126765,5737,509102977,53367117,3454,-5380,56,6454,293320250,2115,293320280,2115,185,38,-6,146,2408,11,67,2410
8136607,5737,509102993,53367079,3453,-5380,57,6454,293320250,2115,293320290,2115,185,38,-31,95,2405,-14,16,2405
8146608,5738,509103008,53367041,3453,-5380,57,6454,293320250,2115,293320300,2115,186,37,-7,103,2444,10,23,2444
8156932,5738,509103024,53367003,3453,-5381,58,6454,293320250,2115,293320310,2115,186,37,-11,176,2424,5,97,2426
8166783,5739,509103039,53366963,3452,-5381,59,6454,293320300,2115,293320320,2115,185,36,0,121,2369,17,43,2370
8176684,5739,509103055,53366925,3452,-5382,60,6454,293320300,2115,293320330,2115,186,36,9,109,2344,25,32,2345
8186633,5740,509103070,53366888,3452,-5382,62,6454,293320300,2115,293320340,2115,186,35,0,139,2222,15,67,2223
8196628,5740,509103086,53366850,3451,-5382,63,6454,293320300,2115,293320350,2115,186,35,-37,196,2336,-21,120,2339
8207998,5740,509103101,53366812,3451,-5382,64,6454,293320300,2115,293320360,2115,187,35,-54,76,2410,-37,-3,2409
8216753,5741,509103117,53366772,3451,-5382,64,6454,293320350,2115,293320370,2115,187,34,29,95,2562,46,11,2562
8226701,5741,509103132,53366734,3450,-5383,64,6454,293320350,2115,293320380,2115,187,34,-14,179,2452,2,98,2455
8236612,5741,509103148,53366696,3450,-5383,64,6454,293320350,2115,293320390,2115,187,33,32,194,2520,48,111,2523
8246826,5742,509103163,53366659,3449,-5384,64,6454,293320350,2115,293320400,2115,187,33,-4,161,2481,12,80,2483
8256871,5742,509103179,53366621,3450,-5383,64,6454,293320350,2115,293320410,2115,187,33,-79,5,2444,-63,-76,2442
8266773,5742,509103194,53366581,3449,-5383,65,6454,293320400,2115,293320420,2115,186,32,-71,156,2373,-56,78,2375
8277162,5742,509103210,53366543,3448,-5383,67,6454,293320400,2115,293320430,2115,186,32,-46,147,2317,-32,71,2319
8286627,5743,509103225,53366505,3448,-5384,68,6454,293320400,2115,293320440,2115,186,32,7,155,2363,22,78,2365
8296611,5743,509103241,53366467,3448,-5384,68,6454,293320400,2115,293320450,2115,185,32,45,164,2479,60,83,2481
8307164,5743,509103256,53366430,3448,-5385,68,6454,293320400,2115,293320460,2115,185,32,70,102,2553,86,19,2553
8316795,5743,509103272,53366389,3448,-5385,68,6454,293320450,2115,293320470,2115,185,31,2,74,2512,17,-7,2511
8326693,5743,509103287,53366352,3447,-5385,68,6454,293320450,2115,293320480,2115,184,31,-107,190,2472,-92,109,2476
8337254,5744,509103303,53366314,3446,-5385,68,6454,293320450,2115,293320490,2115,184,31,-71,84,2492,-56,3,2492
8346630,5744,509103318,53366276,3446,-5385,68,6454,293320450,2115,293320500,2115,183,31,-48,169,2484,-34,89,2487
8356862,5744,509103334,53366238,3445,-5385,68,6454,293320450,2115,293320510,2115,182,31,26,158,2455,40,79,2456
8366936,5744,509103349,53366198,3446,-5386,68,6454,293320500,2115,293320520,2115,181,30,43,76,2510,58,-4,2509
8376681,5744,509103365,53366160,3445,-5386,68,6454,293320500,2115,293320530,2115,180,30,16,124,2535,31,43,2536
8386618,5744,509103380,53366122,3445,-5386,68,6454,293320500,2115,293320540,2115,180,30,-4,136,2514,10,57,2515
8396766,5744,509103396,53366085,3444,-5386,68,6454,293320500,2115,293320550,2115,179,29,-63,166,2454,-50,88,2457
8406910,5744,509103411,53366047,3444,-5386,68,6454,293320500,2115,293320560,2115,178,29,-31,92,2501,-17,13,2501
8416780,5744,509103426,53366006,3444,-5386,68,6454,293320550,2115,293320570,2115,177,29,-35,89,2472,-21,12,2471
8427206,5744,509103442,53365969,3443,-5387,68,6455,293320550,2115,293320580,2115,176,30,6,174,2582,21,94,2584
8436603,5745,509103457,53365931,3443,-5387,67,6455,293320550,2115,293320590,2115,176,30,19,128,2606,34,48,2607
8446623,5745,509103473,53365893,3444,-5387,66,6455,293320550,2115,293320600,2115,175,30,-2,33,2642,14,-48,2640
8456856,5745,509103488,53365855,3443,-5387,65,6455,293320550,2115,293320610,2115,174,30,-42,115,2598,-27,35,2599
8466787,5745,509103504,53365815,3443,-5387,65,6455,293320600,2115,293320620,2115,173,30,-62,141,2511,-47,64,2513
8476689,5745,509103519,53365777,3442,-5387,65,6455,293320600,2115,293320630,2115,173,31,-20,151,2503,-5,75,2504
8487401,5745,509103535,53365739,3442,-5387,65,6455,293320600,2115,293320640,2115,172,31,-30,51,2536,-14,-26,2534
8496616,5745,509103550,53365702,3442,-5387,64,6455,293320600,2115,293320650,2115,171,32,22,89,2564,38,12,2564
8506886,5745,509103566,53365664,3442,-5388,64,6455,293320600,2115,293320660,2115,170,32,24,120,2536,40,44,2537
8517249,5746,509103581,53365624,3442,-5388,63,6455,293320650,2115,293320670,2115,170,32,-11,96,2560,5,20,2560
8526720,5746,509103597,53365586,3442,-5388,63,6455,293320650,2115,293320680,2115,169,33,-7,124,2513,9,50,2514
8536614,5746,509103612,53365548,3441,-5388,63,6455,293320650,2115,293320690,2115,168,33,-46,118,2532,-30,42,2532
8546625,5746,509103628,53365510,3441,-5388,63,6455,293320650,2115,293320700,2115,168,33,-19,62,2508,-3,-12,2507
8556877,5746,509103643,53365472,3441,-5389,63,6455,293320650,2115,293320710,2115,168,34,-11,131,2519,5,56,2520
8566760,5746,509103658,53365432,3441,-5389,63,6455,293320700,2115,293320720,2115,167,34,17,97,2549,33,22,2548
8576682,5746,509103674,53365394,3441,-5389,62,6455,293320700,2115,293320730,2115,167,35,6,80,2621,24,3,2621
8586694,5746,509103689,53365356,3441,-5390,61,6455,293320700,2115,293320740,2115,166,35,2,120,2613,19,44,2614
8596647,5747,509103705,53365319,3441,-5390,60,6455,293320700,2115,293320750,2115,166,35,-13,75,2567,4,0,2566
8607485,5747,509103720,53365281,3440,-5389,61,6455,293320700,2115,293320760,2115,165,36,-59,101,2425,-43,30,2426
8616775,5747,509103736,53365240,3440,-5389,61,6455,293320750,2115,293320770,2115,165,36,-63,112,2449,-46,41,2450
8626689,5747,509103751,53365203,3440,-5389,61,6455,293320750,2115,293320780,2115,165,37,-5,56,2533,13,-18,2532
8636630,5747,509103767,53365165,3440,-5389,60,6455,293320750,2115,293320790,2115,166,37,25,97,2579,43,23,2579
8646610,5747,509103782,53365127,3440,-5390,59,6455,293320750,2115,293320800,2115,166,38,38,60,2632,57,-16,2631
8657033,5748,509103798,53365089,3441,-5390,59,6455,293320750,2115,293320810,2115,165,37,21,83,2587,40,8,2587
8667313,5748,509103813,53365049,3440,-5390,58,6455,293320800,2115,293320820,2115,165,37,-31,103,2563,-13,28,2563
8676676,5748,509103828,53365011,3440,-5390,59,6455,293320800,2115,293320830,2115,165,38,-59,96,2407,-41,26,2407
8686642,5748,509103844,53364973,3439,-5390,60,6455,293320800,2115,293320840,2115,165,38,-60,142,2357,-43,73,2359
8697715,5749,509103859,53364936,3440,-5390,61,6455,293320800,2115,293320850,2115,165,39,-19,19,2417,-1,-51,2414
8706886,5749,509103875,53364898,3440,-5390,60,6455,293320800,2115,293320860,2115,165,39,48,49,2571,67,-25,2569
8716767,5749,509103890,53364857,3440,-5390,59,6455,293320850,2115,293320870,2115,165,39,33,78,2587,52,4,2586
8726679,5749,509103906,53364820,3440,-5391,58,6455,293320850,2115,293320880,2115,164,39,32,166,2631,51,90,2632
8736621,5750,509103921,53364782,3439,-5391,59,6455,293320850,2115,293320890,2115,164,39,-40,121,2479,-22,49,2479
8746620,5750,509103937,53364744,3439,-5391,59,6455,293320850,2115,293320900,2115,163,39,-75,138,2471,-57,67,2473
8757358,5751,509103952,53364706,3439,-5391,59,6455,293320850,2115,293320910,2115,163,40,-77,19,2434,-58,-51,2432
8766757,5751,509103968,53364666,3438,-5391,60,6455,293320900,2115,293320920,2115,163,40,-11,155,2476,7,84,2477
8776700,5751,509103983,53364628,3439,-5391,60,6455,293320900,2115,293320930,2115,163,40,32,62,2434,50,-8,2433
8786644,5751,509103998,53364590,3438,-5392,60,6455,293320900,2115,293320940,2115,162,41,34,147,2458,53,77,2459
8796605,5752,509104014,53364552,3438,-5392,60,6455,293320900,2115,293320950,2115,162,41,-11,76,2505,8,5,2505
8807472,5752,509104029,53364515,3438,-5392,60,6455,293320900,2115,293320960,2115,162,41,-29,145,2531,-10,72,2532
8816760,5752,509104045,53364474,3437,-5392,60,6455,293320950,2115,293320970,2115,161,41,-36,122,2481,-17,51,2481
8826698,5753,509104060,53364436,3437,-5393,61,6455,293320950,2115,293320980,2115,161,41,-1,119,2394,18,51,2395
8836615,5753,509104076,53364399,3437,-5393,62,6455,293320950,2115,293320990,2115,161,42,-8,70,2364,11,3,2364
8846618,5753,509104091,53364361,3437,-5393,62,6455,293320950,2115,293321000,2115,161,42,-15,108,2461,4,38,2461
8857850,5754,509104107,53364323,3436,-5393,62,6455,293320950,2115,293321010,2115,161,41,-18,143,2544,2,71,2545
8866781,5754,509104122,53364283,3436,-5394,62,6455,293321000,2115,293321020,2115,160,41,2,113,2555,22,41,2556
8876687,5755,509104137,53364245,3436,-5394,62,6455,293321000,2115,293321030,2115,160,41,19,113,2433,37,45,2434
8886633,5755,509104153,53364207,3436,-5395,63,6455,293321000,2115,293321040,2115,160,40,23,116,2421,42,48,2421
8896603,5755,509104168,53364169,3435,-5395,64,6455,293321000,2115,293321050,2115,160,40,-23,157,2383,-6,90,2385
8906894,5756,509104184,53364131,3435,-5395,65,6455,293321000,2115,293321060,2115,160,39,-34,77,2375,-17,9,2375
8916768,5756,509104199,53364091,3435,-5395,65,6455,293321050,2115,293321070,2115,160,39,-4,121,2487,15,51,2487
8926680,5756,509104215,53364053,3435,-5395,65,6455,293321050,2115,293321080,2115,161,39,-44,51,2451,-26,-19,2450
8936613,5757,509104230,53364015,3434,-5396,65,6455,293321050,2115,293321090,2115,161,38,-28,210,2569,-10,137,2572
8946624,5757,509104245,53363977,3434,-5396,64,6455,293321050,2115,293321100,2115,161,38,4,135,2531,22,64,2532
8956888,5758,509104261,53363939,3434,-5396,63,6455,293321050,2115,293321110,2115,161,37,56,51,2643,75,-24,2641
8966767,5758,509104276,53363899,3434,-5397,63,6455,293321100,2115,293321120,2115,161,37,-18,147,2490,-1,76,2492
8976697,5758,509104292,53363861,3433,-5397,64,6455,293321100,2115,293321130,2115,161,36,-46,192,2491,-29,121,2494
8986616,5759,509104307,53363823,3432,-5397,65,6455,293321100,2115,293321140,2115,161,36,-58,63,2331,-41,-3,2330
8996657,5759,509104323,53363785,3432,-5396,66,6455,293321100,2115,293321150,2115,162,36,-78,72,2320,-62,6,2320
9006884,5759,509104338,53363748,3432,-5397,67,6455,293321100,2115,293321160,2115,162,36,-12,154,2399,5,85,2401
9016750,5760,509104353,53363707,3432,-5398,66,6455,293321150,2115,293321170,2115,162,36,82,124,2580,100,50,2580
9026700,5760,509104369,53363669,3432,-5398,66,6455,293321150,2115,293321180,2115,163,35,50,90,2557,67,18,2556
9036647,5760,509104384,53363631,3432,-5398,66,6455,293321150,2115,293321190,2115,163,35,12,97,2528,28,25,2527
9046615,5760,509104400,53363594,3431,-5399,65,6455,293321150,2115,293321200,2115,163,34,-57,155,2542,-40,82,2544
9057882,5761,509104415,53363556,3431,-5398,66,6455,293321150,2115,293321210,2115,163,34,-71,89,2487,-55,17,2487
9066777,5761,509104430,53363515,3430,-5398,66,6455,293321200,2115,293321220,2115,163,34,-53,104,2451,-37,34,2451
9076719,5761,509104446,53363477,3430,-5398,67,6455,293321200,2115,293321230,2115,164,34,4,103,2389,20,34,2390
9087158,5761,509104461,53363440,3430,-5399,67,6455,293321200,2115,293321240,2115,164,33,32,113,2407,48,44,2407
9096621,5761,509104477,53363402,3430,-5399,67,6455,293321200,2115,293321250,2115,165,33,25,65,2536,41,-9,2535
9106874,5761,509104492,53363364,3430,-5399,66,6455,293321200,2115,293321260,2115,165,33,14,119,2578,30,44,2578
9116762,5761,509104507,53363323,3430,-5399,66,6455,293321250,2115,293321270,2115,165,32,-27,88,2579,-11,13,2579
9126718,5762,509104523,53363286,3429,-5400,65,6455,293321250,2115,293321280,2115,165,32,-31,154,2567,-15,79,2568
9136666,5762,509104538,53363248,3429,-5399,66,6455,293321250,2115,293321290,2115,165,31,-63,73,2420,-48,2,2420
9146620,5762,509104554,53363210,3429,-5400,66,6455,293321250,2115,293321300,2115,166,31,-2,102,2489,13,29,2489
9157030,5762,509104569,53363172,3429,-5400,66,6455,293321250,2115,293321310,2115,166,31,-22,107,2542,-7,32,2542
9166763,5762,509104584,53363132,3429,-5400,65,6455,293321300,2115,293321320,2115,167,30,27,31,2594,42,-44,2592
9176697,5762,509104600,53363094,3429,-5400,65,6455,293321300,2115,293321330,2115,167,30,-4,107,2547,11,32,2547
9186602,5762,509104615,53363056,3429,-5400,65,6455,293321300,2115,293321340,2115,167,29,-15,70,2493,-1,-3,2492
9196648,5762,509104631,53363018,3428,-5400,65,6455,293321300,2115,293321350,2115,167,29,-30,132,2504,-16,58,2505
9206926,5762,509104646,53362980,3428,-5400,65,6455,293321300,2115,293321360,2115,167,29,-52,80,2486,-38,7,2486
9216772,5762,509104662,53362940,3428,-5401,65,6455,293321350,2115,293321370,2115,168,29,6,133,2573,20,57,2574
9226729,5761,509104677,53362902,3428,-5400,64,6455,293321350,2115,293321380,2115,168,30,-8,41,2560,7,-35,2558
9236616,5761,509104692,53362864,3428,-5400,63,6455,293321350,2115,293321390,2115,169,30,-9,74,2614,7,-4,2613
9246609,5761,509104708,53362826,3428,-5400,62,6455,293321350,2115,293321400,2115,169,30,-28,66,2592,-13,-12,2591
9257496,5761,509104723,53362788,3428,-5400,62,6455,293321350,2115,293321410,2115,169,31,-27,100,2623,-11,22,2623
9266789,5761,509104738,53362748,3428,-5400,61,6455,293321400,2115,293321420,2115,169,31,-3,73,2565,12,-3,2564
9276695,5761,509104754,53362710,3428,-5400,61,6455,293321400,2115,293321430,2115,169,31,-10,29,2521,6,-46,2519
9286666,5761,509104769,53362672,3428,-5400,61,6455,293321400,2115,293321440,2115,169,32,-35,106,2460,-20,33,2460
9296620,5761,509104785,53362634,3428,-5400,61,6455,293321400,2115,293321450,2115,168,32,-21,82,2555,-6,6,2554
9307242,5760,509104800,53362596,3428,-5400,62,6455,293321400,2115,293321460,2115,168,32,-24,55,2383,-8,-15,2382
9317094,5760,509104816,53362556,3429,-5400,61,6455,293321450,2115,293321470,2115,168,33,15,11,2518,31,-64,2516
9326672,5760,509104831,53362518,3429,-5400,61,6455,293321450,2115,293321480,2115,167,33,15,24,2534,32,-50,2531
9336644,5760,509104846,53362480,3429,-5400,61,6455,293321450,2115,293321490,2115,167,33,4,135,2586,21,59,2587
9346629,5760,509104862,53362442,3429,-5400,60,6455,293321450,2115,293321500,2115,166,33,9,36,2515,26,-38,2513
9356875,5759,509104877,53362404,3429,-5400,60,6455,293321450,2115,293321510,2115,165,33,-31,47,2523,-15,-26,2521
9366807,5759,509104893,53362364,3429,-5400,60,6455,293321500,2115,293321520,2115,164,34,-55,103,2476,-39,31,2476
9376699,5759,509104908,53362326,3429,-5400,60,6455,293321500,2115,293321530,2115,164,34,-37,39,2529,-20,-33,2527
9386626,5758,509104923,53362288,3429,-5399,60,6455,293321500,2115,293321540,2115,163,35,-18,43,2521,-2,-30,2519
9396607,5758,509104939,53362250,3430,-5400,60,6455,293321500,2115,293321550,2115,162,35,31,39,2525,48,-32,2523
9406879,5758,509104954,53362212,3430,-5400,60,6455,293321500,2115,293321560,2115,161,35,-5,88,2496,12,18,2495
9416771,5758,509104970,53362172,3430,-5400,60,6455,293321550,2115,293321570,2115,160,36,-36,38,2518,-18,-33,2516
9426698,5757,509104985,53362134,3430,-5399,59,6455,293321550,2115,293321580,2115,160,36,-47,56,2591,-29,-17,2589
9436636,5757,509105000,53362096,3430,-5399,59,6455,293321550,2115,293321590,2115,159,36,-30,39,2548,-12,-32,2546
9446654,5756,509105016,53362058,3430,-5399,59,6456,293321550,2115,293321600,2115,158,36,-9,36,2466,8,-33,2464
9458046,5756,509105031,53362020,3430,-5399,60,6456,293321550,2115,293321610,2115,158,37,-18,63,2418,0,-4,2417
9466802,5756,509105047,53361980,3431,-5399,60,6456,293321600,2115,293321620,2115,157,37,15,-4,2422,32,-71,2419
9477415,5755,509105062,53361942,3431,-5399,61,6456,293321600,2115,293321630,2115,157,37,-9,109,2420,8,42,2421
9486609,5755,509105078,53361904,3431,-5399,62,6456,293321600,2115,293321640,2115,156,37,-36,46,2432,-19,-21,2431
9496619,5754,509105093,53361866,3431,-5399,62,6456,293321600,2115,293321650,2115,157,38,-27,40,2430,-9,-27,2429
9506862,5754,509105108,53361828,3431,-5399,62,6456,293321600,2115,293321660,2115,157,38,-12,-28,2547,6,-98,2544
9516776,5754,509105124,53361788,3432,-5399,61,6456,293321650,2115,293321670,2115,156,38,6,43,2575,25,-28,2573
9526691,5753,509105139,53361750,3432,-5399,61,6456,293321650,2115,293321680,2115,156,38,-4,68,2548,14,-2,2547
9536619,5753,509105155,53361712,3432,-5399,60,6456,293321650,2115,293321690,2115,156,38,-23,46,2551,-4,-24,2549
9546657,5752,509105170,53361674,3432,-5398,61,6456,293321650,2115,293321700,2115,155,38,-23,10,2485,-4,-58,2483
9556868,5752,509105186,53361636,3433,-5398,61,6456,293321650,2115,293321710,2115,155,39,-58,-8,2406,-39,-74,2403
9566774,5751,509105201,53361596,3433,-5398,62,6456,293321700,2115,293321720,2115,155,39,-29,34,2419,-11,-32,2417
9576691,5751,509105216,53361558,3433,-5397,63,6456,293321700,2115,293321730,2115,155,39,-12,37,2392,6,-28,2391
9586673,5751,509105232,53361520,3433,-5398,64,6456,293321700,2115,293321740,2115,155,39,23,25,2392,41,-40,2390
9596661,5750,509105247,53361482,3434,-5398,64,6456,293321700,2115,293321750,2115,155,39,31,26,2475,50,-41,2473
9608055,5750,509105263,53361445,3434,-5398,64,6456,293321700,2115,293321760,2115,155,38,-4,-15,2513,15,-83,2509
9616781,5749,509105278,53361404,3435,-5397,64,6456,293321750,2115,293321770,2115,155,38,-5,-72,2515,13,-140,2510
9626696,5749,509105294,53361366,3435,-5396,64,6456,293321750,2115,293321780,2115,155,37,-83,45,2476,-66,-23,2475
9636691,5749,509105309,53361328,3435,-5396,64,6456,293321750,2115,293321790,2115,155,37,-29,60,2505,-11,-9,2504
9646615,5748,509105324,53361291,3436,-5396,64,6456,293321750,2115,293321800,2115,155,37,-28,-11,2482,-10,-78,2480
9656873,5748,509105340,53361253,3436,-5396,64,6456,293321750,2115,293321810,2115,155,37,6,17,2528,24,-52,2525
9667089,5748,509105355,53361212,3437,-5396,64,6456,293321800,2115,293321820,2115,156,36,2,-30,2449,20,-97,2446
9676697,5747,509105371,53361174,3437,-5396,64,6456,293321800,2115,293321830,2115,156,36,-22,76,2521,-4,6,2520
9686634,5747,509105386,53361137,3438,-5395,64,6456,293321800,2115,293321840,2115,157,36,-11,-74,2494,7,-143,2489
9696619,5747,509105402,53361099,3438,-5395,64,6456,293321800,2115,293321850,2115,158,36,-41,28,2507,-24,-42,2505
9706921,5747,509105417,53361061,3438,-5394,65,6456,293321800,2115,293321860,2115,158,35,-24,-6,2442,-7,-74,2439
9716813,5746,509105433,53361021,3439,-5394,65,6456,293321850,2115,293321870,2115,159,35,-30,52,2493,-13,-18,2492
9726690,5746,509105448,53360983,3439,-5394,65,6456,293321850,2115,293321880,2115,159,35,-5,46,2480,12,-23,2478
9736619,5746,509105463,53360945,3439,-5394,65,6456,293321850,2115,293321890,2115,160,35,-9,35,2567,8,-37,2565
9746627,5746,509105479,53360907,3440,-5394,65,6456,293321850,2115,293321900,2115,161,35,-12,-29,2522,5,-100,2519
9757553,5745,509105494,53360869,3440,-5394,64,6456,293321850,2115,293321910,2115,162,35,-14,25,2521,3,-46,2519
9766766,5745,509105510,53360829,3440,-5393,65,6456,293321900,2115,293321920,2115,163,34,-49,29,2452,-32,-42,2451
9776686,5745,509105525,53360791,3440,-5393,65,6456,293321900,2115,293321930,2115,164,34,-28,8,2487,-11,-64,2484
9786685,5745,509105541,53360753,3440,-5393,65,6456,293321900,2115,293321940,2115,164,34,-42,67,2495,-25,-5,2494
9796636,5745,509105556,53360715,3441,-5393,65,6456,293321900,2115,293321950,2115,164,34,-4,-6,2535,13,-80,2532
9806890,5745,509105572,53360677,3441,-5393,64,6456,293321900,2115,293321960,2115,165,34,6,84,2530,22,11,2530
9816988,5745,509105587,53360637,3442,-5392,65,6456,293321950,2115,293321970,2115,165,33,-1,-12,2483,15,-84,2480
9826696,5744,509105603,53360599,3442,-5392,65,6456,293321950,2115,293321980,2115,166,33,-33,56,2464,-17,-16,2463
9836620,5744,509105618,53360561,3442,-5392,65,6456,293321950,2115,293321990,2115,167,33,-31,33,2496,-15,-40,2494
9847124,5744,509105633,53360524,3442,-5392,65,6456,293321950,2115,293322000,2115,167,34,-37,87,2504,-20,13,2504
9857382,5744,509105649,53360486,3442,-5391,65,6456,293321950,2115,293322010,2115,168,34,-30,0,2481,-13,-73,2478
9866763,5744,509105664,53360445,3442,-5392,65,6456,293322000,2115,293322020,2115,169,34,-10,62,2576,7,-15,2575
9877001,5744,509105680,53360408,3443,-5391,64,6456,293322000,2115,293322030,2115,170,34,3,4,2583,20,-73,2580
9886623,5744,509105695,53360370,3443,-5391,63,6456,293322000,2115,293322040,2115,170,34,-21,85,2581,-3,8,2581
9896624,5744,509105711,53360332,3443,-5391,63,6456,293322000,2115,293322050,2115,171,34,-14,61,2581,3,-16,2580
9907213,5744,509105726,53360294,3443,-5391,63,6456,293322000,2115,293322060,2115,171,34,-52,63,2480,-36,-12,2479
9917008,5744,509105742,53360254,3442,-5391,63,6456,293322050,2115,293322070,2115,171,35,-54,96,2406,-38,23,2406
9926932,5744,509105757,53360216,3443,-5390,64,6456,293322050,2115,293322080,2115,172,35,-23,-20,2429,-6,-93,2426
9937481,5744,509105773,53360178,3443,-5391,64,6456,293322050,2115,293322090,2115,173,35,18,99,2493,34,23,2493
9946626,5744,509105788,53360140,3443,-5391,64,6456,293322050,2115,293322100,2115,174,35,25,12,2503,42,-64,2500
9957343,5744,509105804,53360103,3444,-5391,64,6456,293322050,2115,293322110,2115,175,35,-6,20,2519,11,-57,2517
9966785,5744,509105819,53360062,3444,-5390,64,6456,293322100,2115,293322120,2115,175,35,-29,66,2547,-12,-13,2546
9976706,5744,509105835,53360024,3444,-5390,63,6456,293322100,2115,293322130,2115,176,35,-60,106,2566,-43,26,2566
9986631,5745,509105850,53359987,3444,-5390,63,6456,293322100,2115,293322140,2115,176,35,-14,65,2553,3,-14,2552
9996616,5745,509105866,53359949,3444,-5390,62,6456,293322100,2115,293322150,2115,176,35,-22,53,2545,-5,-26,2544
10006871,5745,509105881,53359911,3444,-5390,62,6456,293322100,2115,293322160,2115,177,35,-2,46,2524,15,-32,2522
10016755,5745,509105896,53359871,3444,-5390,62,6456,293322150,2115,293322170,2115,177,35,-45,134,2489,-28,56,2490
10026692,5745,509105912,53359833,3444,-5390,63,6456,293322150,2115,293322180,2115,178,35,-29,45,2452,-12,-32,2450
10036639,5745,509105927,53359795,3444,-5390,63,6456,293322150,2115,293322190,2115,178,36,-4,46,2497,13,-32,2495
10046619,5745,509105943,53359757,3444,-5390,63,6456,293322150,2115,293322200,2115,178,36,-40,101,2443,-23,25,2444
10058305,5745,509105958,53359719,3444,-5390,63,6456,293322150,2115,293322210,2115,178,37,3,129,2528,21,50,2529
10066782,5745,509105974,53359679,3444,-5390,63,6456,293322200,2115,293322220,2115,178,37,-22,30,2526,-4,-49,2524
10076702,5745,509105989,53359641,3444,-5390,62,6456,293322200,2115,293322230,2115,179,37,7,60,2555,25,-20,2553
10087177,5745,509106005,53359603,3444,-5390,63,6456,293322200,2115,293322240,2115,179,38,-42,109,2456,-25,32,2456
10096611,5745,509106020,53359566,3444,-5390,63,6456,293322200,2115,293322250,2115,178,38,-41,89,2444,-23,12,2444
10106869,5745,509106036,53359528,3443,-5390,64,6456,293322200,2115,293322260,2115,178,39,-37,104,2422,-19,28,2422
10117198,5746,509106051,53359488,3444,-5390,64,6456,293322250,2115,293322270,2115,178,39,-21,40,2456,-2,-37,2454
10126701,5746,509106067,53359450,3444,-5390,65,6456,293322250,2115,293322280,2115,178,40,32,118,2473,51,41,2474
10136641,5746,509106082,53359412,3444,-5390,65,6456,293322250,2115,293322290,2115,178,40,-7,19,2472,12,-58,2470
10146723,5746,509106098,53359374,3444,-5390,65,6456,293322250,2115,293322300,2115,177,40,-36,138,2508,-17,59,2510
10157215,5746,509106113,53359336,3444,-5390,65,6456,293322250,2115,293322310,2115,177,40,-13,52,2437,6,-23,2435
10166770,5746,509106129,53359296,3443,-5390,65,6456,293322300,2115,293322320,2115,176,41,-40,132,2450,-21,56,2451
10176894,5746,509106144,53359258,3443,-5390,67,6456,293322300,2115,293322330,2115,175,41,-12,77,2352,7,5,2351
10186642,5746,509106160,53359220,3443,-5390,67,6456,293322300,2115,293322340,2115,175,41,-10,54,2463,9,-21,2462
10196642,5746,509106175,53359182,3443,-5390,67,6456,293322300,2115,293322350,2115,174,41,-20,118,2444,-1,43,2445
10207936,5746,509106191,53359145,3443,-5391,67,6456,293322300,2115,293322360,2115,174,41,6,85,2506,25,9,2506
10216799,5746,509106206,53359104,3443,-5391,68,6456,293322350,2115,293322370,2115,174,41,-14,85,2463,5,10,2463
10226686,5746,509106221,53359066,3443,-5391,68,6456,293322350,2115,293322380,2115,173,41,-9,133,2465,10,58,2466
10237212,5746,509106237,53359029,3442,-5391,68,6456,293322350,2115,293322390,2115,172,41,-46,85,2441,-27,11,2441
10246630,5746,509106252,53358991,3442,-5391,69,6456,293322350,2115,293322400,2115,171,41,-37,67,2462,-17,-7,2462
10256889,5746,509106268,53358953,3442,-5391,69,6456,293322350,2115,293322410,2115,170,41,-29,126,2475,-10,52,2476
10267272,5746,509106283,53358913,3442,-5391,69,6456,293322400,2115,293322420,2115,169,41,-4,50,2514,16,-25,2512
10277195,5746,509106299,53358875,3442,-5391,69,6456,293322400,2115,293322430,2115,169,41,-6,135,2474,13,61,2475
10286639,5745,509106314,53358837,3442,-5391,69,6456,293322400,2115,293322440,2115,168,40,3,80,2543,22,5,2542
10297264,5745,509106330,53358799,3442,-5392,69,6456,293322400,2115,293322450,2115,166,40,-4,69,2501,15,-4,2500
10306879,5745,509106345,53358761,3441,-5392,69,6456,293322400,2115,293322460,2115,165,40,-42,117,2424,-24,46,2425
10316804,5745,509106361,53358721,3441,-5392,70,6456,293322450,2115,293322470,2115,165,40,-39,109,2377,-22,39,2378
10326755,5745,509106376,53358683,3441,-5391,71,6456,293322450,2115,293322480,2115,164,40,-31,42,2428,-12,-28,2426
10336618,5745,509106392,53358645,3441,-5391,70,6456,293322450,2115,293322490,2115,163,39,-11,85,2562,8,11,2562
10346639,5745,509106407,53358608,3441,-5392,70,6456,293322450,2115,293322500,2115,163,39,10,104,2537,29,32,2537
10357707,5745,509106422,53358570,3441,-5392,69,6456,293322450,2115,293322510,2115,162,39,25,94,2614,45,20,2613
10366781,5745,509106438,53358529,3441,-5392,70,6456,293322500,2115,293322520,2115,161,38,-17,43,2454,1,-26,2452
10376698,5745,509106453,53358492,3441,-5392,69,6456,293322500,2115,293322530,2115,160,38,-55,93,2530,-36,21,2530
10386606,5745,509106469,53358454,3441,-5391,70,6456,293322500,2115,293322540,2115,160,38,-99,69,2442,-81,0,2442
10396653,5745,509106484,53358416,3441,-5391,69,6456,293322500,2115,293322550,2115,160,38,-39,53,2581,-20,-20,2579
10406880,5745,509106500,53358378,3441,-5392,69,6456,293322500,2115,293322560,2115,160,38,25,94,2469,43,24,2468
10417426,5745,509106515,53358338,3441,-5392,69,6456,293322550,2115,293322570,2115,160,38,5,62,2538,23,-9,2537
10426723,5745,509106531,53358300,3441,-5392,69,6456,293322550,2115,293322580,2115,159,38,2,28,2508,21,-42,2506
10436661,5745,509106546,53358262,3441,-5392,69,6456,293322550,2115,293322590,2115,158,38,-14,28,2542,4,-43,2540
10446669,5745,509106562,53358224,3441,-5391,69,6456,293322550,2115,293322600,2115,158,38,-53,91,2453,-35,23,2453
10458297,5745,509106577,53358187,3441,-5391,70,6456,293322550,2115,293322610,2115,158,37,-61,118,2419,-44,51,2419
10466774,5745,509106593,53358146,3441,-5391,70,6456,293322600,2115,293322620,2115,158,37,-38,26,2465,-20,-42,2463
10477041,5745,509106608,53358108,3441,-5391,70,6457,293322600,2115,293322630,2115,158,37,7,14,2502,26,-55,2499
10486627,5745,509106623,53358071,3442,-5391,69,6457,293322600,2115,293322640,2115,157,37,12,82,2607,30,10,2606
10496630,5745,509106639,53358033,3442,-5392,69,6457,293322600,2115,293322650,2115,157,37,16,84,2597,35,13,2597
10507253,5746,509106654,53357995,3441,-5392,68,6457,293322600,2115,293322660,2115,156,37,-24,81,2557,-6,11,2557
10516779,5746,509106670,53357955,3441,-5391,68,6457,293322650,2115,293322670,2115,155,37,-80,90,2469,-63,22,2469
10526692,5746,509106685,53357917,3441,-5391,69,6457,293322650,2115,293322680,2115,154,37,-57,58,2425,-40,-8,2424
10537402,5746,509106701,53357879,3440,-5391,69,6457,293322650,2115,293322690,2115,153,37,-30,113,2499,-13,45,2499
10546613,5746,509106716,53357841,3441,-5391,69,6457,293322650,2115,293322700,2115,153,37,15,75,2545,33,7,2544
10556900,5747,509106732,53357803,3441,-5391,69,6457,293322650,2115,293322710,2115,152,37,-14,52,2489,3,-15,2487
10566758,5747,509106747,53357763,3440,-5391,68,6457,293322700,2115,293322720,2115,151,37,-22,124,2549,-4,56,2549
10576708,5747,509106763,53357725,3440,-5391,68,6457,293322700,2115,293322730,2115,150,37,-29,100,2507,-11,34,2507
10586608,5747,509106778,53357687,3440,-5392,68,6457,293322700,2115,293322740,2115,149,38,-29,121,2580,-11,53,2580
10596641,5747,509106794,53357649,3439,-5392,68,6457,293322700,2115,293322750,2115,148,38,-36,99,2495,-18,34,2495
10607193,5748,509106809,53357612,3439,-5392,67,6457,293322700,2115,293322760,2115,148,39,-33,85,2522,-14,19,2521
10616766,5748,509106824,53357571,3439,-5392,68,6457,293322750,2115,293322770,2115,148,39,-46,121,2426,-29,58,2426
10626729,5748,509106840,53357533,3438,-5392,68,6457,293322750,2115,293322780,2115,147,40,-31,96,2541,-12,30,2541
10636671,5748,509106855,53357496,3439,-5392,68,6457,293322750,2115,293322790,2115,146,40,-13,47,2536,6,-18,2534
10646619,5748,509106871,53357458,3438,-5392,67,6457,293322750,2115,293322800,2115,145,40,-7,101,2561,13,36,2561
10657786,5748,509106886,53357420,3438,-5392,67,6457,293322750,2115,293322810,2115,144,40,1,89,2509,20,25,2508
10666775,5748,509106902,53357380,3438,-5393,67,6457,293322800,2115,293322820,2115,143,40,-6,158,2454,13,96,2455
10676958,5749,509106917,53357342,3437,-5393,68,6457,293322800,2115,293322830,2115,142,40,-40,69,2383,-22,9,2382
10686670,5749,509106933,53357304,3437,-5392,69,6457,293322800,2115,293322840,2115,142,40,-61,50,2407,-43,-10,2406
10696632,5749,509106948,53357266,3436,-5392,70,6457,293322800,2115,293322850,2115,141,40,-69,178,2412,-51,118,2414
10706877,5749,509106964,53357228,3437,-5392,69,6457,293322800,2115,293322860,2115,141,41,9,9,2569,29,-55,2567
10716780,5749,509106979,53357188,3437,-5393,68,6457,293322850,2115,293322870,2115,141,40,6,51,2629,26,-14,2628
10726697,5749,509106994,53357150,3437,-5393,67,6457,293322850,2115,293322880,2115,141,40,3,129,2591,23,65,2591
10736613,5749,509107010,53357112,3436,-5393,66,6457,293322850,2115,293322890,2115,140,40,-27,130,2648,-7,64,2648
10746726,5749,509107025,53357074,3436,-5393,66,6457,293322850,2115,293322900,2115,140,40,-59,54,2593,-40,-10,2592
10757366,5749,509107041,53357037,3436,-5393,66,6457,293322850,2115,293322910,2115,140,39,-80,90,2485,-61,29,2485
10766771,5749,509107056,53356996,3435,-5392,66,6457,293322900,2115,293322920,2115,140,39,-75,58,2449,-56,-2,2449
10776687,5748,509107072,53356958,3435,-5392,66,6457,293322900,2115,293322930,2115,139,39,-33,94,2480,-15,33,2480
10786629,5749,509107087,53356921,3436,-5392,66,6457,293322900,2115,293322940,2115,139,38,12,-12,2498,30,-73,2495
10796941,5749,509107102,53356883,3436,-5393,65,6457,293322900,2115,293322950,2115,139,38,59,69,2662,78,4,2660
10808003,5749,509107118,53356845,3436,-5393,64,6457,293322900,2115,293322960,2115,139,36,18,82,2584,36,19,2583
10816785,5748,509107133,53356805,3436,-5393,64,6457,293322950,2115,293322970,2115,138,35,-52,54,2613,-34,-10,2612
10826694,5749,509107149,53356767,3436,-5392,63,6457,293322950,2115,293322980,2115,138,35,-92,56,2540,-75,-6,2539
10836788,5749,509107164,53356729,3436,-5392,63,6457,293322950,2115,293322990,2115,138,34,-68,42,2531,-52,-20,2530
10846633,5749,509107180,53356691,3435,-5392,62,6457,293322950,2115,293323000,2115,137,33,-43,120,2595,-26,57,2595
10857033,5749,509107195,53356653,3435,-5392,61,6457,293322950,2115,293323010,2115,137,32,-4,27,2668,13,-37,2666
10867241,5748,509107211,53356613,3436,-5392,60,6457,293323000,2115,293323020,2115,137,31,40,58,2668,56,-6,2667
10876714,5748,509107226,53356575,3436,-5392,59,6457,293323000,2115,293323030,2115,136,30,-24,26,2631,-8,-37,2629
10886642,5748,509107241,53356537,3436,-5392,58,6457,293323000,2115,293323040,2115,136,29,-54,112,2615,-39,49,2615
10897142,5748,509107257,53356499,3435,-5392,57,6457,293323000,2115,293323050,2115,135,29,-75,85,2577,-60,23,2576
10906889,5748,509107272,53356462,3435,-5391,57,6457,293323000,2115,293323060,2115,135,28,-58,35,2556,-43,-27,2555
10916782,5748,509107288,53356421,3435,-5391,56,6457,293323050,2115,293323070,2115,135,28,-31,15,2564,-17,-46,2562
10926685,5748,509107303,53356383,3435,-5391,55,6457,293323050,2115,293323080,2115,135,28,-7,103,2618,8,41,2618
10936615,5747,509107319,53356346,3435,-5391,54,6457,293323050,2115,293323090,2115,135,28,-23,38,2659,-9,-25,2658
10946638,5747,509107334,53356308,3435,-5391,53,6457,293323050,2115,293323100,2115,135,28,-8,26,2695,7,-39,2693
10958010,5747,509107350,53356270,3435,-5391,52,6457,293323050,2115,293323110,2115,135,27,-13,56,2618,1,-6,2617
10966789,5747,509107365,53356230,3435,-5391,51,6457,293323100,2115,293323120,2115,135,27,-36,55,2581,-22,-6,2580
10976709,5746,509107380,53356192,3435,-5390,51,6457,293323100,2115,293323130,2115,135,27,-63,19,2469,-50,-40,2468
10986618,5746,509107396,53356154,3435,-5390,51,6457,293323100,2115,293323140,2115,135,27,-53,38,2536,-39,-23,2534
10997530,5746,509107411,53356116,3436,-5389,51,6457,293323100,2115,293323150,2115,135,27,-16,-14,2493,-2,-73,2491
11006861,5745,509107427,53356078,3436,-5389,51,6457,293323100,2115,293323160,2115,136,27,17,28,2534,31,-32,2532
11016779,5745,509107442,53356038,3436,-5390,51,6457,293323150,2115,293323170,2115,136,27,16,52,2503,29,-8,2502
11026705,5745,509107458,53356000,3437,-5389,51,6457,293323150,2115,293323180,2115,136,27,-18,-23,2550,-4,-84,2547
11036642,5744,509107473,53355963,3437,-5389,51,6457,293323150,2115,293323190,2115,137,28,-54,47,2514,-40,-14,2512
11046631,5744,509107489,53355925,3437,-5388,50,6457,293323150,2115,293323200,2115,137,28,-65,-50,2582,-50,-112,2578
11057270,5743,509107504,53355887,3437,-5388,50,6457,293323150,2115,293323210,2115,138,29,-31,31,2526,-16,-30,2524
11066771,5743,509107519,53355847,3438,-5388,50,6457,293323200,2115,293323220,2115,138,29,-6,12,2473,8,-48,2470
11076734,5742,509107535,53355809,3438,-5388,50,6457,293323200,2115,293323230,2115,139,30,-5,21,2467,10,-40,2465
11086609,5742,509107550,53355771,3438,-5387,51,6457,293323200,2115,293323240,2115,139,31,-29,-23,2459,-14,-83,2456
11096612,5741,509107566,53355733,3439,-5387,51,6457,293323200,2115,293323250,2115,140,32,-45,-18,2482,-29,-80,2479
11106871,5741,509107581,53355695,3439,-5386,51,6457,293323200,2115,293323260,2115,141,33,-43,-5,2428,-27,-65,2426
11116776,5740,509107597,53355655,3440,-5386,52,6457,293323250,2115,293323270,2115,142,34,-35,1,2444,-19,-60,2442
11126685,5739,509107612,53355617,3441,-5386,52,6457,293323250,2115,293323280,2115,143,35,-2,-80,2418,15,-141,2413
11136658,5738,509107628,53355580,3441,-5385,53,6457,293323250,2115,293323290,2115,143,36,17,-41,2447,34,-103,2443
11146614,5738,509107643,53355542,3442,-5385,54,6457,293323250,2115,293323300,2115,143,36,7,23,2371,24,-37,2369
11157638,5737,509107659,53355504,3442,-5385,55,6457,293323250,2115,293323310,2115,143,37,-31,-44,2320,-14,-102,2317
11166761,5736,509107674,53355464,3443,-5384,57,6457,293323300,2115,293323320,2115,144,38,-58,-17,2306,-40,-76,2303
11176697,5736,509107690,53355426,3443,-5383,58,6457,293323300,2115,293323330,2115,144,38,-21,-38,2351,-3,-98,2348
11186622,5735,509107705,53355388,3444,-5383,59,6457,293323300,2115,293323340,2115,144,39,-8,-1,2378,10,-61,2376
11196641,5734,509107721,53355350,3445,-5383,59,6457,293323300,2115,293323350,2115,145,40,28,-70,2438,47,-132,2434
11208288,5733,509107736,53355313,3446,-5383,60,6457,293323300,2115,293323360,2115,145,40,17,-45,2428,36,-107,2424
11216767,5732,509107751,53355272,3446,-5383,61,6457,293323350,2115,293323370,2115,145,40,-12,-1,2448,7,-64,2445
11226732,5731,509107767,53355235,3446,-5382,61,6457,293323350,2115,293323380,2115,145,41,-67,-20,2452,-48,-83,2449
11237101,5731,509107782,53355197,3447,-5381,62,6457,293323350,2115,293323390,2115,144,41,-36,-56,2392,-17,-117,2389
11246618,5730,509107798,53355159,3447,-5381,63,6457,293323350,2115,293323400,2115,144,41,-39,6,2326,-20,-54,2324
11258038,5729,509107813,53355121,3448,-5380,65,6457,293323350,2115,293323410,2115,144,41,-31,-77,2310,-12,-136,2306
11266787,5727,509107829,53355081,3449,-5380,65,6457,293323400,2115,293323420,2115,144,42,2,-13,2446,22,-75,2443
11276684,5726,509107844,53355043,3450,-5380,66,6457,293323400,2115,293323430,2115,144,42,26,-58,2375,46,-118,2371
11287500,5725,509107860,53355006,3450,-5380,67,6457,293323400,2115,293323440,2115,143,42,-4,-26,2414,16,-87,2411
11296649,5724,509107875,53354968,3451,-5379,68,6457,293323400,2115,293323450,2115,142,42,-42,-41,2367,-23,-101,2364
11306963,5723,509107891,53354930,3452,-5379,69,6457,293323400,2115,293323460,2115,141,42,-31,-100,2447,-10,-161,2443
11317009,5722,509107907,53354890,3453,-5378,70,6457,293323450,2115,293323470,2115,141,42,-42,-39,2354,-23,-98,2350
11326617,5721,509107922,53354852,3453,-5377,70,6457,293323450,2115,293323480,2115,140,42,-38,-63,2432,-18,-123,2428
11336634,5720,509107938,53354814,3454,-5377,71,6457,293323450,2115,293323490,2115,139,42,-1,-64,2418,19,-123,2414
11346647,5719,509107953,53354777,3455,-5377,71,6457,293323450,2115,293323500,2115,138,41,46,-42,2466,66,-101,2462
11357472,5718,509107969,53354739,3456,-5376,72,6457,293323450,2115,293323510,2115,136,41,-1,-130,2419,19,-188,2413
11366761,5717,509107984,53354699,3457,-5376,73,6457,293323500,2115,293323520,2115,135,41,-41,-20,2390,-22,-77,2387
11376610,5715,509108000,53354661,3457,-5375,74,6457,293323500,2115,293323530,2115,135,41,-86,-29,2315,-68,-84,2313
11386615,5714,509108015,53354623,3458,-5374,75,6457,293323500,2115,293323540,2115,134,41,-37,-135,2394,-17,-192,2388
11396638,5713,509108031,53354586,3459,-5374,75,6457,293323500,2115,293323550,2115,134,42,-13,-64,2479,7,-122,2475
11406887,5711,509108046,53354548,3460,-5373,75,6457,293323500,2115,293323560,2115,133,42,26,-74,2517,47,-133,2512
11416771,5710,509108062,53354508,3462,-5373,75,6457,293323550,2115,293323570,2115,133,42,11,-136,2569,32,-196,2564
11426637,5709,509108077,53354470,3462,-5372,75,6457,293323550,2115,293323580,2115,132,42,-23,-79,2497,-2,-137,2493
11436624,5708,509108093,53354432,3463,-5371,75,6457,293323550,2115,293323590,2115,130,42,-48,-100,2492,-28,-157,2487
11446643,5706,509108109,53354395,3464,-5370,76,6457,293323550,2115,293323600,2115,130,42,-60,-117,2365,-40,-171,2360
11456878,5705,509108124,53354357,3465,-5370,77,6457,293323550,2115,293323610,2115,130,42,-51,-20,2339,-32,-74,2337
11467744,5704,509108140,53354317,3466,-5369,79,6457,293323600,2115,293323620,2115,130,43,-8,-168,2333,12,-221,2327
11477281,5702,509108155,53354279,3468,-5368,78,6457,293323600,2115,293323630,2115,130,43,26,-159,2535,47,-217,2529
11486628,5701,509108171,53354241,3469,-5368,78,6457,293323600,2115,293323640,2115,130,43,32,-157,2501,53,-214,2494
11496614,5699,509108186,53354204,3471,-5367,78,6458,293323600,2115,293323650,2115,130,43,16,-110,2510,37,-167,2505
11507028,5698,509108202,53354166,3471,-5366,79,6458,293323600,2115,293323660,2115,130,43,-95,-114,2460,-74,-170,2456
11516806,5697,509108218,53354126,3473,-5365,78,6458,293323650,2115,293323670,2115,131,43,-35,-110,2572,-14,-169,2567
11526610,5695,509108233,53354088,3474,-5364,78,6458,293323650,2115,293323680,2115,131,44,-59,-153,2537,-37,-211,2531
11536625,5694,509108249,53354051,3475,-5363,79,6458,293323650,2115,293323690,2115,132,44,-15,-157,2414,6,-214,2408
11546652,5692,509108265,53354013,3477,-5363,79,6458,293323650,2115,293323700,2115,133,44,9,-152,2429,31,-209,2423
11557812,5690,509108280,53353976,3478,-5362,79,6458,293323650,2115,293323710,2115,134,45,-19,-131,2514,3,-190,2509
11566787,5689,509108296,53353935,3480,-5361,79,6458,293323700,2115,293323720,2115,135,45,2,-181,2583,25,-242,2576
11576633,5687,509108311,53353898,3481,-5360,78,6458,293323700,2115,293323730,2115,136,45,8,-169,2559,31,-230,2552
11586628,5686,509108327,53353860,3482,-5359,78,6458,293323700,2115,293323740,2115,137,45,-37,-131,2551,-14,-193,2546
11596640,5684,509108343,53353823,3484,-5358,79,6458,293323700,2115,293323750,2115,139,45,-14,-241,2436,8,-300,2427
11606874,5683,509108358,53353785,3485,-5357,79,6458,293323700,2115,293323760,2115,140,45,-33,-109,2471,-11,-170,2466
11616812,5681,509108374,53353745,3487,-5356,78,6458,293323750,2115,293323770,2115,141,45,-38,-147,2582,-15,-212,2576
11626954,5679,509108390,53353707,3489,-5355,78,6458,293323750,2115,293323780,2115,143,45,-22,-214,2575,1,-278,2567
11637517,5678,509108405,53353670,3491,-5354,77,6458,293323750,2115,293323790,2115,144,45,0,-240,2559,23,-305,2551
11646623,5676,509108421,53353632,3492,-5353,77,6458,293323750,2115,293323800,2115,146,46,-7,-110,2566,15,-176,2561
11656895,5674,509108437,53353595,3494,-5352,76,6458,293323750,2115,293323810,2115,147,46,-12,-175,2589,12,-242,2582
11666771,5673,509108453,53353555,3495,-5351,76,6458,293323800,2115,293323820,2115,149,46,-22,-202,2593,1,-269,2585
11676638,5671,509108468,53353517,3497,-5350,75,6458,293323800,2115,293323830,2115,150,46,-34,-159,2570,-11,-226,2563
11694461,5670,509108484,53353480,3499,-5349,74,6458,293323800,2115,293323840,2115,150,46,-19,-189,2606,5,-258,2599
11696629,5668,509108500,53353442,3500,-5348,74,6458,293323800,2115,293323850,2115,151,46,-39,-212,2547,-16,-280,2539
11706897,5666,509108515,53353404,3502,-5347,73,6458,293323800,2115,293323860,2115,152,46,1,-118,2595,24,-187,2589
11716806,5665,509108531,53353364,3503,-5346,73,6458,293323850,2115,293323870,2115,153,45,-7,-200,2566,16,-269,2558
11726623,5663,509108547,53353327,3505,-5345,72,6458,293323850,2115,293323880,2115,154,45,16,-218,2588,39,-288,2579
11736620,5661,509108563,53353289,3506,-5344,72,6458,293323850,2115,293323890,2115,154,45,-34,-90,2573,-11,-160,2568
11746658,5660,509108578,53353252,3508,-5343,71,6458,293323850,2115,293323900,2115,154,45,-27,-155,2586,-4,-225,2579
11756906,5658,509108594,53353214,3509,-5342,70,6458,293323850,2115,293323910,2115,153,45,-26,-167,2640,-3,-238,2632
11766771,5657,509108610,53353174,3511,-5341,69,6458,293323900,2115,293323920,2115,153,45,-42,-129,2593,-20,-199,2587
11776645,5655,509108626,53353137,3512,-5340,68,6458,293323900,2115,293323930,2115,154,45,16,-185,2660,40,-256,2652
11786655,5653,509108642,53353100,3514,-5339,67,6458,293323900,2115,293323940,2115,154,45,-17,-162,2621,6,-233,2614
11796616,5651,509108657,53353062,3515,-5339,67,6458,293323900,2115,293323950,2115,155,44,-32,-130,2596,-10,-200,2590
11806892,5650,509108673,53353025,3517,-5338,66,6458,293323900,2115,293323960,2115,155,44,-12,-171,2593,11,-241,2585
11816749,5648,509108689,53352985,3519,-5336,65,6458,293323950,2115,293323970,2115,154,44,-31,-177,2602,-8,-247,2595
11826627,5646,509108705,53352947,3520,-5336,65,6458,293323950,2115,293323980,2115,154,43,0,-101,2601,22,-171,2596
11836628,5645,509108721,53352910,3522,-5335,64,6458,293323950,2115,293323990,2115,153,43,12,-207,2576,34,-276,2568
11846618,5643,509108736,53352872,3523,-5334,64,6458,293323950,2115,293324000,2115,152,42,-11,-172,2555,10,-240,2548
11856875,5642,509108752,53352835,3524,-5333,64,6458,293323950,2115,293324010,2115,152,42,-18,-52,2520,2,-120,2516
11867042,5640,509108768,53352795,3526,-5332,63,6458,293324000,2115,293324020,2115,152,41,-39,-182,2560,-18,-251,2553
11876623,5638,509108784,53352758,3527,-5331,61,6458,293324000,2115,293324030,2115,151,41,-3,-141,2703,19,-212,2697
11886645,5637,509108800,53352720,3529,-5330,60,6458,293324000,2115,293324040,2115,150,40,-10,-208,2675,12,-279,2667
11897343,5635,509108816,53352683,3530,-5329,59,6458,293324000,2115,293324050,2115,150,39,24,-127,2632,45,-196,2625
11908000,5634,509108831,53352645,3532,-5328,59,6458,293324000,2115,293324060,2115,149,39,-51,-147,2548,-31,-214,2542
11916814,5632,509108847,53352606,3533,-5328,58,6458,293324050,2115,293324070,2115,149,38,-5,-118,2556,15,-184,2550
11927394,5631,509108863,53352568,3534,-5326,59,6458,293324050,2115,293324080,2115,149,38,-60,-192,2483,-41,-257,2476
11936623,5629,509108879,53352531,3536,-5325,58,6458,293324050,2115,293324090,2115,148,38,-28,-148,2630,-8,-216,2624
11946641,5628,509108895,53352493,3537,-5325,57,6458,293324050,2115,293324100,2115,147,37,0,-98,2610,19,-165,2604
11957285,5626,509108911,53352456,3539,-5324,56,6458,293324050,2115,293324110,2115,147,37,26,-167,2673,46,-236,2666
11966773,5625,509108927,53352416,3540,-5323,55,6458,293324100,2115,293324120,2115,146,36,-1,-142,2623,19,-209,2617
11976611,5623,509108943,53352379,3542,-5322,54,6458,293324100,2115,293324130,2115,145,36,-21,-158,2545,-2,-223,2539
11986760,5622,509108959,53352342,3543,-5321,55,6458,293324100,2115,293324140,2115,145,36,-17,-149,2450,1,-212,2444
11996625,5620,509108974,53352304,3544,-5320,56,6458,293324100,2115,293324150,2115,144,35,-63,-126,2386,-46,-187,2380
12006872,5619,509108990,53352267,3545,-5319,56,6458,293324100,2115,293324160,2115,143,35,-37,-117,2495,-19,-180,2489
12016784,5618,509109006,53352227,3547,-5319,55,6458,293324150,2115,293324170,2115,142,35,13,-176,2560,32,-239,2553
12026631,5617,509109022,53352190,3548,-5318,54,6458,293324150,2115,293324180,2115,141,34,40,-113,2635,58,-178,2629
12036637,5615,509109038,53352152,3550,-5318,54,6458,293324150,2115,293324190,2115,140,34,34,-136,2576,51,-199,2570
12047100,5614,509109054,53352115,3551,-5317,54,6458,293324150,2115,293324200,2115,139,33,-25,-145,2544,-7,-207,2538
12056974,5613,509109070,53352078,3552,-5316,54,6458,293324150,2115,293324210,2115,138,33,-54,-117,2446,-37,-176,2441
12066812,5612,509109086,53352038,3553,-5314,54,6458,293324200,2115,293324220,2115,137,34,-73,-113,2439,-56,-172,2434
12077253,5610,509109102,53352001,3554,-5314,55,6458,293324200,2115,293324230,2115,136,34,-32,-83,2494,-15,-143,2490
12086624,5609,509109118,53351963,3555,-5313,54,6458,293324200,2115,293324240,2115,135,34,14,-133,2523,32,-192,2517
12096622,5608,509109134,53351926,3556,-5313,54,6458,293324200,2115,293324250,2115,134,34,34,-120,2551,51,-180,2546
12107350,5607,509109150,53351889,3558,-5312,54,6458,293324200,2115,293324260,2115,133,34,32,-154,2509,49,-212,2502
12117214,5605,509109166,53351849,3559,-5311,55,6458,293324250,2115,293324270,2115,132,34,-28,-89,2436,-11,-146,2431
12126620,5604,509109182,53351812,3560,-5310,55,6458,293324250,2115,293324280,2115,131,34,-26,-128,2426,-9,-184,2420
12136706,5603,509109198,53351775,3561,-5310,56,6458,293324250,2115,293324290,2115,129,34,-56,-86,2379,-39,-141,2375
12146643,5602,509109214,53351737,3562,-5309,57,6458,293324250,2115,293324300,2115,128,34,-17,-96,2387,0,-150,2382
12156918,5601,509109230,53351700,3563,-5308,58,6458,293324250,2115,293324310,2115,127,35,1,-100,2428,18,-155,2424
12166778,5599,509109246,53351660,3565,-5308,58,6458,293324300,2115,293324320,2115,127,35,14,-177,2458,32,-232,2452
12176622,5598,509109262,53351623,3566,-5307,58,6458,293324300,2115,293324330,2115,126,35,31,-143,2496,49,-198,2490
12186638,5597,509109278,53351586,3567,-5306,59,6458,293324300,2115,293324340,2115,125,35,-23,-84,2390,-6,-136,2386
12196620,5596,509109294,53351549,3568,-5306,60,6458,293324300,2115,293324350,2115,124,35,-30,-97,2414,-12,-150,2410
12206921,5595,509109310,53351511,3569,-5305,60,6458,293324300,2115,293324360,2115,123,36,-42,-117,2426,-25,-170,2421
12216810,5593,509109326,53351472,3570,-5304,61,6458,293324350,2115,293324370,2115,122,36,-10,-154,2428,7,-206,2423
12226974,5592,509109342,53351434,3571,-5303,62,6458,293324350,2115,293324380,2115,122,36,-15,-116,2407,3,-168,2402
12236615,5591,509109358,53351397,3572,-5303,63,6458,293324350,2115,293324390,2115,121,37,12,-82,2405,30,-134,2401
12246617,5590,509109374,53351360,3574,-5302,64,6458,293324350,2115,293324400,2115,121,37,2,-148,2367,20,-198,2362
12256916,5589,509109390,53351323,3575,-5301,65,6458,293324350,2115,293324410,2115,120,38,-25,-125,2346,-7,-174,2341
12266780,5588,509109406,53351283,3576,-5301,66,6458,293324400,2115,293324420,2115,120,38,-19,-114,2380,-1,-164,2375
12276630,5586,509109422,53351246,3577,-5300,67,6458,293324400,2115,293324430,2115,119,38,-21,-119,2434,-2,-170,2429
12286664,5585,509109439,53351209,3577,-5299,67,6458,293324400,2115,293324440,2115,119,39,-6,-62,2438,12,-113,2434
12296629,5584,509109455,53351172,3579,-5299,67,6458,293324400,2115,293324450,2115,119,39,8,-120,2456,27,-171,2451
12306869,5583,509109471,53351134,3580,-5298,68,6458,293324400,2115,293324460,2115,119,39,8,-158,2419,27,-209,2413
12317254,5582,509109487,53351095,3582,-5297,69,6458,293324450,2115,293324470,2115,119,39,-8,-133,2363,10,-182,2358
12326630,5581,509109503,53351058,3582,-5297,71,6458,293324450,2115,293324480,2115,119,39,-28,-81,2332,-9,-130,2328
12336618,5579,509109519,53351020,3583,-5296,71,6458,293324450,2115,293324490,2115,119,40,-30,-54,2400,-11,-105,2396
12346766,5578,509109535,53350983,3584,-5295,72,6458,293324450,2115,293324500,2115,120,40,-24,-160,2417,-5,-211,2411
12356927,5577,509109551,53350946,3586,-5295,72,6458,293324450,2115,293324510,2115,121,40,18,-142,2509,38,-195,2504
12366784,5576,509109567,53350907,3587,-5294,72,6458,293324500,2115,293324520,2115,122,40,22,-110,2475,42,-162,2470
12376610,5574,509109583,53350869,3589,-5294,73,6458,293324500,2115,293324530,2115,123,40,8,-161,2478,28,-214,2472
12386624,5573,509109600,53350832,3589,-5293,73,6458,293324500,2115,293324540,2115,123,39,-32,-88,2442,-13,-141,2438
12396650,5572,509109616,53350795,3590,-5292,74,6458,293324500,2115,293324550,2115,124,39,-62,-138,2434,-42,-192,2429
12407049,5571,509109632,53350758,3592,-5291,74,6458,293324500,2115,293324560,2115,125,40,-26,-154,2460,-7,-209,2454
12416758,5570,509109648,53350718,3593,-5290,75,6458,293324550,2115,293324570,2115,126,40,-12,-108,2437,7,-162,2432
12426627,5568,509109664,53350681,3594,-5290,75,6458,293324550,2115,293324580,2115,128,40,35,-114,2447,54,-169,2442
12437252,5567,509109680,53350644,3596,-5289,75,6458,293324550,2115,293324590,2115,130,40,-5,-180,2462,14,-236,2456
12446637,5566,509109696,53350607,3597,-5288,75,6458,293324550,2115,293324600,2115,132,40,-1,-170,2505,19,-228,2498
12456863,5565,509109713,53350570,3599,-5287,75,6458,293324550,2115,293324610,2115,133,40,-20,-157,2515,0,-216,2509
12467185,5564,509109729,53350530,3599,-5286,75,6458,293324600,2115,293324620,2115,135,40,-61,-129,2510,-41,-188,2505
12476624,5563,509109745,53350493,3600,-5285,75,6458,293324600,2115,293324630,2115,136,40,-53,-110,2492,-33,-170,2487
12486641,5561,509109761,53350456,3602,-5284,76,6458,293324600,2115,293324640,2115,138,41,-17,-140,2485,3,-200,2479
12497306,5560,509109777,53350419,3603,-5283,76,6458,293324600,2115,293324650,2115,139,41,11,-155,2497,32,-216,2490
12506924,5559,509109794,53350382,3605,-5282,76,6458,293324600,2115,293324660,2115,142,42,5,-186,2476,25,-247,2469
12516809,5558,509109810,53350343,3606,-5282,76,6458,293324650,2115,293324670,2115,143,42,-10,-30,2424,10,-91,2421
12526630,5557,509109826,53350305,3607,-5281,77,6459,293324650,2115,293324680,2115,145,43,-44,-156,2439,-23,-219,2433
12536654,5556,509109842,53350268,3609,-5279,77,6459,293324650,2115,293324690,2115,147,44,-42,-220,2517,-20,-285,2509
12546630,5555,509109858,53350231,3610,-5278,77,6459,293324650,2115,293324700,2115,149,44,-33,-110,2503,-11,-175,2498
12556944,5554,509109875,53350194,3611,-5278,77,6459,293324650,2115,293324710,2115,151,45,25,-81,2525,47,-148,2520
12566777,5552,509109891,53350155,3613,-5278,77,6459,293324700,2115,293324720,2115,153,45,24,-153,2476,46,-219,2469
12576684,5551,509109907,53350118,3614,-5277,78,6459,293324700,2115,293324730,2115,154,46,-21,-135,2425,1,-200,2419
12586653,5550,509109923,53350081,3615,-5276,79,6459,293324700,2115,293324740,2115,156,47,-56,-104,2347,-35,-169,2342
12596637,5549,509109940,53350044,3616,-5275,79,6459,293324700,2115,293324750,2115,158,48,-69,-72,2458,-46,-141,2454
12607019,5548,509109956,53350007,3617,-5274,80,6459,293324700,2115,293324760,2115,159,49,-29,-162,2475,-5,-232,2468
12616839,5547,509109972,53349967,3619,-5273,79,6459,293324750,2115,293324770,2115,161,49,37,-145,2606,61,-219,2598
12626650,5546,509109988,53349930,3620,-5273,79,6459,293324750,2115,293324780,2115,162,50,20,-72,2507,44,-144,2501
12636632,5545,509110005,53349893,3621,-5273,79,6459,293324750,2115,293324790,2115,164,50,26,-85,2541,51,-158,2535
12646883,5544,509110021,53349856,3622,-5272,79,6459,293324750,2115,293324800,2115,166,51,-57,-102,2472,-32,-174,2467
12657485,5543,509110037,53349819,3623,-5270,80,6459,293324750,2115,293324810,2115,167,52,-90,-83,2408,-65,-154,2403
12666779,5542,509110053,53349780,3624,-5269,80,6459,293324800,2115,293324820,2115,168,53,-88,-119,2403,-63,-191,2397
12676747,5541,509110070,53349743,3624,-5269,81,6459,293324800,2115,293324830,2115,170,54,-2,-34,2475,23,-108,2471
12686625,5540,509110086,53349706,3626,-5269,81,6459,293324800,2115,293324840,2115,171,54,62,-63,2516,88,-139,2510
12696672,5539,509110102,53349669,3628,-5268,80,6459,293324800,2115,293324850,2115,172,55,83,-145,2518,110,-221,2510
12707455,5538,509110119,53349632,3628,-5268,80,6459,293324800,2115,293324860,2115,173,55,0,-19,2520,26,-96,2516
12716759,5537,509110135,53349593,3629,-5267,81,6459,293324850,2115,293324870,2115,173,55,-82,-119,2484,-56,-195,2478
12726622,5535,509110151,53349556,3630,-5266,80,6459,293324850,2115,293324880,2115,174,55,-92,-32,2527,-65,-110,2524
12736620,5534,509110168,53349519,3631,-5265,81,6459,293324850,2115,293324890,2115,174,55,-61,-122,2426,-35,-197,2420
12746717,5533,509110184,53349482,3632,-5265,81,6459,293324850,2115,293324900,2115,174,55,23,-42,2483,49,-118,2479
12756963,5532,509110200,53349445,3633,-5264,81,6459,293324850,2115,293324910,2115,174,55,38,-81,2475,64,-156,2469
12766779,5531,509110216,53349405,3635,-5264,81,6459,293324900,2115,293324920,2115,173,55,42,-82,2535,68,-159,2529
12776632,5530,509110233,53349368,3636,-5264,81,6459,293324900,2115,293324930,2115,172,54,0,-47,2532,26,-123,2527
12786627,5529,509110249,53349332,3636,-5263,81,6459,293324900,2115,293324940,2115,171,54,-66,-38,2531,-40,-115,2527
12796631,5528,509110266,53349295,3637,-5262,80,6459,293324900,2115,293324950,2115,170,53,-53,-129,2556,-27,-205,2549
12807262,5526,509110282,53349258,3638,-5261,80,6459,293324900,2115,293324960,2115,169,53,-38,-59,2574,-12,-135,2569
12816771,5525,509110298,53349218,3639,-5261,79,6459,293324950,2115,293324970,2115,167,52,9,11,2624,35,-66,2621
12826639,5524,509110315,53349181,3640,-5261,78,6459,293324950,2115,293324980,2115,166,51,49,-124,2631,74,-200,2623
12836634,5523,509110331,53349144,3641,-5260,77,6459,293324950,2115,293324990,2115,164,50,-4,-101,2562,20,-175,2557
12846634,5522,509110347,53349108,3642,-5260,78,6459,293324950,2115,293325000,2115,162,49,-67,-27,2439,-44,-97,2436
12856874,5521,509110364,53349071,3642,-5259,78,6459,293324950,2115,293325010,2115,160,49,-101,-14,2511,-78,-86,2508
12866787,5520,509110380,53349031,3643,-5258,78,6459,293325000,2115,293325020,2115,158,48,-19,-80,2548,4,-151,2543
12876614,5518,509110396,53348994,3644,-5258,77,6459,293325000,2115,293325030,2115,157,47,35,-75,2631,59,-147,2626
12886651,5517,509110413,53348957,3645,-5257,76,6459,293325000,2115,293325040,2115,156,46,48,-87,2596,71,-158,2590
12896630,5516,509110429,53348921,3647,-5257,75,6459,293325000,2115,293325050,2115,154,46,-6,-106,2638,17,-178,2632
12906927,5515,509110446,53348884,3647,-5256,74,6459,293325000,2115,293325060,2115,153,45,-69,-37,2564,-47,-107,2561
12916803,5514,509110462,53348844,3648,-5255,73,6459,293325050,2115,293325070,2115,152,44,-70,-44,2677,-47,-116,2674
12926647,5514,509110478,53348807,3649,-5254,72,6459,293325050,2115,293325080,2115,150,44,-45,-177,2595,-22,-245,2588
12936622,5513,509110495,53348771,3650,-5254,72,6459,293325050,2115,293325090,2115,149,43,3,-13,2580,25,-81,2577
12946625,5512,509110511,53348734,3650,-5254,71,6459,293325050,2115,293325100,2115,149,43,3,9,2557,24,-58,2554
12957336,5511,509110527,53348697,3652,-5253,71,6459,293325050,2115,293325110,2115,149,42,18,-148,2600,39,-216,2593
12966785,5510,509110544,53348658,3652,-5253,70,6459,293325100,2115,293325120,2115,149,41,-17,-37,2565,4,-105,2562
12976620,5509,509110560,53348621,3653,-5252,70,6459,293325100,2115,293325130,2115,148,41,-28,-68,2575,-7,-136,2571
12986657,5509,509110577,53348584,3654,-5251,69,6459,293325100,2115,293325140,2115,148,40,-57,-86,2602,-36,-154,2597
12996617,5508,509110593,53348547,3655,-5250,68,6459,293325100,2115,293325150,2115,148,39,-24,-50,2630,-4,-119,2626
13006912,5507,509110610,53348510,3656,-5250,67,6459,293325100,2115,293325160,2115,148,38,-13,-47,2584,7,-114,2580
13016786,5506,509110626,53348471,3657,-5249,66,6459,293325150,2115,293325170,2115,148,37,14,-107,2618,33,-176,2612
13026696,5506,509110642,53348434,3658,-5249,66,6459,293325150,2115,293325180,2115,149,37,-6,-36,2550,12,-103,2546
13036613,5505,509110659,53348397,3659,-5248,66,6459,293325150,2115,293325190,2115,149,37,-13,-96,2537,6,-162,2532
13046606,5505,509110675,53348360,3659,-5247,65,6459,293325150,2115,293325200,2115,149,36,-50,-78,2543,-31,-145,2539
13056954,5504,509110692,53348324,3660,-5247,64,6459,293325150,2115,293325210,2115,149,36,-70,-55,2634,-51,-124,2630
13067285,5504,509110708,53348284,3661,-5246,63,6459,293325200,2115,293325220,2115,149,36,2,-31,2620,21,-100,2617
13076708,5503,509110725,53348247,3662,-5246,62,6459,293325200,2115,293325230,2115,149,36,24,-84,2659,43,-154,2654
13086651,5503,509110741,53348211,3663,-5245,62,6459,293325200,2115,293325240,2115,149,36,-14,-96,2590,4,-164,2585
13096893,5502,509110758,53348174,3663,-5245,62,6459,293325200,2115,293325250,2115,149,36,-42,-5,2483,-25,-70,2480
13106913,5502,509110774,53348137,3663,-5244,62,6459,293325200,2115,293325260,2115,149,36,-63,8,2535,-45,-59,2532
13116801,5501,509110790,53348098,3664,-5243,61,6459,293325250,2115,293325270,2115,149,37,-53,-63,2532,-35,-129,2528
13126745,5501,509110807,53348061,3666,-5243,61,6459,293325250,2115,293325280,2115,149,37,34,-86,2560,53,-153,2555
13136644,5500,509110823,53348024,3666,-5243,61,6459,293325250,2115,293325290,2115,148,38,2,-15,2474,20,-80,2471
13146695,5500,509110840,53347987,3666,-5243,62,6459,293325250,2115,293325300,2115,148,38,-4,104,2463,14,40,2463
13156867,5499,509110856,53347951,3667,-5242,62,6459,293325250,2115,293325310,2115,147,39,-41,-50,2448,-23,-114,2444
13166854,5499,509110873,53347911,3667,-5242,62,6459,293325300,2115,293325320,2115,147,39,-14,-34,2499,5,-99,2496
13176707,5498,509110889,53347875,3667,-5242,62,6459,293325300,2115,293325330,2115,147,40,-12,13,2481,8,-51,2479
13186630,5497,509110906,53347838,3668,-5241,62,6459,293325300,2115,293325340,2115,147,41,-20,2,2463,-1,-62,2460
13196642,5497,509110922,53347801,3668,-5241,63,6459,293325300,2115,293325350,2115,147,42,-22,19,2463,-3,-45,2461
13206930,5496,509110939,53347764,3669,-5240,63,6459,293325300,2115,293325360,2115,147,42,-2,-124,2493,19,-188,2487
13216782,5496,509110955,53347725,3670,-5240,63,6459,293325350,2115,293325370,2115,147,43,5,-17,2461,25,-80,2458
13226699,5495,509110972,53347688,3671,-5240,64,6459,293325350,2115,293325380,2115,146,44,0,-23,2391,20,-84,2388
13236633,5495,509110988,53347652,3671,-5239,65,6459,293325350,2115,293325390,2115,146,45,-31,-31,2421,-10,-93,2418
13246644,5494,509111005,53347615,3671,-5239,65,6459,293325350,2115,293325400,2115,146,45,-41,-5,2444,-20,-68,2441
13256885,5494,509111021,53347578,3672,-5239,66,6459,293325350,2115,293325410,2115,146,46,-15,20,2437,7,-43,2435
13266795,5493,509111038,53347539,3672,-5239,66,6459,293325400,2115,293325420,2115,146,46,16,-4,2475,38,-68,2472
13276706,5493,509111054,53347502,3673,-5239,67,6459,293325400,2115,293325430,2115,147,47,14,-22,2408,36,-84,2404
13286637,5492,509111071,53347465,3674,-5239,68,6459,293325400,2115,293325440,2115,148,47,-16,-35,2360,5,-97,2357
13296625,5492,509111087,53347429,3674,-5238,69,6459,293325400,2115,293325450,2115,148,47,-35,-34,2343,-13,-95,2340
13306865,5491,509111104,53347392,3675,-5238,70,6459,293325400,2115,293325460,2115,149,48,-5,-5,2400,17,-68,2397
13316797,5491,509111120,53347353,3676,-5237,70,6459,293325450,2115,293325470,2115,149,47,2,-74,2485,25,-139,2481
13326714,5491,509111137,53347316,3676,-5237,70,6459,293325450,2115,293325480,2115,150,47,-20,73,2444,1,9,2443
13336643,5490,509111153,53347279,3676,-5238,71,6459,293325450,2115,293325490,2115,150,47,-1,55,2440,21,-9,2439
13346674,5490,509111170,53347242,3677,-5237,71,6459,293325450,2115,293325500,2115,151,47,-13,-109,2455,10,-174,2450
13357408,5489,509111186,53347206,3678,-5237,72,6459,293325450,2115,293325510,2115,152,47,-16,9,2445,6,-56,2442
13366825,5489,509111203,53347166,3678,-5236,73,6459,293325500,2115,293325520,2115,152,47,-28,-20,2431,-6,-86,2428
13376710,5489,509111219,53347130,3678,-5236,73,6459,293325500,2115,293325530,2115,153,46,-29,11,2485,-7,-56,2483
13386617,5489,509111236,53347093,3678,-5236,73,6459,293325500,2115,293325540,2115,154,46,-31,69,2450,-10,3,2449
13396630,5489,509111253,53347056,3679,-5236,73,6459,293325500,2115,293325550,2115,155,46,22,-33,2487,43,-100,2483
13406933,5488,509111269,53347019,3680,-5236,73,6459,293325500,2115,293325560,2115,156,45,9,9,2520,30,-60,2517
13416804,5488,509111286,53346980,3680,-5235,73,6459,293325550,2115,293325570,2115,157,44,-9,-59,2466,13,-127,2461
13426705,5488,509111302,53346943,3681,-5235,73,6459,293325550,2115,293325580,2115,158,44,0,13,2482,20,-55,2479
13436632,5488,509111319,53346907,3680,-5235,74,6459,293325550,2115,293325590,2115,158,43,-47,106,2446,-27,37,2447
13446625,5488,509111335,53346870,3681,-5235,74,6459,293325550,2115,293325600,2115,159,42,-29,1,2513,-9,-69,2510
13456887,5487,509111352,53346833,3681,-5234,74,6459,293325550,2115,293325610,2115,160,42,-33,-19,2505,-13,-90,2502
13466791,5487,509111368,53346794,3682,-5234,73,6459,293325600,2115,293325620,2115,161,41,9,21,2554,29,-51,2552
13476693,5487,509111385,53346757,3682,-5234,73,6459,293325600,2115,293325630,2115,161,40,4,17,2550,24,-55,2548
13486662,5487,509111401,53346721,3682,-5234,73,6459,293325600,2115,293325640,2115,162,40,-11,74,2484,8,4,2483
13496625,5487,509111418,53346684,3683,-5234,73,6459,293325600,2115,293325650,2115,162,39,-36,9,2461,-17,-62,2459
13506893,5487,509111435,53346647,3683,-5233,74,6459,293325600,2115,293325660,2115,162,39,-57,20,2478,-38,-51,2476
13517684,5488,509111451,53346608,3683,-5233,73,6459,293325650,2115,293325670,2115,162,39,-40,72,2521,-21,0,2520
13526713,5488,509111468,53346571,3683,-5233,73,6459,293325650,2115,293325680,2115,162,39,9,89,2611,28,15,2611
13536634,5488,509111484,53346535,3683,-5233,72,6459,293325650,2115,293325690,2115,162,39,16,12,2532,35,-60,2529
13546629,5488,509111501,53346498,3683,-5233,72,6460,293325650,2115,293325700,2115,161,38,-1,51,2571,18,-22,2569
13556888,5488,509111517,53346461,3683,-5233,72,6460,293325650,2115,293325710,2115,161,38,-22,78,2516,-4,6,2515
13566791,5488,509111534,53346422,3683,-5233,71,6460,293325700,2115,293325720,2115,161,38,-13,117,2573,5,44,2574
13576713,5488,509111550,53346385,3683,-5233,71,6460,293325700,2115,293325730,2115,161,38,-70,81,2486,-52,11,2486
13586638,5489,509111567,53346349,3682,-5233,72,6460,293325700,2115,293325740,2115,161,38,-43,148,2455,-26,78,2457
13596619,5489,509111583,53346312,3683,-5233,72,6460,293325700,2115,293325750,2115,160,38,9,24,2464,27,-46,2462
13606872,5489,509111600,53346275,3683,-5233,72,6460,293325700,2115,293325760,2115,160,38,38,11,2544,56,-60,2541
13616759,5489,509111617,53346236,3683,-5234,71,6460,293325750,2115,293325770,2115,159,38,19,184,2589,37,111,2591
13626687,5489,509111633,53346199,3682,-5234,70,6460,293325750,2115,293325780,2115,158,37,-30,95,2556,-11,24,2556
13636626,5490,509111650,53346162,3682,-5234,70,6460,293325750,2115,293325790,2115,157,38,-51,115,2582,-33,43,2582
13646632,5490,509111666,53346126,3682,-5234,70,6460,293325750,2115,293325800,2115,157,38,-75,56,2534,-57,-14,2533
13656884,5490,509111683,53346089,3682,-5234,69,6460,293325750,2115,293325810,2115,156,38,-23,113,2583,-5,42,2584
13666807,5491,509111699,53346050,3681,-5234,69,6460,293325800,2115,293325820,2115,155,38,-4,92,2453,14,25,2453
13676723,5491,509111716,53346013,3681,-5235,69,6460,293325800,2115,293325830,2115,155,38,19,122,2519,37,54,2520
13686641,5491,509111732,53345976,3681,-5235,69,6460,293325800,2115,293325840,2115,154,38,7,78,2487,25,11,2486
13696632,5492,509111749,53345940,3681,-5235,69,6460,293325800,2115,293325850,2115,153,38,-31,146,2575,-13,76,2576
13706897,5492,509111765,53345903,3680,-5235,68,6460,293325800,2115,293325860,2115,152,38,-42,131,2536,-24,63,2537
13716770,5492,509111782,53345864,3680,-5236,68,6460,293325850,2115,293325870,2115,152,38,-25,140,2555,-7,72,2556
13726697,5493,509111799,53345827,3679,-5236,68,6460,293325850,2115,293325880,2115,152,38,-26,122,2511,-8,55,2511
13737414,5493,509111815,53345790,3679,-5236,67,6460,293325850,2115,293325890,2115,152,38,21,88,2553,39,20,2552
13746634,5493,509111832,53345753,3679,-5236,67,6460,293325850,2115,293325900,2115,152,38,-7,121,2528,12,53,2528
13756917,5494,509111848,53345717,3679,-5237,67,6460,293325850,2115,293325910,2115,152,39,-16,114,2478,2,48,2478
13766784,5494,509111865,53345677,3678,-5237,67,6460,293325900,2115,293325920,2115,152,39,-70,155,2488,-52,88,2490
13776739,5495,509111881,53345641,3678,-5237,67,6460,293325900,2115,293325930,2115,153,39,-24,103,2545,-5,34,2545
13786660,5495,509111898,53345604,3678,-5237,67,6460,293325900,2115,293325940,2115,153,39,-8,84,2519,11,16,2518
13796671,5496,509111914,53345567,3678,-5238,67,6460,293325900,2115,293325950,2115,154,40,17,111,2560,36,42,2560
13808051,5496,509111931,53345531,3677,-5238,67,6460,293325900,2115,293325960,2115,155,40,7,151,2480,25,83,2481
13816786,5497,509111947,53345491,3677,-5238,67,6460,293325950,2115,293325970,2115,156,40,-30,70,2452,-11,2,2452
13826999,5498,509111964,53345455,3677,-5238,67,6460,293325950,2115,293325980,2115,156,41,-56,106,2495,-37,37,2495
13836642,5498,509111980,53345418,3676,-5238,67,6460,293325950,2115,293325990,2115,157,42,-81,76,2527,-61,6,2527
13846665,5499,509111997,53345381,3675,-5238,67,6460,293325950,2115,293326000,2115,158,42,-23,215,2493,-3,146,2496
13857004,5500,509112013,53345344,3675,-5239,67,6460,293325950,2115,293326010,2115,159,43,-6,117,2512,14,47,2512
13866806,5500,509112030,53345305,3675,-5239,67,6460,293326000,2115,293326020,2115,160,44,63,63,2520,84,-8,2518
13876711,5501,509112046,53345268,3675,-5239,67,6460,293326000,2115,293326030,2115,161,44,-13,136,2433,7,67,2434
13887216,5502,509112063,53345232,3674,-5240,67,6460,293326000,2115,293326040,2115,162,44,-31,158,2465,-10,87,2466
13896634,5503,509112079,53345195,3674,-5240,68,6460,293326000,2115,293326050,2115,163,45,-74,154,2400,-54,85,2402
13907206,5503,509112096,53345158,3673,-5240,69,6460,293326000,2115,293326060,2115,164,45,-53,122,2447,-33,51,2448
13917460,5504,509112112,53345119,3673,-5240,69,6460,293326050,2115,293326070,2115,165,45,27,121,2447,47,50,2448
13926702,5505,509112129,53345082,3673,-5241,70,6460,293326050,2115,293326080,2115,166,45,31,161,2451,51,90,2452
13936623,5505,509112145,53345045,3672,-5242,70,6460,293326050,2115,293326090,2115,168,45,20,185,2466,41,112,2469
13946634,5506,509112162,53345009,3672,-5242,70,6460,293326050,2115,293326100,2115,169,45,7,65,2491,28,-9,2489
13956882,5507,509112178,53344972,3671,-5242,70,6460,293326050,2115,293326110,2115,170,45,-63,202,2506,-42,127,2509
13966782,5507,509112195,53344933,3670,-5242,70,6460,293326100,2115,293326120,2115,170,45,-75,159,2523,-55,83,2525
13977389,5508,509112211,53344896,3670,-5242,69,6460,293326100,2115,293326130,2115,171,44,-47,154,2532,-27,77,2534
13986649,5509,509112228,53344859,3670,-5243,69,6460,293326100,2115,293326140,2115,172,44,27,104,2544,47,27,2543
13996625,5509,509112244,53344822,3670,-5243,69,6460,293326100,2115,293326150,2115,173,43,39,127,2522,60,51,2523
14006895,5510,509112261,53344785,3669,-5244,69,6460,293326100,2115,293326160,2115,175,43,-9,215,2496,11,138,2500
14016773,5511,509112277,53344746,3668,-5244,69,6460,293326150,2115,293326170,2115,176,42,-58,178,2493,-38,101,2495
14026745,5512,509112294,53344709,3668,-5244,69,6460,293326150,2115,293326180,2115,177,42,-65,71,2522,-45,-8,2522
14036636,5512,509112310,53344673,3667,-5244,69,6460,293326150,2115,293326190,2115,178,41,-34,176,2515,-15,97,2517
14046633,5513,509112327,53344636,3667,-5245,68,6460,293326150,2115,293326200,2115,179,41,8,159,2568,27,78,2570
14058019,5514,509112343,53344599,3667,-5246,67,6460,293326150,2115,293326210,2115,180,40,53,181,2604,73,99,2606
14066831,5515,509112360,53344560,3666,-5246,67,6460,293326200,2115,293326220,2115,181,39,-17,146,2545,1,65,2547
14076689,5516,509112376,53344523,3666,-5247,66,6460,293326200,2115,293326230,2115,183,38,-43,174,2590,-25,91,2592
14086643,5516,509112393,53344486,3664,-5247,66,6460,293326200,2115,293326240,2115,184,38,-68,260,2534,-51,177,2540
14097084,5517,509112409,53344449,3664,-5247,65,6460,293326200,2115,293326250,2115,186,37,-59,109,2566,-41,25,2566
14106893,5518,509112426,53344412,3663,-5247,65,6460,293326200,2115,293326260,2115,187,37,-16,171,2571,2,86,2573
14116773,5519,509112442,53344373,3663,-5248,64,6460,293326250,2115,293326270,2115,188,36,19,222,2541,36,138,2545
14127219,5520,509112459,53344336,3662,-5249,64,6460,293326250,2115,293326280,2115,189,35,15,165,2540,32,80,2542
14136627,5521,509112475,53344299,3661,-5249,64,6460,293326250,2115,293326290,2115,191,35,-24,218,2524,-8,133,2529
14146620,5522,509112491,53344263,3661,-5249,64,6460,293326250,2115,293326300,2115,192,35,-41,161,2521,-25,75,2523
14157422,5523,509112508,53344226,3660,-5249,63,6460,293326250,2115,293326310,2115,193,34,-66,134,2555,-49,47,2557
14166766,5525,509112524,53344187,3659,-5250,63,6460,293326300,2115,293326320,2115,194,34,-44,260,2586,-28,171,2592
14176651,5526,509112541,53344150,3658,-5251,62,6460,293326300,2115,293326330,2115,195,34,-9,221,2595,7,132,2599
14186709,5527,509112557,53344113,3658,-5251,62,6460,293326300,2115,293326340,2115,196,35,11,188,2519,27,101,2522
14196668,5528,509112574,53344076,3657,-5252,62,6460,293326300,2115,293326350,2115,197,35,-10,197,2482,6,111,2486
14206922,5529,509112590,53344039,3656,-5252,62,6460,293326300,2115,293326360,2115,197,36,-49,180,2470,-33,94,2473
14216980,5530,509112607,53344000,3655,-5252,62,6460,293326350,2115,293326370,2115,197,36,-75,279,2435,-59,194,2442
14226644,5531,509112623,53343963,3654,-5252,62,6460,293326350,2115,293326380,2115,198,37,-62,202,2482,-45,115,2486
14236621,5532,509112639,53343926,3653,-5253,63,6460,293326350,2115,293326390,2115,197,39,-25,236,2424,-8,152,2429
14246986,5534,509112656,53343889,3652,-5254,63,6460,293326350,2115,293326400,2115,197,40,15,224,2469,33,139,2473
14258079,5535,509112672,53343852,3651,-5255,64,6460,293326350,2115,293326410,2115,197,41,15,200,2420,33,116,2423
14266806,5536,509112689,53343813,3650,-5256,65,6460,293326400,2115,293326420,2115,197,43,-8,279,2407,11,196,2414
14277123,5537,509112705,53343776,3649,-5256,66,6460,293326400,2115,293326430,2115,196,45,-34,221,2306,-15,141,2311
14286639,5538,509112721,53343739,3648,-5256,67,6460,293326400,2115,293326440,2115,195,46,-70,200,2327,-51,120,2331
14296638,5539,509112738,53343703,3647,-5257,69,6460,293326400,2115,293326450,2115,194,48,-47,271,2333,-26,192,2339
14307261,5541,509112754,53343666,3645,-5258,70,6460,293326400,2115,293326460,2115,192,50,-14,309,2324,6,231,2331
14316792,5542,509112771,53343626,3645,-5259,71,6460,293326450,2115,293326470,2115,190,52,33,197,2337,55,119,2340
14326654,5543,509112787,53343589,3644,-5260,73,6460,293326450,2115,293326480,2115,189,54,19,210,2318,42,133,2322
14337458,5544,509112803,53343552,3643,-5261,74,6460,293326450,2115,293326490,2115,187,55,-26,274,2322,-3,198,2328
14346732,5545,509112820,53343516,3641,-5261,76,6460,293326450,2115,293326500,2115,184,56,-42,280,2252,-19,207,2258
14356928,5547,509112836,53343479,3640,-5262,78,6460,293326450,2115,293326510,2115,182,58,-69,271,2271,-45,198,2277
14367481,5548,509112852,53343439,3639,-5263,79,6460,293326500,2115,293326520,2115,180,59,-5,224,2267,19,152,2271
14376626,5549,509112869,53343402,3638,-5264,81,6460,293326500,2115,293326530,2115,177,60,3,263,2283,28,192,2288
14386674,5550,509112885,53343365,3637,-5265,83,6460,293326500,2115,293326540,2115,174,60,31,252,2245,56,183,2249
14396994,5551,509112901,53343328,3636,-5266,85,6460,293326500,2115,293326550,2115,171,61,7,246,2290,32,177,2294
14406873,5552,509112918,53343292,3634,-5267,86,6460,293326500,2115,293326560,2115,168,61,3,296,2343,29,227,2348
14416791,5553,509112934,53343252,3633,-5268,87,6460,293326550,2115,293326570,2115,165,61,-27,287,2319,-2,220,2325
14426650,5554,509112950,53343215,3631,-5269,88,6460,293326550,2115,293326580,2115,162,61,-61,316,2369,-35,248,2376
14436639,5555,509112967,53343178,3630,-5270,89,6460,293326550,2115,293326590,2115,160,60,-26,260,2442,1,191,2447
14446628,5557,509112983,53343141,3629,-5271,89,6460,293326550,2115,293326600,2115,157,59,-24,234,2387,2,168,2391
14457149,5557,509112999,53343104,3628,-5272,90,6460,293326550,2115,293326610,2115,155,59,21,310,2410,46,244,2416
14466785,5558,509113016,53343065,3627,-5273,90,6460,293326600,2115,293326620,2115,152,58,25,225,2487,51,158,2490
14476645,5559,509113032,53343028,3625,-5275,90,6460,293326600,2115,293326630,2115,150,56,-9,307,2513,17,240,2519
14486669,5560,509113048,53342991,3624,-5275,90,6460,293326600,2115,293326640,2115,148,55,-88,279,2461,-64,214,2466
14496648,5561,509113065,53342954,3623,-5275,90,6460,293326600,2115,293326650,2115,146,53,-68,196,2569,-43,129,2572
14508030,5562,509113081,53342917,3622,-5276,90,6460,293326600,2115,293326660,2115,145,52,-22,185,2530,2,120,2532
14517040,5563,509113097,53342877,3620,-5277,89,6460,293326650,2115,293326670,2115,144,50,11,292,2517,34,228,2522
14526692,5564,509113113,53342840,3620,-5278,89,6460,293326650,2115,293326680,2115,143,48,37,247,2581,59,182,2584
14536646,5565,509113130,53342803,3619,-5279,88,6460,293326650,2115,293326690,2115,142,46,-18,132,2639,4,65,2640
14547305,5566,509113146,53342766,3618,-5279,86,6460,293326650,2115,293326700,2115,142,44,-41,255,2691,-20,188,2695
14556933,5567,509113162,53342729,3616,-5280,85,6460,293326650,2115,293326710,2115,141,42,-76,274,2625,-56,208,2629
14566776,5568,509113178,53342690,3615,-5280,83,6461,293326700,2115,293326720,2115,141,40,-32,199,2721,-12,132,2723
14577592,5569,509113195,53342653,3615,-5281,82,6461,293326700,2115,293326730,2115,141,37,-25,116,2665,-6,50,2665
14586634,5570,509113211,53342616,3614,-5282,80,6461,293326700,2115,293326740,2115,141,36,11,262,2722,29,195,2725
14596631,5571,509113227,53342578,3613,-5282,79,6461,293326700,2115,293326750,2115,142,34,17,175,2723,34,107,2725
14607683,5572,509113243,53342541,3612,-5283,77,6461,293326700,2115,293326760,2115,143,32,-53,228,2757,-37,158,2760
14616778,5573,509113260,53342502,3611,-5283,75,6461,293326750,2115,293326770,2115,144,30,-78,247,2749,-63,177,2753
14626655,5574,509113276,53342465,3609,-5284,72,6461,293326750,2115,293326780,2115,145,29,-46,229,2778,-31,157,2781
14636645,5575,509113292,53342428,3609,-5284,70,6461,293326750,2115,293326790,2115,147,27,-21,160,2755,-7,89,2757
14646628,5576,509113308,53342391,3608,-5285,69,6461,293326750,2115,293326800,2115,149,26,9,139,2722,23,68,2722
14658027,5577,509113324,53342354,3608,-5285,67,6461,293326750,2115,293326810,2115,151,25,-3,220,2727,10,147,2729
14666799,5578,509113341,53342314,3607,-5286,65,6461,293326800,2115,293326820,2115,152,25,-40,162,2705,-27,89,2706
14676622,5580,509113357,53342277,3606,-5286,63,6461,293326800,2115,293326830,2115,154,25,-53,162,2758,-40,88,2759
14686629,5581,509113373,53342240,3605,-5286,61,6461,293326800,2115,293326840,2115,155,25,-71,197,2719,-59,122,2722
14696639,5582,509113389,53342203,3604,-5286,60,6461,293326800,2115,293326850,2115,157,25,-38,199,2701,-26,124,2704
14706928,5584,509113405,53342166,3603,-5287,59,6461,293326800,2115,293326860,2115,159,26,-13,221,2663,0,147,2666
14716777,5585,509113422,53342126,3603,-5287,58,6461,293326850,2115,293326870,2115,161,27,10,184,2627,23,110,2629
14726655,5586,509113438,53342089,3602,-5288,57,6461,293326850,2115,293326880,2115,163,28,-3,150,2567,11,77,2569
14736655,5588,509113454,53342052,3601,-5288,56,6461,293326850,2115,293326890,2115,164,29,-63,280,2567,-49,206,2573
14746636,5589,509113470,53342015,3599,-5288,56,6461,293326850,2115,293326900,2115,165,31,-85,202,2546,-71,127,2549
14756883,5591,509113486,53341978,3599,-5289,56,6461,293326850,2115,293326910,2115,166,33,-23,203,2567,-7,128,2570
14766784,5592,509113503,53341938,3598,-5290,55,6461,293326900,2115,293326920,2115,166,35,5,213,2531,21,139,2534
14776633,5593,509113519,53341901,3597,-5291,55,6461,293326900,2115,293326930,2115,166,38,35,279,2514,52,206,2519
14786657,5595,509113535,53341864,3596,-5292,56,6461,293326900,2115,293326940,2115,167,40,-1,223,2404,17,153,2407
14796622,5596,509113551,53341827,3595,-5292,57,6461,293326900,2115,293326950,2115,167,42,-25,201,2414,-6,130,2417
14807023,5598,509113567,53341790,3594,-5292,58,6461,293326900,2115,293326960,2115,166,45,-80,180,2322,-61,112,2325
14816808,5599,509113584,53341750,3592,-5293,59,6461,293326950,2115,293326970,2115,165,47,-66,350,2336,-46,281,2344
14826652,5600,509113600,53341713,3591,-5294,60,6461,293326950,2115,293326980,2115,164,50,8,275,2334,29,207,2339
14836630,5602,509113616,53341676,3590,-5295,62,6461,293326950,2115,293326990,2115,163,52,43,191,2322,65,124,2324
14846633,5603,509113632,53341639,3589,-5297,63,6461,293326950,2115,293327000,2115,162,54,44,288,2312,67,222,2317
14856897,5604,509113648,53341602,3588,-5298,65,6461,293326950,2115,293327010,2115,160,56,2,249,2299,26,184,2303
14866779,5606,509113664,53341562,3587,-5298,66,6461,293327000,2115,293327020,2115,159,58,-40,246,2314,-16,181,2319
14876741,5607,509113680,53341525,3585,-5299,68,6461,293327000,2115,293327030,2115,157,60,-76,258,2264,-51,195,2269
14886633,5608,509113696,53341488,3584,-5300,70,6461,293327000,2115,293327040,2115,155,62,-19,307,2267,6,245,2273
14896632,5609,509113713,53341451,3582,-5301,72,6461,293327000,2115,293327050,2115,153,63,-14,255,2246,12,194,2251
14907503,5611,509113729,53341413,3581,-5302,73,6461,293327000,2115,293327060,2115,151,65,34,253,2313,61,191,2316
14916824,5612,509113745,53341374,3580,-5303,75,6461,293327050,2115,293327070,2115,149,65,49,227,2242,76,168,2245
14926685,5613,509113761,53341337,3579,-5304,77,6461,293327050,2115,293327080,2115,148,66,-16,266,2275,11,207,2280
14936657,5614,509113777,53341299,3578,-5305,79,6461,293327050,2115,293327090,2115,146,66,-55,250,2282,-28,191,2286
14946666,5615,509113793,53341262,3576,-5306,80,6461,293327050,2115,293327100,2115,145,66,-32,283,2331,-5,224,2336
14956982,5616,509113809,53341225,3575,-5307,81,6461,293327050,2115,293327110,2115,143,65,-25,241,2318,2,183,2322
14966808,5617,509113825,53341185,3574,-5308,82,6461,293327100,2115,293327120,2115,142,65,25,253,2360,53,194,2364
14976640,5618,509113841,53341148,3573,-5309,84,6461,293327100,2115,293327130,2115,141,64,33,268,2322,59,211,2325
14986670,5619,509113857,53341111,3572,-5310,84,6461,293327100,2115,293327140,2115,140,63,22,213,2434,50,153,2436
14996627,5620,509113873,53341073,3571,-5311,85,6461,293327100,2115,293327150,2115,139,61,-37,203,2406,-10,144,2408
15007265,5621,509113889,53341036,3570,-5312,85,6461,293327100,2115,293327160,2115,139,59,-54,285,2454,-28,225,2459
15016790,5622,509113905,53340996,3568,-5313,86,6461,293327150,2115,293327170,2115,139,57,-70,260,2456,-45,200,2461
15026668,5623,509113921,53340959,3567,-5313,86,6461,293327150,2115,293327180,2115,138,55,-7,199,2494,18,138,2496
15036637,5624,509113938,53340922,3566,-5314,86,6461,293327150,2115,293327190,2115,139,53,17,218,2526,42,156,2528
15046649,5625,509113954,53340885,3566,-5315,85,6461,293327150,2115,293327200,2115,139,51,28,195,2541,52,132,2543
15056984,5626,509113970,53340847,3564,-5316,85,6461,293327150,2115,293327210,2115,140,48,-28,275,2551,-6,212,2555
15066812,5627,509113986,53340808,3563,-5316,84,6461,293327200,2115,293327220,2115,141,46,-55,195,2558,-33,132,2561
15076714,5628,509114002,53340770,3562,-5317,84,6461,293327200,2115,293327230,2115,141,44,-75,267,2582,-54,202,2587
15086662,5628,509114018,53340733,3561,-5317,83,6461,293327200,2115,293327240,2115,142,41,-49,188,2622,-29,122,2624
15096638,5629,509114034,53340696,3560,-5318,81,6461,293327200,2115,293327250,2115,143,39,9,182,2654,28,115,2656
15106906,5630,509114050,53340658,3559,-5319,80,6461,293327200,2115,293327260,2115,144,36,31,220,2663,49,152,2665
15116771,5631,509114066,53340619,3559,-5319,79,6461,293327250,2115,293327270,2115,145,34,-11,158,2654,6,90,2655
15126730,5632,509114082,53340581,3558,-5320,77,6461,293327250,2115,293327280,2115,146,32,-45,229,2687,-29,160,2690
15136630,5633,509114098,53340544,3556,-5320,76,6461,293327250,2115,293327290,2115,146,30,-93,222,2684,-78,152,2687
15146629,5634,509114114,53340507,3555,-5320,74,6461,293327250,2115,293327300,2115,147,28,-56,184,2757,-42,113,2759
15158017,5635,509114130,53340469,3554,-5321,72,6461,293327250,2115,293327310,2115,148,26,-12,247,2714,1,176,2717
15166771,5636,509114146,53340429,3554,-5322,71,6461,293327300,2115,293327320,2115,149,24,38,149,2713,51,78,2714
15176717,5637,509114161,53340392,3553,-5322,69,6461,293327300,2115,293327330,2115,150,23,-23,184,2677,-11,113,2679
15186668,5637,509114177,53340355,3552,-5323,68,6461,293327300,2115,293327340,2115,150,22,-48,232,2702,-37,160,2705
15196634,5638,509114193,53340317,3551,-5323,65,6461,293327300,2115,293327350,2115,151,21,-67,219,2780,-56,145,2783
15206913,5639,509114209,53340280,3550,-5323,63,6461,293327300,2115,293327360,2115,151,20,-69,159,2763,-58,86,2764
15216780,5640,509114225,53340240,3549,-5323,61,6461,293327350,2115,293327370,2115,151,20,-17,211,2795,-7,136,2798
15226735,5641,509114241,53340203,3548,-5324,59,6461,293327350,2115,293327380,2115,152,19,8,188,2713,19,116,2715
15236617,5642,509114257,53340166,3547,-5324,57,6461,293327350,2115,293327390,2115,152,19,11,202,2724,22,129,2727
15246632,5643,509114273,53340128,3547,-5325,56,6461,293327350,2115,293327400,2115,153,19,-23,169,2690,-13,97,2691
15256932,5643,509114289,53340091,3546,-5325,55,6461,293327350,2115,293327410,2115,153,19,-47,206,2667,-37,134,2670
15266798,5644,509114305,53340051,3545,-5325,53,6461,293327400,2115,293327420,2115,153,20,-80,185,2652,-70,114,2654
15276708,5645,509114321,53340014,3544,-5326,52,6461,293327400,2115,293327430,2115,153,20,-25,186,2673,-15,114,2675
15286656,5646,509114337,53339976,3543,-5326,51,6461,293327400,2115,293327440,2115,153,21,2,232,2663,13,161,2667
15296660,5647,509114353,53339939,3543,-5327,50,6461,293327400,2115,293327450,2115,153,22,38,111,2629,49,41,2629
15306952,5647,509114369,53339902,3542,-5328,49,6461,293327400,2115,293327460,2115,153,22,3,213,2639,14,142,2642
15316797,5648,509114385,53339862,3541,-5328,48,6461,293327450,2115,293327470,2115,153,24,-40,232,2558,-29,163,2561
15327186,5649,509114401,53339824,3540,-5328,48,6461,293327450,2115,293327480,2115,153,25,-64,168,2587,-52,98,2589
15336668,5650,509114417,53339787,3540,-5329,47,6461,293327450,2115,293327490,2115,153,26,-44,140,2605,-31,69,2606
15346638,5650,509114432,53339750,3539,-5329,46,6461,293327450,2115,293327500,2115,152,27,-28,205,2586,-14,136,2588
15356889,5651,509114448,53339712,3538,-5330,46,6461,293327450,2115,293327510,2115,152,29,57,211,2531,70,144,2533
15366786,5652,509114464,53339672,3537,-5331,46,6461,293327500,2115,293327520,2115,151,30,19,206,2430,33,141,2432
15376708,5653,509114480,53339635,3537,-5331,47,6461,293327500,2115,293327530,2115,151,32,-3,127,2473,12,61,2473
15386670,5653,509114496,53339598,3536,-5332,47,6461,293327500,2115,293327540,2115,150,33,-74,196,2452,-59,131,2455
15396622,5654,509114512,53339560,3534,-5332,47,6461,293327500,2115,293327550,2115,149,34,-71,230,2443,-55,165,2447
15406900,5655,509114528,53339523,3533,-5333,48,6461,293327500,2115,293327560,2115,148,36,-3,202,2457,14,138,2460
15416804,5655,509114544,53339483,3533,-5333,48,6461,293327550,2115,293327570,2115,148,37,29,132,2434,46,69,2434
15426720,5656,509114560,53339446,3533,-5334,49,6461,293327550,2115,293327580,2115,147,38,47,173,2421,64,111,2423
15436651,5657,509114575,53339408,3532,-5335,50,6461,293327550,2115,293327590,2115,146,40,-6,200,2384,11,138,2387
15446662,5658,509114591,53339371,3531,-5335,51,6461,293327550,2115,293327600,2115,145,41,-48,206,2308,-31,146,2311
15456929,5658,509114607,53339333,3530,-5335,53,6461,293327550,2115,293327610,2115,144,42,-51,166,2324,-33,106,2326
15466789,5659,509114623,53339293,3529,-5335,54,6461,293327600,2115,293327620,2115,143,43,-74,171,2361,-55,112,2363
15476712,5660,509114639,53339256,3528,-5336,54,6461,293327600,2115,293327630,2115,142,44,15,260,2397,35,201,2400
15486635,5661,509114655,53339218,3527,-5337,55,6461,293327600,2115,293327640,2115,140,45,50,128,2414,70,69,2414
15496633,5661,509114671,53339181,3527,-5338,56,6461,293327600,2115,293327650,2115,139,46,53,188,2389,73,130,2390
15508028,5662,509114686,53339144,3526,-5339,58,6461,293327600,2115,293327660,2115,138,46,-31,203,2282,-11,147,2284
15516780,5663,509114702,53339104,3525,-5339,59,6461,293327650,2115,293327670,2115,137,47,-75,221,2298,-55,165,2301
15526712,5664,509114718,53339066,3524,-5339,61,6461,293327650,2115,293327680,2115,137,47,-77,167,2241,-57,113,2243
15536658,5665,509114734,53339029,3523,-5340,62,6461,293327650,2115,293327690,2115,136,47,-5,164,2342,15,108,2343
15546837,5666,509114750,53338991,3522,-5341,64,6461,293327650,2115,293327700,2115,135,47,42,242,2319,62,187,2322
15556916,5667,509114766,53338954,3522,-5342,65,6461,293327650,2115,293327710,2115,134,47,25,142,2363,45,86,2364
15566810,5668,509114781,53338914,3521,-5343,66,6461,293327700,2115,293327720,2115,134,47,8,210,2343,28,155,2345
15576713,5668,509114797,53338876,3519,-5343,67,6461,293327700,2115,293327730,2115,133,47,-51,241,2334,-31,186,2338
15586642,5669,509114813,53338839,3519,-5343,68,6461,293327700,2115,293327740,2115,133,46,-63,118,2375,-42,62,2375
15596639,5670,509114829,53338801,3518,-5343,69,6462,293327700,2115,293327750,2115,133,46,-65,187,2427,-45,129,2429
15608028,5671,509114845,53338764,3517,-5344,70,6462,293327700,2115,293327760,2115,132,45,-22,221,2391,-2,165,2394
15616780,5672,509114861,53338724,3516,-5345,71,6462,293327750,2115,293327770,2115,132,45,29,153,2388,49,97,2389
15626722,5673,509114876,53338686,3515,-5346,72,6462,293327750,2115,293327780,2115,132,44,18,224,2395,37,168,2398
15637264,5674,509114892,53338649,3515,-5346,72,6462,293327750,2115,293327790,2115,133,44,-10,144,2400,10,88,2401
15646638,5675,509114908,53338611,3514,-5347,73,6462,293327750,2115,293327800,2115,133,43,-50,160,2403,-31,103,2404
15656943,5676,509114924,53338574,3513,-5347,74,6462,293327750,2115,293327810,2115,133,42,-85,161,2390,-66,104,2392
15666790,5677,509114940,53338534,3512,-5347,74,6462,293327800,2115,293327820,2115,134,41,-48,211,2480,-29,153,2483
15676734,5678,509114955,53338496,3511,-5348,74,6462,293327800,2115,293327830,2115,135,41,3,153,2458,21,95,2459
15686637,5679,509114971,53338459,3511,-5349,74,6462,293327800,2115,293327840,2115,136,40,8,187,2504,26,127,2506
15697347,5680,509114987,53338421,3510,-5349,74,6462,293327800,2115,293327850,2115,137,39,9,123,2496,27,63,2497
15706921,5681,509115003,53338384,3509,-5349,74,6462,293327800,2115,293327860,2115,138,38,-31,163,2492,-13,102,2493
15716775,5682,509115018,53338344,3509,-5349,75,6462,293327850,2115,293327870,2115,139,38,-75,161,2456,-58,101,2458
15726646,5683,509115034,53338306,3507,-5350,75,6462,293327850,2115,293327880,2115,140,37,-66,223,2484,-49,162,2487
15736630,5684,509115050,53338269,3506,-5350,75,6462,293327850,2115,293327890,2115,141,36,-36,189,2488,-19,127,2490
15746669,5685,509115066,53338231,3506,-5351,75,6462,293327850,2115,293327900,2115,142,36,26,155,2550,43,91,2551
15757425,5686,509115081,53338194,3505,-5352,75,6462,293327850,2115,293327910,2115,144,36,14,198,2498,30,135,2501
15766798,5687,509115097,53338154,3505,-5352,74,6462,293327900,2115,293327920,2115,145,35,2,132,2530,19,67,2531
15776728,5688,509115113,53338116,3504,-5352,74,6462,293327900,2115,293327930,2115,146,35,-75,211,2537,-59,146,2540
15786660,5689,509115129,53338079,3503,-5352,74,6462,293327900,2115,293327940,2115,147,35,-88,145,2501,-72,79,2503
15796630,5690,509115144,53338041,3502,-5353,73,6462,293327900,2115,293327950,2115,148,35,-59,216,2595,-42,148,2598
15806922,5691,509115160,53338004,3500,-5353,73,6462,293327900,2115,293327960,2115,148,35,-34,246,2541,-18,179,2545
15816776,5692,509115176,53337964,3500,-5354,72,6462,293327950,2115,293327970,2115,149,35,62,179,2580,79,112,2582
15826770,5693,509115192,53337926,3500,-5355,72,6462,293327950,2115,293327980,2115,149,35,21,137,2558,37,70,2559
15836629,5694,509115207,53337889,3499,-5355,71,6462,293327950,2115,293327990,2115,150,35,-27,206,2567,-10,138,2570
15846663,5695,509115223,53337851,3498,-5355,71,6462,293327950,2115,293328000,2115,150,35,-87,174,2536,-71,107,2539
15856886,5696,509115239,53337813,3496,-5355,70,6462,293327950,2115,293328010,2115,149,34,-73,233,2560,-57,165,2563
15866785,5697,509115255,53337773,3495,-5356,70,6462,293328000,2115,293328020,2115,149,34,-13,219,2526,4,153,2529
15876695,5697,509115270,53337736,3495,-5357,69,6462,293328000,2115,293328030,2115,149,34,30,228,2630,47,160,2633
15886642,5698,509115286,53337698,3494,-5358,69,6462,293328000,2115,293328040,2115,148,34,25,169,2550,41,103,2552
15896651,5699,509115302,53337661,3494,-5358,68,6462,293328000,2115,293328050,2115,148,34,7,152,2646,24,83,2647
15907126,5700,509115317,53337623,3492,-5359,67,6462,293328000,2115,293328060,2115,147,34,-68,207,2586,-52,140,2589
15916792,5700,509115333,53337583,3491,-5359,66,6462,293328050,2115,293328070,2115,146,34,-82,233,2605,-65,165,2609
15926717,5701,509115349,53337545,3490,-5359,65,6462,293328050,2115,293328080,2115,144,34,-54,210,2642,-37,143,2644
15936884,5702,509115364,53337508,3489,-5360,64,6462,293328050,2115,293328090,2115,143,34,8,183,2642,25,116,2644
15946634,5702,509115380,53337470,3489,-5361,63,6462,293328050,2115,293328100,2115,141,34,18,185,2599,35,121,2601
15957304,5703,509115396,53337433,3488,-5362,62,6462,293328050,2115,293328110,2115,140,34,7,193,2583,23,130,2585
15966962,5703,509115411,53337392,3487,-5362,62,6462,293328100,2115,293328120,2115,138,34,-51,218,2558,-35,156,2561
15976704,5704,509115427,53337355,3486,-5362,61,6462,293328100,2115,293328130,2115,136,34,-67,137,2597,-50,74,2598
15986676,5705,509115443,53337317,3485,-5363,60,6462,293328100,2115,293328140,2115,134,34,-38,249,2627,-22,187,2631
15996776,5705,509115458,53337280,3484,-5363,59,6462,293328100,2115,293328150,2115,133,34,-5,170,2623,11,109,2624
16006882,5706,509115474,53337242,3483,-5364,58,6462,293328100,2115,293328160,2115,131,33,7,186,2606,23,126,2608
16016780,5706,509115490,53337202,3482,-5365,57,6462,293328150,2115,293328170,2115,129,33,0,190,2606,16,131,2608
16027186,5706,509115505,53337164,3482,-5365,56,6462,293328150,2115,293328180,2115,128,33,-15,152,2635,1,93,2636
16036637,5707,509115521,53337127,3481,-5365,55,6462,293328150,2115,293328190,2115,126,33,-62,165,2625,-46,106,2626
16046652,5707,509115537,53337089,3480,-5365,55,6462,293328150,2115,293328200,2115,124,33,-54,200,2600,-38,143,2602
16058017,5708,509115552,53337051,3479,-5366,54,6462,293328150,2115,293328210,2115,123,33,-27,180,2581,-11,124,2582
16066810,5708,509115568,53337011,3478,-5366,53,6462,293328200,2115,293328220,2115,121,33,-13,162,2614,3,106,2615
16076705,5708,509115584,53336974,3478,-5367,52,6462,293328200,2115,293328230,2115,121,32,19,146,2569,35,91,2569
16087295,5708,509115599,53336936,3478,-5367,52,6462,293328200,2115,293328240,2115,120,32,2,64,2597,18,10,2596
16096637,5709,509115615,53336898,3477,-5367,51,6462,293328200,2115,293328250,2115,119,32,-32,159,2546,-17,106,2547
16106907,5709,509115630,53336861,3476,-5368,51,6462,293328200,2115,293328260,2115,118,32,-65,158,2568,-50,104,2569
16117375,5710,509115646,53336820,3475,-5368,51,6462,293328250,2115,293328270,2115,118,31,-51,128,2558,-36,75,2559
16126721,5710,509115662,53336783,3475,-5368,50,6462,293328250,2115,293328280,2115,117,31,-33,150,2584,-18,96,2585
16136632,5710,509115677,53336745,3474,-5368,49,6462,293328250,2115,293328290,2115,117,32,-10,98,2579,6,45,2578
16146726,5711,509115693,53336707,3474,-5369,48,6462,293328250,2115,293328300,2115,117,32,13,80,2636,29,26,2635
16157500,5711,509115709,53336670,3474,-5369,48,6462,293328250,2115,293328310,2115,117,31,-19,112,2546,-3,60,2546
16166801,5711,509115724,53336630,3474,-5369,48,6462,293328300,2115,293328320,2115,117,32,-56,93,2472,-41,42,2472
16176819,5712,509115740,53336592,3473,-5369,48,6462,293328300,2115,293328330,2115,117,32,-89,146,2459,-74,95,2460
16186882,5712,509115755,53336554,3472,-5369,49,6462,293328300,2115,293328340,2115,117,32,-60,105,2432,-45,55,2433
16196630,5713,509115771,53336517,3472,-5369,49,6462,293328300,2115,293328350,2115,117,33,-16,102,2507,0,50,2507
16206906,5713,509115787,53336479,3472,-5369,49,6462,293328300,2115,293328360,2115,117,33,14,91,2421,30,41,2420
16216789,5714,509115802,53336439,3471,-5370,50,6462,293328350,2115,293328370,2115,118,34,30,105,2478,46,54,2477
16226723,5714,509115818,53336401,3471,-5370,51,6462,293328350,2115,293328380,2115,119,34,-46,107,2378,-30,57,2378
16236627,5714,509115833,53336364,3470,-5370,51,6462,293328350,2115,293328390,2115,119,35,-62,90,2470,-45,38,2470
16246684,5715,509115849,53336326,3470,-5369,51,6462,293328350,2115,293328400,2115,120,35,-90,91,2442,-73,39,2442
16258076,5715,509115865,53336288,3469,-5369,52,6462,293328350,2115,293328410,2115,120,36,-49,94,2423,-33,43,2423
16266815,5716,509115880,53336248,3469,-5369,53,6462,293328400,2115,293328420,2115,121,37,-15,114,2364,1,63,2364
16276728,5716,509115896,53336210,3469,-5370,54,6462,293328400,2115,293328430,2115,122,38,21,95,2394,38,44,2394
16286821,5717,509115911,53336173,3469,-5370,54,6462,293328400,2115,293328440,2115,123,38,4,36,2415,22,-17,2414
16297475,5717,509115927,53336135,3468,-5370,55,6462,293328400,2115,293328450,2115,124,39,-52,147,2421,-34,93,2422
16306949,5718,509115943,53336097,3468,-5370,56,6462,293328400,2115,293328460,2115,125,39,-46,100,2384,-28,48,2384
16316806,5718,509115958,53336057,3468,-5370,57,6462,293328450,2115,293328470,2115,126,39,-51,48,2388,-33,-6,2387
16326786,5719,509115974,53336020,3467,-5370,58,6462,293328450,2115,293328480,2115,127,39,-34,129,2352,-16,76,2353
16336639,5719,509115989,53335982,3467,-5371,59,6462,293328450,2115,293328490,2115,128,40,24,109,2367,42,55,2367
16346643,5720,509116005,53335944,3467,-5371,60,6462,293328450,2115,293328500,2115,129,39,5,90,2398,23,35,2397
16357476,5720,509116020,53335906,3467,-5372,61,6462,293328450,2115,293328510,2115,131,39,7,119,2387,25,64,2387
16366799,5721,509116036,53335866,3466,-5371,61,6462,293328500,2115,293328520,2115,132,39,-66,79,2420,-48,23,2419
16376723,5721,509116052,53335829,3466,-5371,62,6462,293328500,2115,293328530,2115,133,39,-59,69,2450,-41,11,2449
16386936,5722,509116067,53335791,3465,-5371,62,6462,293328500,2115,293328540,2115,134,39,-59,179,2444,-41,121,2446
16396658,5722,509116083,53335753,3465,-5372,63,6462,293328500,2115,293328550,2115,135,38,11,87,2464,29,28,2463
16408014,5723,509116098,53335716,3465,-5372,63,6462,293328500,2115,293328560,2115,136,38,15,123,2475,33,64,2475
16416982,5723,509116114,53335675,3464,-5372,63,6462,293328550,2115,293328570,2115,137,38,-30,75,2444,-12,16,2444
16426719,5723,509116129,53335638,3464,-5372,63,6462,293328550,2115,293328580,2115,137,37,-63,90,2482,-45,30,2482
16436661,5724,509116145,53335600,3463,-5372,63,6462,293328550,2115,293328590,2115,138,37,-86,149,2491,-69,88,2492
16446913,5724,509116161,53335562,3463,-5372,63,6462,293328550,2115,293328600,2115,138,36,-20,105,2492,-3,44,2492
16456889,5725,509116176,53335525,3462,-5372,64,6462,293328550,2115,293328610,2115,139,36,-19,137,2470,-2,76,2470
16466794,5725,509116192,53335484,3462,-5373,64,6462,293328600,2115,293328620,2115,139,35,6,110,2472,23,50,2472
16477339,5726,509116207,53335447,3462,-5373,64,6462,293328600,2115,293328630,2115,140,34,-10,44,2471,6,-16,2469
16486651,5726,509116223,53335409,3461,-5373,65,6462,293328600,2115,293328640,2115,140,34,-54,172,2458,-39,111,2460
16498398,5727,509116238,53335371,3461,-5373,65,6462,293328600,2115,293328650,2115,140,34,-51,119,2503,-35,57,2503
16507465,5727,509116254,53335334,3460,-5373,64,6462,293328600,2115,293328660,2115,139,33,-65,132,2576,-49,69,2577
16516838,5728,509116270,53335293,3459,-5373,63,6462,293328650,2115,293328670,2115,138,33,-30,147,2597,-14,84,2598
16526730,5728,509116285,53335256,3459,-5373,63,6462,293328650,2115,293328680,2115,138,33,-8,104,2528,8,42,2528
16537501,5728,509116301,53335218,3458,-5374,63,6462,293328650,2115,293328690,2115,137,32,-9,196,2523,7,135,2525
16546657,5729,509116316,53335180,3458,-5374,63,6462,293328650,2115,293328700,2115,136,32,-40,125,2481,-24,65,2482
16556903,5729,509116332,53335143,3457,-5374,63,6462,293328650,2115,293328710,2115,135,32,-68,105,2517,-52,45,2517
16567738,5730,509116347,53335102,3457,-5374,62,6462,293328700,2115,293328720,2115,134,33,-53,135,2538,-38,74,2538
16576732,5730,509116363,53335065,3456,-5374,62,6462,293328700,2115,293328730,2115,133,33,-47,197,2594,-32,135,2596
16586636,5730,509116378,53335027,3455,-5375,62,6462,293328700,2115,293328740,2115,132,33,-2,103,2519,14,45,2519
16596645,5731,509116394,53334989,3455,-5375,61,6462,293328700,2115,293328750,2115,131,33,1,178,2559,16,119,2561
16606887,5731,509116409,53334952,3454,-5375,61,6462,293328700,2115,293328760,2115,130,33,-13,90,2527,3,32,2526
16616777,5731,509116425,53334911,3454,-5376,60,6463,293328750,2115,293328770,2115,129,33,-25,129,2580,-9,71,2580
16626716,5732,509116440,53334874,3453,-5376,61,6463,293328750,2115,293328780,2115,127,33,-76,127,2447,-60,71,2448
16636648,5732,509116456,53334836,3452,-5376,60,6463,293328750,2115,293328790,2115,126,34,-39,169,2529,-23,112,2531
16646664,5732,509116471,53334798,3452,-5376,60,6463,293328750,2115,293328800,2115,124,34,-22,146,2506,-6,91,2506
16656883,5733,509116487,53334761,3451,-5377,60,6463,293328750,2115,293328810,2115,123,34,1,134,2605,17,77,2606
16666814,5733,509116502,53334720,3451,-5377,59,6463,293328800,2115,293328820,2115,122,34,11,121,2517,28,67,2517
16676721,5733,509116518,53334683,3451,-5377,59,6463,293328800,2115,293328830,2115,121,35,4,88,2527,21,35,2526
16687259,5734,509116534,53334645,3450,-5378,60,6463,293328800,2115,293328840,2115,120,35,-62,149,2464,-45,97,2465
16696638,5734,509116549,53334607,3449,-5377,60,6463,293328800,2115,293328850,2115,119,35,-75,109,2502,-58,57,2502
16706915,5734,509116565,53334570,3449,-5378,59,6463,293328800,2115,293328860,2115,118,36,-29,158,2570,-12,105,2570
16717509,5735,509116580,53334529,3448,-5378,58,6463,293328850,2115,293328870,2115,117,36,4,111,2568,22,58,2568
16726720,5735,509116595,53334492,3448,-5379,58,6463,293328850,2115,293328880,2115,116,36,41,125,2546,59,73,2545
16736633,5735,509116611,53334454,3448,-5379,58,6463,293328850,2115,293328890,2115,115,37,-1,55,2493,17,4,2492
16746657,5736,509116626,53334416,3447,-5379,58,6463,293328850,2115,293328900,2115,114,37,-58,214,2511,-41,163,2513
16756926,5736,509116642,53334378,3447,-5379,58,6463,293328850,2115,293328910,2115,113,37,-48,57,2495,-30,7,2494
16766799,5736,509116657,53334338,3446,-5379,58,6463,293328900,2115,293328920,2115,112,37,-40,83,2564,-22,33,2564
16776711,5737,509116673,53334300,3446,-5380,58,6463,293328900,2115,293328930,2115,110,36,-23,136,2480,-5,87,2480
16786667,5737,509116688,53334263,3445,-5380,58,6463,293328900,2115,293328940,2115,109,36,7,131,2527,24,82,2527
16796643,5737,509116704,53334225,3445,-5381,57,6463,293328900,2115,293328950,2115,108,36,26,73,2515,43,25,2514
16806967,5738,509116719,53334187,3445,-5381,57,6463,293328900,2115,293328960,2115,107,35,7,87,2558,24,38,2558
16816776,5738,509116735,53334147,3445,-5381,57,6463,293328950,2115,293328970,2115,106,34,-42,89,2498,-26,41,2498
16826727,5738,509116750,53334109,3444,-5381,57,6463,293328950,2115,293328980,2115,105,33,-41,119,2564,-25,72,2564
16836639,5739,509116766,53334071,3444,-5381,56,6463,293328950,2115,293328990,2115,103,32,-54,97,2551,-38,50,2551
16846640,5739,509116781,53334034,3443,-5382,56,6463,293328950,2115,293329000,2115,102,31,-8,160,2567,7,114,2568
16856888,5740,509116797,53333996,3443,-5382,55,6463,293328950,2115,293329010,2115,100,30,2,75,2574,17,30,2573
16866813,5740,509116812,53333956,3443,-5382,54,6463,293329000,2115,293329020,2115,99,30,25,49,2612,40,4,2610
16876719,5741,509116828,53333918,3442,-5383,54,6463,293329000,2115,293329030,2115,97,29,-24,163,2577,-10,118,2577
16886657,5741,509116843,53333880,3442,-5383,53,6463,293329000,2115,293329040,2115,96,28,-49,91,2549,-35,47,2549
16896650,5741,509116859,53333842,3441,-5382,52,6463,293329000,2115,293329050,2115,95,27,-65,110,2629,-51,65,2629
16906927,5742,509116874,53333805,3440,-5383,51,6463,293329000,2115,293329060,2115,93,26,-52,124,2594,-39,81,2594
16916802,5742,509116890,53333764,3440,-5383,50,6463,293329050,2115,293329070,2115,92,26,10,133,2650,23,90,2649
16926708,5742,509116905,53333726,3440,-5383,50,6463,293329050,2115,293329080,2115,91,25,15,78,2576,27,37,2575
16936643,5742,509116921,53333689,3439,-5384,49,6463,293329050,2115,293329090,2115,90,24,15,111,2594,27,70,2593
16947152,5743,509116936,53333651,3439,-5384,49,6463,293329050,2115,293329100,2115,89,23,-56,42,2537,-43,2,2536
16956893,5743,509116951,53333613,3438,-5384,48,6463,293329050,2115,293329110,2115,89,23,-74,145,2554,-62,104,2555
16966807,5743,509116967,53333573,3438,-5384,48,6463,293329100,2115,293329120,2115,88,23,-41,95,2558,-30,55,2558
16977072,5743,509116982,53333535,3437,-5384,47,6463,293329100,2115,293329130,2115,88,22,-19,91,2583,-7,51,2582
16986648,5743,509116998,53333497,3437,-5384,47,6463,293329100,2115,293329140,2115,88,22,16,71,2564,27,31,2563
16996636,5744,509117013,53333460,3437,-5384,46,6463,293329100,2115,293329150,2115,88,21,13,36,2600,25,-4,2598
17006907,5744,509117029,53333422,3437,-5384,45,6463,293329100,2115,293329160,2115,88,21,-37,112,2587,-26,72,2587
17016808,5744,509117044,53333382,3436,-5384,44,6463,293329150,2115,293329170,2115,88,20,-51,49,2601,-40,8,2599
17026749,5744,509117060,53333344,3436,-5384,44,6463,293329150,2115,293329180,2115,89,20,-48,43,2569,-37,2,2568
17036663,5744,509117075,53333306,3436,-5384,44,6463,293329150,2115,293329190,2115,90,20,-38,75,2508,-28,35,2507
17046656,5744,509117090,53333268,3436,-5384,44,6463,293329150,2115,293329200,2115,91,19,-24,28,2500,-14,-13,2498
17058019,5745,509117106,53333230,3436,-5384,44,6463,293329150,2115,293329210,2115,92,19,23,54,2531,33,13,2529
17066813,5745,509117121,53333190,3436,-5384,43,6463,293329200,2115,293329220,2115,94,19,-6,60,2557,4,17,2556
17076746,5745,509117137,53333152,3436,-5384,43,6463,293329200,2115,293329230,2115,96,18,-30,-24,2568,-19,-68,2566
17086967,5745,509117152,53333115,3436,-5384,42,6463,293329200,2115,293329240,2115,97,18,-52,80,2598,-42,35,2597
17096641,5745,509117168,53333077,3436,-5383,41,6463,293329200,2115,293329250,2115,99,18,-46,33,2565,-36,-12,2563
17106901,5746,509117183,53333039,3436,-5383,41,6463,293329200,2115,293329260,2115,101,18,-36,60,2584,-26,14,2583
17116816,5746,509117199,53332999,3435,-5383,41,6463,293329250,2115,293329270,2115,103,17,-12,60,2485,-3,15,2484
17126729,5746,509117214,53332961,3436,-5383,41,6463,293329250,2115,293329280,2115,105,17,15,15,2513,24,-32,2511
17137007,5747,509117229,53332923,3436,-5383,41,6463,293329250,2115,293329290,2115,107,17,-46,4,2474,-37,-43,2472
17146655,5747,509117245,53332886,3435,-5383,41,6463,293329250,2115,293329300,2115,109,17,-38,82,2518,-28,33,2517
17156993,5747,509117260,53332848,3435,-5383,41,6463,293329250,2115,293329310,2115,111,17,-40,54,2531,-31,4,2530
17166785,5748,509117276,53332807,3436,-5383,40,6463,293329300,2115,293329320,2115,113,17,-17,11,2590,-7,-40,2588
17176719,5748,509117291,53332770,3436,-5382,40,6463,293329300,2115,293329330,2115,116,17,-15,31,2514,-6,-20,2512
17186665,5748,509117307,53332732,3435,-5383,40,6463,293329300,2115,293329340,2115,117,18,-9,106,2500,0,54,2500
17196686,5749,509117322,53332694,3436,-5383,40,6463,293329300,2115,293329350,2115,119,18,8,33,2493,18,-19,2491
17207536,5749,509117338,53332656,3436,-5382,40,6463,293329300,2115,293329360,2115,121,18,-32,-30,2496,-22,-83,2493
17216792,5749,509117353,53332616,3436,-5382,40,6463,293329350,2115,293329370,2115,123,18,-65,115,2453,-56,62,2453
17226711,5749,509117368,53332578,3435,-5381,40,6463,293329350,2115,293329380,2115,124,18,-46,50,2499,-37,-5,2497
17236648,5750,509117384,53332541,3435,-5381,41,6463,293329350,2115,293329390,2115,126,19,-27,73,2470,-17,18,2470
17247277,5750,509117399,53332503,3435,-5382,41,6463,293329350,2115,293329400,2115,127,19,31,44,2452,41,-11,2450
17256975,5750,509117415,53332465,3436,-5382,41,6463,293329350,2115,293329410,2115,128,20,6,20,2518,16,-37,2516
17266810,5750,509117430,53332425,3435,-5382,41,6463,293329400,2115,293329420,2115,130,20,-28,71,2457,-17,14,2456
17276723,5750,509117446,53332387,3435,-5381,42,6463,293329400,2115,293329430,2115,130,20,-79,64,2483,-69,6,2483
17286689,5750,509117461,53332349,3435,-5381,42,6463,293329400,2115,293329440,2115,131,21,-62,87,2477,-51,30,2477
17296631,5751,509117477,53332312,3434,-5381,42,6463,293329400,2115,293329450,2115,132,21,-28,103,2487,-17,46,2486
17306893,5751,509117492,53332274,3435,-5381,42,6463,293329400,2115,293329460,2115,132,21,19,35,2456,30,-21,2454
17316801,5751,509117507,53332234,3434,-5382,42,6463,293329450,2115,293329470,2115,132,22,29,110,2474,40,52,2474
17326708,5751,509117523,53332196,3434,-5382,43,6463,293329450,2115,293329480,2115,132,22,-10,90,2463,1,33,2462
17336632,5751,509117538,53332158,3434,-5382,43,6463,293329450,2115,293329490,2115,132,22,-25,66,2468,-14,8,2467
17347382,5751,509117554,53332120,3434,-5381,43,6463,293329450,2115,293329500,2115,132,22,-83,90,2433,-72,33,2433
17357526,5751,509117569,53332083,3433,-5382,43,6463,293329450,2115,293329510,2115,131,22,-18,136,2508,-7,78,2509
17366796,5751,509117585,53332042,3433,-5382,44,6463,293329500,2115,293329520,2115,131,21,-31,116,2464,-21,60,2464
17376720,5751,509117600,53332005,3432,-5382,44,6463,293329500,2115,293329530,2115,130,21,14,113,2530,25,56,2530
17386669,5751,509117616,53331967,3432,-5382,43,6463,293329500,2115,293329540,2115,129,21,22,74,2508,33,17,2507
17396639,5751,509117631,53331929,3432,-5382,43,6463,293329500,2115,293329550,2115,128,20,-40,104,2543,-30,47,2543
17407041,5751,509117646,53331891,3431,-5383,43,6463,293329500,2115,293329560,2115,127,20,-43,136,2478,-33,81,2478
17416792,5751,509117662,53331851,3431,-5383,43,6463,293329550,2115,293329570,2115,125,19,-52,106,2564,-42,49,2564
17426736,5751,509117677,53331813,3430,-5383,43,6463,293329550,2115,293329580,2115,124,19,-31,101,2549,-21,45,2549
17436641,5751,509117693,53331776,3430,-5383,42,6463,293329550,2115,293329590,2115,122,18,-6,64,2556,3,9,2555
17446664,5751,509117708,53331738,3430,-5383,42,6463,293329550,2115,293329600,2115,121,17,23,135,2575,32,80,2575
17458019,5750,509117723,53331700,3430,-5384,41,6463,293329550,2115,293329610,2115,119,16,-3,98,2535,5,44,2534
17466817,5750,509117739,53331660,3430,-5384,41,6463,293329600,2115,293329620,2115,118,16,-20,50,2599,-12,-4,2598
17477700,5750,509117754,53331622,3429,-5384,40,6463,293329600,2115,293329630,2115,116,14,-55,84,2568,-47,31,2567
17486719,5750,509117770,53331584,3429,-5384,39,6463,293329600,2115,293329640,2115,115,13,-37,103,2631,-29,50,2631
17496632,5750,509117785,53331546,3428,-5384,38,6463,293329600,2115,293329650,2115,113,12,-28,85,2636,-20,32,2635
17506935,5750,509117801,53331509,3428,-5384,37,6463,293329600,2115,293329660,2115,112,11,-6,114,2658,1,62,2658
17516789,5750,509117816,53331468,3428,-5384,36,6463,293329650,2115,293329670,2115,111,10,27,17,2611,33,-33,2609
17526728,5750,509117831,53331431,3428,-5384,34,6463,293329650,2115,293329680,2115,109,9,-4,87,2650,1,36,2649
17536641,5750,509117847,53331393,3428,-5384,34,6463,293329650,2115,293329690,2115,108,7,-45,66,2614,-40,16,2612
17546659,5750,509117862,53331355,3427,-5384,33,6463,293329650,2115,293329700,2115,107,6,-40,122,2595,-36,73,2595
17556920,5750,509117878,53331317,3427,-5383,32,6463,293329650,2115,293329710,2115,106,5,-71,30,2607,-66,-19,2605
17566820,5750,509117893,53331277,3427,-5383,31,6463,293329700,2115,293329720,2115,106,4,-10,57,2673,-7,7,2671
17576712,5750,509117908,53331239,3427,-5383,30,6463,293329700,2115,293329730,2115,105,3,25,64,2674,28,14,2673
17586643,5750,509117924,53331202,3427,-5384,28,6463,293329700,2115,293329740,2115,105,3,18,73,2716,21,23,2715
17596668,5750,509117939,53331164,3427,-5384,26,6463,293329700,2115,293329750,2115,105,2,-17,31,2735,-14,-19,2733
17607102,5750,509117955,53331126,3427,-5383,25,6463,293329700,2115,293329760,2115,105,1,-79,61,2673,-77,11,2672
17616792,5750,509117970,53331086,3426,-5383,24,6463,293329750,2115,293329770,2115,105,1,-72,79,2645,-70,30,2645
17626739,5750,509117985,53331048,3426,-5382,23,6463,293329750,2115,293329780,2115,105,0,-50,27,2586,-48,-21,2585
17636671,5750,509118001,53331010,3426,-5383,22,6463,293329750,2115,293329790,2115,105,0,17,98,2631,19,49,2631
17646860,5751,509118016,53330972,3426,-5383,21,6464,293329750,2115,293329800,2115,105,0,30,-11,2618,32,-59,2615
17658098,5751,509118032,53330935,3426,-5383,20,6464,293329750,2115,293329810,2115,106,-1,22,91,2660,23,42,2659
17666962,5751,509118047,53330894,3426,-5382,19,6464,293329800,2115,293329820,2115,107,-1,-41,-13,2575,-39,-61,2572
17676770,5751,509118062,53330857,3426,-5382,18,6464,293329800,2115,293329830,2115,107,-1,-50,65,2629,-49,15,2627
17686664,5751,509118078,53330819,3426,-5382,17,6464,293329800,2115,293329840,2115,108,-1,-71,31,2584,-70,-19,2582
17696644,5751,509118093,53330781,3426,-5382,16,6464,293329800,2115,293329850,2115,108,-1,7,23,2655,8,-28,2653
17706923,5752,509118108,53330743,3426,-5382,16,6464,293329800,2115,293329860,2115,109,-1,16,54,2595,17,5,2594
17716797,5752,509118124,53330703,3426,-5382,15,6464,293329850,2115,293329870,2115,110,-1,14,56,2598,15,6,2596
17726728,5752,509118139,53330665,3426,-5382,14,6464,293329850,2115,293329880,2115,111,-1,-10,-19,2575,-8,-69,2573
17737015,5752,509118155,53330627,3426,-5381,14,6464,293329850,2115,293329890,2115,111,-1,-67,38,2538,-66,-12,2537
17746626,5752,509118170,53330590,3426,-5381,14,6464,293329850,2115,293329900,2115,112,-1,-65,55,2559,-64,4,2558
17757595,5752,509118185,53330552,3426,-5381,13,6464,293329850,2115,293329910,2115,113,-1,12,82,2569,13,31,2569
17766978,5753,509118201,53330512,3426,-5381,13,6464,293329900,2115,293329920,2115,114,-1,28,43,2478,30,-6,2477
17776706,5753,509118216,53330474,3426,-5381,13,6464,293329900,2115,293329930,2115,114,-1,11,-3,2507,13,-53,2505
17786648,5753,509118232,53330436,3426,-5381,13,6464,293329900,2115,293329940,2115,115,-1,-27,122,2516,-26,71,2516
17796644,5753,509118247,53330398,3426,-5381,13,6464,293329900,2115,293329950,2115,116,-1,-27,33,2503,-25,-18,2501
17807898,5753,509118262,53330361,3426,-5381,13,6464,293329900,2115,293329960,2115,117,0,-33,32,2495,-31,-19,2493
17816795,5754,509118278,53330320,3426,-5380,13,6464,293329950,2115,293329970,2115,117,0,-24,59,2481,-22,7,2480
17826721,5754,509118293,53330283,3425,-5381,13,6464,293329950,2115,293329980,2115,118,0,4,113,2494,5,61,2494
17836859,5754,509118308,53330245,3425,-5380,14,6464,293329950,2115,293329990,2115,118,1,-7,33,2453,-5,-18,2451
17846639,5754,509118324,53330207,3425,-5381,14,6464,293329950,2115,293330000,2115,119,1,27,109,2523,29,56,2523
17856897,5754,509118339,53330169,3425,-5381,14,6464,293329950,2115,293330010,2115,119,1,-16,28,2398,-14,-22,2397
17867089,5754,509118355,53330129,3425,-5381,15,6464,293330000,2115,293330020,2115,120,1,-27,71,2395,-24,21,2394
17876873,5754,509118370,53330091,3425,-5380,16,6464,293330000,2115,293330030,2115,120,2,-55,44,2381,-53,-6,2380
17887300,5755,509118385,53330054,3424,-5380,17,6464,293330000,2115,293330040,2115,120,2,0,91,2419,3,40,2419
17897235,5755,509118401,53330016,3424,-5381,18,6464,293330000,2115,293330050,2115,120,2,15,81,2359,17,31,2358
17906889,5755,509118416,53329978,3425,-5381,19,6464,293330000,2115,293330060,2115,120,2,39,27,2413,42,-23,2412
17916794,5755,509118432,53329938,3424,-5381,19,6464,293330050,2115,293330070,2115,120,2,13,86,2438,15,34,2437
17927248,5755,509118447,53329900,3425,-5381,19,6464,293330050,2115,293330080,2115,119,2,-29,-1,2456,-26,-53,2453
17936650,5755,509118462,53329862,3424,-5381,20,6464,293330050,2115,293330090,2115,119,2,-37,162,2419,-35,111,2420
17946644,5755,509118478,53329825,3423,-5381,21,6464,293330050,2115,293330100,2115,118,2,-42,112,2398,-40,62,2398
17957694,5755,509118493,53329787,3423,-5381,22,6464,293330050,2115,293330110,2115,118,2,3,43,2397,6,-6,2396
17967469,5755,509118508,53329747,3424,-5381,22,6464,293330100,2115,293330120,2115,117,2,27,36,2414,30,-14,2412
17976719,5755,509118524,53329709,3423,-5382,23,6464,293330100,2115,293330130,2115,117,1,12,114,2475,14,63,2475
17987641,5755,509118539,53329671,3423,-5382,23,6464,293330100,2115,293330140,2115,116,1,6,39,2484,8,-12,2483
17996655,5755,509118555,53329633,3423,-5382,23,6464,293330100,2115,293330150,2115,116,0,-41,108,2465,-39,57,2465
18006949,5755,509118570,53329596,3423,-5381,24,6464,293330100,2115,293330160,2115,115,0,-34,63,2423,-32,13,2422
18016782,5755,509118585,53329555,3422,-5381,24,6464,293330150,2115,293330170,2115,114,0,-27,77,2450,-25,27,2450
18026758,5755,509118601,53329518,3422,-5382,24,6464,293330150,2115,293330180,2115,114,-1,17,67,2471,18,17,2470
18036660,5755,509118616,53329480,3422,-5382,25,6464,293330150,2115,293330190,2115,113,-1,19,59,2460,20,10,2459
18047559,5755,509118632,53329442,3422,-5382,25,6464,293330150,2115,293330200,2115,113,-2,3,80,2435,4,32,2434
18056899,5754,509118647,53329404,3422,-5382,26,6464,293330150,2115,293330210,2115,112,-2,3,41,2451,4,-8,2450
18066811,5754,509118662,53329364,3422,-5382,26,6464,293330200,2115,293330220,2115,112,-3,-42,45,2448,-41,-3,2446
18076727,5754,509118678,53329326,3421,-5382,26,6464,293330200,2115,293330230,2115,111,-3,-28,106,2528,-28,56,2528
18086650,5754,509118693,53329289,3421,-5382,26,6464,293330200,2115,293330240,2115,110,-4,-13,49,2517,-12,0,2515
18096643,5754,509118708,53329251,3421,-5382,25,6464,293330200,2115,293330250,2115,110,-4,13,34,2541,13,-15,2539
18107266,5754,509118724,53329213,3421,-5382,25,6464,293330200,2115,293330260,2115,110,-4,24,54,2528,24,6,2527
18116792,5754,509118739,53329173,3421,-5382,25,6464,293330250,2115,293330270,2115,109,-5,-21,28,2502,-21,-20,2500
18126720,5753,509118754,53329135,3421,-5381,26,6464,293330250,2115,293330280,2115,109,-5,-57,65,2462,-58,17,2461
18136698,5753,509118770,53329097,3421,-5381,26,6464,293330250,2115,293330290,2115,109,-5,-55,46,2465,-56,-2,2464
18147629,5753,509118785,53329059,3420,-5381,26,6464,293330250,2115,293330300,2115,108,-5,-11,105,2487,-12,58,2486
18157221,5753,509118801,53329022,3421,-5381,26,6464,293330250,2115,293330310,2115,108,-5,4,17,2484,4,-30,2482
18167308,5753,509118816,53328981,3421,-5381,26,6464,293330300,2115,293330320,2115,109,-5,28,-18,2555,28,-67,2553
18176711,5752,509118831,53328944,3421,-5381,25,6464,293330300,2115,293330330,2115,109,-4,16,45,2554,16,-4,2552
18186644,5752,509118847,53328906,3421,-5381,25,6464,293330300,2115,293330340,2115,109,-4,-19,31,2553,-19,-18,2551
18196807,5752,509118862,53328868,3421,-5380,25,6464,293330300,2115,293330350,2115,109,-4,-79,42,2496,-79,-6,2494
18207751,5752,509118877,53328830,3421,-5380,25,6464,293330300,2115,293330360,2115,110,-3,-58,54,2434,-57,7,2432
18217085,5752,509118893,53328790,3421,-5380,26,6464,293330350,2115,293330370,2115,111,-3,-22,7,2464,-21,-41,2462
18226840,5752,509118908,53328752,3421,-5380,26,6464,293330350,2115,293330380,2115,112,-2,43,48,2458,44,0,2456
18236655,5751,509118923,53328715,3421,-5380,26,6464,293330350,2115,293330390,2115,113,-1,42,12,2462,44,-37,2460
18246652,5751,509118939,53328677,3422,-5380,26,6464,293330350,2115,293330400,2115,115,-1,-1,-28,2518,0,-79,2515
18257290,5751,509118954,53328639,3422,-5379,26,6464,293330350,2115,293330410,2115,117,0,-63,-2,2491,-61,-54,2489
18266801,5751,509118970,53328599,3422,-5378,26,6464,293330400,2115,293330420,2115,119,0,-53,37,2523,-51,-16,2521
18276748,5751,509118985,53328561,3422,-5378,26,6464,293330400,2115,293330430,2115,120,1,-11,9,2486,-9,-43,2484
18287326,5751,509119000,53328524,3422,-5378,27,6464,293330400,2115,293330440,2115,122,2,-3,10,2441,0,-43,2439
18296645,5751,509119016,53328486,3423,-5378,27,6464,293330400,2115,293330450,2115,124,2,7,-31,2460,10,-85,2457
18308030,5750,509119031,53328448,3423,-5377,27,6464,293330400,2115,293330460,2115,126,3,-2,6,2481,2,-49,2478
18317298,5750,509119046,53328408,3423,-5378,27,6464,293330450,2115,293330470,2115,129,4,-9,-15,2505,-6,-72,2502
18326724,5750,509119062,53328370,3424,-5377,28,6464,293330450,2115,293330480,2115,132,5,-23,-6,2445,-19,-63,2442
18336647,5750,509119077,53328332,3424,-5377,27,6464,293330450,2115,293330490,2115,134,5,-34,8,2537,-30,-51,2535
18347248,5750,509119093,53328295,3425,-5376,28,6464,293330450,2115,293330500,2115,136,6,-26,-61,2454,-22,-120,2450
18356948,5750,509119108,53328257,3425,-5376,28,6464,293330450,2115,293330510,2115,138,7,5,62,2535,9,1,2534
18366808,5750,509119123,53328217,3426,-5376,28,6464,293330500,2115,293330520,2115,140,7,18,-54,2443,23,-114,2439
18376808,5750,509119139,53328179,3426,-5376,28,6464,293330500,2115,293330530,2115,143,7,5,37,2498,9,-25,2496
18386850,5750,509119154,53328141,3426,-5375,29,6464,293330500,2115,293330540,2115,145,7,-42,0,2441,-37,-63,2439
18396638,5750,509119170,53328104,3426,-5375,29,6464,293330500,2115,293330550,2115,147,7,-11,55,2488,-6,-9,2487
18406938,5750,509119185,53328066,3427,-5375,29,6464,293330500,2115,293330560,2115,149,7,-7,30,2458,-2,-34,2456
18416793,5750,509119200,53328026,3428,-5375,29,6464,293330550,2115,293330570,2115,151,7,14,-48,2497,19,-114,2493
18426735,5750,509119216,53327988,3428,-5374,29,6464,293330550,2115,293330580,2115,152,6,7,8,2528,12,-60,2526
18436664,5750,509119231,53327950,3428,-5375,29,6464,293330550,2115,293330590,2115,154,6,19,110,2563,23,41,2563
18446995,5750,509119247,53327913,3428,-5374,28,6464,293330550,2115,293330600,2115,155,5,1,12,2609,5,-59,2607
18456936,5750,509119262,53327875,3428,-5374,27,6464,293330550,2115,293330610,2115,157,4,-36,12,2581,-32,-59,2579
18466819,5750,509119277,53327835,3428,-5374,27,6464,293330600,2115,293330620,2115,158,3,-51,71,2561,-47,0,2560
18476716,5750,509119293,53327797,3428,-5374,26,6464,293330600,2115,293330630,2115,158,3,-27,33,2603,-24,-40,2601
18486664,5750,509119308,53327759,3428,-5374,25,6464,293330600,2115,293330640,2115,159,2,-1,72,2577,2,0,2576
18496975,5750,509119324,53327722,3429,-5374,25,6464,293330600,2115,293330650,2115,160,1,41,35,2571,44,-37,2569
18506980,5749,509119339,53327684,3429,-5374,24,6464,293330600,2115,293330660,2115,160,0,27,30,2627,28,-44,2625
18516803,5749,509119354,53327644,3429,-5373,23,6464,293330650,2115,293330670,2115,161,-1,-26,63,2612,-24,-11,2611
18527418,5749,509119370,53327606,3429,-5373,22,6464,293330650,2115,293330680,2115,161,-2,-38,133,2612,-38,59,2613
18536635,5749,509119385,53327568,3429,-5373,21,6464,293330650,2115,293330690,2115,161,-3,-46,58,2568,-46,-15,2567
18546666,5748,509119401,53327531,3428,-5373,20,6464,293330650,2115,293330700,2115,161,-4,-15,75,2647,-16,0,2646
18556925,5748,509119416,53327493,3429,-5373,20,6464,293330650,2115,293330710,2115,161,-5,16,0,2561,15,-72,2558
18566978,5748,509119431,53327453,3429,-5373,19,6464,293330700,2115,293330720,2115,161,-5,10,139,2661,9,64,2662
18576843,5747,509119447,53327415,3429,-5373,18,6464,293330700,2115,293330730,2115,161,-6,-19,31,2636,-19,-43,2634
18586645,5747,509119462,53327377,3429,-5373,16,6464,293330700,2115,293330740,2115,162,-6,-10,45,2695,-12,-31,2694
18596702,5747,509119478,53327340,3429,-5372,15,6464,293330700,2115,293330750,2115,161,-7,-54,88,2617,-55,13,2617
18606922,5746,509119493,53327302,3429,-5372,14,6464,293330700,2115,293330760,2115,161,-7,-7,54,2641,-9,-21,2640
18616815,5746,509119509,53327262,3429,-5372,13,6464,293330750,2115,293330770,2115,161,-8,8,76,2592,6,3,2592
18626749,5746,509119524,53327224,3429,-5372,13,6464,293330750,2115,293330780,2115,160,-8,11,38,2544,9,-33,2542
18636673,5745,509119539,53327186,3429,-5372,13,6464,293330750,2115,293330790,2115,160,-8,-2,28,2562,-4,-44,2560
18646672,5745,509119555,53327149,3429,-5372,12,6464,293330750,2115,293330800,2115,160,-9,-14,59,2552,-16,-12,2551
18656969,5745,509119570,53327111,3429,-5372,12,6464,293330750,2115,293330810,2115,160,-9,-14,75,2591,-16,2,2590
18666804,5744,509119586,53327071,3429,-5371,10,6465,293330800,2115,293330820,2115,159,-10,-12,1,2647,-15,-73,2644
18676748,5744,509119601,53327033,3429,-5371,9,6465,293330800,2115,293330830,2115,158,-10,11,88,2625,8,15,2624
18686664,5744,509119616,53326995,3430,-5371,9,6465,293330800,2115,293330840,2115,158,-11,17,33,2579,14,-38,2577
18696648,5744,509119632,53326958,3429,-5371,8,6465,293330800,2115,293330850,2115,157,-11,-15,97,2601,-18,25,2601
18706899,5743,509119647,53326920,3430,-5371,7,6465,293330800,2115,293330860,2115,156,-11,-22,6,2570,-26,-65,2567
18716816,5743,509119663,53326880,3430,-5370,7,6465,293330850,2115,293330870,2115,155,-12,-38,43,2584,-41,-28,2582
18726717,5743,509119678,53326842,3430,-5370,6,6465,293330850,2115,293330880,2115,154,-12,-8,80,2566,-11,10,2565
18736644,5743,509119694,53326804,3430,-5370,6,6465,293330850,2115,293330890,2115,153,-12,-6,85,2553,-10,16,2553
18746682,5743,509119709,53326767,3430,-5370,5,6465,293330850,2115,293330900,2115,152,-12,14,32,2588,10,-37,2586
18756888,5743,509119724,53326729,3430,-5370,4,6465,293330850,2115,293330910,2115,150,-13,16,57,2642,12,-12,2641
18766794,5742,509119740,53326689,3430,-5370,4,6465,293330900,2115,293330920,2115,149,-13,7,31,2562,3,-36,2561
18776751,5742,509119755,53326651,3430,-5370,3,6465,293330900,2115,293330930,2115,147,-13,-26,60,2553,-31,-6,2552
18786654,5742,509119771,53326614,3430,-5370,3,6465,293330900,2115,293330940,2115,146,-14,-56,70,2504,-61,6,2503
18796668,5742,509119786,53326576,3430,-5370,3,6465,293330900,2115,293330950,2115,144,-13,-18,76,2548,-23,12,2548
18806938,5742,509119801,53326538,3430,-5369,3,6465,293330900,2115,293330960,2115,143,-13,-3,62,2517,-7,-1,2515
18816792,5742,509119817,53326498,3430,-5370,2,6465,293330950,2115,293330970,2115,142,-13,46,20,2570,41,-44,2567
18826740,5741,509119832,53326460,3430,-5370,2,6465,293330950,2115,293330980,2115,140,-13,17,83,2538,13,20,2538
18836648,5741,509119848,53326423,3430,-5369,2,6465,293330950,2115,293330990,2115,139,-13,-20,1,2539,-24,-62,2537
18846674,5741,509119863,53326385,3430,-5369,2,6465,293330950,2115,293331000,2115,138,-13,-31,66,2492,-35,5,2491
18856895,5741,509119878,53326347,3430,-5369,3,6465,293330950,2115,293331010,2115,137,-13,-50,9,2410,-54,-50,2407
18866795,5740,509119894,53326307,3430,-5369,3,6465,293331000,2115,293331020,2115,136,-12,-8,118,2453,-12,60,2453
18876740,5740,509119909,53326270,3430,-5369,3,6465,293331000,2115,293331030,2115,135,-12,12,29,2452,9,-29,2450
18887526,5740,509119925,53326232,3430,-5369,3,6465,293331000,2115,293331040,2115,134,-12,39,4,2554,36,-56,2552
18896632,5740,509119940,53326194,3431,-5369,3,6465,293331000,2115,293331050,2115,133,-11,26,6,2508,22,-52,2506
18907018,5740,509119956,53326157,3430,-5369,3,6465,293331000,2115,293331060,2115,132,-11,-8,101,2467,-12,43,2467
18917184,5739,509119971,53326116,3431,-5368,4,6465,293331050,2115,293331070,2115,132,-11,-16,3,2420,-19,-54,2418
18926727,5739,509119986,53326079,3431,-5368,5,6465,293331050,2115,293331080,2115,131,-10,-52,32,2388,-54,-23,2386
18936652,5739,509120002,53326041,3431,-5368,6,6465,293331050,2115,293331090,2115,131,-10,-27,50,2382,-30,-5,2381
18947404,5739,509120017,53326003,3431,-5368,6,6465,293331050,2115,293331100,2115,131,-9,26,14,2394,24,-41,2392
18956921,5738,509120033,53325966,3431,-5368,7,6465,293331050,2115,293331110,2115,130,-9,42,73,2433,39,17,2433
18967427,5738,509120048,53325926,3432,-5368,7,6465,293331100,2115,293331120,2115,130,-9,28,-12,2486,26,-69,2484
18977992,5738,509120064,53325888,3432,-5368,7,6465,293331100,2115,293331130,2115,130,-9,-6,50,2482,-8,-7,2480
18986668,5737,509120079,53325850,3432,-5368,8,6465,293331100,2115,293331140,2115,130,-9,-43,29,2396,-45,-26,2394
18996640,5737,509120094,53325813,3432,-5367,9,6465,293331100,2115,293331150,2115,130,-8,-47,5,2386,-49,-50,2384
19007821,5737,509120110,53325775,3431,-5367,10,6465,293331100,2115,293331160,2115,131,-8,-2,76,2330,-3,22,2329
19016789,5737,509120125,53325735,3431,-5367,11,6465,293331150,2115,293331170,2115,131,-8,7,41,2424,6,-15,2423
19026728,5736,509120141,53325697,3432,-5367,11,6465,293331150,2115,293331180,2115,132,-8,46,-31,2483,44,-89,2479
19036679,5736,509120156,53325659,3432,-5367,11,6465,293331150,2115,293331190,2115,132,-8,8,17,2449,6,-40,2447
19046663,5736,509120171,53325622,3433,-5367,12,6465,293331150,2115,293331200,2115,133,-9,-13,39,2465,-15,-19,2464
19056921,5736,509120187,53325584,3433,-5366,12,6465,293331150,2115,293331210,2115,134,-10,-32,30,2456,-35,-27,2454
19067548,5736,509120202,53325544,3433,-5366,13,6465,293331200,2115,293331220,2115,134,-10,-16,18,2414,-18,-39,2412
19076726,5735,509120218,53325506,3433,-5366,14,6465,293331200,2115,293331230,2115,135,-10,6,-25,2411,4,-82,2408
19086658,5735,509120233,53325469,3434,-5366,14,6465,293331200,2115,293331240,2115,137,-11,-1,51,2443,-4,-8,2442
19096654,5735,509120249,53325431,3434,-5365,14,6465,293331200,2115,293331250,2115,138,-11,0,-3,2470,-3,-63,2467
19108118,5735,509120264,53325393,3434,-5365,14,6465,293331200,2115,293331260,2115,140,-12,-3,-2,2509,-6,-63,2507
19116806,5735,509120279,53325353,3435,-5365,14,6465,293331250,2115,293331270,2115,142,-13,9,-33,2563,6,-96,2560
19126758,5734,509120295,53325316,3435,-5365,13,6465,293331250,2115,293331280,2115,143,-13,-1,26,2573,-6,-38,2571
19136640,5734,509120310,53325278,3435,-5364,13,6465,293331250,2115,293331290,2115,145,-14,-15,42,2512,-20,-22,2510
19146651,5734,509120326,53325240,3435,-5364,13,6465,293331250,2115,293331300,2115,147,-15,-14,27,2524,-19,-38,2522
19156919,5734,509120341,53325203,3436,-5363,13,6465,293331250,2115,293331310,2115,149,-16,-30,-47,2463,-35,-111,2459
19166829,5734,509120357,53325163,3436,-5363,13,6465,293331300,2115,293331320,2115,151,-16,-11,-16,2523,-16,-83,2520
19176730,5734,509120372,53325125,3437,-5363,13,6465,293331300,2115,293331330,2115,153,-17,-1,-10,2496,-7,-77,2493
19186671,5734,509120388,53325087,3437,-5363,12,6465,293331300,2115,293331340,2115,154,-18,11,39,2620,5,-32,2618
19197295,5734,509120403,53325050,3437,-5362,12,6465,293331300,2115,293331350,2115,155,-19,31,3,2549,24,-67,2547
19206958,5734,509120418,53325012,3438,-5362,12,6465,293331300,2115,293331360,2115,157,-19,8,14,2553,1,-56,2551
19216804,5734,509120434,53324972,3438,-5362,12,6465,293331350,2115,293331370,2115,158,-20,-16,58,2460,-23,-11,2459
19226726,5734,509120449,53324934,3438,-5361,12,6465,293331350,2115,293331380,2115,160,-20,-44,-48,2541,-50,-120,2537
19236635,5734,509120465,53324897,3438,-5361,12,6465,293331350,2115,293331390,2115,161,-20,-50,55,2518,-57,-17,2517
19246660,5734,509120480,53324859,3438,-5361,10,6465,293331350,2115,293331400,2115,163,-20,-18,101,2635,-26,25,2635
19256892,5734,509120496,53324822,3439,-5360,10,6465,293331350,2115,293331410,2115,164,-20,17,0,2593,9,-74,2590
19266836,5734,509120511,53324781,3439,-5360,9,6465,293331400,2115,293331420,2115,165,-20,24,71,2666,16,-6,2665
19276749,5734,509120527,53324744,3439,-5360,8,6465,293331400,2115,293331430,2115,165,-20,-19,40,2587,-26,-35,2585
19286685,5734,509120542,53324706,3439,-5360,7,6465,293331400,2115,293331440,2115,166,-20,-15,65,2571,-22,-10,2570
19296645,5734,509120557,53324669,3438,-5359,7,6465,293331400,2115,293331450,2115,166,-19,-66,83,2518,-73,9,2517
19306882,5734,509120573,53324631,3438,-5359,7,6465,293331400,2115,293331460,2115,167,-19,-20,63,2492,-27,-10,2491
19316795,5734,509120588,53324591,3438,-5359,8,6465,293331450,2115,293331470,2115,167,-18,-26,75,2463,-32,3,2462
19326748,5734,509120604,53324553,3438,-5359,7,6465,293331450,2115,293331480,2115,167,-18,23,97,2564,17,22,2564
19336697,5734,509120619,53324516,3438,-5359,7,6465,293331450,2115,293331490,2115,166,-17,50,80,2551,43,5,2550
19346700,5734,509120635,53324478,3438,-5360,7,6465,293331450,2115,293331500,2115,166,-17,25,80,2519,19,7,2519
19357512,5735,509120650,53324441,3438,-5359,6,6465,293331450,2115,293331510,2115,166,-16,-34,90,2535,-40,16,2535
19367664,5735,509120666,53324400,3438,-5359,6,6465,293331500,2115,293331520,2115,165,-16,-11,74,2493,-16,2,2493
19376725,5735,509120681,53324363,3438,-5359,6,6465,293331500,2115,293331530,2115,165,-15,-27,123,2520,-32,50,2521
19386663,5735,509120697,53324325,3437,-5359,6,6465,293331500,2115,293331540,2115,164,-15,-10,78,2513,-15,6,2512
19396641,5735,509120712,53324288,3437,-5359,6,6465,293331500,2115,293331550,2115,163,-14,23,122,2553,18,49,2553
19406925,5735,509120727,53324250,3437,-5360,6,6465,293331500,2115,293331560,2115,162,-14,15,55,2522,11,-17,2521
19416805,5735,509120743,53324210,3437,-5360,5,6465,293331550,2115,293331570,2115,161,-14,25,93,2526,20,22,2526
19426727,5735,509120758,53324172,3437,-5360,5,6465,293331550,2115,293331580,2115,160,-14,-20,113,2506,-24,42,2506
19436635,5735,509120774,53324135,3436,-5360,5,6465,293331550,2115,293331590,2115,159,-13,-22,119,2473,-27,49,2473
19446639,5735,509120789,53324097,3436,-5360,6,6465,293331550,2115,293331600,2115,158,-13,-25,100,2430,-29,32,2430
19456925,5735,509120805,53324060,3436,-5360,6,6465,293331550,2115,293331610,2115,157,-13,5,95,2474,1,26,2474
19466798,5735,509120820,53324019,3436,-5360,6,6465,293331600,2115,293331620,2115,157,-13,23,90,2508,19,21,2508
19477693,5735,509120836,53323982,3436,-5360,6,6465,293331600,2115,293331630,2115,156,-13,11,87,2516,7,19,2515
19486643,5735,509120851,53323944,3436,-5360,5,6465,293331600,2115,293331640,2115,155,-12,18,50,2582,14,-20,2580
19496644,5735,509120866,53323907,3435,-5360,5,6465,293331600,2115,293331650,2115,155,-12,-15,119,2508,-19,51,2508
19507184,5735,509120882,53323869,3435,-5360,6,6465,293331600,2115,293331660,2115,154,-12,-40,107,2478,-43,40,2478
19516795,5735,509120897,53323829,3435,-5360,6,6465,293331650,2115,293331670,2115,153,-12,-15,41,2498,-18,-26,2496
19526726,5735,509120913,53323791,3435,-5360,6,6465,293331650,2115,293331680,2115,152,-12,-1,123,2473,-5,57,2474
19536633,5735,509120928,53323754,3435,-5360,6,6465,293331650,2115,293331690,2115,151,-12,17,50,2430,14,-14,2429
19546663,5735,509120944,53323716,3435,-5360,7,6465,293331650,2115,293331700,2115,151,-12,16,86,2476,12,20,2476
19556927,5735,509120959,53323678,3435,-5360,7,6465,293331650,2115,293331710,2115,151,-12,14,40,2455,11,-25,2453
19567125,5735,509120974,53323638,3435,-5360,7,6465,293331700,2115,293331720,2115,150,-12,0,77,2531,-4,10,2531
19576717,5735,509120990,53323601,3434,-5360,7,6465,293331700,2115,293331730,2115,150,-12,-30,112,2483,-34,47,2483
19586682,5735,509121005,53323563,3434,-5361,6,6465,293331700,2115,293331740,2115,149,-13,9,99,2551,5,32,2551
19596644,5735,509121021,53323526,3435,-5360,7,6465,293331700,2115,293331750,2115,149,-13,-3,-5,2491,-7,-70,2488
19606939,5735,509121036,53323488,3434,-5361,6,6465,293331700,2115,293331760,2115,149,-13,17,109,2514,12,43,2514
19616913,5736,509121052,53323448,3435,-5360,7,6465,293331750,2115,293331770,2115,149,-14,0,21,2487,-4,-44,2485
19626702,5736,509121067,53323410,3434,-5360,6,6465,293331750,2115,293331780,2115,148,-14,1,93,2531,-4,27,2531
19636636,5736,509121082,53323373,3434,-5361,6,6465,293331750,2115,293331790,2115,148,-15,6,126,2482,1,61,2483
19646961,5736,509121098,53323335,3434,-5361,6,6465,293331750,2115,293331800,2115,147,-16,12,29,2504,7,-36,2502
19656926,5736,509121113,53323297,3434,-5361,7,6465,293331750,2115,293331810,2115,146,-16,-11,88,2446,-16,25,2445
19667257,5736,509121129,53323257,3434,-5361,7,6465,293331800,2115,293331820,2115,146,-17,-5,57,2496,-10,-7,2494
19676730,5736,509121144,53323220,3434,-5361,6,6465,293331800,2115,293331830,2115,145,-18,16,94,2571,9,28,2570
19686666,5736,509121160,53323182,3434,-5361,6,6466,293331800,2115,293331840,2115,145,-18,11,87,2560,4,21,2560
19696639,5736,509121175,53323144,3434,-5361,5,6466,293331800,2115,293331850,2115,144,-19,8,69,2578,1,3,2577
19706912,5736,509121191,53323107,3434,-5361,5,6466,293331800,2115,293331860,2115,143,-20,-19,67,2552,-26,3,2550
19716818,5736,509121206,53323067,3433,-5361,4,6466,293331850,2115,293331870,2115,142,-20,-27,96,2575,-35,31,2575
19726727,5736,509121221,53323029,3433,-5361,4,6466,293331850,2115,293331880,2115,141,-21,7,84,2522,-1,21,2521
19736875,5736,509121237,53322991,3433,-5361,4,6466,293331850,2115,293331890,2115,140,-21,-7,124,2489,-15,62,2490
19746657,5736,509121252,53322954,3433,-5361,4,6466,293331850,2115,293331900,2115,139,-21,2,44,2523,-5,-18,2522
19757242,5736,509121268,53322916,3432,-5361,3,6466,293331850,2115,293331910,2115,139,-22,15,98,2601,6,35,2601
19766861,5736,509121283,53322876,3432,-5361,3,6466,293331900,2115,293331920,2115,139,-22,-19,42,2592,-27,-21,2590
19776719,5736,509121299,53322838,3432,-5361,2,6466,293331900,2115,293331930,2115,138,-23,0,71,2599,-9,8,2598
19786642,5736,509121314,53322801,3432,-5361,1,6466,293331900,2115,293331940,2115,137,-23,9,93,2555,0,31,2554
19796644,5736,509121329,53322763,3432,-5361,1,6466,293331900,2115,293331950,2115,136,-24,10,46,2571,1,-16,2570
19806926,5736,509121345,53322726,3432,-5361,1,6466,293331900,2115,293331960,2115,136,-24,-19,63,2478,-27,3,2477
19816808,5736,509121360,53322685,3432,-5361,1,6466,293331950,2115,293331970,2115,135,-24,5,68,2541,-4,7,2540
19826729,5736,509121376,53322648,3432,-5361,1,6466,293331950,2115,293331980,2115,135,-24,4,58,2489,-5,-2,2488
19836649,5736,509121391,53322610,3432,-5361,1,6466,293331950,2115,293331990,2115,135,-24,4,116,2543,-5,55,2544
19846643,5736,509121407,53322573,3432,-5361,0,6466,293331950,2115,293332000,2115,135,-25,4,57,2560,-6,-3,2558
19857278,5736,509121422,53322535,3432,-5360,-1,6466,293331950,2115,293332010,2115,135,-25,5,-1,2599,-4,-62,2596
19867528,5736,509121437,53322495,3431,-5361,-1,6466,293332000,2115,293332020,2115,135,-25,6,142,2597,-4,81,2598
19876742,5736,509121453,53322457,3432,-5360,-2,6466,293332000,2115,293332030,2115,135,-25,-7,18,2550,-16,-43,2548
19886656,5736,509121468,53322420,3431,-5361,-2,6466,293332000,2115,293332040,2115,136,-25,5,90,2556,-5,28,2555
19896646,5736,509121484,53322382,3431,-5360,-2,6466,293332000,2115,293332050,2115,137,-25,-21,50,2527,-30,-11,2525
19906895,5736,509121499,53322344,3431,-5360,-3,6466,293332000,2115,293332060,2115,138,-25,-21,103,2523,-31,42,2523
19917245,5736,509121514,53322304,3431,-5360,-3,6466,293332050,2115,293332070,2115,139,-25,9,18,2538,0,-44,2535
19926723,5737,509121530,53322266,3431,-5360,-3,6466,293332050,2115,293332080,2115,140,-25,21,10,2546,12,-52,2544
19936664,5737,509121545,53322229,3431,-5360,-3,6466,293332050,2115,293332090,2115,141,-25,28,52,2516,18,-10,2515
19946688,5737,509121561,53322191,3432,-5360,-3,6466,293332050,2115,293332100,2115,142,-25,-1,53,2516,-10,-10,2514
19956916,5737,509121576,53322154,3431,-5360,-3,6466,293332050,2115,293332110,2115,143,-24,-24,55,2521,-33,-9,2519
19967595,5737,509121592,53322113,3431,-5360,-4,6466,293332100,2115,293332120,2115,144,-24,-16,64,2536,-25,0,2535
19976918,5737,509121607,53322076,3432,-5359,-4,6466,293332100,2115,293332130,2115,145,-24,-7,22,2520,-15,-42,2518
19986664,5738,509121622,53322038,3432,-5359,-4,6466,293332100,2115,293332140,2115,147,-24,23,28,2522,15,-37,2520
19996657,5738,509121638,53322001,3432,-5360,-4,6466,293332100,2115,293332150,2115,148,-23,18,114,2538,9,48,2538
20007666,5738,509121653,53321963,3432,-5359,-5,6466,293332100,2115,293332160,2115,150,-23,22,-8,2531,13,-74,2528
20017323,5738,509121669,53321923,3432,-5359,-5,6466,293332150,2115,293332170,2115,152,-23,-8,52,2534,-17,-16,2533
20026742,5738,509121684,53321885,3432,-5359,-5,6466,293332150,2115,293332180,2115,153,-23,-20,64,2512,-29,-3,2511
20037168,5739,509121700,53321848,3432,-5359,-5,6466,293332150,2115,293332190,2115,155,-23,-11,60,2475,-19,-7,2474
20046642,5739,509121715,53321810,3432,-5359,-4,6466,293332150,2115,293332200,2115,156,-23,17,52,2464,9,-16,2462
20057302,5739,509121730,53321773,3432,-5359,-4,6466,293332150,2115,293332210,2115,158,-23,13,72,2494,5,3,2493
20067316,5739,509121746,53321732,3432,-5359,-4,6466,293332200,2115,293332220,2115,159,-23,25,73,2468,16,4,2467
20076728,5739,509121761,53321695,3432,-5359,-5,6466,293332200,2115,293332230,2115,161,-23,2,60,2548,-7,-12,2546
20086648,5740,509121777,53321657,3433,-5359,-5,6466,293332200,2115,293332240,2115,162,-23,8,12,2513,0,-60,2511
20097467,5740,509121792,53321620,3432,-5359,-5,6466,293332200,2115,293332250,2115,164,-23,-10,113,2521,-19,41,2521
20106985,5740,509121808,53321582,3432,-5359,-5,6466,293332200,2115,293332260,2115,165,-24,-19,77,2480,-27,5,2479
20116831,5740,509121823,53321542,3432,-5358,-5,6466,293332250,2115,293332270,2115,166,-24,15,50,2551,6,-24,2550
20127011,5741,509121838,53321504,3432,-5358,-4,6466,293332250,2115,293332280,2115,167,-24,-12,103,2441,-21,31,2441
20136671,5741,509121854,53321467,3432,-5358,-5,6466,293332250,2115,293332290,2115,168,-24,-2,71,2536,-11,-4,2535
20146661,5741,509121869,53321429,3432,-5358,-5,6466,293332250,2115,293332300,2115,169,-25,-10,96,2542,-19,20,2542
20157518,5741,509121885,53321392,3432,-5358,-5,6466,293332250,2115,293332310,2115,170,-25,11,61,2535,1,-15,2534
20166796,5741,509121900,53321351,3431,-5359,-6,6466,293332300,2115,293332320,2115,171,-26,-10,134,2545,-20,57,2546
20176732,5742,509121915,53321314,3431,-5359,-6,6466,293332300,2115,293332330,2115,171,-26,12,137,2529,2,61,2530
20186905,5742,509121931,53321276,3431,-5359,-6,6466,293332300,2115,293332340,2115,172,-27,-5,77,2524,-15,1,2524
20196686,5742,509121946,53321239,3431,-5359,-6,6466,293332300,2115,293332350,2115,172,-27,-15,105,2531,-26,28,2532
20207955,5742,509121962,53321201,3430,-5359,-6,6466,293332300,2115,293332360,2115,173,-28,-9,113,2527,-20,36,2527
20217237,5742,509121977,53321161,3430,-5359,-6,6466,293332350,2115,293332370,2115,174,-28,-3,162,2515,-15,85,2517
20226765,5742,509121993,53321123,3429,-5359,-7,6466,293332350,2115,293332380,2115,174,-29,-24,121,2552,-35,43,2552
20236671,5743,509122008,53321086,3429,-5359,-8,6466,293332350,2115,293332390,2115,174,-29,5,88,2615,-7,8,2614
20246703,5743,509122023,53321048,3429,-5359,-9,6466,293332350,2115,293332400,2115,174,-30,3,160,2603,-9,80,2604
20256898,5743,509122039,53321010,3429,-5359,-9,6466,293332350,2115,293332410,2115,174,-31,-10,105,2595,-23,25,2595
20266799,5743,509122054,53320970,3428,-5359,-10,6466,293332400,2115,293332420,2115,174,-31,-2,137,2574,-15,59,2575
20276734,5743,509122070,53320933,3427,-5359,-10,6466,293332400,2115,293332430,2115,174,-32,-18,147,2528,-31,69,2529
20286658,5743,509122085,53320895,3427,-5359,-11,6466,293332400,2115,293332440,2115,173,-33,-17,110,2574,-30,31,2574
20296647,5744,509122100,53320857,3427,-5359,-11,6466,293332400,2115,293332450,2115,173,-33,1,133,2544,-13,56,2545
20307583,5744,509122116,53320820,3426,-5359,-11,6466,293332400,2115,293332460,2115,173,-34,10,124,2529,-3,47,2530
20316817,5744,509122131,53320780,3426,-5360,-12,6466,293332450,2115,293332470,2115,173,-34,-11,96,2584,-25,18,2584
20326728,5744,509122147,53320742,3426,-5360,-13,6466,293332450,2115,293332480,2115,172,-35,14,120,2651,-1,40,2651
20336966,5744,509122162,53320705,3425,-5360,-14,6466,293332450,2115,293332490,2115,172,-35,4,96,2640,-11,17,2640
20346665,5744,509122177,53320667,3425,-5359,-15,6466,293332450,2115,293332500,2115,172,-36,-37,113,2644,-52,33,2644
20356951,5744,509122193,53320629,3424,-5360,-16,6466,293332450,2115,293332510,2115,172,-36,-38,178,2611,-54,99,2613
20367258,5745,509122208,53320589,3424,-5360,-17,6466,293332500,2115,293332520,2115,171,-36,-24,35,2572,-38,-43,2570
20376742,5745,509122223,53320551,3423,-5360,-18,6466,293332500,2115,293332530,2115,171,-36,4,102,2607,-11,24,2607
20386646,5745,509122239,53320514,3423,-5360,-18,6466,293332500,2115,293332540,2115,170,-36,4,70,2555,-10,-6,2555
20397227,5745,509122254,53320476,3423,-5360,-19,6466,293332500,2115,293332550,2115,170,-37,36,114,2589,21,37,2589
20406922,5745,509122270,53320439,3423,-5360,-19,6466,293332500,2115,293332560,2115,170,-37,-14,109,2515,-29,34,2515
20416811,5745,509122285,53320398,3422,-5361,-20,6466,293332550,2115,293332570,2115,169,-37,13,126,2646,-3,47,2646
20427100,5746,509122300,53320361,3422,-5361,-20,6466,293332550,2115,293332580,2115,169,-38,-9,51,2549,-24,-25,2547
20436653,5746,509122316,53320323,3422,-5361,-21,6466,293332550,2115,293332590,2115,168,-39,17,112,2615,1,35,2616
20446652,5746,509122331,53320285,3422,-5361,-21,6466,293332550,2115,293332600,2115,167,-39,1,92,2537,-15,17,2536
20457579,5746,509122346,53320248,3421,-5361,-22,6466,293332550,2115,293332610,2115,167,-40,-6,129,2554,-22,55,2555
20466813,5746,509122362,53320208,3422,-5360,-22,6466,293332600,2115,293332620,2115,166,-40,-5,115,2540,-21,41,2540
20476664,5747,509122377,53320170,3422,-5360,-23,6466,293332600,2115,293332630,2115,165,-41,20,58,2612,3,-18,2610
20487485,5747,509122392,53320132,3422,-5360,-24,6466,293332600,2115,293332640,2115,164,-42,10,111,2609,-8,36,2609
20496659,5747,509122408,53320095,3421,-5360,-25,6466,293332600,2115,293332650,2115,163,-42,9,132,2609,-9,57,2610
20506919,5747,509122423,53320057,3421,-5361,-26,6466,293332600,2115,293332660,2115,162,-43,8,153,2637,-10,78,2638
20516791,5747,509122439,53320017,3421,-5360,-27,6466,293332650,2115,293332670,2115,160,-43,-8,58,2633,-26,-16,2632
20526749,5747,509122454,53319980,3420,-5360,-28,6466,293332650,2115,293332680,2115,159,-44,-21,127,2630,-40,54,2631
20536648,5747,509122469,53319942,3420,-5360,-29,6466,293332650,2115,293332690,2115,158,-44,4,101,2576,-14,30,2576
20547548,5747,509122485,53319904,3419,-5360,-29,6466,293332650,2115,293332700,2115,156,-45,-1,143,2604,-20,71,2605
20558048,5747,509122500,53319867,3419,-5361,-30,6466,293332650,2115,293332710,2115,155,-45,8,120,2526,-10,51,2527
20566789,5747,509122515,53319827,3419,-5361,-31,6466,293332700,2115,293332720,2115,153,-45,15,103,2606,-5,33,2606
20576733,5747,509122531,53319789,3419,-5361,-31,6466,293332700,2115,293332730,2115,152,-46,3,56,2558,-16,-12,2556
20586657,5747,509122546,53319751,3418,-5361,-32,6466,293332700,2115,293332740,2115,150,-46,9,152,2586,-11,84,2587
20596666,5747,509122562,53319714,3418,-5361,-32,6466,293332700,2115,293332750,2115,149,-47,12,54,2575,-7,-14,2574
20607907,5747,509122577,53319676,3418,-5361,-33,6466,293332700,2115,293332760,2115,148,-47,18,89,2609,-2,21,2608
20616789,5747,509122592,53319636,3418,-5361,-34,6466,293332750,2115,293332770,2115,146,-48,-20,94,2572,-40,28,2571
20626739,5747,509122608,53319598,3417,-5361,-34,6466,293332750,2115,293332780,2115,145,-48,13,102,2572,-7,37,2572
20636668,5747,509122623,53319561,3417,-5361,-34,6466,293332750,2115,293332790,2115,143,-48,-4,109,2524,-24,46,2524
20646701,5747,509122638,53319523,3417,-5361,-35,6466,293332750,2115,293332800,2115,142,-48,10,69,2561,-10,5,2560
20656905,5747,509122654,53319486,3417,-5361,-35,6466,293332750,2115,293332810,2115,141,-48,13,56,2537,-7,-6,2536
20666797,5747,509122669,53319445,3417,-5361,-36,6466,293332800,2115,293332820,2115,140,-49,5,82,2571,-15,18,2571
20676713,5747,509122685,53319408,3416,-5361,-36,6466,293332800,2115,293332830,2115,139,-49,22,72,2558,2,10,2557
20686659,5747,509122700,53319370,3417,-5361,-36,6466,293332800,2115,293332840,2115,138,-49,25,49,2548,5,-13,2546
20696667,5747,509122715,53319333,3416,-5361,-37,6466,293332800,2115,293332850,2115,137,-49,-11,84,2535,-31,22,2534
20706916,5747,509122731,53319295,3416,-5360,-37,6466,293332800,2115,293332860,2115,136,-49,-10,19,2550,-30,-42,2548
20716793,5747,509122746,53319255,3416,-5360,-37,6467,293332850,2115,293332870,2115,135,-49,-5,113,2534,-25,53,2534
20727531,5747,509122761,53319217,3416,-5360,-37,6467,293332850,2115,293332880,2115,134,-49,35,42,2476,15,-17,2475
20736646,5746,509122777,53319180,3416,-5360,-37,6467,293332850,2115,293332890,2115,133,-49,22,63,2539,2,4,2538
20746662,5746,509122792,53319142,3416,-5360,-37,6467,293332850,2115,293332900,2115,133,-49,33,48,2438,14,-9,2437
20756941,5746,509122807,53319104,3416,-5360,-37,6467,293332850,2115,293332910,2115,132,-49,-4,34,2493,-24,-24,2491
20766819,5746,509122823,53319064,3417,-5360,-37,6467,293332900,2115,293332920,2115,132,-50,26,27,2461,7,-30,2460
20776714,5746,509122838,53319027,3417,-5360,-37,6467,293332900,2115,293332930,2115,131,-50,20,36,2510,-1,-22,2509
20787135,5746,509122853,53318989,3417,-5360,-37,6467,293332900,2115,293332940,2115,130,-50,19,65,2490,-2,8,2489
20796650,5746,509122869,53318952,3417,-5360,-36,6467,293332900,2115,293332950,2115,129,-50,27,74,2491,7,17,2490
20808023,5746,509122884,53318914,3417,-5360,-36,6467,293332900,2115,293332960,2115,129,-50,-3,14,2504,-23,-42,2502
20816806,5746,509122900,53318874,3417,-5360,-36,6467,293332950,2115,293332970,2115,128,-50,15,29,2500,-5,-28,2498
20826730,5746,509122915,53318836,3417,-5360,-36,6467,293332950,2115,293332980,2115,127,-50,-1,67,2492,-21,11,2491
20836675,5746,509122930,53318799,3417,-5359,-36,6467,293332950,2115,293332990,2115,126,-50,35,15,2508,14,-41,2506
20846667,5746,509122946,53318761,3417,-5360,-36,6467,293332950,2115,293333000,2115,125,-51,2,98,2512,-19,42,2512
20857076,5746,509122961,53318723,3417,-5359,-36,6467,293332950,2115,293333010,2115,124,-51,49,-9,2498,29,-63,2496
20866821,5746,509122976,53318683,3417,-5359,-36,6467,293333000,2115,293333020,2115,123,-51,5,68,2452,-15,15,2451
20876720,5746,509122992,53318646,3417,-5360,-35,6467,293333000,2115,293333030,2115,122,-51,15,95,2392,-5,44,2392
20886636,5746,509123007,53318608,3417,-5360,-35,6467,293333000,2115,293333040,2115,122,-51,26,27,2423,7,-25,2422
20896649,5745,509123022,53318571,3417,-5359,-34,6467,293333000,2115,293333050,2115,121,-51,2,-6,2406,-17,-57,2404
20907014,5745,509123038,53318533,3417,-5359,-33,6467,293333000,2115,293333060,2115,120,-51,22,62,2461,2,10,2460
20916813,5745,509123053,53318493,3417,-5359,-33,6467,293333050,2115,293333070,2115,118,-51,9,56,2494,-11,4,2492
20926733,5745,509123069,53318455,3417,-5360,-33,6467,293333050,2115,293333080,2115,117,-51,51,95,2497,31,43,2497
20936644,5745,509123084,53318418,3418,-5360,-34,6467,293333050,2115,293333090,2115,116,-51,63,-12,2517,42,-63,2515
20946667,5745,509123099,53318380,3418,-5359,-33,6467,293333050,2115,293333100,2115,115,-52,8,34,2427,-13,-15,2426
20956888,5745,509123115,53318342,3417,-5359,-32,6467,293333050,2115,293333110,2115,114,-52,-50,94,2324,-69,47,2323
20966831,5744,509123130,53318302,3417,-5359,-31,6467,293333100,2115,293333120,2115,112,-52,-6,51,2408,-26,3,2406
20976733,5744,509123145,53318265,3417,-5359,-30,6467,293333100,2115,293333130,2115,111,-52,25,61,2418,5,14,2418
20986651,5744,509123161,53318227,3418,-5359,-30,6467,293333100,2115,293333140,2115,110,-52,78,-39,2489,58,-87,2487
20996683,5744,509123176,53318190,3418,-5359,-30,6467,293333100,2115,293333150,2115,109,-52,63,65,2492,42,17,2492
21007379,5744,509123191,53318152,3417,-5359,-30,6467,293333100,2115,293333160,2115,108,-52,2,78,2457,-19,31,2456
21016820,5744,509123207,53318112,3417,-5359,-29,6467,293333150,2115,293333170,2115,106,-52,-16,63,2454,-37,17,2453
21026721,5743,509123222,53318074,3417,-5359,-29,6467,293333150,2115,293333180,2115,105,-52,-10,-4,2458,-30,-49,2456
21036654,5743,509123238,53318037,3417,-5358,-28,6467,293333150,2115,293333190,2115,103,-52,-1,8,2452,-21,-36,2450
21046661,5743,509123253,53317999,3417,-5359,-28,6467,293333150,2115,293333200,2115,102,-52,22,96,2451,1,52,2451
21057323,5743,509123268,53317962,3417,-5359,-28,6467,293333150,2115,293333210,2115,100,-52,41,95,2455,20,52,2455
21066800,5743,509123284,53317921,3417,-5359,-27,6467,293333200,2115,293333220,2115,99,-52,36,9,2445,16,-33,2443
21076721,5743,509123299,53317884,3417,-5359,-27,6467,293333200,2115,293333230,2115,98,-51,-4,36,2450,-25,-7,2448
21086692,5743,509123314,53317846,3417,-5359,-26,6467,293333200,2115,293333240,2115,97,-51,-4,32,2421,-24,-9,2419
21096883,5743,509123330,53317809,3417,-5359,-26,6467,293333200,2115,293333250,2115,95,-51,21,61,2462,1,19,2461
21106924,5742,509123345,53317771,3417,-5359,-26,6467,293333200,2115,293333260,2115,94,-51,11,30,2479,-9,-11,2478
21116794,5742,509123361,53317731,3417,-5359,-26,6467,293333250,2115,293333270,2115,92,-51,49,53,2465,29,13,2464
21126770,5742,509123376,53317693,3417,-5359,-25,6467,293333250,2115,293333280,2115,91,-51,30,57,2494,9,17,2493
21136662,5742,509123391,53317656,3417,-5359,-25,6467,293333250,2115,293333290,2115,89,-50,39,39,2504,18,-1,2503
21147190,5742,509123407,53317618,3417,-5359,-25,6467,293333250,2115,293333300,2115,88,-50,-8,28,2441,-28,-10,2439
21156916,5742,509123422,53317581,3416,-5359,-24,6467,293333250,2115,293333310,2115,86,-50,1,55,2392,-19,19,2391
21166802,5742,509123437,53317540,3417,-5359,-24,6467,293333300,2115,293333320,2115,85,-50,22,11,2456,3,-25,2454
21177205,5742,509123453,53317503,3417,-5359,-24,6467,293333300,2115,293333330,2115,83,-50,53,71,2512,32,34,2511
21186674,5742,509123468,53317465,3416,-5360,-24,6467,293333300,2115,293333340,2115,82,-50,37,96,2510,17,60,2509
21196675,5742,509123483,53317428,3417,-5359,-24,6467,293333300,2115,293333350,2115,81,-50,42,-46,2541,22,-82,2539
21206922,5742,509123499,53317390,3417,-5359,-24,6467,293333300,2115,293333360,2115,80,-49,-4,53,2508,-23,17,2507
21216824,5742,509123514,53317350,3417,-5359,-24,6467,293333350,2115,293333370,2115,79,-49,-4,19,2505,-23,-16,2503
21226775,5743,509123530,53317312,3417,-5359,-24,6467,293333350,2115,293333380,2115,78,-49,20,13,2520,0,-22,2518
21236649,5743,509123545,53317275,3417,-5359,-24,6467,293333350,2115,293333390,2115,77,-49,2,34,2518,-18,-1,2516
21246673,5743,509123560,53317237,3417,-5359,-25,6467,293333350,2115,293333400,2115,76,-49,42,30,2554,22,-4,2553
21256947,5743,509123576,53317200,3417,-5359,-25,6467,293333350,2115,293333410,2115,75,-49,50,35,2531,30,1,2530
21266818,5743,509123591,53317159,3417,-5359,-25,6467,293333400,2115,293333420,2115,75,-49,45,22,2562,25,-12,2561
21276767,5743,509123606,53317122,3417,-5359,-25,6467,293333400,2115,293333430,2115,74,-49,10,33,2485,-9,0,2483
21286683,5743,509123622,53317084,3417,-5359,-25,6467,293333400,2115,293333440,2115,73,-49,6,55,2489,-14,22,2488
21296665,5743,509123637,53317047,3417,-5359,-25,6467,293333400,2115,293333450,2115,73,-49,12,-16,2510,-7,-49,2508
21306917,5743,509123652,53317009,3418,-5359,-26,6467,293333400,2115,293333460,2115,73,-50,32,3,2585,12,-30,2583
21316792,5743,509123668,53316969,3418,-5359,-26,6467,293333450,2115,293333470,2115,73,-50,43,42,2541,22,9,2540
21326740,5743,509123683,53316931,3418,-5359,-27,6467,293333450,2115,293333480,2115,73,-50,48,23,2655,26,-11,2653
21336669,5743,509123699,53316894,3418,-5359,-28,6467,293333450,2115,293333490,2115,74,-51,7,27,2581,-14,-7,2579
21346674,5743,509123714,53316856,3418,-5359,-29,6467,293333450,2115,293333500,2115,74,-51,21,16,2590,0,-18,2588
21358105,5743,509123729,53316819,3418,-5359,-29,6467,293333450,2115,293333510,2115,74,-52,-3,18,2591,-25,-16,2589
21366812,5743,509123745,53316778,3417,-5359,-30,6467,293333500,2115,293333520,2115,75,-52,-4,56,2558,-25,22,2556
21376728,5743,509123760,53316741,3418,-5359,-31,6467,293333500,2115,293333530,2115,75,-52,36,-7,2585,15,-42,2584
21386644,5743,509123775,53316703,3418,-5359,-31,6467,293333500,2115,293333540,2115,77,-52,44,24,2592,22,-11,2591
21396659,5743,509123791,53316666,3418,-5359,-32,6467,293333500,2115,293333550,2115,78,-53,63,26,2629,40,-10,2628
21406917,5743,509123806,53316628,3418,-5359,-33,6467,293333500,2115,293333560,2115,80,-53,12,-20,2554,-10,-56,2552
21416820,5743,509123821,53316588,3418,-5359,-34,6467,293333550,2115,293333570,2115,81,-53,6,56,2619,-17,18,2618
21426718,5743,509123837,53316550,3419,-5359,-35,6467,293333550,2115,293333580,2115,82,-54,18,-86,2604,-4,-123,2601
21436663,5743,509123852,53316513,3419,-5359,-36,6467,293333550,2115,293333590,2115,84,-54,14,63,2661,-9,24,2660
21446675,5743,509123867,53316475,3419,-5358,-36,6467,293333550,2115,293333600,2115,85,-55,10,-3,2581,-13,-41,2579
21458096,5743,509123883,53316438,3420,-5358,-37,6467,293333550,2115,293333610,2115,87,-55,66,-4,2612,43,-43,2610
21466817,5743,509123898,53316397,3420,-5358,-37,6467,293333600,2115,293333620,2115,88,-55,23,-22,2525,0,-61,2522
21477704,5743,509123914,53316360,3420,-5358,-38,6467,293333600,2115,293333630,2115,89,-56,23,37,2535,0,-3,2534
21486670,5742,509123929,53316322,3420,-5358,-38,6467,293333600,2115,293333640,2115,91,-56,48,-11,2571,25,-52,2569
21496659,5742,509123944,53316285,3421,-5358,-39,6467,293333600,2115,293333650,2115,91,-57,33,-4,2583,10,-46,2581
21506912,5742,509123960,53316247,3421,-5358,-40,6467,293333600,2115,293333660,2115,92,-58,36,24,2625,11,-18,2623
21516804,5742,509123975,53316207,3421,-5358,-40,6467,293333650,2115,293333670,2115,93,-59,49,11,2590,24,-31,2588
21526714,5742,509123991,53316169,3421,-5358,-41,6467,293333650,2115,293333680,2115,94,-59,18,27,2615,-7,-16,2614
21536679,5742,509124006,53316132,3421,-5358,-42,6467,293333650,2115,293333690,2115,95,-60,28,38,2550,3,-5,2549
21546661,5742,509124021,53316094,3422,-5358,-42,6467,293333650,2115,293333700,2115,96,-60,20,33,2576,-6,-11,2574
21556989,5742,509124037,53316057,3422,-5358,-43,6467,293333650,2115,293333710,2115,96,-61,42,-60,2568,18,-103,2565
21566829,5742,509124052,53316016,3422,-5357,-44,6467,293333700,2115,293333720,2115,97,-61,32,63,2635,5,18,2634
21576731,5741,509124067,53315979,3422,-5358,-44,6467,293333700,2115,293333730,2115,97,-62,16,81,2560,-10,37,2559
21586641,5741,509124083,53315941,3422,-5357,-45,6467,293333700,2115,293333740,2115,97,-62,38,-15,2600,12,-60,2598
21596676,5741,509124098,53315904,3423,-5357,-45,6467,293333700,2115,293333750,2115,98,-62,43,2,2543,17,-41,2541
21607102,5741,509124114,53315866,3423,-5357,-46,6467,293333700,2115,293333760,2115,98,-62,36,58,2547,10,14,2546
21616837,5741,509124129,53315826,3423,-5357,-46,6467,293333750,2115,293333770,2115,98,-62,12,15,2508,-13,-28,2506
21626750,5740,509124144,53315788,3423,-5357,-46,6467,293333750,2115,293333780,2115,98,-62,21,31,2540,-5,-13,2538
21636648,5740,509124160,53315751,3423,-5357,-46,6467,293333750,2115,293333790,2115,98,-62,32,-23,2526,7,-67,2524
21646685,5740,509124175,53315713,3423,-5357,-47,6467,293333750,2115,293333800,2115,98,-62,54,37,2572,28,-7,2570
21656925,5740,509124191,53315676,3423,-5357,-47,6467,293333750,2115,293333810,2115,97,-62,62,53,2555,36,9,2554
21666837,5740,509124206,53315636,3424,-5357,-47,6467,293333800,2115,293333820,2115,97,-62,54,4,2523,28,-38,2522
21676734,5739,509124221,53315598,3424,-5357,-47,6467,293333800,2115,293333830,2115,96,-62,32,20,2446,7,-21,2444
21686681,5739,509124237,53315560,3424,-5357,-46,6467,293333800,2115,293333840,2115,95,-62,7,24,2425,-17,-16,2423
21697470,5739,509124252,53315523,3424,-5357,-46,6467,293333800,2115,293333850,2115,94,-62,13,116,2456,-12,75,2455
21706926,5739,509124268,53315485,3424,-5357,-46,6467,293333800,2115,293333860,2115,93,-62,26,33,2472,1,-7,2471
21716794,5739,509124283,53315445,3424,-5358,-46,6467,293333850,2115,293333870,2115,92,-61,73,57,2521,47,16,2521
21727681,5738,509124298,53315408,3424,-5358,-46,6467,293333850,2115,293333880,2115,91,-61,83,-38,2500,58,-78,2498
21736685,5738,509124314,53315370,3424,-5358,-46,6468,293333850,2115,293333890,2115,90,-61,40,58,2508,15,18,2507
21746670,5738,509124329,53315333,3424,-5358,-46,6468,293333850,2115,293333900,2115,89,-60,24,100,2465,-1,62,2465
21756937,5737,509124345,53315295,3424,-5358,-46,6468,293333850,2115,293333910,2115,88,-60,0,38,2491,-24,-1,2489
21766822,5737,509124360,53315255,3424,-5358,-45,6468,293333900,2115,293333920,2115,87,-59,8,-28,2423,-15,-65,2420
21776732,5737,509124375,53315217,3424,-5358,-44,6468,293333900,2115,293333930,2115,85,-59,40,40,2397,17,4,2396
21786822,5737,509124391,53315180,3424,-5358,-44,6468,293333900,2115,293333940,2115,84,-58,42,80,2416,19,44,2416
21796643,5737,509124406,53315142,3424,-5358,-43,6468,293333900,2115,293333950,2115,83,-58,56,37,2389,34,2,2388
21806939,5736,509124422,53315105,3425,-5358,-42,6468,293333900,2115,293333960,2115,82,-57,62,-8,2440,40,-43,2438
21816803,5736,509124437,53315064,3425,-5359,-42,6468,293333950,2115,293333970,2115,81,-57,63,6,2463,40,-29,2462
21826718,5736,509124452,53315027,3425,-5359,-41,6468,293333950,2115,293333980,2115,79,-57,30,62,2426,8,28,2425
21836695,5736,509124468,53314989,3425,-5359,-40,6468,293333950,2115,293333990,2115,78,-57,8,10,2390,-14,-23,2388
21847201,5735,509124483,53314952,3425,-5358,-40,6468,293333950,2115,293334000,2115,78,-56,43,-21,2420,21,-54,2418
21856919,5735,509124499,53314914,3425,-5359,-39,6468,293333950,2115,293334010,2115,77,-56,66,31,2390,44,-1,2389
21866823,5735,509124514,53314874,3426,-5359,-38,6468,293334000,2115,293334020,2115,77,-56,49,18,2380,28,-14,2379
21877332,5735,509124530,53314836,3426,-5359,-37,6468,293334000,2115,293334030,2115,76,-55,45,3,2373,24,-29,2371
21886707,5734,509124545,53314799,3426,-5359,-36,6468,293334000,2115,293334040,2115,76,-55,21,20,2436,-1,-13,2434
21896656,5734,509124560,53314761,3427,-5359,-36,6468,293334000,2115,293334050,2115,75,-55,47,-57,2460,26,-90,2458
21908660,5734,509124576,53314724,3427,-5359,-35,6468,293334000,2115,293334060,2115,75,-55,28,48,2424,6,15,2423
21916808,5734,509124591,53314684,3427,-5359,-35,6468,293334050,2115,293334070,2115,76,-55,54,4,2416,33,-28,2415
21926728,5733,509124607,53314646,3427,-5359,-34,6468,293334050,2115,293334080,2115,76,-54,64,-1,2449,42,-33,2447
21936740,5733,509124622,53314608,3428,-5359,-33,6468,293334050,2115,293334090,2115,77,-54,29,-76,2392,9,-109,2389
21946684,5733,509124637,53314571,3428,-5359,-33,6468,293334050,2115,293334100,2115,78,-54,24,26,2405,3,-7,2404
21956919,5732,509124653,53314533,3428,-5359,-32,6468,293334050,2115,293334110,2115,78,-54,22,13,2374,1,-20,2372
21967388,5732,509124668,53314493,3429,-5358,-31,6468,293334100,2115,293334120,2115,79,-54,74,-98,2436,54,-132,2433
21976715,5732,509124684,53314455,3430,-5358,-31,6468,293334100,2115,293334130,2115,80,-54,67,-40,2422,46,-74,2420
21986686,5732,509124699,53314418,3430,-5359,-30,6468,293334100,2115,293334140,2115,81,-54,63,42,2421,42,7,2420
21996780,5731,509124715,53314380,3431,-5359,-29,6468,293334100,2115,293334150,2115,83,-54,33,-29,2416,13,-64,2413
22006941,5731,509124730,53314343,3431,-5358,-28,6468,293334100,2115,293334160,2115,84,-54,6,-58,2397,-14,-93,2394
22016804,5731,509124745,53314303,3432,-5358,-28,6468,293334150,2115,293334170,2115,85,-53,45,-17,2426,24,-53,2425
22026817,5731,509124761,53314265,3432,-5358,-27,6468,293334150,2115,293334180,2115,86,-53,64,-42,2440,43,-79,2438
22036655,5731,509124776,53314228,3432,-5358,-27,6468,293334150,2115,293334190,2115,87,-53,37,79,2443,16,42,2442
22046682,5730,509124792,53314190,3433,-5358,-26,6468,293334150,2115,293334200,2115,88,-53,55,-104,2451,35,-142,2448
22057294,5730,509124807,53314152,3434,-5358,-26,6468,293334150,2115,293334210,2115,89,-52,54,-24,2453,34,-62,2451
22066829,5730,509124823,53314112,3434,-5358,-26,6468,293334200,2115,293334220,2115,90,-52,26,47,2445,5,8,2444
22076734,5730,509124838,53314075,3434,-5358,-25,6468,293334200,2115,293334230,2115,91,-52,26,-8,2425,6,-47,2423
22086687,5729,509124854,53314037,3435,-5358,-24,6468,293334200,2115,293334240,2115,91,-51,33,-18,2428,13,-57,2425
22096664,5729,509124869,53314000,3435,-5357,-24,6468,293334200,2115,293334250,2115,92,-51,37,-66,2483,17,-106,2480
22106961,5729,509124884,53313962,3435,-5358,-24,6468,293334200,2115,293334260,2115,92,-51,71,37,2443,51,-3,2442
22116808,5729,509124900,53313922,3435,-5358,-23,6468,293334250,2115,293334270,2115,93,-50,50,62,2403,31,23,2402
22126744,5728,509124915,53313884,3436,-5358,-22,6468,293334250,2115,293334280,2115,94,-50,57,-74,2400,39,-114,2397
22136663,5728,509124931,53313847,3437,-5358,-22,6468,293334250,2115,293334290,2115,95,-50,52,7,2427,32,-33,2426
22147596,5728,509124946,53313809,3437,-5358,-21,6468,293334250,2115,293334300,2115,95,-50,30,13,2449,11,-28,2447
22156936,5727,509124962,53313772,3437,-5357,-21,6468,293334250,2115,293334310,2115,96,-49,30,-21,2466,11,-63,2463
22166819,5727,509124977,53313731,3438,-5357,-21,6468,293334300,2115,293334320,2115,97,-49,50,-9,2487,31,-51,2485
22177672,5727,509124993,53313694,3438,-5358,-21,6468,293334300,2115,293334330,2115,98,-49,69,-1,2526,49,-44,2524
22186663,5726,509125008,53313656,3439,-5358,-21,6468,293334300,2115,293334340,2115,99,-49,60,-20,2499,41,-63,2497
22196684,5726,509125024,53313619,3440,-5357,-21,6468,293334300,2115,293334350,2115,100,-49,33,-18,2541,14,-63,2538
22207333,5726,509125039,53313581,3440,-5357,-21,6468,293334300,2115,293334360,2115,100,-50,37,10,2495,17,-34,2493
22216820,5725,509125055,53313541,3440,-5357,-21,6468,293334350,2115,293334370,2115,101,-50,11,-27,2466,-8,-71,2463
22226781,5725,509125070,53313504,3441,-5357,-21,6468,293334350,2115,293334380,2115,102,-51,34,-5,2538,14,-51,2535
22237071,5725,509125086,53313466,3441,-5357,-21,6468,293334350,2115,293334390,2115,103,-52,82,-36,2526,61,-82,2523
22246686,5724,509125101,53313428,3442,-5357,-22,6468,293334350,2115,293334400,2115,104,-52,87,43,2555,66,-3,2554
22257015,5724,509125116,53313391,3443,-5357,-22,6468,293334350,2115,293334410,2115,105,-53,60,-73,2589,38,-121,2586
22267329,5724,509125132,53313351,3443,-5357,-23,6468,293334400,2115,293334420,2115,106,-54,29,15,2638,5,-34,2636
22276752,5723,509125148,53313313,3443,-5357,-24,6468,293334400,2115,293334430,2115,107,-56,13,8,2637,-10,-41,2635
22286660,5723,509125163,53313276,3444,-5356,-26,6468,293334400,2115,293334440,2115,107,-57,2,-7,2702,-23,-58,2700
22296717,5723,509125178,53313238,3444,-5356,-27,6468,293334400,2115,293334450,2115,108,-58,17,31,2641,-7,-19,2640
22308065,5723,509125194,53313200,3444,-5356,-28,6468,293334400,2115,293334460,2115,108,-59,66,-9,2669,40,-59,2667
22316797,5723,509125209,53313160,3444,-5357,-29,6468,293334450,2115,293334470,2115,109,-60,60,36,2628,34,-14,2627
22327682,5722,509125225,53313123,3445,-5356,-31,6468,293334450,2115,293334480,2115,109,-61,38,-11,2675,12,-62,2672
22336681,5722,509125240,53313085,3445,-5356,-32,6468,293334450,2115,293334490,2115,110,-62,21,5,2653,-5,-47,2651
22346688,5722,509125256,53313048,3445,-5356,-34,6468,293334450,2115,293334500,2115,110,-63,26,26,2723,-2,-27,2721
22356974,5722,509125271,53313010,3445,-5356,-35,6468,293334450,2115,293334510,2115,110,-64,20,-10,2726,-9,-63,2723
22366822,5722,509125287,53312970,3445,-5356,-37,6468,293334500,2115,293334520,2115,110,-65,55,84,2763,25,31,2763
22376744,5722,509125302,53312932,3446,-5356,-39,6468,293334500,2115,293334530,2115,110,-66,42,48,2725,13,-5,2724
22387170,5721,509125318,53312895,3446,-5356,-41,6468,293334500,2115,293334540,2115,110,-67,45,-29,2717,16,-81,2714
22396678,5721,509125333,53312857,3446,-5356,-42,6468,293334500,2115,293334550,2115,110,-68,43,13,2692,13,-39,2690
22408072,5721,509125349,53312820,3447,-5356,-44,6468,293334500,2115,293334560,2115,110,-68,20,37,2667,-10,-15,2666
22416985,5721,509125364,53312780,3446,-5355,-45,6468,293334550,2115,293334570,2115,109,-69,-8,98,2691,-39,46,2690
22426748,5721,509125380,53312742,3446,-5355,-46,6468,293334550,2115,293334580,2115,109,-70,15,21,2654,-16,-30,2652
22436660,5721,509125395,53312705,3446,-5355,-48,6468,293334550,2115,293334590,2115,109,-70,61,37,2744,29,-15,2743
22447330,5721,509125411,53312667,3447,-5355,-49,6468,293334550,2115,293334600,2115,109,-70,71,17,2645,41,-33,2644
22456963,5721,509125426,53312629,3447,-5356,-51,6468,293334550,2115,293334610,2115,109,-70,75,52,2686,44,0,2685
22466834,5721,509125442,53312589,3447,-5355,-51,6468,293334600,2115,293334620,2115,108,-70,7,32,2584,-23,-17,2582
22476771,5721,509125457,53312552,3446,-5355,-53,6468,293334600,2115,293334630,2115,108,-70,-31,100,2661,-62,50,2660
22486697,5721,509125473,53312514,3446,-5355,-53,6468,293334600,2115,293334640,2115,107,-69,-15,18,2609,-45,-32,2607
22496673,5722,509125488,53312477,3446,-5355,-54,6468,293334600,2115,293334650,2115,107,-69,35,52,2632,6,2,2631
22507203,5722,509125504,53312439,3446,-5356,-55,6468,293334600,2115,293334660,2115,107,-68,86,130,2633,56,80,2634
22516823,5722,509125519,53312399,3447,-5356,-56,6468,293334650,2115,293334670,2115,107,-68,106,6,2586,78,-43,2585
22526725,5722,509125535,53312361,3446,-5356,-56,6468,293334650,2115,293334680,2115,107,-67,37,107,2470,9,61,2470
22536661,5722,509125550,53312324,3446,-5356,-56,6468,293334650,2115,293334690,2115,107,-66,-14,14,2484,-41,-33,2482
22546652,5722,509125566,53312286,3446,-5356,-56,6468,293334650,2115,293334700,2115,106,-66,-29,88,2477,-56,42,2476
22556937,5723,509125581,53312249,3446,-5356,-55,6468,293334650,2115,293334710,2115,106,-65,24,60,2458,-2,14,2457
22566932,5723,509125597,53312209,3446,-5356,-56,6468,293334700,2115,293334720,2115,106,-64,99,58,2538,73,11,2538
22576733,5723,509125612,53312171,3446,-5357,-56,6468,293334700,2115,293334730,2115,106,-63,129,69,2524,103,22,2524
22586690,5723,509125628,53312134,3446,-5358,-55,6468,293334700,2115,293334740,2115,106,-62,104,86,2354,80,43,2354
22596935,5723,509125643,53312096,3446,-5357,-52,6468,293334700,2115,293334750,2115,106,-61,-82,7,2207,-103,-35,2204
22606934,5724,509125659,53312058,3445,-5356,-54,6468,293334700,2115,293334760,2115,106,-59,-116,160,2653,-142,109,2653
22616831,5724,509125674,53312018,3445,-5356,-54,6468,293334750,2115,293334770,2115,105,-58,-34,-73,2527,-57,-120,2523
22626727,5724,509125690,53311981,3446,-5357,-54,6468,293334750,2115,293334780,2115,104,-57,185,81,2526,161,36,2527
22636686,5725,509125705,53311943,3446,-5358,-53,6468,293334750,2115,293334790,2115,104,-57,181,109,2393,159,66,2394
22646675,5725,509125721,53311906,3446,-5359,-51,6468,293334750,2115,293334800,2115,104,-56,99,69,2263,79,28,2263
22657103,5725,509125736,53311868,3446,-5358,-49,6468,293334750,2115,293334810,2115,105,-55,-47,49,2178,-66,8,2176
22666818,5725,509125752,53311828,3445,-5357,-47,6468,293334800,2115,293334820,2115,106,-54,-141,48,2226,-160,6,2224
22676731,5725,509125767,53311790,3444,-5357,-44,6468,293334800,2115,293334830,2115,106,-53,-58,83,2194,-77,42,2193
22686680,5726,509125783,53311753,3445,-5357,-44,6468,293334800,2115,293334840,2115,106,-52,96,56,2414,75,11,2413
22696657,5726,509125798,53311715,3446,-5358,-43,6468,293334800,2115,293334850,2115,106,-52,202,-111,2433,182,-156,2430
22707393,5726,509125814,53311678,3447,-5360,-44,6468,293334800,2115,293334860,2115,107,-52,209,143,2567,187,95,2569
22716820,5727,509125829,53311638,3445,-5361,-43,6468,293334850,2115,293334870,2115,108,-51,31,350,2407,10,304,2412
22726762,5727,509125845,53311600,3445,-5360,-41,6468,293334850,2115,293334880,2115,109,-51,-88,-92,2252,-106,-135,2247
22736656,5727,509125860,53311562,3444,-5358,-38,6468,293334850,2115,293334890,2115,109,-50,-195,0,2202,-213,-43,2198
22746669,5727,509125876,53311525,3444,-5357,-36,6468,293334850,2115,293334900,2115,109,-50,-64,7,2247,-81,-36,2244
22756904,5728,509125891,53311487,3444,-5359,-35,6468,293334850,2115,293334910,2115,109,-50,137,137,2318,118,93,2320
22766833,5728,509125907,53311447,3445,-5361,-34,6469,293334900,2115,293334920,2115,109,-49,275,74,2433,256,29,2434
22776740,5728,509125922,53311410,3446,-5362,-35,6469,293334900,2115,293334930,2115,109,-50,209,92,2536,188,44,2537
22786652,5729,509125938,53311372,3445,-5362,-34,6469,293334900,2115,293334940,2115,109,-50,-4,121,2381,-24,75,2381
22796646,5729,509125953,53311334,3444,-5361,-33,6469,293334900,2115,293334950,2115,109,-51,-138,25,2382,-158,-21,2379
22806982,5729,509125969,53311297,3444,-5361,-31,6469,293334900,2115,293334960,2115,108,-51,-89,94,2294,-108,50,2292
22816822,5729,509125984,53311257,3443,-5361,-30,6469,293334950,2115,293334970,2115,107,-52,27,91,2346,7,47,2346
22826740,5730,509126000,53311219,3444,-5361,-29,6469,293334950,2115,293334980,2115,106,-53,142,28,2437,122,-17,2437
22836669,5730,509126015,53311181,3444,-5363,-29,6469,293334950,2115,293334990,2115,104,-54,147,165,2474,125,120,2476
22846663,5730,509126030,53311144,3443,-5364,-29,6469,293334950,2115,293335000,2115,103,-55,72,153,2461,50,108,2462
22856941,5730,509126046,53311106,3443,-5363,-29,6469,293334950,2115,293335010,2115,102,-56,-13,80,2476,-36,35,2475
22866854,5730,509126061,53311066,3442,-5363,-29,6469,293335000,2115,293335020,2115,100,-57,-45,84,2485,-68,40,2483
22876729,5730,509126077,53311028,3442,-5363,-28,6469,293335000,2115,293335030,2115,99,-59,-8,93,2466,-32,49,2465
22886697,5730,509126092,53310991,3441,-5364,-29,6469,293335000,2115,293335040,2115,97,-60,39,145,2520,13,102,2520
22896659,5730,509126108,53310953,3441,-5365,-29,6469,293335000,2115,293335050,2115,96,-62,102,134,2585,75,91,2586
22908053,5730,509126123,53310916,3441,-5365,-30,6469,293335000,2115,293335060,2115,95,-64,79,73,2651,51,29,2651
22916847,5730,509126139,53310875,3441,-5366,-31,6469,293335050,2115,293335070,2115,93,-66,43,106,2626,14,63,2626
22926987,5730,509126154,53310838,3440,-5366,-32,6469,293335050,2115,293335080,2115,93,-68,2,90,2609,-27,47,2608
22936693,5730,509126170,53310800,3440,-5365,-33,6469,293335050,2115,293335090,2115,92,-70,-7,38,2592,-36,-4,2590
22946656,5730,509126185,53310763,3439,-5365,-34,6469,293335050,2115,293335100,2115,92,-72,-12,89,2578,-43,48,2577
22957901,5730,509126201,53310725,3440,-5365,-35,6469,293335050,2115,293335110,2115,92,-74,45,28,2649,13,-14,2648
22966841,5730,509126216,53310685,3439,-5365,-37,6469,293335100,2115,293335120,2115,92,-76,58,85,2736,24,41,2736
22976762,5730,509126232,53310647,3440,-5366,-38,6469,293335100,2115,293335130,2115,93,-77,83,23,2750,48,-22,2749
22987248,5730,509126247,53310610,3440,-5366,-41,6469,293335100,2115,293335140,2115,94,-79,35,19,2818,-2,-28,2816
22996996,5730,509126262,53310572,3440,-5365,-43,6469,293335100,2115,293335150,2115,95,-81,-13,46,2762,-50,-1,2760
23006952,5730,509126278,53310534,3440,-5365,-45,6469,293335100,2115,293335160,2115,96,-82,-26,23,2790,-64,-24,2787
23016796,5730,509126293,53310494,3440,-5364,-48,6469,293335150,2115,293335170,2115,97,-83,8,-6,2817,-31,-54,2814
23026744,5730,509126309,53310456,3440,-5364,-50,6469,293335150,2115,293335180,2115,99,-85,46,24,2840,6,-25,2839
23036673,5730,509126324,53310419,3440,-5364,-52,6469,293335150,2115,293335190,2115,100,-86,61,13,2776,21,-35,2775
23046683,5730,509126340,53310381,3440,-5364,-54,6469,293335150,2115,293335200,2115,101,-87,47,45,2652,9,-2,2651
23056937,5731,509126355,53310344,3441,-5364,-55,6469,293335150,2115,293335210,2115,102,-87,24,-28,2710,-15,-77,2707
23066799,5731,509126371,53310303,3441,-5364,-57,6469,293335200,2115,293335220,2115,102,-88,7,44,2687,-32,-4,2685
23076731,5731,509126386,53310266,3441,-5363,-58,6469,293335200,2115,293335230,2115,103,-88,-4,22,2723,-45,-28,2721
23086663,5732,509126402,53310228,3441,-5363,-60,6469,293335200,2115,293335240,2115,103,-88,38,36,2752,-3,-14,2750
23096681,5732,509126417,53310191,3440,-5363,-62,6469,293335200,2115,293335250,2115,103,-88,28,85,2745,-13,35,2744
23106904,5732,509126433,53310153,3441,-5363,-64,6469,293335200,2115,293335260,2115,103,-87,55,31,2762,15,-19,2760
23116810,5733,509126448,53310113,3441,-5363,-66,6469,293335250,2115,293335270,2115,102,-86,42,63,2740,2,14,2739
23126762,5733,509126463,53310075,3440,-5363,-68,6469,293335250,2115,293335280,2115,102,-85,-14,82,2707,-53,34,2705
23136775,5733,509126479,53310038,3440,-5363,-69,6469,293335250,2115,293335290,2115,101,-83,18,62,2592,-18,16,2591
23146663,5733,509126494,53310000,3440,-5363,-69,6469,293335250,2115,293335300,2115,100,-81,-8,72,2522,-42,28,2520
23156910,5734,509126510,53309962,3439,-5363,-69,6469,293335250,2115,293335310,2115,99,-79,0,125,2555,-34,80,2554
23166857,5734,509126525,53309922,3439,-5363,-70,6469,293335300,2115,293335320,2115,98,-77,60,85,2587,27,41,2587
23176745,5734,509126541,53309885,3439,-5364,-70,6469,293335300,2115,293335330,2115,96,-76,128,130,2526,96,88,2527
23186652,5734,509126556,53309847,3439,-5364,-70,6469,293335300,2115,293335340,2115,95,-74,77,35,2475,47,-6,2475
23196646,5734,509126572,53309809,3439,-5365,-70,6469,293335300,2115,293335350,2115,93,-72,27,84,2478,-2,43,2478
23208083,5734,509126587,53309772,3438,-5365,-69,6469,293335300,2115,293335360,2115,92,-70,-21,130,2439,-50,90,2439
23216837,5734,509126603,53309732,3437,-5364,-68,6469,293335350,2115,293335370,2115,92,-68,-26,83,2407,-53,44,2406
23226732,5734,509126618,53309694,3437,-5365,-67,6469,293335350,2115,293335380,2115,91,-66,56,69,2282,31,33,2281
23236656,5734,509126633,53309656,3437,-5365,-65,6469,293335350,2115,293335390,2115,90,-63,69,41,2345,45,4,2345
23246680,5734,509126649,53309619,3437,-5366,-65,6469,293335350,2115,293335400,2115,89,-61,99,63,2435,75,25,2434
23256925,5734,509126664,53309581,3437,-5366,-64,6469,293335350,2115,293335410,2115,89,-59,25,114,2409,1,76,2409
23266838,5734,509126680,53309541,3437,-5366,-64,6469,293335400,2115,293335420,2115,89,-57,17,83,2461,-6,45,2460
23276743,5734,509126695,53309503,3437,-5366,-62,6469,293335400,2115,293335430,2115,89,-55,7,-5,2313,-13,-42,2311
23286694,5734,509126711,53309466,3436,-5366,-61,6469,293335400,2115,293335440,2115,89,-53,-8,69,2288,-28,33,2287
23296671,5734,509126726,53309428,3436,-5366,-59,6469,293335400,2115,293335450,2115,90,-51,45,69,2249,27,33,2249
23306913,5734,509126742,53309391,3436,-5366,-57,6469,293335400,2115,293335460,2115,90,-50,55,54,2292,37,17,2292
23316820,5734,509126757,53309350,3437,-5367,-55,6469,293335450,2115,293335470,2115,91,-49,81,-7,2222,64,-42,2220
23327280,5734,509126773,53309313,3437,-5367,-53,6469,293335450,2115,293335480,2115,91,-48,58,51,2260,41,15,2259
23336667,5734,509126788,53309275,3437,-5367,-51,6469,293335450,2115,293335490,2115,92,-47,20,75,2197,3,39,2197
23346695,5734,509126803,53309237,3437,-5367,-48,6469,293335450,2115,293335500,2115,93,-47,33,21,2224,17,-15,2222
23356982,5734,509126819,53309200,3437,-5367,-46,6469,293335450,2115,293335510,2115,94,-46,44,15,2228,28,-22,2227
23366835,5734,509126834,53309160,3438,-5368,-44,6469,293335500,2115,293335520,2115,95,-46,73,11,2245,57,-26,2243
23376768,5734,509126850,53309122,3438,-5368,-42,6469,293335500,2115,293335530,2115,96,-46,37,33,2258,20,-5,2257
23386655,5734,509126865,53309084,3438,-5368,-41,6469,293335500,2115,293335540,2115,96,-46,17,58,2295,0,19,2294
23396666,5734,509126881,53309047,3438,-5368,-40,6469,293335500,2115,293335550,2115,97,-47,23,-42,2378,6,-83,2375
23406973,5734,509126896,53309009,3438,-5368,-38,6469,293335500,2115,293335560,2115,97,-47,33,77,2279,16,38,2279
23416811,5735,509126912,53308969,3437,-5368,-36,6469,293335550,2115,293335570,2115,98,-48,7,132,2301,-11,92,2301
23426729,5735,509126927,53308931,3438,-5368,-36,6469,293335550,2115,293335580,2115,98,-49,11,-106,2412,-7,-147,2408
23436671,5735,509126943,53308894,3438,-5368,-34,6469,293335550,2115,293335590,2115,98,-50,34,42,2330,16,2,2329
23446662,5735,509126958,53308856,3438,-5368,-33,6469,293335550,2115,293335600,2115,99,-51,70,64,2311,51,24,2311
23458049,5735,509126973,53308818,3438,-5368,-32,6469,293335550,2115,293335610,2115,98,-52,52,71,2345,32,31,2344
23466847,5735,509126989,53308778,3438,-5368,-30,6469,293335600,2115,293335620,2115,98,-53,-10,14,2329,-30,-26,2327
23477689,5735,509127004,53308741,3438,-5368,-29,6469,293335600,2115,293335630,2115,98,-54,-4,43,2380,-25,2,2379
23486680,5735,509127020,53308703,3438,-5368,-28,6469,293335600,2115,293335640,2115,97,-54,-18,100,2375,-39,59,2374
23496742,5735,509127035,53308665,3438,-5368,-27,6469,293335600,2115,293335650,2115,96,-55,47,73,2358,25,33,2357
23506906,5735,509127051,53308628,3438,-5368,-27,6469,293335600,2115,293335660,2115,95,-56,109,-16,2423,87,-56,2422
23516826,5736,509127066,53308588,3439,-5368,-27,6469,293335650,2115,293335670,2115,94,-57,33,-55,2575,10,-97,2573
23526739,5736,509127082,53308550,3438,-5368,-27,6469,293335650,2115,293335680,2115,93,-58,-13,132,2433,-36,92,2433
23536652,5736,509127097,53308512,3436,-5368,-26,6469,293335650,2115,293335690,2115,92,-59,-89,253,2411,-113,213,2411
23546720,5736,509127113,53308475,3437,-5368,-25,6469,293335650,2115,293335700,2115,91,-59,20,20,2348,-2,-17,2346
23556947,5736,509127128,53308437,3437,-5368,-24,6469,293335650,2115,293335710,2115,90,-59,42,-20,2369,19,-57,2367
23566820,5736,509127143,53308397,3437,-5369,-23,6469,293335700,2115,293335720,2115,89,-60,52,119,2484,27,80,2484
23576771,5736,509127159,53308359,3437,-5369,-23,6469,293335700,2115,293335730,2115,88,-60,53,55,2481,28,16,2480
23586663,5736,509127174,53308321,3436,-5369,-24,6469,293335700,2115,293335740,2115,86,-60,38,76,2536,13,37,2536
23597082,5736,509127190,53308284,3436,-5369,-24,6469,293335700,2115,293335750,2115,85,-61,12,97,2561,-14,59,2560
23608106,5736,509127205,53308246,3435,-5369,-24,6469,293335700,2115,293335760,2115,84,-61,-15,84,2517,-40,46,2516
23616794,5736,509127221,53308206,3435,-5370,-23,6469,293335750,2115,293335770,2115,83,-61,4,124,2401,-20,88,2401
23627467,5736,509127236,53308168,3435,-5370,-23,6469,293335750,2115,293335780,2115,82,-61,25,32,2422,2,-3,2420
23636658,5736,509127252,53308131,3435,-5370,-22,6469,293335750,2115,293335790,2115,82,-60,66,-3,2402,43,-37,2400
23646697,5736,509127267,53308093,3435,-5370,-21,6469,293335750,2115,293335800,2115,81,-60,14,131,2451,-10,95,2451
23656980,5736,509127282,53308055,3434,-5370,-22,6469,293335750,2115,293335810,2115,81,-59,14,42,2556,-11,5,2555
23666812,5736,509127298,53308015,3434,-5370,-23,6469,293335800,2115,293335820,2115,80,-58,10,73,2634,-15,36,2633
23676727,5737,509127313,53307977,3434,-5370,-24,6469,293335800,2115,293335830,2115,80,-58,-2,18,2611,-27,-19,2609
23687247,5737,509127329,53307940,3434,-5370,-25,6469,293335800,2115,293335840,2115,80,-57,31,47,2615,6,10,2614
23696668,5737,509127344,53307902,3434,-5370,-25,6469,293335800,2115,293335850,2115,80,-56,27,92,2487,4,57,2487
23706910,5737,509127360,53307864,3434,-5370,-25,6469,293335800,2115,293335860,2115,80,-56,26,52,2503,3,17,2501
23716825,5737,509127375,53307824,3434,-5370,-24,6469,293335850,2115,293335870,2115,80,-55,7,-6,2462,-15,-41,2460
23726755,5737,509127390,53307787,3434,-5370,-24,6469,293335850,2115,293335880,2115,80,-54,0,47,2508,-22,11,2507
23736662,5737,509127406,53307749,3433,-5370,-25,6469,293335850,2115,293335890,2115,80,-54,23,62,2504,1,27,2503
23746689,5738,509127421,53307711,3434,-5370,-25,6469,293335850,2115,293335900,2115,80,-54,85,-1,2569,63,-37,2568
23757608,5738,509127437,53307674,3434,-5371,-26,6469,293335850,2115,293335910,2115,81,-53,88,56,2562,66,19,2561
23766830,5738,509127452,53307633,3434,-5371,-26,6469,293335900,2115,293335920,2115,81,-53,45,27,2583,23,-10,2582
23776785,5738,509127468,53307596,3434,-5371,-27,6469,293335900,2115,293335930,2115,82,-53,2,66,2637,-20,28,2636
23786686,5739,509127483,53307558,3434,-5371,-28,6470,293335900,2115,293335940,2115,82,-53,-18,10,2668,-41,-29,2666
23796663,5739,509127498,53307520,3433,-5370,-30,6470,293335900,2115,293335950,2115,82,-53,-37,90,2720,-60,51,2719
23807040,5739,509127514,53307483,3433,-5371,-31,6470,293335900,2115,293335960,2115,82,-53,12,62,2675,-11,23,2674
23816816,5739,509127529,53307442,3434,-5371,-32,6470,293335950,2115,293335970,2115,82,-53,66,-4,2618,44,-42,2616
23826728,5739,509127545,53307405,3434,-5371,-33,6470,293335950,2115,293335980,2115,83,-53,88,79,2582,66,42,2582
23837455,5740,509127560,53307367,3434,-5371,-34,6470,293335950,2115,293335990,2115,83,-54,47,43,2632,24,5,2631
23846671,5740,509127576,53307329,3434,-5371,-35,6470,293335950,2115,293336000,2115,83,-54,-25,-11,2639,-48,-50,2636
23856940,5740,509127591,53307292,3433,-5371,-37,6470,293335950,2115,293336010,2115,83,-54,-3,112,2726,-28,71,2725
23866827,5740,509127606,53307252,3433,-5371,-38,6470,293336000,2115,293336020,2115,83,-55,30,31,2671,6,-8,2670
23876721,5741,509127622,53307214,3434,-5371,-39,6470,293336000,2115,293336030,2115,83,-55,64,56,2662,41,17,2661
23886656,5741,509127637,53307176,3434,-5371,-41,6470,293336000,2115,293336040,2115,84,-56,23,27,2661,-1,-13,2660
23897656,5741,509127653,53307139,3433,-5371,-42,6470,293336000,2115,293336050,2115,84,-56,30,61,2718,5,20,2717
23906982,5741,509127668,53307101,3433,-5371,-44,6470,293336000,2115,293336060,2115,85,-56,-9,38,2730,-34,-3,2728
23916814,5741,509127684,53307061,3433,-5371,-46,6470,293336050,2115,293336070,2115,85,-57,1,47,2720,-24,7,2718
23926744,5741,509127699,53307023,3433,-5371,-47,6470,293336050,2115,293336080,2115,84,-57,1,84,2652,-24,44,2651
23936666,5742,509127714,53306985,3433,-5371,-49,6470,293336050,2115,293336090,2115,84,-57,48,76,2709,22,36,2708
23946709,5742,509127730,53306948,3433,-5372,-50,6470,293336050,2115,293336100,2115,84,-58,100,29,2716,74,-10,2715
23957010,5742,509127745,53306910,3433,-5372,-49,6470,293336050,2115,293336110,2115,84,-58,86,52,2350,64,18,2349
23966837,5742,509127761,53306870,3433,-5372,-48,6470,293336100,2115,293336120,2115,84,-57,-76,35,2322,-97,0,2320
23977299,5742,509127776,53306832,3432,-5370,-49,6470,293336100,2115,293336130,2115,84,-57,-126,1,2672,-151,-39,2668
23986983,5742,509127792,53306794,3431,-5370,-51,6470,293336100,2115,293336140,2115,83,-56,-56,110,2805,-82,69,2804
23996706,5743,509127807,53306757,3432,-5371,-54,6470,293336100,2115,293336150,2115,81,-56,153,95,2814,127,55,2814
24007576,5743,509127822,53306719,3432,-5373,-56,6470,293336100,2115,293336160,2115,80,-56,207,128,2768,181,89,2770
24017090,5743,509127838,53306679,3432,-5373,-56,6470,293336150,2115,293336170,2115,80,-57,94,23,2511,71,-12,2510
24026779,5743,509127853,53306641,3432,-5373,-55,6470,293336150,2115,293336180,2115,80,-56,-59,25,2332,-80,-8,2330
24036671,5743,509127869,53306603,3430,-5371,-53,6470,293336150,2115,293336190,2115,80,-55,-248,104,2289,-268,70,2286
24047003,5743,509127884,53306566,3430,-5370,-51,6470,293336150,2115,293336200,2115,79,-54,-80,9,2236,-99,-23,2234
24056962,5743,509127900,53306528,3429,-5371,-51,6470,293336150,2115,293336210,2115,78,-53,11,135,2446,-10,101,2446
24066824,5743,509127915,53306488,3431,-5372,-52,6470,293336200,2115,293336220,2115,77,-53,243,-46,2676,220,-82,2675
24077391,5744,509127930,53306450,3432,-5374,-54,6470,293336200,2115,293336230,2115,77,-53,289,84,2750,265,48,2751
24086662,5744,509127946,53306413,3431,-5375,-55,6470,293336200,2115,293336240,2115,76,-54,157,199,2692,132,163,2694
24096687,5744,509127961,53306375,3431,-5374,-55,6470,293336200,2115,293336250,2115,77,-54,-149,14,2414,-170,-19,2410
24107507,5743,509127977,53306337,3429,-5372,-52,6470,293336200,2115,293336260,2115,77,-54,-298,34,2184,-316,3,2179
24116825,5743,509127992,53306297,3429,-5371,-50,6470,293336250,2115,293336270,2115,77,-53,-146,-17,2248,-165,-49,2244
24126791,5743,509128007,53306259,3429,-5372,-50,6470,293336250,2115,293336280,2115,76,-53,107,40,2413,86,8,2412
24137199,5743,509128023,53306222,3430,-5373,-49,6470,293336250,2115,293336290,2115,76,-53,260,65,2455,239,33,2456
24146682,5743,509128038,53306184,3431,-5375,-50,6470,293336250,2115,293336300,2115,76,-54,253,0,2562,231,-33,2562
24156940,5743,509128054,53306146,3431,-5375,-50,6470,293336250,2115,293336310,2115,77,-55,85,93,2524,63,59,2524
24167034,5743,509128069,53306106,3430,-5374,-49,6470,293336300,2115,293336320,2115,77,-56,-127,24,2366,-148,-9,2363
24176735,5743,509128085,53306068,3430,-5373,-48,6470,293336300,2115,293336330,2115,78,-56,-139,-26,2362,-161,-59,2359
24186679,5742,509128100,53306031,3430,-5373,-46,6470,293336300,2115,293336340,2115,78,-57,-47,-13,2359,-68,-46,2356
24197009,5742,509128115,53305993,3430,-5373,-46,6470,293336300,2115,293336350,2115,79,-57,81,74,2445,58,40,2445
24206912,5742,509128131,53305955,3431,-5374,-45,6470,293336300,2115,293336360,2115,79,-58,144,-11,2419,122,-45,2418
24217040,5742,509128146,53305915,3431,-5374,-45,6470,293336350,2115,293336370,2115,80,-58,130,-4,2505,106,-38,2504
24227362,5742,509128162,53305877,3431,-5374,-45,6470,293336350,2115,293336380,2115,81,-59,2,29,2466,-21,-6,2464
24236662,5741,509128177,53305840,3431,-5373,-45,6470,293336350,2115,293336390,2115,81,-59,-62,56,2458,-86,21,2456
24246687,5741,509128192,53305802,3431,-5373,-44,6470,293336350,2115,293336400,2115,82,-60,-56,-27,2392,-79,-62,2389
24257248,5741,509128208,53305764,3431,-5372,-43,6470,293336350,2115,293336410,2115,82,-60,23,-36,2421,0,-72,2419
24266810,5740,509128223,53305724,3432,-5373,-42,6470,293336400,2115,293336420,2115,83,-60,69,63,2395,45,28,2395
24276729,5740,509128239,53305686,3432,-5373,-42,6470,293336400,2115,293336430,2115,83,-60,101,19,2453,77,-17,2452
24287493,5740,509128254,53305649,3433,-5373,-41,6470,293336400,2115,293336440,2115,84,-60,59,-61,2429,35,-96,2427
24296888,5740,509128270,53305611,3433,-5372,-41,6470,293336400,2115,293336450,2115,84,-60,-14,-7,2436,-38,-43,2433
24307310,5739,509128285,53305573,3433,-5372,-40,6470,293336400,2115,293336460,2115,84,-60,-27,15,2389,-50,-20,2387
24316823,5739,509128300,53305533,3433,-5372,-39,6470,293336450,2115,293336470,2115,85,-60,14,47,2338,-9,12,2336
24326776,5739,509128316,53305495,3433,-5372,-38,6470,293336450,2115,293336480,2115,85,-61,60,-11,2383,37,-46,2382
24336729,5738,509128331,53305458,3434,-5372,-38,6470,293336450,2115,293336490,2115,85,-61,96,-26,2468,72,-63,2467
24346660,5738,509128347,53305420,3434,-5373,-37,6470,293336450,2115,293336500,2115,85,-61,64,27,2477,40,-10,2476
24357479,5738,509128362,53305382,3434,-5372,-37,6470,293336450,2115,293336510,2115,86,-61,25,-21,2426,1,-58,2424
24366814,5737,509128378,53305342,3434,-5372,-36,6470,293336500,2115,293336520,2115,86,-61,-12,4,2360,-35,-31,2358
24377323,5737,509128393,53305304,3435,-5372,-35,6470,293336500,2115,293336530,2115,86,-61,-9,-10,2396,-33,-46,2394
24386684,5737,509128408,53305267,3435,-5372,-34,6470,293336500,2115,293336540,2115,86,-61,21,23,2463,-4,-14,2461
24396683,5736,509128424,53305229,3435,-5372,-34,6470,293336500,2115,293336550,2115,86,-62,53,-10,2504,28,-48,2503
24407256,5736,509128439,53305191,3435,-5372,-35,6470,293336500,2115,293336560,2115,87,-62,68,10,2508,43,-28,2506
24416813,5736,509128455,53305151,3436,-5372,-34,6470,293336550,2115,293336570,2115,87,-62,69,-53,2472,44,-91,2469
24426729,5735,509128470,53305113,3436,-5371,-34,6470,293336550,2115,293336580,2115,87,-62,17,37,2450,-8,-1,2449
24436667,5735,509128486,53305076,3436,-5371,-33,6470,293336550,2115,293336590,2115,88,-63,-23,6,2394,-47,-32,2391
24446668,5735,509128501,53305038,3436,-5371,-32,6470,293336550,2115,293336600,2115,88,-63,-7,-16,2439,-32,-54,2436
24458274,5734,509128517,53305000,3437,-5371,-32,6470,293336550,2115,293336610,2115,88,-63,30,24,2503,4,-15,2501
24467624,5734,509128532,53304960,3437,-5371,-32,6470,293336600,2115,293336620,2115,88,-63,64,-12,2492,39,-51,2490
24476736,5733,509128547,53304923,3437,-5371,-33,6470,293336600,2115,293336630,2115,89,-63,75,17,2558,49,-23,2557
24486673,5733,509128563,53304885,3438,-5371,-33,6470,293336600,2115,293336640,2115,90,-63,48,-97,2517,23,-137,2513
24497486,5733,509128578,53304847,3438,-5370,-33,6470,293336600,2115,293336650,2115,90,-63,-7,35,2530,-33,-5,2528
24506928,5732,509128594,53304810,3438,-5370,-33,6470,293336600,2115,293336660,2115,90,-64,-17,-8,2547,-44,-48,2544
24516805,5732,509128609,53304769,3439,-5370,-34,6470,293336650,2115,293336670,2115,90,-64,13,6,2597,-14,-35,2595
24527518,5732,509128625,53304732,3439,-5369,-33,6470,293336650,2115,293336680,2115,91,-63,-1,-13,2403,-26,-52,2400
24536802,5731,509128640,53304694,3439,-5369,-33,6470,293336650,2115,293336690,2115,91,-63,49,6,2477,24,-34,2476
24546674,5731,509128656,53304656,3440,-5369,-33,6470,293336650,2115,293336700,2115,92,-62,60,-47,2442,36,-86,2439
24557535,5730,509128671,53304619,3440,-5369,-33,6470,293336650,2115,293336710,2115,92,-62,40,3,2544,14,-38,2542
24566837,5730,509128687,53304578,3441,-5369,-34,6470,293336700,2115,293336720,2115,92,-62,23,-53,2577,-2,-94,2574
24576761,5730,509128702,53304541,3441,-5369,-34,6470,293336700,2115,293336730,2115,92,-62,19,68,2593,-8,25,2592
24586686,5730,509128717,53304503,3441,-5368,-34,6470,293336700,2115,293336740,2115,92,-61,-4,-25,2502,-28,-66,2499
24596669,5729,509128733,53304465,3442,-5368,-34,6470,293336700,2115,293336750,2115,93,-60,31,-59,2505,7,-100,2502
24606897,5729,509128748,53304428,3442,-5368,-34,6470,293336700,2115,293336760,2115,93,-60,20,-2,2437,-3,-42,2435
24617220,5729,509128764,53304388,3442,-5368,-34,6470,293336750,2115,293336770,2115,93,-59,24,26,2502,0,-15,2500
24626755,5728,509128779,53304350,3442,-5367,-34,6470,293336750,2115,293336780,2115,93,-58,22,-23,2542,-1,-65,2540
24636664,5728,509128795,53304312,3443,-5367,-34,6470,293336750,2115,293336790,2115,93,-57,42,3,2533,18,-38,2531
24646677,5728,509128810,53304275,3443,-5367,-35,6470,293336750,2115,293336800,2115,92,-56,7,13,2537,-16,-28,2535
24657082,5727,509128826,53304237,3443,-5367,-34,6470,293336750,2115,293336810,2115,92,-55,24,16,2449,2,-23,2447
24666841,5727,509128841,53304197,3443,-5367,-34,6470,293336800,2115,293336820,2115,92,-54,22,-40,2512,1,-81,2509
24676768,5727,509128857,53304159,3444,-5367,-34,6470,293336800,2115,293336830,2115,91,-53,53,-33,2396,33,-72,2394
24686681,5727,509128872,53304121,3444,-5367,-33,6470,293336800,2115,293336840,2115,91,-52,25,102,2381,5,64,2381
24696910,5726,509128888,53304084,3444,-5366,-32,6470,293336800,2115,293336850,2115,91,-51,8,-52,2430,-11,-90,2428
24706923,5726,509128903,53304046,3444,-5366,-32,6470,293336800,2115,293336860,2115,90,-50,44,7,2520,24,-33,2518
24716836,5726,509128919,53304006,3445,-5366,-32,6470,293336850,2115,293336870,2115,90,-49,25,2,2492,5,-37,2490
24726754,5726,509128934,53303968,3445,-5367,-32,6470,293336850,2115,293336880,2115,89,-48,78,39,2518,59,0,2517
24736821,5725,509128950,53303931,3445,-5367,-31,6470,293336850,2115,293336890,2115,89,-47,40,56,2372,22,19,2371
24747054,5725,509128965,53303893,3445,-5367,-31,6470,293336850,2115,293336900,2115,89,-46,25,-37,2435,8,-75,2432
24756957,5725,509128981,53303855,3445,-5366,-30,6470,293336850,2115,293336910,2115,88,-46,-3,17,2429,-21,-21,2427
24766874,5725,509128996,53303815,3446,-5367,-30,6470,293336900,2115,293336920,2115,88,-45,37,36,2467,19,-3,2466
24777228,5725,509129012,53303778,3446,-5366,-29,6470,293336900,2115,293336930,2115,88,-45,31,-8,2452,14,-46,2450
24786673,5725,509129027,53303740,3446,-5367,-29,6470,293336900,2115,293336940,2115,87,-45,57,34,2445,40,-4,2444
24797160,5724,509129043,53303702,3447,-5367,-29,6470,293336900,2115,293336950,2115,87,-45,60,6,2449,43,-32,2448
24806943,5724,509129058,53303665,3447,-5367,-29,6471,293336900,2115,293336960,2115,88,-45,69,-13,2505,52,-52,2503
24816823,5724,509129074,53303624,3447,-5367,-28,6471,293336950,2115,293336970,2115,88,-45,24,21,2451,7,-17,2449
24827400,5724,509129089,53303587,3448,-5367,-28,6471,293336950,2115,293336980,2115,88,-45,15,-16,2479,-2,-54,2477
24836655,5724,509129105,53303549,3447,-5367,-28,6471,293336950,2115,293336990,2115,88,-46,10,80,2520,-8,41,2519
24846687,5724,509129120,53303511,3448,-5367,-28,6471,293336950,2115,293337000,2115,88,-46,42,1,2523,23,-38,2522
24857170,5724,509129136,53303474,3448,-5367,-28,6471,293336950,2115,293337010,2115,88,-47,62,-39,2506,43,-78,2504
24866808,5724,509129151,53303434,3449,-5367,-28,6471,293337000,2115,293337020,2115,88,-48,54,-3,2472,35,-41,2471
24876749,5724,509129167,53303396,3449,-5367,-28,6471,293337000,2115,293337030,2115,88,-49,57,47,2465,38,9,2464
24886675,5724,509129182,53303358,3449,-5367,-28,6471,293337000,2115,293337040,2115,89,-50,27,-1,2506,7,-40,2504
24896676,5724,509129198,53303321,3449,-5367,-28,6471,293337000,2115,293337050,2115,89,-51,18,15,2569,-3,-25,2567
24906913,5724,509129213,53303283,3450,-5367,-29,6471,293337000,2115,293337060,2115,89,-52,38,-11,2640,16,-52,2637
24916835,5724,509129229,53303243,3449,-5367,-30,6471,293337050,2115,293337070,2115,89,-53,25,85,2594,3,45,2593
24926761,5724,509129244,53303205,3450,-5367,-31,6471,293337050,2115,293337080,2115,89,-55,59,-3,2586,36,-43,2585
24937422,5724,509129260,53303167,3450,-5367,-32,6471,293337050,2115,293337090,2115,89,-56,47,-4,2610,24,-45,2608
24946706,5724,509129275,53303130,3450,-5367,-32,6471,293337050,2115,293337100,2115,90,-57,34,64,2548,11,24,2547
24957073,5724,509129291,53303092,3450,-5367,-33,6471,293337050,2115,293337110,2115,90,-58,5,3,2624,-20,-39,2622
24966820,5724,509129306,53303052,3450,-5367,-33,6471,293337100,2115,293337120,2115,91,-59,26,53,2559,2,12,2558
24976758,5724,509129322,53303014,3451,-5367,-34,6471,293337100,2115,293337130,2115,91,-60,46,8,2634,21,-34,2632
24986668,5724,509129337,53302977,3451,-5367,-35,6471,293337100,2115,293337140,2115,91,-61,62,5,2623,36,-37,2622
24997529,5724,509129353,53302939,3451,-5367,-36,6471,293337100,2115,293337150,2115,92,-62,70,50,2637,43,7,2637
25006967,5724,509129368,53302901,3451,-5367,-37,6471,293337100,2115,293337160,2115,93,-62,47,-3,2608,20,-45,2606
25017412,5724,509129384,53302861,3451,-5367,-38,6471,293337150,2115,293337170,2115,94,-63,6,18,2593,-20,-25,2591
25026730,5724,509129399,53302823,3451,-5367,-38,6471,293337150,2115,293337180,2115,94,-63,-23,47,2578,-50,4,2577
25036660,5724,509129415,53302786,3451,-5367,-39,6471,293337150,2115,293337190,2115,95,-64,15,59,2610,-12,16,2609
25046689,5724,509129430,53302748,3451,-5367,-40,6471,293337150,2115,293337200,2115,96,-64,68,6,2645,40,-39,2644
25056956,5724,509129446,53302710,3452,-5367,-41,6471,293337150,2115,293337210,2115,97,-64,87,-36,2617,60,-80,2615
25066805,5724,509129461,53302670,3452,-5367,-42,6471,293337200,2115,293337220,2115,98,-64,84,74,2555,57,30,2555
25076744,5724,509129477,53302633,3452,-5367,-42,6471,293337200,2115,293337230,2115,99,-64,7,62,2536,-20,18,2535
25086686,5724,509129492,53302595,3452,-5367,-43,6471,293337200,2115,293337240,2115,99,-64,-9,4,2574,-36,-42,2572
25097215,5724,509129508,53302557,3452,-5367,-43,6471,293337200,2115,293337250,2115,100,-64,0,-10,2534,-26,-55,2531
25106915,5724,509129523,53302520,3452,-5367,-43,6471,293337200,2115,293337260,2115,100,-64,42,81,2561,15,36,2561
25116824,5724,509129539,53302479,3453,-5367,-43,6471,293337250,2115,293337270,2115,101,-64,86,28,2516,60,-16,2515
25126773,5724,509129554,53302442,3453,-5368,-44,6471,293337250,2115,293337280,2115,101,-64,90,50,2573,64,4,2573
25136657,5724,509129570,53302404,3453,-5368,-44,6471,293337250,2115,293337290,2115,102,-63,72,9,2490,46,-35,2488
25146674,5724,509129585,53302366,3453,-5368,-44,6471,293337250,2115,293337300,2115,102,-63,16,23,2526,-10,-23,2525
25156920,5724,509129601,53302329,3453,-5367,-44,6471,293337250,2115,293337310,2115,103,-62,-26,69,2478,-51,24,2476
25166821,5724,509129616,53302289,3453,-5367,-44,6471,293337300,2115,293337320,2115,103,-62,-1,37,2512,-26,-9,2510
25176740,5724,509129632,53302251,3453,-5368,-44,6471,293337300,2115,293337330,2115,104,-61,78,80,2550,52,33,2550
25187611,5724,509129647,53302213,3454,-5368,-45,6471,293337300,2115,293337340,2115,104,-60,119,-14,2547,95,-60,2546
25196661,5724,509129663,53302176,3454,-5368,-45,6471,293337300,2115,293337350,2115,104,-60,81,24,2486,57,-22,2485
25206951,5724,509129679,53302138,3454,-5368,-44,6471,293337300,2115,293337360,2115,105,-59,23,96,2400,-1,52,2400
25217306,5724,509129694,53302098,3454,-5368,-44,6471,293337350,2115,293337370,2115,105,-59,-30,-3,2456,-53,-49,2454
25226742,5724,509129710,53302060,3454,-5368,-43,6471,293337350,2115,293337380,2115,105,-58,16,55,2409,-7,11,2408
25236694,5724,509129725,53302022,3454,-5368,-42,6471,293337350,2115,293337390,2115,105,-57,65,94,2430,42,49,2430
25246706,5724,509129741,53301985,3454,-5369,-42,6471,293337350,2115,293337400,2115,106,-57,105,12,2413,83,-32,2412
25257483,5724,509129756,53301947,3454,-5369,-41,6471,293337350,2115,293337410,2115,106,-56,82,53,2442,60,8,2441
25266870,5724,509129772,53301907,3454,-5369,-40,6471,293337400,2115,293337420,2115,106,-55,40,31,2410,18,-14,2409
25276770,5724,509129787,53301869,3454,-5369,-40,6471,293337400,2115,293337430,2115,107,-54,15,59,2463,-7,13,2462
25286703,5724,509129803,53301832,3454,-5369,-39,6471,293337400,2115,293337440,2115,107,-54,-14,21,2393,-34,-24,2391
25296665,5724,509129818,53301794,3454,-5369,-38,6471,293337400,2115,293337450,2115,108,-53,47,91,2413,26,45,2413
25307404,5724,509129834,53301756,3454,-5370,-37,6471,293337400,2115,293337460,2115,108,-52,64,11,2374,45,-34,2373
25316823,5724,509129849,53301716,3455,-5370,-37,6471,293337450,2115,293337470,2115,108,-51,115,47,2406,96,1,2406
25326796,5724,509129865,53301678,3455,-5371,-36,6471,293337450,2115,293337480,2115,109,-50,77,30,2360,58,-15,2359
25337238,5723,509129880,53301641,3455,-5371,-35,6471,293337450,2115,293337490,2115,109,-49,57,67,2352,38,22,2351
25346668,5723,509129896,53301603,3455,-5371,-33,6471,293337450,2115,293337500,2115,110,-49,4,7,2320,-14,-38,2318
25357314,5723,509129911,53301565,3455,-5371,-32,6471,293337450,2115,293337510,2115,110,-48,3,57,2383,-16,11,2382
25366844,5723,509129927,53301525,3455,-5371,-31,6471,293337500,2115,293337520,2115,110,-48,53,82,2367,34,36,2367
25376733,5723,509129942,53301487,3456,-5371,-30,6471,293337500,2115,293337530,2115,111,-48,97,-58,2403,79,-105,2400
25386699,5723,509129958,53301450,3456,-5372,-29,6471,293337500,2115,293337540,2115,111,-47,97,115,2374,79,69,2375
25396664,5723,509129974,53301412,3457,-5372,-28,6471,293337500,2115,293337550,2115,111,-47,76,22,2393,58,-25,2392
25408043,5723,509129989,53301374,3457,-5372,-28,6471,293337500,2115,293337560,2115,111,-48,18,7,2431,0,-41,2429
25416940,5723,509130005,53301334,3457,-5372,-27,6471,293337550,2115,293337570,2115,111,-48,-4,70,2365,-23,24,2364
25426722,5723,509130020,53301297,3457,-5372,-26,6471,293337550,2115,293337580,2115,111,-48,32,52,2433,13,5,2432
25436665,5723,509130036,53301259,3457,-5372,-26,6471,293337550,2115,293337590,2115,111,-49,75,22,2443,56,-26,2442
25446686,5723,509130051,53301221,3457,-5373,-25,6471,293337550,2115,293337600,2115,111,-50,107,49,2439,88,2,2439
25456933,5723,509130067,53301183,3458,-5373,-25,6471,293337550,2115,293337610,2115,110,-51,85,24,2453,65,-24,2452
25466821,5723,509130082,53301143,3458,-5373,-25,6471,293337600,2115,293337620,2115,110,-52,34,76,2516,13,27,2515
25477699,5723,509130098,53301106,3458,-5373,-25,6471,293337600,2115,293337630,2115,109,-53,11,11,2443,-10,-36,2441
25486710,5723,509130113,53301068,3457,-5373,-25,6471,293337600,2115,293337640,2115,109,-54,14,131,2504,-8,83,2504
25497353,5723,509130129,53301030,3457,-5374,-24,6471,293337600,2115,293337650,2115,108,-55,6,85,2488,-16,38,2487
25506934,5723,509130144,53300992,3457,-5374,-25,6471,293337600,2115,293337660,2115,107,-56,84,12,2549,61,-36,2547
25516832,5723,509130160,53300952,3458,-5374,-25,6471,293337650,2115,293337670,2115,107,-57,84,50,2545,61,2,2544
25526747,5723,509130176,53300914,3458,-5375,-26,6471,293337650,2115,293337680,2115,106,-58,105,43,2559,80,-4,2558
25536652,5723,509130191,53300877,3458,-5375,-26,6471,293337650,2115,293337690,2115,106,-60,15,87,2578,-10,39,2577
25546683,5723,509130207,53300839,3457,-5375,-27,6471,293337650,2115,293337700,2115,105,-61,-26,71,2572,-51,24,2571
25557022,5723,509130222,53300801,3457,-5374,-27,6471,293337650,2115,293337710,2115,104,-62,-20,34,2587,-46,-13,2585
25566849,5723,509130238,53300761,3457,-5374,-28,6471,293337700,2115,293337720,2115,104,-63,41,54,2607,14,6,2606
25577103,5723,509130253,53300723,3457,-5375,-29,6471,293337700,2115,293337730,2115,103,-63,111,99,2637,84,51,2637
25586671,5723,509130269,53300686,3458,-5375,-30,6471,293337700,2115,293337740,2115,103,-64,82,7,2584,55,-39,2583
25596664,5723,509130284,53300648,3457,-5376,-31,6471,293337700,2115,293337750,2115,103,-65,31,99,2617,3,52,2616
25606940,5723,509130300,53300610,3458,-5375,-32,6471,293337700,2115,293337760,2115,102,-66,-25,-16,2626,-53,-63,2623
25616806,5723,509130315,53300570,3457,-5375,-33,6471,293337750,2115,293337770,2115,102,-67,20,77,2656,-9,29,2655
25626735,5723,509130331,53300532,3457,-5375,-34,6471,293337750,2115,293337780,2115,101,-68,53,87,2618,23,40,2618
25636707,5723,509130346,53300495,3457,-5376,-35,6471,293337750,2115,293337790,2115,100,-68,63,29,2639,33,-18,2638
25646667,5723,509130362,53300457,3458,-5376,-36,6471,293337750,2115,293337800,2115,100,-69,92,50,2580,63,5,2580
25658114,5723,509130378,53300419,3458,-5376,-37,6471,293337750,2115,293337810,2115,100,-69,46,41,2622,16,-5,2621
25666817,5723,509130393,53300379,3458,-5376,-38,6471,293337800,2115,293337820,2115,100,-70,33,58,2634,2,12,2633
25676755,5723,509130409,53300341,3458,-5376,-39,6471,293337800,2115,293337830,2115,99,-70,19,40,2660,-11,-7,2658
25686679,5723,509130424,53300303,3458,-5376,-40,6471,293337800,2115,293337840,2115,99,-70,33,55,2661,2,9,2660
25696671,5724,509130440,53300266,3458,-5377,-41,6471,293337800,2115,293337850,2115,98,-70,52,86,2679,21,40,2678
25706977,5724,509130455,53300228,3457,-5377,-43,6471,293337800,2115,293337860,2115,97,-70,52,66,2691,21,20,2691
25716844,5724,509130471,53300188,3458,-5377,-44,6471,293337850,2115,293337870,2115,97,-70,85,52,2620,55,7,2619
25726748,5724,509130486,53300150,3457,-5377,-44,6471,293337850,2115,293337880,2115,97,-70,12,73,2561,-17,30,2560
25736664,5724,509130502,53300112,3457,-5377,-45,6471,293337850,2115,293337890,2115,96,-70,-1,45,2529,-30,3,2527
25746657,5724,509130517,53300075,3457,-5377,-45,6471,293337850,2115,293337900,2115,95,-69,5,58,2562,-25,15,2561
25757003,5724,509130533,53300037,3457,-5377,-46,6471,293337850,2115,293337910,2115,94,-69,38,60,2576,9,17,2575
25766841,5724,509130548,53299997,3457,-5377,-46,6471,293337900,2115,293337920,2115,94,-68,82,82,2596,53,39,2596
25776756,5725,509130564,53299959,3457,-5378,-47,6471,293337900,2115,293337930,2115,93,-67,71,56,2574,42,14,2573
25786678,5725,509130579,53299921,3457,-5378,-48,6471,293337900,2115,293337940,2115,93,-67,50,76,2576,22,34,2575
25796998,5725,509130595,53299883,3457,-5378,-48,6471,293337900,2115,293337950,2115,92,-66,13,32,2490,-14,-9,2489
25806965,5725,509130611,53299846,3456,-5378,-48,6471,293337900,2115,293337960,2115,92,-65,-12,91,2513,-39,50,2512
25816825,5725,509130626,53299805,3456,-5378,-47,6471,293337950,2115,293337970,2115,91,-64,11,52,2497,-15,12,2496
25826954,5726,509130642,53299768,3456,-5378,-47,6471,293337950,2115,293337980,2115,90,-63,48,65,2474,22,26,2474
25836670,5726,509130657,53299730,3456,-5379,-47,6472,293337950,2115,293337990,2115,90,-62,92,35,2481,67,-4,2480
25846686,5726,509130673,53299692,3456,-5379,-47,6472,293337950,2115,293338000,2115,89,-61,80,67,2516,55,27,2516
25858180,5726,509130688,53299654,3456,-5379,-47,6472,293337950,2115,293338010,2115,89,-60,30,91,2456,6,52,2455
25866817,5726,509130704,53299614,3456,-5379,-47,6472,293338000,2115,293338020,2115,89,-59,-18,-7,2467,-41,-46,2464
25876753,5726,509130719,53299576,3456,-5379,-46,6472,293338000,2115,293338030,2115,89,-58,-17,84,2425,-40,46,2424
25887383,5727,509130735,53299539,3456,-5379,-45,6472,293338000,2115,293338040,2115,89,-57,39,68,2418,17,30,2417
25897219,5727,509130750,53299501,3456,-5379,-45,6472,293338000,2115,293338050,2115,89,-56,79,49,2427,57,11,2426
25906972,5727,509130766,53299463,3456,-5380,-44,6472,293338000,2115,293338060,2115,89,-55,81,66,2433,59,28,2432
25917465,5727,509130781,53299423,3456,-5380,-44,6472,293338050,2115,293338070,2115,89,-54,70,19,2439,49,-20,2438
25926786,5727,509130797,53299385,3456,-5380,-43,6472,293338050,2115,293338080,2115,90,-54,41,44,2417,21,5,2416
25936688,5728,509130812,53299347,3456,-5380,-42,6472,293338050,2115,293338090,2115,90,-53,-18,52,2381,-39,14,2379
25946803,5728,509130828,53299310,3456,-5380,-41,6472,293338050,2115,293338100,2115,91,-53,6,59,2379,-14,21,2378
25958079,5728,509130843,53299272,3455,-5380,-40,6472,293338050,2115,293338110,2115,92,-52,21,61,2397,0,23,2396
25966830,5728,509130859,53299231,3455,-5381,-40,6472,293338100,2115,293338120,2115,92,-52,76,49,2394,56,10,2393
25977587,5728,509130874,53299194,3456,-5381,-39,6472,293338100,2115,293338130,2115,93,-52,90,5,2460,70,-35,2459
25986715,5729,509130890,53299156,3456,-5381,-39,6472,293338100,2115,293338140,2115,94,-51,48,46,2410,28,6,2409
25996677,5729,509130906,53299118,3456,-5381,-38,6472,293338100,2115,293338150,2115,96,-51,4,73,2479,-17,31,2478
26008027,5729,509130921,53299080,3456,-5381,-38,6472,293338100,2115,293338160,2115,97,-51,-2,-3,2427,-21,-45,2424
26016822,5729,509130937,53299040,3456,-5381,-37,6472,293338150,2115,293338170,2115,98,-51,24,65,2410,5,23,2409
26026741,5729,509130952,53299002,3456,-5381,-36,6472,293338150,2115,293338180,2115,100,-51,45,53,2333,26,12,2332
26037231,5729,509130968,53298965,3456,-5382,-35,6472,293338150,2115,293338190,2115,101,-51,62,58,2375,43,16,2374
26046685,5729,509130983,53298927,3457,-5382,-34,6472,293338150,2115,293338200,2115,103,-51,56,-9,2408,37,-53,2406
26057619,5729,509130999,53298889,3457,-5382,-34,6472,293338150,2115,293338210,2115,105,-51,31,11,2463,11,-34,2461
26067351,5730,509131014,53298849,3456,-5382,-33,6472,293338200,2115,293338220,2115,106,-51,8,96,2417,-13,51,2416
26076751,5730,509131030,53298811,3456,-5382,-33,6472,293338200,2115,293338230,2115,108,-51,38,56,2453,18,9,2452
26086655,5730,509131045,53298773,3457,-5382,-32,6472,293338200,2115,293338240,2115,109,-52,34,12,2400,14,-34,2398
26096655,5730,509131061,53298736,3457,-5382,-31,6472,293338200,2115,293338250,2115,111,-52,53,51,2439,32,4,2438
26106924,5730,509131076,53298698,3457,-5382,-30,6472,293338200,2115,293338260,2115,113,-52,33,28,2393,13,-19,2392
26116855,5730,509131092,53298657,3457,-5382,-30,6472,293338250,2115,293338270,2115,115,-52,52,46,2473,31,-4,2472
26126764,5730,509131107,53298620,3457,-5382,-30,6472,293338250,2115,293338280,2115,117,-52,9,-11,2468,-11,-62,2465
26136942,5730,509131123,53298582,3458,-5382,-30,6472,293338250,2115,293338290,2115,119,-53,25,43,2491,4,-9,2489
26146682,5730,509131139,53298544,3457,-5382,-30,6472,293338250,2115,293338300,2115,120,-53,36,108,2481,14,55,2481
26157760,5730,509131154,53298506,3458,-5382,-30,6472,293338250,2115,293338310,2115,122,-54,57,14,2501,35,-40,2499
26166814,5730,509131170,53298466,3458,-5382,-30,6472,293338300,2115,293338320,2115,124,-55,53,36,2484,31,-18,2482
26176773,5730,509131185,53298428,3458,-5383,-29,6472,293338300,2115,293338330,2115,125,-55,58,47,2417,37,-6,2416
26187370,5730,509131201,53298391,3458,-5383,-29,6472,293338300,2115,293338340,2115,127,-56,39,50,2452,17,-5,2451
26196688,5730,509131216,53298353,3458,-5383,-28,6472,293338300,2115,293338350,2115,129,-57,0,46,2428,-22,-9,2426
26206940,5730,509131232,53298315,3458,-5383,-28,6472,293338300,2115,293338360,2115,131,-57,11,78,2528,-13,20,2527
26217019,5730,509131247,53298275,3458,-5383,-28,6472,293338350,2115,293338370,2115,132,-58,42,9,2529,18,-49,2527
26226743,5730,509131263,53298237,3458,-5383,-29,6472,293338350,2115,293338380,2115,134,-59,71,78,2603,46,17,2603
26236676,5730,509131278,53298199,3459,-5383,-30,6472,293338350,2115,293338390,2115,135,-60,75,5,2579,50,-55,2577
26247236,5730,509131294,53298161,3459,-5383,-30,6472,293338350,2115,293338400,2115,136,-60,33,71,2580,8,9,2579
26256931,5730,509131309,53298124,3459,-5383,-31,6472,293338350,2115,293338410,2115,138,-61,-19,42,2547,-44,-20,2545
26266854,5730,509131325,53298083,3459,-5382,-31,6472,293338400,2115,293338420,2115,139,-62,-18,54,2546,-44,-8,2545
26277284,5729,509131341,53298046,3459,-5382,-31,6472,293338400,2115,293338430,2115,140,-62,0,62,2479,-25,1,2477
26286680,5729,509131356,53298008,3459,-5382,-31,6472,293338400,2115,293338440,2115,141,-63,54,2,2522,28,-61,2520
26297069,5729,509131372,53297970,3459,-5383,-31,6472,293338400,2115,293338450,2115,142,-63,99,116,2540,73,53,2541
26307534,5729,509131387,53297932,3460,-5383,-32,6472,293338400,2115,293338460,2115,143,-63,82,17,2610,55,-48,2609
26316822,5729,509131403,53297892,3460,-5383,-33,6472,293338450,2115,293338470,2115,144,-64,21,-3,2630,-6,-70,2627
26326756,5728,509131418,53297854,3460,-5383,-34,6472,293338450,2115,293338480,2115,144,-64,-17,101,2592,-45,35,2592
26337427,5728,509131434,53297816,3459,-5383,-34,6472,293338450,2115,293338490,2115,145,-65,-30,105,2599,-58,38,2599
26346661,5728,509131449,53297779,3460,-5382,-35,6472,293338450,2115,293338500,2115,145,-65,5,21,2550,-22,-44,2548
26356923,5728,509131465,53297741,3460,-5382,-35,6472,293338450,2115,293338510,2115,146,-65,45,39,2559,18,-27,2558
26367073,5728,509131481,53297701,3460,-5382,-35,6472,293338500,2115,293338520,2115,146,-65,83,68,2512,56,4,2512
26376925,5728,509131496,53297663,3460,-5383,-36,6472,293338500,2115,293338530,2115,146,-64,47,76,2588,19,10,2588
26386697,5727,509131512,53297625,3460,-5382,-37,6472,293338500,2115,293338540,2115,147,-65,6,16,2594,-21,-51,2592
26396679,5727,509131527,53297587,3460,-5382,-38,6472,293338500,2115,293338550,2115,147,-65,1,88,2627,-27,20,2626
26406930,5727,509131543,53297550,3460,-5382,-38,6472,293338500,2115,293338560,2115,146,-65,-1,80,2554,-28,14,2553
26416857,5727,509131558,53297509,3460,-5382,-39,6472,293338550,2115,293338570,2115,146,-65,50,44,2579,22,-22,2577
26427473,5727,509131574,53297472,3460,-5382,-39,6472,293338550,2115,293338580,2115,146,-64,62,52,2537,36,-13,2536
26436682,5727,509131589,53297434,3460,-5383,-40,6472,293338550,2115,293338590,2115,146,-64,66,101,2567,38,35,2568
26446670,5726,509131605,53297396,3460,-5383,-40,6472,293338550,2115,293338600,2115,146,-64,21,37,2549,-6,-28,2547
26457749,5726,509131621,53297358,3460,-5382,-41,6472,293338550,2115,293338610,2115,145,-64,-7,53,2552,-34,-12,2550
26466991,5726,509131636,53297318,3460,-5382,-41,6472,293338600,2115,293338620,2115,145,-64,-8,89,2550,-35,25,2549
26476743,5726,509131652,53297280,3460,-5382,-42,6472,293338600,2115,293338630,2115,144,-64,28,44,2602,1,-22,2600
26487551,5726,509131667,53297242,3460,-5383,-42,6472,293338600,2115,293338640,2115,143,-64,65,97,2575,38,32,2575
26496663,5726,509131683,53297205,3460,-5383,-43,6472,293338600,2115,293338650,2115,143,-63,67,2,2566,40,-62,2564
26507392,5725,509131698,53297167,3460,-5383,-43,6472,293338600,2115,293338660,2115,143,-63,37,138,2572,10,74,2573
26517694,5725,509131714,53297127,3460,-5382,-43,6472,293338650,2115,293338670,2115,143,-63,-19,6,2512,-45,-57,2510
26526746,5725,509131729,53297089,3460,-5382,-44,6472,293338650,2115,293338680,2115,143,-62,-24,56,2578,-50,-9,2576
26536867,5725,509131745,53297051,3460,-5382,-44,6472,293338650,2115,293338690,2115,143,-61,3,31,2515,-22,-32,2513
26546763,5725,509131760,53297013,3460,-5382,-45,6472,293338650,2115,293338700,2115,143,-61,46,48,2595,20,-17,2594
26556917,5725,509131776,53296976,3460,-5382,-45,6472,293338650,2115,293338710,2115,142,-60,80,75,2521,56,13,2521
26566811,5724,509131792,53296935,3461,-5382,-46,6472,293338700,2115,293338720,2115,143,-60,64,64,2587,39,0,2587
26577322,5724,509131807,53296898,3461,-5382,-46,6472,293338700,2115,293338730,2115,143,-60,16,-12,2511,-8,-75,2508
26586684,5724,509131823,53296860,3461,-5382,-46,6472,293338700,2115,293338740,2115,143,-60,-9,53,2544,-34,-11,2543
26596707,5724,509131838,53296822,3461,-5382,-45,6472,293338700,2115,293338750,2115,143,-59,-25,69,2420,-48,8,2419
26607584,5724,509131854,53296784,3461,-5382,-45,6472,293338700,2115,293338760,2115,144,-59,37,44,2468,13,-18,2466
26616910,5724,509131869,53296744,3461,-5382,-45,6472,293338750,2115,293338770,2115,144,-59,57,18,2425,34,-43,2424
26626745,5724,509131885,53296706,3462,-5382,-45,6472,293338750,2115,293338780,2115,144,-59,117,3,2527,93,-61,2526
26636984,5724,509131900,53296668,3462,-5382,-45,6472,293338750,2115,293338790,2115,144,-60,64,59,2509,39,-4,2509
26646691,5724,509131916,53296631,3462,-5382,-45,6472,293338750,2115,293338800,2115,145,-60,-2,77,2543,-27,12,2542
26656961,5724,509131932,53296593,3462,-5381,-45,6472,293338750,2115,293338810,2115,145,-60,-32,14,2538,-57,-50,2535
26666814,5724,509131947,53296553,3462,-5381,-46,6472,293338800,2115,293338820,2115,145,-60,8,46,2524,-17,-19,2522
26676744,5724,509131963,53296515,3462,-5381,-46,6472,293338800,2115,293338830,2115,145,-60,29,73,2537,4,8,2537
26686687,5724,509131978,53296477,3463,-5381,-46,6472,293338800,2115,293338840,2115,146,-60,58,18,2494,33,-46,2493
26696894,5724,509131994,53296439,3462,-5382,-46,6472,293338800,2115,293338850,2115,146,-60,42,96,2499,17,32,2499
26706938,5724,509132009,53296402,3463,-5381,-46,6472,293338800,2115,293338860,2115,146,-60,24,10,2479,0,-53,2476
26716823,5724,509132025,53296361,3462,-5381,-45,6472,293338850,2115,293338870,2115,146,-60,-11,110,2488,-36,45,2488
26726749,5724,509132040,53296324,3462,-5381,-45,6472,293338850,2115,293338880,2115,146,-61,12,50,2475,-12,-13,2474
26736716,5724,509132056,53296286,3463,-5381,-45,6472,293338850,2115,293338890,2115,147,-61,37,40,2490,13,-24,2488
26746666,5724,509132072,53296248,3463,-5381,-45,6472,293338850,2115,293338900,2115,147,-61,56,60,2454,31,-3,2453
26758069,5723,509132087,53296210,3463,-5382,-45,6472,293338850,2115,293338910,2115,147,-61,72,37,2488,48,-27,2487
26766848,5723,509132103,53296170,3463,-5382,-44,6472,293338900,2115,293338920,2115,147,-61,38,90,2446,13,27,2446
26776950,5723,509132118,53296132,3463,-5381,-44,6472,293338900,2115,293338930,2115,148,-61,-5,37,2460,-30,-27,2458
26786724,5723,509132134,53296095,3463,-5381,-44,6472,293338900,2115,293338940,2115,148,-61,11,48,2456,-13,-16,2454
26796679,5723,509132149,53296057,3463,-5381,-43,6472,293338900,2115,293338950,2115,148,-61,22,57,2468,-2,-7,2467
26807181,5723,509132165,53296019,3463,-5381,-43,6472,293338900,2115,293338960,2115,148,-61,39,55,2436,15,-8,2436
26816840,5723,509132180,53295979,3463,-5382,-43,6472,293338950,2115,293338970,2115,148,-61,70,47,2477,46,-17,2476
26827510,5723,509132196,53295941,3464,-5382,-42,6472,293338950,2115,293338980,2115,147,-61,36,61,2476,12,-3,2475
26836692,5723,509132212,53295903,3464,-5382,-42,6472,293338950,2115,293338990,2115,147,-61,35,58,2463,10,-6,2462
26846732,5723,509132227,53295865,3463,-5382,-41,6472,293338950,2115,293339000,2115,147,-61,-6,69,2429,-30,6,2428
26857227,5723,509132243,53295828,3463,-5382,-41,6473,293338950,2115,293339010,2115,147,-61,19,59,2397,-4,-3,2396
26866834,5723,509132258,53295787,3464,-5382,-40,6473,293339000,2115,293339020,2115,147,-61,37,27,2475,12,-37,2473
26876788,5723,509132274,53295750,3464,-5382,-40,6473,293339000,2115,293339030,2115,146,-60,53,82,2427,29,20,2427
26886751,5723,509132289,53295712,3464,-5382,-40,6473,293339000,2115,293339040,2115,145,-61,68,120,2480,43,57,2481
26896697,5723,509132305,53295674,3464,-5382,-39,6473,293339000,2115,293339050,2115,145,-61,51,45,2402,27,-16,2401
26908069,5723,509132321,53295636,3464,-5382,-38,6473,293339000,2115,293339060,2115,144,-61,7,95,2419,-17,34,2419
26916806,5723,509132336,53295596,3464,-5382,-38,6473,293339050,2115,293339070,2115,143,-61,1,46,2447,-23,-16,2445
26926752,5723,509132352,53295558,3463,-5382,-37,6473,293339050,2115,293339080,2115,142,-61,7,150,2434,-18,88,2435
26937346,5723,509132367,53295521,3463,-5382,-37,6473,293339050,2115,293339090,2115,142,-60,44,33,2451,20,-28,2450
26946656,5723,509132383,53295483,3463,-5383,-37,6473,293339050,2115,293339100,2115,141,-60,73,61,2468,48,0,2468
26956957,5723,509132398,53295445,3463,-5383,-36,6473,293339050,2115,293339110,2115,140,-60,51,89,2459,27,29,2459
26966851,5723,509132414,53295405,3463,-5383,-36,6473,293339100,2115,293339120,2115,139,-60,36,78,2499,12,17,2498
26976754,5723,509132429,53295367,3463,-5383,-36,6473,293339100,2115,293339130,2115,138,-60,-12,56,2417,-35,-3,2415
26986676,5723,509132445,53295329,3463,-5383,-35,6473,293339100,2115,293339140,2115,138,-60,9,59,2433,-14,0,2432
26996677,5723,509132461,53295291,3463,-5383,-34,6473,293339100,2115,293339150,2115,137,-59,22,81,2397,-1,24,2396
27006964,5722,509132476,53295254,3463,-5383,-34,6473,293339100,2115,293339160,2115,136,-59,57,46,2415,34,-11,2414
27017259,5722,509132492,53295213,3463,-5383,-33,6473,293339150,2115,293339170,2115,135,-59,71,15,2449,48,-43,2448
27026981,5722,509132507,53295176,3463,-5384,-33,6473,293339150,2115,293339180,2115,135,-58,71,81,2465,48,23,2465
27036677,5722,509132523,53295138,3463,-5384,-32,6473,293339150,2115,293339190,2115,134,-58,3,83,2429,-20,25,2429
27046684,5722,509132538,53295100,3463,-5383,-32,6473,293339150,2115,293339200,2115,134,-58,7,24,2451,-16,-34,2449
27057127,5723,509132554,53295062,3463,-5383,-31,6473,293339150,2115,293339210,2115,133,-57,-3,73,2402,-26,17,2401
27066842,5723,509132569,53295022,3463,-5383,-31,6473,293339200,2115,293339220,2115,133,-57,48,52,2421,26,-4,2420
27076745,5723,509132585,53294984,3464,-5384,-30,6473,293339200,2115,293339230,2115,133,-56,75,55,2467,52,-3,2466
27086692,5723,509132601,53294946,3464,-5384,-30,6473,293339200,2115,293339240,2115,133,-56,65,69,2428,42,12,2428
27097016,5722,509132616,53294909,3464,-5384,-30,6473,293339200,2115,293339250,2115,133,-56,51,27,2487,28,-31,2486
27106912,5722,509132632,53294871,3464,-5384,-29,6473,293339200,2115,293339260,2115,134,-56,-10,16,2446,-32,-42,2444
27116827,5722,509132647,53294831,3464,-5384,-29,6473,293339250,2115,293339270,2115,134,-56,0,142,2449,-22,84,2450
27126772,5722,509132663,53294793,3464,-5384,-28,6473,293339250,2115,293339280,2115,135,-56,0,32,2419,-22,-26,2417
27136653,5722,509132678,53294755,3464,-5384,-28,6473,293339250,2115,293339290,2115,136,-56,93,20,2484,70,-39,2482
27146702,5722,509132694,53294717,3465,-5384,-28,6473,293339250,2115,293339300,2115,137,-56,82,-17,2496,60,-76,2494
27158054,5722,509132710,53294680,3465,-5385,-28,6473,293339250,2115,293339310,2115,138,-57,71,81,2535,47,20,2535
27166863,5722,509132725,53294639,3465,-5385,-28,6473,293339300,2115,293339320,2115,139,-57,34,74,2514,11,12,2513
27177260,5722,509132741,53294601,3465,-5385,-29,6473,293339300,2115,293339330,2115,140,-58,-9,17,2565,-33,-46,2562
27186662,5723,509132756,53294564,3465,-5384,-29,6473,293339300,2115,293339340,2115,142,-58,-4,16,2491,-28,-46,2488
27196676,5723,509132772,53294526,3465,-5384,-29,6473,293339300,2115,293339350,2115,143,-59,21,39,2542,-4,-25,2540
27206928,5723,509132787,53294488,3465,-5384,-29,6473,293339300,2115,293339360,2115,145,-59,67,59,2534,43,-5,2533
27216813,5723,509132803,53294448,3466,-5385,-30,6473,293339350,2115,293339370,2115,147,-60,64,73,2559,38,7,2559
27226788,5723,509132819,53294410,3466,-5384,-31,6473,293339350,2115,293339380,2115,149,-61,38,19,2615,12,-49,2613
27236681,5723,509132834,53294372,3466,-5384,-31,6473,293339350,2115,293339390,2115,151,-61,12,3,2609,-14,-66,2607
27246670,5723,509132850,53294334,3466,-5384,-32,6473,293339350,2115,293339400,2115,152,-62,-15,82,2611,-41,12,2610
27258315,5723,509132865,53294297,3466,-5384,-33,6473,293339350,2115,293339410,2115,154,-62,21,45,2610,-6,-25,2609
27266815,5723,509132881,53294256,3466,-5384,-34,6473,293339400,2115,293339420,2115,156,-63,41,94,2621,13,23,2621
27276747,5723,509132896,53294219,3467,-5384,-35,6473,293339400,2115,293339430,2115,158,-63,73,0,2600,46,-72,2598
27286679,5723,509132912,53294181,3467,-5384,-36,6473,293339400,2115,293339440,2115,159,-64,36,31,2649,9,-43,2647
27296681,5723,509132928,53294143,3467,-5384,-37,6473,293339400,2115,293339450,2115,161,-64,19,52,2632,-9,-22,2631
27306933,5723,509132943,53294105,3467,-5383,-38,6473,293339400,2115,293339460,2115,162,-65,11,62,2634,-18,-13,2633
27316813,5723,509132959,53294065,3467,-5383,-39,6473,293339450,2115,293339470,2115,163,-65,10,41,2612,-18,-34,2610
27326758,5724,509132974,53294027,3467,-5383,-40,6473,293339450,2115,293339480,2115,163,-66,30,87,2638,1,11,2638
27337100,5724,509132990,53293989,3468,-5383,-41,6473,293339450,2115,293339490,2115,164,-67,55,1,2609,27,-74,2606
27346683,5724,509133006,53293952,3468,-5384,-42,6473,293339450,2115,293339500,2115,164,-67,83,145,2685,52,68,2687
27356934,5724,509133021,53293914,3468,-5384,-43,6473,293339450,2115,293339510,2115,165,-68,22,55,2620,-8,-21,2618
27366846,5725,509133037,53293874,3468,-5383,-45,6473,293339500,2115,293339520,2115,165,-68,8,70,2675,-22,-8,2674
27377142,5725,509133052,53293836,3467,-5383,-45,6473,293339500,2115,293339530,2115,164,-68,-9,131,2625,-40,55,2625
27386678,5725,509133068,53293798,3467,-5383,-46,6473,293339500,2115,293339540,2115,164,-68,12,84,2595,-18,9,2594
27396669,5725,509133083,53293760,3467,-5383,-47,6473,293339500,2115,293339550,2115,163,-68,39,108,2592,10,33,2593
27406988,5725,509133099,53293723,3467,-5384,-48,6473,293339500,2115,293339560,2115,163,-68,50,97,2635,20,22,2635
27417123,5726,509133115,53293682,3467,-5384,-49,6473,293339550,2115,293339570,2115,162,-68,38,108,2634,8,33,2635
27426760,5726,509133130,53293644,3466,-5384,-50,6473,293339550,2115,293339580,2115,162,-68,8,139,2633,-22,64,2634
27436701,5726,509133146,53293607,3466,-5384,-51,6473,293339550,2115,293339590,2115,161,-67,6,126,2671,-24,50,2671
27446682,5726,509133161,53293569,3466,-5384,-52,6473,293339550,2115,293339600,2115,159,-67,22,61,2594,-6,-12,2593
27456984,5726,509133177,53293531,3465,-5384,-52,6473,293339550,2115,293339610,2115,158,-66,13,159,2548,-16,89,2550
27466840,5726,509133193,53293491,3465,-5385,-53,6473,293339600,2115,293339620,2115,157,-66,53,107,2507,26,38,2507
27477697,5727,509133208,53293453,3465,-5385,-52,6473,293339600,2115,293339630,2115,156,-65,43,135,2491,16,67,2493
27487692,5727,509133224,53293415,3464,-5385,-52,6473,293339600,2115,293339640,2115,155,-64,26,99,2425,0,33,2426
27496718,5727,509133239,53293378,3464,-5385,-52,6473,293339600,2115,293339650,2115,154,-64,25,92,2549,-1,23,2549
27507002,5727,509133255,53293340,3464,-5385,-52,6473,293339600,2115,293339660,2115,152,-63,15,120,2501,-11,53,2501
27516819,5727,509133270,53293299,3463,-5386,-53,6473,293339650,2115,293339670,2115,151,-62,36,134,2557,9,66,2558
27526748,5727,509133286,53293262,3463,-5386,-53,6473,293339650,2115,293339680,2115,150,-62,54,87,2530,28,21,2530
27536669,5728,509133302,53293224,3463,-5387,-53,6473,293339650,2115,293339690,2115,149,-61,65,143,2491,40,78,2493
27546684,5728,509133317,53293186,3463,-5387,-53,6473,293339650,2115,293339700,2115,148,-61,19,68,2454,-6,4,2453
27556914,5728,509133333,53293148,3462,-5387,-52,6473,293339650,2115,293339710,2115,147,-60,10,134,2437,-15,71,2438
27566837,5728,509133348,53293108,3462,-5387,-52,6473,293339700,2115,293339720,2115,146,-59,14,110,2442,-10,47,2442
27577458,5728,509133364,53293070,3462,-5387,-51,6473,293339700,2115,293339730,2115,145,-59,26,66,2463,3,4,2462
27586687,5728,509133379,53293032,3462,-5387,-51,6473,293339700,2115,293339740,2115,144,-58,44,104,2447,21,42,2448
27596694,5729,509133395,53292995,3462,-5388,-51,6473,293339700,2115,293339750,2115,143,-58,69,94,2489,45,32,2489
27607146,5729,509133410,53292957,3461,-5388,-51,6473,293339700,2115,293339760,2115,142,-57,58,144,2464,34,82,2465
27616822,5729,509133426,53292916,3461,-5388,-50,6473,293339750,2115,293339770,2115,142,-57,20,61,2433,-3,0,2432
27626747,5729,509133442,53292879,3461,-5388,-49,6473,293339750,2115,293339780,2115,142,-57,1,119,2369,-21,60,2369
27637563,5729,509133457,53292841,3461,-5388,-48,6473,293339750,2115,293339790,2115,141,-56,-6,77,2375,-27,18,2374
27646712,5729,509133473,53292803,3461,-5389,-47,6473,293339750,2115,293339800,2115,141,-56,49,83,2404,27,24,2403
27657178,5729,509133488,53292765,3461,-5389,-46,6473,293339750,2115,293339810,2115,140,-56,75,88,2402,53,29,2402
27666834,5730,509133504,53292725,3460,-5389,-46,6473,293339800,2115,293339820,2115,140,-56,58,98,2419,36,38,2419
27676736,5730,509133519,53292687,3461,-5390,-45,6473,293339800,2115,293339830,2115,140,-56,58,47,2411,36,-12,2410
27686683,5730,509133535,53292649,3460,-5390,-44,6473,293339800,2115,293339840,2115,140,-56,0,138,2424,-22,79,2425
27696659,5730,509133550,53292612,3460,-5390,-44,6473,293339800,2115,293339850,2115,140,-55,0,80,2378,-22,22,2377
27707282,5730,509133566,53292574,3460,-5390,-43,6473,293339800,2115,293339860,2115,141,-55,12,71,2401,-10,11,2400
27716832,5731,509133582,53292533,3460,-5390,-42,6473,293339850,2115,293339870,2115,141,-55,38,77,2344,17,19,2344
27726768,5731,509133597,53292496,3460,-5390,-41,6473,293339850,2115,293339880,2115,142,-55,87,44,2441,65,-16,2440
27736676,5731,509133613,53292458,3459,-5391,-40,6473,293339850,2115,293339890,2115,143,-55,33,146,2420,11,85,2421
27746735,5731,509133628,53292420,3459,-5391,-39,6473,293339850,2115,293339900,2115,143,-55,33,116,2372,11,56,2373
27757610,5731,509133644,53292382,3460,-5391,-39,6473,293339850,2115,293339910,2115,144,-55,7,-18,2441,-14,-80,2438
27766836,5732,509133659,53292342,3459,-5391,-38,6473,293339900,2115,293339920,2115,145,-55,26,126,2384,5,66,2385
27776738,5732,509133675,53292304,3459,-5391,-37,6473,293339900,2115,293339930,2115,146,-55,12,72,2326,-9,12,2325
27786981,5732,509133690,53292266,3459,-5391,-36,6473,293339900,2115,293339940,2115,147,-55,58,54,2358,37,-7,2357
27796691,5732,509133706,53292228,3459,-5392,-34,6473,293339900,2115,293339950,2115,149,-55,38,77,2373,17,15,2373
27806970,5733,509133721,53292190,3459,-5392,-34,6473,293339900,2115,293339960,2115,150,-56,50,56,2400,28,-7,2399
27816995,5733,509133737,53292150,3459,-5392,-33,6473,293339950,2115,293339970,2115,151,-56,58,123,2458,35,58,2459
27826761,5733,509133753,53292112,3459,-5392,-33,6473,293339950,2115,293339980,2115,152,-57,16,36,2414,-6,-29,2412
27836674,5733,509133768,53292074,3459,-5392,-32,6473,293339950,2115,293339990,2115,153,-57,24,57,2408,1,-7,2407
27847161,5734,509133784,53292037,3460,-5392,-31,6473,293339950,2115,293340000,2115,154,-58,26,51,2409,3,-14,2408
27858052,5734,509133799,53291999,3459,-5392,-31,6473,293339950,2115,293340010,2115,155,-58,33,105,2438,10,39,2438
27866848,5734,509133815,53291958,3459,-5393,-31,6473,293340000,2115,293340020,2115,156,-59,45,123,2485,21,55,2486
27876776,5735,509133830,53291921,3459,-5392,-31,6473,293340000,2115,293340030,2115,157,-60,24,28,2508,0,-41,2506
27886696,5735,509133846,53291883,3459,-5392,-30,6474,293340000,2115,293340040,2115,158,-60,31,46,2491,6,-23,2490
27897321,5735,509133861,53291845,3459,-5393,-31,6474,293340000,2115,293340050,2115,159,-61,9,140,2538,-17,69,2539
27906936,5736,509133877,53291807,3459,-5393,-31,6474,293340000,2115,293340060,2115,160,-62,48,55,2523,23,-16,2522
27916819,5736,509133893,53291767,3459,-5393,-31,6474,293340050,2115,293340070,2115,160,-63,43,86,2518,17,15,2518
27926760,5737,509133908,53291729,3459,-5393,-31,6474,293340050,2115,293340080,2115,161,-63,12,132,2459,-14,63,2460
27936720,5737,509133924,53291691,3459,-5393,-31,6474,293340050,2115,293340090,2115,161,-64,46,76,2527,19,4,2526
27946692,5737,509133939,53291653,3458,-5393,-31,6474,293340050,2115,293340100,2115,162,-65,16,100,2513,-11,28,2513
27956943,5738,509133955,53291615,3458,-5393,-32,6474,293340050,2115,293340110,2115,162,-66,34,117,2571,6,44,2572
27966819,5738,509133970,53291575,3458,-5393,-32,6474,293340100,2115,293340120,2115,162,-67,29,103,2569,0,30,2569
27977285,5739,509133986,53291537,3457,-5394,-33,6474,293340100,2115,293340130,2115,162,-68,36,171,2623,6,97,2625
27986731,5739,509134001,53291499,3457,-5394,-34,6474,293340100,2115,293340140,2115,162,-68,34,86,2613,4,12,2613
27997170,5739,509134017,53291462,3457,-5394,-35,6474,293340100,2115,293340150,2115,162,-69,27,127,2625,-3,52,2626
28006933,5740,509134032,53291424,3456,-5394,-36,6474,293340100,2115,293340160,2115,162,-70,2,184,2578,-29,111,2580
28016828,5740,509134048,53291383,3456,-5394,-36,6474,293340150,2115,293340170,2115,162,-70,-12,104,2596,-42,30,2596
28027090,5740,509134063,53291346,3455,-5394,-37,6474,293340150,2115,293340180,2115,162,-71,-4,162,2592,-35,88,2593
28036678,5740,509134079,53291308,3455,-5395,-38,6474,293340150,2115,293340190,2115,162,-71,40,95,2673,8,19,2673
28046668,5741,509134095,53291270,3454,-5395,-40,6474,293340150,2115,293340200,2115,161,-71,56,145,2718,23,68,2719
28058035,5741,509134110,53291232,3454,-5396,-42,6474,293340150,2115,293340210,2115,161,-71,58,166,2686,25,90,2688
28066822,5741,509134126,53291192,3454,-5396,-43,6474,293340200,2115,293340220,2115,161,-72,25,114,2684,-7,38,2684
28077018,5741,509134141,53291154,3453,-5395,-44,6474,293340200,2115,293340230,2115,160,-72,0,101,2606,-31,27,2606
28087115,5741,509134157,53291116,3453,-5395,-45,6474,293340200,2115,293340240,2115,160,-71,-23,139,2622,-54,65,2623
28096672,5742,509134172,53291078,3452,-5395,-45,6474,293340200,2115,293340250,2115,160,-71,-9,147,2542,-39,76,2543
28106967,5742,509134188,53291040,3452,-5396,-46,6474,293340200,2115,293340260,2115,160,-70,30,105,2608,0,32,2609
28117285,5742,509134203,53291000,3452,-5396,-47,6474,293340250,2115,293340270,2115,160,-70,64,116,2648,34,42,2649
28126750,5742,509134219,53290962,3451,-5397,-49,6474,293340250,2115,293340280,2115,160,-69,68,119,2705,36,44,2706
28137252,5742,509134234,53290924,3451,-5397,-50,6474,293340250,2115,293340290,2115,160,-69,23,114,2652,-7,40,2653
28146696,5742,509134250,53290886,3451,-5396,-51,6474,293340250,2115,293340300,2115,160,-68,13,63,2675,-17,-12,2674
28157064,5743,509134265,53290848,3451,-5396,-52,6474,293340250,2115,293340310,2115,160,-67,-24,102,2557,-53,30,2557
28166838,5743,509134281,53290808,3450,-5397,-52,6474,293340300,2115,293340320,2115,160,-67,2,144,2515,-26,74,2516
28176823,5743,509134296,53290770,3450,-5397,-51,6474,293340300,2115,293340330,2115,160,-65,49,95,2434,23,26,2434
28186687,5743,509134312,53290732,3450,-5397,-51,6474,293340300,2115,293340340,2115,160,-64,56,96,2485,29,27,2486
28196686,5744,509134327,53290694,3450,-5397,-51,6474,293340300,2115,293340350,2115,160,-63,45,55,2545,18,-17,2544
28208026,5744,509134343,53290657,3450,-5397,-52,6474,293340300,2115,293340360,2115,161,-62,27,76,2563,1,4,2562
28216840,5744,509134358,53290616,3449,-5397,-52,6474,293340350,2115,293340370,2115,161,-61,15,161,2539,-11,89,2541
28226744,5744,509134374,53290578,3449,-5397,-53,6474,293340350,2115,293340380,2115,162,-60,10,39,2523,-14,-33,2521
28237099,5745,509134389,53290540,3449,-5397,-53,6474,293340350,2115,293340390,2115,162,-58,10,139,2519,-14,67,2520
28246683,5745,509134405,53290503,3449,-5397,-53,6474,293340350,2115,293340400,2115,162,-57,37,53,2489,14,-18,2488
28256917,5745,509134420,53290465,3449,-5398,-52,6474,293340350,2115,293340410,2115,162,-56,37,107,2478,14,36,2479
28267376,5746,509134436,53290424,3449,-5398,-51,6474,293340400,2115,293340420,2115,163,-55,15,98,2327,-6,31,2327
28277211,5746,509134451,53290386,3449,-5398,-50,6474,293340400,2115,293340430,2115,163,-54,19,86,2368,-1,18,2368
28286699,5746,509134467,53290348,3449,-5398,-49,6474,293340400,2115,293340440,2115,163,-53,36,69,2345,16,2,2345
28297261,5746,509134482,53290311,3449,-5398,-48,6474,293340400,2115,293340450,2115,164,-52,57,72,2417,36,3,2417
28306936,5747,509134498,53290273,3449,-5399,-48,6474,293340400,2115,293340460,2115,164,-52,59,106,2417,39,36,2418
28316842,5747,509134513,53290232,3449,-5399,-47,6474,293340450,2115,293340470,2115,163,-51,60,126,2448,39,56,2450
28326765,5747,509134529,53290194,3449,-5399,-46,6474,293340450,2115,293340480,2115,163,-51,36,84,2410,16,15,2410
28336727,5748,509134544,53290157,3448,-5399,-46,6474,293340450,2115,293340490,2115,163,-51,1,96,2449,-19,26,2449
28346692,5748,509134560,53290119,3448,-5399,-45,6474,293340450,2115,293340500,2115,164,-50,-17,116,2335,-36,48,2335
28358170,5748,509134575,53290081,3448,-5399,-44,6474,293340450,2115,293340510,2115,163,-50,22,101,2377,3,32,2377
28366879,5748,509134591,53290040,3447,-5400,-43,6474,293340500,2115,293340520,2115,164,-50,38,127,2370,19,59,2371
28377339,5749,509134606,53290003,3447,-5400,-42,6474,293340500,2115,293340530,2115,164,-50,67,121,2444,47,51,2445
28387154,5749,509134622,53289965,3447,-5401,-42,6474,293340500,2115,293340540,2115,164,-50,61,99,2408,42,30,2409
28396705,5749,509134637,53289927,3447,-5401,-41,6474,293340500,2115,293340550,2115,164,-50,30,128,2397,10,60,2398
28407030,5749,509134653,53289889,3447,-5401,-40,6474,293340500,2115,293340560,2115,164,-50,-13,69,2422,-32,-1,2421
28417655,5749,509134668,53289848,3446,-5401,-39,6474,293340550,2115,293340570,2115,164,-51,-22,101,2337,-41,34,2337
28426751,5749,509134684,53289811,3445,-5401,-38,6474,293340550,2115,293340580,2115,164,-51,1,188,2415,-19,118,2418
28436680,5750,509134699,53289773,3446,-5401,-37,6474,293340550,2115,293340590,2115,164,-51,54,27,2372,35,-41,2371
28447030,5750,509134715,53289735,3446,-5402,-37,6474,293340550,2115,293340600,2115,164,-52,76,134,2454,55,64,2456
28457171,5750,509134730,53289697,3446,-5402,-36,6474,293340550,2115,293340610,2115,164,-52,47,87,2405,26,18,2405
28466841,5750,509134746,53289656,3445,-5402,-36,6474,293340600,2115,293340620,2115,163,-53,20,139,2457,-1,68,2458
28477473,5750,509134761,53289619,3445,-5402,-35,6474,293340600,2115,293340630,2115,163,-54,-5,71,2358,-25,4,2357
28486689,5751,509134777,53289581,3445,-5402,-34,6474,293340600,2115,293340640,2115,163,-54,-1,90,2426,-22,21,2425
28496682,5751,509134792,53289543,3444,-5403,-33,6474,293340600,2115,293340650,2115,162,-55,26,134,2410,4,65,2411
28507341,5751,509134807,53289505,3444,-5403,-33,6474,293340600,2115,293340660,2115,162,-56,53,80,2503,30,9,2503
28516841,5751,509134823,53289464,3444,-5403,-33,6474,293340650,2115,293340670,2115,161,-57,50,99,2472,26,29,2472
28526763,5751,509134838,53289426,3444,-5403,-33,6474,293340650,2115,293340680,2115,161,-58,43,99,2509,19,28,2510
28537664,5752,509134854,53289389,3444,-5403,-33,6474,293340650,2115,293340690,2115,160,-59,10,122,2498,-15,52,2498
28546691,5752,509134869,53289351,3443,-5403,-33,6474,293340650,2115,293340700,2115,160,-60,-8,118,2493,-33,47,2493
28556938,5752,509134885,53289313,3443,-5403,-33,6474,293340650,2115,293340710,2115,159,-61,-18,130,2512,-43,60,2513
28567469,5752,509134900,53289272,3443,-5404,-33,6474,293340700,2115,293340720,2115,158,-62,42,81,2516,16,11,2516
28577525,5752,509134916,53289234,3442,-5404,-33,6474,293340700,2115,293340730,2115,158,-63,37,135,2518,11,65,2519
28586675,5752,509134931,53289197,3442,-5404,-33,6474,293340700,2115,293340740,2115,157,-63,67,98,2510,41,29,2511
28596731,5753,509134947,53289159,3442,-5404,-34,6474,293340700,2115,293340750,2115,156,-64,6,105,2526,-21,36,2526
28606936,5753,509134962,53289121,3441,-5404,-34,6474,293340700,2115,293340760,2115,156,-65,-34,131,2499,-61,63,2499
28616817,5753,509134978,53289080,3441,-5404,-34,6474,293340750,2115,293340770,2115,155,-66,5,130,2579,-23,59,2579
28626767,5753,509134993,53289042,3441,-5404,-35,6474,293340750,2115,293340780,2115,154,-66,33,60,2592,5,-10,2591
28636690,5753,509135009,53289004,3440,-5405,-36,6474,293340750,2115,293340790,2115,154,-67,61,113,2610,32,43,2611
28646687,5754,509135024,53288966,3441,-5405,-37,6474,293340750,2115,293340800,2115,153,-68,37,59,2630,7,-12,2629
28656951,5754,509135040,53288929,3440,-5405,-38,6474,293340750,2115,293340810,2115,152,-68,28,187,2626,-2,117,2628
28666863,5754,509135055,53288888,3439,-5405,-38,6474,293340800,2115,293340820,2115,152,-69,-16,101,2582,-46,32,2581
28676765,5754,509135070,53288850,3439,-5405,-38,6474,293340800,2115,293340830,2115,152,-69,-9,109,2500,-38,42,2500
28686707,5754,509135086,53288812,3439,-5405,-38,6474,293340800,2115,293340840,2115,151,-69,-8,68,2498,-37,1,2497
28697175,5754,509135101,53288774,3439,-5405,-40,6474,293340800,2115,293340850,2115,151,-69,41,99,2650,11,29,2650
28706986,5755,509135117,53288736,3438,-5405,-41,6474,293340800,2115,293340860,2115,150,-70,48,145,2644,17,76,2645
28716841,5755,509135132,53288696,3438,-5406,-42,6474,293340850,2115,293340870,2115,150,-70,79,81,2654,48,12,2654
28726774,5755,509135148,53288658,3438,-5406,-43,6474,293340850,2115,293340880,2115,150,-70,27,79,2644,-4,9,2643
28736700,5755,509135163,53288620,3438,-5405,-44,6474,293340850,2115,293340890,2115,149,-71,-31,74,2596,-62,5,2595
28746679,5755,509135179,53288582,3437,-5405,-44,6474,293340850,2115,293340900,2115,149,-70,-31,114,2554,-61,47,2554
28756929,5755,509135194,53288544,3437,-5405,-45,6474,293340850,2115,293340910,2115,149,-70,16,80,2559,-14,13,2559
28766853,5756,509135209,53288504,3437,-5405,-45,6474,293340900,2115,293340920,2115,150,-70,33,95,2547,3,29,2547
28777306,5756,509135225,53288466,3437,-5405,-46,6474,293340900,2115,293340930,2115,150,-70,78,58,2619,47,-10,2619
28786676,5756,509135240,53288428,3437,-5405,-47,6474,293340900,2115,293340940,2115,150,-69,27,92,2658,-4,22,2658
28796680,5756,509135256,53288390,3437,-5405,-48,6474,293340900,2115,293340950,2115,151,-69,20,80,2636,-11,10,2636
28807644,5756,509135271,53288352,3437,-5405,-49,6474,293340900,2115,293340960,2115,151,-68,-15,55,2591,-44,-14,2590
28816854,5756,509135287,53288312,3437,-5405,-49,6474,293340950,2115,293340970,2115,152,-68,-24,68,2523,-52,0,2522
28826781,5756,509135302,53288274,3437,-5405,-49,6474,293340950,2115,293340980,2115,152,-67,28,78,2534,0,10,2533
28836924,5757,509135318,53288236,3437,-5405,-50,6474,293340950,2115,293340990,2115,153,-66,40,111,2551,12,42,2552
28846700,5757,509135333,53288198,3437,-5405,-50,6474,293340950,2115,293341000,2115,154,-65,52,41,2559,25,-28,2557
28857166,5757,509135348,53288160,3437,-5405,-50,6474,293340950,2115,293341010,2115,155,-64,31,48,2495,5,-20,2493
28867215,5757,509135364,53288119,3437,-5405,-50,6474,293341000,2115,293341020,2115,156,-63,-3,91,2465,-29,23,2464
28876776,5757,509135379,53288081,3437,-5405,-50,6474,293341000,2115,293341030,2115,157,-62,-12,41,2480,-37,-28,2478
28886741,5757,509135395,53288044,3437,-5405,-50,6474,293341000,2115,293341040,2115,158,-61,49,73,2496,24,4,2496
28896684,5757,509135410,53288006,3437,-5405,-50,6474,293341000,2115,293341050,2115,159,-61,45,88,2485,20,19,2485
28906935,5757,509135426,53287968,3437,-5405,-50,6475,293341000,2115,293341060,2115,160,-60,36,36,2512,11,-34,2510
28916837,5758,509135441,53287927,3437,-5405,-49,6475,293341050,2115,293341070,2115,160,-59,20,78,2446,-3,9,2445
28926783,5758,509135456,53287889,3437,-5405,-49,6475,293341050,2115,293341080,2115,161,-58,2,85,2505,-22,14,2504
28937110,5758,509135472,53287851,3436,-5405,-49,6475,293341050,2115,293341090,2115,162,-57,9,86,2418,-14,17,2417
28946694,5758,509135487,53287814,3437,-5405,-48,6475,293341050,2115,293341100,2115,163,-56,35,40,2422,13,-29,2421
28956924,5758,509135503,53287776,3437,-5405,-47,6475,293341050,2115,293341110,2115,164,-56,46,72,2396,24,3,2396
28966867,5758,509135518,53287735,3437,-5405,-47,6475,293341100,2115,293341120,2115,164,-55,46,45,2502,24,-27,2501
28976739,5758,509135534,53287697,3437,-5405,-47,6475,293341100,2115,293341130,2115,164,-55,39,106,2514,16,33,2514
28986675,5758,509135549,53287659,3437,-5406,-47,6475,293341100,2115,293341140,2115,165,-55,36,90,2448,14,20,2448
28996745,5758,509135565,53287621,3437,-5406,-46,6475,293341100,2115,293341150,2115,165,-55,2,99,2435,-20,28,2435
29006926,5758,509135580,53287583,3437,-5405,-45,6475,293341100,2115,293341160,2115,165,-55,3,33,2382,-18,-36,2380
29017010,5758,509135595,53287543,3437,-5405,-45,6475,293341150,2115,293341170,2115,165,-56,29,54,2461,7,-17,2460
29026764,5759,509135611,53287505,3437,-5406,-45,6475,293341150,2115,293341180,2115,164,-56,46,131,2456,23,61,2458
29036719,5759,509135626,53287467,3436,-5406,-45,6475,293341150,2115,293341190,2115,164,-57,58,133,2535,35,60,2536
29046699,5759,509135642,53287429,3436,-5406,-45,6475,293341150,2115,293341200,2115,164,-57,29,55,2454,6,-15,2453
29058072,5759,509135657,53287391,3436,-5406,-45,6475,293341150,2115,293341210,2115,164,-58,29,106,2551,5,33,2551
29066862,5759,509135673,53287351,3436,-5406,-45,6475,293341200,2115,293341220,2115,163,-59,-1,50,2439,-24,-20,2437
29076787,5759,509135688,53287313,3436,-5406,-45,6475,293341200,2115,293341230,2115,163,-60,-2,150,2505,-27,78,2506
29086709,5759,509135704,53287275,3435,-5406,-44,6475,293341200,2115,293341240,2115,163,-61,21,103,2490,-4,32,2490
29096673,5759,509135719,53287237,3435,-5407,-45,6475,293341200,2115,293341250,2115,163,-61,44,94,2512,19,22,2512
29106945,5759,509135734,53287199,3435,-5407,-45,6475,293341200,2115,293341260,2115,163,-62,20,87,2498,-5,15,2497
29116845,5759,509135750,53287159,3435,-5407,-45,6475,293341250,2115,293341270,2115,162,-63,30,75,2553,4,3,2553
29126763,5759,509135765,53287121,3435,-5407,-45,6475,293341250,2115,293341280,2115,162,-64,6,132,2511,-20,60,2512
29136673,5758,509135781,53287083,3435,-5406,-46,6475,293341250,2115,293341290,2115,162,-65,-8,58,2571,-35,-15,2569
29146683,5758,509135796,53287045,3434,-5407,-46,6475,293341250,2115,293341300,2115,162,-66,29,92,2541,2,20,2541
29157012,5758,509135812,53287007,3435,-5406,-46,6475,293341250,2115,293341310,2115,162,-66,33,47,2543,5,-25,2541
29167262,5758,509135827,53286966,3435,-5407,-47,6475,293341300,2115,293341320,2115,162,-67,24,79,2539,-4,7,2538
29177292,5758,509135842,53286928,3435,-5406,-47,6475,293341300,2115,293341330,2115,162,-68,14,68,2495,-14,-3,2495
29186711,5758,509135858,53286891,3434,-5406,-47,6475,293341300,2115,293341340,2115,162,-69,3,104,2525,-26,32,2525
29197239,5758,509135873,53286853,3434,-5406,-47,6475,293341300,2115,293341350,2115,162,-69,25,57,2515,-4,-14,2514
29206935,5758,509135889,53286815,3434,-5406,-47,6475,293341300,2115,293341360,2115,162,-70,25,72,2510,-4,1,2510
29216829,5758,509135904,53286774,3434,-5406,-47,6475,293341350,2115,293341370,2115,161,-70,18,32,2519,-11,-39,2517
29226766,5758,509135920,53286736,3434,-5406,-48,6475,293341350,2115,293341380,2115,161,-70,21,101,2561,-9,28,2561
29236680,5759,509135935,53286698,3434,-5406,-48,6475,293341350,2115,293341390,2115,161,-71,27,116,2568,-3,44,2569
29246695,5759,509135950,53286660,3434,-5406,-49,6475,293341350,2115,293341400,2115,160,-71,31,84,2594,1,11,2594
29257101,5759,509135966,53286622,3434,-5406,-49,6475,293341350,2115,293341410,2115,160,-71,-6,57,2510,-35,-14,2509
29266863,5759,509135981,53286582,3433,-5406,-49,6475,293341400,2115,293341420,2115,160,-71,-18,66,2501,-48,-5,2500
29276817,5759,509135997,53286544,3433,-5406,-49,6475,293341400,2115,293341430,2115,159,-70,9,79,2479,-20,9,2478
29286726,5759,509136012,53286506,3433,-5406,-49,6475,293341400,2115,293341440,2115,158,-70,35,107,2509,6,37,2509
29296703,5759,509136028,53286468,3433,-5406,-49,6475,293341400,2115,293341450,2115,157,-70,41,69,2519,12,0,2518
29306977,5759,509136043,53286430,3433,-5406,-49,6475,293341400,2115,293341460,2115,156,-70,35,125,2517,6,56,2518
29316839,5759,509136058,53286390,3433,-5406,-49,6475,293341450,2115,293341470,2115,155,-69,34,80,2503,5,12,2503
29326780,5759,509136074,53286352,3433,-5406,-48,6475,293341450,2115,293341480,2115,154,-69,-2,54,2438,-29,-13,2436
29337528,5759,509136089,53286314,3432,-5406,-48,6475,293341450,2115,293341490,2115,154,-68,17,127,2449,-10,61,2450
29346707,5760,509136105,53286276,3432,-5406,-48,6475,293341450,2115,293341500,2115,153,-67,19,48,2462,-9,-18,2461
29356944,5760,509136120,53286238,3432,-5406,-47,6475,293341450,2115,293341510,2115,152,-67,22,150,2456,-5,84,2457
29366849,5760,509136136,53286198,3432,-5406,-47,6475,293341500,2115,293341520,2115,151,-66,39,74,2459,12,9,2459
29376755,5760,509136151,53286160,3432,-5407,-47,6475,293341500,2115,293341530,2115,150,-65,48,75,2497,21,9,2496
29386685,5760,509136166,53286122,3431,-5407,-47,6475,293341500,2115,293341540,2115,149,-65,15,120,2442,-11,56,2442
29396711,5760,509136182,53286084,3431,-5407,-46,6475,293341500,2115,293341550,2115,148,-64,-2,128,2436,-28,65,2436
29408072,5760,509136197,53286046,3431,-5407,-45,6475,293341500,2115,293341560,2115,148,-63,10,20,2374,-14,-41,2372
29417288,5760,509136213,53286005,3431,-5407,-45,6475,293341550,2115,293341570,2115,147,-62,25,97,2442,0,34,2442
29426778,5760,509136228,53285968,3431,-5407,-44,6475,293341550,2115,293341580,2115,146,-62,34,67,2395,10,5,2394
29436727,5760,509136243,53285930,3431,-5407,-44,6475,293341550,2115,293341590,2115,146,-61,51,78,2450,26,15,2450
29446706,5760,509136259,53285892,3430,-5407,-43,6475,293341550,2115,293341600,2115,146,-60,40,97,2405,16,36,2405
29456936,5760,509136274,53285854,3431,-5407,-43,6475,293341550,2115,293341610,2115,145,-60,31,50,2468,7,-13,2467
29466845,5760,509136290,53285813,3430,-5407,-42,6475,293341600,2115,293341620,2115,145,-59,-8,58,2407,-31,-3,2406
29477725,5760,509136305,53285775,3431,-5407,-42,6475,293341600,2115,293341630,2115,145,-59,39,57,2482,15,-6,2481
29486666,5760,509136321,53285737,3431,-5407,-41,6475,293341600,2115,293341640,2115,145,-59,30,61,2440,6,-1,2439
29496687,5760,509136336,53285699,3430,-5408,-41,6475,293341600,2115,293341650,2115,145,-59,38,94,2434,15,32,2434
29506937,5760,509136351,53285661,3431,-5408,-40,6475,293341600,2115,293341660,2115,145,-58,23,48,2479,0,-15,2478
29516852,5760,509136367,53285621,3430,-5408,-40,6475,293341650,2115,293341670,2115,145,-58,13,69,2404,-10,8,2403
29526779,5760,509136382,53285583,3430,-5408,-39,6475,293341650,2115,293341680,2115,145,-58,22,64,2419,-1,2,2418
29536666,5760,509136398,53285545,3431,-5407,-38,6475,293341650,2115,293341690,2115,145,-58,26,24,2428,3,-37,2426
29546670,5760,509136413,53285507,3430,-5408,-38,6475,293341650,2115,293341700,2115,145,-58,20,137,2500,-4,73,2501
29556986,5760,509136428,53285469,3431,-5408,-38,6475,293341650,2115,293341710,2115,145,-58,40,1,2481,17,-62,2479
29567364,5760,509136444,53285429,3431,-5408,-38,6475,293341700,2115,293341720,2115,145,-59,48,64,2523,24,0,2522
29577609,5760,509136459,53285391,3431,-5408,-38,6475,293341700,2115,293341730,2115,145,-59,18,31,2466,-6,-32,2464
29586702,5760,509136475,53285353,3431,-5407,-38,6475,293341700,2115,293341740,2115,146,-59,-3,91,2454,-27,28,2454
29596692,5760,509136490,53285315,3430,-5407,-37,6475,293341700,2115,293341750,2115,146,-59,-12,100,2405,-35,39,2405
29607123,5760,509136506,53285277,3431,-5407,-37,6475,293341700,2115,293341760,2115,146,-59,9,11,2463,-14,-52,2461
29616833,5760,509136521,53285237,3431,-5407,-36,6475,293341750,2115,293341770,2115,146,-58,52,29,2469,28,-34,2468
29626878,5760,509136536,53285199,3431,-5407,-37,6475,293341750,2115,293341780,2115,146,-58,45,95,2513,21,31,2513
29636712,5760,509136552,53285161,3430,-5407,-37,6475,293341750,2115,293341790,2115,146,-58,27,91,2514,3,27,2514
29646708,5760,509136567,53285123,3431,-5407,-37,6475,293341750,2115,293341800,2115,147,-58,10,33,2489,-13,-31,2487
29657582,5760,509136583,53285085,3431,-5407,-36,6475,293341750,2115,293341810,2115,147,-58,-1,23,2459,-24,-41,2457
29666854,5760,509136598,53285044,3431,-5407,-36,6475,293341800,2115,293341820,2115,147,-57,2,50,2444,-21,-13,2443
29676785,5761,509136613,53285006,3430,-5407,-35,6475,293341800,2115,293341830,2115,148,-56,-5,120,2380,-27,58,2380
29686682,5761,509136629,53284969,3430,-5407,-34,6475,293341800,2115,293341840,2115,148,-56,33,81,2363,12,20,2362
29696695,5761,509136644,53284931,3431,-5407,-33,6475,293341800,2115,293341850,2115,149,-55,29,23,2434,7,-40,2432
29706952,5761,509136660,53284893,3430,-5407,-32,6475,293341800,2115,293341860,2115,150,-54,37,93,2423,15,29,2423
29716828,5761,509136675,53284852,3431,-5407,-32,6475,293341850,2115,293341870,2115,151,-53,38,45,2435,17,-19,2433
29726777,5761,509136691,53284814,3430,-5407,-31,6475,293341850,2115,293341880,2115,152,-52,14,86,2422,-6,21,2422
29737275,5761,509136706,53284776,3430,-5407,-31,6475,293341850,2115,293341890,2115,152,-52,-4,35,2448,-24,-31,2446
29746677,5761,509136721,53284738,3431,-5407,-31,6475,293341850,2115,293341900,2115,153,-51,4,37,2457,-16,-29,2455
29756953,5761,509136737,53284700,3430,-5407,-30,6475,293341850,2115,293341910,2115,154,-50,6,121,2449,-14,54,2449
29766839,5761,509136752,53284660,3431,-5407,-30,6475,293341900,2115,293341920,2115,155,-49,49,14,2425,30,-52,2423
29776753,5761,509136768,53284622,3430,-5407,-29,6475,293341900,2115,293341930,2115,157,-49,45,101,2374,26,36,2374
29786677,5761,509136783,53284584,3431,-5407,-27,6475,293341900,2115,293341940,2115,158,-48,10,28,2359,-9,-38,2357
29796703,5761,509136799,53284546,3431,-5407,-27,6475,293341900,2115,293341950,2115,159,-48,33,47,2416,14,-21,2415
29807141,5761,509136814,53284508,3431,-5407,-26,6475,293341900,2115,293341960,2115,160,-48,1,87,2425,-18,18,2425
29817718,5761,509136829,53284468,3431,-5407,-26,6475,293341950,2115,293341970,2115,161,-48,49,11,2471,30,-59,2469
29826751,5762,509136845,53284430,3431,-5407,-26,6475,293341950,2115,293341980,2115,162,-48,29,31,2454,11,-39,2452
29837078,5762,509136860,53284392,3431,-5407,-25,6475,293341950,2115,293341990,2115,163,-49,28,133,2492,8,62,2493
29846692,5762,509136876,53284354,3431,-5407,-26,6475,293341950,2115,293342000,2115,165,-49,42,40,2512,22,-32,2510
29857545,5762,509136891,53284316,3431,-5407,-26,6475,293341950,2115,293342010,2115,166,-50,11,49,2518,-9,-25,2517
29867281,5762,509136907,53284276,3431,-5407,-26,6475,293342000,2115,293342020,2115,166,-50,-10,100,2509,-31,26,2509
29876788,5762,509136922,53284238,3432,-5407,-26,6475,293342000,2115,293342030,2115,167,-51,7,33,2534,-14,-41,2532
29886699,5762,509136937,53284200,3432,-5407,-27,6475,293342000,2115,293342040,2115,168,-52,28,70,2572,6,-6,2571
29897335,5763,509136953,53284162,3432,-5407,-27,6475,293342000,2115,293342050,2115,169,-53,57,110,2561,35,34,2562
29906974,5763,509136968,53284124,3431,-5407,-28,6475,293342000,2115,293342060,2115,170,-54,33,128,2607,10,51,2608
29917757,5763,509136984,53284083,3431,-5407,-28,6475,293342050,2115,293342070,2115,170,-55,12,59,2557,-11,-18,2556
29927530,5763,509136999,53284046,3431,-5407,-29,6476,293342050,2115,293342080,2115,171,-56,-6,48,2598,-30,-30,2596
29936678,5763,509137015,53284008,3431,-5407,-30,6476,293342050,2115,293342090,2115,171,-58,-14,108,2628,-39,28,2628
29946687,5763,509137030,53283970,3431,-5407,-31,6476,293342050,2115,293342100,2115,171,-59,8,106,2687,-18,25,2687
29958724,5763,509137045,53283932,3431,-5407,-33,6476,293342050,2115,293342110,2115,171,-60,54,84,2686,28,4,2686
29966860,5764,509137061,53283891,3430,-5407,-34,6476,293342100,2115,293342120,2115,172,-61,51,166,2682,23,85,2684
29977527,5764,509137076,53283853,3431,-5407,-36,6476,293342100,2115,293342130,2115,172,-63,1,13,2685,-26,-68,2682
29986856,5764,509137092,53283815,3430,-5407,-37,6476,293342100,2115,293342140,2115,172,-64,-19,135,2637,-48,55,2637
29996675,5764,509137107,53283777,3430,-5407,-38,6476,293342100,2115,293342150,2115,171,-65,-18,103,2644,-46,24,2643
30006945,5764,509137122,53283740,3429,-5407,-39,6476,293342100,2115,293342160,2115,171,-66,15,109,2628,-13,30,2628
30016853,5764,509137138,53283699,3429,-5407,-40,6476,293342150,2115,293342170,2115,170,-67,30,116,2657,0,37,2658
30026807,5764,509137153,53283661,3429,-5407,-42,6476,293342150,2115,293342180,2115,170,-67,29,107,2689,-1,27,2690
30036701,5764,509137169,53283623,3429,-5407,-43,6476,293342150,2115,293342190,2115,170,-68,6,107,2711,-25,26,2710
30047311,5764,509137184,53283585,3429,-5407,-45,6476,293342150,2115,293342200,2115,170,-68,-7,76,2698,-38,-5,2696
30057076,5764,509137200,53283547,3429,-5407,-46,6476,293342150,2115,293342210,2115,170,-68,23,65,2709,-8,-16,2708
30066836,5764,509137215,53283507,3428,-5406,-48,6476,293342200,2115,293342220,2115,170,-69,-27,113,2716,-58,32,2715
30077334,5765,509137230,53283469,3427,-5406,-50,6476,293342200,2115,293342230,2115,169,-69,-23,149,2680,-54,70,2681
30086685,5765,509137246,53283431,3428,-5406,-51,6476,293342200,2115,293342240,2115,168,-69,53,52,2659,23,-26,2658
30097136,5765,509137261,53283393,3428,-5406,-52,6476,293342200,2115,293342250,2115,168,-69,37,104,2606,7,27,2606
30107642,5765,509137277,53283355,3427,-5406,-52,6476,293342200,2115,293342260,2115,167,-68,29,89,2559,-1,14,2559
30116876,5765,509137292,53283315,3427,-5406,-53,6476,293342250,2115,293342270,2115,167,-68,-10,102,2551,-39,27,2551
30126773,5765,509137307,53283277,3427,-5406,-53,6476,293342250,2115,293342280,2115,166,-68,7,61,2571,-22,-14,2570
30137849,5765,509137323,53283239,3427,-5406,-54,6476,293342250,2115,293342290,2115,165,-68,9,70,2583,-20,-5,2582
30146676,5765,509137338,53283201,3427,-5406,-54,6476,293342250,2115,293342300,2115,165,-67,39,109,2584,10,35,2584
30156970,5765,509137354,53283163,3427,-5407,-56,6476,293342250,2115,293342310,2115,164,-67,60,103,2631,30,28,2632
30166818,5765,509137369,53283123,3427,-5406,-56,6476,293342300,2115,293342320,2115,164,-67,25,60,2599,-4,-15,2598
30176779,5765,509137384,53283085,3427,-5406,-57,6476,293342300,2115,293342330,2115,163,-66,-17,88,2564,-45,14,2563
30186717,5765,509137400,53283047,3426,-5406,-57,6476,293342300,2115,293342340,2115,162,-65,-11,93,2510,-39,21,2509
30196699,5765,509137415,53283009,3426,-5406,-56,6476,293342300,2115,293342350,2115,162,-64,-4,159,2468,-31,89,2470
30207937,5765,509137431,53282971,3426,-5406,-56,6476,293342300,2115,293342360,2115,162,-64,6,52,2482,-20,-18,2480
30217733,5765,509137446,53282930,3426,-5406,-57,6476,293342350,2115,293342370,2115,161,-63,66,45,2547,40,-27,2546
30227090,5765,509137461,53282892,3426,-5407,-57,6476,293342350,2115,293342380,2115,161,-62,62,119,2517,36,48,2518
30236694,5765,509137477,53282855,3426,-5407,-56,6476,293342350,2115,293342390,2115,161,-61,22,107,2447,-3,38,2447
30246697,5765,509137492,53282817,3426,-5406,-56,6476,293342350,2115,293342400,2115,160,-61,4,43,2415,-20,-25,2414
30257554,5765,509137508,53282779,3426,-5406,-55,6476,293342350,2115,293342410,2115,160,-60,-18,46,2406,-41,-22,2404
30266848,5764,509137523,53282738,3426,-5406,-54,6476,293342400,2115,293342420,2115,160,-59,15,53,2409,-8,-14,2408
30276747,5764,509137538,53282700,3425,-5406,-53,6476,293342400,2115,293342430,2115,159,-59,32,126,2410,9,58,2410
30287276,5764,509137554,53282662,3425,-5407,-53,6476,293342400,2115,293342440,2115,159,-58,55,112,2413,32,45,2414
30297507,5764,509137569,53282624,3426,-5406,-52,6476,293342400,2115,293342450,2115,159,-57,47,-37,2389,25,-104,2386
30306966,5764,509137585,53282586,3426,-5406,-51,6476,293342400,2115,293342460,2115,159,-57,15,91,2393,-7,24,2393
30317612,5764,509137600,53282546,3426,-5406,-50,6476,293342450,2115,293342470,2115,159,-56,-7,48,2400,-29,-19,2398
30326787,5764,509137615,53282508,3426,-5406,-50,6476,293342450,2115,293342480,2115,159,-55,13,85,2437,-9,17,2436
30336685,5764,509137631,53282470,3426,-5406,-49,6476,293342450,2115,293342490,2115,159,-55,23,46,2364,2,-20,2363
30346727,5764,509137646,53282432,3426,-5406,-48,6476,293342450,2115,293342500,2115,158,-54,41,50,2421,20,-17,2420
30356969,5764,509137662,53282394,3426,-5407,-46,6476,293342450,2115,293342510,2115,158,-54,37,93,2301,17,29,2301
30366845,5764,509137677,53282354,3426,-5406,-45,6476,293342500,2115,293342520,2115,157,-54,24,38,2371,4,-28,2370
30376980,5764,509137692,53282316,3426,-5406,-44,6476,293342500,2115,293342530,2115,157,-53,16,35,2331,-4,-29,2330
30386704,5764,509137708,53282278,3426,-5406,-43,6476,293342500,2115,293342540,2115,156,-53,17,78,2402,-3,12,2401
30396726,5764,509137723,53282240,3426,-5406,-42,6476,293342500,2115,293342550,2115,155,-54,43,39,2384,23,-26,2382
30407351,5764,509137739,53282202,3426,-5407,-41,6476,293342500,2115,293342560,2115,155,-54,38,130,2366,17,66,2368
30416823,5764,509137754,53282162,3426,-5407,-40,6476,293342550,2115,293342570,2115,155,-54,22,44,2338,2,-20,2337
30426774,5764,509137769,53282124,3426,-5407,-39,6476,293342550,2115,293342580,2115,154,-54,17,58,2351,-4,-6,2350
30436793,5764,509137785,53282086,3426,-5407,-38,6476,293342550,2115,293342590,2115,154,-54,8,108,2341,-13,44,2341
30446696,5763,509137800,53282048,3426,-5407,-37,6476,293342550,2115,293342600,2115,154,-55,16,18,2396,-5,-47,2394
30458298,5763,509137816,53282010,3426,-5407,-36,6476,293342550,2115,293342610,2115,154,-55,33,91,2415,12,26,2415
30466837,5763,509137831,53281969,3426,-5407,-36,6476,293342600,2115,293342620,2115,153,-55,47,67,2475,25,0,2475
30476782,5763,509137846,53281932,3426,-5407,-35,6476,293342600,2115,293342630,2115,153,-56,43,84,2432,21,19,2432
30486703,5763,509137862,53281894,3426,-5407,-35,6476,293342600,2115,293342640,2115,153,-56,13,81,2415,-9,16,2414
30497506,5763,509137877,53281856,3426,-5407,-34,6476,293342600,2115,293342650,2115,153,-57,5,48,2402,-18,-17,2401
30507128,5763,509137893,53281818,3426,-5407,-33,6476,293342600,2115,293342660,2115,153,-57,-7,11,2341,-28,-52,2338
30517134,5763,509137908,53281777,3426,-5407,-32,6476,293342650,2115,293342670,2115,154,-58,16,108,2379,-7,43,2379
30527724,5763,509137923,53281739,3426,-5407,-31,6476,293342650,2115,293342680,2115,154,-58,39,28,2413,16,-37,2411
30536683,5763,509137939,53281701,3426,-5407,-31,6476,293342650,2115,293342690,2115,154,-59,52,27,2524,28,-41,2522
30546706,5763,509137954,53281663,3426,-5407,-31,6476,293342650,2115,293342700,2115,155,-60,59,113,2496,35,45,2497
30557904,5762,509137970,53281626,3426,-5407,-31,6476,293342650,2115,293342710,2115,155,-61,21,48,2483,-3,-20,2482
30566870,5762,509137985,53281585,3427,-5407,-30,6476,293342700,2115,293342720,2115,155,-61,-2,-7,2407,-26,-73,2404
30576754,5762,509138000,53281547,3427,-5406,-30,6476,293342700,2115,293342730,2115,155,-62,-24,42,2447,-48,-25,2445
30586691,5762,509138016,53281509,3426,-5406,-30,6476,293342700,2115,293342740,2115,155,-62,5,85,2495,-21,17,2494
30596715,5762,509138031,53281471,3426,-5406,-30,6476,293342700,2115,293342750,2115,155,-63,30,48,2521,4,-20,2520
30606982,5762,509138047,53281433,3427,-5406,-30,6476,293342700,2115,293342760,2115,155,-63,73,16,2560,47,-54,2558
30616989,5762,509138062,53281393,3427,-5406,-30,6476,293342750,2115,293342770,2115,155,-64,57,90,2495,31,22,2495
30626893,5762,509138077,53281355,3428,-5406,-31,6476,293342750,2115,293342780,2115,155,-65,2,1,2549,-24,-69,2546
30636705,5762,509138093,53281317,3428,-5406,-31,6476,293342750,2115,293342790,2115,155,-65,-3,52,2501,-30,-16,2499
30647141,5762,509138108,53281279,3427,-5406,-31,6476,293342750,2115,293342800,2115,155,-66,5,108,2567,-23,38,2567
30658108,5762,509138124,53281241,3427,-5405,-32,6476,293342750,2115,293342810,2115,155,-66,-4,12,2564,-32,-58,2561
30666863,5762,509138139,53281201,3427,-5406,-32,6476,293342800,2115,293342820,2115,154,-66,50,107,2607,21,37,2607
30677536,5762,509138154,53281163,3427,-5405,-33,6476,293342800,2115,293342830,2115,154,-67,40,33,2589,12,-37,2588
30686733,5762,509138170,53281125,3427,-5406,-34,6476,293342800,2115,293342840,2115,154,-67,45,107,2585,16,37,2586
30696681,5762,509138185,53281087,3427,-5405,-34,6476,293342800,2115,293342850,2115,154,-67,2,29,2578,-27,-40,2576
30707617,5762,509138201,53281049,3427,-5405,-35,6476,293342800,2115,293342860,2115,154,-67,-3,49,2581,-32,-21,2579
30716896,5762,509138216,53281008,3427,-5405,-36,6476,293342850,2115,293342870,2115,154,-67,-12,89,2570,-40,20,2569
30726785,5762,509138232,53280971,3427,-5405,-36,6476,293342850,2115,293342880,2115,154,-67,3,87,2617,-26,17,2617
30736703,5762,509138247,53280933,3427,-5405,-37,6476,293342850,2115,293342890,2115,153,-67,61,74,2622,32,3,2621
30746747,5762,509138262,53280895,3427,-5405,-39,6476,293342850,2115,293342900,2115,153,-67,54,57,2708,24,-16,2707
30756988,5762,509138278,53280857,3427,-5405,-40,6476,293342850,2115,293342910,2115,153,-67,36,65,2606,7,-5,2605
30766852,5762,509138293,53280816,3427,-5405,-40,6476,293342900,2115,293342920,2115,154,-67,6,36,2594,-22,-34,2592
30776772,5762,509138309,53280778,3427,-5405,-41,6476,293342900,2115,293342930,2115,154,-67,-27,92,2540,-55,23,2539
30786693,5762,509138324,53280741,3427,-5404,-41,6476,293342900,2115,293342940,2115,154,-66,3,29,2543,-25,-40,2541
30796688,5762,509138339,53280703,3427,-5404,-41,6476,293342900,2115,293342950,2115,154,-66,23,69,2543,-4,0,2543
30806985,5762,509138355,53280665,3427,-5405,-42,6476,293342900,2115,293342960,2115,155,-65,76,89,2628,48,18,2628
30816830,5761,509138370,53280624,3427,-5405,-44,6476,293342950,2115,293342970,2115,155,-65,49,28,2655,20,-44,2653
30826770,5761,509138386,53280586,3428,-5405,-45,6476,293342950,2115,293342980,2115,156,-65,51,68,2623,23,-4,2622
30836737,5761,509138401,53280548,3428,-5404,-45,6476,293342950,2115,293342990,2115,157,-64,-17,23,2591,-45,-49,2589
30846702,5761,509138416,53280510,3428,-5404,-46,6476,293342950,2115,293343000,2115,158,-63,-16,25,2596,-43,-47,2593
30856932,5761,509138432,53280473,3428,-5403,-46,6476,293342950,2115,293343010,2115,159,-63,-16,82,2558,-43,10,2557
30866867,5761,509138447,53280432,3428,-5404,-47,6476,293343000,2115,293343020,2115,160,-62,43,53,2579,17,-20,2578
30876769,5761,509138463,53280394,3428,-5404,-48,6476,293343000,2115,293343030,2115,161,-62,78,63,2595,51,-10,2595
30886699,5761,509138478,53280356,3429,-5404,-48,6476,293343000,2115,293343040,2115,162,-61,54,-9,2559,29,-82,2556
30896682,5761,509138493,53280318,3429,-5404,-48,6476,293343000,2115,293343050,2115,163,-61,20,59,2516,-5,-13,2515
30907006,5761,509138509,53280280,3429,-5403,-48,6476,293343000,2115,293343060,2115,164,-61,-36,53,2503,-61,-19,2501
30916864,5761,509138524,53280240,3429,-5403,-49,6476,293343050,2115,293343070,2115,166,-61,7,16,2531,-18,-58,2528
30926773,5761,509138540,53280202,3429,-5403,-49,6476,293343050,2115,293343080,2115,167,-61,16,40,2501,-9,-33,2499
30936689,5761,509138555,53280164,3429,-5403,-49,6476,293343050,2115,293343090,2115,168,-60,69,93,2521,44,19,2522
30946709,5761,509138570,53280126,3430,-5403,-49,6476,293343050,2115,293343100,2115,168,-60,53,28,2535,28,-46,2534
30956967,5761,509138586,53280088,3430,-5403,-50,6477,293343050,2115,293343110,2115,169,-60,13,43,2582,-12,-34,2580
30966851,5761,509138601,53280048,3430,-5402,-50,6477,293343100,2115,293343120,2115,170,-60,1,49,2592,-24,-29,2590
30976760,5761,509138617,53280010,3430,-5402,-51,6477,293343100,2115,293343130,2115,171,-60,17,16,2562,-8,-60,2560
30986727,5761,509138632,53279972,3430,-5402,-51,6477,293343100,2115,293343140,2115,171,-60,-8,108,2540,-33,32,2540
30996708,5761,509138648,53279934,3430,-5402,-51,6477,293343100,2115,293343150,2115,171,-61,45,52,2531,20,-23,2529
31008119,5761,509138663,53279896,3430,-5402,-51,6477,293343100,2115,293343160,2115,171,-61,20,71,2449,-4,-2,2448
31017734,5761,509138678,53279856,3430,-5402,-50,6477,293343150,2115,293343170,2115,171,-61,18,77,2426,-6,4,2425
31026775,5761,509138694,53279818,3431,-5402,-50,6477,293343150,2115,293343180,2115,171,-61,26,16,2465,2,-58,2463
31037234,5761,509138709,53279780,3430,-5402,-50,6477,293343150,2115,293343190,2115,171,-61,7,96,2462,-17,22,2462
31047013,5761,509138725,53279742,3430,-5402,-50,6477,293343150,2115,293343200,2115,171,-61,11,86,2507,-14,10,2507
31056972,5761,509138740,53279704,3430,-5402,-50,6477,293343150,2115,293343210,2115,171,-61,37,57,2547,12,-19,2546
31067555,5761,509138756,53279664,3430,-5402,-50,6477,293343200,2115,293343220,2115,170,-61,46,104,2501,21,29,2502
31076775,5761,509138771,53279626,3430,-5402,-50,6477,293343200,2115,293343230,2115,170,-61,22,58,2492,-2,-17,2491
31086703,5761,509138786,53279588,3430,-5402,-50,6477,293343200,2115,293343240,2115,169,-60,6,81,2496,-19,6,2495
31097950,5761,509138802,53279550,3430,-5402,-50,6477,293343200,2115,293343250,2115,168,-61,-8,35,2474,-32,-38,2472
31106944,5760,509138817,53279512,3430,-5402,-49,6477,293343200,2115,293343260,2115,168,-61,16,94,2426,-8,23,2426
31116860,5760,509138833,53279472,3430,-5402,-49,6477,293343250,2115,293343270,2115,167,-61,19,90,2418,-5,20,2418
31126779,5760,509138848,53279434,3430,-5402,-48,6477,293343250,2115,293343280,2115,166,-61,49,87,2479,24,15,2479
31136690,5760,509138863,53279396,3430,-5402,-48,6477,293343250,2115,293343290,2115,165,-61,57,80,2400,32,11,2400
31146688,5760,509138879,53279358,3430,-5402,-47,6477,293343250,2115,293343300,2115,164,-61,18,60,2375,-6,-8,2374
31156988,5760,509138894,53279320,3430,-5402,-46,6477,293343250,2115,293343310,2115,164,-62,15,42,2377,-8,-26,2376
31166868,5760,509138910,53279280,3430,-5402,-45,6477,293343300,2115,293343320,2115,163,-62,-5,97,2460,-30,26,2460
31176762,5759,509138925,53279242,3430,-5402,-45,6477,293343300,2115,293343330,2115,162,-62,-1,62,2471,-26,-9,2469
31186732,5759,509138941,53279204,3430,-5402,-45,6477,293343300,2115,293343340,2115,161,-62,47,93,2534,21,21,2534
31196694,5759,509138956,53279166,3429,-5402,-45,6477,293343300,2115,293343350,2115,160,-62,46,124,2458,21,55,2459
31206943,5759,509138971,53279128,3430,-5402,-45,6477,293343300,2115,293343360,2115,160,-61,38,15,2457,14,-54,2455
31216828,5758,509138987,53279088,3430,-5402,-44,6477,293343350,2115,293343370,2115,159,-61,-14,64,2372,-37,-3,2371
31226773,5758,509139002,53279050,3429,-5402,-43,6477,293343350,2115,293343380,2115,158,-61,-27,71,2385,-51,4,2384
31236683,5758,509139018,53279012,3430,-5401,-42,6477,293343350,2115,293343390,2115,158,-61,19,37,2447,-5,-31,2446
31246690,5758,509139033,53278974,3429,-5402,-41,6477,293343350,2115,293343400,2115,157,-61,23,109,2370,-1,44,2370
31256943,5757,509139048,53278936,3429,-5402,-41,6477,293343350,2115,293343410,2115,156,-60,45,96,2472,20,29,2472
31266871,5757,509139064,53278896,3430,-5402,-40,6477,293343400,2115,293343420,2115,156,-60,64,-13,2400,41,-79,2398
31276754,5757,509139079,53278858,3430,-5401,-40,6477,293343400,2115,293343430,2115,156,-60,9,29,2459,-15,-38,2457
31286730,5756,509139095,53278820,3430,-5401,-39,6477,293343400,2115,293343440,2115,155,-59,0,12,2369,-22,-53,2367
31296688,5756,509139110,53278782,3430,-5401,-38,6477,293343400,2115,293343450,2115,155,-59,-27,90,2412,-51,24,2411
31306989,5756,509139125,53278744,3430,-5401,-37,6477,293343400,2115,293343460,2115,154,-58,7,13,2376,-15,-52,2374
31316865,5755,509139141,53278704,3431,-5401,-37,6477,293343450,2115,293343470,2115,154,-58,48,22,2479,24,-45,2478
31326790,5755,509139156,53278666,3431,-5401,-36,6477,293343450,2115,293343480,2115,153,-57,60,16,2431,37,-49,2429
31336697,5755,509139172,53278628,3431,-5401,-36,6477,293343450,2115,293343490,2115,153,-57,41,39,2415,19,-26,2414
31346687,5754,509139187,53278590,3431,-5401,-34,6477,293343450,2115,293343500,2115,153,-57,11,63,2349,-11,0,2348
31356947,5754,509139203,53278552,3431,-5400,-33,6477,293343450,2115,293343510,2115,153,-56,-29,8,2302,-49,-53,2299
31366847,5753,509139218,53278512,3432,-5399,-33,6477,293343500,2115,293343520,2115,153,-56,-7,-36,2440,-29,-102,2436
31376752,5753,509139233,53278474,3432,-5400,-32,6477,293343500,2115,293343530,2115,153,-55,46,39,2447,24,-26,2445
31386697,5753,509139249,53278436,3432,-5400,-32,6477,293343500,2115,293343540,2115,153,-55,47,125,2494,24,58,2495
31397466,5752,509139264,53278398,3433,-5400,-32,6477,293343500,2115,293343550,2115,154,-55,60,-23,2482,38,-90,2479
31406967,5752,509139280,53278360,3433,-5400,-32,6477,293343500,2115,293343560,2115,154,-54,19,6,2467,-2,-61,2465
31416833,5751,509139295,53278320,3434,-5399,-31,6477,293343550,2115,293343570,2115,155,-54,6,-49,2445,-15,-116,2441
31427519,5751,509139311,53278282,3433,-5399,-31,6477,293343550,2115,293343580,2115,156,-54,-29,87,2442,-51,20,2441
31436678,5751,509139326,53278244,3434,-5398,-30,6477,293343550,2115,293343590,2115,156,-54,-14,-6,2418,-35,-73,2414
31446688,5750,509139341,53278206,3434,-5398,-30,6477,293343550,2115,293343600,2115,156,-55,51,-21,2485,29,-89,2482
31456933,5750,509139357,53278168,3435,-5398,-29,6477,293343550,2115,293343610,2115,157,-55,61,15,2438,40,-52,2437
31466833,5750,509139372,53278128,3435,-5398,-29,6477,293343600,2115,293343620,2115,158,-56,54,16,2515,32,-53,2513
31477714,5749,509139388,53278090,3436,-5398,-30,6477,293343600,2115,293343630,2115,159,-56,43,-5,2522,20,-75,2520
31486688,5749,509139403,53278052,3436,-5397,-30,6477,293343600,2115,293343640,2115,159,-57,8,-14,2546,-15,-85,2543
31496698,5749,509139419,53278014,3437,-5397,-30,6477,293343600,2115,293343650,2115,160,-58,-24,-29,2563,-48,-101,2559
31507094,5749,509139434,53277976,3437,-5397,-31,6477,293343600,2115,293343660,2115,160,-59,2,83,2550,-23,11,2550
31516845,5748,509139449,53277936,3437,-5396,-31,6477,293343650,2115,293343670,2115,160,-60,11,33,2566,-14,-39,2564
31527708,5748,509139465,53277898,3438,-5396,-32,6477,293343650,2115,293343680,2115,161,-60,54,-17,2566,29,-90,2564
31536694,5748,509139480,53277860,3438,-5396,-32,6477,293343650,2115,293343690,2115,161,-61,40,-10,2606,14,-83,2603
31546702,5748,509139496,53277822,3438,-5396,-33,6477,293343650,2115,293343700,2115,162,-62,16,44,2614,-10,-30,2612
31558086,5747,509139511,53277784,3438,-5396,-34,6477,293343650,2115,293343710,2115,162,-63,-14,82,2643,-42,6,2642
31567147,5747,509139527,53277744,3438,-5395,-35,6477,293343700,2115,293343720,2115,162,-64,-19,0,2607,-47,-74,2604
31576761,5747,509139542,53277706,3438,-5395,-37,6477,293343700,2115,293343730,2115,162,-65,11,52,2682,-18,-25,2681
31586701,5747,509139558,53277668,3439,-5395,-38,6477,293343700,2115,293343740,2115,162,-66,45,45,2660,16,-31,2659
31596698,5747,509139573,53277630,3439,-5395,-40,6477,293343700,2115,293343750,2115,162,-67,56,48,2695,27,-29,2694
31606945,5747,509139589,53277593,3439,-5394,-40,6477,293343700,2115,293343760,2115,163,-67,19,-4,2599,-10,-79,2596
31616828,5746,509139604,53277552,3439,-5394,-41,6477,293343750,2115,293343770,2115,162,-68,-16,48,2620,-46,-27,2618
31626758,5746,509139619,53277514,3440,-5393,-42,6477,293343750,2115,293343780,2115,162,-69,-5,30,2658,-35,-46,2655
31637468,5746,509139635,53277477,3440,-5393,-44,6477,293343750,2115,293343790,2115,162,-69,23,63,2710,-8,-14,2709
31647673,5746,509139650,53277439,3440,-5393,-46,6477,293343750,2115,293343800,2115,162,-70,49,57,2728,17,-20,2727
31656925,5746,509139666,53277401,3440,-5393,-47,6477,293343750,2115,293343810,2115,161,-70,44,41,2712,13,-35,2711
31666847,5746,509139681,53277360,3440,-5393,-48,6477,293343800,2115,293343820,2115,161,-71,13,22,2601,-17,-52,2598
31677409,5746,509139697,53277323,3441,-5393,-49,6477,293343800,2115,293343830,2115,161,-71,2,25,2639,-29,-50,2637
31686694,5745,509139712,53277285,3440,-5392,-50,6477,293343800,2115,293343840,2115,160,-71,-23,78,2590,-54,5,2589
31696985,5745,509139728,53277247,3440,-5392,-52,6477,293343800,2115,293343850,2115,160,-72,21,57,2710,-12,-19,2708
31708121,5745,509139743,53277209,3441,-5392,-53,6477,293343800,2115,293343860,2115,159,-72,35,13,2643,3,-60,2640
31716851,5745,509139759,53277169,3441,-5392,-54,6477,293343850,2115,293343870,2115,159,-72,61,59,2672,29,-15,2672
31726769,5745,509139774,53277131,3441,-5392,-55,6477,293343850,2115,293343880,2115,158,-72,28,60,2580,-3,-12,2579
31736700,5745,509139789,53277093,3441,-5392,-56,6477,293343850,2115,293343890,2115,158,-72,21,78,2613,-10,6,2613
31746692,5745,509139805,53277055,3441,-5391,-56,6477,293343850,2115,293343900,2115,157,-72,-26,31,2587,-56,-41,2585
31756960,5744,509139820,53277017,3441,-5391,-57,6477,293343850,2115,293343910,2115,156,-72,-10,19,2592,-41,-52,2589
31766857,5744,509139836,53276977,3441,-5391,-57,6477,293343900,2115,293343920,2115,156,-71,20,95,2558,-10,25,2558
31776756,5744,509139851,53276939,3441,-5391,-58,6477,293343900,2115,293343930,2115,155,-71,42,83,2559,12,13,2559
31786692,5744,509139867,53276901,3441,-5391,-58,6477,293343900,2115,293343940,2115,154,-70,48,93,2552,18,24,2552
31796831,5744,509139882,53276864,3441,-5391,-59,6477,293343900,2115,293343950,2115,153,-70,46,3,2546,17,-65,2544
31806933,5744,509139898,53276826,3441,-5391,-59,6477,293343900,2115,293343960,2115,152,-69,3,41,2518,-25,-26,2516
31816836,5744,509139913,53276785,3441,-5391,-58,6477,293343950,2115,293343970,2115,151,-68,-25,116,2444,-52,51,2444
31826852,5743,509139929,53276748,3440,-5390,-59,6477,293343950,2115,293343980,2115,150,-67,-20,91,2552,-49,24,2551
31836718,5743,509139944,53276710,3441,-5390,-59,6477,293343950,2115,293343990,2115,149,-66,49,-3,2510,22,-69,2508
31846698,5743,509139960,53276672,3441,-5391,-58,6477,293343950,2115,293344000,2115,147,-65,52,104,2479,26,40,2480
31857533,5743,509139975,53276634,3441,-5391,-58,6477,293343950,2115,293344010,2115,146,-64,56,77,2406,31,16,2406
31866843,5743,509139990,53276594,3441,-5391,-57,6477,293344000,2115,293344020,2115,144,-63,15,69,2412,-9,8,2411
31876776,5742,509140006,53276556,3440,-5391,-56,6477,293344000,2115,293344030,2115,143,-61,-24,58,2349,-47,-1,2348
31887307,5742,509140021,53276518,3441,-5390,-55,6477,293344000,2115,293344040,2115,142,-60,3,23,2388,-20,-37,2386
31896701,5742,509140037,53276480,3440,-5390,-54,6477,293344000,2115,293344050,2115,140,-59,-6,48,2347,-29,-10,2345
31906982,5742,509140052,53276443,3441,-5390,-53,6477,293344000,2115,293344060,2115,139,-58,57,67,2423,34,8,2423
31916875,5741,509140068,53276402,3441,-5391,-52,6477,293344050,2115,293344070,2115,138,-57,60,90,2370,38,32,2370
31926814,5741,509140083,53276364,3441,-5391,-51,6477,293344050,2115,293344080,2115,137,-56,61,14,2392,39,-43,2391
31936689,5741,509140099,53276327,3442,-5390,-50,6477,293344050,2115,293344090,2115,135,-55,13,-13,2346,-7,-69,2343
31946711,5741,509140114,53276289,3441,-5390,-48,6477,293344050,2115,293344100,2115,134,-55,-9,77,2289,-29,23,2288
31956987,5740,509140130,53276251,3441,-5390,-46,6477,293344050,2115,293344110,2115,133,-54,-34,75,2251,-54,22,2250
31966858,5740,509140145,53276211,3441,-5390,-45,6477,293344100,2115,293344120,2115,132,-53,13,15,2309,-6,-39,2307
31976761,5740,509140161,53276173,3441,-5390,-43,6478,293344100,2115,293344130,2115,132,-52,62,37,2320,43,-17,2319
31986692,5740,509140176,53276135,3442,-5390,-42,6478,293344100,2115,293344140,2115,131,-51,80,32,2319,61,-21,2318
31996691,5739,509140191,53276097,3442,-5391,-41,6478,293344100,2115,293344150,2115,131,-51,45,34,2375,25,-21,2373
32006949,5739,509140207,53276059,3442,-5390,-40,6478,293344100,2115,293344160,2115,130,-51,2,16,2358,-17,-39,2356
32016854,5739,509140222,53276019,3442,-5390,-39,6478,293344150,2115,293344170,2115,130,-50,-28,4,2341,-47,-49,2338
32026768,5739,509140238,53275981,3442,-5389,-37,6478,293344150,2115,293344180,2115,130,-50,-25,56,2312,-43,3,2311
32036704,5738,509140253,53275943,3442,-5390,-36,6478,293344150,2115,293344190,2115,130,-50,23,61,2351,4,8,2350
32046678,5738,509140269,53275906,3443,-5389,-34,6478,293344150,2115,293344200,2115,130,-50,69,-58,2297,51,-110,2294
32058073,5738,509140284,53275868,3443,-5390,-33,6478,293344150,2115,293344210,2115,130,-50,71,53,2337,52,0,2337
32067754,5738,509140300,53275827,3444,-5389,-32,6478,293344200,2115,293344220,2115,130,-50,14,-25,2387,-5,-80,2384
32076797,5738,509140315,53275790,3444,-5389,-31,6478,293344200,2115,293344230,2115,130,-51,-6,21,2337,-25,-33,2335
32086701,5737,509140331,53275752,3444,-5389,-30,6478,293344200,2115,293344240,2115,130,-52,-13,0,2349,-32,-54,2346
32097364,5737,509140346,53275714,3445,-5388,-29,6478,293344200,2115,293344250,2115,130,-52,28,-37,2428,8,-92,2424
32106945,5737,509140362,53275676,3444,-5389,-28,6478,293344200,2115,293344260,2115,130,-53,41,81,2403,20,26,2403
32116874,5737,509140377,53275636,3445,-5389,-28,6478,293344250,2115,293344270,2115,130,-54,63,-10,2416,43,-65,2414
32127601,5736,509140393,53275598,3446,-5388,-27,6478,293344250,2115,293344280,2115,129,-55,38,-40,2450,17,-95,2447
32136689,5736,509140408,53275560,3446,-5388,-27,6478,293344250,2115,293344290,2115,129,-56,3,-18,2493,-20,-74,2490
32146704,5736,509140424,53275522,3446,-5387,-27,6478,293344250,2115,293344300,2115,129,-57,-17,21,2471,-40,-35,2468
32157769,5735,509140439,53275485,3447,-5387,-27,6478,293344250,2115,293344310,2115,129,-58,6,22,2486,-17,-34,2484
32166862,5735,509140455,53275444,3447,-5387,-27,6478,293344300,2115,293344320,2115,129,-59,30,13,2507,6,-44,2505
32176749,5735,509140470,53275407,3448,-5387,-26,6478,293344300,2115,293344330,2115,129,-60,58,-33,2473,34,-89,2470
32186846,5734,509140486,53275369,3448,-5387,-26,6478,293344300,2115,293344340,2115,129,-62,45,53,2493,20,-3,2492
32196697,5734,509140501,53275331,3448,-5387,-27,6478,293344300,2115,293344350,2115,129,-63,2,-47,2540,-24,-105,2536
32206950,5733,509140517,53275293,3449,-5386,-27,6478,293344300,2115,293344360,2115,129,-64,10,-19,2541,-16,-77,2538
32217116,5733,509140532,53275253,3449,-5386,-27,6478,293344350,2115,293344370,2115,128,-65,2,-12,2550,-25,-70,2547
32226755,5732,509140548,53275215,3449,-5386,-29,6478,293344350,2115,293344380,2115,128,-66,30,46,2690,0,-14,2688
32236736,5732,509140563,53275177,3449,-5385,-29,6478,293344350,2115,293344390,2115,128,-67,34,1,2593,5,-57,2591
32247235,5731,509140579,53275139,3450,-5385,-30,6478,293344350,2115,293344400,2115,129,-68,56,0,2618,27,-59,2616
32257021,5731,509140594,53275102,3450,-5385,-31,6478,293344350,2115,293344410,2115,129,-69,-5,-29,2559,-34,-87,2556
32266845,5730,509140610,53275061,3450,-5384,-31,6478,293344400,2115,293344420,2115,129,-69,-14,37,2562,-43,-21,2560
32277437,5730,509140625,53275024,3451,-5383,-31,6478,293344400,2115,293344430,2115,129,-69,-28,-49,2543,-56,-107,2539
32286724,5729,509140641,53274986,3451,-5383,-33,6478,293344400,2115,293344440,2115,130,-70,21,37,2647,-10,-23,2646
32296726,5729,509140656,53274948,3451,-5383,-34,6478,293344400,2115,293344450,2115,130,-70,65,37,2662,34,-24,2660
32308306,5728,509140672,53274910,3452,-5383,-35,6478,293344400,2115,293344460,2115,131,-70,48,-74,2614,19,-134,2610
32316877,5728,509140687,53274870,3452,-5383,-36,6478,293344450,2115,293344470,2115,131,-70,40,37,2627,9,-24,2625
32326789,5727,509140703,53274832,3452,-5382,-37,6478,293344450,2115,293344480,2115,132,-70,-5,-23,2605,-34,-84,2602
32336992,5727,509140718,53274795,3452,-5382,-37,6478,293344450,2115,293344490,2115,132,-70,-27,16,2604,-57,-45,2602
32346695,5726,509140734,53274757,3453,-5381,-38,6478,293344450,2115,293344500,2115,133,-69,4,-71,2538,-25,-130,2534
32356988,5725,509140749,53274719,3454,-5381,-39,6478,293344450,2115,293344510,2115,134,-69,33,6,2616,4,-56,2614
32367118,5725,509140765,53274679,3454,-5381,-39,6478,293344500,2115,293344520,2115,135,-68,45,19,2568,17,-42,2566
32376758,5724,509140780,53274641,3455,-5381,-40,6478,293344500,2115,293344530,2115,136,-67,41,-24,2607,12,-87,2604
32386707,5724,509140796,53274603,3455,-5380,-40,6478,293344500,2115,293344540,2115,137,-67,26,-50,2553,-2,-112,2550
32396726,5723,509140811,53274566,3456,-5379,-41,6478,293344500,2115,293344550,2115,138,-66,-11,-43,2539,-38,-105,2535
32406982,5723,509140827,53274528,3456,-5379,-41,6478,293344500,2115,293344560,2115,139,-65,-29,-33,2511,-55,-95,2508
32416833,5723,509140842,53274488,3457,-5378,-41,6478,293344550,2115,293344570,2115,140,-64,5,17,2612,-22,-47,2610
32427622,5722,509140858,53274450,3457,-5378,-42,6478,293344550,2115,293344580,2115,141,-63,39,-9,2520,14,-71,2518
32436724,5722,509140873,53274412,3458,-5378,-42,6478,293344550,2115,293344590,2115,142,-62,80,-28,2557,54,-91,2555
32446710,5722,509140889,53274374,3459,-5378,-42,6478,293344550,2115,293344600,2115,143,-62,41,-26,2531,16,-90,2528
32457719,5721,509140905,53274337,3459,-5377,-43,6478,293344550,2115,293344610,2115,143,-61,5,-73,2545,-20,-137,2540
32466834,5721,509140920,53274296,3460,-5376,-43,6478,293344600,2115,293344620,2115,144,-61,-31,16,2514,-55,-47,2511
32476818,5721,509140936,53274259,3460,-5376,-43,6478,293344600,2115,293344630,2115,144,-60,-13,45,2500,-37,-19,2498
32486926,5721,509140951,53274221,3460,-5376,-43,6478,293344600,2115,293344640,2115,144,-60,49,-10,2539,24,-74,2536
32496695,5721,509140967,53274183,3461,-5376,-43,6478,293344600,2115,293344650,2115,145,-60,60,-28,2534,36,-92,2531
32506955,5720,509140982,53274146,3461,-5376,-44,6478,293344600,2115,293344660,2115,145,-60,57,30,2555,32,-34,2553
32517698,5720,509140998,53274105,3462,-5376,-43,6478,293344650,2115,293344670,2115,145,-60,20,-18,2480,-4,-81,2477
32526799,5720,509141013,53274068,3462,-5375,-44,6478,293344650,2115,293344680,2115,145,-59,-31,35,2554,-56,-30,2551
32536696,5720,509141029,53274030,3462,-5374,-44,6478,293344650,2115,293344690,2115,144,-59,-14,-42,2490,-38,-105,2487
32546886,5720,509141045,53273992,3462,-5374,-44,6478,293344650,2115,293344700,2115,144,-60,35,66,2611,10,0,2610
32556973,5719,509141060,53273954,3462,-5374,-45,6478,293344650,2115,293344710,2115,143,-60,21,36,2581,-4,-28,2579
32566860,5719,509141076,53273914,3463,-5374,-46,6478,293344700,2115,293344720,2115,143,-60,77,52,2577,52,-13,2576
32576780,5719,509141091,53273877,3463,-5374,-46,6478,293344700,2115,293344730,2115,143,-60,7,62,2483,-17,0,2482
32586686,5719,509141107,53273839,3463,-5374,-46,6478,293344700,2115,293344740,2115,143,-60,-30,-39,2524,-54,-102,2520
32596705,5718,509141122,53273801,3463,-5373,-45,6478,293344700,2115,293344750,2115,142,-60,-18,11,2458,-41,-50,2456
32607819,5718,509141138,53273763,3463,-5373,-46,6478,293344700,2115,293344760,2115,142,-60,-3,32,2589,-28,-33,2587
32616826,5718,509141153,53273723,3463,-5373,-47,6478,293344750,2115,293344770,2115,141,-60,28,90,2590,3,26,2589
32626774,5718,509141169,53273686,3464,-5373,-47,6478,293344750,2115,293344780,2115,141,-60,73,21,2593,48,-43,2592
32636723,5717,509141185,53273648,3464,-5373,-47,6478,293344750,2115,293344790,2115,140,-60,34,50,2487,10,-12,2486
32646699,5717,509141200,53273610,3464,-5373,-47,6478,293344750,2115,293344800,2115,140,-60,14,-4,2469,-9,-64,2466
32657360,5717,509141216,53273572,3464,-5372,-47,6478,293344750,2115,293344810,2115,139,-60,-30,66,2491,-54,4,2490
32666861,5716,509141231,53273532,3464,-5372,-47,6478,293344800,2115,293344820,2115,139,-59,-21,42,2456,-44,-19,2454
32676763,5716,509141247,53273495,3464,-5372,-47,6478,293344800,2115,293344830,2115,139,-59,23,5,2521,-1,-56,2519
32686734,5716,509141262,53273457,3465,-5372,-47,6478,293344800,2115,293344840,2115,139,-59,47,19,2549,23,-43,2547
32699757,5715,509141278,53273419,3465,-5372,-47,6478,293344800,2115,293344850,2115,139,-59,67,37,2497,43,-24,2496
32706932,5715,509141294,53273382,3465,-5372,-47,6478,293344800,2115,293344860,2115,139,-59,54,21,2540,30,-41,2538
32716855,5715,509141309,53273341,3465,-5371,-47,6478,293344850,2115,293344870,2115,139,-59,-17,-2,2470,-40,-62,2467
32726770,5714,509141325,53273304,3465,-5371,-47,6478,293344850,2115,293344880,2115,139,-58,-44,28,2442,-67,-31,2440
32736683,5714,509141340,53273266,3465,-5370,-46,6478,293344850,2115,293344890,2115,139,-58,-30,22,2409,-52,-37,2407
32746686,5714,509141356,53273228,3465,-5370,-46,6478,293344850,2115,293344900,2115,139,-58,37,25,2455,14,-35,2453
32756961,5713,509141371,53273191,3466,-5371,-46,6478,293344850,2115,293344910,2115,138,-58,71,62,2501,48,1,2501
32766835,5713,509141387,53273150,3467,-5371,-46,6478,293344900,2115,293344920,2115,138,-58,72,-25,2519,49,-86,2516
32776790,5713,509141403,53273113,3467,-5370,-46,6478,293344900,2115,293344930,2115,138,-58,30,-2,2505,7,-63,2502
32786681,5712,509141418,53273075,3467,-5370,-45,6478,293344900,2115,293344940,2115,138,-58,-30,48,2413,-53,-11,2412
32796713,5712,509141434,53273037,3467,-5369,-44,6478,293344900,2115,293344950,2115,138,-58,-36,-23,2417,-58,-82,2413
32807213,5711,509141449,53273000,3467,-5369,-44,6478,293344900,2115,293344960,2115,137,-58,4,13,2434,-19,-46,2432
32816832,5711,509141465,53272959,3468,-5369,-44,6478,293344950,2115,293344970,2115,137,-58,50,28,2491,27,-32,2490
32826786,5711,509141480,53272922,3468,-5369,-43,6478,293344950,2115,293344980,2115,137,-58,75,14,2484,52,-46,2482
32836736,5710,509141496,53272884,3469,-5369,-44,6478,293344950,2115,293344990,2115,137,-58,52,-4,2516,28,-64,2514
32846764,5710,509141512,53272846,3469,-5369,-43,6478,293344950,2115,293345000,2115,136,-58,24,-13,2474,1,-72,2471
32856986,5709,509141527,53272809,3469,-5368,-43,6478,293344950,2115,293345010,2115,136,-58,-8,10,2456,-31,-49,2454
32866843,5709,509141543,53272769,3469,-5368,-42,6478,293345000,2115,293345020,2115,135,-58,-41,12,2400,-63,-45,2397
32877250,5708,509141558,53272731,3470,-5367,-42,6478,293345000,2115,293345030,2115,135,-58,5,1,2441,-18,-57,2438
32886690,5707,509141574,53272693,3470,-5367,-41,6478,293345000,2115,293345040,2115,135,-58,36,51,2455,13,-7,2454
32899023,5707,509141590,53272656,3471,-5367,-41,6478,293345000,2115,293345050,2115,135,-58,66,-34,2475,43,-92,2472
32907284,5706,509141605,53272618,3472,-5367,-41,6478,293345000,2115,293345060,2115,134,-58,74,-67,2502,51,-125,2499
32916857,5706,509141621,53272578,3472,-5367,-41,6478,293345050,2115,293345070,2115,134,-58,8,1,2447,-15,-57,2444
32926789,5705,509141636,53272540,3472,-5366,-41,6478,293345050,2115,293345080,2115,133,-58,-31,29,2504,-55,-30,2502
32936696,5705,509141652,53272503,3472,-5366,-40,6478,293345050,2115,293345090,2115,133,-58,-12,-47,2454,-35,-104,2450
32946699,5704,509141668,53272465,3473,-5366,-40,6478,293345050,2115,293345100,2115,132,-58,32,29,2462,9,-28,2460
32956936,5703,509141683,53272427,3474,-5365,-39,6478,293345050,2115,293345110,2115,132,-58,54,-62,2387,32,-117,2383
32966848,5703,509141699,53272387,3474,-5365,-38,6478,293345100,2115,293345120,2115,131,-58,58,27,2435,35,-29,2434
32976765,5702,509141714,53272349,3475,-5365,-38,6478,293345100,2115,293345130,2115,130,-58,43,-36,2460,20,-92,2457
32986686,5702,509141730,53272312,3475,-5365,-38,6478,293345100,2115,293345140,2115,130,-58,16,-68,2512,-8,-125,2508
32996726,5701,509141746,53272274,3476,-5364,-38,6478,293345100,2115,293345150,2115,129,-58,6,-20,2443,-16,-75,2440
33007000,5701,509141761,53272237,3476,-5364,-37,6479,293345100,2115,293345160,2115,128,-58,3,41,2443,-20,-14,2441
33016851,5700,509141777,53272196,3476,-5364,-37,6479,293345150,2115,293345170,2115,127,-58,19,21,2457,-4,-34,2455
33026770,5699,509141793,53272159,3477,-5363,-37,6479,293345150,2115,293345180,2115,126,-58,58,-68,2491,35,-123,2487
33036756,5699,509141808,53272121,3478,-5363,-37,6479,293345150,2115,293345190,2115,126,-58,61,-22,2477,38,-76,2475
33046707,5698,509141824,53272083,3478,-5363,-36,6479,293345150,2115,293345200,2115,125,-58,27,17,2465,4,-37,2464
33056931,5698,509141839,53272046,3478,-5363,-36,6479,293345150,2115,293345210,2115,124,-58,-9,-45,2486,-32,-100,2482
33066838,5697,509141855,53272006,3479,-5362,-36,6479,293345200,2115,293345220,2115,123,-58,7,-8,2504,-16,-62,2501
33076778,5697,509141871,53271968,3479,-5362,-36,6479,293345200,2115,293345230,2115,122,-58,39,19,2507,15,-35,2505
33086759,5696,509141886,53271930,3480,-5362,-36,6479,293345200,2115,293345240,2115,121,-59,83,-21,2452,60,-73,2450
33096685,5695,509141902,53271893,3480,-5362,-35,6479,293345200,2115,293345250,2115,121,-59,59,0,2436,36,-52,2434
33106988,5695,509141918,53271855,3481,-5362,-35,6479,293345200,2115,293345260,2115,120,-59,4,-97,2431,-18,-148,2426
33116876,5694,509141933,53271815,3481,-5361,-35,6479,293345250,2115,293345270,2115,119,-59,2,7,2489,-22,-45,2487
33126777,5694,509141949,53271777,3481,-5361,-34,6479,293345250,2115,293345280,2115,119,-59,-21,25,2486,-45,-27,2484
33136695,5693,509141964,53271740,3482,-5361,-35,6479,293345250,2115,293345290,2115,118,-59,71,-38,2610,46,-92,2607
33146687,5692,509141980,53271702,3483,-5361,-35,6479,293345250,2115,293345300,2115,117,-60,46,-37,2480,22,-88,2477
33156948,5692,509141996,53271665,3483,-5361,-35,6479,293345250,2115,293345310,2115,116,-60,47,2,2529,23,-49,2527
33166847,5691,509142011,53271624,3484,-5360,-35,6479,293345300,2115,293345320,2115,116,-60,23,-75,2460,0,-125,2457
33176759,5691,509142027,53271587,3484,-5359,-35,6479,293345300,2115,293345330,2115,115,-60,-12,-6,2488,-36,-56,2485
33186726,5690,509142043,53271549,3484,-5359,-35,6479,293345300,2115,293345340,2115,115,-60,-18,-25,2466,-42,-75,2463
33196703,5689,509142058,53271512,3485,-5359,-35,6479,293345300,2115,293345350,2115,114,-60,34,-25,2523,10,-76,2520
33206959,5689,509142074,53271474,3485,-5359,-35,6479,293345300,2115,293345360,2115,113,-60,47,17,2528,22,-33,2526
33216867,5688,509142090,53271434,3486,-5358,-35,6479,293345350,2115,293345370,2115,113,-60,61,-72,2487,37,-122,2484
33226763,5688,509142105,53271396,3487,-5358,-35,6479,293345350,2115,293345380,2115,112,-60,39,7,2478,15,-42,2476
33237335,5687,509142121,53271359,3487,-5358,-35,6479,293345350,2115,293345390,2115,112,-60,-5,-64,2513,-28,-113,2509
33246678,5687,509142137,53271321,3488,-5357,-34,6479,293345350,2115,293345400,2115,112,-59,-15,-28,2444,-38,-76,2441
33256952,5686,509142152,53271284,3488,-5356,-34,6479,293345350,2115,293345410,2115,111,-59,-12,-39,2488,-36,-88,2485
33266847,5686,509142168,53271244,3488,-5356,-35,6479,293345400,2115,293345420,2115,111,-59,32,9,2568,7,-41,2566
33276780,5685,509142184,53271206,3489,-5356,-35,6479,293345400,2115,293345430,2115,110,-59,77,-80,2536,53,-129,2533
33286695,5685,509142199,53271168,3490,-5356,-35,6479,293345400,2115,293345440,2115,110,-59,55,-22,2567,30,-72,2565
33297294,5684,509142215,53271131,3490,-5356,-35,6479,293345400,2115,293345450,2115,109,-59,30,-9,2510,6,-57,2508
33306963,5684,509142231,53271093,3490,-5355,-35,6479,293345400,2115,293345460,2115,109,-59,-25,-15,2448,-48,-63,2445
33316860,5683,509142246,53271053,3491,-5354,-35,6479,293345450,2115,293345470,2115,109,-59,-46,-51,2454,-69,-99,2450
33326792,5683,509142262,53271016,3491,-5354,-35,6479,293345450,2115,293345480,2115,109,-58,8,-25,2516,-15,-74,2514
33336685,5682,509142278,53270978,3491,-5354,-35,6479,293345450,2115,293345490,2115,109,-58,53,29,2565,29,-20,2564
33346698,5682,509142294,53270940,3492,-5354,-36,6479,293345450,2115,293345500,2115,109,-58,82,-77,2593,58,-126,2590
33356935,5681,509142309,53270903,3493,-5354,-36,6479,293345450,2115,293345510,2115,109,-58,61,-69,2579,37,-118,2576
33366851,5681,509142325,53270863,3494,-5353,-37,6479,293345500,2115,293345520,2115,109,-58,12,-19,2566,-12,-68,2564
33376761,5680,509142341,53270825,3494,-5353,-37,6479,293345500,2115,293345530,2115,109,-59,-40,-31,2521,-63,-80,2518
33386717,5680,509142356,53270788,3494,-5352,-37,6479,293345500,2115,293345540,2115,110,-58,-32,-38,2478,-55,-86,2474
33396701,5679,509142372,53270750,3495,-5351,-37,6479,293345500,2115,293345550,2115,110,-58,-1,-70,2541,-25,-119,2538
33406941,5679,509142388,53270713,3495,-5351,-38,6479,293345500,2115,293345560,2115,111,-59,41,13,2558,16,-37,2556
33416847,5678,509142403,53270673,3496,-5351,-38,6479,293345550,2115,293345570,2115,111,-59,105,2,2603,80,-48,2601
33426762,5678,509142419,53270635,3498,-5351,-39,6479,293345550,2115,293345580,2115,112,-59,103,-147,2624,78,-199,2620
33436699,5678,509142435,53270597,3498,-5351,-40,6479,293345550,2115,293345590,2115,112,-60,18,-9,2602,-7,-60,2600
33446716,5677,509142451,53270560,3498,-5350,-40,6479,293345550,2115,293345600,2115,113,-60,-49,2,2522,-74,-48,2519
33457164,5677,509142466,53270522,3498,-5349,-40,6479,293345550,2115,293345610,2115,114,-61,-53,11,2525,-77,-40,2522
33466838,5676,509142482,53270482,3498,-5349,-41,6479,293345600,2115,293345620,2115,115,-61,8,-50,2547,-17,-101,2543
33477713,5676,509142498,53270445,3500,-5349,-41,6479,293345600,2115,293345630,2115,117,-61,106,-115,2604,81,-167,2600
33486732,5675,509142514,53270407,3501,-5349,-42,6479,293345600,2115,293345640,2115,118,-61,89,-40,2646,63,-95,2644
33497542,5675,509142529,53270370,3501,-5348,-44,6479,293345600,2115,293345650,2115,119,-62,36,-20,2641,9,-75,2639
33506974,5675,509142545,53270332,3502,-5348,-44,6479,293345600,2115,293345660,2115,120,-62,-21,-35,2552,-46,-89,2548
33516845,5674,509142561,53270292,3502,-5347,-45,6479,293345650,2115,293345670,2115,121,-62,-53,-13,2589,-79,-68,2586
33526794,5674,509142576,53270255,3502,-5346,-45,6479,293345650,2115,293345680,2115,121,-62,-10,-24,2527,-35,-78,2523
33536683,5673,509142592,53270217,3503,-5346,-45,6479,293345650,2115,293345690,2115,122,-62,57,-43,2535,32,-97,2532
33546720,5673,509142608,53270180,3503,-5347,-45,6479,293345650,2115,293345700,2115,123,-63,88,28,2533,62,-26,2532
33558133,5673,509142624,53270142,3504,-5347,-46,6479,293345650,2115,293345710,2115,124,-63,84,-52,2554,58,-107,2551
33566853,5672,509142639,53270102,3504,-5346,-46,6479,293345700,2115,293345720,2115,124,-63,-7,-8,2498,-32,-63,2496
33576765,5672,509142655,53270065,3505,-5345,-46,6479,293345700,2115,293345730,2115,125,-63,-28,7,2513,-54,-48,2510
33586681,5672,509142671,53270027,3505,-5345,-46,6479,293345700,2115,293345740,2115,125,-63,-11,-21,2532,-36,-77,2529
33596701,5671,509142687,53269990,3505,-5345,-46,6479,293345700,2115,293345750,2115,126,-63,32,26,2519,6,-30,2517
33607345,5671,509142702,53269952,3506,-5345,-46,6479,293345700,2115,293345760,2115,126,-63,66,-16,2511,40,-71,2509
33616839,5671,509142718,53269912,3506,-5345,-46,6479,293345750,2115,293345770,2115,127,-63,64,24,2535,38,-32,2533
33626806,5671,509142734,53269875,3507,-5345,-47,6479,293345750,2115,293345780,2115,127,-63,16,11,2538,-10,-46,2536
33637041,5670,509142750,53269837,3507,-5344,-46,6479,293345750,2115,293345790,2115,127,-62,-15,-58,2469,-39,-113,2465
33646689,5670,509142765,53269800,3507,-5343,-47,6479,293345750,2115,293345800,2115,127,-62,-46,37,2524,-71,-19,2521
33656946,5669,509142781,53269762,3507,-5343,-46,6479,293345750,2115,293345810,2115,127,-61,1,29,2460,-23,-26,2458
33666857,5669,509142797,53269722,3507,-5343,-46,6479,293345800,2115,293345820,2115,127,-61,86,45,2461,61,-10,2460
33676785,5669,509142813,53269685,3508,-5343,-46,6479,293345800,2115,293345830,2115,127,-60,82,-49,2454,58,-104,2451
33687011,5668,509142829,53269647,3509,-5343,-46,6479,293345800,2115,293345840,2115,128,-60,43,-2,2509,18,-58,2507
33696687,5668,509142844,53269610,3509,-5343,-45,6479,293345800,2115,293345850,2115,128,-60,-1,56,2424,-25,1,2423
33706945,5668,509142860,53269572,3509,-5343,-44,6479,293345800,2115,293345860,2115,128,-60,-29,10,2436,-53,-45,2433
33716877,5667,509142876,53269532,3509,-5342,-44,6479,293345850,2115,293345870,2115,128,-60,14,-70,2409,-9,-125,2405
33726783,5667,509142892,53269495,3510,-5342,-43,6479,293345850,2115,293345880,2115,129,-59,32,36,2446,8,-19,2445
33736724,5666,509142907,53269457,3510,-5342,-43,6479,293345850,2115,293345890,2115,129,-59,78,-8,2449,55,-63,2448
33746695,5666,509142923,53269420,3511,-5342,-42,6479,293345850,2115,293345900,2115,129,-59,51,-5,2436,28,-60,2434
33757091,5665,509142939,53269382,3511,-5342,-42,6479,293345850,2115,293345910,2115,130,-59,6,-1,2492,-18,-58,2490
33766873,5665,509142955,53269342,3512,-5341,-42,6479,293345900,2115,293345920,2115,130,-59,2,-78,2499,-21,-136,2494
33776753,5665,509142970,53269305,3512,-5340,-42,6479,293345900,2115,293345930,2115,131,-60,-38,31,2488,-62,-26,2486
33786684,5664,509142986,53269267,3512,-5340,-42,6479,293345900,2115,293345940,2115,131,-60,47,-10,2449,24,-66,2446
33796694,5664,509143002,53269230,3513,-5340,-41,6479,293345900,2115,293345950,2115,131,-60,66,-18,2466,42,-75,2463
33806962,5663,509143018,53269192,3513,-5340,-40,6479,293345900,2115,293345960,2115,131,-60,57,18,2372,34,-37,2371
33817293,5663,509143034,53269152,3514,-5340,-40,6479,293345950,2115,293345970,2115,131,-60,32,-56,2458,8,-113,2455
33826774,5663,509143049,53269115,3514,-5339,-40,6479,293345950,2115,293345980,2115,131,-61,-9,-2,2469,-33,-59,2466
33836683,5662,509143065,53269077,3514,-5339,-40,6479,293345950,2115,293345990,2115,131,-61,7,-8,2539,-18,-66,2536
33846722,5662,509143081,53269040,3515,-5339,-40,6479,293345950,2115,293346000,2115,132,-62,43,-10,2554,18,-69,2551
33856973,5661,509143097,53269003,3515,-5339,-41,6479,293345950,2115,293346010,2115,132,-62,52,49,2599,26,-11,2598
33866841,5661,509143113,53268963,3516,-5339,-42,6479,293346000,2115,293346020,2115,132,-63,39,-28,2563,13,-87,2560
33877260,5660,509143128,53268925,3517,-5338,-42,6479,293346000,2115,293346030,2115,132,-63,40,-24,2531,14,-83,2528
33886698,5659,509143144,53268888,3517,-5338,-41,6479,293346000,2115,293346040,2115,132,-63,-34,13,2444,-59,-44,2442
33897557,5659,509143160,53268850,3517,-5337,-41,6479,293346000,2115,293346050,2115,132,-63,-8,-4,2468,-34,-61,2465
33907180,5658,509143176,53268813,3517,-5337,-41,6479,293346000,2115,293346060,2115,132,-63,26,14,2538,0,-45,2536
33916890,5657,509143192,53268773,3518,-5337,-42,6479,293346050,2115,293346070,2115,132,-64,85,-4,2616,58,-64,2615
33926769,5657,509143207,53268735,3518,-5337,-43,6479,293346050,2115,293346080,2115,132,-64,105,8,2591,77,-52,2590
33936868,5656,509143223,53268698,3519,-5337,-43,6479,293346050,2115,293346090,2115,132,-65,30,21,2551,4,-38,2549
33946677,5655,509143239,53268661,3519,-5337,-43,6479,293346050,2115,293346100,2115,132,-65,5,-36,2489,-21,-94,2485
33956998,5654,509143255,53268623,3520,-5336,-43,6479,293346050,2115,293346110,2115,132,-65,-15,-47,2468,-41,-105,2464
33967789,5653,509143271,53268583,3520,-5335,-43,6479,293346100,2115,293346120,2115,132,-65,-30,-20,2476,-56,-78,2473
33976773,5653,509143286,53268546,3520,-5335,-44,6479,293346100,2115,293346130,2115,133,-65,57,-21,2608,30,-81,2605
33986716,5652,509143302,53268508,3521,-5335,-44,6479,293346100,2115,293346140,2115,133,-65,75,26,2546,48,-33,2545
33996962,5651,509143318,53268471,3522,-5335,-45,6479,293346100,2115,293346150,2115,133,-65,57,-61,2575,30,-121,2571
34006967,5650,509143334,53268433,3523,-5335,-45,6479,293346100,2115,293346160,2115,134,-65,55,-60,2582,28,-120,2578
34016856,5649,509143350,53268394,3523,-5334,-45,6479,293346150,2115,293346170,2115,134,-64,-3,-23,2485,-28,-82,2482
34027097,5648,509143366,53268356,3524,-5333,-45,6480,293346150,2115,293346180,2115,135,-64,-20,-51,2460,-45,-110,2456
34036698,5648,509143381,53268319,3524,-5333,-44,6480,293346150,2115,293346190,2115,135,-64,-6,-33,2469,-31,-92,2465
34046707,5647,509143397,53268281,3525,-5332,-44,6480,293346150,2115,293346200,2115,136,-64,46,-36,2517,20,-96,2514
34057116,5646,509143413,53268244,3526,-5332,-45,6480,293346150,2115,293346210,2115,136,-63,72,-82,2519,47,-142,2515
34066842,5645,509143429,53268204,3527,-5332,-45,6480,293346200,2115,293346220,2115,136,-63,62,-5,2525,36,-65,2523
34076806,5644,509143445,53268166,3528,-5332,-44,6480,293346200,2115,293346230,2115,136,-63,45,-89,2472,20,-148,2468
34087116,5644,509143461,53268129,3528,-5331,-44,6480,293346200,2115,293346240,2115,137,-63,-6,-32,2480,-31,-92,2476
34096694,5643,509143476,53268092,3529,-5330,-44,6480,293346200,2115,293346250,2115,137,-63,-14,-90,2431,-38,-149,2426
34107063,5642,509143492,53268054,3530,-5330,-44,6480,293346200,2115,293346260,2115,138,-62,32,-68,2532,7,-129,2528
34116856,5642,509143508,53268014,3530,-5329,-44,6480,293346250,2115,293346270,2115,138,-62,24,-11,2519,-2,-72,2516
34126832,5641,509143524,53267977,3531,-5329,-45,6480,293346250,2115,293346280,2115,138,-62,73,-52,2591,47,-115,2588
34136687,5640,509143540,53267940,3532,-5329,-44,6480,293346250,2115,293346290,2115,138,-62,68,-66,2476,43,-125,2473
34147067,5639,509143556,53267902,3533,-5328,-44,6480,293346250,2115,293346300,2115,139,-62,27,-94,2498,3,-155,2494
34156961,5639,509143572,53267865,3534,-5328,-44,6480,293346250,2115,293346310,2115,140,-62,-16,-46,2472,-41,-107,2468
34166855,5638,509143588,53267825,3534,-5327,-44,6480,293346300,2115,293346320,2115,140,-62,-17,-38,2431,-41,-98,2427
34176763,5637,509143603,53267788,3535,-5326,-44,6480,293346300,2115,293346330,2115,141,-62,28,-59,2514,3,-121,2510
34186709,5637,509143619,53267750,3536,-5326,-44,6480,293346300,2115,293346340,2115,142,-62,75,-63,2523,50,-125,2519
34196687,5636,509143635,53267713,3536,-5326,-44,6480,293346300,2115,293346350,2115,142,-62,87,-28,2521,62,-90,2518
34206967,5636,509143651,53267675,3537,-5326,-44,6480,293346300,2115,293346360,2115,143,-62,28,-92,2462,4,-154,2457
34216845,5635,509143667,53267636,3539,-5325,-44,6480,293346350,2115,293346370,2115,143,-61,1,-33,2524,-24,-96,2520
34226769,5634,509143683,53267598,3539,-5324,-43,6480,293346350,2115,293346380,2115,144,-61,-8,-64,2444,-32,-126,2439
34237503,5634,509143699,53267561,3540,-5323,-43,6480,293346350,2115,293346390,2115,144,-61,2,-34,2527,-23,-98,2523
34246708,5633,509143715,53267524,3540,-5323,-43,6480,293346350,2115,293346400,2115,145,-61,59,-18,2448,35,-80,2445
34256971,5632,509143731,53267486,3541,-5323,-43,6480,293346350,2115,293346410,2115,146,-61,71,-34,2510,46,-98,2507
34267551,5631,509143747,53267446,3542,-5323,-42,6480,293346400,2115,293346420,2115,146,-61,65,-78,2449,41,-140,2445
34276794,5631,509143762,53267409,3543,-5322,-42,6480,293346400,2115,293346430,2115,147,-60,31,-58,2492,7,-122,2488
34286689,5630,509143778,53267372,3544,-5322,-42,6480,293346400,2115,293346440,2115,148,-60,-8,-57,2474,-31,-121,2470
34297668,5629,509143794,53267334,3544,-5321,-42,6480,293346400,2115,293346450,2115,148,-60,13,5,2464,-10,-60,2462
34307013,5628,509143810,53267297,3545,-5321,-42,6480,293346400,2115,293346460,2115,149,-60,18,-41,2482,-6,-105,2479
34316856,5628,509143826,53267257,3545,-5321,-42,6480,293346450,2115,293346470,2115,149,-59,57,-48,2475,33,-112,2471
34326936,5627,509143842,53267220,3546,-5321,-41,6480,293346450,2115,293346480,2115,150,-59,72,5,2460,49,-59,2458
34336693,5626,509143858,53267183,3547,-5320,-41,6480,293346450,2115,293346490,2115,151,-58,41,-89,2462,18,-154,2457
34346701,5625,509143874,53267145,3548,-5320,-40,6480,293346450,2115,293346500,2115,151,-58,8,-52,2446,-14,-117,2442
34357714,5625,509143890,53267108,3548,-5319,-39,6480,293346450,2115,293346510,2115,152,-58,-10,-48,2383,-32,-112,2379
34366871,5624,509143906,53267068,3549,-5319,-39,6480,293346500,2115,293346520,2115,152,-57,16,12,2466,-6,-54,2464
34376763,5623,509143922,53267031,3549,-5318,-38,6480,293346500,2115,293346530,2115,152,-57,30,-46,2393,8,-110,2390
34386716,5622,509143938,53266993,3550,-5318,-38,6480,293346500,2115,293346540,2115,153,-56,66,-47,2483,44,-113,2480
34396699,5621,509143954,53266956,3551,-5318,-38,6480,293346500,2115,293346550,2115,153,-56,65,-77,2413,43,-141,2409
34406971,5620,509143970,53266919,3552,-5317,-37,6480,293346500,2115,293346560,2115,153,-56,15,5,2472,-7,-62,2469
34417425,5619,509143986,53266879,3553,-5317,-36,6480,293346550,2115,293346570,2115,153,-55,-8,-104,2404,-28,-168,2398
34427567,5618,509144002,53266842,3553,-5316,-36,6480,293346550,2115,293346580,2115,153,-55,-13,10,2405,-34,-55,2403
34436717,5618,509144018,53266804,3554,-5316,-35,6480,293346550,2115,293346590,2115,153,-54,18,-31,2412,-3,-96,2409
34447424,5617,509144034,53266767,3555,-5315,-35,6480,293346550,2115,293346600,2115,153,-54,56,-69,2489,35,-136,2485
34457599,5616,509144050,53266730,3556,-5315,-34,6480,293346550,2115,293346610,2115,153,-54,55,-32,2425,34,-97,2422
34466855,5615,509144066,53266690,3557,-5315,-34,6480,293346600,2115,293346620,2115,153,-54,64,-70,2475,43,-136,2471
34477473,5614,509144082,53266653,3557,-5314,-33,6480,293346600,2115,293346630,2115,153,-54,12,-68,2442,-8,-133,2438
34486712,5613,509144098,53266615,3558,-5314,-33,6480,293346600,2115,293346640,2115,153,-54,8,-26,2460,-13,-92,2456
34496690,5612,509144114,53266578,3559,-5313,-33,6480,293346600,2115,293346650,2115,152,-54,-9,-72,2465,-30,-138,2460
34507794,5611,509144130,53266541,3559,-5312,-32,6480,293346600,2115,293346660,2115,152,-55,27,-37,2440,6,-102,2436
34516843,5610,509144146,53266501,3560,-5312,-32,6480,293346650,2115,293346670,2115,152,-55,60,-48,2517,38,-115,2514
34526770,5609,509144162,53266464,3561,-5312,-33,6480,293346650,2115,293346680,2115,152,-55,85,-88,2517,63,-155,2512
34536704,5608,509144178,53266427,3562,-5312,-33,6480,293346650,2115,293346690,2115,152,-56,52,-53,2535,30,-121,2532
34546680,5607,509144194,53266389,3563,-5311,-33,6480,293346650,2115,293346700,2115,152,-56,13,-68,2551,-10,-136,2547
34556962,5606,509144210,53266352,3564,-5310,-34,6480,293346650,2115,293346710,2115,152,-57,-12,-36,2561,-35,-105,2557
34567383,5605,509144226,53266312,3565,-5310,-34,6480,293346700,2115,293346720,2115,152,-58,16,-84,2537,-7,-152,2532
34576762,5604,509144242,53266275,3566,-5309,-34,6480,293346700,2115,293346730,2115,152,-59,48,-45,2575,23,-113,2571
34586707,5603,509144258,53266238,3567,-5309,-35,6480,293346700,2115,293346740,2115,152,-60,63,-68,2533,39,-135,2529
34596736,5602,509144274,53266201,3568,-5308,-35,6480,293346700,2115,293346750,2115,153,-61,66,-88,2590,41,-157,2586
34607305,5601,509144290,53266163,3569,-5308,-36,6480,293346700,2115,293346760,2115,153,-62,35,-88,2562,10,-156,2557
34616870,5600,509144306,53266124,3570,-5307,-36,6480,293346750,2115,293346770,2115,153,-63,-12,-78,2598,-38,-148,2593
34626693,5599,509144322,53266086,3571,-5306,-37,6480,293346750,2115,293346780,2115,153,-64,2,-89,2589,-24,-158,2584
34636723,5598,509144338,53266049,3571,-5306,-38,6480,293346750,2115,293346790,2115,153,-65,20,-34,2627,-8,-105,2624
34646724,5597,509144354,53266012,3572,-5305,-38,6480,293346750,2115,293346800,2115,153,-65,57,-63,2562,30,-132,2558
34657878,5596,509144370,53265975,3574,-5305,-39,6480,293346750,2115,293346810,2115,154,-66,87,-131,2594,59,-201,2589
34666841,5595,509144386,53265935,3575,-5304,-40,6480,293346800,2115,293346820,2115,154,-67,23,-67,2620,-5,-137,2616
34676781,5594,509144402,53265898,3575,-5303,-41,6480,293346800,2115,293346830,2115,154,-67,-10,-98,2636,-39,-169,2630
34687534,5593,509144418,53265861,3576,-5302,-42,6480,293346800,2115,293346840,2115,154,-68,-24,-55,2594,-53,-125,2589
34696697,5592,509144434,53265823,3577,-5302,-43,6480,293346800,2115,293346850,2115,155,-68,20,-102,2649,-9,-174,2643
34706906,5591,509144450,53265786,3578,-5301,-43,6480,293346800,2115,293346860,2115,154,-69,59,-70,2584,30,-140,2580
34717392,5590,509144466,53265746,3579,-5301,-44,6480,293346850,2115,293346870,2115,154,-69,72,-42,2566,43,-111,2563
34726790,5589,509144482,53265709,3580,-5300,-45,6480,293346850,2115,293346880,2115,154,-69,40,-99,2587,12,-169,2582
34736711,5588,509144499,53265672,3581,-5299,-45,6480,293346850,2115,293346890,2115,154,-69,8,-76,2587,-21,-146,2582
34746698,5587,509144515,53265635,3582,-5299,-46,6480,293346850,2115,293346900,2115,154,-69,-24,-32,2573,-53,-102,2568
34757528,5587,509144531,53265598,3582,-5298,-47,6480,293346850,2115,293346910,2115,154,-68,15,-68,2613,-14,-139,2608
34766881,5586,509144547,53265558,3583,-5298,-48,6480,293346900,2115,293346920,2115,154,-68,57,-42,2618,28,-113,2614
34776780,5585,509144563,53265521,3584,-5297,-48,6480,293346900,2115,293346930,2115,154,-68,43,-109,2604,14,-179,2599
34786732,5584,509144579,53265484,3585,-5297,-49,6480,293346900,2115,293346940,2115,154,-67,70,-47,2607,41,-117,2604
34796722,5583,509144595,53265447,3586,-5296,-49,6480,293346900,2115,293346950,2115,153,-67,2,-47,2518,-26,-115,2514
34807084,5582,509144611,53265409,3587,-5295,-49,6480,293346900,2115,293346960,2115,154,-66,-2,-75,2523,-29,-143,2518
34816851,5581,509144627,53265370,3587,-5294,-49,6480,293346950,2115,293346970,2115,154,-66,-7,-74,2492,-33,-141,2487
34826796,5580,509144643,53265333,3588,-5294,-50,6480,293346950,2115,293346980,2115,154,-65,29,-19,2549,2,-88,2546
34836747,5579,509144660,53265295,3589,-5293,-50,6480,293346950,2115,293346990,2115,153,-64,59,-104,2497,33,-171,2492
34846710,5579,509144676,53265258,3590,-5293,-50,6480,293346950,2115,293347000,2115,153,-64,94,-60,2563,68,-128,2560
34856898,5578,509144692,53265221,3591,-5293,-50,6480,293346950,2115,293347010,2115,153,-63,42,-69,2454,17,-135,2450
34866854,5577,509144708,53265182,3592,-5292,-50,6480,293347000,2115,293347020,2115,153,-63,13,-91,2550,-12,-159,2545
34876787,5576,509144724,53265144,3593,-5291,-50,6480,293347000,2115,293347030,2115,153,-62,-12,-56,2446,-36,-122,2441
34886995,5575,509144740,53265107,3594,-5290,-50,6480,293347000,2115,293347040,2115,153,-61,9,-92,2541,-16,-160,2536
34896698,5574,509144756,53265070,3595,-5290,-49,6480,293347000,2115,293347050,2115,153,-61,27,-4,2448,3,-70,2446
34907000,5573,509144773,53265033,3596,-5290,-49,6480,293347000,2115,293347060,2115,153,-60,70,-92,2512,47,-159,2508
34916862,5572,509144789,53264994,3597,-5290,-50,6480,293347050,2115,293347070,2115,152,-60,110,-104,2516,87,-171,2511
34926771,5571,509144805,53264956,3598,-5289,-49,6480,293347050,2115,293347080,2115,152,-59,46,-22,2450,23,-87,2447
34936764,5570,509144821,53264919,3598,-5289,-49,6480,293347050,2115,293347090,2115,152,-59,0,-71,2469,-24,-137,2464
34946700,5569,509144837,53264882,3599,-5288,-48,6480,293347050,2115,293347100,2115,152,-59,-6,-56,2370,-28,-119,2365
34956963,5568,509144853,53264845,3600,-5288,-47,6480,293347050,2115,293347110,2115,151,-59,15,-13,2429,-8,-78,2426
34966888,5567,509144870,53264805,3601,-5287,-47,6480,293347100,2115,293347120,2115,150,-59,58,-93,2450,35,-157,2445
34976775,5566,509144886,53264768,3602,-5287,-46,6480,293347100,2115,293347130,2115,149,-59,89,-50,2434,66,-114,2431
34986693,5566,509144902,53264731,3603,-5287,-46,6480,293347100,2115,293347140,2115,148,-59,76,-93,2462,53,-156,2458
34996715,5565,509144918,53264694,3604,-5286,-46,6480,293347100,2115,293347150,2115,147,-59,31,-30,2485,7,-94,2481
35007025,5564,509144934,53264657,3604,-5286,-45,6480,293347100,2115,293347160,2115,146,-60,1,-61,2400,-22,-122,2395
35016836,5563,509144950,53264618,3605,-5285,-45,6480,293347150,2115,293347170,2115,145,-60,-13,-49,2482,-37,-112,2478
35026789,5562,509144967,53264580,3606,-5284,-44,6480,293347150,2115,293347180,2115,143,-60,27,-51,2441,4,-112,2437
35036721,5561,509144983,53264543,3607,-5284,-44,6480,293347150,2115,293347190,2115,142,-60,66,-34,2410,43,-93,2407
35046717,5560,509144999,53264506,3608,-5284,-43,6481,293347150,2115,293347200,2115,140,-60,77,-85,2442,54,-145,2438
35057472,5559,509145015,53264469,3608,-5284,-42,6481,293347150,2115,293347210,2115,138,-60,37,-9,2412,14,-67,2409
35066851,5559,509145032,53264430,3608,-5283,-41,6481,293347200,2115,293347220,2115,136,-59,-8,13,2423,-31,-46,2421
35077199,5558,509145048,53264393,3609,-5283,-41,6481,293347200,2115,293347230,2115,135,-59,-13,-78,2453,-36,-136,2448
35087181,5557,509145064,53264356,3610,-5282,-41,6481,293347200,2115,293347240,2115,133,-59,38,-1,2497,14,-59,2494
35096706,5556,509145080,53264319,3611,-5282,-41,6481,293347200,2115,293347250,2115,132,-59,48,-98,2464,25,-155,2459
35107467,5555,509145096,53264281,3611,-5282,-40,6481,293347200,2115,293347260,2115,130,-59,69,3,2480,46,-54,2478
35116871,5554,509145113,53264242,3612,-5281,-40,6481,293347250,2115,293347270,2115,128,-58,27,-89,2414,5,-144,2410
35127407,5553,509145129,53264205,3613,-5281,-39,6481,293347250,2115,293347280,2115,127,-58,19,-41,2437,-3,-95,2434
35136698,5552,509145145,53264168,3613,-5280,-38,6481,293347250,2115,293347290,2115,125,-58,-5,-60,2350,-26,-112,2346
35146693,5551,509145161,53264131,3614,-5279,-38,6481,293347250,2115,293347300,2115,124,-58,5,-74,2432,-18,-128,2428
35156970,5550,509145178,53264094,3615,-5279,-37,6481,293347250,2115,293347310,2115,124,-58,70,-35,2379,48,-86,2377
35166891,5549,509145194,53264054,3616,-5279,-36,6481,293347300,2115,293347320,2115,123,-58,69,-81,2446,46,-134,2443
35176785,5548,509145210,53264017,3617,-5279,-36,6481,293347300,2115,293347330,2115,122,-58,59,-62,2437,37,-114,2434
35186688,5547,509145226,53263980,3617,-5279,-36,6481,293347300,2115,293347340,2115,122,-58,52,-60,2493,29,-114,2490
35196705,5546,509145243,53263943,3619,-5278,-35,6481,293347300,2115,293347350,2115,122,-58,-2,-150,2442,-24,-202,2436
35207596,5545,509145259,53263906,3619,-5277,-35,6481,293347300,2115,293347360,2115,122,-59,-25,-53,2490,-48,-107,2486
35216865,5544,509145275,53263867,3620,-5276,-35,6481,293347350,2115,293347370,2115,122,-59,-3,-60,2456,-25,-113,2452
35226755,5543,509145291,53263830,3621,-5276,-35,6481,293347350,2115,293347380,2115,122,-59,61,-84,2504,38,-137,2500
35236721,5542,509145308,53263793,3622,-5276,-34,6481,293347350,2115,293347390,2115,122,-59,60,-71,2473,37,-123,2469
35246703,5541,509145324,53263756,3623,-5275,-35,6481,293347350,2115,293347400,2115,122,-59,71,-144,2544,47,-199,2539
35256949,5540,509145340,53263719,3624,-5274,-34,6481,293347350,2115,293347410,2115,123,-59,23,-97,2486,-1,-150,2481
35266844,5539,509145356,53263679,3625,-5273,-34,6481,293347400,2115,293347420,2115,123,-60,-34,-77,2497,-57,-131,2492
35276803,5538,509145373,53263642,3626,-5273,-34,6481,293347400,2115,293347430,2115,124,-60,17,-80,2509,-7,-135,2505
35286709,5538,509145389,53263605,3627,-5272,-34,6481,293347400,2115,293347440,2115,124,-60,57,-87,2470,33,-141,2466
35296718,5537,509145405,53263568,3628,-5272,-34,6481,293347400,2115,293347450,2115,125,-61,37,-68,2543,12,-124,2540
35306969,5536,509145422,53263531,3629,-5271,-35,6481,293347400,2115,293347460,2115,125,-61,71,-164,2575,46,-221,2570
35316880,5535,509145438,53263492,3629,-5271,-35,6481,293347450,2115,293347470,2115,126,-61,15,-18,2541,-10,-74,2539
35326797,5534,509145454,53263455,3630,-5270,-36,6481,293347450,2115,293347480,2115,127,-62,8,-122,2553,-17,-179,2548
35336724,5533,509145470,53263418,3632,-5269,-36,6481,293347450,2115,293347490,2115,128,-62,24,-112,2561,-1,-169,2556
35346697,5533,509145487,53263381,3632,-5268,-36,6481,293347450,2115,293347500,2115,128,-63,10,-98,2465,-15,-153,2460
35358111,5532,509145503,53263344,3633,-5268,-36,6481,293347450,2115,293347510,2115,129,-63,24,-90,2588,-2,-149,2583
35366882,5531,509145519,53263304,3635,-5267,-37,6481,293347500,2115,293347520,2115,129,-63,69,-81,2542,43,-138,2538
35376773,5531,509145536,53263267,3636,-5267,-37,6481,293347500,2115,293347530,2115,129,-64,55,-74,2574,29,-132,2570
35386688,5530,509145552,53263230,3637,-5266,-38,6481,293347500,2115,293347540,2115,130,-64,25,-136,2569,-1,-194,2563
35396711,5529,509145568,53263193,3638,-5265,-38,6481,293347500,2115,293347550,2115,130,-65,29,-104,2565,2,-162,2560
35407012,5528,509145585,53263156,3638,-5265,-39,6481,293347500,2115,293347560,2115,130,-65,-8,-42,2563,-35,-101,2559
35416857,5528,509145601,53263117,3639,-5264,-39,6481,293347550,2115,293347570,2115,131,-65,36,-75,2559,9,-134,2555
35426770,5527,509145617,53263080,3640,-5263,-40,6481,293347550,2115,293347580,2115,131,-65,30,-86,2551,3,-144,2547
35436702,5526,509145634,53263043,3641,-5263,-40,6481,293347550,2115,293347590,2115,131,-65,66,-59,2522,39,-117,2518
35446727,5526,509145650,53263006,3642,-5263,-40,6481,293347550,2115,293347600,2115,132,-65,27,-42,2577,0,-101,2574
35456963,5525,509145667,53262969,3642,-5262,-41,6481,293347550,2115,293347610,2115,132,-65,16,-73,2577,-11,-132,2573
35466862,5524,509145683,53262930,3643,-5261,-42,6481,293347600,2115,293347620,2115,132,-64,7,-50,2601,-20,-111,2597
35477697,5524,509145699,53262893,3644,-5261,-42,6481,293347600,2115,293347630,2115,132,-64,-6,-32,2562,-32,-91,2558
35486704,5523,509145716,53262856,3644,-5261,-42,6481,293347600,2115,293347640,2115,131,-63,44,-32,2549,18,-90,2546
35496694,5522,509145732,53262819,3645,-5260,-42,6481,293347600,2115,293347650,2115,131,-63,55,-77,2501,30,-135,2498
35506945,5522,509145748,53262782,3646,-5260,-42,6481,293347600,2115,293347660,2115,131,-62,50,-51,2488,25,-108,2485
35516856,5521,509145765,53262743,3647,-5259,-42,6481,293347650,2115,293347670,2115,131,-62,12,-53,2465,-12,-110,2462
35526779,5520,509145781,53262706,3647,-5259,-42,6481,293347650,2115,293347680,2115,130,-62,-2,22,2497,-27,-35,2495
35536702,5519,509145798,53262669,3648,-5258,-42,6481,293347650,2115,293347690,2115,130,-61,16,-100,2531,-9,-158,2527
35546725,5519,509145814,53262632,3649,-5258,-42,6481,293347650,2115,293347700,2115,129,-61,36,-73,2551,11,-130,2547
35556984,5518,509145830,53262595,3649,-5258,-43,6481,293347650,2115,293347710,2115,128,-60,57,8,2530,32,-49,2528
35566846,5517,509145847,53262556,3650,-5257,-43,6481,293347700,2115,293347720,2115,127,-60,73,-67,2555,49,-124,2551
35576767,5517,509145863,53262519,3651,-5257,-43,6481,293347700,2115,293347730,2115,126,-59,43,-29,2518,19,-85,2515
35586887,5516,509145880,53262482,3651,-5256,-43,6481,293347700,2115,293347740,2115,125,-59,-8,-60,2521,-31,-115,2517
35596725,5515,509145896,53262445,3652,-5256,-43,6481,293347700,2115,293347750,2115,124,-59,-18,3,2462,-41,-50,2460
35606956,5514,509145912,53262408,3652,-5256,-43,6481,293347700,2115,293347760,2115,123,-58,3,27,2470,-21,-26,2468
35616845,5513,509145929,53262369,3653,-5255,-43,6481,293347750,2115,293347770,2115,122,-58,49,-106,2534,26,-161,2530
35627134,5513,509145945,53262332,3654,-5255,-43,6481,293347750,2115,293347780,2115,121,-58,89,-94,2539,66,-148,2535
35636744,5512,509145962,53262295,3654,-5255,-44,6481,293347750,2115,293347790,2115,120,-58,43,1,2578,19,-53,2576
35646762,5511,509145978,53262259,3655,-5255,-44,6481,293347750,2115,293347800,2115,119,-58,33,24,2507,9,-29,2505
35656942,5510,509145995,53262222,3655,-5254,-44,6481,293347750,2115,293347810,2115,119,-58,-9,-95,2525,-32,-148,2521
35667036,5510,509146011,53262182,3656,-5253,-44,6481,293347800,2115,293347820,2115,118,-57,-17,-80,2453,-40,-131,2449
35676801,5509,509146027,53262145,3656,-5253,-43,6481,293347800,2115,293347830,2115,117,-57,23,-19,2469,0,-70,2466
35686709,5508,509146044,53262109,3657,-5253,-43,6481,293347800,2115,293347840,2115,116,-57,51,-40,2478,28,-91,2475
35696740,5507,509146060,53262072,3658,-5253,-43,6481,293347800,2115,293347850,2115,116,-57,99,-49,2491,76,-99,2489
35707206,5506,509146077,53262035,3659,-5252,-43,6481,293347800,2115,293347860,2115,115,-57,50,-79,2507,27,-129,2504
35716888,5506,509146093,53261996,3659,-5252,-43,6481,293347850,2115,293347870,2115,115,-58,6,-21,2515,-18,-72,2512
35726765,5505,509146110,53261959,3660,-5251,-43,6481,293347850,2115,293347880,2115,114,-58,-34,-80,2515,-57,-131,2511
35736702,5504,509146126,53261922,3660,-5250,-43,6481,293347850,2115,293347890,2115,114,-59,4,-14,2494,-20,-64,2491
35746884,5503,509146142,53261885,3661,-5250,-43,6481,293347850,2115,293347900,2115,113,-59,43,-82,2479,20,-131,2475
35756976,5503,509146159,53261848,3662,-5250,-43,6481,293347850,2115,293347910,2115,112,-59,96,-48,2549,72,-98,2547
35766886,5502,509146175,53261809,3663,-5250,-43,6481,293347900,2115,293347920,2115,111,-60,73,-36,2482,50,-84,2480
35777117,5501,509146192,53261772,3663,-5250,-43,6481,293347900,2115,293347930,2115,110,-61,28,-28,2523,4,-77,2520
35786713,5500,509146208,53261735,3664,-5249,-43,6481,293347900,2115,293347940,2115,110,-61,-17,-78,2509,-42,-127,2505
35796718,5499,509146225,53261698,3665,-5248,-44,6481,293347900,2115,293347950,2115,109,-62,-8,-69,2540,-33,-118,2536
35807158,5499,509146241,53261662,3665,-5248,-44,6481,293347900,2115,293347960,2115,109,-62,30,-66,2539,5,-115,2536
35817146,5498,509146258,53261622,3666,-5247,-44,6481,293347950,2115,293347970,2115,108,-62,36,-18,2535,10,-66,2533
35827255,5497,509146274,53261586,3667,-5247,-44,6481,293347950,2115,293347980,2115,108,-62,58,-57,2518,33,-105,2515
35837271,5496,509146291,53261549,3667,-5247,-45,6481,293347950,2115,293347990,2115,107,-63,30,-63,2546,4,-111,2543
35846728,5496,509146307,53261512,3668,-5246,-45,6481,293347950,2115,293348000,2115,107,-63,13,-66,2550,-13,-114,2546
35857563,5495,509146324,53261475,3669,-5245,-45,6481,293347950,2115,293348010,2115,106,-63,8,-71,2494,-17,-117,2490
35867280,5494,509146340,53261436,3669,-5245,-44,6481,293348000,2115,293348020,2115,106,-63,-2,-20,2456,-26,-66,2453
35876792,5493,509146357,53261399,3670,-5244,-44,6481,293348000,2115,293348030,2115,105,-63,13,-71,2427,-11,-116,2424
35887250,5493,509146373,53261362,3670,-5244,-44,6481,293348000,2115,293348040,2115,105,-62,52,-45,2473,28,-90,2471
35896719,5492,509146390,53261326,3671,-5244,-43,6481,293348000,2115,293348050,2115,104,-62,64,-84,2454,40,-129,2451
35906995,5491,509146406,53261289,3672,-5243,-43,6481,293348000,2115,293348060,2115,103,-62,35,-60,2512,10,-105,2509
35916862,5491,509146423,53261249,3672,-5243,-43,6481,293348050,2115,293348070,2115,102,-62,-1,-22,2464,-25,-67,2462
35927744,5490,509146439,53261213,3673,-5242,-43,6481,293348050,2115,293348080,2115,101,-61,-7,-22,2486,-31,-66,2483
35936695,5490,509146456,53261176,3674,-5242,-43,6481,293348050,2115,293348090,2115,100,-61,22,-107,2464,-2,-151,2460
35946703,5489,509146472,53261139,3674,-5242,-42,6481,293348050,2115,293348100,2115,99,-60,58,-14,2448,35,-56,2446
35956958,5488,509146489,53261102,3675,-5241,-41,6481,293348050,2115,293348110,2115,98,-59,54,-49,2406,31,-91,2404
35966911,5488,509146505,53261063,3675,-5241,-41,6481,293348100,2115,293348120,2115,97,-59,47,-29,2462,24,-71,2459
35976788,5487,509146522,53261026,3676,-5241,-40,6481,293348100,2115,293348130,2115,96,-58,13,-41,2409,-9,-82,2406
35987521,5487,509146538,53260990,3677,-5240,-40,6481,293348100,2115,293348140,2115,95,-58,10,-96,2437,-12,-137,2434
35996723,5486,509146555,53260953,3677,-5240,-39,6481,293348100,2115,293348150,2115,94,-57,3,15,2396,-19,-25,2394
36007690,5485,509146571,53260916,3677,-5240,-38,6481,293348100,2115,293348160,2115,93,-56,48,-21,2413,26,-61,2411
36016853,5485,509146588,53260877,3678,-5239,-38,6481,293348150,2115,293348170,2115,92,-56,44,-78,2421,23,-117,2418
36026782,5484,509146604,53260840,3679,-5239,-38,6481,293348150,2115,293348180,2115,90,-55,62,-84,2506,41,-124,2503
36036716,5484,509146621,53260803,3680,-5239,-37,6481,293348150,2115,293348190,2115,89,-54,45,-22,2457,24,-61,2455
36047004,5483,509146637,53260767,3680,-5239,-36,6481,293348150,2115,293348200,2115,88,-54,-2,-38,2382,-22,-75,2380
36056966,5483,509146654,53260730,3680,-5238,-35,6481,293348150,2115,293348210,2115,87,-53,-2,-16,2394,-22,-53,2391
36067119,5482,509146670,53260691,3681,-5238,-34,6481,293348200,2115,293348220,2115,86,-52,28,-115,2352,9,-151,2348
36077160,5481,509146687,53260654,3682,-5237,-34,6482,293348200,2115,293348230,2115,85,-52,72,-51,2437,53,-88,2435
36087357,5481,509146704,53260617,3683,-5237,-33,6482,293348200,2115,293348240,2115,84,-51,73,-70,2407,54,-106,2404
36096709,5480,509146720,53260580,3683,-5237,-32,6482,293348200,2115,293348250,2115,83,-51,66,-7,2434,47,-43,2433
36107710,5479,509146737,53260544,3684,-5237,-31,6482,293348200,2115,293348260,2115,83,-51,-9,-64,2324,-27,-98,2321
36116859,5479,509146753,53260504,3684,-5236,-30,6482,293348250,2115,293348270,2115,82,-50,-1,-68,2396,-19,-103,2393
36126776,5478,509146770,53260468,3685,-5236,-29,6482,293348250,2115,293348280,2115,82,-50,17,-27,2329,-1,-61,2326
36137407,5477,509146786,53260431,3685,-5236,-28,6482,293348250,2115,293348290,2115,81,-49,54,-25,2446,35,-60,2444
36146718,5477,509146803,53260394,3687,-5236,-28,6482,293348250,2115,293348300,2115,81,-49,93,-133,2449,74,-168,2446
36157635,5476,509146819,53260357,3688,-5236,-28,6482,293348250,2115,293348310,2115,81,-49,68,-68,2520,49,-103,2517
36167048,5475,509146836,53260318,3688,-5235,-28,6482,293348300,2115,293348320,2115,80,-49,34,-19,2425,16,-53,2423
36176774,5475,509146853,53260282,3688,-5235,-27,6482,293348300,2115,293348330,2115,81,-49,-7,-32,2456,-26,-67,2453
36186752,5474,509146869,53260245,3689,-5234,-27,6482,293348300,2115,293348340,2115,81,-49,-3,-70,2431,-22,-105,2428
36197280,5473,509146886,53260208,3690,-5234,-26,6482,293348300,2115,293348350,2115,82,-49,20,-158,2406,2,-193,2402
36206974,5472,509146902,53260171,3691,-5233,-25,6482,293348300,2115,293348360,2115,82,-49,49,-32,2367,31,-66,2365
36216892,5472,509146919,53260132,3692,-5233,-24,6482,293348350,2115,293348370,2115,83,-49,75,-64,2455,56,-100,2453
36226978,5471,509146935,53260095,3692,-5233,-24,6482,293348350,2115,293348380,2115,84,-50,69,-48,2456,50,-84,2453
36236739,5470,509146952,53260059,3694,-5233,-24,6482,293348350,2115,293348390,2115,85,-50,41,-109,2466,21,-146,2462
36246726,5469,509146969,53260022,3694,-5232,-24,6482,293348350,2115,293348400,2115,86,-51,33,-101,2559,13,-140,2556
36257480,5469,509146985,53259985,3695,-5232,-24,6482,293348350,2115,293348410,2115,87,-52,2,-48,2456,-18,-86,2453
36266862,5468,509147002,53259946,3695,-5231,-24,6482,293348400,2115,293348420,2115,88,-53,19,-87,2517,-2,-126,2513
36276817,5467,509147018,53259909,3696,-5231,-24,6482,293348400,2115,293348430,2115,89,-53,52,-123,2475,31,-162,2471
36287389,5466,509147035,53259873,3697,-5230,-24,6482,293348400,2115,293348440,2115,90,-54,44,-77,2542,22,-117,2539
36296703,5466,509147052,53259836,3698,-5230,-25,6482,293348400,2115,293348450,2115,92,-55,53,-77,2570,31,-119,2567
36307691,5465,509147068,53259799,3699,-5229,-25,6482,293348400,2115,293348460,2115,93,-56,51,-117,2605,28,-159,2602
36317566,5464,509147085,53259760,3700,-5229,-26,6482,293348450,2115,293348470,2115,94,-58,20,-83,2589,-3,-125,2585
36326779,5464,509147102,53259724,3701,-5228,-27,6482,293348450,2115,293348480,2115,95,-59,17,-61,2574,-7,-104,2571
36336700,5463,509147118,53259687,3702,-5228,-27,6482,293348450,2115,293348490,2115,96,-60,30,-84,2536,5,-126,2532
36347174,5462,509147135,53259650,3702,-5227,-27,6482,293348450,2115,293348500,2115,97,-61,37,-73,2554,12,-116,2551
36356989,5462,509147151,53259614,3704,-5227,-28,6482,293348450,2115,293348510,2115,98,-63,52,-107,2626,26,-152,2622
36366872,5461,509147168,53259574,3704,-5226,-29,6482,293348500,2115,293348520,2115,99,-64,40,-54,2642,13,-100,2639
36376765,5460,509147185,53259538,3705,-5226,-31,6482,293348500,2115,293348530,2115,99,-65,32,-108,2708,4,-156,2704
36386998,5460,509147201,53259501,3706,-5225,-32,6482,293348500,2115,293348540,2115,99,-66,2,-23,2624,-26,-69,2621
36396716,5459,509147218,53259464,3706,-5225,-33,6482,293348500,2115,293348550,2115,99,-66,-10,4,2631,-39,-42,2628
36407108,5459,509147235,53259428,3707,-5224,-34,6482,293348500,2115,293348560,2115,99,-67,42,-124,2674,14,-170,2670
36417308,5458,509147251,53259389,3707,-5224,-35,6482,293348550,2115,293348570,2115,99,-67,44,-2,2666,15,-49,2664
36426775,5458,509147268,53259352,3708,-5224,-36,6482,293348550,2115,293348580,2115,100,-67,49,-75,2616,20,-121,2612
36436691,5457,509147285,53259315,3709,-5223,-37,6482,293348550,2115,293348590,2115,100,-67,9,-8,2587,-20,-53,2584
36446716,5456,509147301,53259279,3709,-5223,-38,6482,293348550,2115,293348600,2115,100,-67,2,-50,2620,-27,-96,2617
36457474,5456,509147318,53259242,3709,-5222,-39,6482,293348550,2115,293348610,2115,100,-67,11,-33,2626,-18,-79,2623
36467167,5455,509147335,53259203,3710,-5222,-40,6482,293348600,2115,293348620,2115,100,-67,56,-39,2602,28,-84,2599
36476801,5455,509147351,53259166,3711,-5222,-40,6482,293348600,2115,293348630,2115,100,-66,79,-37,2608,51,-83,2606
36486728,5454,509147368,53259130,3711,-5221,-41,6482,293348600,2115,293348640,2115,101,-65,30,-38,2564,3,-84,2561
36497383,5453,509147385,53259093,3712,-5221,-41,6482,293348600,2115,293348650,2115,102,-65,4,-50,2551,-22,-95,2548
36508152,5453,509147401,53259057,3712,-5220,-42,6482,293348600,2115,293348660,2115,102,-64,23,-42,2564,-4,-88,2561
36516847,5452,509147418,53259017,3713,-5220,-42,6482,293348650,2115,293348670,2115,103,-63,20,-40,2512,-5,-86,2509
36527682,5451,509147435,53258981,3713,-5219,-42,6482,293348650,2115,293348680,2115,103,-62,13,-65,2498,-12,-110,2495
36536716,5451,509147451,53258944,3714,-5219,-42,6482,293348650,2115,293348690,2115,104,-61,45,-56,2535,21,-102,2532
36547345,5450,509147468,53258908,3715,-5219,-42,6482,293348650,2115,293348700,2115,105,-60,53,-59,2512,29,-105,2509
36557922,5449,509147485,53258871,3716,-5219,-42,6482,293348650,2115,293348710,2115,106,-59,60,-33,2534,36,-80,2532
36566892,5449,509147502,53258832,3716,-5218,-43,6482,293348700,2115,293348720,2115,107,-58,18,-81,2544,-5,-128,2540
36576817,5448,509147518,53258795,3717,-5218,-42,6482,293348700,2115,293348730,2115,108,-57,-12,-45,2406,-33,-90,2403
36586700,5448,509147535,53258759,3717,-5217,-41,6482,293348700,2115,293348740,2115,108,-56,-13,-94,2410,-34,-140,2405
36596750,5447,509147552,53258722,3718,-5216,-41,6482,293348700,2115,293348750,2115,109,-55,54,-50,2434,33,-97,2432
36606996,5447,509147568,53258686,3719,-5216,-40,6482,293348700,2115,293348760,2115,110,-54,67,-39,2379,47,-85,2377
36616845,5446,509147585,53258646,3720,-5216,-39,6482,293348750,2115,293348770,2115,111,-53,55,-66,2433,35,-114,2430
36627636,5445,509147602,53258610,3720,-5216,-39,6482,293348750,2115,293348780,2115,113,-52,24,-32,2537,3,-82,2534
36636716,5445,509147619,53258573,3721,-5215,-39,6482,293348750,2115,293348790,2115,114,-51,-8,-113,2468,-27,-163,2463
36646844,5444,509147635,53258537,3722,-5214,-38,6482,293348750,2115,293348800,2115,115,-50,-20,-18,2450,-40,-68,2447
36656953,5443,509147652,53258500,3722,-5214,-38,6482,293348750,2115,293348810,2115,116,-49,19,-76,2457,1,-126,2454
36666841,5443,509147669,53258461,3723,-5214,-38,6482,293348800,2115,293348820,2115,117,-48,78,-68,2475,60,-118,2472
36676847,5442,509147685,53258424,3724,-5214,-37,6482,293348800,2115,293348830,2115,117,-47,45,3,2350,28,-45,2348
36686727,5442,509147702,53258388,3724,-5213,-36,6482,293348800,2115,293348840,2115,118,-47,29,-33,2421,12,-84,2418
36696747,5441,509147719,53258351,3725,-5213,-35,6482,293348800,2115,293348850,2115,119,-46,12,-81,2340,-5,-131,2336
36707282,5440,509147736,53258315,3725,-5212,-34,6482,293348800,2115,293348860,2115,120,-45,-11,-7,2402,-28,-58,2399
36716891,5440,509147752,53258276,3726,-5212,-33,6482,293348850,2115,293348870,2115,121,-45,32,-20,2382,15,-70,2380
36726790,5439,509147769,53258239,3727,-5212,-32,6482,293348850,2115,293348880,2115,122,-44,73,-91,2435,57,-143,2432
36736715,5438,509147786,53258203,3728,-5211,-32,6482,293348850,2115,293348890,2115,123,-44,40,-70,2405,24,-121,2401
36746702,5438,509147803,53258166,3729,-5211,-31,6482,293348850,2115,293348900,2115,123,-43,30,-49,2467,13,-102,2464
36756958,5437,509147819,53258130,3729,-5210,-31,6482,293348850,2115,293348910,2115,123,-43,-4,-1,2441,-20,-54,2438
36766873,5436,509147836,53258091,3729,-5210,-30,6482,293348900,2115,293348920,2115,124,-43,7,-35,2432,-9,-88,2429
36776782,5435,509147853,53258054,3730,-5210,-29,6482,293348900,2115,293348930,2115,125,-43,2,-47,2400,-14,-100,2397
36786721,5434,509147870,53258018,3731,-5209,-29,6482,293348900,2115,293348940,2115,125,-43,43,-69,2403,28,-121,2400
36796702,5434,509147887,53257981,3732,-5209,-28,6482,293348900,2115,293348950,2115,125,-43,61,-44,2418,45,-97,2415
36807091,5433,509147903,53257945,3732,-5209,-27,6482,293348900,2115,293348960,2115,126,-43,43,-8,2422,27,-61,2419
36816878,5432,509147920,53257906,3733,-5208,-27,6482,293348950,2115,293348970,2115,126,-44,16,-21,2472,-1,-76,2469
36827526,5431,509147937,53257869,3734,-5208,-26,6482,293348950,2115,293348980,2115,126,-45,30,-129,2428,13,-183,2423
36836748,5430,509147954,53257833,3734,-5207,-26,6482,293348950,2115,293348990,2115,127,-45,0,12,2420,-17,-42,2418
36846726,5430,509147971,53257796,3735,-5207,-25,6482,293348950,2115,293349000,2115,127,-46,-7,-40,2427,-24,-94,2424
36857050,5429,509147987,53257760,3735,-5207,-25,6482,293348950,2115,293349010,2115,127,-46,46,-36,2470,28,-91,2467
36867794,5428,509148004,53257721,3737,-5206,-25,6482,293349000,2115,293349020,2115,127,-47,47,-92,2495,29,-147,2491
36876794,5427,509148021,53257684,3738,-5206,-25,6482,293349000,2115,293349030,2115,128,-47,64,-72,2543,45,-129,2540
36886770,5426,509148038,53257648,3738,-5206,-25,6482,293349000,2115,293349040,2115,128,-48,-2,39,2450,-20,-16,2449
36897627,5425,509148055,53257611,3738,-5205,-25,6482,293349000,2115,293349050,2115,129,-48,-20,-96,2517,-39,-153,2512
36907176,5424,509148071,53257575,3739,-5204,-25,6482,293349000,2115,293349060,2115,129,-49,9,-66,2475,-10,-123,2471
36917765,5423,509148088,53257536,3739,-5204,-25,6482,293349050,2115,293349070,2115,130,-49,19,-18,2523,-1,-75,2520
36926798,5422,509148105,53257499,3741,-5203,-25,6482,293349050,2115,293349080,2115,130,-50,54,-111,2567,34,-170,2562
36936731,5421,509148122,53257463,3742,-5203,-26,6482,293349050,2115,293349090,2115,131,-50,57,-85,2575,37,-144,2571
36946885,5420,509148139,53257426,3742,-5202,-26,6482,293349050,2115,293349100,2115,131,-51,32,-43,2518,12,-101,2515
36957012,5420,509148155,53257390,3743,-5202,-27,6482,293349050,2115,293349110,2115,132,-52,10,-80,2588,-11,-139,2583
36966880,5419,509148172,53257351,3744,-5201,-27,6482,293349100,2115,293349120,2115,132,-53,8,-47,2533,-13,-105,2529
36976785,5418,509148189,53257314,3745,-5200,-27,6482,293349100,2115,293349130,2115,132,-53,16,-111,2472,-4,-169,2467
36987429,5417,509148206,53257278,3746,-5200,-26,6482,293349100,2115,293349140,2115,132,-54,45,-89,2495,24,-147,2491
36996734,5416,509148223,53257241,3747,-5199,-27,6482,293349100,2115,293349150,2115,133,-54,30,-70,2509,9,-128,2505
37007556,5415,509148240,53257205,3748,-5199,-27,6482,293349100,2115,293349160,2115,133,-55,45,-75,2530,23,-134,2526
37016882,5414,509148257,53257166,3749,-5198,-27,6482,293349150,2115,293349170,2115,134,-55,23,-59,2532,2,-118,2528
37026761,5413,509148273,53257130,3749,-5198,-28,6482,293349150,2115,293349180,2115,134,-55,-9,-34,2599,-32,-95,2595
37036726,5412,509148290,53257093,3750,-5197,-28,6482,293349150,2115,293349190,2115,135,-55,12,-136,2613,-10,-198,2608
37046720,5411,509148307,53257057,3751,-5196,-30,6482,293349150,2115,293349200,2115,135,-55,36,-20,2645,13,-82,2642
37056961,5410,509148324,53257020,3752,-5196,-30,6482,293349150,2115,293349210,2115,135,-54,25,-96,2531,4,-156,2527
37066862,5409,509148341,53256981,3752,-5195,-30,6482,293349200,2115,293349220,2115,135,-54,40,-53,2571,18,-114,2567
37076774,5408,509148358,53256945,3753,-5195,-30,6482,293349200,2115,293349230,2115,135,-54,2,-64,2463,-18,-122,2459
37086701,5407,509148375,53256908,3754,-5194,-30,6482,293349200,2115,293349240,2115,136,-53,7,-93,2548,-15,-153,2543
37096704,5406,509148391,53256872,3755,-5193,-30,6483,293349200,2115,293349250,2115,136,-53,6,-77,2427,-14,-135,2423
37107027,5405,509148408,53256836,3756,-5193,-30,6483,293349200,2115,293349260,2115,135,-53,45,-68,2480,24,-127,2476
37116867,5405,509148425,53256797,3757,-5193,-30,6483,293349250,2115,293349270,2115,135,-53,86,-62,2526,65,-122,2522
37126785,5404,509148442,53256760,3758,-5192,-30,6483,293349250,2115,293349280,2115,135,-53,36,-62,2560,15,-122,2556
37136716,5403,509148459,53256724,3759,-5191,-30,6483,293349250,2115,293349290,2115,134,-53,47,-113,2505,26,-172,2500
37146713,5402,509148476,53256687,3760,-5191,-30,6483,293349250,2115,293349300,2115,134,-53,13,-69,2537,-8,-129,2532
37158100,5401,509148493,53256651,3760,-5190,-31,6483,293349250,2115,293349310,2115,134,-53,-12,-25,2521,-33,-84,2518
37166852,5400,509148510,53256612,3761,-5189,-30,6483,293349300,2115,293349320,2115,133,-52,23,-81,2484,3,-139,2480
37176795,5399,509148527,53256576,3762,-5189,-31,6483,293349300,2115,293349330,2115,132,-52,19,-54,2554,-2,-113,2551
37186710,5398,509148544,53256539,3763,-5189,-31,6483,293349300,2115,293349340,2115,131,-52,63,-48,2575,42,-107,2572
37196708,5398,509148560,53256503,3764,-5188,-32,6483,293349300,2115,293349350,2115,129,-52,54,-55,2563,33,-114,2560
37207043,5397,509148577,53256467,3764,-5188,-32,6483,293349300,2115,293349360,2115,128,-52,17,-36,2533,-4,-94,2530
37216865,5396,509148594,53256428,3765,-5188,-32,6483,293349350,2115,293349370,2115,127,-52,7,-43,2545,-14,-100,2541
37226766,5395,509148611,53256391,3765,-5187,-32,6483,293349350,2115,293349380,2115,127,-52,-22,-79,2478,-42,-134,2473
37236712,5394,509148628,53256355,3765,-5186,-32,6483,293349350,2115,293349390,2115,125,-51,10,22,2529,-11,-34,2528
37246729,5393,509148645,53256319,3767,-5186,-32,6483,293349350,2115,293349400,2115,124,-51,82,-100,2477,62,-154,2473
37257544,5392,509148662,53256282,3768,-5186,-33,6483,293349350,2115,293349410,2115,123,-51,57,-74,2587,37,-130,2583
37267458,5392,509148679,53256243,3769,-5185,-33,6483,293349400,2115,293349420,2115,121,-51,30,-86,2515,10,-140,2511
37276814,5391,509148696,53256207,3769,-5185,-33,6483,293349400,2115,293349430,2115,120,-51,18,30,2534,-3,-24,2532
37286758,5390,509148713,53256171,3769,-5184,-33,6483,293349400,2115,293349440,2115,120,-51,-16,-43,2482,-36,-96,2478
37296720,5389,509148730,53256134,3770,-5184,-33,6483,293349400,2115,293349450,2115,119,-51,2,-103,2498,-18,-155,2494
37307716,5388,509148747,53256098,3771,-5183,-33,6483,293349400,2115,293349460,2115,118,-50,35,-46,2493,16,-97,2490
37316878,5387,509148764,53256059,3772,-5183,-33,6483,293349450,2115,293349470,2115,117,-50,56,-57,2550,36,-109,2547
37326908,5387,509148781,53256023,3773,-5183,-34,6483,293349450,2115,293349480,2115,116,-50,71,-84,2548,51,-135,2544
37336713,5386,509148798,53255986,3774,-5182,-34,6483,293349450,2115,293349490,2115,115,-50,12,-104,2543,-8,-155,2539
37346727,5385,509148815,53255950,3774,-5181,-34,6483,293349450,2115,293349500,2115,115,-50,-3,-39,2532,-23,-90,2528
37357942,5384,509148832,53255914,3775,-5181,-34,6483,293349450,2115,293349510,2115,114,-50,-1,-35,2454,-20,-85,2451
37366874,5383,509148849,53255875,3775,-5180,-34,6483,293349500,2115,293349520,2115,114,-50,-2,-82,2503,-21,-132,2499
37376799,5382,509148865,53255839,3776,-5180,-33,6483,293349500,2115,293349530,2115,113,-50,79,-127,2453,60,-176,2449
37386753,5381,509148882,53255802,3777,-5179,-33,6483,293349500,2115,293349540,2115,113,-51,31,-9,2515,10,-59,2513
37396991,5380,509148899,53255766,3778,-5179,-34,6483,293349500,2115,293349550,2115,113,-51,59,-130,2551,39,-181,2546
37406977,5380,509148916,53255730,3779,-5178,-34,6483,293349500,2115,293349560,2115,113,-52,19,-68,2550,-1,-118,2546
37416869,5379,509148933,53255691,3779,-5178,-34,6483,293349550,2115,293349570,2115,113,-52,-2,-26,2480,-23,-75,2477
37426782,5378,509148950,53255655,3780,-5177,-34,6483,293349550,2115,293349580,2115,113,-53,27,-95,2501,6,-145,2497
37436727,5377,509148967,53255618,3781,-5177,-34,6483,293349550,2115,293349590,2115,113,-54,18,-76,2519,-4,-126,2516
37446715,5376,509148984,53255582,3782,-5176,-35,6483,293349550,2115,293349600,2115,113,-54,46,-83,2610,24,-135,2607
37458105,5376,509149001,53255546,3783,-5175,-35,6483,293349550,2115,293349610,2115,113,-55,37,-128,2577,15,-179,2572
37466849,5375,509149018,53255507,3784,-5175,-36,6483,293349600,2115,293349620,2115,112,-56,30,-2,2631,7,-54,2629
37477705,5374,509149035,53255471,3785,-5174,-37,6483,293349600,2115,293349630,2115,112,-57,-1,-88,2554,-23,-138,2549
37486723,5373,509149052,53255434,3785,-5174,-37,6483,293349600,2115,293349640,2115,112,-57,-4,-61,2564,-27,-111,2561
37496717,5373,509149069,53255398,3786,-5173,-37,6483,293349600,2115,293349650,2115,111,-58,-9,-78,2520,-32,-127,2516
37507900,5372,509149086,53255362,3787,-5173,-37,6483,293349600,2115,293349660,2115,111,-58,47,-51,2512,23,-100,2509
37516880,5371,509149104,53255323,3787,-5172,-37,6483,293349650,2115,293349670,2115,111,-58,20,-52,2515,-4,-101,2512
37527343,5370,509149121,53255287,3788,-5172,-38,6483,293349650,2115,293349680,2115,110,-59,35,-105,2609,11,-156,2604
37536691,5370,509149138,53255250,3789,-5171,-39,6483,293349650,2115,293349690,2115,110,-59,40,-26,2565,16,-75,2563
37546709,5369,509149155,53255214,3789,-5171,-39,6483,293349650,2115,293349700,2115,110,-59,24,-41,2553,0,-90,2550
37557404,5368,509149172,53255178,3790,-5170,-40,6483,293349650,2115,293349710,2115,110,-59,-20,-84,2572,-44,-134,2568
37566856,5367,509149189,53255139,3791,-5169,-40,6483,293349700,2115,293349720,2115,109,-59,25,-78,2517,1,-126,2513
37576806,5367,509149206,53255103,3791,-5168,-40,6483,293349700,2115,293349730,2115,109,-58,-5,-89,2476,-28,-137,2472
37586703,5366,509149223,53255067,3792,-5168,-40,6483,293349700,2115,293349740,2115,109,-58,46,-62,2534,23,-111,2531
37596768,5365,509149240,53255030,3792,-5168,-40,6483,293349700,2115,293349750,2115,108,-57,31,0,2517,8,-48,2515
37606988,5364,509149257,53254994,3794,-5167,-40,6483,293349700,2115,293349760,2115,108,-57,44,-104,2525,22,-151,2521
37616847,5364,509149274,53254955,3794,-5167,-40,6483,293349750,2115,293349770,2115,108,-56,20,-72,2449,-2,-118,2446
37626784,5363,509149291,53254919,3794,-5166,-39,6483,293349750,2115,293349780,2115,107,-55,-11,-21,2373,-32,-65,2370
37637349,5362,509149308,53254883,3795,-5166,-37,6483,293349750,2115,293349790,2115,107,-55,32,-85,2367,12,-130,2363
37647472,5362,509149325,53254847,3796,-5165,-37,6483,293349750,2115,293349800,2115,106,-54,19,-99,2422,-1,-144,2418
37656973,5361,509149342,53254811,3797,-5165,-36,6483,293349750,2115,293349810,2115,105,-53,64,-40,2450,43,-85,2447
37666871,5360,509149359,53254772,3798,-5165,-36,6483,293349800,2115,293349820,2115,105,-52,36,-34,2447,16,-79,2444
37676804,5360,509149376,53254736,3798,-5165,-35,6483,293349800,2115,293349830,2115,105,-51,22,-1,2415,3,-45,2413
37686707,5359,509149393,53254699,3799,-5164,-35,6483,293349800,2115,293349840,2115,104,-50,-4,-119,2415,-22,-163,2410
37696719,5358,509149410,53254663,3799,-5163,-34,6483,293349800,2115,293349850,2115,104,-49,6,-47,2407,-12,-91,2404
37707425,5357,509149428,53254627,3800,-5163,-33,6483,293349800,2115,293349860,2115,103,-48,21,-39,2378,3,-83,2375
37717489,5356,509149445,53254588,3801,-5162,-32,6483,293349850,2115,293349870,2115,103,-46,26,-83,2345,9,-126,2341
37726770,5356,509149462,53254552,3801,-5162,-30,6483,293349850,2115,293349880,2115,102,-45,31,-46,2345,15,-88,2342
37736691,5355,509149479,53254516,3802,-5162,-30,6483,293349850,2115,293349890,2115,102,-44,37,-84,2393,20,-126,2389
37746884,5354,509149496,53254480,3802,-5162,-28,6483,293349850,2115,293349900,2115,101,-43,46,19,2352,30,-23,2350
37756985,5353,509149513,53254443,3803,-5161,-27,6483,293349850,2115,293349910,2115,100,-43,28,-114,2351,13,-156,2347
37766864,5353,509149530,53254405,3804,-5161,-26,6483,293349900,2115,293349920,2115,99,-42,24,-76,2366,9,-118,2363
37776780,5352,509149547,53254369,3805,-5160,-25,6483,293349900,2115,293349930,2115,98,-41,30,-81,2357,15,-121,2354
37786729,5351,509149564,53254332,3805,-5160,-24,6483,293349900,2115,293349940,2115,97,-41,32,21,2327,17,-19,2326
37796738,5351,509149581,53254296,3806,-5160,-23,6483,293349900,2115,293349950,2115,96,-40,45,-81,2373,31,-121,2370
37807221,5350,509149598,53254260,3807,-5159,-21,6483,293349900,2115,293349960,2115,95,-40,19,-31,2337,5,-70,2335
37816853,5349,509149616,53254221,3808,-5159,-20,6483,293349950,2115,293349970,2115,93,-39,48,-92,2322,34,-130,2319
37826781,5348,509149633,53254185,3808,-5158,-19,6483,293349950,2115,293349980,2115,92,-39,21,-93,2361,7,-132,2357
37836725,5347,509149650,53254149,3809,-5158,-18,6483,293349950,2115,293349990,2115,91,-39,22,-40,2383,8,-78,2381
37846770,5346,509149667,53254113,3810,-5158,-17,6483,293349950,2115,293350000,2115,89,-39,46,-32,2392,32,-70,2389
37857277,5346,509149684,53254077,3810,-5158,-16,6483,293349950,2115,293350010,2115,88,-38,13,-57,2423,-1,-95,2420
37866847,5345,509149701,53254038,3811,-5157,-16,6483,293350000,2115,293350020,2115,87,-38,33,-69,2448,19,-106,2445
37876798,5344,509149718,53254002,3811,-5157,-15,6483,293350000,2115,293350030,2115,85,-38,2,-64,2457,-12,-101,2454
37887478,5343,509149735,53253966,3812,-5156,-15,6483,293350000,2115,293350040,2115,84,-38,6,-18,2405,-8,-53,2402
37896723,5342,509149753,53253929,3813,-5156,-14,6483,293350000,2115,293350050,2115,82,-38,3,-118,2402,-10,-153,2398
37908276,5341,509149770,53253893,3813,-5155,-13,6483,293350000,2115,293350060,2115,80,-38,42,-77,2404,29,-111,2402
37917819,5341,509149787,53253855,3814,-5155,-12,6483,293350050,2115,293350070,2115,79,-38,50,2,2421,36,-32,2419
37926833,5340,509149804,53253818,3815,-5155,-12,6483,293350050,2115,293350080,2115,77,-38,43,-73,2428,29,-106,2425
37937812,5339,509149821,53253782,3815,-5155,-11,6483,293350050,2115,293350090,2115,76,-38,25,-9,2435,11,-42,2433
37946922,5338,509149838,53253746,3816,-5154,-11,6483,293350050,2115,293350100,2115,74,-39,5,-141,2443,-9,-173,2439
37956966,5337,509149855,53253710,3816,-5154,-10,6483,293350050,2115,293350110,2115,73,-39,38,-30,2464,24,-61,2462
37966868,5337,509149873,53253671,3817,-5154,-10,6483,293350100,2115,293350120,2115,71,-40,43,-97,2480,28,-128,2477
37976918,5336,509149890,53253635,3818,-5153,-10,6483,293350100,2115,293350130,2115,69,-40,27,-45,2521,12,-76,2519
37986722,5335,509149907,53253599,3818,-5153,-10,6483,293350100,2115,293350140,2115,67,-41,31,-32,2488,15,-61,2486
37996717,5334,509149924,53253563,3819,-5153,-11,6483,293350100,2115,293350150,2115,66,-41,27,-94,2538,11,-123,2535
38007201,5333,509149941,53253527,3820,-5152,-11,6483,293350100,2115,293350160,2115,64,-42,26,-69,2509,10,-98,2506
38016851,5333,509149958,53253488,3820,-5152,-10,6483,293350150,2115,293350170,2115,63,-42,-4,-61,2482,-20,-89,2479
38026783,5332,509149976,53253452,3821,-5151,-10,6483,293350150,2115,293350180,2115,61,-42,24,-126,2498,8,-153,2495
38037569,5331,509149993,53253416,3822,-5151,-11,6483,293350150,2115,293350190,2115,59,-43,9,-45,2543,-7,-72,2540
38046735,5330,509150010,53253380,3822,-5151,-11,6483,293350150,2115,293350200,2115,58,-43,25,-35,2567,8,-62,2564
38057993,5329,509150027,53253344,3823,-5150,-12,6483,293350150,2115,293350210,2115,57,-44,55,-142,2640,37,-168,2637
38067485,5329,509150044,53253305,3824,-5150,-13,6483,293350200,2115,293350220,2115,56,-44,9,-49,2562,-9,-74,2559
38076811,5328,509150062,53253269,3824,-5149,-14,6483,293350200,2115,293350230,2115,54,-44,9,-47,2607,-9,-72,2605
38086729,5327,509150079,53253233,3825,-5148,-14,6483,293350200,2115,293350240,2115,53,-45,23,-140,2565,5,-164,2562
38096906,5326,509150096,53253197,3826,-5148,-14,6483,293350200,2115,293350250,2115,53,-45,11,-93,2530,-6,-117,2527
38106944,5326,509150113,53253161,3826,-5148,-15,6483,293350200,2115,293350260,2115,52,-46,22,-37,2558,3,-60,2556
38116876,5325,509150130,53253122,3827,-5147,-16,6483,293350250,2115,293350270,2115,52,-46,33,-90,2618,14,-114,2615
38126867,5324,509150147,53253086,3828,-5147,-17,6484,293350250,2115,293350280,2115,52,-47,48,-102,2628,29,-126,2625
38136724,5323,509150165,53253050,3829,-5146,-18,6484,293350250,2115,293350290,2115,52,-48,34,-144,2631,15,-168,2628
38146708,5323,509150182,53253014,3830,-5146,-19,6484,293350250,2115,293350300,2115,52,-48,30,-56,2657,9,-81,2655
38158029,5322,509150199,53252978,3831,-5145,-20,6484,293350250,2115,293350310,2115,52,-49,22,-169,2655,2,-193,2652
38166866,5321,509150216,53252939,3831,-5144,-21,6484,293350300,2115,293350320,2115,53,-50,-3,-60,2702,-24,-85,2700
38176796,5321,509150234,53252903,3832,-5143,-22,6484,293350300,2115,293350330,2115,53,-51,-10,-101,2616,-31,-126,2613
38186727,5320,509150251,53252867,3833,-5143,-24,6484,293350300,2115,293350340,2115,54,-51,40,-103,2706,18,-128,2703
38196730,5319,509150268,53252831,3834,-5142,-25,6484,293350300,2115,293350350,2115,56,-52,40,-108,2657,18,-134,2654
38207008,5318,509150285,53252795,3835,-5142,-27,6484,293350300,2115,293350360,2115,58,-52,17,-116,2713,-5,-143,2710
38216877,5318,509150302,53252756,3836,-5141,-28,6484,293350350,2115,293350370,2115,60,-53,39,-145,2671,17,-173,2668
38226779,5317,509150320,53252720,3837,-5140,-30,6484,293350350,2115,293350380,2115,62,-53,-32,-111,2693,-54,-141,2689
38236699,5316,509150337,53252684,3837,-5139,-31,6484,293350350,2115,293350390,2115,65,-53,-4,-102,2672,-26,-133,2669
38246734,5316,509150354,53252648,3838,-5138,-32,6484,293350350,2115,293350400,2115,67,-53,23,-112,2700,1,-144,2697
38257434,5315,509150371,53252612,3839,-5138,-34,6484,293350350,2115,293350410,2115,70,-53,16,-118,2664,-6,-151,2661
38266883,5314,509150389,53252573,3840,-5137,-35,6484,293350400,2115,293350420,2115,73,-53,52,-151,2660,30,-185,2657
38276819,5314,509150406,53252537,3841,-5136,-36,6484,293350400,2115,293350430,2115,75,-53,-15,-132,2620,-37,-167,2616
38286699,5313,509150423,53252501,3842,-5136,-37,6484,293350400,2115,293350440,2115,78,-53,4,-124,2633,-18,-160,2629
38296717,5313,509150441,53252465,3843,-5135,-38,6484,293350400,2115,293350450,2115,80,-53,14,-77,2661,-8,-115,2658
38307343,5313,509150458,53252429,3843,-5134,-39,6484,293350400,2115,293350460,2115,82,-53,45,-90,2610,23,-128,2607
38316893,5313,509150475,53252391,3845,-5134,-40,6484,293350450,2115,293350470,2115,84,-53,47,-128,2649,25,-167,2645
38326789,5312,509150492,53252355,3846,-5133,-40,6484,293350450,2115,293350480,2115,86,-53,22,-99,2592,0,-138,2589
38337279,5312,509150510,53252319,3846,-5133,-41,6484,293350450,2115,293350490,2115,88,-53,1,-40,2543,-21,-80,2540
38346714,5311,509150527,53252283,3847,-5132,-41,6484,293350450,2115,293350500,2115,89,-52,22,-110,2530,1,-149,2527
38357035,5311,509150544,53252247,3848,-5132,-41,6484,293350450,2115,293350510,2115,90,-52,21,-54,2528,0,-94,2525
38367068,5311,509150562,53252208,3848,-5131,-42,6484,293350500,2115,293350520,2115,91,-52,31,-84,2535,10,-125,2532
38376810,5310,509150579,53252172,3849,-5131,-42,6484,293350500,2115,293350530,2115,92,-52,30,34,2589,8,-7,2588
38386705,5310,509150596,53252136,3849,-5130,-43,6484,293350500,2115,293350540,2115,92,-52,31,-57,2576,9,-99,2573
38396965,5309,509150613,53252100,3850,-5130,-44,6484,293350500,2115,293350550,2115,93,-52,25,-46,2582,4,-88,2579
38406971,5309,509150631,53252064,3850,-5130,-43,6484,293350500,2115,293350560,2115,93,-51,19,3,2486,-1,-38,2484
38416853,5308,509150648,53252026,3850,-5129,-44,6484,293350550,2115,293350570,2115,93,-51,-7,-58,2526,-27,-100,2523
38427410,5308,509150665,53251990,3851,-5129,-44,6484,293350550,2115,293350580,2115,92,-51,28,-7,2483,8,-47,2481
38436715,5307,509150683,53251954,3851,-5129,-43,6484,293350550,2115,293350590,2115,92,-50,30,-22,2480,10,-63,2478
38446734,5307,509150700,53251918,3852,-5129,-43,6484,293350550,2115,293350600,2115,92,-50,33,-13,2411,13,-52,2409
38458219,5306,509150717,53251882,3852,-5128,-42,6484,293350550,2115,293350610,2115,92,-50,38,-23,2425,19,-63,2423
38467148,5306,509150735,53251844,3853,-5128,-41,6484,293350600,2115,293350620,2115,92,-50,22,-31,2405,3,-70,2403
38476807,5305,509150752,53251808,3853,-5128,-41,6484,293350600,2115,293350630,2115,91,-50,45,-29,2463,25,-68,2461
38487517,5304,509150769,53251772,3854,-5128,-40,6484,293350600,2115,293350640,2115,90,-51,18,-8,2453,-1,-47,2451
38496709,5304,509150787,53251736,3854,-5128,-40,6484,293350600,2115,293350650,2115,89,-51,18,-15,2433,-2,-53,2431
38506986,5303,509150804,53251700,3854,-5127,-39,6484,293350600,2115,293350660,2115,88,-51,23,3,2451,3,-35,2449
38516859,5302,509150821,53251661,3854,-5127,-39,6484,293350650,2115,293350670,2115,87,-51,25,1,2406,5,-36,2404
38526834,5302,509150839,53251625,3855,-5127,-38,6484,293350650,2115,293350680,2115,86,-51,22,-12,2393,3,-49,2391
38536721,5301,509150856,53251590,3855,-5127,-37,6484,293350650,2115,293350690,2115,86,-51,15,-41,2390,-4,-77,2388
38546715,5300,509150873,53251554,3855,-5126,-37,6484,293350650,2115,293350700,2115,85,-51,15,-46,2467,-4,-83,2465
38558101,5299,509150891,53251518,3856,-5126,-36,6484,293350650,2115,293350710,2115,84,-51,35,-62,2416,16,-98,2414
38566891,5299,509150908,53251479,3856,-5126,-36,6484,293350700,2115,293350720,2115,83,-51,10,33,2487,-10,-3,2486
38576788,5298,509150925,53251443,3857,-5126,-36,6484,293350700,2115,293350730,2115,82,-51,38,-43,2482,18,-78,2480
38586746,5297,509150943,53251407,3857,-5125,-35,6484,293350700,2115,293350740,2115,81,-51,14,-29,2436,-6,-64,2434
38598395,5296,509150960,53251371,3857,-5125,-34,6484,293350700,2115,293350750,2115,80,-51,-3,-26,2340,-22,-60,2338
38606977,5295,509150977,53251335,3858,-5124,-33,6484,293350700,2115,293350760,2115,79,-51,14,-72,2386,-5,-106,2383
38616860,5295,509150995,53251297,3858,-5124,-32,6484,293350750,2115,293350770,2115,78,-50,-7,-36,2370,-25,-69,2367
38626774,5294,509151012,53251261,3859,-5124,-31,6484,293350750,2115,293350780,2115,77,-50,35,-37,2395,16,-70,2393
38636795,5293,509151029,53251225,3860,-5123,-31,6484,293350750,2115,293350790,2115,76,-50,51,-95,2435,32,-127,2432
38646723,5292,509151047,53251189,3860,-5123,-30,6484,293350750,2115,293350800,2115,75,-50,38,11,2424,19,-21,2422
38656966,5292,509151064,53251153,3860,-5123,-29,6484,293350750,2115,293350810,2115,74,-50,24,-44,2404,5,-75,2401
38667731,5291,509151081,53251115,3861,-5122,-28,6484,293350800,2115,293350820,2115,73,-49,-5,-131,2389,-23,-161,2385
38676792,5290,509151099,53251079,3862,-5121,-27,6484,293350800,2115,293350830,2115,72,-49,4,-78,2402,-14,-108,2399
38686944,5289,509151116,53251043,3862,-5121,-27,6484,293350800,2115,293350840,2115,72,-48,15,-42,2387,-3,-72,2385
38697564,5289,509151133,53251007,3863,-5121,-26,6484,293350800,2115,293350850,2115,71,-48,31,-25,2379,13,-55,2377
38706969,5288,509151151,53250971,3864,-5120,-25,6484,293350800,2115,293350860,2115,70,-47,34,-104,2420,16,-134,2417
38716872,5287,509151168,53250933,3864,-5120,-24,6484,293350850,2115,293350870,2115,69,-47,30,-70,2410,12,-100,2407
38727826,5286,509151186,53250897,3865,-5119,-23,6484,293350850,2115,293350880,2115,69,-47,8,-58,2387,-9,-87,2384
38736724,5285,509151203,53250861,3866,-5119,-23,6484,293350850,2115,293350890,2115,68,-47,23,-80,2430,6,-109,2428
38746732,5285,509151220,53250825,3866,-5119,-22,6484,293350850,2115,293350900,2115,67,-46,10,-40,2357,-7,-68,2355
38757013,5284,509151238,53250789,3866,-5118,-21,6484,293350850,2115,293350910,2115,66,-46,20,2,2405,2,-26,2403
38766872,5283,509151255,53250751,3867,-5118,-20,6484,293350900,2115,293350920,2115,65,-46,29,-157,2459,11,-185,2455
38776833,5282,509151272,53250715,3868,-5118,-20,6484,293350900,2115,293350930,2115,64,-46,50,-30,2447,32,-58,2445
38786704,5282,509151290,53250679,3869,-5117,-19,6484,293350900,2115,293350940,2115,63,-46,15,-100,2395,-2,-126,2392
38796716,5281,509151307,53250643,3869,-5117,-19,6484,293350900,2115,293350950,2115,61,-47,12,-28,2430,-5,-54,2428
38807096,5280,509151325,53250607,3870,-5116,-18,6484,293350900,2115,293350960,2115,60,-47,3,-93,2438,-14,-119,2435
38816869,5279,509151342,53250569,3870,-5116,-18,6484,293350950,2115,293350970,2115,58,-47,26,-79,2523,7,-105,2520
38826784,5279,509151359,53250533,3871,-5115,-19,6484,293350950,2115,293350980,2115,56,-48,32,-98,2539,13,-123,2537
38836712,5278,509151377,53250497,3872,-5115,-19,6484,293350950,2115,293350990,2115,54,-48,44,-22,2568,25,-46,2566
38846722,5277,509151394,53250461,3872,-5115,-19,6484,293350950,2115,293351000,2115,52,-49,16,-88,2499,-3,-111,2496
38856971,5277,509151412,53250425,3873,-5114,-19,6484,293350950,2115,293351010,2115,50,-50,-1,-80,2538,-21,-103,2535
38866908,5276,509151429,53250387,3873,-5113,-20,6484,293351000,2115,293351020,2115,48,-50,14,-81,2580,-6,-103,2577
38876788,5275,509151446,53250351,3874,-5113,-20,6484,293351000,2115,293351030,2115,46,-51,6,-59,2526,-15,-80,2524
38886739,5274,509151464,53250315,3874,-5113,-20,6484,293351000,2115,293351040,2115,44,-52,-15,-15,2527,-36,-35,2525
38896732,5274,509151481,53250280,3875,-5112,-21,6484,293351000,2115,293351050,2115,42,-53,35,-98,2628,13,-117,2626
38907431,5273,509151499,53250244,3875,-5112,-22,6484,293351000,2115,293351060,2115,39,-53,36,-29,2593,13,-47,2591
38916907,5272,509151516,53250205,3875,-5112,-23,6484,293351050,2115,293351070,2115,37,-54,18,-50,2635,-5,-67,2633
38926804,5272,509151534,53250170,3876,-5111,-24,6484,293351050,2115,293351080,2115,35,-55,37,-33,2672,14,-50,2670
38936732,5271,509151551,53250134,3877,-5111,-25,6484,293351050,2115,293351090,2115,33,-55,-5,-142,2610,-27,-158,2607
38946752,5270,509151568,53250098,3877,-5110,-26,6484,293351050,2115,293351100,2115,31,-56,-27,-54,2647,-51,-69,2644
38956989,5270,509151586,53250062,3877,-5110,-27,6484,293351050,2115,293351110,2115,29,-56,4,28,2615,-20,14,2613
38967190,5269,509151603,53250024,3877,-5110,-29,6484,293351100,2115,293351120,2115,28,-56,34,-53,2694,10,-67,2692
38976791,5268,509151621,53249988,3878,-5109,-29,6484,293351100,2115,293351130,2115,26,-56,31,-143,2596,8,-156,2594
38986721,5268,509151638,53249952,3878,-5108,-30,6484,293351100,2115,293351140,2115,25,-56,-7,-58,2620,-31,-70,2618
38996729,5267,509151656,53249916,3879,-5108,-31,6484,293351100,2115,293351150,2115,24,-56,-8,-111,2614,-31,-123,2612
39006967,5266,509151673,53249880,3879,-5107,-32,6484,293351100,2115,293351160,2115,23,-56,-7,-63,2671,-31,-74,2668
39016876,5266,509151690,53249842,3879,-5107,-34,6484,293351150,2115,293351170,2115,22,-55,-9,-47,2638,-32,-58,2636
39026780,5265,509151708,53249806,3880,-5106,-34,6484,293351150,2115,293351180,2115,21,-55,51,-104,2616,28,-114,2614
39036729,5265,509151725,53249770,3881,-5106,-35,6484,293351150,2115,293351190,2115,21,-54,2,-90,2587,-20,-100,2585
39046739,5264,509151743,53249735,3881,-5105,-36,6484,293351150,2115,293351200,2115,21,-53,-1,-113,2582,-23,-122,2579
39056971,5263,509151760,53249699,3882,-5105,-36,6484,293351150,2115,293351210,2115,21,-52,14,-78,2520,-7,-87,2518
39066869,5263,509151778,53249661,3883,-5104,-36,6484,293351200,2115,293351220,2115,21,-51,3,-126,2536,-17,-136,2534
39076807,5262,509151795,53249625,3883,-5103,-36,6484,293351200,2115,293351230,2115,21,-50,10,-80,2560,-10,-89,2558
39086936,5262,509151813,53249589,3884,-5103,-36,6484,293351200,2115,293351240,2115,21,-50,31,-105,2489,12,-114,2487
39097035,5261,509151830,53249553,3885,-5102,-37,6484,293351200,2115,293351250,2115,22,-49,12,-96,2537,-8,-106,2535
39107026,5261,509151847,53249517,3886,-5102,-37,6484,293351200,2115,293351260,2115,22,-48,17,-142,2523,-2,-153,2521
39117752,5260,509151865,53249479,3886,-5101,-37,6484,293351250,2115,293351270,2115,23,-47,-5,-71,2483,-23,-81,2481
39126800,5260,509151882,53249443,3887,-5100,-37,6484,293351250,2115,293351280,2115,24,-46,7,-140,2486,-10,-151,2484
39136705,5259,509151900,53249408,3887,-5100,-37,6484,293351250,2115,293351290,2115,25,-45,5,-105,2575,-12,-116,2573
39146708,5259,509151917,53249372,3888,-5099,-37,6485,293351250,2115,293351300,2115,26,-44,32,-57,2432,15,-69,2431
39157014,5258,509151935,53249336,3888,-5099,-37,6485,293351250,2115,293351310,2115,28,-44,15,-83,2507,-2,-95,2505
39167059,5258,509151952,53249298,3889,-5098,-36,6485,293351300,2115,293351320,2115,29,-43,12,-113,2444,-4,-126,2441
39176792,5257,509151970,53249262,3890,-5098,-36,6485,293351300,2115,293351330,2115,31,-42,5,-125,2434,-10,-138,2431
39186732,5257,509151987,53249226,3891,-5097,-35,6485,293351300,2115,293351340,2115,33,-42,-21,-98,2349,-36,-112,2346
39196736,5256,509152005,53249191,3891,-5096,-34,6485,293351300,2115,293351350,2115,34,-41,3,-70,2431,-12,-85,2429
39206984,5256,509152022,53249155,3892,-5096,-34,6485,293351300,2115,293351360,2115,36,-41,13,-127,2438,-2,-143,2436
39216861,5255,509152040,53249117,3893,-5096,-34,6485,293351350,2115,293351370,2115,38,-41,39,-83,2570,22,-100,2568
39227648,5255,509152057,53249081,3893,-5095,-34,6485,293351350,2115,293351380,2115,40,-41,28,-53,2522,12,-70,2520
39236725,5254,509152075,53249045,3894,-5095,-34,6485,293351350,2115,293351390,2115,42,-42,42,-85,2498,26,-103,2495
39246771,5254,509152092,53249009,3895,-5094,-33,6485,293351350,2115,293351400,2115,44,-42,-20,-134,2402,-35,-152,2399
39256966,5253,509152110,53248974,3895,-5093,-33,6485,293351350,2115,293351410,2115,46,-42,-24,-97,2392,-40,-116,2389
39266865,5252,509152127,53248935,3896,-5093,-32,6485,293351400,2115,293351420,2115,48,-43,-12,-64,2410,-28,-84,2407
39276811,5252,509152145,53248900,3897,-5092,-31,6485,293351400,2115,293351430,2115,50,-43,4,-120,2463,-12,-141,2460
39286733,5251,509152162,53248864,3897,-5092,-31,6485,293351400,2115,293351440,2115,52,-44,59,-15,2498,42,-38,2496
39296741,5251,509152180,53248828,3898,-5092,-31,6485,293351400,2115,293351450,2115,54,-44,54,-83,2494,37,-106,2492
39307063,5250,509152197,53248793,3898,-5091,-31,6485,293351400,2115,293351460,2115,56,-45,-22,-114,2541,-40,-139,2538
39316879,5249,509152215,53248754,3899,-5090,-32,6485,293351450,2115,293351470,2115,58,-46,8,-107,2556,-10,-133,2553
39326788,5249,509152232,53248719,3900,-5089,-32,6485,293351450,2115,293351480,2115,59,-47,-22,-60,2558,-41,-87,2555
39336737,5248,509152250,53248683,3900,-5089,-32,6485,293351450,2115,293351490,2115,60,-48,17,-80,2475,-2,-107,2472
39346715,5248,509152267,53248647,3901,-5088,-32,6485,293351450,2115,293351500,2115,61,-48,-22,-90,2445,-41,-117,2442
39356970,5247,509152285,53248612,3901,-5088,-31,6485,293351450,2115,293351510,2115,62,-49,10,-62,2437,-8,-89,2434
39366889,5247,509152303,53248573,3902,-5087,-30,6485,293351500,2115,293351520,2115,63,-49,24,-70,2416,5,-97,2413
39376806,5246,509152320,53248538,3902,-5087,-30,6485,293351500,2115,293351530,2115,63,-49,15,-66,2432,-4,-94,2430
39386715,5246,509152338,53248502,3903,-5086,-30,6485,293351500,2115,293351540,2115,64,-49,-21,-41,2528,-40,-70,2525
39396731,5245,509152355,53248466,3903,-5085,-31,6485,293351500,2115,293351550,2115,64,-49,-7,-106,2629,-27,-136,2626
39408141,5245,509152373,53248431,3904,-5085,-32,6485,293351500,2115,293351560,2115,65,-49,17,-29,2577,-3,-58,2575
39416863,5244,509152390,53248393,3904,-5085,-32,6485,293351550,2115,293351570,2115,65,-48,6,-43,2522,-13,-72,2519
39426782,5243,509152408,53248357,3905,-5084,-31,6485,293351550,2115,293351580,2115,65,-48,17,-34,2451,-1,-62,2449
39436753,5243,509152425,53248321,3905,-5083,-30,6485,293351550,2115,293351590,2115,65,-47,-41,-65,2333,-58,-92,2330
39446736,5242,509152443,53248286,3906,-5083,-29,6485,293351550,2115,293351600,2115,65,-47,16,-66,2399,-1,-93,2397
39457022,5241,509152461,53248250,3905,-5083,-28,6485,293351550,2115,293351610,2115,65,-46,-9,47,2300,-26,21,2299
39466861,5240,509152478,53248212,3906,-5083,-26,6485,293351600,2115,293351620,2115,65,-45,47,-108,2333,32,-135,2330
39477696,5240,509152496,53248176,3907,-5082,-24,6485,293351600,2115,293351630,2115,66,-44,-6,-51,2258,-21,-77,2255
39486729,5239,509152513,53248141,3907,-5082,-23,6485,293351600,2115,293351640,2115,66,-42,31,25,2382,15,-2,2381
39496756,5238,509152531,53248105,3908,-5081,-22,6485,293351600,2115,293351650,2115,66,-40,7,-150,2354,-7,-178,2351
39506959,5237,509152548,53248069,3908,-5080,-22,6485,293351600,2115,293351660,2115,67,-38,-42,-61,2525,-56,-92,2522
39516863,5236,509152566,53248031,3908,-5080,-22,6485,293351650,2115,293351670,2115,68,-37,-24,-93,2451,-37,-123,2448
39526815,5236,509152583,53247996,3909,-5079,-21,6485,293351650,2115,293351680,2115,68,-35,19,-88,2354,7,-116,2352
39536793,5235,509152601,53247960,3909,-5079,-20,6485,293351650,2115,293351690,2115,69,-33,-6,-1,2364,-18,-30,2362
39546746,5234,509152619,53247924,3909,-5079,-18,6485,293351650,2115,293351700,2115,70,-31,38,66,2259,27,38,2258
39557591,5233,509152636,53247889,3911,-5078,-15,6485,293351650,2115,293351710,2115,71,-29,-5,-292,2171,-13,-319,2165
39566859,5233,509152654,53247851,3912,-5076,-12,6485,293351700,2115,293351720,2115,72,-28,-56,-125,2121,-63,-152,2118
39576812,5232,509152671,53247815,3911,-5077,-9,6485,293351700,2115,293351730,2115,72,-26,-29,88,2150,-37,61,2149
39586710,5231,509152689,53247779,3913,-5077,-7,6485,293351700,2115,293351740,2115,72,-25,150,-140,2226,142,-168,2223
39596721,5231,509152707,53247744,3913,-5077,-7,6485,293351700,2115,293351750,2115,72,-24,95,42,2429,87,12,2428
39606980,5230,509152724,53247708,3915,-5077,-6,6485,293351700,2115,293351760,2115,72,-23,89,-89,2425,82,-120,2422
39616895,5229,509152742,53247670,3915,-5076,-5,6485,293351750,2115,293351770,2115,72,-23,-38,-94,2398,-45,-125,2394
39626794,5229,509152759,53247635,3915,-5075,-4,6485,293351750,2115,293351780,2115,72,-23,-100,-76,2294,-107,-105,2291
39637420,5228,509152777,53247599,3916,-5074,-2,6485,293351750,2115,293351790,2115,71,-23,-32,-64,2267,-38,-93,2264
39646729,5227,509152795,53247563,3916,-5074,0,6485,293351750,2115,293351800,2115,70,-22,-19,-59,2234,-25,-87,2231
39656989,5227,509152812,53247528,3916,-5074,1,6485,293351750,2115,293351810,2115,69,-22,63,-3,2417,56,-32,2415
39667688,5226,509152830,53247490,3917,-5074,1,6485,293351800,2115,293351820,2115,67,-23,42,-17,2478,35,-46,2476
39676800,5225,509152847,53247454,3918,-5074,2,6485,293351800,2115,293351830,2115,65,-23,89,-81,2471,82,-110,2469
39686722,5225,509152865,53247419,3918,-5074,2,6485,293351800,2115,293351840,2115,64,-24,31,-2,2478,23,-30,2476
39696784,5224,509152883,53247383,3919,-5073,2,6485,293351800,2115,293351850,2115,63,-25,-36,-57,2459,-45,-85,2456
39707036,5223,509152900,53247347,3919,-5072,3,6485,293351800,2115,293351860,2115,61,-26,-33,-99,2414,-41,-125,2411
39716854,5222,509152918,53247309,3919,-5072,4,6485,293351850,2115,293351870,2115,60,-26,-34,-51,2362,-42,-77,2360
39726919,5222,509152935,53247274,3919,-5072,4,6485,293351850,2115,293351880,2115,58,-27,22,50,2540,12,24,2539
39736736,5221,509152953,53247238,3920,-5071,3,6485,293351850,2115,293351890,2115,56,-28,-7,-61,2572,-17,-87,2570
39746712,5220,509152971,53247203,3920,-5072,3,6485,293351850,2115,293351900,2115,55,-29,21,30,2561,10,5,2559
39758138,5220,509152988,53247167,3921,-5071,2,6485,293351850,2115,293351910,2115,54,-29,45,-115,2611,34,-140,2608
39766861,5219,509153006,53247129,3922,-5071,1,6485,293351900,2115,293351920,2115,53,-30,22,-104,2614,11,-128,2612
39776802,5218,509153023,53247093,3922,-5070,1,6485,293351900,2115,293351930,2115,52,-31,-48,-38,2491,-60,-61,2488
39787066,5218,509153041,53247058,3922,-5069,1,6485,293351900,2115,293351940,2115,50,-32,-63,-62,2551,-75,-85,2548
39796719,5217,509153059,53247022,3922,-5069,0,6485,293351900,2115,293351950,2115,49,-32,-20,-65,2549,-32,-87,2546
39807049,5217,509153076,53246987,3923,-5068,0,6485,293351900,2115,293351960,2115,48,-33,51,-35,2562,39,-56,2560
39817135,5216,509153094,53246949,3923,-5069,-1,6485,293351950,2115,293351970,2115,47,-33,60,-10,2584,47,-31,2582
39826829,5215,509153112,53246913,3924,-5068,-2,6485,293351950,2115,293351980,2115,46,-34,45,-80,2608,32,-102,2606
39836720,5215,509153129,53246878,3925,-5067,-2,6485,293351950,2115,293351990,2115,46,-34,-13,-144,2581,-26,-165,2577
39847152,5214,509153147,53246842,3925,-5067,-3,6485,293351950,2115,293352000,2115,45,-34,-25,-41,2596,-38,-63,2593
39857424,5214,509153164,53246807,3925,-5066,-4,6485,293351950,2115,293352010,2115,45,-35,-63,-47,2604,-76,-68,2601
39866875,5213,509153182,53246769,3926,-5065,-5,6485,293352000,2115,293352020,2115,44,-35,16,-86,2661,3,-106,2658
39877348,5213,509153200,53246733,3926,-5065,-6,6485,293352000,2115,293352030,2115,43,-35,31,-10,2677,16,-31,2675
39886717,5213,509153217,53246697,3927,-5065,-7,6485,293352000,2115,293352040,2115,43,-35,48,-56,2640,34,-76,2638
39896731,5212,509153235,53246662,3928,-5065,-8,6485,293352000,2115,293352050,2115,43,-35,31,-113,2549,18,-132,2546
39907190,5212,509153253,53246626,3928,-5064,-8,6485,293352000,2115,293352060,2115,44,-35,-40,-92,2541,-53,-112,2538
39916903,5211,509153270,53246588,3928,-5064,-9,6485,293352050,2115,293352070,2115,44,-34,-38,10,2578,-51,-10,2576
39926811,5211,509153288,53246553,3928,-5063,-9,6485,293352050,2115,293352080,2115,44,-34,-12,-89,2516,-25,-109,2514
39936758,5211,509153306,53246517,3930,-5063,-10,6485,293352050,2115,293352090,2115,44,-34,66,-123,2684,52,-144,2682
39946729,5210,509153323,53246482,3930,-5062,-11,6485,293352050,2115,293352100,2115,44,-33,63,-56,2575,50,-77,2573
39957016,5210,509153341,53246446,3930,-5062,-12,6485,293352050,2115,293352110,2115,45,-33,21,1,2656,8,-20,2654
39966884,5210,509153359,53246408,3931,-5062,-13,6485,293352100,2115,293352120,2115,45,-33,-14,-99,2581,-26,-120,2578
39976810,5209,509153376,53246373,3931,-5061,-13,6485,293352100,2115,293352130,2115,46,-32,-51,-71,2517,-63,-92,2514
39986737,5209,509153394,53246337,3932,-5060,-13,6485,293352100,2115,293352140,2115,47,-31,-27,-49,2477,-38,-70,2474
39996747,5209,509153412,53246302,3932,-5060,-13,6485,293352100,2115,293352150,2115,48,-31,29,-54,2514,18,-75,2512
40006972,5208,509153429,53246266,3933,-5060,-13,6485,293352100,2115,293352160,2115,48,-30,35,-49,2516,24,-70,2513
40016918,5208,509153447,53246228,3934,-5060,-13,6485,293352150,2115,293352170,2115,49,-30,63,-121,2581,52,-143,2578
40026789,5208,509153465,53246193,3934,-5059,-13,6485,293352150,2115,293352180,2115,50,-29,19,-28,2528,8,-50,2526
40036766,5207,509153482,53246157,3934,-5059,-13,6485,293352150,2115,293352190,2115,51,-29,-15,-10,2513,-26,-33,2511
40046728,5207,509153500,53246122,3935,-5058,-13,6485,293352150,2115,293352200,2115,52,-29,-34,-114,2481,-44,-137,2478
40056986,5207,509153518,53246086,3935,-5058,-13,6485,293352150,2115,293352210,2115,53,-28,-11,-23,2482,-21,-47,2480
40066878,5206,509153535,53246049,3935,-5057,-13,6485,293352200,2115,293352220,2115,55,-27,20,-47,2490,10,-71,2487
40076827,5206,509153553,53246013,3936,-5057,-13,6485,293352200,2115,293352230,2115,56,-27,46,-61,2535,37,-86,2532
40086961,5205,509153571,53245978,3936,-5057,-13,6485,293352200,2115,293352240,2115,57,-26,27,-7,2500,17,-32,2498
40096704,5205,509153588,53245942,3937,-5056,-13,6485,293352200,2115,293352250,2115,58,-26,-7,-115,2479,-16,-141,2476
40106963,5205,509153606,53245907,3938,-5056,-13,6485,293352200,2115,293352260,2115,60,-26,-19,-77,2508,-28,-104,2505
40117536,5204,509153624,53245869,3938,-5056,-13,6485,293352250,2115,293352270,2115,61,-26,-24,40,2447,-34,14,2445
40126814,5204,509153642,53245833,3938,-5056,-12,6485,293352250,2115,293352280,2115,62,-26,22,-31,2481,13,-58,2479
40136712,5203,509153659,53245798,3939,-5055,-12,6485,293352250,2115,293352290,2115,63,-26,21,-91,2432,12,-118,2429
40146806,5203,509153677,53245762,3940,-5055,-12,6485,293352250,2115,293352300,2115,65,-26,33,-106,2506,24,-135,2503
40156950,5202,509153695,53245727,3940,-5054,-11,6485,293352250,2115,293352310,2115,67,-26,14,-95,2408,6,-124,2405
40166897,5202,509153712,53245689,3941,-5054,-11,6486,293352300,2115,293352320,2115,68,-27,-22,-7,2518,-31,-38,2516
40176872,5201,509153730,53245654,3941,-5053,-11,6486,293352300,2115,293352330,2115,70,-27,-6,-69,2501,-16,-100,2498
40186732,5201,509153748,53245618,3942,-5052,-12,6486,293352300,2115,293352340,2115,71,-27,-14,-65,2546,-24,-97,2543
40196740,5200,509153766,53245583,3942,-5052,-12,6486,293352300,2115,293352350,2115,72,-27,21,-28,2541,11,-60,2538
40207892,5200,509153783,53245547,3943,-5052,-12,6486,293352300,2115,293352360,2115,74,-27,9,-48,2495,-1,-81,2492
40216913,5199,509153801,53245509,3943,-5051,-11,6486,293352350,2115,293352370,2115,75,-27,-3,-78,2431,-12,-111,2428
40226782,5198,509153819,53245474,3944,-5050,-12,6486,293352350,2115,293352380,2115,76,-27,-4,-83,2530,-14,-116,2527
40237072,5198,509153836,53245439,3944,-5050,-11,6486,293352350,2115,293352390,2115,76,-28,-21,-42,2487,-31,-76,2484
40246723,5197,509153854,53245403,3945,-5049,-12,6486,293352350,2115,293352400,2115,77,-28,16,-58,2523,6,-92,2520
40256961,5197,509153872,53245368,3945,-5049,-12,6486,293352350,2115,293352410,2115,77,-28,15,-32,2522,5,-67,2520
40267662,5196,509153890,53245330,3945,-5049,-11,6486,293352400,2115,293352420,2115,78,-28,28,33,2471,18,-1,2470
40276815,5196,509153907,53245294,3946,-5049,-11,6486,293352400,2115,293352430,2115,78,-29,3,-81,2471,-7,-116,2468
40286760,5195,509153925,53245259,3947,-5048,-11,6486,293352400,2115,293352440,2115,78,-29,-5,-157,2436,-15,-191,2432
40296804,5194,509153943,53245224,3947,-5047,-10,6486,293352400,2115,293352450,2115,78,-29,-12,-19,2467,-22,-53,2464
40307034,5194,509153961,53245188,3947,-5047,-10,6486,293352400,2115,293352460,2115,78,-29,-12,-31,2459,-22,-66,2456
40316876,5193,509153978,53245150,3948,-5047,-10,6486,293352450,2115,293352470,2115,78,-29,20,0,2519,9,-34,2517
40327411,5192,509153996,53245115,3948,-5047,-10,6486,293352450,2115,293352480,2115,77,-29,50,-58,2493,40,-92,2490
40336741,5191,509154014,53245080,3949,-5046,-10,6486,293352450,2115,293352490,2115,76,-28,23,-65,2553,13,-100,2550
40346730,5191,509154032,53245044,3949,-5046,-10,6486,293352450,2115,293352500,2115,75,-28,-33,27,2437,-43,-5,2435
40357573,5190,509154049,53245009,3949,-5046,-9,6486,293352450,2115,293352510,2115,74,-27,-15,-24,2411,-24,-56,2408
40366918,5189,509154067,53244971,3950,-5045,-9,6486,293352500,2115,293352520,2115,73,-27,-24,-81,2428,-33,-113,2425
40376810,5188,509154085,53244936,3950,-5044,-8,6486,293352500,2115,293352530,2115,72,-26,-4,-21,2451,-13,-52,2449
40387075,5188,509154103,53244900,3950,-5044,-8,6486,293352500,2115,293352540,2115,70,-25,25,25,2445,16,-6,2443
40396739,5187,509154120,53244865,3951,-5044,-7,6486,293352500,2115,293352550,2115,69,-24,36,-32,2453,28,-62,2451
40406985,5186,509154138,53244829,3951,-5044,-7,6486,293352500,2115,293352560,2115,68,-23,34,-76,2413,26,-105,2410
40416852,5185,509154156,53244792,3952,-5043,-6,6486,293352550,2115,293352570,2115,67,-22,9,-82,2387,2,-111,2384
40426800,5184,509154174,53244756,3952,-5043,-4,6486,293352550,2115,293352580,2115,65,-21,-28,-6,2319,-35,-33,2316
40436729,5183,509154191,53244721,3953,-5042,-3,6486,293352550,2115,293352590,2115,64,-20,-3,-66,2342,-9,-92,2339
40446716,5182,509154209,53244685,3953,-5042,-2,6486,293352550,2115,293352600,2115,62,-20,4,-49,2381,-2,-76,2379
40458148,5181,509154227,53244650,3953,-5042,-1,6486,293352550,2115,293352610,2115,61,-19,40,27,2343,34,1,2342
40466893,5180,509154245,53244612,3954,-5042,0,6486,293352600,2115,293352620,2115,60,-18,70,-73,2440,64,-98,2437
40477403,5179,509154262,53244577,3955,-5042,1,6486,293352600,2115,293352630,2115,60,-17,31,-72,2364,26,-97,2361
40486734,5178,509154280,53244542,3955,-5041,2,6486,293352600,2115,293352640,2115,59,-17,-9,-67,2313,-13,-92,2311
40496736,5178,509154298,53244506,3956,-5041,4,6486,293352600,2115,293352650,2115,58,-16,-28,-93,2329,-32,-117,2326
40507238,5177,509154316,53244471,3956,-5040,5,6486,293352600,2115,293352660,2115,58,-15,-25,-54,2368,-29,-79,2365
40516879,5176,509154333,53244433,3957,-5040,5,6486,293352650,2115,293352670,2115,57,-14,40,-87,2381,36,-110,2379
40526799,5175,509154351,53244398,3958,-5040,6,6486,293352650,2115,293352680,2115,56,-14,53,-55,2421,50,-79,2419
40536733,5174,509154369,53244362,3959,-5039,7,6486,293352650,2115,293352690,2115,56,-13,40,-128,2394,37,-151,2391
40546719,5173,509154387,53244327,3960,-5038,8,6486,293352650,2115,293352700,2115,55,-13,9,-145,2380,6,-169,2377
40556976,5172,509154405,53244292,3960,-5038,9,6486,293352650,2115,293352710,2115,55,-12,-43,-74,2310,-45,-96,2308
40566900,5171,509154422,53244254,3961,-5037,10,6486,293352700,2115,293352720,2115,55,-11,6,-77,2401,3,-101,2398
40576788,5170,509154440,53244219,3961,-5037,11,6486,293352700,2115,293352730,2115,55,-11,-6,-105,2386,-8,-128,2383
40586735,5169,509154458,53244183,3962,-5036,12,6486,293352700,2115,293352740,2115,55,-10,44,-99,2403,42,-123,2400
40597692,5168,509154476,53244148,3964,-5036,13,6486,293352700,2115,293352750,2115,55,-10,42,-130,2374,41,-153,2371
40607023,5168,509154494,53244113,3964,-5035,14,6486,293352700,2115,293352760,2115,55,-10,28,-81,2358,26,-104,2355
40616885,5167,509154511,53244075,3965,-5035,15,6486,293352750,2115,293352770,2115,55,-9,7,-90,2380,5,-114,2377
40626790,5166,509154529,53244040,3967,-5034,16,6486,293352750,2115,293352780,2115,56,-9,-3,-205,2387,-4,-228,2383
40636741,5165,509154547,53244004,3967,-5034,18,6486,293352750,2115,293352790,2115,56,-9,-2,-54,2345,-3,-77,2343
40646736,5164,509154565,53243969,3968,-5033,19,6486,293352750,2115,293352800,2115,56,-9,-4,-98,2349,-5,-122,2346
40657007,5163,509154583,53243934,3968,-5033,20,6486,293352750,2115,293352810,2115,56,-8,39,-69,2386,37,-93,2384
40666886,5162,509154600,53243896,3970,-5032,21,6486,293352800,2115,293352820,2115,57,-8,39,-164,2356,39,-188,2353
40676809,5162,509154618,53243861,3971,-5031,21,6486,293352800,2115,293352830,2115,58,-7,23,-166,2467,22,-191,2464
40686736,5161,509154636,53243825,3972,-5031,22,6486,293352800,2115,293352840,2115,58,-7,-21,-84,2436,-21,-109,2433
40696736,5160,509154654,53243790,3972,-5030,21,6486,293352800,2115,293352850,2115,58,-7,-30,-126,2542,-31,-153,2539
40706999,5159,509154672,53243755,3973,-5029,21,6486,293352800,2115,293352860,2115,58,-6,-2,-159,2492,-2,-184,2489
40716887,5159,509154690,53243717,3974,-5028,22,6486,293352850,2115,293352870,2115,59,-6,17,-52,2460,17,-77,2458
40726789,5158,509154707,53243682,3975,-5028,22,6486,293352850,2115,293352880,2115,59,-6,19,-148,2385,19,-173,2382
40736739,5157,509154725,53243647,3976,-5027,23,6486,293352850,2115,293352890,2115,59,-5,-1,-118,2392,0,-143,2389
40746735,5156,509154743,53243611,3977,-5026,24,6486,293352850,2115,293352900,2115,60,-5,-23,-106,2383,-23,-131,2380
40756972,5156,509154761,53243576,3977,-5026,25,6486,293352850,2115,293352910,2115,60,-5,12,-89,2431,13,-114,2429
40766885,5155,509154779,53243538,3978,-5026,26,6486,293352900,2115,293352920,2115,59,-5,26,-59,2427,26,-84,2425
40776815,5154,509154797,53243503,3979,-5025,26,6486,293352900,2115,293352930,2115,59,-5,57,-114,2498,57,-140,2495
40786722,5153,509154815,53243468,3980,-5025,26,6486,293352900,2115,293352940,2115,59,-5,12,-92,2479,12,-118,2476
40796717,5152,509154832,53243433,3981,-5024,26,6486,293352900,2115,293352950,2115,59,-5,3,-96,2538,3,-122,2535
40807115,5152,509154850,53243397,3981,-5024,26,6486,293352900,2115,293352960,2115,60,-5,-7,-81,2480,-7,-108,2478
40816899,5151,509154868,53243360,3982,-5023,26,6486,293352950,2115,293352970,2115,60,-5,-37,-110,2463,-37,-136,2460
40826814,5150,509154886,53243324,3982,-5022,26,6486,293352950,2115,293352980,2115,60,-5,-34,-57,2546,-34,-84,2543
40836740,5149,509154904,53243289,3983,-5021,25,6486,293352950,2115,293352990,2115,60,-5,-9,-116,2570,-9,-143,2567
40846735,5148,509154922,53243254,3984,-5021,24,6486,293352950,2115,293353000,2115,60,-5,48,-80,2633,48,-107,2630
40856993,5147,509154940,53243219,3985,-5021,24,6486,293352950,2115,293353010,2115,60,-5,29,-105,2545,30,-132,2542
40867481,5146,509154958,53243181,3986,-5020,23,6486,293353000,2115,293353020,2115,61,-5,5,-104,2577,5,-132,2573
40876824,5145,509154976,53243146,3987,-5019,23,6486,293353000,2115,293353030,2115,62,-5,-27,-105,2568,-27,-133,2565
40886724,5144,509154994,53243111,3987,-5018,22,6486,293353000,2115,293353040,2115,63,-5,-32,-123,2581,-32,-152,2578
40897230,5143,509155011,53243076,3988,-5018,22,6486,293353000,2115,293353050,2115,63,-6,-10,-84,2580,-11,-113,2577
40906961,5143,509155029,53243040,3989,-5017,21,6486,293353000,2115,293353060,2115,64,-6,13,-148,2629,13,-177,2625
40916875,5142,509155047,53243003,3990,-5017,20,6486,293353050,2115,293353070,2115,64,-6,51,-65,2516,51,-93,2513
40927383,5141,509155065,53242968,3991,-5016,20,6486,293353050,2115,293353080,2115,65,-6,37,-98,2561,37,-127,2558
40936724,5140,509155083,53242932,3992,-5015,19,6486,293353050,2115,293353090,2115,66,-7,-12,-167,2575,-13,-197,2571
40946723,5139,509155101,53242897,3992,-5015,19,6486,293353050,2115,293353100,2115,66,-7,1,-51,2565,0,-81,2562
40958379,5139,509155119,53242862,3993,-5014,19,6486,293353050,2115,293353110,2115,66,-6,-23,-144,2543,-23,-173,2539
40966867,5138,509155137,53242824,3994,-5013,18,6486,293353100,2115,293353120,2115,66,-6,7,-69,2579,7,-99,2576
40976788,5138,509155155,53242789,3995,-5013,18,6486,293353100,2115,293353130,2115,65,-5,-25,-95,2479,-24,-124,2476
40986723,5137,509155173,53242754,3996,-5012,17,6486,293353100,2115,293353140,2115,65,-4,15,-114,2620,16,-144,2616
40996732,5136,509155191,53242719,3997,-5011,17,6486,293353100,2115,293353150,2115,65,-2,0,-152,2554,1,-181,2551
41008093,5135,509155209,53242684,3996,-5011,15,6486,293353100,2115,293353160,2115,64,-1,-119,67,2764,-118,35,2763
41017167,5135,509155227,53242646,3997,-5010,12,6486,293353150,2115,293353170,2115,64,-1,7,-111,2835,9,-143,2832
41026791,5134,509155245,53242611,3998,-5009,11,6486,293353150,2115,293353180,2115,64,-1,-8,-199,2614,-5,-229,2610
41036721,5133,509155263,53242576,3998,-5010,11,6486,293353150,2115,293353190,2115,63,0,166,161,2527,167,133,2527
41046736,5132,509155280,53242541,3999,-5010,12,6486,293353150,2115,293353200,2115,63,0,18,-145,2370,21,-171,2367
41056958,5131,509155298,53242506,3999,-5009,16,6486,293353150,2115,293353210,2115,63,0,-106,-49,2059,-104,-73,2057
41066884,5131,509155316,53242468,4000,-5008,18,6486,293353200,2115,293353220,2115,62,0,-82,-128,2193,-80,-153,2189
41076795,5130,509155334,53242433,4000,-5007,18,6486,293353200,2115,293353230,2115,61,0,-15,11,2537,-13,-16,2536
41086726,5129,509155352,53242398,4003,-5007,17,6486,293353200,2115,293353240,2115,60,-1,196,-237,2640,198,-264,2636
41096732,5129,509155370,53242363,4000,-5010,15,6486,293353200,2115,293353250,2115,58,-2,62,511,2729,61,483,2732
41106966,5128,509155388,53242328,4006,-5008,11,6486,293353200,2115,293353260,2115,58,-3,302,-766,3068,305,-795,3058
41116871,5127,509155406,53242290,4008,-5005,8,6486,293353250,2115,293353270,2115,57,-5,-172,-385,2833,-171,-414,2827
41126811,5127,509155424,53242255,4000,-5008,11,6486,293353250,2115,293353280,2115,57,-5,-342,969,2169,-347,945,2176
41136729,5126,509155442,53242220,4001,-5005,12,6486,293353250,2115,293353290,2115,57,-5,-181,-295,2278,-180,-319,2273
41146719,5125,509155460,53242185,4005,-5002,11,6486,293353250,2115,293353300,2115,57,-4,-38,-534,2704,-35,-561,2697
41157026,5124,509155478,53242150,4003,-5005,9,6486,293353250,2115,293353310,2115,56,-5,148,370,2749,146,344,2750
41166886,5123,509155496,53242112,4005,-5005,6,6486,293353300,2115,293353320,2115,56,-5,241,-116,2875,241,-143,2872
41176784,5122,509155514,53242077,4008,-5005,4,6486,293353300,2115,293353330,2115,56,-6,175,-314,2738,175,-341,2733
41186726,5122,509155532,53242042,4007,-5004,4,6486,293353300,2115,293353340,2115,56,-7,-175,146,2511,-177,120,2510
41196757,5121,509155550,53242007,4006,-5003,6,6487,293353300,2115,293353350,2115,57,-8,-149,-54,2316,-150,-78,2313
41207023,5120,509155568,53241972,4007,-5002,6,6487,293353300,2115,293353360,2115,56,-8,-65,-149,2484,-66,-174,2480
41216885,5120,509155586,53241934,4008,-5001,6,6487,293353350,2115,293353370,2115,56,-9,-42,-114,2496,-44,-139,2493
41226784,5119,509155604,53241899,4008,-5001,5,6487,293353350,2115,293353380,2115,55,-10,84,-61,2641,82,-86,2638
41236730,5119,509155622,53241864,4010,-5001,3,6487,293353350,2115,293353390,2115,55,-11,163,-107,2731,160,-133,2729
41246732,5118,509155640,53241829,4011,-5002,1,6487,293353350,2115,293353400,2115,55,-13,106,-28,2734,102,-54,2731
41258123,5117,509155658,53241794,4012,-5001,0,6487,293353350,2115,293353410,2115,55,-15,-16,-92,2681,-21,-118,2678
41266870,5117,509155676,53241757,4012,-5000,-2,6487,293353400,2115,293353420,2115,56,-16,-85,-132,2673,-90,-159,2670
41276791,5116,509155694,53241721,4012,-4998,-2,6487,293353400,2115,293353430,2115,56,-18,-119,-90,2451,-124,-115,2448
41286725,5116,509155712,53241686,4012,-4998,-1,6487,293353400,2115,293353440,2115,56,-20,-41,-3,2483,-48,-28,2481
41296719,5115,509155730,53241651,4013,-4998,-3,6487,293353400,2115,293353450,2115,56,-21,81,-89,2695,73,-115,2692
41308094,5114,509155748,53241616,4014,-4998,-5,6487,293353400,2115,293353460,2115,57,-23,126,-110,2815,118,-138,2812
41316861,5114,509155766,53241579,4015,-4998,-7,6487,293353450,2115,293353470,2115,58,-25,65,1,2804,55,-28,2802
41326781,5113,509155784,53241544,4016,-4997,-9,6487,293353450,2115,293353480,2115,59,-27,4,-95,2735,-7,-124,2732
41336716,5112,509155802,53241509,4016,-4996,-10,6487,293353450,2115,293353490,2115,60,-28,-109,-156,2616,-119,-185,2612
41346715,5112,509155820,53241474,4017,-4994,-11,6487,293353450,2115,293353500,2115,61,-30,-100,-134,2649,-111,-163,2645
41357085,5112,509155839,53241439,4017,-4994,-13,6487,293353450,2115,293353510,2115,62,-32,-25,20,2710,-38,-10,2708
41366892,5111,509155857,53241401,4017,-4994,-15,6487,293353500,2115,293353520,2115,63,-33,62,-83,2746,49,-113,2743
41376787,5111,509155875,53241366,4019,-4993,-17,6487,293353500,2115,293353530,2115,64,-35,78,-128,2763,64,-158,2760
41386720,5110,509155893,53241331,4020,-4993,-18,6487,293353500,2115,293353540,2115,65,-37,48,-109,2716,33,-140,2713
41396734,5110,509155911,53241296,4020,-4992,-20,6487,293353500,2115,293353550,2115,67,-39,-23,-37,2668,-39,-69,2665
41408167,5109,509155929,53241261,4020,-4991,-21,6487,293353500,2115,293353560,2115,69,-40,-59,-115,2607,-75,-147,2603
41416859,5109,509155947,53241224,4021,-4990,-22,6487,293353550,2115,293353570,2115,70,-41,-48,-82,2641,-65,-115,2638
41427549,5108,509155965,53241189,4021,-4990,-23,6487,293353550,2115,293353580,2115,72,-42,8,-60,2654,-9,-94,2651
41436722,5108,509155983,53241154,4022,-4990,-24,6487,293353550,2115,293353590,2115,74,-42,51,-31,2661,33,-66,2659
41446737,5108,509156001,53241119,4023,-4989,-25,6487,293353550,2115,293353600,2115,75,-42,46,-108,2624,29,-143,2621
41458088,5107,509156019,53241084,4024,-4988,-27,6487,293353550,2115,293353610,2115,78,-42,-2,-80,2690,-20,-117,2687
41466869,5107,509156037,53241046,4024,-4987,-28,6487,293353600,2115,293353620,2115,80,-42,-74,-100,2675,-91,-138,2670
41477705,5106,509156055,53241011,4024,-4986,-29,6487,293353600,2115,293353630,2115,81,-41,-58,-19,2658,-75,-57,2655
41486743,5106,509156073,53240976,4024,-4986,-30,6487,293353600,2115,293353640,2115,83,-40,-23,-73,2604,-38,-111,2601
41496730,5105,509156091,53240941,4025,-4985,-29,6487,293353600,2115,293353650,2115,85,-38,5,-59,2452,-9,-96,2449
41506991,5105,509156110,53240906,4025,-4985,-29,6487,293353600,2115,293353660,2115,86,-37,44,25,2414,30,-12,2412
41516891,5105,509156128,53240869,4026,-4984,-28,6487,293353650,2115,293353670,2115,88,-35,10,-117,2386,-2,-155,2382
41526811,5104,509156146,53240834,4027,-4984,-27,6487,293353650,2115,293353680,2115,90,-33,4,-75,2369,-7,-113,2366
41536730,5104,509156164,53240799,4027,-4983,-26,6487,293353650,2115,293353690,2115,92,-31,-49,-48,2342,-59,-86,2339
41546758,5103,509156182,53240764,4027,-4983,-25,6487,293353650,2115,293353700,2115,94,-29,21,7,2414,11,-33,2412
41556993,5103,509156200,53240729,4028,-4983,-23,6487,293353650,2115,293353710,2115,95,-26,61,-66,2323,52,-105,2320
41566876,5102,509156218,53240692,4029,-4982,-22,6487,293353700,2115,293353720,2115,97,-24,39,-41,2310,32,-80,2307
41576814,5102,509156236,53240657,4029,-4982,-20,6487,293353700,2115,293353730,2115,98,-21,16,-3,2223,10,-41,2221
41586724,5102,509156254,53240622,4029,-4982,-17,6487,293353700,2115,293353740,2115,99,-18,-27,-51,2177,-32,-89,2174
41597170,5101,509156272,53240587,4030,-4981,-15,6487,293353700,2115,293353750,2115,100,-15,-51,-71,2194,-55,-110,2190
41606989,5101,509156290,53240552,4030,-4980,-12,6487,293353700,2115,293353760,2115,101,-12,-19,12,2171,-22,-27,2169
41616882,5100,509156309,53240515,4031,-4980,-10,6487,293353750,2115,293353770,2115,102,-9,58,-48,2251,56,-89,2249
41627168,5100,509156327,53240480,4031,-4981,-8,6487,293353750,2115,293353780,2115,102,-7,76,-6,2232,75,-46,2230
41636727,5100,509156345,53240445,4032,-4981,-5,6487,293353750,2115,293353790,2115,103,-4,34,-11,2120,35,-49,2118
41646734,5099,509156363,53240410,4032,-4981,-2,6487,293353750,2115,293353800,2115,104,-1,21,-7,2064,23,-45,2062
41658265,5099,509156381,53240375,4032,-4980,2,6487,293353750,2115,293353810,2115,104,2,-58,-62,1996,-55,-99,1993
41666858,5098,509156399,53240338,4032,-4980,6,6487,293353800,2115,293353820,2115,104,5,-30,19,2033,-26,-19,2032
41676858,5098,509156417,53240303,4033,-4979,10,6487,293353800,2115,293353830,2115,104,7,-20,-12,2021,-16,-49,2019
41686742,5097,509156435,53240268,4033,-4980,13,6487,293353800,2115,293353840,2115,104,10,53,34,2061,58,-3,2059
41696740,5097,509156454,53240233,4034,-4980,16,6487,293353800,2115,293353850,2115,104,12,82,-71,2093,88,-109,2090
41707573,5096,509156472,53240198,4035,-4980,20,6487,293353800,2115,293353860,2115,104,15,81,-11,2093,88,-49,2091
41716990,5095,509156490,53240161,4035,-4980,23,6487,293353850,2115,293353870,2115,105,16,19,22,2033,27,-15,2031
41726820,5095,509156508,53240126,4035,-4979,28,6487,293353850,2115,293353880,2115,105,18,-76,-38,1934,-67,-74,1932
41736724,5094,509156526,53240091,4035,-4979,32,6487,293353850,2115,293353890,2115,104,20,-28,-31,1977,-19,-67,1974
41747120,5093,509156544,53240056,4036,-4979,36,6487,293353850,2115,293353900,2115,104,21,30,-39,1960,40,-75,1957
41757012,5093,509156562,53240021,4036,-4979,40,6487,293353850,2115,293353910,2115,104,23,51,92,2038,60,55,2037
41766869,5092,509156580,53239984,4037,-4979,43,6487,293353900,2115,293353920,2115,104,24,71,-34,2061,81,-71,2058
41777258,5091,509156599,53239949,4038,-4979,46,6487,293353900,2115,293353930,2115,105,25,36,-97,2149,48,-137,2145
41786734,5091,509156617,53239914,4038,-4979,49,6487,293353900,2115,293353940,2115,105,26,-4,4,2136,7,-36,2134
41796734,5090,509156635,53239879,4038,-4978,51,6487,293353900,2115,293353950,2115,105,27,-59,25,2204,-47,-16,2203
41807001,5089,509156653,53239844,4039,-4978,54,6487,293353900,2115,293353960,2115,106,27,7,-68,2175,20,-109,2172
41816863,5088,509156671,53239807,4039,-4978,56,6487,293353950,2115,293353970,2115,107,28,19,-21,2198,32,-63,2196
41826788,5087,509156689,53239772,4039,-4978,59,6487,293353950,2115,293353980,2115,108,28,5,22,2149,17,-19,2147
41836804,5087,509156707,53239737,4040,-4978,62,6487,293353950,2115,293353990,2115,110,28,25,-48,2130,38,-89,2126
41846739,5086,509156726,53239702,4041,-4977,65,6487,293353950,2115,293354000,2115,111,28,3,-60,2149,16,-103,2146
41857301,5085,509156744,53239667,4042,-4977,67,6487,293353950,2115,293354010,2115,113,27,35,-57,2230,48,-102,2226
41866877,5084,509156762,53239630,4042,-4977,69,6487,293354000,2115,293354020,2115,114,27,-2,-69,2290,11,-115,2286
41876859,5083,509156780,53239595,4043,-4976,70,6487,293354000,2115,293354030,2115,116,26,2,-37,2345,15,-85,2342
41886725,5083,509156798,53239560,4044,-4976,71,6487,293354000,2115,293354040,2115,118,25,24,-112,2388,37,-162,2383
41896926,5082,509156816,53239525,4044,-4976,72,6487,293354000,2115,293354050,2115,120,24,14,30,2400,26,-21,2398
41906987,5081,509156835,53239490,4045,-4975,73,6487,293354000,2115,293354060,2115,122,23,17,-96,2409,29,-147,2405
41917352,5081,509156853,53239453,4047,-4974,73,6487,293354050,2115,293354070,2115,124,22,-19,-165,2434,-7,-218,2428
41927125,5080,509156871,53239418,4047,-4973,73,6487,293354050,2115,293354080,2115,125,21,-32,-88,2505,-20,-143,2501
41936718,5079,509156889,53239383,4048,-4973,73,6487,293354050,2115,293354090,2115,127,19,-51,-24,2531,-40,-81,2528
41946713,5079,509156907,53239348,4048,-4973,72,6487,293354050,2115,293354100,2115,128,18,33,49,2634,43,-10,2632
41957184,5078,509156926,53239313,4050,-4972,71,6487,293354050,2115,293354110,2115,130,16,74,-162,2613,84,-222,2607
41966885,5077,509156944,53239276,4051,-4972,70,6487,293354100,2115,293354120,2115,132,14,53,-38,2594,61,-98,2591
41976796,5077,509156962,53239241,4052,-4971,70,6487,293354100,2115,293354130,2115,135,12,-20,-90,2564,-12,-150,2559
41986734,5076,509156980,53239206,4052,-4971,69,6487,293354100,2115,293354140,2115,136,11,-51,-66,2614,-44,-129,2610
41996725,5076,509156998,53239171,4053,-4970,68,6487,293354100,2115,293354150,2115,137,9,-56,-62,2699,-50,-128,2695
42007022,5075,509157017,53239136,4053,-4969,65,6487,293354100,2115,293354160,2115,139,7,-10,-17,2792,-4,-85,2789
42017426,5075,509157035,53239099,4054,-4969,63,6487,293354150,2115,293354170,2115,140,5,41,-19,2773,46,-87,2769
42027095,5074,509157053,53239064,4055,-4969,60,6487,293354150,2115,293354180,2115,141,4,39,-60,2867,43,-131,2863
42036729,5074,509157071,53239030,4056,-4968,58,6487,293354150,2115,293354190,2115,143,3,36,-87,2854,40,-159,2848
42046817,5073,509157090,53238995,4057,-4967,55,6487,293354150,2115,293354200,2115,145,1,-31,-110,2851,-28,-183,2845
42056980,5073,509157108,53238960,4057,-4966,53,6487,293354150,2115,293354210,2115,147,1,-75,8,2741,-72,-63,2738
42066865,5072,509157126,53238923,4057,-4965,51,6487,293354200,2115,293354220,2115,148,0,-56,-49,2796,-54,-122,2791
42077182,5072,509157144,53238888,4058,-4964,48,6487,293354200,2115,293354230,2115,148,-1,-45,-40,2837,-43,-114,2833
42086732,5072,509157162,53238853,4059,-4964,45,6487,293354200,2115,293354240,2115,149,-1,66,7,2872,68,-68,2869
42096733,5072,509157181,53238818,4060,-4965,42,6487,293354200,2115,293354250,2115,149,-1,93,-22,2886,95,-98,2883
42107039,5071,509157199,53238783,4060,-4964,39,6487,293354200,2115,293354260,2115,150,-2,14,-16,2853,15,-91,2850
42116859,5071,509157217,53238746,4061,-4964,37,6487,293354250,2115,293354270,2115,150,-2,-27,-36,2863,-26,-112,2859
42126795,5071,509157235,53238711,4061,-4962,34,6487,293354250,2115,293354280,2115,151,-2,-75,-59,2833,-74,-135,2828
42136894,5071,509157254,53238677,4061,-4962,32,6487,293354250,2115,293354290,2115,150,-2,-45,78,2806,-45,4,2805
42146720,5070,509157272,53238642,4062,-4962,30,6487,293354250,2115,293354300,2115,150,-1,43,19,2744,44,-53,2742
42157563,5070,509157290,53238607,4062,-4963,28,6487,293354250,2115,293354310,2115,149,-1,60,59,2773,61,-14,2772
42167226,5070,509157308,53238570,4063,-4962,26,6487,293354300,2115,293354320,2115,149,0,35,-71,2761,37,-143,2756
42176809,5069,509157327,53238535,4063,-4962,23,6487,293354300,2115,293354330,2115,149,0,-13,86,2841,-12,12,2840
42186727,5069,509157345,53238500,4063,-4962,21,6487,293354300,2115,293354340,2115,148,1,-22,53,2799,-20,-20,2798
42196725,5069,509157363,53238465,4063,-4961,18,6487,293354300,2115,293354350,2115,148,1,-7,1,2832,-5,-73,2829
42206970,5068,509157381,53238430,4064,-4961,17,6487,293354300,2115,293354360,2115,147,2,-7,57,2670,-4,-13,2668
42216860,5068,509157400,53238393,4063,-4962,16,6488,293354350,2115,293354370,2115,147,3,25,75,2631,28,7,2630
42227729,5068,509157418,53238359,4064,-4961,15,6488,293354350,2115,293354380,2115,146,4,23,31,2624,27,-37,2622
42237317,5067,509157436,53238324,4064,-4962,14,6488,293354350,2115,293354390,2115,146,5,45,25,2663,49,-43,2660
42246719,5067,509157455,53238289,4065,-4961,13,6488,293354350,2115,293354400,2115,145,6,-21,11,2566,-17,-54,2563
42256968,5066,509157473,53238254,4065,-4961,12,6488,293354350,2115,293354410,2115,145,6,-1,5,2682,4,-64,2679
42266861,5066,509157491,53238217,4065,-4961,11,6488,293354400,2115,293354420,2115,145,7,-2,78,2587,3,12,2586
42276780,5065,509157509,53238182,4065,-4961,10,6488,293354400,2115,293354430,2115,144,8,37,94,2570,42,29,2570
42286785,5065,509157528,53238147,4066,-4961,10,6488,293354400,2115,293354440,2115,144,8,23,-120,2539,29,-185,2533
42296734,5064,509157546,53238113,4067,-4961,10,6488,293354400,2115,293354450,2115,144,9,37,-3,2575,43,-68,2572
42307662,5064,509157564,53238078,4067,-4961,10,6488,293354400,2115,293354460,2115,144,9,-23,58,2492,-17,-6,2491
42317049,5063,509157582,53238041,4067,-4960,10,6488,293354450,2115,293354470,2115,144,10,-9,24,2519,-3,-40,2517
42326816,5063,509157601,53238006,4068,-4960,10,6488,293354450,2115,293354480,2115,144,10,11,-8,2515,18,-71,2512
42336707,5062,509157619,53237971,4068,-4960,9,6488,293354450,2115,293354490,2115,143,10,31,28,2510,38,-35,2508
42347242,5062,509157637,53237936,4068,-4960,10,6488,293354450,2115,293354500,2115,143,10,34,44,2457,40,-18,2455
42356982,5061,509157656,53237901,4069,-4960,10,6488,293354450,2115,293354510,2115,143,10,58,-54,2438,65,-115,2434
42366895,5061,509157674,53237864,4070,-4960,11,6488,293354500,2115,293354520,2115,143,10,-17,-7,2384,-11,-66,2381
42376800,5061,509157692,53237829,4070,-4959,12,6488,293354500,2115,293354530,2115,142,10,-24,-26,2385,-18,-86,2382
42386725,5060,509157710,53237795,4070,-4959,13,6488,293354500,2115,293354540,2115,141,9,-20,81,2459,-15,20,2459
42396722,5060,509157729,53237760,4070,-4959,12,6488,293354500,2115,293354550,2115,141,9,19,6,2537,24,-57,2534
42407430,5060,509157747,53237725,4071,-4959,13,6488,293354500,2115,293354560,2115,140,8,29,-38,2469,35,-99,2466
42416865,5059,509157765,53237688,4072,-4959,13,6488,293354550,2115,293354570,2115,140,7,43,-4,2438,48,-63,2435
42426816,5059,509157784,53237653,4072,-4959,13,6488,293354550,2115,293354580,2115,139,6,31,4,2460,36,-56,2458
42437425,5058,509157802,53237618,4072,-4959,14,6488,293354550,2115,293354590,2115,138,5,-24,31,2402,-20,-27,2400
42446753,5058,509157820,53237584,4072,-4958,15,6488,293354550,2115,293354600,2115,138,4,-40,59,2448,-36,-1,2447
42457204,5058,509157839,53237549,4073,-4958,15,6488,293354550,2115,293354610,2115,137,3,8,-71,2477,11,-131,2473
42467959,5057,509157857,53237512,4073,-4958,15,6488,293354600,2115,293354620,2115,136,2,39,49,2454,41,-9,2452
42476972,5057,509157875,53237477,4073,-4958,16,6488,293354600,2115,293354630,2115,136,0,33,45,2435,34,-13,2434
42486743,5056,509157893,53237442,4074,-4958,16,6488,293354600,2115,293354640,2115,135,-2,50,30,2511,51,-30,2509
42496814,5056,509157912,53237407,4074,-4958,16,6488,293354600,2115,293354650,2115,135,-4,1,-41,2504,2,-100,2500
42507025,5055,509157930,53237372,4075,-4957,15,6488,293354600,2115,293354660,2115,135,-6,-41,-8,2531,-41,-68,2528
42516916,5055,509157948,53237335,4074,-4957,15,6488,293354650,2115,293354670,2115,134,-8,-7,63,2529,-9,3,2528
42526815,5055,509157967,53237301,4074,-4957,15,6488,293354650,2115,293354680,2115,133,-10,-7,49,2484,-10,-9,2483
42536729,5054,509157985,53237266,4075,-4957,15,6488,293354650,2115,293354690,2115,133,-12,24,-8,2536,21,-67,2533
42546716,5054,509158003,53237231,4076,-4957,15,6488,293354650,2115,293354700,2115,133,-14,38,-24,2532,34,-83,2529
42558143,5053,509158022,53237196,4076,-4957,14,6488,293354650,2115,293354710,2115,133,-16,23,82,2587,17,21,2586
42566879,5053,509158040,53237159,4076,-4956,14,6488,293354700,2115,293354720,2115,134,-18,-22,-2,2551,-28,-62,2549
42576794,5053,509158058,53237124,4076,-4956,13,6488,293354700,2115,293354730,2115,134,-19,-39,-10,2619,-46,-72,2616
42586715,5052,509158077,53237090,4076,-4955,12,6488,293354700,2115,293354740,2115,135,-21,-29,-43,2580,-36,-104,2577
42596760,5052,509158095,53237055,4076,-4955,11,6488,293354700,2115,293354750,2115,135,-22,10,69,2649,1,6,2648
42607002,5051,509158113,53237020,4077,-4955,11,6488,293354700,2115,293354760,2115,136,-23,10,24,2537,2,-37,2535
42616868,5051,509158131,53236983,4077,-4955,10,6488,293354750,2115,293354770,2115,137,-24,21,1,2581,12,-61,2579
42626796,5051,509158150,53236948,4078,-4954,10,6488,293354750,2115,293354780,2115,138,-25,-28,-62,2526,-37,-123,2522
42637131,5051,509158168,53236913,4078,-4953,10,6488,293354750,2115,293354790,2115,139,-26,-48,18,2597,-57,-46,2594
42646755,5050,509158186,53236879,4078,-4953,8,6488,293354750,2115,293354800,2115,140,-26,-21,57,2636,-31,-8,2634
42658157,5050,509158205,53236844,4078,-4953,8,6488,293354750,2115,293354810,2115,141,-26,4,35,2583,-7,-29,2581
42666864,5050,509158223,53236807,4079,-4952,7,6488,293354800,2115,293354820,2115,142,-26,24,-114,2538,15,-177,2532
42677347,5050,509158241,53236772,4079,-4952,7,6488,293354800,2115,293354830,2115,144,-26,-3,-37,2523,-12,-100,2520
42686739,5050,509158260,53236737,4079,-4951,7,6488,293354800,2115,293354840,2115,145,-26,-40,39,2528,-50,-26,2526
42696714,5050,509158278,53236703,4079,-4951,7,6488,293354800,2115,293354850,2115,146,-25,-13,33,2536,-22,-32,2534
42707630,5050,509158296,53236668,4080,-4950,7,6488,293354800,2115,293354860,2115,148,-24,-26,-24,2537,-34,-89,2533
42717289,5050,509158315,53236631,4080,-4949,6,6488,293354850,2115,293354870,2115,149,-23,0,-44,2550,-8,-110,2546
42726822,5050,509158333,53236596,4080,-4949,6,6488,293354850,2115,293354880,2115,150,-22,-13,55,2539,-21,-12,2537
42736799,5050,509158351,53236561,4081,-4949,6,6488,293354850,2115,293354890,2115,151,-20,31,-1,2513,24,-67,2510
42746718,5050,509158370,53236527,4081,-4948,6,6488,293354850,2115,293354900,2115,151,-18,8,-33,2476,2,-99,2472
42758107,5050,509158388,53236492,4081,-4948,6,6488,293354850,2115,293354910,2115,152,-17,-22,16,2446,-28,-50,2444
42767641,5050,509158406,53236455,4081,-4948,7,6488,293354900,2115,293354920,2115,153,-15,-28,66,2376,-32,2,2375
42776815,5050,509158425,53236420,4081,-4947,8,6488,293354900,2115,293354930,2115,153,-13,-59,-18,2374,-62,-82,2371
42786723,5050,509158443,53236386,4082,-4947,9,6488,293354900,2115,293354940,2115,154,-11,23,33,2407,20,-32,2406
42797275,5050,509158461,53236351,4082,-4947,11,6488,293354900,2115,293354950,2115,154,-9,19,22,2307,17,-40,2305
42807055,5050,509158480,53236316,4082,-4947,12,6488,293354900,2115,293354960,2115,154,-6,23,70,2380,22,5,2380
42817321,5050,509158498,53236279,4083,-4947,13,6488,293354950,2115,293354970,2115,154,-4,26,-4,2378,26,-68,2375
42826803,5050,509158517,53236244,4083,-4947,14,6488,293354950,2115,293354980,2115,154,-2,16,-16,2395,17,-81,2392
42836720,5049,509158535,53236210,4083,-4946,15,6488,293354950,2115,293354990,2115,154,0,-48,36,2291,-47,-26,2289
42846746,5049,509158553,53236175,4083,-4946,17,6488,293354950,2115,293355000,2115,154,2,-44,94,2347,-42,30,2347
42857015,5049,509158572,53236140,4082,-4947,18,6488,293354950,2115,293355010,2115,153,4,13,163,2299,16,101,2300
42866871,5049,509158590,53236103,4083,-4947,20,6488,293355000,2115,293355020,2115,153,5,41,13,2268,46,-47,2266
42877237,5049,509158608,53236069,4083,-4947,22,6488,293355000,2115,293355030,2115,152,7,33,48,2268,37,-13,2267
42886730,5049,509158627,53236034,4083,-4947,24,6488,293355000,2115,293355040,2115,152,9,-4,16,2269,2,-44,2267
42896736,5049,509158645,53235999,4083,-4947,25,6488,293355000,2115,293355050,2115,152,10,-28,81,2315,-23,19,2314
42906975,5048,509158663,53235965,4083,-4947,26,6488,293355000,2115,293355060,2115,151,11,-4,89,2334,2,27,2334
42916862,5048,509158682,53235927,4083,-4947,28,6488,293355050,2115,293355070,2115,151,12,-11,100,2342,-5,38,2342
42926802,5048,509158700,53235893,4084,-4947,29,6488,293355050,2115,293355080,2115,150,13,64,-98,2341,72,-159,2336
42936722,5047,509158718,53235858,4084,-4947,30,6488,293355050,2115,293355090,2115,149,14,-5,100,2306,2,39,2307
42946713,5047,509158737,53235823,4083,-4947,33,6488,293355050,2115,293355100,2115,149,15,-14,84,2200,-7,26,2200
42957620,5046,509158755,53235789,4084,-4947,35,6488,293355050,2115,293355110,2115,148,16,-16,35,2259,-8,-24,2258
42966891,5046,509158773,53235752,4084,-4947,36,6488,293355100,2115,293355120,2115,147,17,-21,31,2284,-13,-28,2283
42976801,5045,509158792,53235717,4084,-4947,37,6488,293355100,2115,293355130,2115,146,18,9,72,2402,18,11,2401
42986773,5045,509158810,53235682,4084,-4947,38,6488,293355100,2115,293355140,2115,145,18,-4,35,2362,6,-25,2360
42996727,5044,509158828,53235647,4084,-4947,39,6488,293355100,2115,293355150,2115,144,19,17,105,2371,26,45,2371
43006994,5044,509158847,53235613,4084,-4947,41,6488,293355100,2115,293355160,2115,144,19,10,-5,2302,20,-64,2300
43016869,5043,509158865,53235576,4085,-4946,42,6488,293355150,2115,293355170,2115,143,20,-26,-98,2387,-16,-158,2382
43026833,5043,509158884,53235541,4085,-4946,43,6488,293355150,2115,293355180,2115,143,20,-57,79,2301,-48,21,2301
43037542,5042,509158902,53235506,4085,-4946,45,6488,293355150,2115,293355190,2115,142,21,-52,31,2317,-42,-28,2316
43046740,5041,509158920,53235472,4085,-4946,46,6488,293355150,2115,293355200,2115,142,22,13,45,2307,24,-12,2306
43056973,5041,509158939,53235437,4086,-4945,47,6488,293355150,2115,293355210,2115,141,22,38,-33,2353,50,-91,2349
43066875,5040,509158957,53235400,4086,-4946,49,6488,293355200,2115,293355220,2115,141,22,62,-2,2363,73,-61,2360
43076793,5039,509158975,53235365,4087,-4945,49,6488,293355200,2115,293355230,2115,140,23,3,-43,2409,15,-102,2405
43087836,5038,509158994,53235330,4087,-4945,51,6488,293355200,2115,293355240,2115,140,23,-48,17,2320,-36,-41,2318
43096715,5038,509159012,53235296,4087,-4944,52,6488,293355200,2115,293355250,2115,140,23,-71,33,2338,-60,-25,2337
43106996,5037,509159030,53235261,4088,-4944,53,6488,293355200,2115,293355260,2115,139,23,-33,-73,2362,-21,-131,2358
43117683,5036,509159049,53235224,4088,-4943,55,6488,293355250,2115,293355270,2115,139,23,16,-37,2309,27,-93,2306
43127518,5035,509159067,53235189,4088,-4943,56,6488,293355250,2115,293355280,2115,138,24,11,76,2387,23,18,2386
43136722,5035,509159086,53235155,4090,-4943,56,6488,293355250,2115,293355290,2115,138,24,57,-120,2469,70,-179,2463
43146717,5034,509159104,53235120,4090,-4942,57,6488,293355250,2115,293355300,2115,138,24,-23,-65,2425,-11,-124,2421
43157531,5033,509159122,53235085,4090,-4942,58,6488,293355250,2115,293355310,2115,138,24,-83,8,2390,-71,-51,2388
43166866,5032,509159141,53235048,4091,-4941,58,6488,293355300,2115,293355320,2115,138,24,-44,-15,2501,-31,-76,2498
43176804,5031,509159159,53235014,4091,-4940,58,6488,293355300,2115,293355330,2115,137,24,-22,-38,2412,-9,-96,2408
43186719,5030,509159177,53234979,4092,-4940,58,6488,293355300,2115,293355340,2115,137,24,33,-69,2494,46,-128,2489
43197711,5030,509159196,53234944,4093,-4940,59,6488,293355300,2115,293355350,2115,136,24,26,-79,2449,39,-138,2444
43207090,5029,509159214,53234910,4093,-4940,59,6488,293355300,2115,293355360,2115,136,24,-17,41,2452,-5,-18,2451
43216891,5028,509159233,53234873,4094,-4939,60,6488,293355350,2115,293355370,2115,136,24,-44,-59,2422,-31,-117,2418
43226813,5027,509159251,53234838,4095,-4938,60,6488,293355350,2115,293355380,2115,135,24,-34,-80,2501,-21,-140,2497
43236739,5026,509159270,53234804,4095,-4938,60,6488,293355350,2115,293355390,2115,135,24,-30,-6,2512,-17,-66,2509
43246750,5025,509159288,53234769,4096,-4937,59,6489,293355350,2115,293355400,2115,135,24,9,-54,2539,22,-114,2535
43257909,5024,509159306,53234734,4097,-4937,59,6489,293355350,2115,293355410,2115,134,24,42,-55,2524,54,-114,2520
43266888,5023,509159325,53234697,4097,-4937,59,6489,293355400,2115,293355420,2115,134,24,0,-49,2524,13,-108,2521
43276801,5022,509159343,53234663,4098,-4936,59,6489,293355400,2115,293355430,2115,134,23,-15,-61,2549,-2,-121,2545
43286745,5021,509159362,53234628,4099,-4935,59,6489,293355400,2115,293355440,2115,134,23,-59,-97,2514,-46,-156,2509
43296736,5020,509159380,53234593,4099,-4934,59,6489,293355400,2115,293355450,2115,135,23,-49,-36,2530,-37,-96,2526
43306977,5019,509159398,53234559,4100,-4934,58,6489,293355400,2115,293355460,2115,135,23,-10,-13,2561,2,-74,2558
43316882,5018,509159417,53234522,4101,-4933,57,6489,293355450,2115,293355470,2115,135,23,20,-156,2639,33,-218,2633
43326742,5017,509159435,53234487,4102,-4933,56,6489,293355450,2115,293355480,2115,135,23,15,-47,2612,28,-109,2608
43336726,5016,509159454,53234453,4103,-4932,55,6489,293355450,2115,293355490,2115,135,22,20,-54,2626,32,-116,2622
43346724,5015,509159472,53234418,4104,-4931,54,6489,293355450,2115,293355500,2115,135,22,-8,-137,2638,4,-200,2632
43356975,5014,509159491,53234383,4105,-4930,54,6489,293355450,2115,293355510,2115,135,21,-72,-112,2564,-60,-174,2559
43366900,5013,509159509,53234346,4105,-4929,54,6489,293355500,2115,293355520,2115,136,21,-59,-55,2523,-47,-116,2519
43376814,5012,509159527,53234312,4106,-4928,53,6489,293355500,2115,293355530,2115,136,21,-40,-64,2590,-28,-126,2586
43386728,5011,509159546,53234277,4107,-4928,52,6489,293355500,2115,293355540,2115,136,21,25,-109,2575,36,-170,2570
43396875,5010,509159564,53234243,4109,-4927,51,6489,293355500,2115,293355550,2115,136,21,82,-161,2709,95,-225,2702
43406962,5010,509159583,53234208,4109,-4927,49,6489,293355500,2115,293355560,2115,136,20,-5,-9,2695,7,-73,2692
43416889,5009,509159601,53234171,4110,-4926,48,6489,293355550,2115,293355570,2115,136,20,-27,-33,2704,-15,-97,2701
43426790,5008,509159620,53234137,4111,-4925,46,6489,293355550,2115,293355580,2115,136,20,-86,-143,2672,-74,-208,2667
43437205,5007,509159638,53234102,4111,-4924,45,6489,293355550,2115,293355590,2115,136,20,-35,-33,2668,-23,-96,2665
43446722,5006,509159657,53234068,4112,-4924,44,6489,293355550,2115,293355600,2115,136,20,6,-34,2598,17,-96,2594
43457003,5005,509159675,53234033,4113,-4923,44,6489,293355550,2115,293355610,2115,136,20,45,-136,2590,56,-198,2584
43466867,5005,509159694,53233996,4114,-4923,43,6489,293355600,2115,293355620,2115,136,20,33,-88,2547,44,-148,2543
43477713,5004,509159712,53233962,4115,-4922,43,6489,293355600,2115,293355630,2115,136,20,-8,-90,2561,3,-151,2556
43486732,5003,509159731,53233927,4116,-4921,43,6489,293355600,2115,293355640,2115,136,20,-67,-45,2562,-56,-106,2559
43497198,5002,509159749,53233893,4116,-4920,42,6489,293355600,2115,293355650,2115,136,20,-59,-49,2600,-48,-112,2596
43507028,5002,509159768,53233858,4117,-4920,40,6489,293355600,2115,293355660,2115,135,21,18,-74,2676,30,-137,2671
43516870,5001,509159786,53233821,4118,-4919,39,6489,293355650,2115,293355670,2115,134,21,31,-63,2625,43,-124,2621
43526790,5001,509159805,53233787,4119,-4919,39,6489,293355650,2115,293355680,2115,134,21,36,-27,2627,48,-89,2624
43536720,5000,509159823,53233752,4120,-4918,38,6489,293355650,2115,293355690,2115,134,22,-7,-90,2532,5,-150,2528
43546740,4999,509159842,53233718,4120,-4918,38,6489,293355650,2115,293355700,2115,134,23,-69,-17,2499,-57,-77,2497
43556986,4999,509159860,53233683,4120,-4917,39,6489,293355650,2115,293355710,2115,134,24,-58,-59,2465,-46,-118,2461
43566890,4998,509159879,53233646,4121,-4916,39,6489,293355700,2115,293355720,2115,134,24,-12,-24,2481,0,-82,2478
43576798,4997,509159897,53233612,4122,-4916,39,6489,293355700,2115,293355730,2115,133,25,44,-103,2544,57,-162,2539
43586725,4997,509159916,53233577,4123,-4916,38,6489,293355700,2115,293355740,2115,133,25,49,2,2530,62,-57,2528
43597115,4996,509159934,53233543,4123,-4916,38,6489,293355700,2115,293355750,2115,133,25,18,-47,2514,31,-105,2511
43607171,4995,509159953,53233508,4124,-4915,38,6489,293355700,2115,293355760,2115,132,25,-7,-25,2540,7,-84,2537
43616866,4995,509159971,53233472,4124,-4914,38,6489,293355750,2115,293355770,2115,132,25,-56,-44,2504,-43,-103,2500
43626816,4994,509159990,53233437,4125,-4914,38,6489,293355750,2115,293355780,2115,132,24,-27,23,2492,-14,-35,2490
43637392,4993,509160008,53233403,4125,-4914,39,6489,293355750,2115,293355790,2115,132,24,22,-71,2439,34,-128,2434
43646730,4992,509160027,53233368,4126,-4914,39,6489,293355750,2115,293355800,2115,131,23,39,-39,2441,51,-95,2437
43658098,4992,509160046,53233334,4127,-4913,38,6489,293355750,2115,293355810,2115,131,21,38,-32,2581,50,-92,2578
43667796,4991,509160064,53233297,4128,-4913,38,6489,293355800,2115,293355820,2115,131,20,29,-55,2569,40,-114,2565
43676896,4990,509160083,53233263,4128,-4913,37,6489,293355800,2115,293355830,2115,131,18,-28,-19,2616,-18,-79,2614
43686762,4989,509160101,53233228,4129,-4912,36,6489,293355800,2115,293355840,2115,131,16,-60,-89,2608,-51,-149,2604
43697193,4989,509160120,53233194,4129,-4911,35,6489,293355800,2115,293355850,2115,131,13,-7,-28,2691,1,-89,2687
43707010,4988,509160138,53233159,4130,-4911,34,6489,293355800,2115,293355860,2115,130,11,-17,-18,2631,-10,-78,2628
43716902,4987,509160157,53233122,4131,-4910,32,6489,293355850,2115,293355870,2115,129,8,22,-40,2699,28,-101,2695
43726816,4986,509160175,53233088,4132,-4910,31,6489,293355850,2115,293355880,2115,129,5,1,-115,2721,6,-177,2716
43737312,4986,509160194,53233053,4132,-4909,29,6489,293355850,2115,293355890,2115,128,2,-3,0,2725,0,-61,2722
43746751,4985,509160213,53233019,4132,-4909,27,6489,293355850,2115,293355900,2115,127,-1,-48,24,2691,-46,-36,2689
43756969,4984,509160231,53232985,4133,-4908,25,6489,293355850,2115,293355910,2115,127,-4,-15,-99,2768,-14,-160,2763
43767327,4983,509160250,53232948,4134,-4907,24,6489,293355900,2115,293355920,2115,126,-7,-20,-134,2729,-20,-195,2723
43776803,4982,509160268,53232913,4135,-4906,21,6489,293355900,2115,293355930,2115,125,-10,24,-51,2801,22,-113,2797
43786723,4982,509160287,53232879,4134,-4906,22,6489,293355900,2115,293355940,2115,123,-12,-36,73,2456,-40,20,2455
43796797,4982,509160305,53232845,4135,-4905,21,6489,293355900,2115,293355950,2115,120,-13,-123,-104,2585,-127,-160,2580
43807015,4981,509160324,53232810,4134,-4904,18,6489,293355900,2115,293355960,2115,117,-14,-103,78,2877,-108,18,2876
43816898,4981,509160343,53232773,4135,-4903,14,6489,293355950,2115,293355970,2115,115,-15,-6,-42,2984,-12,-103,2980
43827471,4980,509160361,53232739,4135,-4903,11,6489,293355950,2115,293355980,2115,114,-16,49,-15,2969,43,-74,2967
43836720,4979,509160380,53232705,4136,-4903,8,6489,293355950,2115,293355990,2115,113,-17,54,-43,2906,48,-100,2903
43846738,4979,509160398,53232670,4137,-4903,6,6489,293355950,2115,293356000,2115,112,-18,33,-49,2735,27,-103,2731
43856997,4978,509160417,53232636,4137,-4902,5,6489,293355950,2115,293356010,2115,111,-18,-104,-31,2577,-110,-82,2574
43866878,4978,509160436,53232599,4136,-4901,6,6489,293356000,2115,293356020,2115,109,-18,-146,35,2422,-152,-12,2420
43876821,4977,509160454,53232565,4136,-4900,8,6489,293356000,2115,293356030,2115,107,-18,-41,-6,2159,-46,-47,2157
43887155,4977,509160473,53232530,4136,-4899,10,6489,293356000,2115,293356040,2115,104,-18,-117,-77,2372,-122,-121,2368
43897421,4976,509160491,53232496,4135,-4901,9,6489,293356000,2115,293356050,2115,103,-17,92,326,2570,85,280,2574
43907527,4975,509160510,53232462,4137,-4901,6,6489,293356000,2115,293356060,2115,102,-16,220,-147,2833,215,-197,2829
43917391,4975,509160529,53232425,4139,-4901,4,6489,293356050,2115,293356070,2115,102,-15,133,-96,2834,128,-146,2830
43926800,4974,509160547,53232391,4138,-4900,3,6489,293356050,2115,293356080,2115,103,-14,-132,-39,2578,-136,-86,2575
43936728,4973,509160566,53232356,4138,-4898,4,6489,293356050,2115,293356090,2115,103,-13,-249,-87,2363,-252,-131,2359
43947253,4973,509160584,53232322,4138,-4896,5,6489,293356050,2115,293356100,2115,103,-10,-189,-53,2390,-191,-98,2387
43958128,4972,509160603,53232287,4138,-4896,7,6489,293356050,2115,293356110,2115,103,-7,-24,28,2320,-25,-14,2319
43967307,4972,509160621,53232251,4138,-4896,7,6489,293356100,2115,293356120,2115,103,-4,111,-5,2411,111,-49,2409
43976941,4971,509160640,53232216,4140,-4896,9,6489,293356100,2115,293356130,2115,104,-1,100,-95,2295,102,-137,2291
43986724,4970,509160659,53232182,4141,-4896,10,6489,293356100,2115,293356140,2115,106,1,31,-84,2356,34,-128,2353
43996731,4970,509160677,53232148,4140,-4895,13,6489,293356100,2115,293356150,2115,107,4,-67,-7,2175,-63,-48,2173
44007643,4969,509160696,53232113,4141,-4894,14,6489,293356100,2115,293356160,2115,109,7,-64,-142,2296,-59,-186,2291
44016867,4969,509160714,53232077,4142,-4893,17,6489,293356150,2115,293356170,2115,110,10,-34,-119,2220,-28,-162,2216
44026840,4968,509160733,53232042,4143,-4892,18,6489,293356150,2115,293356180,2115,110,13,12,-81,2272,19,-125,2268
44036748,4968,509160752,53232008,4144,-4892,21,6489,293356150,2115,293356190,2115,111,16,21,-29,2184,29,-71,2182
44046737,4967,509160770,53231974,4144,-4892,24,6489,293356150,2115,293356200,2115,112,18,19,-9,2169,28,-52,2167
44056981,4967,509160789,53231939,4145,-4891,26,6489,293356150,2115,293356210,2115,113,21,-25,-87,2162,-15,-130,2159
44066893,4966,509160808,53231903,4145,-4890,29,6489,293356200,2115,293356220,2115,114,23,-68,-57,2187,-57,-101,2184
44076823,4966,509160826,53231868,4146,-4889,32,6489,293356200,2115,293356230,2115,115,24,-45,-126,2142,-34,-170,2138
44086732,4965,509160845,53231834,4147,-4889,34,6489,293356200,2115,293356240,2115,115,26,17,-71,2172,29,-115,2168
44097482,4965,509160864,53231800,4148,-4889,37,6489,293356200,2115,293356250,2115,115,27,57,-14,2210,69,-58,2207
44107924,4964,509160882,53231766,4148,-4889,39,6489,293356200,2115,293356260,2115,115,28,54,-23,2224,67,-68,2221
44116892,4964,509160901,53231729,4149,-4889,41,6489,293356250,2115,293356270,2115,116,28,-3,-76,2269,10,-122,2265
44127524,4963,509160919,53231695,4149,-4888,43,6489,293356250,2115,293356280,2115,116,29,-63,9,2182,-50,-36,2180
44136716,4963,509160938,53231660,4149,-4888,45,6489,293356250,2115,293356290,2115,116,29,-74,-18,2200,-60,-63,2198
44146741,4962,509160957,53231626,4150,-4887,48,6489,293356250,2115,293356300,2115,117,30,-34,-51,2225,-20,-97,2222
44157426,4961,509160975,53231592,4150,-4887,49,6489,293356250,2115,293356310,2115,117,30,26,-50,2341,40,-98,2338
44167631,4960,509160994,53231555,4151,-4886,51,6489,293356300,2115,293356320,2115,117,30,8,-36,2273,22,-83,2270
44176793,4960,509161013,53231521,4151,-4886,52,6489,293356300,2115,293356330,2115,117,30,18,17,2366,32,-32,2364
44186744,4959,509161031,53231487,4152,-4886,53,6489,293356300,2115,293356340,2115,117,30,-31,-24,2322,-16,-72,2319
44196737,4958,509161050,53231452,4152,-4885,55,6489,293356300,2115,293356350,2115,117,30,-90,-64,2327,-75,-113,2324
44208468,4958,509161069,53231418,4152,-4884,56,6489,293356300,2115,293356360,2115,117,30,-71,-52,2279,-56,-99,2276
44217470,4957,509161087,53231381,4153,-4884,57,6489,293356350,2115,293356370,2115,117,30,-20,-44,2371,-5,-93,2368
44226792,4956,509161106,53231347,4153,-4884,59,6489,293356350,2115,293356380,2115,117,30,23,-28,2350,38,-77,2347
44236742,4956,509161125,53231313,4154,-4883,59,6489,293356350,2115,293356390,2115,117,30,32,-59,2408,47,-109,2405
44247020,4955,509161143,53231279,4155,-4883,60,6489,293356350,2115,293356400,2115,118,29,0,-17,2383,14,-66,2380
44256972,4954,509161162,53231244,4155,-4883,61,6489,293356350,2115,293356410,2115,118,29,-34,-25,2359,-21,-74,2356
44266911,4953,509161181,53231208,4155,-4882,63,6490,293356400,2115,293356420,2115,117,28,-75,-64,2336,-61,-112,2333
44277304,4953,509161199,53231174,4156,-4881,63,6490,293356400,2115,293356430,2115,117,28,-41,-6,2427,-27,-56,2425
44286733,4952,509161218,53231139,4156,-4881,64,6490,293356400,2115,293356440,2115,116,27,-16,4,2495,-3,-47,2493
44296711,4951,509161237,53231105,4157,-4881,64,6490,293356400,2115,293356450,2115,116,26,30,-82,2498,44,-133,2494
44307425,4951,509161255,53231071,4157,-4880,63,6490,293356400,2115,293356460,2115,115,25,24,-22,2526,37,-73,2523
44316877,4950,509161274,53231034,4158,-4879,63,6490,293356450,2115,293356470,2115,114,24,-19,-95,2534,-6,-146,2530
44326804,4949,509161293,53231000,4158,-4879,62,6490,293356450,2115,293356480,2115,114,23,-51,12,2594,-39,-41,2592
44336713,4948,509161312,53230966,4159,-4878,62,6490,293356450,2115,293356490,2115,113,22,-69,-62,2571,-57,-114,2568
44346728,4948,509161330,53230932,4159,-4878,61,6490,293356450,2115,293356500,2115,112,20,-12,-52,2637,-1,-104,2634
44358116,4947,509161349,53230897,4160,-4877,60,6490,293356450,2115,293356510,2115,110,19,-21,11,2577,-10,-39,2575
44367394,4946,509161368,53230861,4160,-4877,59,6490,293356500,2115,293356520,2115,109,17,27,-26,2626,37,-76,2623
44376820,4946,509161386,53230827,4161,-4877,59,6490,293356500,2115,293356530,2115,108,16,-3,-68,2613,7,-118,2610
44386735,4945,509161405,53230792,4161,-4876,57,6490,293356500,2115,293356540,2115,106,14,-29,-45,2687,-20,-96,2684
44397092,4944,509161424,53230758,4162,-4875,56,6490,293356500,2115,293356550,2115,105,13,-53,-54,2671,-44,-104,2667
44407381,4943,509161442,53230724,4162,-4875,54,6490,293356500,2115,293356560,2115,104,12,-69,-34,2699,-62,-84,2696
44416887,4942,509161461,53230688,4162,-4874,53,6490,293356550,2115,293356570,2115,103,11,-43,-59,2713,-36,-109,2709
44427776,4942,509161480,53230653,4163,-4873,51,6490,293356550,2115,293356580,2115,102,10,-11,-116,2767,-4,-166,2762
44436781,4941,509161499,53230619,4164,-4872,48,6490,293356550,2115,293356590,2115,101,10,-14,1,2808,-8,-49,2806
44446728,4940,509161517,53230585,4164,-4872,46,6490,293356550,2115,293356600,2115,101,9,-5,-70,2829,2,-121,2825
44457942,4939,509161536,53230551,4164,-4871,44,6490,293356550,2115,293356610,2115,100,9,-63,5,2740,-57,-43,2737
44466932,4938,509161555,53230514,4165,-4870,42,6490,293356600,2115,293356620,2115,100,9,-74,-86,2725,-68,-135,2721
44476822,4938,509161573,53230480,4165,-4869,40,6490,293356600,2115,293356630,2115,100,9,-41,-80,2701,-35,-128,2698
44486993,4937,509161592,53230446,4166,-4869,39,6490,293356600,2115,293356640,2115,100,9,4,-67,2690,11,-114,2687
44496715,4936,509161611,53230412,4167,-4868,38,6490,293356600,2115,293356650,2115,100,9,34,-83,2601,40,-129,2597
44507519,4935,509161630,53230378,4168,-4868,38,6490,293356600,2115,293356660,2115,100,9,-30,-112,2571,-23,-157,2567
44516907,4935,509161648,53230341,4168,-4867,36,6490,293356650,2115,293356670,2115,99,9,-29,-12,2687,-23,-59,2685
44526811,4934,509161667,53230307,4169,-4866,34,6490,293356650,2115,293356680,2115,99,9,-16,-150,2738,-9,-198,2733
44536731,4933,509161686,53230273,4170,-4865,32,6490,293356650,2115,293356690,2115,99,9,-13,-130,2769,-6,-178,2764
44547328,4933,509161704,53230239,4170,-4865,31,6490,293356650,2115,293356700,2115,99,9,-41,19,2656,-35,-28,2654
44557025,4932,509161723,53230205,4171,-4864,29,6490,293356650,2115,293356710,2115,99,10,6,-53,2777,13,-101,2774
44566874,4931,509161742,53230168,4172,-4864,27,6490,293356700,2115,293356720,2115,99,10,-26,-110,2751,-19,-158,2747
44576909,4931,509161761,53230134,4173,-4863,25,6490,293356700,2115,293356730,2115,99,10,5,-104,2779,12,-152,2775
44586749,4930,509161779,53230100,4173,-4862,25,6490,293356700,2115,293356740,2115,100,10,-22,-28,2523,-16,-72,2520
44597670,4929,509161798,53230066,4173,-4862,24,6490,293356700,2115,293356750,2115,100,10,-41,-63,2557,-35,-109,2553
44607003,4928,509161817,53230032,4174,-4861,24,6490,293356700,2115,293356760,2115,100,10,-42,-26,2543,-36,-71,2540
44616887,4928,509161836,53229995,4174,-4861,23,6490,293356750,2115,293356770,2115,101,10,5,-54,2614,11,-101,2611
44626816,4927,509161855,53229961,4175,-4860,22,6490,293356750,2115,293356780,2115,102,10,9,-59,2644,16,-107,2640
44636759,4926,509161873,53229927,4176,-4859,21,6490,293356750,2115,293356790,2115,103,10,-1,-102,2616,6,-149,2612
44646721,4925,509161892,53229893,4176,-4859,20,6490,293356750,2115,293356800,2115,104,11,-30,-43,2660,-23,-92,2657
44657028,4925,509161911,53229859,4177,-4858,18,6490,293356750,2115,293356810,2115,105,11,-60,-74,2702,-53,-124,2699
44666898,4924,509161930,53229823,4177,-4857,17,6490,293356800,2115,293356820,2115,105,12,-71,-41,2656,-63,-91,2653
44676786,4923,509161948,53229789,4178,-4856,17,6490,293356800,2115,293356830,2115,106,12,-5,-63,2587,3,-112,2584
44686717,4922,509161967,53229754,4179,-4855,17,6490,293356800,2115,293356840,2115,107,13,-17,-152,2459,-9,-198,2454
44697401,4922,509161986,53229720,4180,-4854,18,6490,293356800,2115,293356850,2115,107,14,-5,-101,2343,3,-145,2339
44707024,4921,509162005,53229686,4180,-4854,19,6490,293356800,2115,293356860,2115,107,15,-12,-14,2421,-4,-60,2419
44716924,4920,509162023,53229650,4181,-4854,19,6490,293356850,2115,293356870,2115,107,15,-11,-50,2428,-3,-96,2425
44726795,4919,509162042,53229616,4182,-4853,20,6490,293356850,2115,293356880,2115,107,16,-7,-164,2472,3,-211,2466
44736739,4919,509162061,53229582,4182,-4852,21,6490,293356850,2115,293356890,2115,107,17,-11,-68,2366,-1,-113,2363
44746756,4918,509162080,53229548,4183,-4852,22,6490,293356850,2115,293356900,2115,107,18,-14,-3,2378,-5,-48,2376
44757029,4917,509162099,53229514,4184,-4851,23,6490,293356850,2115,293356910,2115,107,19,-20,-106,2382,-9,-150,2378
44766869,4916,509162117,53229477,4184,-4851,23,6490,293356900,2115,293356920,2115,106,21,-11,-41,2471,0,-87,2468
44776798,4915,509162136,53229443,4184,-4850,24,6490,293356900,2115,293356930,2115,105,22,-60,-7,2394,-49,-51,2392
44786752,4914,509162155,53229409,4185,-4849,25,6490,293356900,2115,293356940,2115,105,24,-16,-118,2337,-4,-161,2333
44797525,4914,509162174,53229375,4186,-4849,27,6490,293356900,2115,293356950,2115,104,25,-41,-46,2280,-29,-88,2277
44807545,4913,509162193,53229341,4186,-4848,28,6490,293356900,2115,293356960,2115,103,26,-38,-82,2328,-25,-125,2324
44816887,4912,509162211,53229305,4187,-4848,30,6490,293356950,2115,293356970,2115,102,28,25,15,2256,38,-25,2254
44826797,4911,509162230,53229271,4187,-4847,33,6490,293356950,2115,293356980,2115,101,29,-1,-39,2168,12,-77,2165
44836743,4910,509162249,53229237,4188,-4847,35,6490,293356950,2115,293356990,2115,99,31,-21,-64,2196,-7,-103,2193
44846735,4909,509162268,53229203,4188,-4846,38,6490,293356950,2115,293357000,2115,98,32,-23,-89,2212,-8,-128,2209
44856987,4908,509162287,53229169,4189,-4846,39,6490,293356950,2115,293357010,2115,98,33,-28,-36,2291,-12,-75,2289
44866893,4907,509162306,53229133,4189,-4846,41,6490,293357000,2115,293357020,2115,97,34,10,-34,2279,26,-73,2276
44876810,4906,509162324,53229099,4190,-4845,43,6490,293357000,2115,293357030,2115,97,34,31,-55,2293,47,-94,2290
44886730,4905,509162343,53229065,4191,-4845,45,6490,293357000,2115,293357040,2115,96,35,24,-67,2238,40,-105,2234
44896726,4903,509162362,53229031,4191,-4844,47,6490,293357000,2115,293357050,2115,96,35,-39,-98,2224,-24,-136,2221
44907628,4902,509162381,53228997,4192,-4843,50,6490,293357000,2115,293357060,2115,96,35,-43,-88,2171,-27,-125,2168
44916924,4901,509162400,53228960,4192,-4843,52,6490,293357050,2115,293357070,2115,96,35,-45,-87,2144,-30,-124,2141
44926725,4900,509162419,53228926,4193,-4843,55,6490,293357050,2115,293357080,2115,96,35,-10,-19,2214,5,-57,2212
44936729,4899,509162437,53228892,4194,-4842,57,6490,293357050,2115,293357090,2115,96,35,27,-86,2234,43,-124,2230
44946733,4898,509162456,53228859,4195,-4842,58,6490,293357050,2115,293357100,2115,96,35,38,-138,2321,55,-177,2316
44957223,4896,509162475,53228825,4196,-4841,59,6490,293357050,2115,293357110,2115,96,34,13,-104,2339,30,-144,2335
44966898,4895,509162494,53228788,4197,-4840,61,6490,293357100,2115,293357120,2115,96,34,-32,-153,2340,-16,-193,2336
44976725,4895,509162513,53228754,4198,-4839,62,6490,293357100,2115,293357130,2115,95,34,-53,-158,2323,-37,-197,2318
44986741,4894,509162532,53228720,4198,-4838,64,6490,293357100,2115,293357140,2115,94,34,-90,-47,2296,-74,-86,2294
44996828,4893,509162551,53228686,4199,-4837,66,6490,293357100,2115,293357150,2115,93,34,-42,-129,2297,-26,-167,2293
45006975,4892,509162569,53228653,4200,-4836,67,6490,293357100,2115,293357160,2115,92,34,-2,-51,2276,14,-88,2273
45016888,4891,509162588,53228616,4201,-4836,69,6490,293357150,2115,293357170,2115,92,34,36,-110,2291,52,-147,2287
45026809,4890,509162607,53228582,4202,-4835,70,6490,293357150,2115,293357180,2115,91,33,50,-148,2374,66,-186,2369
45036746,4889,509162626,53228548,4203,-4835,72,6490,293357150,2115,293357190,2115,90,33,-33,-67,2292,-17,-103,2289
45046744,4888,509162645,53228514,4204,-4834,73,6490,293357150,2115,293357200,2115,89,33,-50,-122,2311,-34,-159,2307
45058120,4887,509162664,53228481,4204,-4833,75,6490,293357150,2115,293357210,2115,87,33,-62,-82,2271,-46,-117,2269
45066892,4886,509162683,53228444,4205,-4832,76,6490,293357200,2115,293357220,2115,85,33,-14,-97,2366,2,-132,2363
45076813,4885,509162702,53228410,4206,-4832,77,6490,293357200,2115,293357230,2115,83,34,24,-110,2393,41,-145,2389
45086741,4884,509162721,53228377,4206,-4831,78,6490,293357200,2115,293357240,2115,81,34,-11,-28,2406,6,-63,2404
45096731,4883,509162739,53228343,4207,-4831,78,6490,293357200,2115,293357250,2115,80,34,21,-120,2430,38,-154,2426
45107017,4882,509162758,53228309,4208,-4830,78,6490,293357200,2115,293357260,2115,78,35,-60,-158,2491,-42,-193,2487
45116885,4881,509162777,53228273,4208,-4829,79,6490,293357250,2115,293357270,2115,77,35,-69,7,2393,-52,-26,2392
45126801,4880,509162796,53228239,4209,-4828,80,6490,293357250,2115,293357280,2115,76,35,-26,-147,2383,-9,-179,2379
45137018,4879,509162815,53228205,4210,-4827,81,6490,293357250,2115,293357290,2115,74,36,-25,-142,2345,-7,-173,2341
45146750,4878,509162834,53228171,4211,-4827,83,6490,293357250,2115,293357300,2115,72,36,6,-48,2364,23,-78,2362
45157044,4877,509162853,53228137,4212,-4826,83,6490,293357250,2115,293357310,2115,71,37,15,-73,2477,33,-104,2474
45166874,4876,509162872,53228101,4212,-4826,83,6490,293357300,2115,293357320,2115,69,37,16,-92,2486,34,-122,2483
45176817,4875,509162891,53228067,4213,-4826,83,6490,293357300,2115,293357330,2115,68,37,-11,-104,2473,7,-134,2470
45186715,4874,509162910,53228033,4214,-4825,83,6490,293357300,2115,293357340,2115,67,38,-52,-118,2492,-33,-147,2489
45196725,4873,509162929,53227999,4214,-4824,83,6490,293357300,2115,293357350,2115,65,38,-61,-32,2467,-42,-61,2465
45206975,4872,509162948,53227966,4215,-4823,83,6490,293357300,2115,293357360,2115,64,39,-20,-126,2540,0,-155,2537
45216887,4871,509162967,53227929,4216,-4822,83,6490,293357350,2115,293357370,2115,62,40,3,-141,2527,23,-169,2524
45226836,4871,509162985,53227896,4217,-4822,83,6490,293357350,2115,293357380,2115,61,40,-19,-82,2543,1,-109,2541
45236735,4870,509163004,53227862,4217,-4821,82,6490,293357350,2115,293357390,2115,60,41,-24,-47,2571,-3,-74,2569
45246743,4869,509163023,53227828,4218,-4821,82,6490,293357350,2115,293357400,2115,59,42,-46,-102,2535,-25,-129,2533
45256999,4867,509163042,53227794,4218,-4820,82,6490,293357350,2115,293357410,2115,59,43,-30,-113,2555,-8,-140,2552
45266889,4866,509163061,53227758,4219,-4819,82,6490,293357400,2115,293357420,2115,58,43,-25,-94,2478,-4,-120,2476
45276747,4865,509163080,53227724,4220,-4819,82,6490,293357400,2115,293357430,2115,58,44,-3,-81,2493,19,-106,2490
45286721,4864,509163099,53227690,4221,-4818,82,6491,293357400,2115,293357440,2115,58,45,-10,-173,2517,13,-198,2513
45297141,4863,509163118,53227657,4222,-4817,81,6491,293357400,2115,293357450,2115,57,46,3,-130,2599,26,-156,2595
45306995,4862,509163137,53227623,4223,-4817,81,6491,293357400,2115,293357460,2115,57,47,-24,-77,2559,-1,-103,2556
45316944,4861,509163156,53227587,4223,-4816,80,6491,293357450,2115,293357470,2115,57,47,-41,-84,2612,-17,-111,2610
45326737,4860,509163175,53227553,4224,-4815,79,6491,293357450,2115,293357480,2115,57,48,-37,-164,2579,-13,-190,2576
45336745,4859,509163194,53227519,4225,-4814,78,6491,293357450,2115,293357490,2115,57,49,-25,-187,2590,0,-214,2586
45346754,4858,509163213,53227485,4226,-4813,78,6491,293357450,2115,293357500,2115,58,49,-4,-142,2585,21,-169,2582
45356981,4858,509163232,53227452,4228,-4813,77,6491,293357450,2115,293357510,2115,58,50,25,-122,2615,50,-149,2612
45366878,4857,509163251,53227415,4229,-4812,76,6491,293357500,2115,293357520,2115,59,50,-10,-136,2625,15,-163,2621
45376826,4856,509163270,53227382,4230,-4811,75,6491,293357500,2115,293357530,2115,59,51,-38,-127,2578,-13,-155,2575
45386745,4855,509163289,53227348,4231,-4810,75,6491,293357500,2115,293357540,2115,60,51,-35,-168,2557,-10,-195,2554
45396756,4854,509163308,53227314,4232,-4809,75,6491,293357500,2115,293357550,2115,60,51,-31,-147,2531,-6,-174,2527
45407069,4854,509163327,53227281,4232,-4809,74,6491,293357500,2115,293357560,2115,60,52,-4,-72,2607,22,-100,2604
45416900,4853,509163346,53227245,4234,-4808,73,6491,293357550,2115,293357570,2115,61,52,28,-150,2630,55,-178,2626
45426811,4852,509163365,53227211,4235,-4807,72,6491,293357550,2115,293357580,2115,61,52,-16,-108,2670,10,-137,2667
45436731,4852,509163384,53227177,4235,-4806,71,6491,293357550,2115,293357590,2115,61,52,-41,-136,2629,-15,-165,2626
45446738,4851,509163403,53227143,4236,-4806,70,6491,293357550,2115,293357600,2115,62,52,-34,-87,2578,-8,-115,2575
45457029,4850,509163422,53227110,4237,-4805,69,6491,293357550,2115,293357610,2115,62,52,-61,-133,2580,-35,-161,2577
45466885,4850,509163441,53227074,4238,-4804,69,6491,293357600,2115,293357620,2115,61,52,0,-96,2615,26,-124,2612
45477687,4849,509163460,53227040,4239,-4804,68,6491,293357600,2115,293357630,2115,61,52,13,-89,2576,38,-117,2573
45486814,4849,509163479,53227006,4239,-4804,67,6491,293357600,2115,293357640,2115,61,51,10,-94,2630,35,-123,2627
45497518,4848,509163498,53226972,4240,-4803,66,6491,293357600,2115,293357650,2115,61,50,4,-69,2624,29,-98,2621
45506971,4847,509163517,53226939,4241,-4803,65,6491,293357600,2115,293357660,2115,62,49,-47,-93,2647,-22,-122,2644
45517208,4846,509163537,53226903,4242,-4802,64,6491,293357650,2115,293357670,2115,62,48,-18,-125,2639,6,-154,2635
45526810,4846,509163556,53226869,4243,-4801,63,6491,293357650,2115,293357680,2115,62,47,7,-94,2625,31,-122,2622
45536723,4845,509163575,53226835,4243,-4801,62,6491,293357650,2115,293357690,2115,62,45,18,-27,2606,41,-55,2603
45546762,4844,509163594,53226802,4244,-4801,62,6491,293357650,2115,293357700,2115,62,43,23,-134,2536,45,-162,2532
45557032,4844,509163613,53226768,4245,-4800,61,6491,293357650,2115,293357710,2115,62,42,-34,-23,2564,-13,-51,2562
45566916,4843,509163632,53226732,4245,-4799,61,6491,293357700,2115,293357720,2115,62,40,-48,-125,2554,-27,-154,2551
45577603,4842,509163651,53226698,4246,-4799,60,6491,293357700,2115,293357730,2115,63,39,-48,-97,2666,-27,-127,2663
45586739,4841,509163670,53226665,4247,-4798,58,6491,293357700,2115,293357740,2115,64,38,9,-125,2670,30,-155,2666
45597511,4840,509163689,53226631,4248,-4798,56,6491,293357700,2115,293357750,2115,65,37,29,-103,2795,49,-135,2791
45607872,4840,509163708,53226597,4248,-4797,55,6491,293357700,2115,293357760,2115,66,35,-41,-72,2679,-22,-104,2676
45616886,4839,509163727,53226561,4249,-4796,54,6491,293357750,2115,293357770,2115,67,35,-37,-40,2667,-19,-72,2664
45626839,4838,509163746,53226528,4249,-4795,53,6491,293357750,2115,293357780,2115,68,34,-83,-123,2537,-65,-154,2534
45637221,4838,509163765,53226494,4250,-4794,53,6491,293357750,2115,293357790,2115,68,34,-79,-89,2509,-61,-119,2506
45646732,4837,509163785,53226461,4250,-4793,54,6491,293357750,2115,293357800,2115,69,34,-71,-108,2462,-54,-138,2459
45657053,4836,509163804,53226427,4251,-4793,53,6491,293357750,2115,293357810,2115,70,34,40,-82,2572,58,-114,2569
45667547,4836,509163823,53226391,4252,-4793,53,6491,293357800,2115,293357820,2115,70,34,69,-104,2514,87,-135,2511
45676873,4835,509163842,53226357,4254,-4792,52,6491,293357800,2115,293357830,2115,71,34,34,-140,2604,52,-172,2600
45686742,4834,509163861,53226324,4254,-4791,52,6491,293357800,2115,293357840,2115,71,34,-38,-71,2516,-21,-103,2513
45697188,4834,509163880,53226290,4254,-4791,52,6491,293357800,2115,293357850,2115,72,34,-56,-42,2497,-39,-74,2495
45706980,4833,509163899,53226257,4255,-4790,53,6491,293357800,2115,293357860,2115,72,34,-57,-87,2386,-40,-117,2383
45716910,4832,509163918,53226221,4256,-4789,54,6491,293357850,2115,293357870,2115,72,34,1,-109,2393,17,-139,2389
45726872,4832,509163937,53226187,4256,-4789,55,6491,293357850,2115,293357880,2115,71,34,21,-45,2391,37,-75,2389
45736748,4831,509163957,53226154,4257,-4789,55,6491,293357850,2115,293357890,2115,71,34,33,-68,2537,50,-100,2534
45746749,4830,509163976,53226120,4258,-4789,54,6491,293357850,2115,293357900,2115,70,34,23,-42,2519,40,-73,2516
45757260,4829,509163995,53226086,4259,-4788,55,6491,293357850,2115,293357910,2115,70,34,-12,-86,2462,6,-117,2459
45766884,4829,509164014,53226050,4259,-4787,55,6491,293357900,2115,293357920,2115,69,34,-71,-76,2406,-54,-106,2403
45776798,4828,509164033,53226017,4259,-4787,57,6491,293357900,2115,293357930,2115,69,35,-48,-58,2354,-32,-87,2351
45787140,4827,509164052,53225983,4259,-4787,57,6491,293357900,2115,293357940,2115,68,35,-13,2,2408,4,-27,2406
45796736,4826,509164071,53225950,4260,-4786,58,6491,293357900,2115,293357950,2115,67,36,5,-74,2402,22,-102,2399
45807018,4826,509164091,53225916,4261,-4786,58,6491,293357900,2115,293357960,2115,66,37,47,-137,2523,66,-166,2519
45817072,4825,509164110,53225880,4262,-4786,59,6491,293357950,2115,293357970,2115,65,37,-11,-18,2371,6,-45,2369
45826810,4824,509164129,53225847,4262,-4785,60,6491,293357950,2115,293357980,2115,64,38,-45,-14,2417,-27,-42,2416
45836748,4823,509164148,53225813,4262,-4784,61,6491,293357950,2115,293357990,2115,63,39,-49,-98,2339,-31,-124,2336
45846837,4822,509164167,53225780,4263,-4784,62,6491,293357950,2115,293358000,2115,62,40,-48,-55,2353,-29,-81,2351
45857053,4821,509164186,53225746,4263,-4784,64,6491,293357950,2115,293358010,2115,60,41,16,-62,2259,35,-86,2256
45866898,4820,509164205,53225710,4264,-4783,65,6491,293358000,2115,293358020,2115,59,43,9,-33,2401,29,-58,2399
45876855,4820,509164225,53225677,4265,-4783,66,6491,293358000,2115,293358030,2115,57,43,-10,-89,2379,10,-113,2377
45886759,4819,509164244,53225643,4265,-4783,66,6491,293358000,2115,293358040,2115,56,44,10,-49,2427,31,-73,2424
45896751,4818,509164263,53225610,4266,-4782,68,6491,293358000,2115,293358050,2115,55,45,-19,-84,2333,2,-107,2331
45907325,4817,509164282,53225576,4266,-4782,70,6491,293358000,2115,293358060,2115,54,46,-6,-61,2272,14,-84,2270
45916907,4815,509164301,53225540,4267,-4781,72,6491,293358050,2115,293358070,2115,54,46,-38,-68,2201,-18,-89,2199
45926806,4814,509164320,53225507,4267,-4781,74,6491,293358050,2115,293358080,2115,53,47,-8,-69,2271,13,-91,2269
45937253,4813,509164340,53225473,4268,-4781,75,6491,293358050,2115,293358090,2115,52,48,-4,-86,2371,18,-108,2368
45946768,4812,509164359,53225440,4269,-4780,76,6491,293358050,2115,293358100,2115,51,48,25,-136,2356,47,-158,2353
45958125,4811,509164378,53225406,4270,-4780,77,6491,293358050,2115,293358110,2115,51,48,-12,-40,2395,10,-61,2393
45967068,4810,509164397,53225370,4270,-4779,78,6491,293358100,2115,293358120,2115,50,48,-29,-115,2427,-6,-137,2424
45976753,4809,509164416,53225337,4271,-4779,78,6491,293358100,2115,293358130,2115,50,48,-39,-38,2462,-16,-61,2459
45986779,4808,509164435,53225303,4272,-4778,78,6491,293358100,2115,293358140,2115,51,48,-4,-186,2440,19,-208,2437
45996989,4807,509164455,53225270,4273,-4777,79,6491,293358100,2115,293358150,2115,51,47,-7,-134,2412,16,-156,2409
46006992,4806,509164474,53225236,4273,-4776,81,6491,293358100,2115,293358160,2115,51,47,-30,-68,2311,-9,-89,2309
46016897,4805,509164493,53225200,4274,-4775,82,6491,293358150,2115,293358170,2115,51,46,-47,-163,2385,-25,-185,2382
46027147,4804,509164512,53225167,4275,-4775,82,6491,293358150,2115,293358180,2115,51,46,-40,-84,2391,-19,-106,2389
46036745,4803,509164531,53225133,4276,-4774,83,6491,293358150,2115,293358190,2115,51,45,4,-185,2475,26,-207,2471
46046745,4802,509164551,53225100,4277,-4773,82,6491,293358150,2115,293358200,2115,51,44,32,-98,2546,54,-121,2543
46058125,4801,509164570,53225066,4278,-4773,82,6491,293358150,2115,293358210,2115,52,44,2,-89,2543,24,-112,2541
46066998,4800,509164589,53225031,4279,-4772,81,6491,293358200,2115,293358220,2115,52,43,-17,-153,2573,5,-177,2569
46077836,4799,509164608,53224997,4280,-4771,81,6491,293358200,2115,293358230,2115,52,42,-66,-166,2580,-44,-191,2577
46087228,4798,509164628,53224964,4280,-4770,80,6491,293358200,2115,293358240,2115,52,41,-72,-90,2572,-51,-114,2570
46096734,4797,509164647,53224930,4281,-4769,81,6491,293358200,2115,293358250,2115,52,41,-62,-94,2442,-43,-118,2440
46107044,4796,509164666,53224897,4282,-4768,81,6491,293358200,2115,293358260,2115,52,41,-11,-150,2528,9,-174,2524
46116949,4795,509164685,53224861,4283,-4768,80,6491,293358250,2115,293358270,2115,52,40,20,-106,2608,41,-131,2604
46127154,4794,509164705,53224828,4284,-4767,79,6491,293358250,2115,293358280,2115,52,39,21,-133,2641,42,-158,2637
46136741,4793,509164724,53224794,4285,-4767,78,6491,293358250,2115,293358290,2115,53,39,10,-91,2628,30,-116,2625
46147631,4792,509164743,53224761,4286,-4765,77,6491,293358250,2115,293358300,2115,53,38,-64,-160,2652,-43,-185,2649
46157090,4791,509164762,53224727,4286,-4764,76,6491,293358250,2115,293358310,2115,53,38,-86,-115,2616,-67,-140,2614
46166903,4790,509164782,53224692,4286,-4764,75,6491,293358300,2115,293358320,2115,53,38,-50,-88,2605,-31,-112,2603
46176870,4790,509164801,53224658,4287,-4763,74,6491,293358300,2115,293358330,2115,53,38,-40,-115,2597,-20,-140,2594
46186738,4789,509164820,53224625,4288,-4762,73,6491,293358300,2115,293358340,2115,53,38,26,-119,2598,46,-143,2595
46197859,4788,509164839,53224591,4289,-4761,73,6491,293358300,2115,293358350,2115,53,38,5,-153,2589,25,-177,2585
46207283,4787,509164859,53224558,4290,-4761,71,6491,293358300,2115,293358360,2115,53,38,-23,-99,2678,-3,-124,2675
46216908,4786,509164878,53224522,4291,-4760,71,6491,293358350,2115,293358370,2115,54,38,-64,-117,2584,-45,-142,2582
46226848,4785,509164897,53224489,4292,-4758,70,6491,293358350,2115,293358380,2115,54,38,-49,-183,2616,-28,-208,2613
46237294,4784,509164917,53224456,4293,-4758,69,6491,293358350,2115,293358390,2115,54,38,-20,-127,2583,0,-152,2580
46246739,4783,509164936,53224422,4294,-4757,68,6491,293358350,2115,293358400,2115,54,38,-5,-106,2630,15,-132,2627
46257791,4782,509164955,53224389,4295,-4756,67,6491,293358350,2115,293358410,2115,55,38,6,-169,2666,26,-195,2662
46267336,4781,509164974,53224353,4296,-4755,66,6491,293358400,2115,293358420,2115,55,38,-22,-134,2660,-2,-160,2657
46276825,4780,509164994,53224320,4296,-4755,65,6491,293358400,2115,293358430,2115,55,38,-32,-74,2605,-13,-100,2602
46286730,4779,509165013,53224286,4297,-4754,65,6491,293358400,2115,293358440,2115,56,39,-81,-135,2535,-61,-160,2533
46297435,4778,509165032,53224253,4298,-4753,65,6491,293358400,2115,293358450,2115,56,39,-29,-141,2522,-9,-166,2519
46307480,4777,509165052,53224220,4299,-4752,65,6491,293358400,2115,293358460,2115,57,39,-3,-178,2512,17,-203,2508
46316896,4777,509165071,53224184,4299,-4751,64,6492,293358450,2115,293358470,2115,57,40,-14,-74,2593,7,-100,2590
46327581,4776,509165090,53224151,4300,-4751,63,6492,293358450,2115,293358480,2115,57,40,9,-107,2628,30,-134,2625
46336771,4775,509165110,53224117,4301,-4750,62,6492,293358450,2115,293358490,2115,57,41,-48,-117,2587,-27,-143,2584
46346770,4774,509165129,53224084,4302,-4749,61,6492,293358450,2115,293358500,2115,56,42,-45,-136,2590,-24,-162,2587
46357605,4773,509165148,53224051,4302,-4748,61,6492,293358450,2115,293358510,2115,56,43,-82,-138,2534,-61,-164,2531
46366901,4773,509165168,53224015,4303,-4747,61,6492,293358500,2115,293358520,2115,55,44,-27,-92,2475,-5,-117,2472
46376802,4772,509165187,53223982,4303,-4746,61,6492,293358500,2115,293358530,2115,54,45,-20,-42,2540,2,-67,2538
46386746,4771,509165206,53223949,4305,-4745,61,6492,293358500,2115,293358540,2115,54,46,-1,-179,2506,22,-203,2502
46396760,4770,509165226,53223915,4306,-4745,61,6492,293358500,2115,293358550,2115,53,47,17,-72,2554,40,-96,2551
46407440,4769,509165245,53223882,4306,-4744,61,6492,293358500,2115,293358560,2115,51,47,-37,-124,2441,-14,-146,2439
46416866,4768,509165264,53223847,4306,-4744,62,6492,293358550,2115,293358570,2115,50,48,-48,8,2384,-26,-13,2382
46426818,4767,509165284,53223813,4307,-4743,63,6492,293358550,2115,293358580,2115,49,49,-61,-124,2368,-39,-145,2366
46436728,4766,509165303,53223780,4308,-4743,64,6492,293358550,2115,293358590,2115,48,50,11,-127,2419,34,-147,2416
46446735,4766,509165322,53223747,4309,-4742,65,6492,293358550,2115,293358600,2115,46,50,27,-58,2401,51,-77,2398
46458188,4765,509165342,53223714,4309,-4742,65,6492,293358550,2115,293358610,2115,45,51,3,-45,2442,27,-65,2440
46466913,4764,509165361,53223678,4310,-4742,65,6492,293358600,2115,293358620,2115,44,51,-28,-34,2478,-4,-54,2476
46476834,4763,509165380,53223645,4311,-4741,65,6492,293358600,2115,293358630,2115,43,51,-15,-178,2516,10,-197,2513
46486725,4762,509165400,53223611,4311,-4741,65,6492,293358600,2115,293358640,2115,42,51,-50,-81,2520,-25,-101,2518
46496829,4760,509165419,53223578,4312,-4740,66,6492,293358600,2115,293358650,2115,41,51,-4,-57,2452,20,-75,2449
46508134,4759,509165439,53223545,4312,-4740,66,6492,293358600,2115,293358660,2115,40,51,-6,-77,2407,18,-94,2405
46516920,4758,509165458,53223509,4313,-4739,67,6492,293358650,2115,293358670,2115,39,51,-17,-122,2385,6,-138,2382
46526742,4757,509165477,53223476,4313,-4739,68,6492,293358650,2115,293358680,2115,38,50,-42,-57,2454,-18,-74,2452
46536750,4756,509165497,53223443,4315,-4738,68,6492,293358650,2115,293358690,2115,37,49,-4,-162,2474,20,-179,2471
46546776,4755,509165516,53223410,4315,-4738,68,6492,293358650,2115,293358700,2115,37,49,1,-82,2465,24,-98,2463
46557014,4754,509165536,53223376,4316,-4737,69,6492,293358650,2115,293358710,2115,37,48,-7,-113,2401,16,-129,2398
46566929,4753,509165555,53223341,4317,-4736,69,6492,293358700,2115,293358720,2115,37,47,-18,-107,2447,5,-123,2445
46576737,4751,509165574,53223308,4318,-4735,70,6492,293358700,2115,293358730,2115,37,47,-49,-138,2472,-26,-155,2469
46586745,4750,509165594,53223274,4318,-4735,69,6492,293358700,2115,293358740,2115,38,46,-16,-102,2545,7,-119,2542
46596736,4749,509165613,53223241,4319,-4734,69,6492,293358700,2115,293358750,2115,39,45,-39,-149,2514,-16,-167,2511
46607028,4748,509165633,53223208,4320,-4733,69,6492,293358700,2115,293358760,2115,40,45,-32,-111,2501,-10,-129,2499
46616897,4746,509165652,53223173,4321,-4732,69,6492,293358750,2115,293358770,2115,41,44,-50,-152,2456,-28,-171,2454
46626754,4745,509165671,53223139,4322,-4731,70,6492,293358750,2115,293358780,2115,42,44,-11,-163,2492,10,-182,2489
46636776,4744,509165691,53223106,4323,-4730,70,6492,293358750,2115,293358790,2115,44,44,-24,-157,2450,-2,-176,2447
46646733,4743,509165710,53223073,4324,-4729,70,6492,293358750,2115,293358800,2115,45,44,-12,-168,2453,10,-188,2450
46656976,4742,509165730,53223040,4324,-4729,71,6492,293358750,2115,293358810,2115,47,44,-61,-83,2411,-40,-103,2409
46666925,4740,509165749,53223004,4325,-4727,71,6492,293358800,2115,293358820,2115,49,44,-38,-224,2491,-16,-245,2487
46676741,4739,509165768,53222971,4327,-4726,71,6492,293358800,2115,293358830,2115,51,44,-14,-206,2520,8,-229,2516
46686751,4738,509165788,53222938,4328,-4725,72,6492,293358800,2115,293358840,2115,54,43,-19,-174,2451,2,-198,2448
46696739,4737,509165807,53222905,4329,-4724,72,6492,293358800,2115,293358850,2115,56,43,0,-184,2458,21,-208,2454
46707399,4736,509165827,53222872,4330,-4723,73,6492,293358800,2115,293358860,2115,58,44,-50,-169,2402,-29,-194,2399
46717215,4735,509165846,53222836,4331,-4721,73,6492,293358850,2115,293358870,2115,61,44,-56,-166,2402,-34,-192,2399
46726750,4734,509165866,53222803,4332,-4720,74,6492,293358850,2115,293358880,2115,63,44,-39,-186,2405,-17,-213,2401
46736745,4733,509165885,53222770,4333,-4719,75,6492,293358850,2115,293358890,2115,65,45,-15,-165,2390,7,-192,2386
46746774,4732,509165905,53222737,4335,-4718,76,6492,293358850,2115,293358900,2115,67,46,-20,-182,2384,2,-211,2380
46756978,4731,509165924,53222704,4335,-4717,77,6492,293358850,2115,293358910,2115,69,47,-39,-144,2427,-16,-174,2424
46766881,4730,509165944,53222669,4337,-4716,77,6492,293358900,2115,293358920,2115,71,48,-33,-129,2500,-9,-160,2496
46777495,4730,509165963,53222636,4338,-4715,77,6492,293358900,2115,293358930,2115,73,49,-22,-171,2502,2,-203,2498
46786755,4729,509165983,53222603,4339,-4714,78,6492,293358900,2115,293358940,2115,74,50,-10,-135,2400,14,-167,2396
46796753,4728,509166002,53222569,4340,-4713,78,6492,293358900,2115,293358950,2115,76,51,-27,-176,2427,-3,-208,2423
46806981,4727,509166022,53222536,4341,-4712,80,6492,293358900,2115,293358960,2115,77,53,-46,-109,2267,-23,-140,2264
46816877,4726,509166041,53222501,4341,-4711,82,6492,293358950,2115,293358970,2115,78,54,-59,-81,2292,-35,-113,2290
46826834,4725,509166061,53222468,4342,-4711,84,6492,293358950,2115,293358980,2115,80,56,-11,-136,2246,13,-167,2242
46836763,4724,509166080,53222435,4343,-4710,85,6492,293358950,2115,293358990,2115,81,58,10,-138,2310,36,-172,2306
46846751,4723,509166100,53222402,4344,-4709,87,6492,293358950,2115,293359000,2115,83,60,1,-95,2331,27,-129,2327
46856991,4722,509166119,53222369,4345,-4709,87,6492,293358950,2115,293359010,2115,85,61,-2,-118,2473,27,-155,2469
46866885,4720,509166139,53222334,4346,-4708,88,6492,293359000,2115,293359020,2115,86,63,-25,-127,2376,3,-163,2372
46876755,4719,509166158,53222301,4347,-4707,89,6492,293359000,2115,293359030,2115,88,65,-33,-132,2386,-4,-169,2382
46886748,4718,509166178,53222268,4348,-4706,91,6492,293359000,2115,293359040,2115,90,66,-46,-131,2243,-18,-167,2239
46896745,4717,509166197,53222235,4349,-4705,93,6492,293359000,2115,293359050,2115,91,68,-39,-133,2252,-10,-169,2248
46907043,4716,509166217,53222202,4350,-4704,95,6492,293359000,2115,293359060,2115,93,69,-18,-123,2184,11,-159,2180
46916885,4715,509166236,53222166,4351,-4704,97,6492,293359050,2115,293359070,2115,94,70,11,-127,2267,41,-165,2262
46926735,4714,509166256,53222133,4352,-4703,99,6492,293359050,2115,293359080,2115,94,71,29,-130,2287,60,-168,2282
46936727,4713,509166276,53222100,4354,-4703,100,6492,293359050,2115,293359090,2115,95,72,31,-134,2350,63,-174,2345
46946731,4712,509166295,53222067,4354,-4702,102,6492,293359050,2115,293359100,2115,95,72,-50,-101,2340,-19,-141,2337
46957285,4710,509166315,53222034,4356,-4701,102,6492,293359050,2115,293359110,2115,96,72,-1,-193,2408,32,-233,2402
46966887,4709,509166334,53221999,4357,-4700,103,6492,293359100,2115,293359120,2115,96,72,-11,-133,2397,21,-173,2393
46976737,4708,509166354,53221966,4357,-4700,104,6492,293359100,2115,293359130,2115,96,72,-8,-41,2346,23,-81,2343
46986757,4707,509166373,53221933,4358,-4699,106,6492,293359100,2115,293359140,2115,96,72,-58,-114,2348,-26,-154,2344
46996758,4706,509166393,53221900,4359,-4698,106,6492,293359100,2115,293359150,2115,96,72,-32,-122,2421,1,-164,2417
47007419,4704,509166413,53221867,4360,-4697,107,6492,293359100,2115,293359160,2115,96,72,-30,-130,2439,3,-172,2435
47016894,4703,509166432,53221832,4361,-4697,107,6492,293359150,2115,293359170,2115,95,71,30,-81,2464,63,-122,2460
47026756,4702,509166452,53221799,4362,-4696,107,6492,293359150,2115,293359180,2115,94,70,9,-95,2484,42,-136,2480
47036776,4701,509166471,53221766,4363,-4695,107,6492,293359150,2115,293359190,2115,93,69,-32,-112,2493,0,-153,2489
47046750,4699,509166491,53221733,4364,-4695,107,6492,293359150,2115,293359200,2115,92,68,-29,-77,2535,3,-118,2531
47056991,4698,509166511,53221700,4365,-4694,106,6492,293359150,2115,293359210,2115,90,66,-51,-133,2602,-18,-175,2598
47066901,4696,509166530,53221665,4366,-4693,106,6492,293359200,2115,293359220,2115,89,64,-13,-147,2564,18,-187,2560
47076765,4695,509166550,53221632,4366,-4693,105,6492,293359200,2115,293359230,2115,88,62,-19,17,2551,10,-23,2549
47086743,4693,509166570,53221599,4368,-4692,105,6492,293359200,2115,293359240,2115,88,60,15,-202,2580,44,-241,2575
47096740,4692,509166589,53221567,4369,-4691,103,6492,293359200,2115,293359250,2115,88,58,22,-132,2697,52,-174,2692
47107011,4690,509166609,53221534,4370,-4690,102,6492,293359200,2115,293359260,2115,88,55,-41,-93,2627,-13,-134,2623
47116916,4689,509166628,53221498,4370,-4689,100,6492,293359250,2115,293359270,2115,88,53,-55,-110,2757,-27,-153,2753
47126792,4687,509166648,53221466,4371,-4688,98,6492,293359250,2115,293359280,2115,89,50,-84,-139,2791,-57,-183,2788
47137124,4686,509166668,53221433,4372,-4688,95,6492,293359250,2115,293359290,2115,89,48,-7,-89,2867,19,-134,2863
47146752,4684,509166687,53221400,4374,-4686,92,6492,293359250,2115,293359300,2115,90,46,24,-242,2915,51,-288,2909
47156999,4683,509166707,53221367,4375,-4685,89,6492,293359250,2115,293359310,2115,91,43,-17,-173,2873,8,-219,2868
47167330,4682,509166727,53221332,4376,-4684,87,6492,293359300,2115,293359320,2115,92,41,-75,-232,2822,-52,-278,2816
47176733,4680,509166746,53221299,4377,-4682,84,6492,293359300,2115,293359330,2115,93,39,-86,-153,2784,-65,-199,2779
47186759,4679,509166766,53221266,4378,-4681,82,6492,293359300,2115,293359340,2115,94,37,-53,-116,2800,-32,-163,2796
47196778,4678,509166786,53221233,4379,-4680,79,6492,293359300,2115,293359350,2115,96,35,15,-214,2871,35,-262,2865
47206991,4677,509166805,53221200,4381,-4679,76,6492,293359300,2115,293359360,2115,97,33,32,-192,2855,51,-241,2849
47216881,4676,509166825,53221165,4383,-4678,74,6492,293359350,2115,293359370,2115,98,31,3,-188,2886,22,-237,2880
47226754,4675,509166845,53221133,4383,-4676,71,6492,293359350,2115,293359380,2115,99,30,-92,-127,2811,-74,-176,2807
47236767,4674,509166865,53221100,4384,-4675,69,6492,293359350,2115,293359390,2115,99,29,-91,-123,2796,-74,-172,2791
47246762,4673,509166884,53221067,4385,-4673,66,6492,293359350,2115,293359400,2115,100,28,-78,-167,2883,-61,-218,2878
47258113,4672,509166904,53221034,4386,-4672,62,6492,293359350,2115,293359410,2115,100,27,-38,-130,3005,-21,-183,3000
47266908,4671,509166924,53220999,4387,-4671,58,6492,293359400,2115,293359420,2115,100,26,-3,-121,2973,13,-174,2968
47276793,4670,509166943,53220966,4388,-4670,54,6492,293359400,2115,293359430,2115,101,25,21,-98,3065,37,-152,3060
47286738,4669,509166963,53220934,4389,-4670,51,6492,293359400,2115,293359440,2115,101,23,56,-115,2935,70,-167,2930
47296735,4668,509166983,53220901,4390,-4669,48,6492,293359400,2115,293359450,2115,102,22,-30,-93,2774,-17,-143,2770
47308125,4667,509167003,53220868,4391,-4668,48,6492,293359400,2115,293359460,2115,104,21,-74,-82,2532,-62,-128,2528
47316909,4666,509167022,53220833,4391,-4667,49,6492,293359450,2115,293359470,2115,105,21,-91,-80,2421,-79,-126,2417
47326742,4665,509167042,53220800,4391,-4666,48,6492,293359450,2115,293359480,2115,106,21,-41,-127,2572,-28,-176,2568
47336767,4664,509167062,53220768,4392,-4665,46,6493,293359450,2115,293359490,2115,107,22,-13,-130,2747,0,-182,2743
47346767,4663,509167082,53220735,4393,-4665,43,6493,293359450,2115,293359500,2115,108,23,62,-49,2972,76,-105,2969
47357019,4663,509167101,53220702,4395,-4664,39,6493,293359450,2115,293359510,2115,109,23,49,-217,3021,64,-275,3014
47366902,4662,509167121,53220667,4395,-4662,35,6493,293359500,2115,293359520,2115,110,24,-140,-98,2950,-125,-156,2946
47376738,4661,509167141,53220635,4396,-4661,32,6493,293359500,2115,293359530,2115,111,26,-96,-131,2844,-81,-187,2840
47386748,4660,509167161,53220602,4396,-4659,32,6493,293359500,2115,293359540,2115,113,27,-103,-106,2585,-88,-158,2581
47396758,4659,509167180,53220569,4397,-4659,33,6493,293359500,2115,293359550,2115,115,29,-14,-100,2301,0,-146,2297
47406986,4658,509167200,53220537,4399,-4658,35,6493,293359500,2115,293359560,2115,116,30,13,-201,2246,28,-246,2240
47416895,4657,509167220,53220502,4400,-4657,37,6493,293359550,2115,293359570,2115,117,32,5,-59,2267,20,-106,2263
47426754,4656,509167240,53220469,4401,-4656,39,6493,293359550,2115,293359580,2115,117,33,16,-122,2330,32,-170,2325
47436780,4655,509167259,53220436,4402,-4656,40,6493,293359550,2115,293359590,2115,117,34,34,-57,2371,50,-106,2367
47446753,4654,509167279,53220404,4403,-4655,41,6493,293359550,2115,293359600,2115,117,35,65,-174,2402,82,-223,2396
47458107,4654,509167299,53220371,4404,-4654,40,6493,293359550,2115,293359610,2115,117,36,-45,-113,2603,-26,-167,2599
47466917,4653,509167319,53220336,4404,-4654,39,6493,293359600,2115,293359620,2115,116,36,-52,15,2563,-34,-37,2562
47477698,4652,509167339,53220304,4405,-4653,39,6493,293359600,2115,293359630,2115,115,37,-12,-130,2588,7,-183,2583
47486777,4651,509167358,53220271,4406,-4652,39,6493,293359600,2115,293359640,2115,114,38,-44,-191,2420,-25,-239,2414
47496819,4650,509167378,53220238,4407,-4651,42,6493,293359600,2115,293359650,2115,111,39,-70,-30,2210,-53,-74,2208
47508130,4650,509167398,53220206,4406,-4650,45,6493,293359600,2115,293359660,2115,108,41,-120,9,2066,-104,-31,2065
47516920,4649,509167418,53220171,4407,-4649,47,6493,293359650,2115,293359670,2115,105,42,-42,-47,2299,-23,-90,2297
47526806,4648,509167438,53220138,4408,-4649,48,6493,293359650,2115,293359680,2115,102,43,62,-95,2358,82,-137,2353
47537141,4647,509167457,53220106,4409,-4650,48,6493,293359650,2115,293359690,2115,99,44,117,-34,2503,139,-78,2499
47546754,4646,509167477,53220073,4409,-4650,49,6493,293359650,2115,293359700,2115,96,45,7,57,2412,27,16,2410
47558144,4645,509167497,53220040,4409,-4650,49,6493,293359650,2115,293359710,2115,93,45,-18,-2,2418,3,-41,2416
47566908,4643,509167517,53220005,4410,-4648,51,6493,293359700,2115,293359720,2115,91,46,-107,-112,2322,-86,-150,2319
47576739,4642,509167537,53219973,4409,-4647,53,6493,293359700,2115,293359730,2115,89,48,-144,-9,2212,-124,-45,2211
47586785,4641,509167556,53219940,4409,-4647,56,6493,293359700,2115,293359740,2115,87,49,-98,112,2098,-79,79,2099
47596750,4639,509167576,53219908,4410,-4646,59,6493,293359700,2115,293359750,2115,86,50,-10,-138,2185,12,-172,2181
47607028,4638,509167596,53219875,4411,-4646,60,6493,293359700,2115,293359760,2115,84,51,64,-95,2378,87,-131,2374
47616886,4637,509167616,53219840,4412,-4647,61,6493,293359750,2115,293359770,2115,82,52,110,-53,2374,133,-87,2370
47626755,4635,509167636,53219808,4412,-4646,62,6493,293359750,2115,293359780,2115,81,52,0,-31,2394,24,-66,2391
47636780,4634,509167656,53219775,4413,-4645,63,6493,293359750,2115,293359790,2115,79,52,-74,-200,2278,-50,-232,2274
47646761,4633,509167675,53219742,4413,-4644,66,6493,293359750,2115,293359800,2115,78,53,-112,-51,2150,-90,-82,2149
47658134,4632,509167695,53219710,4414,-4643,69,6493,293359750,2115,293359810,2115,78,54,-111,-121,2132,-89,-151,2129
47666937,4630,509167715,53219675,4415,-4642,71,6493,293359800,2115,293359820,2115,78,54,0,-143,2237,23,-174,2233
47676753,4629,509167735,53219643,4416,-4642,73,6493,293359800,2115,293359830,2115,78,55,46,-101,2271,70,-133,2267
47686729,4628,509167755,53219610,4417,-4641,74,6493,293359800,2115,293359840,2115,79,55,77,-155,2375,102,-188,2370
47696742,4627,509167775,53219577,4418,-4641,76,6493,293359800,2115,293359850,2115,79,55,12,-74,2321,37,-107,2317
47707624,4625,509167794,53219545,4419,-4640,77,6493,293359800,2115,293359860,2115,81,55,-91,-100,2299,-67,-133,2296
47716879,4624,509167814,53219510,4419,-4638,80,6493,293359850,2115,293359870,2115,82,55,-95,-167,2204,-71,-199,2200
47726753,4623,509167834,53219478,4420,-4637,82,6493,293359850,2115,293359880,2115,83,55,-79,-134,2179,-56,-167,2175
47736739,4621,509167854,53219445,4421,-4636,84,6493,293359850,2115,293359890,2115,85,55,-17,-195,2227,7,-228,2223
47747166,4620,509167874,53219412,4422,-4635,86,6493,293359850,2115,293359900,2115,87,55,11,-112,2316,36,-148,2312
47757267,4619,509167894,53219380,4423,-4635,86,6493,293359850,2115,293359910,2115,89,56,16,-92,2411,41,-130,2407
47766898,4618,509167914,53219345,4425,-4633,87,6493,293359900,2115,293359920,2115,91,56,-5,-277,2388,21,-315,2381
47777205,4617,509167934,53219313,4426,-4632,89,6493,293359900,2115,293359930,2115,93,55,-49,-143,2327,-24,-181,2323
47786783,4615,509167954,53219280,4427,-4631,90,6493,293359900,2115,293359940,2115,95,55,-60,-144,2323,-35,-183,2319
47796809,4614,509167973,53219248,4428,-4629,91,6493,293359900,2115,293359950,2115,97,55,-55,-182,2346,-30,-222,2341
47807402,4613,509167993,53219215,4429,-4628,93,6493,293359900,2115,293359960,2115,99,55,-13,-190,2376,12,-231,2371
47816896,4612,509168013,53219181,4431,-4627,94,6493,293359950,2115,293359970,2115,101,54,-27,-148,2339,-3,-190,2335
47827280,4611,509168033,53219148,4432,-4626,95,6493,293359950,2115,293359980,2115,103,54,-34,-220,2384,-8,-263,2378
47837521,4610,509168053,53219116,4433,-4625,95,6493,293359950,2115,293359990,2115,105,54,-27,-148,2404,-1,-193,2399
47846740,4609,509168073,53219083,4434,-4624,96,6493,293359950,2115,293360000,2115,107,53,-6,-169,2470,20,-215,2465
47857042,4608,509168093,53219051,4436,-4622,96,6493,293359950,2115,293360010,2115,108,52,-17,-179,2505,9,-227,2500
47867771,4608,509168113,53219016,4437,-4621,96,6493,293360000,2115,293360020,2115,109,52,-10,-151,2448,14,-198,2443
47876758,4607,509168133,53218984,4438,-4620,97,6493,293360000,2115,293360030,2115,110,51,-52,-179,2458,-27,-227,2452
47886750,4606,509168153,53218951,4439,-4619,97,6493,293360000,2115,293360040,2115,110,50,-76,-90,2474,-52,-138,2470
47896811,4605,509168173,53218919,4439,-4618,97,6493,293360000,2115,293360050,2115,111,50,-40,-121,2522,-16,-170,2517
47906979,4604,509168193,53218887,4441,-4617,97,6493,293360000,2115,293360060,2115,112,50,-30,-165,2535,-6,-215,2530
47916904,4604,509168213,53218852,4442,-4616,96,6493,293360050,2115,293360070,2115,112,49,-31,-95,2595,-7,-147,2591
47926968,4603,509168233,53218820,4442,-4615,95,6493,293360050,2115,293360080,2115,113,48,-29,-108,2624,-5,-160,2619
47936738,4602,509168253,53218787,4443,-4614,93,6493,293360050,2115,293360090,2115,113,47,-20,-62,2694,5,-115,2690
47946745,4601,509168273,53218755,4444,-4614,92,6493,293360050,2115,293360100,2115,112,46,-21,-86,2649,3,-138,2645
47957305,4600,509168293,53218723,4444,-4613,91,6493,293360050,2115,293360110,2115,112,45,-18,-48,2637,5,-99,2634
47966884,4599,509168313,53218688,4445,-4612,91,6493,293360100,2115,293360120,2115,112,44,-57,-63,2526,-36,-113,2522
47976742,4598,509168333,53218656,4446,-4611,91,6493,293360100,2115,293360130,2115,112,44,-68,-119,2548,-46,-169,2544
47987496,4597,509168353,53218623,4446,-4610,90,6493,293360100,2115,293360140,2115,112,43,-69,-80,2624,-47,-132,2621
47996740,4596,509168373,53218591,4447,-4610,88,6493,293360100,2115,293360150,2115,112,42,6,-92,2761,28,-146,2756
48006979,4596,509168393,53218559,4448,-4609,85,6493,293360100,2115,293360160,2115,111,41,30,-51,2803,52,-106,2799
48016884,4595,509168413,53218524,4449,-4608,83,6493,293360150,2115,293360170,2115,111,40,-9,-129,2788,13,-184,2783
48026748,4594,509168433,53218492,4449,-4607,81,6493,293360150,2115,293360180,2115,111,40,-69,-73,2845,-47,-129,2841
48036767,4593,509168453,53218459,4450,-4606,79,6493,293360150,2115,293360190,2115,111,39,-91,-100,2740,-70,-154,2736
48047346,4592,509168473,53218427,4450,-4605,77,6493,293360150,2115,293360200,2115,112,39,-100,-41,2668,-79,-94,2666
48057020,4591,509168493,53218395,4451,-4604,76,6493,293360150,2115,293360210,2115,112,40,-71,-127,2622,-51,-179,2617
48066905,4590,509168513,53218360,4452,-4603,74,6493,293360200,2115,293360220,2115,112,40,-23,-157,2759,-1,-212,2753
48076789,4589,509168533,53218328,4453,-4602,72,6493,293360200,2115,293360230,2115,113,40,1,-105,2873,24,-162,2868
48086779,4589,509168553,53218296,4454,-4602,69,6493,293360200,2115,293360240,2115,113,40,33,-30,2814,55,-86,2811
48096749,4588,509168573,53218263,4454,-4601,67,6493,293360200,2115,293360250,2115,113,41,-20,-80,2789,2,-136,2785
48107780,4587,509168593,53218231,4455,-4600,66,6493,293360200,2115,293360260,2115,113,41,-50,-82,2672,-28,-136,2669
48117203,4587,509168613,53218197,4455,-4599,65,6493,293360250,2115,293360270,2115,112,42,-95,-74,2546,-74,-125,2543
48126777,4586,509168633,53218164,4456,-4598,65,6493,293360250,2115,293360280,2115,112,43,-85,-94,2532,-63,-144,2528
48136749,4585,509168653,53218132,4456,-4597,65,6493,293360250,2115,293360290,2115,111,44,-45,-70,2555,-23,-120,2552
48146747,4585,509168673,53218100,4457,-4597,64,6493,293360250,2115,293360300,2115,110,45,-9,-35,2631,14,-86,2627
48156996,4584,509168693,53218068,4458,-4597,61,6493,293360250,2115,293360310,2115,110,46,32,-63,2802,57,-117,2798
48167650,4584,509168713,53218033,4459,-4596,60,6493,293360300,2115,293360320,2115,109,46,32,-39,2631,55,-89,2627
48176819,4583,509168733,53218001,4459,-4596,59,6493,293360300,2115,293360330,2115,109,47,-23,4,2676,1,-47,2674
48186759,4582,509168753,53217969,4460,-4594,58,6493,293360300,2115,293360340,2115,108,48,-100,-151,2585,-75,-200,2580
48196939,4581,509168773,53217937,4459,-4594,58,6493,293360300,2115,293360350,2115,108,49,-94,12,2514,-70,-36,2512
48207006,4580,509168793,53217904,4459,-4593,59,6493,293360300,2115,293360360,2115,107,51,-63,8,2467,-39,-39,2465
48216896,4579,509168813,53217870,4460,-4593,59,6493,293360350,2115,293360370,2115,107,52,-5,-39,2483,19,-86,2480
48227611,4579,509168833,53217838,4461,-4593,59,6493,293360350,2115,293360380,2115,107,54,11,-52,2456,37,-98,2453
48236778,4578,509168853,53217805,4461,-4592,59,6493,293360350,2115,293360390,2115,108,55,-19,-63,2508,8,-111,2505
48247638,4577,509168873,53217773,4463,-4591,59,6493,293360350,2115,293360400,2115,109,56,-20,-134,2548,8,-183,2543
48258011,4576,509168893,53217741,4463,-4591,58,6493,293360350,2115,293360410,2115,110,58,-56,-8,2542,-29,-58,2540
48266929,4575,509168913,53217707,4463,-4590,58,6493,293360400,2115,293360420,2115,110,59,-77,-83,2493,-49,-131,2490
48276846,4574,509168933,53217674,4464,-4589,59,6493,293360400,2115,293360430,2115,110,59,-42,-162,2476,-14,-210,2471
48287206,4573,509168953,53217642,4465,-4589,59,6493,293360400,2115,293360440,2115,109,60,-1,-28,2448,27,-75,2445
48296750,4573,509168973,53217610,4465,-4589,61,6493,293360400,2115,293360450,2115,109,60,37,-23,2326,64,-68,2323
48307041,4572,509168993,53217578,4466,-4588,64,6493,293360400,2115,293360460,2115,109,61,18,-97,2119,43,-138,2115
48317499,4571,509169014,53217543,4467,-4587,67,6493,293360450,2115,293360470,2115,110,62,-80,-55,2067,-56,-95,2064
48326965,4570,509169034,53217511,4466,-4585,71,6493,293360450,2115,293360480,2115,111,64,-216,-96,2028,-191,-136,2027
48336755,4570,509169054,53217479,4467,-4584,72,6493,293360450,2115,293360490,2115,111,66,-123,-149,2341,-93,-195,2337
48347411,4569,509169074,53217447,4468,-4584,71,6493,293360450,2115,293360500,2115,110,68,46,-9,2575,79,-58,2572
48357005,4569,509169094,53217415,4469,-4585,69,6493,293360450,2115,293360510,2115,109,70,176,2,2746,212,-50,2741
48366902,4568,509169114,53217381,4470,-4584,69,6494,293360500,2115,293360520,2115,108,72,58,-58,2522,92,-106,2517
48377677,4567,509169134,53217348,4470,-4583,70,6494,293360500,2115,293360530,2115,107,73,-115,-48,2410,-82,-94,2408
48386766,4566,509169154,53217316,4469,-4582,73,6494,293360500,2115,293360540,2115,108,75,-250,83,2135,-221,42,2138
48396755,4565,509169174,53217284,4469,-4580,77,6494,293360500,2115,293360550,2115,109,77,-220,-134,2031,-190,-174,2029
48407848,4564,509169194,53217252,4468,-4580,83,6494,293360500,2115,293360560,2115,111,78,-105,86,1692,-80,52,1693
48416874,4563,509169214,53217218,4470,-4580,88,6494,293360550,2115,293360570,2115,111,79,49,-183,1897,78,-220,1891
48426856,4562,509169234,53217185,4472,-4581,91,6494,293360550,2115,293360580,2115,112,79,237,10,2152,269,-31,2146
48436760,4561,509169255,53217153,4475,-4583,91,6494,293360550,2115,293360590,2115,113,79,420,-45,2471,456,-93,2462
48446741,4560,509169275,53217121,4476,-4583,92,6494,293360550,2115,293360600,2115,115,78,60,-39,2439,95,-88,2435
48458130,4559,509169295,53217089,4475,-4581,93,6494,293360550,2115,293360610,2115,116,76,-298,-106,2288,-265,-154,2287
48466899,4558,509169315,53217055,4474,-4578,94,6494,293360600,2115,293360620,2115,118,75,-350,-185,2353,-317,-236,2351
48476835,4557,509169335,53217023,4474,-4577,95,6494,293360600,2115,293360630,2115,120,74,-138,6,2353,-106,-44,2352
48487242,4556,509169355,53216990,4476,-4577,96,6494,293360600,2115,293360640,2115,122,72,67,-105,2432,100,-157,2426
48496768,4555,509169375,53216958,4478,-4577,97,6494,293360600,2115,293360650,2115,124,70,147,-179,2397,179,-231,2389
48508132,4554,509169395,53216926,4480,-4576,98,6494,293360600,2115,293360660,2115,126,68,37,-192,2418,69,-245,2411
48516900,4554,509169416,53216892,4480,-4575,98,6494,293360650,2115,293360670,2115,127,65,-67,-13,2413,-37,-68,2411
48526897,4553,509169436,53216860,4480,-4574,99,6494,293360650,2115,293360680,2115,127,63,-101,-115,2476,-71,-171,2472
48536745,4552,509169456,53216828,4481,-4573,99,6494,293360650,2115,293360690,2115,128,60,-77,-47,2510,-49,-104,2507
48547435,4551,509169476,53216796,4482,-4572,98,6494,293360650,2115,293360700,2115,128,57,12,-147,2534,40,-204,2528
48557676,4550,509169496,53216764,4483,-4572,97,6494,293360650,2115,293360710,2115,128,53,34,-117,2670,62,-178,2664
48567614,4550,509169516,53216729,4484,-4570,95,6494,293360700,2115,293360720,2115,128,50,-37,-90,2721,-11,-151,2716
48576808,4549,509169536,53216697,4485,-4570,94,6494,293360700,2115,293360730,2115,128,47,-24,-14,2710,0,-75,2707
48587436,4548,509169557,53216665,4485,-4569,93,6494,293360700,2115,293360740,2115,127,44,-82,-84,2607,-60,-142,2603
48596764,4547,509169577,53216633,4485,-4568,92,6494,293360700,2115,293360750,2115,126,41,-102,-39,2564,-82,-96,2562
48607018,4547,509169597,53216601,4485,-4567,92,6494,293360700,2115,293360760,2115,125,38,-65,-34,2538,-46,-90,2535
48616899,4546,509169617,53216567,4486,-4567,91,6494,293360750,2115,293360770,2115,124,36,-6,1,2704,12,-58,2701
48626832,4545,509169637,53216535,4487,-4566,88,6494,293360750,2115,293360780,2115,123,34,26,-70,2818,45,-130,2814
48636754,4544,509169657,53216503,4488,-4566,85,6494,293360750,2115,293360790,2115,122,32,29,-100,2897,48,-162,2892
48647559,4544,509169678,53216471,4488,-4565,83,6494,293360750,2115,293360800,2115,120,31,-66,-62,2827,-48,-122,2823
48657085,4543,509169698,53216439,4488,-4564,80,6494,293360750,2115,293360810,2115,119,30,-119,-48,2857,-101,-109,2854
48666894,4542,509169718,53216405,4488,-4562,78,6494,293360800,2115,293360820,2115,118,29,-103,-53,2724,-87,-111,2721
48676855,4541,509169738,53216373,4488,-4562,77,6494,293360800,2115,293360830,2115,118,29,-42,-12,2676,-27,-68,2674
48687124,4540,509169758,53216341,4489,-4561,76,6494,293360800,2115,293360840,2115,117,29,-7,-54,2582,9,-107,2578
48696739,4540,509169778,53216309,4490,-4561,75,6494,293360800,2115,293360850,2115,117,30,-25,-72,2612,-9,-126,2608
48707006,4539,509169799,53216277,4490,-4560,74,6494,293360800,2115,293360860,2115,117,30,-6,-58,2671,10,-113,2667
48716884,4538,509169819,53216243,4491,-4560,72,6494,293360850,2115,293360870,2115,118,31,6,-31,2685,22,-87,2682
48726826,4537,509169839,53216211,4491,-4559,71,6494,293360850,2115,293360880,2115,119,32,5,-47,2712,22,-104,2709
48736733,4536,509169859,53216179,4493,-4558,70,6494,293360850,2115,293360890,2115,120,33,-16,-140,2642,2,-196,2637
48746755,4536,509169879,53216147,4493,-4558,69,6494,293360850,2115,293360900,2115,122,34,-45,-6,2655,-28,-64,2653
48757051,4535,509169899,53216115,4493,-4557,68,6494,293360850,2115,293360910,2115,124,36,-69,-27,2566,-51,-83,2563
48766913,4534,509169920,53216080,4494,-4556,68,6494,293360900,2115,293360920,2115,126,38,-39,-125,2532,-20,-181,2527
48776839,4533,509169940,53216048,4495,-4555,68,6494,293360900,2115,293360930,2115,128,40,-13,-93,2513,7,-150,2509
48786744,4533,509169960,53216017,4495,-4555,68,6494,293360900,2115,293360940,2115,130,42,-22,-81,2520,-2,-139,2516
48796762,4532,509169980,53215985,4496,-4554,68,6494,293360900,2115,293360950,2115,133,43,23,-49,2511,44,-107,2507
48807580,4531,509170000,53215953,4497,-4554,67,6494,293360900,2115,293360960,2115,136,45,7,-104,2543,30,-165,2538
48817051,4531,509170021,53215919,4498,-4553,67,6494,293360950,2115,293360970,2115,139,47,-18,-111,2533,6,-173,2528
48826823,4530,509170041,53215887,4499,-4552,67,6494,293360950,2115,293360980,2115,141,49,-45,-57,2482,-22,-119,2478
48836763,4529,509170061,53215855,4500,-4551,68,6494,293360950,2115,293360990,2115,144,51,-54,-100,2440,-30,-162,2435
48846754,4529,509170081,53215823,4501,-4550,68,6494,293360950,2115,293361000,2115,146,53,-41,-153,2436,-16,-216,2429
48857395,4528,509170101,53215791,4501,-4549,69,6494,293360950,2115,293361010,2115,148,55,-21,3,2395,4,-60,2392
48866911,4528,509170122,53215757,4502,-4549,70,6494,293361000,2115,293361020,2115,150,57,16,-69,2423,42,-133,2418
48876819,4527,509170142,53215725,4503,-4548,71,6494,293361000,2115,293361030,2115,151,58,8,-74,2407,34,-138,2402
48886751,4527,509170162,53215693,4504,-4547,71,6494,293361000,2115,293361040,2115,152,60,-11,-86,2394,16,-151,2389
48896744,4526,509170182,53215661,4505,-4547,73,6494,293361000,2115,293361050,2115,153,62,-16,-73,2305,11,-135,2300
48906987,4526,509170203,53215629,4505,-4546,75,6494,293361000,2115,293361060,2115,154,63,-48,-40,2296,-20,-102,2293
48916906,4525,509170223,53215595,4506,-4545,76,6494,293361050,2115,293361070,2115,154,65,-61,2,2307,-33,-61,2305
48926819,4525,509170243,53215563,4506,-4545,77,6494,293361050,2115,293361080,2115,154,66,14,-11,2364,43,-75,2360
48937103,4524,509170263,53215531,4507,-4545,78,6494,293361050,2115,293361090,2115,154,68,7,-19,2357,37,-83,2353
48946748,4523,509170284,53215499,4508,-4545,80,6494,293361050,2115,293361100,2115,154,69,-7,-37,2352,23,-101,2348
48957016,4523,509170304,53215468,4508,-4544,81,6494,293361050,2115,293361110,2115,153,71,-29,-2,2307,2,-64,2304
48967100,4522,509170324,53215434,4508,-4544,82,6494,293361100,2115,293361120,2115,152,72,-49,-46,2301,-18,-107,2298
48977208,4522,509170344,53215402,4509,-4543,84,6494,293361100,2115,293361130,2115,151,74,-37,-15,2285,-5,-76,2283
48986763,4521,509170365,53215370,4509,-4543,86,6494,293361100,2115,293361140,2115,150,76,-29,102,2276,3,42,2277
48996768,4520,509170385,53215338,4509,-4543,88,6494,293361100,2115,293361150,2115,149,77,0,25,2244,32,-34,2242
49007027,4520,509170405,53215306,4510,-4543,90,6494,293361100,2115,293361160,2115,148,79,-7,-50,2223,26,-107,2219
49016886,4519,509170425,53215272,4510,-4542,93,6494,293361150,2115,293361170,2115,147,80,-25,-19,2199,8,-76,2196
49026839,4518,509170446,53215240,4511,-4542,95,6494,293361150,2115,293361180,2115,145,81,-28,-17,2198,5,-73,2195
49036773,4517,509170466,53215208,4511,-4542,98,6494,293361150,2115,293361190,2115,144,82,-20,50,2210,13,-6,2209
49046943,4517,509170486,53215176,4511,-4542,100,6494,293361150,2115,293361200,2115,142,83,-4,-25,2212,31,-81,2209
49056992,4516,509170507,53215145,4512,-4542,102,6494,293361150,2115,293361210,2115,141,84,-1,-25,2287,34,-82,2284
49066910,4515,509170527,53215111,4512,-4542,104,6494,293361200,2115,293361220,2115,139,84,-10,70,2215,24,15,2214
49076819,4514,509170547,53215079,4512,-4542,106,6494,293361200,2115,293361230,2115,138,85,-13,-1,2242,22,-56,2239
49086743,4513,509170567,53215047,4513,-4541,108,6494,293361200,2115,293361240,2115,137,85,-12,-24,2248,24,-78,2245
49096732,4513,509170588,53215015,4514,-4541,110,6494,293361200,2115,293361250,2115,136,85,-15,-90,2265,21,-144,2261
49107763,4512,509170608,53214983,4514,-4540,112,6494,293361200,2115,293361260,2115,135,85,-32,-15,2259,3,-69,2257
49116908,4511,509170628,53214949,4514,-4541,114,6494,293361250,2115,293361270,2115,134,85,-10,69,2263,25,16,2262
49127115,4510,509170648,53214917,4515,-4540,115,6494,293361250,2115,293361280,2115,133,84,-8,-44,2346,29,-99,2342
49136850,4509,509170669,53214885,4516,-4540,116,6494,293361250,2115,293361290,2115,132,84,7,-71,2349,44,-126,2344
49146747,4508,509170689,53214854,4516,-4540,117,6494,293361250,2115,293361300,2115,132,83,-26,24,2356,10,-31,2354
49158147,4507,509170709,53214822,4517,-4539,118,6494,293361250,2115,293361310,2115,131,83,-22,-73,2369,14,-128,2365
49166922,4507,509170730,53214788,4517,-4539,119,6494,293361300,2115,293361320,2115,131,82,-49,-35,2406,-13,-91,2403
49176813,4506,509170750,53214756,4518,-4538,120,6494,293361300,2115,293361330,2115,130,81,-24,-97,2402,12,-152,2397
49186793,4505,509170770,53214724,4519,-4537,121,6494,293361300,2115,293361340,2115,129,80,-4,-26,2431,32,-81,2428
49196772,4504,509170791,53214692,4519,-4537,121,6494,293361300,2115,293361350,2115,129,78,-11,-4,2405,24,-59,2403
49208076,4503,509170811,53214660,4520,-4537,121,6494,293361300,2115,293361360,2115,128,77,0,-23,2485,35,-79,2482
49216896,4502,509170831,53214626,4521,-4536,121,6494,293361350,2115,293361370,2115,128,75,-6,-108,2490,29,-164,2485
49226840,4501,509170851,53214595,4522,-4535,121,6494,293361350,2115,293361380,2115,128,74,-28,-125,2513,7,-182,2508
49236756,4500,509170872,53214563,4522,-4535,121,6494,293361350,2115,293361390,2115,128,72,-45,-34,2510,-11,-90,2507
49246756,4500,509170892,53214531,4523,-4535,121,6494,293361350,2115,293361400,2115,128,70,-34,-12,2545,-1,-70,2543
49257090,4499,509170912,53214499,4524,-4534,120,6494,293361350,2115,293361410,2115,127,68,1,-66,2628,35,-125,2623
49266897,4498,509170933,53214465,4525,-4534,119,6494,293361400,2115,293361420,2115,127,66,11,-84,2640,44,-143,2635
49276866,4497,509170953,53214433,4525,-4533,118,6494,293361400,2115,293361430,2115,127,64,2,-48,2657,34,-107,2653
49287422,4496,509170973,53214402,4526,-4532,117,6494,293361400,2115,293361440,2115,127,63,-38,-128,2653,-6,-188,2648
49296761,4495,509170994,53214370,4527,-4531,115,6494,293361400,2115,293361450,2115,127,61,-73,-49,2675,-43,-110,2671
49307020,4495,509171014,53214338,4528,-4530,114,6494,293361400,2115,293361460,2115,128,59,-41,-119,2716,-10,-180,2711
49316946,4494,509171034,53214304,4528,-4530,111,6494,293361450,2115,293361470,2115,128,57,-17,-23,2749,13,-85,2746
49326829,4493,509171055,53214272,4529,-4529,110,6494,293361450,2115,293361480,2115,128,56,-8,-45,2737,21,-107,2733
49336853,4493,509171075,53214241,4530,-4529,107,6494,293361450,2115,293361490,2115,128,54,7,-95,2786,35,-158,2781
49346777,4492,509171096,53214209,4530,-4528,105,6494,293361450,2115,293361500,2115,128,53,-40,-65,2754,-12,-128,2750
49357039,4492,509171116,53214177,4531,-4527,104,6494,293361450,2115,293361510,2115,129,51,-45,-59,2748,-18,-121,2744
49367645,4491,509171136,53214143,4532,-4526,102,6494,293361500,2115,293361520,2115,129,50,-50,-115,2728,-24,-177,2724
49376826,4490,509171157,53214111,4532,-4525,100,6494,293361500,2115,293361530,2115,129,50,-32,-3,2792,-6,-66,2789
49386768,4490,509171177,53214080,4533,-4525,98,6495,293361500,2115,293361540,2115,130,49,-17,-62,2791,9,-126,2786
49396763,4489,509171197,53214048,4534,-4524,95,6495,293361500,2115,293361550,2115,130,48,15,-61,2835,41,-126,2830
49407006,4489,509171218,53214016,4534,-4524,93,6495,293361500,2115,293361560,2115,130,48,-23,-24,2743,3,-87,2740
49416890,4489,509171238,53213982,4535,-4523,91,6495,293361550,2115,293361570,2115,131,48,-47,-67,2742,-22,-130,2738
49426841,4488,509171258,53213951,4536,-4522,90,6495,293361550,2115,293361580,2115,131,49,-53,-43,2703,-28,-106,2699
49436789,4488,509171279,53213919,4537,-4521,88,6495,293361550,2115,293361590,2115,132,49,-37,-85,2754,-11,-149,2750
49446736,4487,509171299,53213887,4537,-4521,86,6495,293361550,2115,293361600,2115,132,50,-11,9,2720,14,-55,2718
49458303,4487,509171320,53213855,4537,-4521,84,6495,293361550,2115,293361610,2115,133,50,-9,-4,2711,17,-67,2708
49466938,4486,509171340,53213822,4538,-4520,83,6495,293361600,2115,293361620,2115,134,51,2,-14,2719,28,-78,2716
49477685,4486,509171360,53213790,4539,-4520,82,6495,293361600,2115,293361630,2115,134,52,-23,-99,2637,4,-162,2632
49486759,4485,509171381,53213758,4539,-4519,81,6495,293361600,2115,293361640,2115,135,54,-46,-45,2638,-19,-108,2635
49496767,4485,509171401,53213726,4540,-4518,80,6495,293361600,2115,293361650,2115,136,55,-44,-43,2559,-17,-105,2555
49507188,4484,509171422,53213695,4540,-4518,79,6495,293361600,2115,293361660,2115,136,57,-14,35,2603,13,-27,2601
49516922,4484,509171442,53213661,4541,-4518,79,6495,293361650,2115,293361670,2115,137,58,-9,-67,2535,19,-128,2531
49527283,4483,509171462,53213629,4541,-4517,78,6495,293361650,2115,293361680,2115,138,60,-4,-43,2570,25,-105,2566
49536769,4483,509171483,53213598,4542,-4517,78,6495,293361650,2115,293361690,2115,139,62,-11,-2,2514,18,-63,2512
49546776,4482,509171503,53213566,4542,-4516,78,6495,293361650,2115,293361700,2115,139,63,-25,-38,2511,5,-100,2508
49557645,4482,509171524,53213534,4543,-4516,79,6495,293361650,2115,293361710,2115,140,65,-41,-46,2439,-11,-106,2435
49566902,4481,509171544,53213500,4544,-4515,79,6495,293361700,2115,293361720,2115,141,67,-33,-49,2481,-2,-111,2477
49576826,4481,509171564,53213469,4544,-4515,80,6495,293361700,2115,293361730,2115,141,69,-13,-38,2434,18,-98,2430
49586760,4480,509171585,53213437,4545,-4515,80,6495,293361700,2115,293361740,2115,142,70,-6,27,2408,25,-34,2406
49596761,4480,509171605,53213405,4545,-4514,81,6495,293361700,2115,293361750,2115,142,72,-14,-23,2400,18,-83,2397
49608025,4479,509171626,53213374,4546,-4514,82,6495,293361700,2115,293361760,2115,143,74,4,-80,2388,37,-140,2384
49617383,4479,509171646,53213340,4546,-4513,83,6495,293361750,2115,293361770,2115,143,75,-50,-3,2351,-17,-63,2349
49626858,4478,509171667,53213308,4547,-4512,84,6495,293361750,2115,293361780,2115,143,77,-27,-37,2366,7,-97,2362
49636773,4478,509171687,53213277,4547,-4512,85,6495,293361750,2115,293361790,2115,143,78,-35,21,2373,-1,-39,2371
49647565,4477,509171708,53213245,4548,-4512,87,6495,293361750,2115,293361800,2115,143,79,-1,-8,2350,33,-68,2347
49658389,4477,509171728,53213213,4548,-4512,88,6495,293361750,2115,293361810,2115,144,80,-1,8,2332,34,-51,2330
49666891,4476,509171748,53213180,4548,-4512,89,6495,293361800,2115,293361820,2115,144,81,-19,-10,2337,16,-69,2335
49677359,4475,509171769,53213148,4549,-4511,91,6495,293361800,2115,293361830,2115,144,82,-41,-6,2297,-6,-65,2295
49686760,4474,509171789,53213116,4549,-4511,92,6495,293361800,2115,293361840,2115,144,83,-41,-69,2312,-5,-127,2308
49696796,4474,509171810,53213085,4550,-4511,94,6495,293361800,2115,293361850,2115,143,83,-8,19,2323,28,-39,2321
49707946,4473,509171830,53213053,4550,-4511,95,6495,293361800,2115,293361860,2115,143,84,2,10,2331,38,-49,2328
49716916,4472,509171851,53213019,4551,-4511,97,6495,293361850,2115,293361870,2115,143,84,-20,29,2281,15,-29,2280
49726831,4472,509171871,53212988,4551,-4510,98,6495,293361850,2115,293361880,2115,143,84,-30,-2,2329,6,-61,2327
49737532,4471,509171892,53212956,4551,-4510,99,6495,293361850,2115,293361890,2115,143,85,-29,-23,2336,8,-82,2333
49746773,4470,509171912,53212924,4552,-4510,101,6495,293361850,2115,293361900,2115,143,85,-23,-14,2315,13,-72,2312
49758205,4469,509171932,53212893,4553,-4509,102,6495,293361850,2115,293361910,2115,142,85,-28,-77,2313,8,-135,2309
49766937,4469,509171953,53212859,4553,-4509,103,6495,293361900,2115,293361920,2115,142,85,-32,28,2381,5,-31,2380
49776820,4468,509171973,53212827,4553,-4508,104,6495,293361900,2115,293361930,2115,142,85,-20,-49,2376,17,-109,2372
49786767,4467,509171994,53212796,4554,-4508,105,6495,293361900,2115,293361940,2115,141,84,-3,51,2416,35,-9,2415
49796775,4466,509172014,53212764,4554,-4508,106,6495,293361900,2115,293361950,2115,141,84,-26,-21,2361,10,-80,2358
49807024,4466,509172035,53212732,4555,-4507,107,6495,293361900,2115,293361960,2115,142,83,-27,-95,2345,9,-153,2340
49816891,4465,509172055,53212699,4555,-4507,109,6495,293361950,2115,293361970,2115,142,83,-44,-30,2354,-8,-89,2351
49826973,4464,509172076,53212667,4556,-4506,110,6495,293361950,2115,293361980,2115,142,82,-33,28,2336,2,-31,2334
49836794,4464,509172096,53212636,4557,-4506,111,6495,293361950,2115,293361990,2115,142,81,-11,-83,2400,26,-142,2395
49847345,4463,509172117,53212604,4557,-4506,112,6495,293361950,2115,293362000,2115,141,81,-11,0,2365,25,-59,2363
49856993,4462,509172137,53212572,4558,-4505,113,6495,293361950,2115,293362010,2115,141,80,-23,-75,2404,13,-135,2400
49866903,4462,509172157,53212539,4558,-4505,113,6495,293362000,2115,293362020,2115,141,79,-41,-3,2428,-5,-64,2426
49876839,4461,509172178,53212507,4559,-4504,113,6495,293362000,2115,293362030,2115,140,79,-22,-63,2492,15,-124,2488
49887452,4461,509172198,53212475,4559,-4503,113,6495,293362000,2115,293362040,2115,140,78,-35,-56,2498,1,-117,2494
49896959,4460,509172219,53212444,4560,-4503,113,6495,293362000,2115,293362050,2115,139,77,-45,-11,2484,-10,-72,2481
49907022,4460,509172239,53212412,4560,-4503,113,6495,293362000,2115,293362060,2115,139,76,-19,18,2529,16,-44,2527
49917719,4459,509172260,53212379,4560,-4502,114,6495,293362050,2115,293362070,2115,139,75,-38,-19,2435,-4,-78,2432
49927504,4458,509172280,53212347,4561,-4502,114,6495,293362050,2115,293362080,2115,139,74,-43,-42,2460,-9,-103,2457
49936758,4458,509172301,53212315,4562,-4501,115,6495,293362050,2115,293362090,2115,139,74,-44,-72,2411,-11,-131,2407
49946870,4457,509172321,53212284,4562,-4501,115,6495,293362050,2115,293362100,2115,138,73,-14,-21,2530,20,-82,2527
49957004,4457,509172342,53212252,4563,-4500,114,6495,293362050,2115,293362110,2115,137,72,-5,-3,2517,28,-64,2514
49966916,4457,509172362,53212218,4563,-4500,114,6495,293362100,2115,293362120,2115,137,71,-6,16,2568,28,-46,2566
49977627,4456,509172383,53212187,4564,-4500,114,6495,293362100,2115,293362130,2115,137,70,-26,-19,2549,7,-81,2546
49986779,4456,509172403,53212155,4564,-4499,113,6495,293362100,2115,293362140,2115,137,69,-64,-26,2607,-30,-89,2604
49996768,4455,509172424,53212124,4565,-4498,113,6495,293362100,2115,293362150,2115,136,69,-50,-56,2525,-18,-117,2521
50007735,4455,509172444,53212092,4565,-4498,112,6495,293362100,2115,293362160,2115,136,68,-36,10,2546,-4,-51,2543
50016910,4454,509172465,53212059,4565,-4497,112,6495,293362150,2115,293362170,2115,136,67,-51,-45,2571,-18,-106,2567
50026823,4454,509172485,53212027,4565,-4497,111,6495,293362150,2115,293362180,2115,136,67,-35,35,2593,-3,-27,2592
50036922,4453,509172506,53211995,4566,-4497,110,6495,293362150,2115,293362190,2115,136,66,-45,-51,2636,-12,-114,2632
50046774,4453,509172526,53211964,4567,-4496,109,6495,293362150,2115,293362200,2115,136,66,-2,-9,2612,30,-71,2609
50056993,4453,509172547,53211932,4567,-4496,108,6495,293362150,2115,293362210,2115,136,66,-10,57,2626,22,-6,2624
50067319,4452,509172567,53211899,4567,-4496,108,6495,293362200,2115,293362220,2115,136,65,-28,-62,2566,4,-123,2562
50076824,4452,509172588,53211867,4567,-4495,107,6495,293362200,2115,293362230,2115,136,65,-87,-53,2593,-56,-116,2590
50086761,4451,509172608,53211836,4568,-4494,106,6495,293362200,2115,293362240,2115,135,65,-58,1,2597,-27,-61,2594
50097321,4451,509172629,53211804,4568,-4494,105,6495,293362200,2115,293362250,2115,135,64,-21,34,2636,10,-29,2634
50106991,4450,509172650,53211773,4568,-4494,104,6495,293362200,2115,293362260,2115,135,64,-12,-9,2596,19,-71,2593
50116891,4450,509172670,53211739,4569,-4494,103,6495,293362250,2115,293362270,2115,136,64,-15,-25,2654,16,-89,2651
50127375,4449,509172691,53211707,4570,-4493,102,6495,293362250,2115,293362280,2115,136,64,-41,-41,2629,-9,-104,2626
50136992,4449,509172711,53211676,4570,-4492,102,6495,293362250,2115,293362290,2115,136,64,-57,-5,2613,-26,-68,2611
50146756,4449,509172732,53211644,4570,-4492,101,6495,293362250,2115,293362300,2115,136,64,-54,-61,2545,-23,-122,2542
50157403,4448,509172752,53211613,4570,-4491,101,6495,293362250,2115,293362310,2115,136,65,-68,34,2594,-37,-28,2593
50166895,4448,509172773,53211579,4570,-4491,99,6495,293362300,2115,293362320,2115,135,65,-26,47,2636,6,-16,2635
50176824,4447,509172793,53211548,4571,-4491,98,6495,293362300,2115,293362330,2115,135,66,-8,-23,2640,24,-86,2637
50187002,4447,509172814,53211516,4571,-4490,97,6495,293362300,2115,293362340,2115,135,67,-25,-31,2613,7,-93,2610
50196761,4446,509172834,53211485,4572,-4490,97,6495,293362300,2115,293362350,2115,135,67,-57,-44,2563,-24,-105,2560
50207026,4446,509172855,53211453,4572,-4489,97,6495,293362300,2115,293362360,2115,135,68,-73,-15,2516,-41,-75,2514
50217713,4445,509172875,53211420,4572,-4488,96,6495,293362350,2115,293362370,2115,135,69,-55,-2,2582,-22,-64,2580
50226844,4445,509172896,53211388,4572,-4488,96,6495,293362350,2115,293362380,2115,135,70,-39,40,2568,-6,-21,2567
50236756,4444,509172916,53211357,4573,-4488,96,6495,293362350,2115,293362390,2115,134,71,26,-18,2522,59,-77,2518
50247293,4443,509172937,53211325,4574,-4488,95,6495,293362350,2115,293362400,2115,133,72,-28,-51,2543,6,-111,2540
50257028,4443,509172958,53211294,4574,-4487,95,6495,293362350,2115,293362410,2115,133,72,-48,-19,2494,-14,-78,2492
50266907,4442,509172978,53211260,4574,-4487,95,6495,293362400,2115,293362420,2115,132,73,-55,-12,2533,-21,-72,2531
50276857,4442,509172999,53211229,4575,-4486,95,6495,293362400,2115,293362430,2115,131,74,-26,-93,2540,9,-152,2535
50286754,4441,509173019,53211197,4575,-4486,95,6495,293362400,2115,293362440,2115,130,74,-16,55,2507,18,-2,2505
50296747,4440,509173040,53211166,4576,-4486,95,6495,293362400,2115,293362450,2115,129,75,-35,-15,2493,0,-72,2491
50307262,4440,509173060,53211134,4576,-4486,95,6495,293362400,2115,293362460,2115,129,75,-17,-1,2554,18,-59,2551
50316913,4439,509173081,53211101,4576,-4485,95,6495,293362450,2115,293362470,2115,128,75,-38,-29,2469,-3,-85,2466
50326848,4438,509173101,53211069,4577,-4484,95,6495,293362450,2115,293362480,2115,126,76,-27,-72,2533,9,-129,2529
50336949,4438,509173122,53211038,4578,-4484,95,6495,293362450,2115,293362490,2115,125,76,-50,-49,2482,-16,-104,2479
50346769,4437,509173143,53211006,4578,-4484,94,6495,293362450,2115,293362500,2115,124,76,-23,21,2536,13,-34,2534
50357052,4436,509173163,53210975,4578,-4483,94,6495,293362450,2115,293362510,2115,123,76,-29,22,2520,6,-32,2519
50366984,4436,509173184,53210941,4579,-4483,94,6495,293362500,2115,293362520,2115,121,76,-39,-28,2507,-4,-82,2504
50376849,4435,509173204,53210910,4579,-4482,94,6495,293362500,2115,293362530,2115,120,76,-41,-21,2496,-6,-74,2494
50386764,4434,509173225,53210878,4580,-4482,95,6495,293362500,2115,293362540,2115,119,76,-35,-50,2438,-1,-102,2435
50396881,4434,509173245,53210847,4580,-4482,95,6495,293362500,2115,293362550,2115,118,76,-51,22,2438,-16,-29,2436
50407970,4433,509173266,53210815,4580,-4481,96,6496,293362500,2115,293362560,2115,116,77,-43,-82,2456,-8,-132,2452
50416913,4432,509173287,53210782,4581,-4480,96,6496,293362550,2115,293362570,2115,115,77,-58,-21,2519,-22,-72,2517
50426837,4431,509173307,53210750,4581,-4480,95,6496,293362550,2115,293362580,2115,114,77,-29,64,2532,7,13,2531
50437455,4431,509173328,53210719,4581,-4480,95,6496,293362550,2115,293362590,2115,113,78,5,3,2514,41,-47,2512
50446792,4430,509173348,53210688,4582,-4480,96,6496,293362550,2115,293362600,2115,112,78,-13,-106,2451,23,-154,2447
50458024,4429,509173369,53210656,4582,-4479,97,6496,293362550,2115,293362610,2115,111,78,-80,-9,2376,-46,-56,2374
50466930,4428,509173390,53210623,4582,-4478,98,6496,293362600,2115,293362620,2115,110,78,-90,-42,2379,-55,-88,2377
50476814,4427,509173410,53210591,4582,-4478,99,6496,293362600,2115,293362630,2115,109,79,-60,-34,2376,-25,-80,2373
50486747,4427,509173431,53210560,4583,-4478,100,6496,293362600,2115,293362640,2115,108,79,-23,17,2384,12,-29,2382
50496747,4426,509173451,53210528,4583,-4478,100,6496,293362600,2115,293362650,2115,108,80,-3,4,2413,32,-42,2410
50507063,4425,509173472,53210497,4584,-4477,101,6496,293362600,2115,293362660,2115,107,80,8,-116,2463,45,-162,2458
50516945,4424,509173492,53210463,4585,-4476,101,6496,293362650,2115,293362670,2115,106,80,-28,-89,2475,9,-136,2472
50526820,4423,509173513,53210432,4585,-4476,102,6496,293362650,2115,293362680,2115,106,80,-81,4,2407,-46,-41,2406
50536755,4423,509173534,53210401,4585,-4475,103,6496,293362650,2115,293362690,2115,106,80,-62,-92,2362,-26,-136,2359
50547633,4422,509173554,53210369,4586,-4474,104,6496,293362650,2115,293362700,2115,106,80,-95,-52,2366,-59,-97,2363
50557007,4421,509173575,53210338,4586,-4474,104,6496,293362650,2115,293362710,2115,106,80,-17,-33,2435,19,-78,2432
50566936,4420,509173595,53210304,4587,-4474,105,6496,293362700,2115,293362720,2115,106,80,9,-45,2376,44,-89,2373
50576833,4419,509173616,53210273,4588,-4473,106,6496,293362700,2115,293362730,2115,106,80,11,-130,2442,47,-175,2437
50586768,4418,509173637,53210241,4589,-4472,107,6496,293362700,2115,293362740,2115,106,79,-53,-63,2376,-18,-108,2373
50596753,4418,509173657,53210210,4589,-4471,108,6496,293362700,2115,293362750,2115,106,79,-72,-119,2405,-37,-165,2401
50608197,4417,509173678,53210179,4590,-4470,108,6496,293362700,2115,293362760,2115,107,79,-67,-37,2420,-31,-83,2418
50616887,4416,509173699,53210145,4590,-4469,109,6496,293362750,2115,293362770,2115,107,78,-51,-105,2469,-14,-152,2465
50626829,4416,509173719,53210114,4591,-4469,109,6496,293362750,2115,293362780,2115,107,78,-27,-15,2489,9,-62,2487
50636737,4415,509173740,53210083,4592,-4468,109,6496,293362750,2115,293362790,2115,107,78,-22,-144,2493,14,-192,2488
50646744,4414,509173760,53210051,4593,-4467,109,6496,293362750,2115,293362800,2115,108,78,-22,-122,2491,14,-169,2486
50657027,4413,509173781,53210020,4593,-4466,109,6496,293362750,2115,293362810,2115,108,78,-82,-32,2439,-47,-79,2437
50666907,4413,509173802,53209986,4593,-4466,110,6496,293362800,2115,293362820,2115,108,78,-88,-51,2469,-52,-99,2466
50676846,4412,509173822,53209955,4594,-4465,110,6496,293362800,2115,293362830,2115,108,78,-36,-68,2452,0,-115,2449
50686757,4411,509173843,53209924,4595,-4464,111,6496,293362800,2115,293362840,2115,109,78,-28,-61,2412,7,-107,2409
50697394,4411,509173864,53209892,4595,-4464,111,6496,293362800,2115,293362850,2115,110,78,-4,-51,2441,31,-98,2438
50707008,4410,509173884,53209861,4596,-4463,112,6496,293362800,2115,293362860,2115,110,78,-19,-71,2436,17,-118,2433
50716937,4409,509173905,53209828,4597,-4463,112,6496,293362850,2115,293362870,2115,110,78,-41,-82,2412,-6,-129,2409
50726839,4409,509173926,53209796,4597,-4462,113,6496,293362850,2115,293362880,2115,110,78,-61,-114,2458,-25,-162,2454
50736745,4408,509173946,53209765,4597,-4461,113,6496,293362850,2115,293362890,2115,110,78,-61,-12,2472,-25,-61,2470
50746769,4407,509173967,53209734,4598,-4461,113,6496,293362850,2115,293362900,2115,110,79,-24,-47,2533,13,-97,2530
50757967,4407,509173988,53209702,4599,-4460,113,6496,293362850,2115,293362910,2115,110,79,-29,-60,2498,8,-109,2495
50766937,4406,509174008,53209669,4599,-4460,113,6496,293362900,2115,293362920,2115,110,79,-21,-54,2514,16,-103,2511
50776839,4405,509174029,53209638,4600,-4459,113,6496,293362900,2115,293362930,2115,111,79,-38,-44,2479,-2,-93,2476
50787288,4405,509174050,53209606,4600,-4458,113,6496,293362900,2115,293362940,2115,111,79,-80,-71,2473,-44,-120,2470
50796759,4404,509174070,53209575,4601,-4457,113,6496,293362900,2115,293362950,2115,111,79,-74,-68,2479,-37,-117,2476
50808195,4403,509174091,53209544,4601,-4457,114,6496,293362900,2115,293362960,2115,111,79,-41,-20,2480,-5,-69,2477
50816906,4403,509174112,53209510,4602,-4457,114,6496,293362950,2115,293362970,2115,111,79,-18,-19,2492,18,-68,2489
50827213,4402,509174132,53209479,4602,-4456,113,6496,293362950,2115,293362980,2115,111,78,5,-51,2529,41,-101,2525
50836755,4401,509174153,53209448,4603,-4456,113,6496,293362950,2115,293362990,2115,112,78,-16,-57,2592,22,-108,2588
50846768,4401,509174174,53209417,4604,-4455,113,6496,293362950,2115,293363000,2115,112,78,-62,-71,2528,-25,-121,2525
50857033,4400,509174194,53209385,4604,-4454,112,6496,293362950,2115,293363010,2115,113,78,-77,-47,2553,-41,-98,2550
50866926,4399,509174215,53209352,4604,-4453,112,6496,293363000,2115,293363020,2115,113,77,-72,-94,2486,-36,-144,2482
50876838,4399,509174236,53209321,4605,-4453,112,6496,293363000,2115,293363030,2115,114,77,-47,-45,2593,-10,-97,2590
50886755,4398,509174256,53209289,4605,-4453,111,6496,293363000,2115,293363040,2115,114,77,-39,18,2567,-3,-34,2565
50896770,4397,509174277,53209258,4606,-4452,110,6496,293363000,2115,293363050,2115,115,77,-27,-47,2622,11,-100,2619
50907037,4397,509174298,53209227,4607,-4451,110,6496,293363000,2115,293363060,2115,116,77,-34,-107,2560,3,-159,2555
50916910,4396,509174318,53209193,4607,-4451,109,6496,293363050,2115,293363070,2115,116,76,-53,-47,2602,-16,-101,2599
50926826,4396,509174339,53209162,4607,-4450,108,6496,293363050,2115,293363080,2115,117,76,-86,-30,2590,-49,-84,2588
50936750,4395,509174360,53209131,4608,-4449,108,6496,293363050,2115,293363090,2115,118,76,-57,-56,2615,-21,-111,2611
50946768,4394,509174381,53209100,4608,-4448,107,6496,293363050,2115,293363100,2115,119,76,-56,-62,2548,-20,-115,2544
50957068,4394,509174401,53209069,4609,-4448,107,6496,293363050,2115,293363110,2115,120,76,-26,-47,2586,11,-102,2583
50966925,4393,509174422,53209035,4609,-4447,107,6496,293363100,2115,293363120,2115,121,76,-41,-21,2498,-6,-75,2495
50976832,4393,509174443,53209004,4609,-4447,106,6496,293363100,2115,293363130,2115,122,76,-64,-37,2559,-28,-93,2557
50986743,4392,509174463,53208973,4610,-4446,105,6496,293363100,2115,293363140,2115,123,77,-66,-81,2605,-29,-137,2602
50996749,4392,509174484,53208942,4610,-4445,105,6496,293363100,2115,293363150,2115,123,77,-51,-62,2580,-14,-118,2576
51007022,4391,509174505,53208910,4610,-4445,103,6496,293363100,2115,293363160,2115,124,78,-61,27,2669,-23,-31,2667
51016891,4391,509174526,53208877,4611,-4444,103,6496,293363150,2115,293363170,2115,124,78,-59,-43,2604,-21,-101,2601
51026834,4390,509174546,53208846,4611,-4444,102,6496,293363150,2115,293363180,2115,125,79,-29,-16,2585,9,-74,2583
51036792,4390,509174567,53208815,4612,-4443,102,6496,293363150,2115,293363190,2115,126,80,-34,-102,2502,4,-158,2497
51046770,4390,509174588,53208784,4612,-4443,102,6496,293363150,2115,293363200,2115,127,81,-75,46,2498,-38,-10,2497
51057010,4389,509174608,53208752,4612,-4442,103,6496,293363150,2115,293363210,2115,128,82,-66,-45,2416,-29,-100,2413
51066907,4389,509174629,53208719,4613,-4441,103,6496,293363200,2115,293363220,2115,128,83,-56,-65,2495,-18,-122,2492
51076832,4388,509174650,53208688,4613,-4441,103,6496,293363200,2115,293363230,2115,128,84,-43,9,2458,-5,-47,2456
51086766,4388,509174671,53208657,4614,-4441,103,6496,293363200,2115,293363240,2115,128,85,0,35,2474,38,-21,2472
51096766,4387,509174691,53208626,4614,-4440,103,6496,293363200,2115,293363250,2115,129,86,-25,-50,2525,15,-107,2522
51107688,4387,509174712,53208595,4615,-4440,104,6496,293363200,2115,293363260,2115,129,87,-62,-61,2468,-23,-118,2465
51116898,4387,509174733,53208561,4615,-4439,104,6496,293363250,2115,293363270,2115,130,88,-83,3,2459,-44,-54,2457
51127114,4386,509174754,53208530,4615,-4438,104,6496,293363250,2115,293363280,2115,130,89,-70,-27,2416,-30,-83,2413
51136752,4386,509174774,53208499,4616,-4438,105,6496,293363250,2115,293363290,2115,130,90,-37,-42,2468,3,-99,2465
51146791,4385,509174795,53208468,4616,-4438,106,6496,293363250,2115,293363300,2115,130,91,-31,41,2385,9,-14,2384
51157032,4385,509174816,53208437,4616,-4438,106,6496,293363250,2115,293363310,2115,130,92,-28,23,2411,12,-33,2409
51166916,4384,509174837,53208403,4617,-4437,107,6496,293363300,2115,293363320,2115,131,92,-18,-101,2405,23,-156,2400
51177235,4384,509174857,53208372,4617,-4436,108,6496,293363300,2115,293363330,2115,131,93,-48,-26,2370,-7,-81,2367
51186766,4384,509174878,53208341,4617,-4436,109,6496,293363300,2115,293363340,2115,132,94,-76,29,2342,-36,-25,2341
51196779,4383,509174899,53208310,4618,-4436,110,6496,293363300,2115,293363350,2115,132,94,-66,-2,2385,-24,-57,2383
51207526,4383,509174920,53208279,4618,-4435,111,6496,293363300,2115,293363360,2115,132,95,-30,-45,2407,12,-101,2404
51216896,4382,509174940,53208246,4618,-4435,112,6496,293363350,2115,293363370,2115,132,95,0,43,2429,42,-13,2427
51226852,4382,509174961,53208215,4619,-4435,113,6496,293363350,2115,293363380,2115,132,95,-7,-55,2367,34,-110,2363
51236754,4381,509174982,53208183,4619,-4435,114,6496,293363350,2115,293363390,2115,132,95,-52,9,2402,-10,-47,2400
51246765,4381,509175003,53208152,4620,-4434,115,6496,293363350,2115,293363400,2115,132,95,-79,-43,2342,-38,-97,2340
51258152,4380,509175023,53208121,4620,-4434,116,6496,293363350,2115,293363410,2115,132,95,-45,1,2394,-3,-55,2392
51266921,4380,509175044,53208088,4620,-4433,116,6496,293363400,2115,293363420,2115,132,95,-39,-13,2421,3,-69,2419
51276848,4379,509175065,53208057,4620,-4433,117,6496,293363400,2115,293363430,2115,132,95,-16,55,2427,26,-2,2426
51286754,4379,509175086,53208026,4621,-4433,118,6496,293363400,2115,293363440,2115,132,94,-14,-10,2381,27,-66,2378
51296771,4378,509175106,53207995,4622,-4432,118,6496,293363400,2115,293363450,2115,133,93,-26,-83,2431,16,-140,2426
51307031,4378,509175127,53207964,4622,-4432,119,6496,293363400,2115,293363460,2115,133,93,-76,28,2415,-35,-29,2414
51316940,4377,509175148,53207930,4622,-4432,120,6496,293363450,2115,293363470,2115,133,92,-63,-30,2448,-21,-87,2446
51326845,4377,509175169,53207899,4623,-4431,120,6496,293363450,2115,293363480,2115,133,91,-31,3,2458,10,-55,2456
51336756,4376,509175190,53207868,4623,-4431,120,6496,293363450,2115,293363490,2115,134,90,-21,-34,2457,19,-92,2454
51346789,4376,509175210,53207837,4624,-4431,120,6496,293363450,2115,293363500,2115,134,89,-9,14,2493,31,-44,2491
51357065,4375,509175231,53207806,4624,-4430,120,6496,293363450,2115,293363510,2115,135,88,-25,-27,2484,15,-86,2481
51366934,4375,509175252,53207773,4624,-4430,121,6496,293363500,2115,293363520,2115,135,86,-49,-32,2475,-10,-91,2472
51376821,4374,509175273,53207742,4625,-4429,121,6496,293363500,2115,293363530,2115,136,85,-79,-52,2428,-41,-111,2425
51386756,4373,509175293,53207711,4625,-4429,121,6496,293363500,2115,293363540,2115,136,84,-51,21,2503,-12,-39,2501
51396779,4373,509175314,53207680,4625,-4428,121,6496,293363500,2115,293363550,2115,137,83,-31,-7,2513,7,-67,2511
51407024,4372,509175335,53207649,4626,-4428,121,6496,293363500,2115,293363560,2115,137,82,-6,-3,2579,32,-66,2576
51416901,4372,509175356,53207615,4626,-4427,120,6496,293363550,2115,293363570,2115,138,81,-25,-37,2565,13,-100,2562
51427648,4371,509175377,53207584,4627,-4427,120,6496,293363550,2115,293363580,2115,138,79,-22,-23,2561,15,-86,2558
51436782,4371,509175397,53207553,4627,-4426,120,6497,293363550,2115,293363590,2115,139,78,-88,-39,2516,-51,-100,2513
51446747,4370,509175418,53207522,4627,-4426,119,6497,293363550,2115,293363600,2115,139,78,-88,11,2562,-51,-52,2561
51457151,4370,509175439,53207491,4627,-4425,119,6497,293363550,2115,293363610,2115,139,77,-51,16,2545,-15,-46,2544
51466914,4369,509175460,53207458,4628,-4425,118,6497,293363600,2115,293363620,2115,139,76,-8,24,2579,28,-40,2577
51477709,4369,509175481,53207427,4628,-4425,118,6497,293363600,2115,293363630,2115,140,76,-15,11,2573,21,-53,2571
51486754,4369,509175501,53207396,4629,-4425,117,6497,293363600,2115,293363640,2115,140,75,-24,-26,2624,12,-90,2621
51496749,4368,509175522,53207365,4629,-4425,116,6497,293363600,2115,293363650,2115,140,74,-66,65,2591,-31,1,2591
51508486,4368,509175543,53207334,4629,-4424,115,6497,293363600,2115,293363660,2115,141,74,-69,-77,2586,-33,-141,2582
51516935,4368,509175564,53207301,4629,-4423,115,6497,293363650,2115,293363670,2115,141,74,-49,51,2560,-15,-13,2559
51526842,4368,509175584,53207270,4629,-4424,114,6497,293363650,2115,293363680,2115,141,73,-47,99,2571,-12,35,2571
51536740,4367,509175605,53207239,4629,-4423,113,6497,293363650,2115,293363690,2115,141,73,-31,13,2628,4,-52,2626
51546965,4367,509175626,53207208,4630,-4423,113,6497,293363650,2115,293363700,2115,141,73,-21,-16,2559,13,-80,2556
51557059,4367,509175647,53207177,4630,-4423,112,6497,293363650,2115,293363710,2115,141,73,-24,0,2600,11,-65,2597
51566932,4367,509175668,53207143,4630,-4422,111,6497,293363700,2115,293363720,2115,142,73,-66,40,2585,-31,-25,2584
51577588,4367,509175689,53207112,4630,-4422,111,6497,293363700,2115,293363730,2115,142,73,-62,1,2584,-27,-64,2582
51586764,4367,509175709,53207081,4630,-4421,110,6497,293363700,2115,293363740,2115,142,73,-46,10,2581,-11,-55,2578
51596762,4367,509175730,53207050,4630,-4422,110,6497,293363700,2115,293363750,2115,142,74,-62,129,2586,-27,64,2587
51607038,4367,509175751,53207019,4630,-4422,109,6497,293363700,2115,293363760,2115,142,74,-7,25,2543,28,-38,2541
51616900,4367,509175772,53206986,4631,-4421,109,6497,293363750,2115,293363770,2115,142,75,-32,-32,2583,4,-96,2580
51626856,4367,509175793,53206955,4631,-4421,108,6497,293363750,2115,293363780,2115,142,75,-51,44,2540,-16,-20,2539
51637435,4368,509175813,53206924,4631,-4421,108,6497,293363750,2115,293363790,2115,142,76,-67,35,2568,-31,-29,2567
51646747,4368,509175834,53206893,4630,-4421,108,6497,293363750,2115,293363800,2115,142,77,-53,101,2528,-18,38,2529
51657042,4368,509175855,53206862,4630,-4421,107,6497,293363750,2115,293363810,2115,142,78,-52,78,2531,-16,15,2531
51666928,4369,509175876,53206829,4630,-4421,107,6497,293363800,2115,293363820,2115,143,79,-40,68,2575,-3,3,2574
51676819,4369,509175897,53206798,4630,-4421,107,6497,293363800,2115,293363830,2115,143,79,-25,98,2524,11,35,2524
51686784,4369,509175917,53206767,4630,-4421,107,6497,293363800,2115,293363840,2115,144,80,-23,58,2469,13,-4,2468
51696763,4370,509175938,53206736,4630,-4421,107,6497,293363800,2115,293363850,2115,144,81,-52,48,2497,-15,-15,2496
51707031,4370,509175959,53206705,4630,-4421,107,6497,293363800,2115,293363860,2115,144,82,-77,104,2516,-39,39,2516
51716885,4371,509175980,53206672,4629,-4421,107,6497,293363850,2115,293363870,2115,145,82,-57,101,2496,-19,37,2496
51726848,4372,509176001,53206641,4629,-4422,107,6497,293363850,2115,293363880,2115,146,83,-34,163,2518,4,98,2519
51736765,4373,509176021,53206610,4629,-4422,106,6497,293363850,2115,293363890,2115,147,84,-23,78,2524,16,13,2523
51746780,4373,509176042,53206579,4629,-4422,106,6497,293363850,2115,293363900,2115,148,84,0,79,2504,39,14,2503
51758423,4374,509176063,53206548,4629,-4422,107,6497,293363850,2115,293363910,2115,149,85,-62,104,2427,-25,40,2428
51766913,4375,509176084,53206515,4628,-4422,107,6497,293363900,2115,293363920,2115,151,85,-88,109,2481,-50,43,2482
51776827,4376,509176105,53206484,4628,-4422,107,6497,293363900,2115,293363930,2115,152,86,-79,125,2478,-41,59,2480
51787465,4377,509176125,53206452,4627,-4423,107,6497,293363900,2115,293363940,2115,153,87,-37,122,2499,2,55,2500
51796753,4378,509176146,53206421,4627,-4423,107,6497,293363900,2115,293363950,2115,154,87,-15,116,2500,25,48,2501
51807008,4379,509176167,53206390,4627,-4424,107,6497,293363900,2115,293363960,2115,155,88,-19,170,2503,20,101,2504
51817076,4380,509176188,53206357,4626,-4424,108,6497,293363950,2115,293363970,2115,157,88,-28,123,2462,12,54,2462
51826827,4381,509176209,53206326,4626,-4424,108,6497,293363950,2115,293363980,2115,159,89,-92,108,2468,-52,39,2469
51836757,4383,509176229,53206295,4625,-4424,108,6497,293363950,2115,293363990,2115,160,89,-71,172,2434,-32,103,2437
51846993,4384,509176250,53206264,4625,-4425,109,6497,293363950,2115,293364000,2115,161,89,-51,161,2447,-11,91,2449
51857028,4385,509176271,53206233,4624,-4426,109,6497,293363950,2115,293364010,2115,162,90,-37,245,2417,2,176,2421
51866950,4387,509176292,53206200,4624,-4427,110,6497,293364000,2115,293364020,2115,163,90,-1,153,2437,38,83,2438
51877380,4388,509176313,53206169,4623,-4427,110,6497,293364000,2115,293364030,2115,164,90,-24,115,2453,16,44,2454
51886762,4390,509176333,53206138,4622,-4428,111,6497,293364000,2115,293364040,2115,165,90,-62,234,2412,-24,163,2416
51896746,4391,509176354,53206107,4621,-4428,112,6497,293364000,2115,293364050,2115,166,90,-72,228,2422,-33,157,2426
51907126,4393,509176375,53206076,4621,-4429,112,6497,293364000,2115,293364060,2115,166,90,-55,198,2443,-16,126,2446
51916915,4395,509176396,53206043,4620,-4430,112,6497,293364050,2115,293364070,2115,167,89,-44,200,2482,-5,127,2485
51926773,4396,509176416,53206011,4619,-4431,113,6497,293364050,2115,293364080,2115,167,89,-14,230,2429,25,158,2433
51937379,4398,509176437,53205980,4618,-4432,114,6497,293364050,2115,293364090,2115,168,89,-33,295,2371,5,225,2377
51946791,4399,509176458,53205949,4617,-4433,114,6497,293364050,2115,293364100,2115,168,88,-57,205,2407,-19,133,2411
51957022,4401,509176479,53205918,4616,-4433,115,6497,293364050,2115,293364110,2115,168,88,-39,189,2463,0,116,2466
51967485,4403,509176499,53205885,4615,-4434,115,6497,293364100,2115,293364120,2115,168,88,-68,250,2434,-30,177,2439
51976766,4404,509176520,53205854,4614,-4436,115,6497,293364100,2115,293364130,2115,168,87,-44,346,2536,-5,271,2543
51986804,4406,509176541,53205823,4613,-4437,115,6497,293364100,2115,293364140,2115,168,86,-30,251,2510,9,176,2515
51997155,4408,509176562,53205792,4611,-4438,115,6497,293364100,2115,293364150,2115,169,86,-44,329,2498,-6,254,2505
52007021,4409,509176582,53205760,4610,-4439,115,6497,293364100,2115,293364160,2115,169,85,-74,281,2508,-36,206,2514
52016909,4411,509176603,53205727,4609,-4440,114,6497,293364150,2115,293364170,2115,170,85,-66,261,2511,-28,185,2516
52027229,4412,509176624,53205696,4608,-4441,115,6497,293364150,2115,293364180,2115,171,84,-56,205,2440,-20,131,2444
52036780,4414,509176645,53205665,4606,-4442,115,6497,293364150,2115,293364190,2115,172,83,-75,324,2503,-38,248,2510
52046747,4416,509176665,53205634,4605,-4443,114,6497,293364150,2115,293364200,2115,172,82,-18,291,2576,19,213,2582
52058334,4418,509176686,53205603,4605,-4445,114,6497,293364150,2115,293364210,2115,173,81,2,277,2520,38,200,2525
52066915,4419,509176707,53205569,4603,-4446,114,6497,293364200,2115,293364220,2115,173,80,-42,318,2496,-7,242,2503
52076745,4421,509176727,53205538,4602,-4447,114,6497,293364200,2115,293364230,2115,174,79,-82,276,2459,-48,201,2465
52086796,4423,509176748,53205507,4600,-4448,114,6497,293364200,2115,293364240,2115,176,78,-81,283,2485,-47,206,2492
52096768,4424,509176769,53205476,4599,-4448,113,6497,293364200,2115,293364250,2115,177,78,-76,243,2607,-39,161,2612
52107026,4426,509176789,53205444,4598,-4449,112,6497,293364200,2115,293364260,2115,179,77,-34,282,2705,3,197,2711
52116923,4428,509176810,53205411,4597,-4451,110,6497,293364250,2115,293364270,2115,180,76,-18,372,2668,17,287,2677
52126748,4429,509176831,53205380,4595,-4453,109,6497,293364250,2115,293364280,2115,181,75,-14,337,2649,21,252,2657
52136766,4431,509176851,53205349,4595,-4454,108,6497,293364250,2115,293364290,2115,182,74,-37,238,2594,-3,154,2598
52147827,4432,509176872,53205317,4593,-4454,108,6497,293364250,2115,293364300,2115,184,73,-105,291,2530,-72,209,2537
52157040,4434,509176893,53205286,4591,-4455,108,6497,293364250,2115,293364310,2115,185,73,-140,272,2477,-108,190,2484
52166925,4436,509176913,53205253,4590,-4456,107,6497,293364300,2115,293364320,2115,186,72,-79,332,2576,-46,247,2585
52176856,4437,509176934,53205222,4589,-4457,106,6497,293364300,2115,293364330,2115,187,71,-18,270,2642,16,183,2647
52186750,4439,509176955,53205190,4588,-4459,104,6497,293364300,2115,293364340,2115,188,71,46,305,2730,80,215,2735
52196794,4440,509176975,53205159,4587,-4460,103,6497,293364300,2115,293364350,2115,188,70,11,343,2642,44,255,2650
52207292,4442,509176996,53205128,4586,-4461,102,6497,293364300,2115,293364360,2115,189,69,-58,263,2613,-26,176,2619
52216892,4444,509177016,53205094,4584,-4462,102,6497,293364350,2115,293364370,2115,189,69,-127,267,2539,-95,182,2546
52226800,4445,509177037,53205063,4582,-4463,102,6497,293364350,2115,293364380,2115,189,69,-147,356,2511,-116,272,2521
52237228,4447,509177058,53205032,4580,-4464,101,6497,293364350,2115,293364390,2115,189,69,-64,358,2610,-32,271,2619
52246796,4448,509177078,53205000,4580,-4465,99,6497,293364350,2115,293364400,2115,189,70,-13,261,2672,20,172,2677
52257015,4450,509177099,53204969,4578,-4467,98,6497,293364350,2115,293364410,2115,189,70,11,367,2677,44,278,2686
52267363,4452,509177119,53204936,4577,-4468,97,6497,293364400,2115,293364420,2115,188,70,0,300,2569,32,215,2575
52276750,4453,509177140,53204904,4576,-4469,97,6497,293364400,2115,293364430,2115,187,71,-88,320,2583,-56,235,2591
52286771,4455,509177160,53204873,4574,-4470,97,6497,293364400,2115,293364440,2115,187,72,-121,255,2460,-89,174,2467
52297595,4456,509177181,53204841,4572,-4471,97,6497,293364400,2115,293364450,2115,186,74,-112,383,2465,-80,302,2475
52307601,4458,509177202,53204810,4571,-4472,97,6497,293364400,2115,293364460,2115,185,75,-31,312,2458,2,232,2465
52316955,4459,509177222,53204777,4570,-4474,97,6497,293364450,2115,293364470,2115,184,76,-1,273,2529,33,191,2534
52326780,4461,509177243,53204745,4568,-4476,97,6497,293364450,2115,293364480,2115,182,78,7,387,2516,41,306,2525
52336771,4462,509177263,53204714,4567,-4477,97,6497,293364450,2115,293364490,2115,181,79,5,320,2470,40,241,2476
52346784,4463,509177284,53204682,4566,-4478,98,6497,293364450,2115,293364500,2115,180,80,-75,211,2350,-41,136,2354
52357718,4465,509177304,53204651,4564,-4479,99,6497,293364450,2115,293364510,2115,179,82,-97,333,2342,-63,258,2351
52366904,4466,509177325,53204617,4563,-4480,101,6497,293364500,2115,293364520,2115,178,83,-118,350,2337,-84,276,2347
52376791,4468,509177345,53204586,4561,-4481,102,6497,293364500,2115,293364530,2115,177,85,-17,341,2380,18,266,2387
52387653,4469,509177366,53204555,4560,-4483,103,6497,293364500,2115,293364540,2115,176,87,28,263,2377,64,190,2382
52396761,4471,509177386,53204523,4560,-4484,104,6497,293364500,2115,293364550,2115,174,88,11,276,2370,48,203,2375
52407578,4472,509177407,53204492,4558,-4485,104,6497,293364500,2115,293364560,2115,173,89,-51,294,2392,-13,221,2399
52416895,4474,509177427,53204458,4557,-4486,105,6497,293364550,2115,293364570,2115,172,90,-92,279,2373,-54,206,2380
52426754,4475,509177448,53204427,4555,-4487,107,6497,293364550,2115,293364580,2115,172,92,-63,307,2289,-26,238,2296
52436773,4477,509177468,53204395,4554,-4489,109,6497,293364550,2115,293364590,2115,171,93,-54,310,2277,-16,241,2284
52446782,4478,509177489,53204364,4553,-4490,110,6497,293364550,2115,293364600,2115,171,94,-24,330,2331,14,259,2338
52458147,4480,509177509,53204332,4552,-4491,111,6498,293364550,2115,293364610,2115,170,94,4,245,2367,43,174,2371
52466925,4481,509177530,53204298,4551,-4493,112,6498,293364600,2115,293364620,2115,169,95,-4,247,2366,36,176,2370
52476786,4483,509177550,53204267,4550,-4494,113,6498,293364600,2115,293364630,2115,169,95,-25,262,2318,14,193,2323
52486808,4484,509177570,53204235,4549,-4495,114,6498,293364600,2115,293364640,2115,169,95,-71,313,2324,-32,244,2331
52496763,4485,509177591,53204204,4547,-4496,116,6498,293364600,2115,293364650,2115,169,94,-87,262,2360,-48,192,2366
52507855,4487,509177611,53204172,4546,-4497,116,6498,293364600,2115,293364660,2115,169,94,-24,301,2389,15,229,2395
52516921,4488,509177632,53204139,4545,-4499,117,6498,293364650,2115,293364670,2115,169,93,-25,296,2372,14,225,2378
52526750,4490,509177652,53204107,4544,-4500,118,6498,293364650,2115,293364680,2115,170,93,-5,242,2416,35,170,2420
52537018,4491,509177673,53204075,4543,-4501,119,6498,293364650,2115,293364690,2115,170,92,-27,276,2424,12,203,2429
52546784,4492,509177693,53204044,4542,-4502,119,6498,293364650,2115,293364700,2115,171,91,-57,253,2475,-17,178,2480
52557008,4494,509177713,53204012,4541,-4503,119,6498,293364650,2115,293364710,2115,172,89,-42,245,2479,-3,170,2484
52566905,4495,509177734,53203979,4540,-4504,119,6498,293364700,2115,293364720,2115,173,88,-52,271,2513,-13,194,2518
52576787,4496,509177754,53203947,4539,-4505,118,6498,293364700,2115,293364730,2115,174,86,-47,285,2541,-8,207,2547
52586761,4497,509177775,53203915,4537,-4506,118,6498,293364700,2115,293364740,2115,176,85,-50,298,2514,-13,220,2521
52597133,4498,509177795,53203884,4537,-4507,118,6498,293364700,2115,293364750,2115,178,83,-16,201,2541,22,121,2544
52607002,4500,509177815,53203852,4536,-4508,118,6498,293364700,2115,293364760,2115,180,81,-32,212,2530,5,132,2534
52616906,4501,509177836,53203818,4535,-4509,117,6498,293364750,2115,293364770,2115,182,80,-70,269,2564,-34,187,2570
52626799,4502,509177856,53203787,4534,-4509,117,6498,293364750,2115,293364780,2115,184,78,-74,211,2563,-38,128,2567
52636779,4503,509177877,53203755,4533,-4510,115,6498,293364750,2115,293364790,2115,186,76,-63,318,2695,-26,230,2703
52646762,4504,509177897,53203723,4532,-4511,114,6498,293364750,2115,293364800,2115,188,75,-28,264,2656,7,176,2662
52657082,4505,509177917,53203692,4531,-4512,112,6498,293364750,2115,293364810,2115,190,73,12,174,2658,47,85,2661
52666933,4506,509177938,53203658,4530,-4513,112,6498,293364800,2115,293364820,2115,193,72,-50,265,2619,-17,176,2625
52676771,4507,509177958,53203626,4530,-4513,109,6498,293364800,2115,293364830,2115,195,70,-66,136,2769,-31,40,2770
52686770,4508,509177978,53203595,4528,-4513,109,6498,293364800,2115,293364840,2115,197,69,-134,251,2581,-102,161,2587
52697011,4509,509177999,53203563,4527,-4514,107,6498,293364800,2115,293364850,2115,200,67,-43,235,2714,-10,140,2719
52707887,4509,509178019,53203531,4526,-4515,106,6498,293364800,2115,293364860,2115,202,66,-20,289,2633,11,195,2640
52716914,4510,509178039,53203498,4526,-4516,104,6498,293364850,2115,293364870,2115,204,65,-21,184,2681,11,88,2684
52726848,4511,509178060,53203466,4526,-4516,103,6498,293364850,2115,293364880,2115,206,64,-30,193,2686,1,96,2690
52736778,4512,509178080,53203434,4525,-4517,101,6498,293364850,2115,293364890,2115,208,63,-44,170,2729,-13,71,2732
52746759,4513,509178100,53203402,4524,-4517,100,6498,293364850,2115,293364900,2115,209,62,-68,243,2650,-39,145,2656
52757018,4513,509178121,53203371,4524,-4517,98,6498,293364850,2115,293364910,2115,211,61,-66,139,2737,-36,37,2739
52766904,4514,509178141,53203337,4522,-4518,97,6498,293364900,2115,293364920,2115,213,60,-72,276,2655,-44,176,2662
52777241,4515,509178161,53203305,4521,-4519,95,6498,293364900,2115,293364930,2115,214,59,-16,376,2674,12,275,2685
52786748,4515,509178182,53203274,4522,-4519,94,6498,293364900,2115,293364940,2115,215,59,0,1,2686,29,-101,2682
52796758,4516,509178202,53203242,4522,-4519,92,6498,293364900,2115,293364950,2115,216,58,-9,142,2703,20,39,2705
52807071,4517,509178222,53203210,4520,-4520,91,6498,293364900,2115,293364960,2115,216,58,-105,379,2698,-78,275,2709
52816904,4517,509178243,53203176,4519,-4521,89,6498,293364950,2115,293364970,2115,217,57,-72,240,2664,-45,138,2670
52826861,4518,509178263,53203145,4519,-4521,87,6498,293364950,2115,293364980,2115,218,57,-37,109,2770,-8,3,2771
52836787,4518,509178283,53203113,4518,-4522,85,6498,293364950,2115,293364990,2115,218,57,-21,208,2717,7,104,2721
52846764,4518,509178303,53203081,4516,-4523,84,6498,293364950,2115,293365000,2115,217,57,-46,373,2721,-19,269,2731
52857038,4519,509178324,53203049,4516,-4523,82,6498,293364950,2115,293365010,2115,217,57,-67,188,2648,-40,87,2652
52866919,4519,509178344,53203016,4516,-4523,81,6498,293365000,2115,293365020,2115,216,57,-36,66,2654,-7,-35,2653
52876877,4519,509178364,53202984,4515,-4524,80,6498,293365000,2115,293365030,2115,215,57,-82,261,2607,-55,162,2613
52886781,4519,509178385,53202952,4514,-4524,79,6498,293365000,2115,293365040,2115,214,58,-33,207,2637,-6,107,2641
52896785,4519,509178405,53202920,4513,-4524,78,6498,293365000,2115,293365050,2115,213,58,-63,188,2610,-36,90,2614
52907155,4519,509178425,53202889,4513,-4525,77,6498,293365000,2115,293365060,2115,212,59,-36,207,2668,-8,108,2672
52916940,4519,509178445,53202855,4512,-4525,76,6498,293365050,2115,293365070,2115,211,60,-9,144,2634,20,47,2635
52926856,4519,509178466,53202823,4512,-4525,75,6498,293365050,2115,293365080,2115,209,60,-26,123,2598,2,28,2599
52936754,4518,509178486,53202791,4512,-4525,75,6498,293365050,2115,293365090,2115,207,60,-64,88,2588,-35,-6,2588
52946781,4518,509178506,53202760,4511,-4526,74,6498,293365050,2115,293365100,2115,204,61,-49,213,2550,-21,121,2554
52957235,4518,509178527,53202728,4511,-4526,74,6498,293365050,2115,293365110,2115,202,61,-62,177,2572,-34,85,2575
52966905,4518,509178547,53202694,4511,-4526,73,6498,293365100,2115,293365120,2115,199,61,-16,124,2513,12,37,2514
52976853,4518,509178567,53202662,4510,-4527,73,6498,293365100,2115,293365130,2115,196,61,-7,195,2513,21,109,2516
52987229,4518,509178587,53202630,4510,-4527,74,6498,293365100,2115,293365140,2115,193,62,-22,99,2475,6,15,2475
52996788,4517,509178608,53202599,4510,-4528,74,6498,293365100,2115,293365150,2115,190,62,-30,153,2497,-2,69,2499
53007004,4517,509178628,53202567,4510,-4527,73,6498,293365100,2115,293365160,2115,187,62,-49,71,2540,-20,-13,2540
53017648,4516,509178648,53202533,4509,-4527,73,6498,293365150,2115,293365170,2115,184,62,-71,125,2538,-42,43,2540
53026850,4516,509178668,53202501,4508,-4528,73,6498,293365150,2115,293365180,2115,181,63,-73,140,2482,-45,61,2484
53036811,4516,509178689,53202469,4508,-4528,73,6498,293365150,2115,293365190,2115,178,63,-18,153,2527,11,74,2528
53046766,4515,509178709,53202438,4508,-4528,73,6498,293365150,2115,293365200,2115,175,64,-20,79,2452,9,4,2452
53057037,4515,509178729,53202406,4508,-4528,73,6498,293365150,2115,293365210,2115,172,65,-34,94,2493,-5,19,2494
53066950,4514,509178749,53202372,4508,-4528,73,6498,293365200,2115,293365220,2115,170,66,-79,23,2472,-49,-51,2470
53076836,4513,509178770,53202340,4508,-4528,74,6498,293365200,2115,293365230,2115,168,66,-54,101,2488,-23,27,2489
53086738,4512,509178790,53202308,4508,-4528,74,6498,293365200,2115,293365240,2115,166,67,-41,81,2390,-12,11,2390
53096767,4512,509178810,53202277,4508,-4528,75,6498,293365200,2115,293365250,2115,164,68,-13,80,2412,18,10,2411
53107041,4511,509178831,53202245,4508,-4528,77,6498,293365200,2115,293365260,2115,162,69,-24,35,2270,5,-30,2269
53116924,4510,509178851,53202211,4508,-4527,79,6498,293365250,2115,293365270,2115,161,70,-35,-30,2303,-5,-95,2300
53126829,4509,509178871,53202179,4508,-4527,80,6498,293365250,2115,293365280,2115,160,71,-60,31,2291,-29,-34,2290
53136775,4509,509178891,53202147,4509,-4526,82,6498,293365250,2115,293365290,2115,159,72,-31,-29,2331,0,-94,2328
53147091,4508,509178912,53202116,4509,-4526,83,6498,293365250,2115,293365300,2115,159,73,-27,10,2321,4,-55,2319
53157028,4507,509178932,53202084,4509,-4526,84,6498,293365250,2115,293365310,2115,159,73,-12,-14,2345,20,-80,2342
53166905,4506,509178952,53202050,4510,-4526,86,6498,293365300,2115,293365320,2115,159,74,-12,-4,2296,19,-68,2293
53176836,4505,509178972,53202018,4511,-4525,88,6498,293365300,2115,293365330,2115,160,74,-24,-97,2238,8,-160,2233
53186752,4504,509178993,53201987,4511,-4524,90,6498,293365300,2115,293365340,2115,160,75,-70,-40,2246,-38,-103,2243
53196772,4503,509179013,53201955,4512,-4523,93,6498,293365300,2115,293365350,2115,161,75,-79,-110,2185,-48,-172,2180
53207125,4502,509179033,53201923,4512,-4522,94,6498,293365300,2115,293365360,2115,162,76,-55,3,2290,-23,-63,2288
53216911,4501,509179053,53201889,4513,-4522,96,6498,293365350,2115,293365370,2115,163,76,6,-17,2322,38,-83,2318
53226871,4500,509179074,53201857,4514,-4522,97,6498,293365350,2115,293365380,2115,164,76,31,-94,2383,65,-162,2377
53236788,4499,509179094,53201826,4515,-4521,98,6498,293365350,2115,293365390,2115,165,76,-2,-116,2285,31,-182,2278
53246762,4498,509179114,53201794,4516,-4520,100,6498,293365350,2115,293365400,2115,165,75,-80,-94,2272,-48,-160,2268
53257012,4498,509179135,53201762,4516,-4519,102,6498,293365350,2115,293365410,2115,166,75,-72,-39,2274,-40,-106,2271
53266961,4496,509179155,53201728,4516,-4518,103,6498,293365400,2115,293365420,2115,167,75,-83,-1,2321,-51,-70,2319
53276792,4495,509179175,53201697,4518,-4517,104,6498,293365400,2115,293365430,2115,169,74,-26,-153,2400,7,-224,2392
53286780,4494,509179195,53201665,4519,-4516,105,6498,293365400,2115,293365440,2115,170,73,11,-73,2400,44,-144,2395
53296774,4493,509179216,53201633,4519,-4516,106,6498,293365400,2115,293365450,2115,171,72,-30,-56,2359,1,-128,2354
53307070,4492,509179236,53201602,4520,-4515,107,6498,293365400,2115,293365460,2115,172,71,-8,-84,2391,24,-156,2386
53316936,4490,509179256,53201568,4521,-4514,108,6498,293365450,2115,293365470,2115,172,70,-52,-68,2407,-21,-141,2403
53326756,4489,509179277,53201536,4522,-4513,109,6498,293365450,2115,293365480,2115,171,69,-66,-122,2358,-35,-193,2352
53336774,4488,509179297,53201505,4523,-4511,110,6498,293365450,2115,293365490,2115,171,68,-91,-69,2389,-60,-141,2385
53346769,4487,509179317,53201473,4523,-4511,110,6498,293365450,2115,293365500,2115,170,67,-33,-56,2505,-1,-131,2500
53357214,4485,509179338,53201441,4524,-4510,110,6498,293365450,2115,293365510,2115,169,66,-12,-48,2541,19,-123,2537
53366936,4484,509179358,53201408,4526,-4509,109,6498,293365500,2115,293365520,2115,167,65,13,-146,2580,45,-222,2573
53376772,4483,509179378,53201376,4527,-4508,109,6498,293365500,2115,293365530,2115,166,64,-10,-82,2548,21,-156,2543
53386900,4481,509179399,53201344,4527,-4507,109,6498,293365500,2115,293365540,2115,164,63,-87,-96,2495,-58,-168,2490
53396771,4480,509179419,53201313,4528,-4506,109,6498,293365500,2115,293365550,2115,161,62,-91,-64,2437,-63,-133,2433
53407717,4478,509179439,53201281,4527,-4505,110,6498,293365500,2115,293365560,2115,158,61,-118,-20,2452,-90,-88,2450
53416933,4477,509179460,53201247,4528,-4505,109,6498,293365550,2115,293365570,2115,156,61,-23,-25,2591,6,-97,2587
53426785,4475,509179480,53201216,4529,-4504,109,6498,293365550,2115,293365580,2115,154,61,3,-9,2574,32,-79,2571
53436774,4473,509179500,53201184,4530,-4504,107,6498,293365550,2115,293365590,2115,153,61,59,-145,2759,91,-219,2751
53446757,4471,509179521,53201153,4532,-4502,106,6498,293365550,2115,293365600,2115,152,61,-30,-177,2602,0,-247,2595
53457017,4469,509179541,53201121,4533,-4501,105,6498,293365550,2115,293365610,2115,150,61,-96,-147,2592,-65,-215,2586
53466914,4467,509179562,53201087,4533,-4499,105,6498,293365600,2115,293365620,2115,147,61,-104,-57,2508,-75,-122,2505
53477728,4466,509179582,53201056,4533,-4498,104,6498,293365600,2115,293365630,2115,144,62,-112,-74,2577,-81,-140,2573
53486765,4464,509179602,53201024,4534,-4497,104,6499,293365600,2115,293365640,2115,142,63,-31,-130,2510,-1,-193,2504
53496773,4462,509179623,53200993,4536,-4496,104,6499,293365600,2115,293365650,2115,140,64,20,-185,2597,51,-249,2589
53507869,4460,509179643,53200961,4537,-4495,103,6499,293365600,2115,293365660,2115,139,64,34,-184,2634,66,-249,2626
53516945,4458,509179663,53200927,4538,-4494,102,6499,293365650,2115,293365670,2115,138,65,1,-112,2566,33,-174,2561
53526761,4456,509179684,53200896,4539,-4493,101,6499,293365650,2115,293365680,2115,137,65,-62,-140,2625,-30,-203,2619
53536755,4455,509179704,53200864,4541,-4491,101,6499,293365650,2115,293365690,2115,136,66,-90,-318,2559,-57,-379,2550
53546755,4453,509179725,53200833,4542,-4489,100,6499,293365650,2115,293365700,2115,134,66,-95,-114,2612,-63,-176,2608
53557042,4451,509179745,53200801,4543,-4488,100,6499,293365650,2115,293365710,2115,133,67,-2,-157,2567,30,-217,2560
53566940,4449,509179765,53200768,4544,-4488,99,6499,293365700,2115,293365720,2115,132,67,15,-98,2644,48,-159,2639
53576793,4447,509179786,53200736,4546,-4487,98,6499,293365700,2115,293365730,2115,132,67,-4,-201,2626,30,-261,2619
53586765,4445,509179806,53200705,4547,-4485,96,6499,293365700,2115,293365740,2115,132,67,-27,-174,2682,7,-236,2676
53596744,4443,509179827,53200673,4549,-4483,95,6499,293365700,2115,293365750,2115,131,67,-79,-215,2619,-45,-275,2612
53607954,4441,509179847,53200642,4550,-4482,94,6499,293365700,2115,293365760,2115,131,67,-66,-254,2665,-31,-315,2657
53616920,4439,509179868,53200608,4551,-4480,93,6499,293365750,2115,293365770,2115,130,67,-55,-166,2632,-22,-227,2626
53627538,4437,509179888,53200577,4552,-4479,92,6499,293365750,2115,293365780,2115,129,67,-42,-126,2625,-9,-185,2620
53636800,4435,509179909,53200545,4554,-4478,91,6499,293365750,2115,293365790,2115,129,67,-5,-228,2626,29,-287,2618
53646751,4433,509179929,53200514,4556,-4476,90,6499,293365750,2115,293365800,2115,129,67,-21,-284,2731,14,-345,2722
53657752,4431,509179950,53200483,4557,-4475,88,6499,293365750,2115,293365810,2115,129,66,-40,-138,2705,-6,-199,2699
53666916,4429,509179970,53200449,4559,-4472,86,6499,293365800,2115,293365820,2115,130,66,-76,-345,2770,-41,-409,2760
53676776,4427,509179990,53200418,4561,-4470,85,6499,293365800,2115,293365830,2115,129,65,-49,-314,2694,-15,-375,2684
53687224,4425,509180011,53200386,4562,-4469,84,6499,293365800,2115,293365840,2115,129,65,-77,-126,2619,-45,-186,2615
53696767,4423,509180031,53200355,4563,-4467,82,6499,293365800,2115,293365850,2115,128,65,-9,-158,2710,24,-219,2704
53708074,4421,509180052,53200324,4565,-4465,81,6499,293365800,2115,293365860,2115,128,64,-24,-308,2712,10,-369,2702
53717346,4418,509180073,53200290,4567,-4464,78,6499,293365850,2115,293365870,2115,128,63,-8,-255,2773,25,-317,2764
53726781,4416,509180093,53200259,4568,-4462,77,6499,293365850,2115,293365880,2115,128,62,-59,-218,2671,-27,-278,2664
53736789,4414,509180114,53200228,4570,-4460,76,6499,293365850,2115,293365890,2115,128,62,-66,-206,2661,-35,-266,2654
53746874,4412,509180134,53200196,4571,-4458,75,6499,293365850,2115,293365900,2115,127,61,-67,-254,2633,-35,-313,2626
53757730,4410,509180155,53200165,4573,-4457,74,6499,293365850,2115,293365910,2115,127,61,-25,-294,2670,7,-354,2660
53766900,4407,509180175,53200132,4575,-4455,73,6499,293365900,2115,293365920,2115,127,60,-15,-273,2624,16,-332,2615
53777474,4405,509180196,53200101,4577,-4453,71,6499,293365900,2115,293365930,2115,128,60,-29,-247,2694,3,-307,2686
53786758,4403,509180216,53200069,4578,-4451,70,6499,293365900,2115,293365940,2115,128,59,-52,-265,2680,-21,-326,2672
53796766,4401,509180237,53200038,4580,-4449,69,6499,293365900,2115,293365950,2115,128,59,-59,-222,2678,-28,-282,2671
53807627,4399,509180258,53200007,4581,-4448,68,6499,293365900,2115,293365960,2115,128,59,-79,-207,2582,-50,-265,2576
53816905,4396,509180278,53199974,4582,-4446,67,6499,293365950,2115,293365970,2115,128,58,-39,-220,2594,-9,-278,2587
53826779,4394,509180299,53199942,4584,-4443,67,6499,293365950,2115,293365980,2115,128,58,-49,-378,2550,-19,-435,2539
53837038,4392,509180319,53199911,4586,-4442,67,6499,293365950,2115,293365990,2115,128,58,-16,-230,2527,13,-287,2519
53846756,4390,509180340,53199880,4588,-4440,67,6499,293365950,2115,293366000,2115,128,58,-35,-242,2553,-6,-300,2545
53857008,4388,509180361,53199849,4589,-4438,67,6499,293365950,2115,293366010,2115,129,58,-47,-241,2524,-19,-298,2516
53866961,4386,509180381,53199816,4590,-4437,66,6499,293366000,2115,293366020,2115,129,57,-51,-201,2521,-23,-259,2514
53876760,4384,509180402,53199785,4593,-4435,66,6499,293366000,2115,293366030,2115,128,57,-27,-333,2558,1,-390,2548
53886752,4382,509180422,53199753,4594,-4433,66,6499,293366000,2115,293366040,2115,128,57,-23,-244,2565,5,-301,2557
53896750,4380,509180443,53199722,4596,-4431,67,6499,293366000,2115,293366050,2115,127,56,-29,-240,2356,-3,-293,2349
53907062,4378,509180464,53199691,4597,-4430,67,6499,293366000,2115,293366060,2115,126,56,-20,-183,2449,7,-238,2442
53916922,4376,509180484,53199658,4599,-4428,68,6499,293366050,2115,293366070,2115,126,55,-56,-279,2434,-30,-333,2426
53926762,4373,509180505,53199627,4600,-4426,68,6499,293366050,2115,293366080,2115,125,55,-47,-211,2520,-20,-266,2513
53936918,4371,509180526,53199596,4601,-4425,68,6499,293366050,2115,293366090,2115,124,55,-61,-179,2477,-35,-234,2471
53946777,4369,509180546,53199565,4603,-4423,68,6499,293366050,2115,293366100,2115,123,54,-11,-224,2566,16,-279,2559
53957060,4367,509180567,53199534,4605,-4421,68,6499,293366050,2115,293366110,2115,123,54,-6,-293,2414,20,-345,2405
53966905,4365,509180588,53199501,4606,-4420,68,6499,293366100,2115,293366120,2115,122,54,-33,-169,2491,-7,-223,2485
53976753,4363,509180609,53199470,4607,-4418,69,6499,293366100,2115,293366130,2115,121,54,-56,-219,2377,-31,-269,2371
53987249,4361,509180629,53199439,4608,-4417,70,6499,293366100,2115,293366140,2115,120,54,-64,-195,2431,-39,-246,2425
53996752,4358,509180650,53199408,4609,-4415,71,6499,293366100,2115,293366150,2115,119,54,-78,-212,2401,-53,-263,2395
54007093,4356,509180671,53199377,4611,-4414,71,6499,293366100,2115,293366160,2115,119,54,-23,-212,2463,3,-263,2456
54017199,4354,509180691,53199344,4613,-4412,72,6499,293366150,2115,293366170,2115,118,54,-2,-225,2412,24,-275,2405
54026764,4351,509180712,53199313,4614,-4411,73,6499,293366150,2115,293366180,2115,118,54,20,-225,2418,45,-275,2410
54036765,4349,509180733,53199282,4616,-4409,74,6499,293366150,2115,293366190,2115,117,54,-32,-308,2365,-6,-357,2357
54047062,4347,509180754,53199251,4617,-4407,75,6499,293366150,2115,293366200,2115,117,54,-84,-259,2330,-59,-308,2324
54058149,4345,509180774,53199220,4618,-4405,77,6499,293366150,2115,293366210,2115,116,55,-104,-158,2311,-79,-206,2307
54066922,4342,509180795,53199187,4619,-4403,78,6499,293366200,2115,293366220,2115,116,55,-36,-232,2354,-10,-280,2347
54077019,4340,509180816,53199156,4622,-4401,78,6499,293366200,2115,293366230,2115,116,56,2,-320,2443,29,-370,2434
54086762,4338,509180837,53199125,4624,-4399,79,6499,293366200,2115,293366240,2115,116,56,20,-328,2401,47,-376,2392
54096753,4335,509180857,53199095,4625,-4398,80,6499,293366200,2115,293366250,2115,116,56,-30,-198,2418,-3,-247,2412
54107476,4333,509180878,53199064,4627,-4396,81,6499,293366200,2115,293366260,2115,116,57,-66,-283,2351,-40,-331,2343
54116948,4331,509180899,53199031,4628,-4394,83,6499,293366250,2115,293366270,2115,117,57,-85,-266,2307,-59,-313,2300
54126745,4328,509180920,53199000,4629,-4392,85,6499,293366250,2115,293366280,2115,117,58,-88,-292,2268,-61,-339,2261
54137592,4326,509180941,53198969,4631,-4390,86,6499,293366250,2115,293366290,2115,118,59,-17,-270,2375,10,-319,2367
54146766,4324,509180961,53198938,4633,-4388,87,6499,293366250,2115,293366300,2115,118,59,-3,-301,2390,25,-351,2381
54157022,4321,509180982,53198908,4635,-4387,87,6499,293366250,2115,293366310,2115,119,59,-7,-262,2455,21,-313,2447
54167533,4319,509181003,53198875,4637,-4384,87,6499,293366300,2115,293366320,2115,120,59,-5,-326,2450,24,-377,2441
54176975,4317,509181024,53198844,4639,-4382,88,6499,293366300,2115,293366330,2115,120,59,-40,-287,2430,-12,-338,2422
54186764,4315,509181045,53198813,4641,-4380,89,6499,293366300,2115,293366340,2115,121,59,-57,-286,2406,-29,-338,2398
54196893,4312,509181066,53198782,4642,-4378,90,6499,293366300,2115,293366350,2115,122,59,-81,-239,2337,-54,-290,2330
54207704,4310,509181087,53198752,4643,-4377,91,6499,293366300,2115,293366360,2115,122,59,-72,-225,2351,-45,-276,2345
54217003,4308,509181107,53198719,4646,-4374,93,6499,293366350,2115,293366370,2115,123,59,0,-382,2370,28,-433,2360
54227044,4306,509181128,53198688,4648,-4372,93,6499,293366350,2115,293366380,2115,123,59,5,-322,2430,34,-375,2420
54236771,4303,509181149,53198658,4650,-4370,94,6499,293366350,2115,293366390,2115,124,59,-3,-285,2447,25,-338,2438
54246747,4301,509181170,53198627,4651,-4369,94,6499,293366350,2115,293366400,2115,124,58,-28,-166,2516,0,-221,2510
54257540,4299,509181191,53198596,4653,-4366,94,6499,293366350,2115,293366410,2115,123,59,-102,-374,2402,-74,-426,2392
54266923,4297,509181212,53198564,4655,-4364,94,6499,293366400,2115,293366420,2115,123,59,-87,-332,2579,-57,-388,2571
54276769,4295,509181233,53198533,4656,-4362,93,6499,293366400,2115,293366430,2115,123,59,-107,-215,2601,-78,-272,2595
54286784,4292,509181254,53198502,4657,-4360,92,6499,293366400,2115,293366440,2115,122,59,-62,-202,2610,-32,-258,2604
54296752,4290,509181275,53198472,4660,-4358,90,6499,293366400,2115,293366450,2115,122,59,23,-355,2802,56,-415,2792
54307520,4288,509181296,53198441,4661,-4358,90,6499,293366400,2115,293366460,2115,122,59,165,-97,2530,194,-150,2523
54316921,4286,509181317,53198409,4663,-4356,92,6499,293366450,2115,293366470,2115,123,58,-20,-268,2247,6,-316,2240
54326764,4283,509181338,53198378,4664,-4353,94,6499,293366450,2115,293366480,2115,124,58,-250,-320,2228,-224,-370,2221
54336757,4281,509181359,53198348,4665,-4350,95,6499,293366450,2115,293366490,2115,124,58,-208,-308,2371,-181,-360,2364
54346747,4279,509181380,53198317,4665,-4349,94,6499,293366450,2115,293366500,2115,123,58,-71,-55,2707,-41,-114,2704
54357003,4277,509181401,53198287,4669,-4347,92,6499,293366450,2115,293366510,2115,122,57,146,-419,2713,177,-476,2700
54366938,4275,509181422,53198254,4673,-4346,89,6499,293366500,2115,293366520,2115,121,56,289,-425,2861,320,-484,2846
54377295,4273,509181443,53198224,4674,-4345,87,6499,293366500,2115,293366530,2115,120,54,-67,-102,2778,-38,-161,2774
54386805,4271,509181464,53198193,4675,-4341,87,6499,293366500,2115,293366540,2115,120,53,-314,-443,2584,-286,-498,2575
54396776,4269,509181485,53198163,4673,-4341,87,6499,293366500,2115,293366550,2115,119,54,-155,161,2429,-131,109,2431
54407565,4267,509181506,53198132,4674,-4337,89,6499,293366500,2115,293366560,2115,118,54,-214,-372,2311,-188,-420,2303
54417677,4264,509181527,53198100,4677,-4335,88,6499,293366550,2115,293366570,2115,117,54,-13,-375,2567,14,-428,2557
54426761,4262,509181548,53198069,4680,-4333,86,6499,293366550,2115,293366580,2115,115,53,112,-455,2842,142,-512,2829
54436762,4260,509181569,53198039,4681,-4334,82,6499,293366550,2115,293366590,2115,113,53,210,104,2931,239,46,2928
54446756,4258,509181590,53198008,4684,-4333,79,6499,293366550,2115,293366600,2115,112,53,73,-268,2881,103,-324,2873
54457024,4255,509181611,53197978,4684,-4330,77,6499,293366550,2115,293366610,2115,110,53,-218,-274,2741,-189,-328,2735
54467835,4253,509181632,53197946,4683,-4328,79,6499,293366600,2115,293366620,2115,109,53,-371,-66,2407,-346,-114,2406
54476764,4250,509181653,53197915,4685,-4324,79,6499,293366600,2115,293366630,2115,107,54,-139,-377,2485,-112,-425,2477
54486756,4248,509181674,53197885,4687,-4322,79,6499,293366600,2115,293366640,2115,105,54,7,-374,2485,35,-420,2475
54496782,4245,509181695,53197855,4689,-4322,79,6499,293366600,2115,293366650,2115,104,55,114,-206,2551,141,-252,2544
54508217,4243,509181716,53197824,4692,-4321,77,6500,293366600,2115,293366660,2115,102,56,159,-242,2660,188,-289,2652
54516920,4241,509181737,53197792,4693,-4319,76,6500,293366650,2115,293366670,2115,100,56,-17,-268,2631,12,-314,2624
54526750,4238,509181758,53197762,4694,-4317,75,6500,293366650,2115,293366680,2115,97,57,-151,-259,2617,-122,-305,2612
54536759,4236,509181779,53197731,4695,-4314,76,6500,293366650,2115,293366690,2115,95,58,-184,-285,2419,-156,-326,2414
54546772,4234,509181800,53197701,4697,-4311,76,6500,293366650,2115,293366700,2115,93,60,-77,-329,2515,-47,-370,2508
54557073,4231,509181822,53197671,4699,-4310,75,6500,293366650,2115,293366710,2115,90,61,-16,-297,2647,15,-339,2640
54566909,4229,509181843,53197639,4701,-4308,74,6500,293366700,2115,293366720,2115,88,62,30,-277,2699,62,-319,2692
54576776,4227,509181864,53197608,4702,-4308,72,6500,293366700,2115,293366730,2115,86,63,47,-106,2693,79,-146,2688
54586773,4225,509181885,53197578,4703,-4305,75,6500,293366700,2115,293366740,2115,84,64,-129,-294,2159,-101,-326,2154
54596769,4223,509181906,53197548,4705,-4303,76,6500,293366700,2115,293366750,2115,82,66,-90,-355,2402,-59,-391,2396
54607001,4221,509181927,53197518,4705,-4301,77,6500,293366700,2115,293366760,2115,79,67,-211,-149,2379,-181,-183,2377
54617510,4219,509181948,53197486,4706,-4300,76,6500,293366750,2115,293366770,2115,75,67,31,-159,2532,63,-192,2527
54626763,4217,509181970,53197455,4710,-4298,77,6500,293366750,2115,293366780,2115,73,67,176,-446,2465,209,-477,2455
54636752,4215,509181991,53197425,4712,-4298,77,6500,293366750,2115,293366790,2115,71,67,129,-127,2412,160,-157,2407
54646781,4212,509182012,53197395,4713,-4296,78,6500,293366750,2115,293366800,2115,71,68,-110,-253,2415,-78,-284,2411
54657111,4210,509182033,53197365,4713,-4293,78,6500,293366750,2115,293366810,2115,72,68,-220,-270,2528,-186,-303,2525
54666898,4208,509182054,53197333,4712,-4292,79,6500,293366800,2115,293366820,2115,71,69,-274,-17,2335,-244,-48,2336
54676769,4206,509182075,53197303,4716,-4289,80,6500,293366800,2115,293366830,2115,70,70,102,-659,2408,137,-688,2397
54686751,4204,509182097,53197273,4717,-4288,80,6500,293366800,2115,293366840,2115,67,70,-37,-9,2524,-5,-40,2522
54696762,4202,509182118,53197242,4717,-4289,79,6500,293366800,2115,293366850,2115,66,70,81,-10,2573,114,-40,2570
54707251,4200,509182139,53197212,4721,-4286,77,6500,293366800,2115,293366860,2115,66,70,73,-521,2762,111,-552,2753
54716914,4198,509182160,53197180,4723,-4284,77,6500,293366850,2115,293366870,2115,66,69,43,-358,2519,77,-387,2512
54726749,4196,509182181,53197150,4722,-4283,80,6500,293366850,2115,293366880,2115,67,69,-255,-1,2122,-227,-27,2123
54736767,4194,509182203,53197120,4722,-4280,84,6500,293366850,2115,293366890,2115,67,70,-297,-257,2068,-269,-283,2067
54746776,4192,509182224,53197090,4723,-4278,85,6500,293366850,2115,293366900,2115,68,70,-68,-218,2312,-37,-246,2308
54757019,4190,509182245,53197060,4728,-4276,84,6500,293366850,2115,293366910,2115,68,70,204,-620,2696,241,-651,2684
54767010,4188,509182266,53197028,4731,-4276,83,6500,293366900,2115,293366920,2115,68,69,244,-153,2615,278,-183,2608
54776765,4186,509182288,53196998,4731,-4275,82,6500,293366900,2115,293366930,2115,69,68,-35,-93,2578,-2,-124,2575
54786775,4184,509182309,53196968,4732,-4273,82,6500,293366900,2115,293366940,2115,70,67,-169,-227,2515,-136,-259,2512
54797385,4182,509182330,53196938,4732,-4270,84,6500,293366900,2115,293366950,2115,72,67,-218,-296,2315,-188,-326,2312
54807015,4180,509182352,53196908,4734,-4268,86,6500,293366900,2115,293366960,2115,72,67,-121,-321,2228,-91,-350,2223
54817207,4178,509182373,53196876,4735,-4266,88,6500,293366950,2115,293366970,2115,73,67,-21,-301,2273,9,-330,2267
54827666,4176,509182394,53196846,4737,-4265,89,6500,293366950,2115,293366980,2115,73,67,45,-236,2325,75,-265,2319
54836747,4174,509182415,53196816,4740,-4263,89,6500,293366950,2115,293366990,2115,74,67,92,-322,2510,125,-355,2502
54846760,4173,509182437,53196786,4741,-4262,89,6500,293366950,2115,293367000,2115,75,67,21,-209,2462,52,-242,2457
54857034,4171,509182458,53196757,4742,-4260,90,6500,293366950,2115,293367010,2115,77,67,-107,-233,2437,-76,-266,2433
54866894,4169,509182479,53196725,4744,-4257,90,6500,293367000,2115,293367020,2115,79,68,-149,-378,2490,-116,-413,2484
54876775,4167,509182501,53196695,4745,-4255,91,6500,293367000,2115,293367030,2115,80,68,-88,-296,2416,-56,-331,2411
54886768,4165,509182522,53196665,4747,-4253,92,6500,293367000,2115,293367040,2115,80,69,18,-286,2351,50,-319,2345
54897325,4164,509182543,53196635,4749,-4251,95,6500,293367000,2115,293367050,2115,80,70,-31,-342,2082,-3,-372,2075
54907019,4162,509182565,53196605,4751,-4250,95,6500,293367000,2115,293367060,2115,80,71,12,-258,2491,46,-294,2485
54916919,4161,509182586,53196573,4751,-4249,97,6500,293367050,2115,293367070,2115,81,71,-105,-62,2320,-74,-96,2318
54926762,4159,509182607,53196544,4752,-4248,98,6500,293367050,2115,293367080,2115,82,72,-7,-194,2341,26,-228,2336
54936779,4157,509182629,53196514,4755,-4245,100,6500,293367050,2115,293367090,2115,84,73,22,-424,2214,54,-456,2206
54946769,4156,509182650,53196484,4756,-4244,102,6500,293367050,2115,293367100,2115,85,74,23,-175,2325,55,-210,2320
54957567,4154,509182671,53196454,4758,-4242,104,6500,293367050,2115,293367110,2115,87,74,-40,-356,2242,-7,-391,2235
54966907,4153,509182693,53196422,4759,-4240,104,6500,293367100,2115,293367120,2115,88,75,-51,-205,2488,-16,-244,2484
54976793,4151,509182714,53196393,4760,-4239,107,6500,293367100,2115,293367130,2115,88,76,-107,-169,2133,-76,-203,2130
54986821,4150,509182736,53196363,4761,-4238,109,6500,293367100,2115,293367140,2115,88,78,-29,-95,2269,4,-130,2266
54996768,4148,509182757,53196333,4762,-4236,112,6500,293367100,2115,293367150,2115,88,79,-97,-233,2157,-64,-267,2153
55008135,4147,509182778,53196303,4764,-4236,113,6500,293367100,2115,293367160,2115,89,81,99,-176,2331,134,-212,2325
55016895,4145,509182800,53196272,4766,-4233,114,6500,293367150,2115,293367170,2115,89,82,-26,-452,2323,11,-489,2314
55026756,4143,509182821,53196242,4768,-4231,116,6500,293367150,2115,293367180,2115,90,83,-20,-268,2313,17,-304,2307
55036781,4142,509182843,53196212,4767,-4231,117,6500,293367150,2115,293367190,2115,90,85,-103,57,2350,-67,19,2350
55046765,4140,509182864,53196183,4769,-4229,119,6500,293367150,2115,293367200,2115,91,87,-51,-228,2281,-14,-265,2276
55057545,4139,509182886,53196153,4770,-4227,121,6500,293367150,2115,293367210,2115,91,90,-46,-243,2198,-8,-278,2193
55066914,4138,509182907,53196121,4771,-4227,124,6500,293367200,2115,293367220,2115,90,92,12,-174,2220,50,-209,2215
55077651,4136,509182929,53196092,4773,-4226,126,6500,293367200,2115,293367230,2115,90,93,-2,-183,2223,37,-219,2217
55086773,4135,509182950,53196062,4774,-4224,128,6500,293367200,2115,293367240,2115,91,95,-44,-196,2198,-5,-231,2193
55096779,4133,509182971,53196032,4775,-4223,130,6500,293367200,2115,293367250,2115,90,97,-1,-136,2225,39,-172,2220
55107705,4132,509182993,53196003,4776,-4222,133,6500,293367200,2115,293367260,2115,90,98,-18,-171,2117,21,-205,2112
55116898,4130,509183014,53195971,4778,-4221,137,6500,293367250,2115,293367270,2115,90,100,-39,-205,2113,1,-239,2109
55126783,4129,509183036,53195941,4779,-4219,140,6500,293367250,2115,293367280,2115,89,103,-36,-214,2100,4,-247,2095
55137454,4127,509183057,53195912,4779,-4219,143,6500,293367250,2115,293367290,2115,89,105,-37,-51,2151,5,-85,2148
55147066,4126,509183079,53195882,4781,-4217,144,6500,293367250,2115,293367300,2115,90,107,-37,-212,2315,9,-248,2310
55157001,4124,509183100,53195853,4782,-4216,144,6500,293367250,2115,293367310,2115,90,109,-11,-239,2503,40,-279,2497
55166914,4123,509183122,53195821,4784,-4215,145,6500,293367300,2115,293367320,2115,91,111,49,-142,2428,99,-181,2422
55176782,4122,509183143,53195792,4785,-4215,148,6500,293367300,2115,293367330,2115,90,113,-24,-107,2076,19,-140,2073
55186767,4120,509183165,53195762,4786,-4213,152,6500,293367300,2115,293367340,2115,89,115,-118,-212,2049,-74,-245,2046
55196879,4119,509183186,53195732,4786,-4211,153,6500,293367300,2115,293367350,2115,88,117,-141,-157,2311,-91,-194,2309
55207045,4118,509183208,53195703,4787,-4210,156,6500,293367300,2115,293367360,2115,88,119,-67,-153,2124,-20,-186,2121
55217047,4116,509183229,53195671,4789,-4210,158,6500,293367350,2115,293367370,2115,87,120,137,-199,2230,187,-232,2222
55226815,4115,509183251,53195642,4791,-4209,160,6500,293367350,2115,293367380,2115,88,121,76,-194,2251,126,-228,2244
55236741,4113,509183272,53195612,4792,-4208,162,6500,293367350,2115,293367390,2115,88,121,0,-129,2308,51,-164,2304
55246768,4112,509183294,53195583,4793,-4207,163,6500,293367350,2115,293367400,2115,88,122,-132,-160,2408,-78,-198,2406
55257006,4110,509183316,53195553,4794,-4205,163,6500,293367350,2115,293367410,2115,87,122,-88,-174,2457,-33,-212,2454
55266916,4109,509183337,53195522,4795,-4205,165,6500,293367400,2115,293367420,2115,86,123,39,-236,2253,90,-270,2246
55277013,4108,509183359,53195492,4796,-4203,166,6500,293367400,2115,293367430,2115,85,123,-72,-137,2328,-19,-172,2325
55286772,4106,509183380,53195463,4796,-4204,167,6500,293367400,2115,293367440,2115,84,122,-29,148,2457,24,111,2457
55296757,4105,509183402,53195433,4799,-4202,166,6500,293367400,2115,293367450,2115,84,121,24,-428,2649,84,-467,2639
55307008,4103,509183423,53195404,4801,-4200,165,6500,293367400,2115,293367460,2115,84,121,-15,-329,2545,42,-367,2537
55316907,4102,509183445,53195372,4801,-4200,166,6500,293367450,2115,293367470,2115,84,120,-61,55,2383,-10,19,2383
55326758,4101,509183466,53195343,4802,-4199,166,6500,293367450,2115,293367480,2115,84,120,-54,-168,2542,1,-206,2538
55336773,4099,509183488,53195313,4804,-4197,165,6500,293367450,2115,293367490,2115,84,118,-17,-308,2614,40,-346,2607
55346780,4098,509183510,53195284,4805,-4196,164,6500,293367450,2115,293367500,2115,83,117,-3,-149,2592,52,-187,2587
55357005,4097,509183531,53195254,4806,-4196,163,6500,293367450,2115,293367510,2115,82,116,21,-66,2644,77,-104,2640
55366906,4096,509183553,53195223,4807,-4194,162,6500,293367500,2115,293367520,2115,83,114,-74,-182,2672,-18,-221,2668
55376743,4095,509183574,53195194,4808,-4193,161,6500,293367500,2115,293367530,2115,83,113,-82,-217,2683,-27,-257,2678
55386786,4093,509183596,53195164,4810,-4191,159,6500,293367500,2115,293367540,2115,83,111,-29,-216,2746,27,-256,2741
55397232,4092,509183618,53195135,4811,-4190,157,6500,293367500,2115,293367550,2115,84,110,-12,-133,2682,41,-173,2677
55406999,4092,509183639,53195105,4812,-4189,156,6500,293367500,2115,293367560,2115,84,108,-5,-192,2703,49,-232,2698
55416913,4091,509183661,53195074,4813,-4189,154,6500,293367550,2115,293367570,2115,84,107,-21,-116,2748,33,-156,2744
55426772,4090,509183683,53195045,4814,-4187,152,6500,293367550,2115,293367580,2115,84,105,-69,-148,2726,-16,-189,2722
55436775,4089,509183704,53195015,4815,-4186,150,6500,293367550,2115,293367590,2115,85,104,-52,-116,2832,2,-158,2828
55446810,4088,509183726,53194986,4816,-4185,147,6500,293367550,2115,293367600,2115,86,102,-16,-158,2790,36,-201,2785
55457175,4087,509183748,53194956,4818,-4184,145,6500,293367550,2115,293367610,2115,88,101,11,-183,2832,63,-227,2826
55466908,4086,509183769,53194925,4819,-4183,143,6500,293367600,2115,293367620,2115,89,100,-24,-178,2743,26,-221,2738
55477685,4085,509183791,53194896,4820,-4182,141,6500,293367600,2115,293367630,2115,90,99,-54,-132,2757,-3,-176,2753
55486769,4084,509183812,53194866,4821,-4181,139,6500,293367600,2115,293367640,2115,92,98,-62,-125,2747,-13,-169,2744
55497070,4084,509183834,53194837,4821,-4180,136,6500,293367600,2115,293367650,2115,94,98,-83,-150,2851,-32,-198,2847
55507062,4083,509183856,53194808,4823,-4179,134,6500,293367600,2115,293367660,2115,96,98,-10,-132,2763,40,-179,2759
55516904,4082,509183877,53194776,4824,-4178,132,6500,293367650,2115,293367670,2115,98,98,4,-111,2742,53,-158,2738
55526790,4081,509183899,53194747,4825,-4177,131,6501,293367650,2115,293367680,2115,100,99,-39,-126,2692,9,-174,2688
55537129,4080,509183921,53194718,4826,-4176,130,6501,293367650,2115,293367690,2115,103,99,-31,-192,2671,18,-241,2666
55546780,4080,509183943,53194688,4827,-4175,128,6501,293367650,2115,293367700,2115,105,100,-58,-156,2679,-8,-206,2674
55557033,4079,509183964,53194659,4828,-4174,127,6501,293367650,2115,293367710,2115,107,102,-54,-110,2657,-5,-160,2653
55566920,4078,509183986,53194628,4828,-4173,126,6501,293367700,2115,293367720,2115,110,103,-34,-100,2580,15,-150,2576
55576762,4078,509184008,53194599,4829,-4172,126,6501,293367700,2115,293367730,2115,113,105,-19,-99,2564,30,-150,2559
55586794,4077,509184029,53194569,4831,-4171,126,6501,293367700,2115,293367740,2115,116,107,-10,-139,2544,39,-191,2538
55596803,4076,509184051,53194540,4832,-4171,125,6501,293367700,2115,293367750,2115,119,108,14,-128,2514,64,-180,2508
55607026,4076,509184073,53194511,4833,-4170,126,6501,293367700,2115,293367760,2115,121,110,-54,-100,2480,-4,-153,2476
55617538,4075,509184094,53194480,4834,-4169,126,6501,293367750,2115,293367770,2115,123,112,-61,-88,2477,-10,-142,2474
55626806,4075,509184116,53194450,4834,-4168,127,6501,293367750,2115,293367780,2115,126,114,-37,-80,2421,13,-134,2417
55636777,4074,509184138,53194421,4836,-4167,127,6501,293367750,2115,293367790,2115,128,115,0,-120,2404,51,-174,2399
55646785,4073,509184160,53194392,4836,-4167,128,6501,293367750,2115,293367800,2115,130,117,24,-50,2391,74,-104,2387
55657017,4073,509184181,53194363,4837,-4167,130,6501,293367750,2115,293367810,2115,132,118,-17,-47,2325,33,-101,2321
55666916,4072,509184203,53194331,4838,-4166,131,6501,293367800,2115,293367820,2115,134,119,-42,-72,2362,9,-127,2358
55676756,4071,509184225,53194302,4839,-4165,132,6501,293367800,2115,293367830,2115,135,120,-32,-89,2355,20,-145,2351
55686763,4071,509184247,53194273,4840,-4165,133,6501,293367800,2115,293367840,2115,137,121,-16,-80,2388,37,-137,2383
55697585,4070,509184268,53194244,4840,-4164,134,6501,293367800,2115,293367850,2115,139,121,-18,-45,2367,34,-103,2363
55707024,4069,509184290,53194215,4841,-4164,135,6501,293367800,2115,293367860,2115,140,122,-33,-36,2405,21,-95,2401
55716925,4068,509184312,53194183,4842,-4163,135,6501,293367850,2115,293367870,2115,142,122,-7,-57,2464,48,-118,2459
55726752,4068,509184334,53194154,4843,-4163,136,6501,293367850,2115,293367880,2115,143,122,-4,-70,2407,49,-131,2402
55737360,4067,509184355,53194125,4844,-4162,137,6501,293367850,2115,293367890,2115,144,121,-30,-37,2419,23,-99,2415
55746771,4066,509184377,53194096,4844,-4162,138,6501,293367850,2115,293367900,2115,145,120,-56,-50,2401,-3,-111,2398
55757031,4065,509184399,53194067,4845,-4161,138,6501,293367850,2115,293367910,2115,146,119,-72,-38,2402,-20,-100,2399
55766903,4065,509184421,53194036,4845,-4160,138,6501,293367900,2115,293367920,2115,146,118,-36,-92,2488,18,-157,2483
55777090,4064,509184443,53194006,4846,-4160,138,6501,293367900,2115,293367930,2115,147,117,9,-26,2594,63,-93,2590
55786766,4063,509184464,53193977,4847,-4160,138,6501,293367900,2115,293367940,2115,147,115,18,2,2487,70,-62,2484
55796852,4062,509184486,53193948,4848,-4159,138,6501,293367900,2115,293367950,2115,147,113,18,-66,2504,69,-130,2499
55808172,4062,509184508,53193919,4848,-4159,139,6501,293367900,2115,293367960,2115,146,111,-73,-19,2367,-25,-80,2365
55816909,4061,509184530,53193888,4849,-4158,139,6501,293367950,2115,293367970,2115,146,109,-102,-15,2452,-54,-79,2451
55827555,4060,509184552,53193859,4849,-4157,140,6501,293367950,2115,293367980,2115,146,107,-93,-35,2481,-44,-99,2478
55836920,4059,509184573,53193829,4849,-4157,139,6501,293367950,2115,293367990,2115,145,106,-29,13,2590,21,-54,2588
55846801,4059,509184595,53193800,4850,-4157,138,6501,293367950,2115,293368000,2115,144,104,14,-29,2620,64,-95,2616
55857575,4058,509184617,53193771,4851,-4157,136,6501,293367950,2115,293368010,2115,144,102,39,-8,2698,89,-76,2694
55866909,4057,509184639,53193740,4851,-4156,135,6501,293368000,2115,293368020,2115,143,101,-65,-12,2677,-16,-80,2674
55876773,4056,509184661,53193711,4851,-4156,134,6501,293368000,2115,293368030,2115,142,99,-100,15,2667,-52,-52,2666
55886884,4055,509184682,53193682,4851,-4154,133,6501,293368000,2115,293368040,2115,141,98,-119,-95,2535,-74,-159,2532
55896786,4054,509184704,53193653,4852,-4154,133,6501,293368000,2115,293368050,2115,140,97,-68,-26,2510,-24,-88,2507
55907115,4053,509184726,53193623,4852,-4153,134,6501,293368000,2115,293368060,2115,139,96,-51,27,2420,-9,-33,2419
55917173,4053,509184748,53193592,4853,-4153,134,6501,293368050,2115,293368070,2115,137,95,35,-12,2554,79,-73,2550
55926783,4052,509184770,53193563,4854,-4153,133,6501,293368050,2115,293368080,2115,136,94,39,-58,2601,84,-120,2596
55937265,4051,509184791,53193534,4854,-4152,132,6501,293368050,2115,293368090,2115,135,93,-31,-61,2591,13,-122,2587
55947268,4050,509184813,53193505,4854,-4152,131,6501,293368050,2115,293368100,2115,134,92,-91,15,2654,-47,-48,2653
55957010,4049,509184835,53193476,4855,-4151,130,6501,293368050,2115,293368110,2115,133,92,-94,-76,2615,-50,-138,2612
55967283,4048,509184857,53193445,4855,-4150,130,6501,293368100,2115,293368120,2115,132,91,-44,-11,2569,-1,-71,2567
55977306,4047,509184879,53193416,4856,-4150,129,6501,293368100,2115,293368130,2115,132,91,-25,-69,2571,18,-129,2567
55986799,4046,509184901,53193387,4857,-4150,128,6501,293368100,2115,293368140,2115,131,91,-2,-13,2615,41,-73,2611
55996777,4045,509184922,53193357,4857,-4149,128,6501,293368100,2115,293368150,2115,130,91,-81,-64,2589,-38,-123,2586
56007387,4044,509184944,53193328,4858,-4148,127,6501,293368100,2115,293368160,2115,130,91,-41,-56,2613,2,-116,2610
56017646,4043,509184966,53193297,4858,-4147,127,6501,293368150,2115,293368170,2115,129,91,-91,4,2531,-49,-54,2530
56026779,4042,509184988,53193268,4858,-4147,126,6501,293368150,2115,293368180,2115,130,92,-37,-41,2631,7,-101,2628
56037655,4041,509185010,53193239,4859,-4146,125,6501,293368150,2115,293368190,2115,130,92,-23,-71,2634,21,-131,2630
56046777,4040,509185032,53193210,4860,-4146,124,6501,293368150,2115,293368200,2115,130,92,-5,-52,2580,39,-111,2576
56057023,4039,509185053,53193181,4861,-4145,124,6501,293368150,2115,293368210,2115,131,93,-14,-129,2520,29,-187,2514
56066914,4038,509185075,53193150,4861,-4144,124,6501,293368200,2115,293368220,2115,131,93,-92,-80,2439,-50,-136,2435
56076763,4038,509185097,53193121,4861,-4143,125,6501,293368200,2115,293368230,2115,131,94,-90,0,2425,-49,-56,2423
56086750,4037,509185119,53193092,4862,-4143,125,6501,293368200,2115,293368240,2115,131,94,-36,-58,2519,8,-116,2516
56097593,4036,509185141,53193063,4863,-4142,124,6501,293368200,2115,293368250,2115,131,95,-20,-76,2543,24,-134,2539
56107027,4035,509185163,53193034,4864,-4141,124,6501,293368200,2115,293368260,2115,130,95,5,-84,2573,50,-143,2568
56116929,4034,509185185,53193003,4864,-4141,123,6501,293368250,2115,293368270,2115,130,96,-20,-83,2618,26,-144,2614
56126772,4033,509185206,53192974,4865,-4140,122,6501,293368250,2115,293368280,2115,131,96,-58,-95,2574,-13,-154,2570
56137069,4033,509185228,53192945,4865,-4139,122,6501,293368250,2115,293368290,2115,131,96,-59,-29,2566,-14,-88,2563
56146772,4032,509185250,53192915,4866,-4138,122,6501,293368250,2115,293368300,2115,131,97,-101,-48,2427,-57,-104,2425
56157070,4031,509185272,53192886,4866,-4137,123,6501,293368250,2115,293368310,2115,131,97,-77,-61,2443,-33,-117,2440
56166909,4030,509185294,53192855,4867,-4136,123,6501,293368300,2115,293368320,2115,130,98,-32,-144,2448,13,-200,2442
56177051,4029,509185316,53192826,4868,-4136,123,6501,293368300,2115,293368330,2115,130,98,19,11,2587,65,-48,2584
56187554,4029,509185338,53192797,4869,-4136,122,6501,293368300,2115,293368340,2115,130,98,12,-49,2574,58,-108,2570
56196786,4028,509185360,53192768,4869,-4135,122,6501,293368300,2115,293368350,2115,129,97,-33,-53,2579,13,-112,2576
56207053,4027,509185381,53192739,4870,-4134,121,6501,293368300,2115,293368360,2115,130,97,-88,-124,2541,-43,-183,2537
56217714,4026,509185403,53192708,4870,-4133,121,6501,293368350,2115,293368370,2115,130,97,-90,-43,2546,-44,-101,2544
56226761,4026,509185425,53192679,4871,-4132,121,6501,293368350,2115,293368380,2115,130,97,-82,-4,2496,-38,-61,2495
56236765,4025,509185447,53192651,4871,-4132,121,6501,293368350,2115,293368390,2115,129,97,-35,-81,2514,9,-138,2509
56247389,4024,509185469,53192622,4872,-4131,121,6501,293368350,2115,293368400,2115,129,96,-2,-104,2578,44,-163,2573
56257333,4024,509185491,53192593,4873,-4130,120,6501,293368350,2115,293368410,2115,129,96,-28,-61,2571,17,-120,2567
56266954,4023,509185513,53192562,4874,-4130,119,6501,293368400,2115,293368420,2115,129,96,-27,-82,2572,18,-141,2567
56276993,4022,509185535,53192533,4874,-4129,119,6501,293368400,2115,293368430,2115,129,95,-77,-33,2543,-32,-91,2541
56286787,4021,509185557,53192504,4874,-4128,119,6501,293368400,2115,293368440,2115,129,95,-94,-5,2548,-50,-64,2547
56296798,4021,509185578,53192475,4875,-4127,118,6501,293368400,2115,293368450,2115,129,94,-19,-108,2569,25,-166,2564
56307984,4020,509185600,53192446,4875,-4127,118,6501,293368400,2115,293368460,2115,130,94,-45,-58,2536,-2,-116,2533
56316925,4020,509185622,53192415,4876,-4126,117,6501,293368450,2115,293368470,2115,130,94,-12,-79,2573,32,-137,2568
56326769,4019,509185644,53192386,4877,-4126,117,6501,293368450,2115,293368480,2115,130,93,-47,-16,2552,-3,-74,2550
56337293,4018,509185666,53192357,4877,-4125,117,6501,293368450,2115,293368490,2115,130,93,-52,-9,2558,-9,-68,2556
56346781,4018,509185688,53192328,4877,-4124,115,6501,293368450,2115,293368500,2115,131,93,-66,-54,2645,-21,-115,2642
56357079,4017,509185710,53192299,4878,-4124,115,6501,293368450,2115,293368510,2115,131,92,-30,-73,2542,13,-131,2537
56366935,4016,509185732,53192268,4879,-4123,115,6501,293368500,2115,293368520,2115,132,92,-36,-44,2575,8,-104,2571
56377568,4016,509185754,53192239,4879,-4123,115,6501,293368500,2115,293368530,2115,132,91,-36,-72,2495,6,-130,2491
56386782,4015,509185776,53192210,4880,-4122,114,6501,293368500,2115,293368540,2115,133,90,-46,-34,2557,-4,-94,2554
56397728,4014,509185798,53192181,4880,-4121,114,6501,293368500,2115,293368550,2115,133,90,-53,-29,2531,-12,-89,2528
56407214,4014,509185820,53192152,4880,-4121,114,6501,293368500,2115,293368560,2115,134,89,-52,12,2558,-10,-48,2556
56417630,4013,509185842,53192122,4881,-4120,114,6501,293368550,2115,293368570,2115,134,88,-42,-99,2500,-1,-158,2496
56427719,4012,509185863,53192093,4882,-4119,113,6501,293368550,2115,293368580,2115,135,87,-25,-110,2585,17,-171,2580
56436767,4011,509185885,53192064,4882,-4119,113,6501,293368550,2115,293368590,2115,135,86,-36,-7,2547,4,-68,2545
56446751,4011,509185907,53192035,4883,-4118,112,6501,293368550,2115,293368600,2115,136,85,-20,-47,2637,22,-110,2633
56458038,4010,509185929,53192006,4884,-4117,111,6501,293368550,2115,293368610,2115,136,84,-46,-47,2631,-5,-110,2627
56466918,4009,509185951,53191975,4884,-4117,110,6501,293368600,2115,293368620,2115,137,83,-80,-52,2566,-40,-114,2563
56476819,4009,509185973,53191946,4884,-4116,109,6501,293368600,2115,293368630,2115,137,82,-56,-26,2619,-16,-90,2616
56486771,4008,509185995,53191917,4885,-4115,109,6501,293368600,2115,293368640,2115,137,81,-52,-55,2595,-13,-118,2592
56496791,4007,509186017,53191889,4885,-4115,108,6501,293368600,2115,293368650,2115,138,80,-22,-29,2622,17,-92,2619
56507066,4007,509186039,53191860,4886,-4114,107,6501,293368600,2115,293368660,2115,138,79,-9,-82,2548,29,-144,2543
56518159,4006,509186061,53191829,4887,-4113,106,6501,293368650,2115,293368670,2115,138,77,-45,-46,2602,-7,-110,2599
56526788,4006,509186083,53191800,4887,-4113,106,6501,293368650,2115,293368680,2115,138,76,-55,-50,2554,-18,-113,2550
56536785,4005,509186105,53191771,4888,-4112,105,6501,293368650,2115,293368690,2115,138,75,-62,-7,2571,-26,-70,2569
56546841,4004,509186127,53191742,4888,-4111,105,6501,293368650,2115,293368700,2115,138,75,-51,-51,2557,-15,-114,2553
56557164,4004,509186149,53191713,4889,-4111,104,6502,293368650,2115,293368710,2115,138,74,-43,-60,2641,-7,-125,2637
56566905,4003,509186171,53191683,4889,-4110,103,6502,293368700,2115,293368720,2115,138,73,-39,-23,2648,-3,-87,2645
56576899,4002,509186193,53191654,4889,-4109,102,6502,293368700,2115,293368730,2115,137,73,-27,-4,2654,8,-68,2651
56586805,4002,509186215,53191625,4890,-4109,101,6502,293368700,2115,293368740,2115,137,72,-68,-25,2582,-33,-87,2579
56596763,4001,509186237,53191596,4890,-4108,101,6502,293368700,2115,293368750,2115,137,73,-55,-5,2571,-20,-67,2568
56607780,4000,509186259,53191567,4890,-4107,100,6502,293368700,2115,293368760,2115,137,73,-93,-79,2528,-59,-140,2524
56616911,4000,509186281,53191537,4890,-4107,100,6502,293368750,2115,293368770,2115,137,73,-64,-11,2548,-30,-72,2546
56626838,3999,509186303,53191508,4891,-4106,100,6502,293368750,2115,293368780,2115,137,74,-38,-9,2512,-3,-70,2509
56637002,3998,509186325,53191479,4891,-4105,100,6502,293368750,2115,293368790,2115,138,74,-8,-70,2534,27,-132,2530
56646753,3997,509186347,53191450,4892,-4105,100,6502,293368750,2115,293368800,2115,138,75,-26,-37,2544,9,-99,2541
56657813,3997,509186369,53191421,4892,-4104,100,6502,293368750,2115,293368810,2115,138,76,-50,-40,2487,-15,-100,2484
56667299,3996,509186391,53191391,4892,-4104,100,6502,293368800,2115,293368820,2115,138,77,-84,6,2437,-50,-54,2435
56676859,3995,509186413,53191362,4893,-4103,101,6502,293368800,2115,293368830,2115,139,78,-76,-50,2395,-42,-109,2393
56686764,3994,509186435,53191333,4893,-4102,102,6502,293368800,2115,293368840,2115,139,79,-27,-73,2430,9,-132,2426
56696773,3994,509186457,53191304,4894,-4102,103,6502,293368800,2115,293368850,2115,140,81,-37,-17,2390,-1,-76,2387
56707033,3993,509186479,53191276,4894,-4101,103,6502,293368800,2115,293368860,2115,141,82,-20,-32,2450,17,-92,2447
56716930,3992,509186501,53191245,4895,-4100,103,6502,293368850,2115,293368870,2115,142,83,-35,-73,2443,2,-134,2439
56726836,3991,509186523,53191216,4895,-4100,104,6502,293368850,2115,293368880,2115,143,85,-50,-44,2429,-12,-105,2425
56736794,3990,509186545,53191187,4896,-4099,105,6502,293368850,2115,293368890,2115,145,86,-51,-93,2385,-13,-154,2381
56746787,3990,509186567,53191159,4896,-4098,106,6502,293368850,2115,293368900,2115,146,88,-62,-48,2346,-24,-108,2343
56757421,3989,509186589,53191130,4897,-4097,108,6502,293368850,2115,293368910,2115,148,89,-58,-17,2263,-21,-76,2261
56766911,3988,509186611,53191099,4897,-4097,109,6502,293368900,2115,293368920,2115,149,90,-31,-50,2318,7,-110,2315
56776858,3987,509186633,53191070,4898,-4096,111,6502,293368900,2115,293368930,2115,150,92,-12,-82,2363,28,-145,2358
56786770,3987,509186655,53191042,4899,-4096,111,6502,293368900,2115,293368940,2115,151,93,-14,-60,2402,27,-124,2398
56796767,3986,509186677,53191013,4899,-4095,113,6502,293368900,2115,293368950,2115,152,93,-53,-32,2340,-13,-95,2337
56807011,3985,509186699,53190984,4900,-4094,114,6502,293368900,2115,293368960,2115,153,94,-59,-38,2355,-18,-101,2352
56817382,3984,509186721,53190953,4900,-4094,115,6502,293368950,2115,293368970,2115,155,95,-52,-52,2330,-12,-115,2327
56826831,3983,509186743,53190925,4901,-4093,116,6502,293368950,2115,293368980,2115,156,95,-35,-79,2357,6,-143,2352
56836784,3983,509186765,53190896,4902,-4092,118,6502,293368950,2115,293368990,2115,157,96,-21,-10,2330,20,-74,2328
56846780,3982,509186787,53190867,4902,-4092,119,6502,293368950,2115,293369000,2115,157,96,-31,-51,2346,10,-116,2342
56857009,3981,509186809,53190839,4903,-4091,120,6502,293368950,2115,293369010,2115,158,96,-45,-72,2394,-2,-139,2389
56866972,3980,509186831,53190808,4904,-4090,121,6502,293369000,2115,293369020,2115,158,96,-25,-52,2377,17,-118,2373
56876831,3979,509186853,53190779,4904,-4090,122,6502,293369000,2115,293369030,2115,159,95,-40,-5,2396,1,-72,2393
56886805,3979,509186875,53190751,4905,-4089,122,6502,293369000,2115,293369040,2115,159,95,-22,-85,2406,20,-152,2401
56897424,3978,509186897,53190722,4905,-4089,123,6502,293369000,2115,293369050,2115,158,94,-56,-16,2378,-15,-83,2376
56908140,3977,509186919,53190693,4905,-4088,124,6502,293369000,2115,293369060,2115,158,93,-62,-23,2449,-20,-91,2446
56916948,3976,509186941,53190662,4906,-4087,124,6502,293369050,2115,293369070,2115,158,92,-19,-54,2493,23,-123,2489
56926841,3975,509186963,53190634,4907,-4086,124,6502,293369050,2115,293369080,2115,157,91,-32,-70,2529,10,-140,2524
56936797,3974,509186985,53190605,4908,-4086,124,6502,293369050,2115,293369090,2115,157,89,-39,-31,2498,1,-100,2495
56946783,3973,509187007,53190577,4908,-4085,123,6502,293369050,2115,293369100,2115,157,88,-51,-80,2556,-10,-151,2551
56957082,3972,509187029,53190548,4909,-4084,123,6502,293369050,2115,293369110,2115,156,86,-54,-11,2549,-13,-82,2547
56966925,3971,509187051,53190517,4909,-4083,123,6502,293369100,2115,293369120,2115,156,84,-69,-41,2533,-30,-111,2530
56977368,3970,509187073,53190489,4910,-4082,122,6502,293369100,2115,293369130,2115,155,83,-35,-94,2566,5,-164,2561
56986781,3969,509187096,53190460,4910,-4082,122,6502,293369100,2115,293369140,2115,155,81,-25,-35,2611,14,-106,2607
56996770,3968,509187118,53190431,4911,-4081,121,6502,293369100,2115,293369150,2115,154,79,-64,-110,2579,-26,-180,2574
57007060,3967,509187140,53190403,4911,-4080,120,6502,293369100,2115,293369160,2115,153,78,-63,-4,2605,-26,-74,2602
57016908,3966,509187162,53190372,4912,-4079,119,6502,293369150,2115,293369170,2115,152,76,-68,-47,2615,-31,-117,2612
57027093,3965,509187184,53190343,4912,-4079,118,6502,293369150,2115,293369180,2115,151,75,-35,-64,2673,2,-135,2669
57036776,3964,509187206,53190315,4913,-4078,116,6502,293369150,2115,293369190,2115,151,73,-39,-104,2697,-2,-176,2691
57046780,3963,509187228,53190286,4914,-4077,115,6502,293369150,2115,293369200,2115,150,72,-47,-36,2682,-11,-107,2679
57057710,3962,509187250,53190258,4914,-4076,114,6502,293369150,2115,293369210,2115,149,70,-84,-54,2695,-48,-125,2691
57066909,3961,509187272,53190227,4914,-4075,112,6502,293369200,2115,293369220,2115,148,69,-57,-53,2708,-22,-124,2705
57076836,3960,509187294,53190199,4915,-4074,111,6502,293369200,2115,293369230,2115,147,68,-58,-100,2677,-24,-169,2672
57086803,3959,509187316,53190170,4915,-4073,109,6502,293369200,2115,293369240,2115,146,67,-41,-5,2702,-8,-75,2700
57096794,3958,509187338,53190141,4916,-4072,108,6502,293369200,2115,293369250,2115,146,67,-43,-75,2667,-10,-143,2663
57107698,3957,509187360,53190113,4917,-4071,106,6502,293369200,2115,293369260,2115,146,66,-57,-71,2674,-24,-139,2670
57116907,3956,509187383,53190082,4917,-4070,105,6502,293369250,2115,293369270,2115,145,65,-56,-96,2706,-23,-165,2701
57126838,3955,509187405,53190054,4918,-4070,103,6502,293369250,2115,293369280,2115,144,65,-40,-45,2718,-7,-114,2714
57137717,3954,509187427,53190025,4918,-4069,102,6502,293369250,2115,293369290,2115,144,65,-71,8,2607,-39,-58,2605
57146773,3954,509187449,53189997,4919,-4068,101,6502,293369250,2115,293369300,2115,143,65,-41,-114,2639,-8,-181,2634
57157012,3953,509187471,53189968,4919,-4067,101,6502,293369250,2115,293369310,2115,143,66,-64,-70,2596,-32,-135,2592
57166920,3952,509187493,53189938,4920,-4066,99,6502,293369300,2115,293369320,2115,142,67,-56,-52,2690,-23,-119,2686
57177240,3951,509187515,53189909,4920,-4066,98,6502,293369300,2115,293369330,2115,142,68,-23,-6,2651,10,-73,2648
57186792,3950,509187537,53189881,4921,-4065,97,6502,293369300,2115,293369340,2115,142,69,-70,-83,2630,-36,-149,2625
57196768,3949,509187559,53189852,4921,-4063,96,6502,293369300,2115,293369350,2115,142,70,-58,-111,2595,-24,-176,2590
57207108,3948,509187582,53189824,4922,-4062,96,6502,293369300,2115,293369360,2115,141,71,-58,-102,2553,-24,-166,2549
57217272,3947,509187604,53189793,4922,-4062,96,6502,293369350,2115,293369370,2115,140,73,-67,44,2513,-34,-18,2512
57226860,3946,509187626,53189765,4923,-4061,96,6502,293369350,2115,293369380,2115,140,74,-40,-95,2511,-5,-157,2507
57236803,3945,509187648,53189736,4923,-4060,96,6502,293369350,2115,293369390,2115,139,76,-30,-75,2486,5,-136,2481
57246754,3944,509187670,53189708,4924,-4059,96,6502,293369350,2115,293369400,2115,138,78,-30,-64,2462,5,-124,2458
57257052,3943,509187692,53189679,4925,-4059,97,6502,293369350,2115,293369410,2115,137,79,-35,-73,2465,2,-133,2461
57266945,3942,509187714,53189649,4925,-4058,97,6502,293369400,2115,293369420,2115,136,81,-52,-28,2413,-15,-86,2410
57276853,3942,509187736,53189620,4926,-4057,98,6502,293369400,2115,293369430,2115,135,83,-51,-115,2413,-13,-173,2409
57286775,3941,509187759,53189592,4927,-4056,99,6502,293369400,2115,293369440,2115,134,85,-38,-102,2388,0,-158,2383
57297417,3940,509187781,53189563,4927,-4055,100,6502,293369400,2115,293369450,2115,133,87,-50,-45,2377,-12,-101,2374
57307023,3939,509187803,53189535,4927,-4055,101,6502,293369400,2115,293369460,2115,132,89,-46,-26,2412,-7,-82,2409
57316919,3938,509187825,53189505,4928,-4054,102,6502,293369450,2115,293369470,2115,131,90,-40,-66,2364,0,-121,2361
57326829,3937,509187847,53189476,4929,-4053,103,6502,293369450,2115,293369480,2115,129,92,-22,-150,2388,19,-205,2382
57336783,3936,509187869,53189448,4930,-4052,104,6502,293369450,2115,293369490,2115,128,94,-47,-91,2314,-6,-143,2310
57346764,3935,509187891,53189419,4930,-4052,106,6502,293369450,2115,293369500,2115,126,95,-61,32,2306,-21,-19,2305
57356957,3934,509187914,53189391,4930,-4051,107,6502,293369450,2115,293369510,2115,124,97,-58,-85,2298,-17,-135,2294
57366898,3933,509187936,53189360,4931,-4050,109,6502,293369500,2115,293369520,2115,122,98,-20,-113,2317,22,-162,2312
57377371,3932,509187958,53189332,4932,-4050,111,6502,293369500,2115,293369530,2115,121,99,-13,-60,2273,29,-108,2270
57386793,3931,509187980,53189304,4932,-4049,112,6502,293369500,2115,293369540,2115,119,100,-49,-12,2339,-6,-62,2337
57396753,3930,509188002,53189275,4932,-4048,114,6502,293369500,2115,293369550,2115,118,101,-76,-38,2246,-34,-85,2244
57407053,3929,509188024,53189247,4933,-4048,115,6502,293369500,2115,293369560,2115,117,102,-37,-112,2329,7,-160,2324
57416918,3928,509188047,53189217,4934,-4047,117,6502,293369550,2115,293369570,2115,115,102,-17,-113,2351,27,-160,2347
57426780,3927,509188069,53189188,4934,-4047,118,6502,293369550,2115,293369580,2115,114,103,-9,25,2319,34,-22,2317
57436766,3926,509188091,53189160,4935,-4046,120,6502,293369550,2115,293369590,2115,113,103,-43,-72,2275,0,-118,2272
57446777,3924,509188113,53189131,4936,-4045,121,6502,293369550,2115,293369600,2115,112,103,-62,-105,2335,-18,-152,2331
57457106,3923,509188135,53189103,4936,-4044,123,6502,293369550,2115,293369610,2115,111,103,-75,-56,2317,-31,-102,2314
57466961,3922,509188157,53189073,4937,-4044,124,6502,293369600,2115,293369620,2115,110,103,-31,-67,2380,14,-114,2376
57477697,3921,509188180,53189044,4937,-4043,125,6502,293369600,2115,293369630,2115,109,102,-40,-72,2332,4,-117,2329
57486776,3920,509188202,53189016,4938,-4042,125,6502,293369600,2115,293369640,2115,109,101,-16,-134,2442,30,-181,2437
57496758,3919,509188224,53188988,4939,-4042,126,6502,293369600,2115,293369650,2115,108,100,-18,-64,2379,26,-110,2376
57507537,3917,509188246,53188959,4940,-4041,127,6502,293369600,2115,293369660,2115,108,99,-38,-121,2427,6,-167,2422
57516941,3916,509188268,53188929,4941,-4040,128,6502,293369650,2115,293369670,2115,108,98,-69,-88,2408,-25,-135,2405
57526772,3915,509188291,53188900,4941,-4039,129,6502,293369650,2115,293369680,2115,108,97,-80,-87,2368,-37,-132,2365
57537312,3914,509188313,53188872,4942,-4038,129,6502,293369650,2115,293369690,2115,108,96,-61,-114,2444,-18,-161,2440
57546770,3913,509188335,53188844,4943,-4037,129,6502,293369650,2115,293369700,2115,108,94,0,-167,2508,44,-214,2502
57557015,3912,509188357,53188816,4944,-4036,129,6502,293369650,2115,293369710,2115,107,93,-13,-76,2522,30,-124,2518
57566933,3911,509188379,53188785,4945,-4035,129,6502,293369700,2115,293369720,2115,108,91,-22,-106,2540,20,-154,2536
57576793,3910,509188402,53188757,4945,-4034,129,6503,293369700,2115,293369730,2115,108,90,-84,-122,2526,-42,-170,2522
57586773,3909,509188424,53188729,4946,-4033,129,6503,293369700,2115,293369740,2115,108,88,-91,-150,2499,-50,-198,2495
57596785,3908,509188446,53188700,4946,-4032,129,6503,293369700,2115,293369750,2115,108,87,-78,-110,2536,-37,-159,2532
57607368,3907,509188468,53188672,4947,-4031,128,6503,293369700,2115,293369760,2115,108,86,-59,-69,2515,-20,-118,2512
57617354,3906,509188491,53188642,4948,-4030,128,6503,293369750,2115,293369770,2115,108,85,-7,-157,2613,34,-207,2607
57626856,3905,509188513,53188614,4949,-4029,127,6503,293369750,2115,293369780,2115,109,84,-21,-132,2582,19,-181,2577
57637416,3904,509188535,53188585,4950,-4028,126,6503,293369750,2115,293369790,2115,109,83,-32,-106,2614,8,-156,2610
57647764,3903,509188557,53188557,4950,-4027,126,6503,293369750,2115,293369800,2115,109,82,-86,-128,2553,-47,-177,2549
57657033,3902,509188580,53188529,4951,-4025,125,6503,293369750,2115,293369810,2115,109,82,-109,-99,2576,-70,-149,2573
57666934,3901,509188602,53188499,4952,-4024,125,6503,293369800,2115,293369820,2115,109,81,-56,-136,2533,-18,-185,2529
57676871,3901,509188624,53188470,4953,-4023,124,6503,293369800,2115,293369830,2115,109,81,-25,-137,2598,14,-187,2593
57686765,3900,509188646,53188442,4953,-4022,123,6503,293369800,2115,293369840,2115,109,81,-14,-102,2674,27,-153,2669
57697672,3899,509188669,53188414,4954,-4021,122,6503,293369800,2115,293369850,2115,109,81,-42,-93,2633,-2,-144,2629
57707037,3898,509188691,53188386,4955,-4020,121,6503,293369800,2115,293369860,2115,109,81,-58,-82,2633,-18,-133,2630
57716916,3897,509188713,53188356,4955,-4019,120,6503,293369850,2115,293369870,2115,110,81,-86,-115,2587,-46,-165,2583
57726836,3896,509188736,53188327,4956,-4018,120,6503,293369850,2115,293369880,2115,110,82,-53,-114,2554,-15,-163,2550
57736795,3896,509188758,53188299,4957,-4017,120,6503,293369850,2115,293369890,2115,110,82,-51,-106,2493,-13,-154,2489
57746783,3895,509188780,53188271,4957,-4016,119,6503,293369850,2115,293369900,2115,111,83,-32,-66,2586,8,-117,2582
57757173,3894,509188802,53188243,4958,-4016,119,6503,293369850,2115,293369910,2115,111,83,-9,-88,2569,31,-138,2565
57766945,3893,509188825,53188213,4959,-4015,118,6503,293369900,2115,293369920,2115,111,84,-49,-90,2641,-8,-142,2637
57777709,3893,509188847,53188185,4959,-4014,117,6503,293369900,2115,293369930,2115,111,84,-42,-114,2581,-2,-165,2576
57786821,3892,509188869,53188156,4960,-4014,116,6503,293369900,2115,293369940,2115,112,85,-38,1,2570,2,-49,2568
57796771,3891,509188892,53188128,4960,-4012,116,6503,293369900,2115,293369950,2115,112,85,-49,-124,2519,-9,-174,2515
57807253,3890,509188914,53188100,4961,-4012,116,6503,293369900,2115,293369960,2115,112,86,-26,-77,2553,15,-128,2549
57816928,3890,509188936,53188070,4962,-4011,116,6503,293369950,2115,293369970,2115,112,87,-59,-30,2508,-19,-80,2505
57826877,3889,509188958,53188042,4962,-4011,116,6503,293369950,2115,293369980,2115,112,87,-16,-53,2549,24,-103,2545
57836797,3888,509188981,53188014,4963,-4010,116,6503,293369950,2115,293369990,2115,112,87,-48,-90,2518,-7,-140,2514
57846935,3887,509189003,53187986,4963,-4009,115,6503,293369950,2115,293370000,2115,112,88,-27,-38,2614,15,-89,2611
57857964,3887,509189025,53187958,4964,-4009,114,6503,293369950,2115,293370010,2115,112,88,-54,-52,2589,-13,-103,2586
57866947,3886,509189048,53187928,4965,-4008,113,6503,293370000,2115,293370020,2115,112,88,-34,-79,2607,9,-130,2604
57877202,3885,509189070,53187899,4965,-4007,113,6503,293370000,2115,293370030,2115,111,89,-16,-54,2574,26,-104,2570
57886806,3885,509189092,53187871,4966,-4007,113,6503,293370000,2115,293370040,2115,111,89,-49,-23,2493,-8,-72,2490
57896776,3884,509189115,53187843,4966,-4006,113,6503,293370000,2115,293370050,2115,110,89,-52,-38,2490,-11,-87,2487
57907416,3883,509189137,53187815,4967,-4005,113,6503,293370000,2115,293370060,2115,109,90,-61,-93,2449,-20,-140,2445
57916909,3883,509189159,53187785,4966,-4005,113,6503,293370050,2115,293370070,2115,108,90,-42,39,2509,0,-9,2508
57926835,3882,509189182,53187757,4967,-4005,113,6503,293370050,2115,293370080,2115,107,91,-16,-85,2492,26,-132,2488
57936769,3881,509189204,53187729,4968,-4004,113,6503,293370050,2115,293370090,2115,106,91,-20,-19,2566,23,-67,2563
57946785,3881,509189226,53187701,4968,-4003,112,6503,293370050,2115,293370100,2115,105,91,-63,-73,2570,-19,-121,2567
57957046,3880,509189249,53187673,4968,-4003,111,6503,293370050,2115,293370110,2115,104,92,-30,-3,2614,13,-51,2611
57966913,3880,509189271,53187643,4968,-4003,111,6503,293370100,2115,293370120,2115,103,92,-67,1,2529,-25,-45,2527
57976837,3879,509189293,53187615,4969,-4002,111,6503,293370100,2115,293370130,2115,102,92,-46,-61,2492,-3,-106,2489
57986820,3879,509189316,53187587,4970,-4001,112,6503,293370100,2115,293370140,2115,101,92,-54,-130,2422,-12,-173,2418
57996776,3878,509189338,53187559,4970,-4001,112,6503,293370100,2115,293370150,2115,100,92,-27,3,2439,14,-40,2437
58007031,3878,509189360,53187530,4970,-4001,113,6503,293370100,2115,293370160,2115,98,92,-22,14,2409,18,-28,2407
58016993,3877,509189383,53187500,4971,-4001,113,6503,293370150,2115,293370170,2115,97,92,5,-40,2515,47,-83,2512
58026978,3877,509189405,53187472,4972,-4000,113,6503,293370150,2115,293370180,2115,96,92,-6,-10,2511,36,-52,2508
58036786,3876,509189427,53187444,4972,-4000,113,6503,293370150,2115,293370190,2115,95,91,-47,-78,2496,-5,-120,2493
58046781,3875,509189450,53187416,4972,-3999,113,6503,293370150,2115,293370200,2115,95,91,-51,-40,2515,-9,-82,2512
58057633,3875,509189472,53187388,4973,-3998,113,6503,293370150,2115,293370210,2115,94,90,-60,-108,2534,-18,-150,2531
58066926,3874,509189494,53187358,4973,-3998,113,6503,293370200,2115,293370220,2115,94,90,-40,14,2524,2,-28,2523
58076837,3874,509189517,53187330,4974,-3997,113,6503,293370200,2115,293370230,2115,93,89,-39,-72,2464,2,-113,2461
58087222,3873,509189539,53187302,4974,-3997,113,6503,293370200,2115,293370240,2115,93,89,-29,-44,2544,12,-86,2541
58097341,3872,509189561,53187274,4975,-3996,112,6503,293370200,2115,293370250,2115,93,88,-59,-79,2523,-18,-121,2520
58108177,3872,509189584,53187246,4975,-3996,112,6503,293370200,2115,293370260,2115,93,87,-27,-22,2563,14,-65,2561
58117367,3871,509189606,53187216,4976,-3995,112,6503,293370250,2115,293370270,2115,93,86,6,-99,2477,46,-140,2473
58126844,3871,509189629,53187188,4976,-3995,112,6503,293370250,2115,293370280,2115,93,85,-54,-29,2459,-16,-70,2457
58136776,3870,509189651,53187160,4976,-3994,113,6503,293370250,2115,293370290,2115,93,85,-45,-31,2415,-7,-71,2413
58147327,3869,509189673,53187132,4977,-3994,113,6503,293370250,2115,293370300,2115,94,84,-65,-18,2493,-27,-60,2491
58157432,3869,509189696,53187104,4977,-3993,113,6503,293370250,2115,293370310,2115,94,84,-57,-77,2511,-18,-119,2508
58166933,3868,509189718,53187074,4978,-3992,113,6503,293370300,2115,293370320,2115,95,83,-11,-89,2572,28,-132,2568
58177033,3868,509189740,53187046,4978,-3992,112,6503,293370300,2115,293370330,2115,96,83,-27,-37,2532,11,-80,2529
58186794,3867,509189763,53187018,4979,-3991,112,6503,293370300,2115,293370340,2115,97,82,-40,-82,2568,-1,-126,2565
58196770,3866,509189785,53186990,4980,-3990,111,6503,293370300,2115,293370350,2115,97,82,-25,-71,2589,15,-115,2586
58208191,3865,509189808,53186962,4980,-3989,111,6503,293370300,2115,293370360,2115,98,82,-72,-88,2514,-34,-131,2511
58216918,3865,509189830,53186932,4981,-3989,112,6503,293370350,2115,293370370,2115,98,82,-61,-56,2425,-24,-98,2423
58226838,3864,509189852,53186904,4981,-3988,112,6503,293370350,2115,293370380,2115,99,81,-82,-30,2420,-45,-73,2418
58237250,3863,509189875,53186876,4981,-3988,112,6503,293370350,2115,293370390,2115,99,81,-19,-51,2533,19,-95,2530
58246771,3863,509189897,53186848,4982,-3987,112,6503,293370350,2115,293370400,2115,99,81,10,-142,2523,48,-186,2518
58257946,3862,509189919,53186820,4983,-3986,112,6503,293370350,2115,293370410,2115,98,80,-10,-13,2531,27,-57,2528
58267452,3861,509189942,53186790,4983,-3986,112,6503,293370400,2115,293370420,2115,98,80,-30,-48,2487,7,-91,2484
58276844,3861,509189964,53186762,4983,-3985,112,6503,293370400,2115,293370430,2115,98,80,-71,-51,2519,-34,-95,2517
58286785,3860,509189987,53186734,4984,-3984,112,6503,293370400,2115,293370440,2115,98,80,-64,-62,2515,-27,-105,2512
58297465,3859,509190009,53186707,4984,-3983,111,6503,293370400,2115,293370450,2115,97,79,-44,-83,2564,-6,-127,2561
58307051,3858,509190031,53186679,4985,-3983,111,6503,293370400,2115,293370460,2115,97,79,-46,-70,2530,-9,-113,2527
58316905,3857,509190054,53186649,4985,-3983,111,6503,293370450,2115,293370470,2115,96,79,-22,15,2564,15,-28,2562
58327612,3856,509190076,53186621,4985,-3982,110,6503,293370450,2115,293370480,2115,95,78,-46,-37,2548,-9,-80,2546
58337347,3855,509190099,53186593,4986,-3981,110,6503,293370450,2115,293370490,2115,93,78,-45,-96,2581,-7,-139,2578
58346779,3854,509190121,53186565,4986,-3981,110,6503,293370450,2115,293370500,2115,92,78,-36,-61,2484,0,-101,2481
58357386,3853,509190143,53186537,4987,-3980,110,6503,293370450,2115,293370510,2115,91,78,-37,-15,2548,0,-56,2546
58366946,3852,509190166,53186507,4987,-3980,109,6503,293370500,2115,293370520,2115,90,77,-46,-40,2530,-10,-81,2528
58376861,3851,509190188,53186479,4988,-3979,108,6503,293370500,2115,293370530,2115,88,77,-43,-75,2598,-6,-116,2595
58386758,3850,509190211,53186451,4988,-3978,108,6503,293370500,2115,293370540,2115,87,76,-22,-72,2580,14,-112,2576
58396802,3849,509190233,53186423,4989,-3978,107,6503,293370500,2115,293370550,2115,86,76,-25,-110,2605,12,-150,2601
58407029,3848,509190256,53186396,4989,-3977,107,6503,293370500,2115,293370560,2115,84,75,-57,-6,2576,-21,-45,2574
58417729,3847,509190278,53186366,4989,-3977,106,6503,293370550,2115,293370570,2115,83,75,-70,-46,2518,-35,-83,2516
58426850,3846,509190300,53186338,4990,-3975,106,6503,293370550,2115,293370580,2115,82,75,-61,-148,2606,-25,-186,2602
58436775,3845,509190323,53186310,4991,-3975,105,6503,293370550,2115,293370590,2115,81,74,-46,-70,2599,-11,-107,2596
58447108,3844,509190345,53186282,4991,-3974,104,6503,293370550,2115,293370600,2115,80,74,-33,-65,2635,3,-102,2632
58457127,3843,509190368,53186254,4992,-3974,103,6503,293370550,2115,293370610,2115,79,74,-9,-65,2623,27,-102,2620
58466942,3842,509190390,53186224,4992,-3973,102,6503,293370600,2115,293370620,2115,78,73,-58,-77,2610,-22,-113,2607
58477162,3841,509190413,53186196,4993,-3972,101,6503,293370600,2115,293370630,2115,77,73,-60,-90,2585,-25,-126,2583
58486767,3840,509190435,53186169,4993,-3971,101,6503,293370600,2115,293370640,2115,77,73,-60,-55,2567,-25,-91,2564
58497500,3839,509190457,53186141,4993,-3970,100,6503,293370600,2115,293370650,2115,76,73,-66,-94,2536,-31,-128,2533
58507687,3838,509190480,53186113,4994,-3969,100,6503,293370600,2115,293370660,2115,76,73,-49,-118,2598,-14,-153,2595
58516912,3837,509190502,53186083,4995,-3968,98,6503,293370650,2115,293370670,2115,76,73,-29,-97,2684,7,-133,2681
58526848,3837,509190525,53186055,4995,-3968,97,6503,293370650,2115,293370680,2115,76,73,-14,-110,2651,22,-146,2647
58537054,3836,509190547,53186027,4996,-3967,96,6503,293370650,2115,293370690,2115,76,73,-38,-32,2674,-2,-68,2672
58546799,3835,509190570,53186000,4996,-3966,95,6503,293370650,2115,293370700,2115,76,73,-64,-135,2565,-29,-170,2562
58557038,3834,509190592,53185972,4997,-3965,96,6503,293370650,2115,293370710,2115,77,73,-68,-113,2478,-34,-147,2475
58566924,3833,509190615,53185942,4997,-3964,96,6503,293370700,2115,293370720,2115,77,73,-88,-103,2452,-54,-137,2449
58577377,3832,509190637,53185914,4998,-3963,96,6503,293370700,2115,293370730,2115,78,74,-42,-92,2501,-7,-127,2498
58586802,3832,509190660,53185887,4999,-3962,95,6503,293370700,2115,293370740,2115,79,74,2,-150,2575,38,-186,2570
58596762,3831,509190682,53185859,5000,-3961,95,6503,293370700,2115,293370750,2115,80,75,-17,-112,2604,19,-149,2600
58607035,3830,509190704,53185831,5000,-3961,94,6504,293370700,2115,293370760,2115,81,75,-21,-89,2614,16,-126,2610
58616913,3830,509190727,53185801,5001,-3960,93,6504,293370750,2115,293370770,2115,82,76,-53,-95,2581,-16,-133,2578
58626901,3829,509190749,53185773,5001,-3959,94,6504,293370750,2115,293370780,2115,83,77,-88,-126,2462,-52,-163,2459
58636771,3828,509190772,53185746,5001,-3958,94,6504,293370750,2115,293370790,2115,84,78,-108,-82,2430,-72,-119,2428
58646788,3828,509190794,53185718,5002,-3957,95,6504,293370750,2115,293370800,2115,86,79,-48,-104,2425,-12,-141,2422
58657018,3827,509190817,53185690,5003,-3956,95,6504,293370750,2115,293370810,2115,87,81,-14,-91,2486,23,-130,2482
58666948,3827,509190839,53185661,5004,-3955,95,6504,293370800,2115,293370820,2115,88,82,-33,-95,2471,5,-134,2468
58676856,3826,509190862,53185633,5004,-3955,96,6504,293370800,2115,293370830,2115,90,83,9,-72,2427,46,-111,2423
58686794,3826,509190884,53185605,5005,-3954,96,6504,293370800,2115,293370840,2115,91,84,-49,-64,2421,-12,-104,2418
58696786,3825,509190907,53185577,5005,-3953,97,6504,293370800,2115,293370850,2115,92,86,-59,-40,2411,-21,-79,2409
58707040,3825,509190929,53185550,5006,-3952,99,6504,293370800,2115,293370860,2115,94,87,-68,-97,2314,-31,-136,2311
58717910,3824,509190952,53185520,5006,-3951,100,6504,293370850,2115,293370870,2115,95,88,-53,-110,2321,-15,-149,2317
58726839,3824,509190974,53185492,5007,-3951,101,6504,293370850,2115,293370880,2115,96,90,-27,-30,2321,12,-70,2319
58737233,3823,509190997,53185465,5007,-3951,103,6504,293370850,2115,293370890,2115,97,91,-7,-38,2341,32,-79,2338
58746792,3823,509191019,53185437,5008,-3950,104,6504,293370850,2115,293370900,2115,99,92,-1,-1,2393,39,-43,2390
58757377,3822,509191042,53185409,5008,-3950,105,6504,293370850,2115,293370910,2115,100,93,-21,-110,2358,20,-152,2354
58766967,3822,509191064,53185380,5009,-3949,106,6504,293370900,2115,293370920,2115,101,94,-42,-89,2323,-2,-131,2319
58776871,3821,509191087,53185352,5009,-3948,108,6504,293370900,2115,293370930,2115,102,94,-54,-19,2291,-14,-61,2289
58786786,3820,509191109,53185324,5010,-3948,109,6504,293370900,2115,293370940,2115,103,94,-5,-46,2366,36,-89,2363
58796764,3820,509191132,53185296,5011,-3947,111,6504,293370900,2115,293370950,2115,104,94,-25,-77,2290,15,-119,2286
58808349,3819,509191154,53185269,5011,-3947,112,6504,293370900,2115,293370960,2115,105,94,-38,-28,2330,3,-71,2328
58817411,3819,509191177,53185239,5012,-3946,113,6504,293370950,2115,293370970,2115,106,94,-12,-89,2326,29,-132,2322
58826864,3818,509191199,53185212,5012,-3946,114,6504,293370950,2115,293370980,2115,107,94,-39,-11,2387,2,-56,2385
58837491,3818,509191222,53185184,5013,-3945,115,6504,293370950,2115,293370990,2115,108,93,-24,-64,2374,17,-109,2371
58846777,3817,509191244,53185156,5013,-3945,116,6504,293370950,2115,293371000,2115,109,92,-20,-60,2441,21,-107,2438
58857057,3816,509191267,53185129,5014,-3944,117,6504,293370950,2115,293371010,2115,110,92,-38,-73,2402,2,-120,2399
58867007,3816,509191289,53185099,5014,-3944,117,6504,293371000,2115,293371020,2115,111,91,-22,-25,2477,19,-73,2474
58876858,3815,509191312,53185071,5014,-3943,117,6504,293371000,2115,293371030,2115,112,90,-77,-15,2425,-37,-63,2424
58886783,3815,509191334,53185044,5015,-3943,118,6504,293371000,2115,293371040,2115,114,89,-34,-67,2421,6,-116,2417
58897335,3814,509191357,53185016,5015,-3942,119,6504,293371000,2115,293371050,2115,115,88,-54,-32,2410,-15,-81,2407
58907022,3813,509191380,53184988,5016,-3942,119,6504,293371000,2115,293371060,2115,116,87,-20,-49,2453,20,-99,2449
58916919,3813,509191402,53184959,5017,-3941,120,6504,293371050,2115,293371070,2115,117,86,-8,-47,2462,31,-98,2458
58927649,3813,509191425,53184931,5017,-3940,120,6504,293371050,2115,293371080,2115,118,85,-39,-61,2450,-1,-112,2446
58936783,3812,509191447,53184904,5017,-3940,120,6504,293371050,2115,293371090,2115,118,84,-33,-7,2517,6,-60,2514
58946767,3812,509191470,53184876,5018,-3939,120,6504,293371050,2115,293371100,2115,119,83,-44,-50,2479,-6,-102,2476
58958162,3811,509191492,53184848,5018,-3939,120,6504,293371050,2115,293371110,2115,119,83,-68,16,2459,-31,-36,2457
58966934,3811,509191515,53184819,5018,-3938,120,6504,293371100,2115,293371120,2115,120,82,-46,-58,2489,-8,-111,2486
58977671,3810,509191537,53184791,5019,-3938,120,6504,293371100,2115,293371130,2115,120,82,-37,-57,2572,2,-112,2569
58986795,3810,509191560,53184764,5019,-3937,120,6504,293371100,2115,293371140,2115,120,81,-24,-24,2497,13,-76,2494
58996791,3810,509191582,53184736,5019,-3937,119,6504,293371100,2115,293371150,2115,120,81,-39,56,2575,-1,2,2574
59007065,3809,509191605,53184708,5020,-3937,120,6504,293371100,2115,293371160,2115,120,80,-26,17,2486,11,-35,2484
59017052,3809,509191628,53184679,5020,-3936,119,6504,293371150,2115,293371170,2115,120,80,-49,-15,2519,-12,-69,2516
59026849,3809,509191650,53184651,5020,-3936,119,6504,293371150,2115,293371180,2115,120,80,-59,19,2514,-22,-34,2513
59036834,3808,509191673,53184624,5020,-3936,119,6504,293371150,2115,293371190,2115,120,80,-20,27,2518,17,-26,2517
59046796,3808,509191695,53184596,5020,-3936,119,6504,293371150,2115,293371200,2115,119,79,-35,-25,2537,2,-78,2535
59057133,3807,509191718,53184568,5021,-3936,119,6504,293371150,2115,293371210,2115,119,79,-17,24,2551,20,-30,2549
59066935,3807,509191740,53184539,5021,-3936,118,6504,293371200,2115,293371220,2115,119,79,-20,62,2576,17,8,2575
59076854,3807,509191763,53184511,5021,-3935,118,6504,293371200,2115,293371230,2115,119,79,-15,-32,2548,22,-86,2545
59086800,3806,509191785,53184484,5021,-3935,117,6504,293371200,2115,293371240,2115,119,78,-37,6,2585,0,-49,2583
59096791,3806,509191808,53184456,5022,-3934,117,6504,293371200,2115,293371250,2115,120,78,-52,-48,2535,-15,-102,2532
59107107,3805,509191831,53184429,5022,-3934,116,6504,293371200,2115,293371260,2115,120,78,-56,14,2577,-19,-40,2575
59116926,3805,509191853,53184399,5022,-3934,116,6504,293371250,2115,293371270,2115,120,78,-33,-15,2571,4,-69,2568
59126882,3804,509191876,53184371,5023,-3934,115,6504,293371250,2115,293371280,2115,121,78,-1,22,2607,36,-34,2604
59137407,3804,509191898,53184344,5023,-3933,114,6504,293371250,2115,293371290,2115,121,78,-30,-45,2552,7,-100,2549
59146819,3803,509191921,53184316,5024,-3933,113,6504,293371250,2115,293371300,2115,122,78,-34,-15,2641,4,-71,2638
59157061,3803,509191943,53184289,5024,-3932,113,6504,293371250,2115,293371310,2115,123,78,-38,-17,2559,-2,-72,2556
59166928,3802,509191966,53184259,5024,-3932,112,6504,293371300,2115,293371320,2115,123,78,-26,-59,2583,11,-116,2579
59177473,3802,509191989,53184232,5025,-3931,112,6504,293371300,2115,293371330,2115,124,78,-55,-86,2524,-18,-141,2520
59186799,3802,509192011,53184204,5025,-3930,111,6504,293371300,2115,293371340,2115,125,78,-38,-15,2602,-1,-72,2599
59196764,3801,509192034,53184176,5025,-3930,111,6504,293371300,2115,293371350,2115,126,78,-26,19,2587,11,-39,2585
59208168,3801,509192056,53184149,5026,-3930,110,6504,293371300,2115,293371360,2115,127,79,-5,-41,2621,33,-100,2618
59217655,3800,509192079,53184119,5027,-3929,109,6504,293371350,2115,293371370,2115,128,79,-31,-24,2585,7,-82,2582
59226874,3800,509192101,53184092,5027,-3928,109,6504,293371350,2115,293371380,2115,129,79,-46,-89,2525,-8,-146,2521
59236824,3800,509192124,53184064,5028,-3928,108,6504,293371350,2115,293371390,2115,130,80,-50,-14,2573,-13,-73,2570
59246772,3799,509192147,53184037,5028,-3927,108,6504,293371350,2115,293371400,2115,130,80,-37,-8,2522,0,-66,2520
59257036,3799,509192169,53184009,5028,-3927,108,6504,293371350,2115,293371410,2115,131,81,-19,15,2514,18,-43,2512
59266947,3799,509192192,53183980,5029,-3926,108,6504,293371400,2115,293371420,2115,131,82,-15,-36,2527,23,-95,2524
59276833,3798,509192214,53183952,5029,-3926,108,6504,293371400,2115,293371430,2115,132,83,-30,-29,2548,9,-88,2545
59286779,3798,509192237,53183925,5030,-3925,108,6504,293371400,2115,293371440,2115,133,83,-49,-39,2499,-11,-98,2496
59297619,3797,509192260,53183897,5030,-3925,108,6504,293371400,2115,293371450,2115,133,84,-33,27,2506,5,-32,2505
59308194,3797,509192282,53183870,5030,-3925,108,6504,293371400,2115,293371460,2115,133,85,-27,1,2433,11,-56,2430
59316939,3796,509192305,53183840,5030,-3924,109,6504,293371450,2115,293371470,2115,133,86,-45,-6,2430,-7,-63,2428
59326846,3796,509192327,53183813,5031,-3924,110,6504,293371450,2115,293371480,2115,132,87,-32,-21,2399,7,-77,2396
59336774,3796,509192350,53183785,5031,-3924,110,6504,293371450,2115,293371490,2115,132,89,-8,60,2440,31,4,2439
59346828,3795,509192373,53183758,5031,-3924,111,6504,293371450,2115,293371500,2115,131,90,-36,-2,2409,4,-58,2407
59357020,3795,509192395,53183730,5032,-3923,111,6504,293371450,2115,293371510,2115,130,91,0,-72,2449,41,-128,2445
59366930,3794,509192418,53183701,5032,-3923,112,6504,293371500,2115,293371520,2115,129,92,-42,73,2388,-2,18,2387
59377530,3794,509192440,53183673,5032,-3923,113,6504,293371500,2115,293371530,2115,128,94,-60,42,2411,-18,-12,2410
59386786,3793,509192463,53183646,5032,-3923,114,6504,293371500,2115,293371540,2115,127,95,-26,5,2349,15,-47,2347
59396788,3792,509192486,53183618,5033,-3923,115,6504,293371500,2115,293371550,2115,125,96,-5,16,2353,37,-36,2351
59407067,3792,509192508,53183591,5033,-3922,117,6504,293371500,2115,293371560,2115,124,98,-27,-3,2335,14,-54,2333
59417478,3791,509192531,53183561,5033,-3922,118,6504,293371550,2115,293371570,2115,123,99,-35,12,2309,6,-38,2307
59426905,3790,509192554,53183534,5034,-3922,120,6504,293371550,2115,293371580,2115,121,100,-32,33,2261,9,-16,2259
59436799,3790,509192576,53183506,5034,-3922,121,6504,293371550,2115,293371590,2115,120,101,-16,-94,2340,27,-143,2336
59446773,3789,509192599,53183479,5035,-3922,122,6504,293371550,2115,293371600,2115,118,102,-19,30,2372,25,-19,2370
59457030,3789,509192621,53183451,5035,-3922,123,6504,293371550,2115,293371610,2115,116,103,2,60,2342,46,12,2341
59466955,3788,509192644,53183422,5035,-3922,125,6504,293371600,2115,293371620,2115,114,103,-17,8,2347,28,-39,2345
59477705,3787,509192667,53183395,5035,-3922,126,6504,293371600,2115,293371630,2115,112,104,-40,-18,2286,3,-63,2284
59486795,3787,509192689,53183367,5036,-3921,128,6504,293371600,2115,293371640,2115,110,104,-50,-81,2270,-7,-125,2266
59496784,3786,509192712,53183340,5036,-3920,130,6504,293371600,2115,293371650,2115,109,105,-35,-45,2292,9,-90,2289
59508155,3785,509192735,53183312,5036,-3921,131,6504,293371600,2115,293371660,2115,107,105,-43,128,2316,0,84,2317
59516914,3784,509192757,53183283,5037,-3920,132,6504,293371650,2115,293371670,2115,106,105,1,-62,2408,48,-107,2404
59526856,3784,509192780,53183255,5038,-3920,133,6504,293371650,2115,293371680,2115,105,105,-9,-67,2389,37,-111,2386
59536784,3783,509192802,53183228,5038,-3920,134,6504,293371650,2115,293371690,2115,104,105,-27,36,2462,20,-9,2461
59546785,3782,509192825,53183200,5038,-3920,134,6504,293371650,2115,293371700,2115,103,104,-8,5,2432,38,-39,2430
59557034,3781,509192848,53183173,5039,-3919,135,6504,293371650,2115,293371710,2115,102,103,-70,-45,2391,-25,-88,2389
59567355,3780,509192870,53183143,5039,-3918,136,6504,293371700,2115,293371720,2115,101,103,-57,-89,2402,-12,-132,2399
59576845,3780,509192893,53183116,5039,-3918,137,6504,293371700,2115,293371730,2115,100,102,-67,-12,2377,-23,-54,2376
59586790,3779,509192916,53183088,5039,-3918,137,6504,293371700,2115,293371740,2115,99,101,-32,69,2438,12,26,2437
59597386,3778,509192938,53183061,5040,-3918,137,6504,293371700,2115,293371750,2115,99,99,24,-70,2463,69,-113,2459
59607627,3777,509192961,53183033,5041,-3917,137,6504,293371700,2115,293371760,2115,99,98,26,-106,2534,72,-150,2529
59617753,3777,509192984,53183004,5042,-3917,137,6504,293371750,2115,293371770,2115,100,96,-35,-78,2545,10,-123,2542
59627422,3776,509193006,53182976,5042,-3916,137,6505,293371750,2115,293371780,2115,101,94,-84,-55,2545,-40,-100,2543
59636785,3775,509193029,53182949,5042,-3915,136,6505,293371750,2115,293371790,2115,101,93,-56,-69,2562,-12,-115,2559
59646801,3774,509193052,53182922,5043,-3914,135,6505,293371750,2115,293371800,2115,102,91,-88,-109,2601,-44,-156,2598
59657084,3774,509193074,53182894,5043,-3914,135,6505,293371750,2115,293371810,2115,102,90,-47,-16,2606,-5,-64,2603
59666927,3773,509193097,53182865,5044,-3913,134,6505,293371800,2115,293371820,2115,103,88,-25,-85,2647,18,-133,2644
59676860,3773,509193120,53182837,5045,-3912,132,6505,293371800,2115,293371830,2115,104,86,18,-100,2751,61,-151,2746
59687466,3772,509193142,53182810,5046,-3911,130,6505,293371800,2115,293371840,2115,104,84,-27,-93,2672,14,-142,2668
59697129,3771,509193165,53182782,5046,-3911,129,6505,293371800,2115,293371850,2115,105,82,-60,-46,2689,-19,-96,2687
59707094,3771,509193188,53182755,5046,-3910,128,6505,293371800,2115,293371860,2115,106,80,-110,-84,2599,-71,-133,2596
59716924,3770,509193210,53182726,5047,-3909,127,6505,293371850,2115,293371870,2115,107,79,-56,-53,2708,-16,-104,2705
59726846,3770,509193233,53182698,5048,-3908,125,6505,293371850,2115,293371880,2115,108,77,-25,-51,2719,14,-103,2716
59737157,3769,509193256,53182671,5048,-3908,123,6505,293371850,2115,293371890,2115,108,76,-20,-32,2785,19,-86,2782
59746825,3769,509193278,53182643,5049,-3907,120,6505,293371850,2115,293371900,2115,109,74,-9,-102,2805,29,-156,2800
59757022,3768,509193301,53182616,5049,-3906,118,6505,293371850,2115,293371910,2115,111,73,-73,-72,2806,-35,-127,2803
59766948,3768,509193324,53182587,5049,-3905,116,6505,293371900,2115,293371920,2115,112,72,-67,-12,2790,-30,-67,2788
59777514,3767,509193346,53182559,5050,-3904,114,6505,293371900,2115,293371930,2115,113,71,-66,-43,2718,-30,-98,2715
59786799,3767,509193369,53182532,5050,-3904,112,6505,293371900,2115,293371940,2115,114,71,-62,-25,2712,-27,-79,2709
59796768,3766,509193392,53182505,5051,-3903,111,6505,293371900,2115,293371950,2115,115,70,-43,-106,2708,-8,-161,2703
59807357,3766,509193414,53182477,5051,-3902,108,6505,293371900,2115,293371960,2115,116,70,-33,-50,2801,4,-107,2797
59816936,3766,509193437,53182448,5052,-3902,106,6505,293371950,2115,293371970,2115,118,70,-16,-50,2765,19,-107,2762
59826856,3765,509193460,53182421,5052,-3901,104,6505,293371950,2115,293371980,2115,119,69,-53,-63,2780,-17,-122,2776
59837345,3765,509193482,53182393,5053,-3900,102,6505,293371950,2115,293371990,2115,120,69,-42,-92,2756,-6,-150,2752
59846766,3764,509193505,53182366,5053,-3900,100,6505,293371950,2115,293372000,2115,121,69,-72,39,2741,-38,-20,2740
59857515,3764,509193528,53182338,5053,-3899,99,6505,293371950,2115,293372010,2115,122,69,-53,-41,2636,-19,-98,2633
59867808,3764,509193551,53182309,5054,-3898,98,6505,293372000,2115,293372020,2115,123,70,-45,-86,2645,-10,-143,2641
59876842,3763,509193573,53182282,5054,-3897,97,6505,293372000,2115,293372030,2115,124,70,-46,-84,2608,-11,-141,2604
59886781,3763,509193596,53182255,5054,-3897,96,6505,293372000,2115,293372040,2115,125,71,-46,-16,2710,-10,-76,2708
59896992,3762,509193619,53182227,5055,-3896,94,6505,293372000,2115,293372050,2115,126,72,-45,27,2664,-10,-33,2663
59907035,3762,509193641,53182200,5055,-3896,93,6505,293372000,2115,293372060,2115,127,73,-27,-39,2680,9,-99,2677
59917050,3762,509193664,53182171,5056,-3895,92,6505,293372050,2115,293372070,2115,127,73,-41,-60,2625,-5,-119,2622
59927006,3761,509193687,53182143,5056,-3894,92,6505,293372050,2115,293372080,2115,128,74,-43,-28,2568,-8,-86,2566
59937472,3761,509193710,53182116,5056,-3894,92,6505,293372050,2115,293372090,2115,129,76,-94,31,2461,-60,-26,2461
59946785,3760,509193732,53182089,5056,-3893,92,6505,293372050,2115,293372100,2115,129,77,-64,-26,2495,-28,-83,2492
59958476,3760,509193755,53182061,5056,-3893,92,6505,293372050,2115,293372110,2115,129,78,-26,-24,2546,11,-82,2543
59966953,3760,509193778,53182032,5057,-3892,92,6505,293372100,2115,293372120,2115,129,80,-37,-8,2496,-1,-65,2494
59976856,3759,509193800,53182005,5057,-3892,92,6505,293372100,2115,293372130,2115,129,81,-16,59,2530,21,1,2528
59987370,3759,509193823,53181978,5057,-3892,92,6505,293372100,2115,293372140,2115,129,82,-36,14,2442,1,-42,2441
59996768,3758,509193846,53181950,5058,-3892,92,6505,293372100,2115,293372150,2115,129,84,-30,-17,2472,8,-74,2469
