ADTF_CHUNK_TIME,INS_ANGLE_TRUE_HEADING,INS_Pos_Abs_Latitude,INS_Pos_Abs_Longitude,INS_Vel_Frame_X,INS_Vel_Frame_Y,INS_Vel_Frame_Z,System_TimeSinceInit,GPS_Time_Milliseconds,GPS_Time_Weeks,INS_Time_Milliseconds,INS_Time_Week,INS_Angle_Roll,INS_Angle_Pitch,AccelBodyX,AccelBodyY,AccelBodyZ,AccelHorizontalX,AccelHorizontalY,AccelHorizontalZ
9659,7609,508937600,54133411,1541,-6208,-35,6271,293132100,2115,293132160,2115,169,-54,75,142,2365,54,72,2367
19587,7609,508937607,54133365,1541,-6208,-34,6271,293132150,2115,293132170,2115,170,-54,35,134,2358,14,64,2359
29515,7610,508937614,54133321,1540,-6208,-33,6271,293132150,2115,293132180,2115,170,-54,-38,143,2348,-59,73,2349
41432,7610,508937621,54133278,1539,-6207,-32,6271,293132150,2115,293132190,2115,171,-54,-36,175,2379,-58,103,2381
49419,7610,508937628,54133234,1539,-6208,-32,6271,293132150,2115,293132200,2115,171,-54,52,70,2477,30,-5,2476
59680,7611,508937635,54133191,1539,-6208,-32,6271,293132150,2115,293132210,2115,172,-54,96,126,2510,73,50,2512
69564,7611,508937642,54133144,1538,-6209,-32,6271,293132200,2115,293132220,2115,172,-55,96,142,2466,74,68,2469
79828,7612,508937649,54133101,1539,-6209,-31,6271,293132200,2115,293132230,2115,173,-55,68,66,2454,46,-8,2454
89418,7612,508937656,54133057,1537,-6209,-30,6271,293132200,2115,293132240,2115,173,-55,-40,221,2323,-61,150,2326
99435,7612,508937663,54133014,1537,-6209,-29,6271,293132200,2115,293132250,2115,173,-55,-31,127,2410,-53,54,2411
110031,7613,508937670,54132970,1537,-6209,-28,6271,293132200,2115,293132260,2115,173,-55,11,75,2375,-11,3,2375
119939,7613,508937677,54132924,1536,-6209,-27,6271,293132250,2115,293132270,2115,173,-55,88,186,2393,66,114,2397
129487,7613,508937684,54132880,1536,-6210,-26,6271,293132250,2115,293132280,2115,174,-55,97,98,2357,76,26,2358
140125,7613,508937691,54132837,1536,-6211,-26,6271,293132250,2115,293132290,2115,174,-55,79,124,2461,57,49,2462
149441,7614,508937697,54132793,1536,-6211,-26,6271,293132250,2115,293132300,2115,174,-55,30,73,2473,7,-2,2472
159690,7614,508937704,54132749,1535,-6211,-26,6271,293132250,2115,293132310,2115,173,-55,4,128,2504,-18,52,2505
170295,7615,508937711,54132703,1535,-6210,-26,6271,293132300,2115,293132320,2115,172,-55,-25,184,2471,-48,109,2474
179533,7615,508937718,54132659,1534,-6210,-25,6271,293132300,2115,293132330,2115,172,-55,6,118,2441,-16,44,2442
189409,7615,508937725,54132616,1534,-6210,-24,6271,293132300,2115,293132340,2115,171,-54,41,48,2425,20,-24,2424
200320,7615,508937732,54132572,1534,-6211,-23,6271,293132300,2115,293132350,2115,171,-54,84,135,2363,63,64,2365
210810,7616,508937739,54132529,1534,-6211,-22,6271,293132300,2115,293132360,2115,171,-53,63,139,2359,42,69,2361
219890,7616,508937746,54132482,1533,-6212,-22,6271,293132350,2115,293132370,2115,170,-52,37,101,2420,17,29,2420
229630,7616,508937753,54132439,1533,-6212,-22,6271,293132350,2115,293132380,2115,170,-52,-10,124,2523,-32,49,2523
239432,7616,508937760,54132395,1533,-6212,-22,6271,293132350,2115,293132390,2115,169,-51,15,97,2487,-6,23,2487
249419,7616,508937767,54132352,1532,-6212,-21,6271,293132350,2115,293132400,2115,169,-51,57,166,2478,36,93,2480
259783,7616,508937773,54132308,1532,-6213,-21,6271,293132350,2115,293132410,2115,168,-50,78,127,2453,58,55,2454
269561,7616,508937780,54132262,1532,-6213,-21,6271,293132400,2115,293132420,2115,168,-49,52,95,2434,33,23,2435
280015,7617,508937787,54132218,1531,-6213,-20,6271,293132400,2115,293132430,2115,168,-49,-25,73,2411,-44,2,2410
289808,7617,508937794,54132175,1531,-6212,-20,6271,293132400,2115,293132440,2115,168,-48,-16,99,2484,-35,26,2484
299427,7617,508937801,54132131,1531,-6212,-19,6271,293132400,2115,293132450,2115,168,-48,14,124,2435,-5,52,2436
309655,7617,508937808,54132087,1531,-6213,-19,6271,293132400,2115,293132460,2115,168,-48,87,48,2515,68,-26,2515
319601,7617,508937815,54132041,1531,-6214,-19,6271,293132450,2115,293132470,2115,168,-47,115,127,2486,96,54,2487
329492,7617,508937822,54131997,1531,-6214,-19,6271,293132450,2115,293132480,2115,169,-47,69,110,2543,49,35,2543
339440,7617,508937829,54131954,1531,-6214,-19,6271,293132450,2115,293132490,2115,169,-47,5,25,2444,-13,-47,2442
349488,7617,508937835,54131910,1531,-6214,-18,6271,293132450,2115,293132500,2115,170,-47,-58,118,2411,-77,46,2411
360452,7617,508937842,54131867,1531,-6213,-19,6271,293132450,2115,293132510,2115,170,-47,-23,75,2566,-42,-2,2565
369561,7617,508937849,54131820,1530,-6214,-20,6271,293132500,2115,293132520,2115,170,-47,38,96,2605,18,18,2605
379505,7617,508937856,54131777,1530,-6214,-20,6271,293132500,2115,293132530,2115,170,-47,100,127,2602,80,50,2604
389439,7616,508937863,54131733,1531,-6215,-22,6271,293132500,2115,293132540,2115,171,-48,112,17,2680,91,-63,2678
399441,7616,508937870,54131689,1531,-6215,-23,6271,293132500,2115,293132550,2115,172,-48,25,63,2603,5,-15,2602
409945,7616,508937877,54131646,1531,-6215,-23,6271,293132500,2115,293132560,2115,172,-48,-27,112,2486,-46,36,2486
419561,7616,508937884,54131599,1530,-6214,-22,6271,293132550,2115,293132570,2115,172,-48,-64,79,2444,-83,4,2442
429479,7616,508937891,54131556,1530,-6213,-22,6271,293132550,2115,293132580,2115,173,-48,-5,56,2521,-24,-21,2519
440134,7616,508937897,54131512,1530,-6214,-23,6271,293132550,2115,293132590,2115,173,-48,72,105,2623,52,25,2623
449416,7616,508937904,54131469,1531,-6215,-24,6271,293132550,2115,293132600,2115,173,-49,115,44,2637,95,-35,2636
459905,7615,508937911,54131425,1531,-6215,-26,6271,293132550,2115,293132610,2115,174,-49,107,93,2676,85,11,2677
470477,7615,508937918,54131379,1531,-6215,-26,6271,293132600,2115,293132620,2115,175,-50,22,1,2624,1,-80,2621
479484,7615,508937925,54131335,1531,-6215,-27,6271,293132600,2115,293132630,2115,175,-50,-34,79,2607,-56,-1,2606
489413,7615,508937932,54131291,1531,-6214,-28,6271,293132600,2115,293132640,2115,175,-50,-75,97,2533,-96,19,2532
499912,7614,508937939,54131248,1531,-6214,-29,6271,293132600,2115,293132650,2115,175,-50,10,53,2627,-11,-27,2626
509858,7614,508937946,54131204,1531,-6214,-29,6271,293132600,2115,293132660,2115,175,-50,67,47,2574,46,-32,2573
520064,7614,508937953,54131158,1532,-6215,-30,6271,293132650,2115,293132670,2115,175,-50,94,41,2642,72,-40,2641
530080,7614,508937960,54131114,1532,-6215,-31,6271,293132650,2115,293132680,2115,175,-50,92,74,2596,71,-5,2596
539423,7613,508937966,54131071,1532,-6215,-32,6271,293132650,2115,293132690,2115,175,-50,0,46,2584,-21,-33,2583
549433,7613,508937973,54131027,1533,-6215,-32,6271,293132650,2115,293132700,2115,175,-50,-31,11,2502,-51,-66,2499
560627,7613,508937980,54130983,1533,-6214,-32,6271,293132650,2115,293132710,2115,175,-50,-23,92,2510,-44,15,2510
569585,7613,508937987,54130937,1533,-6214,-32,6271,293132700,2115,293132720,2115,175,-50,30,25,2560,10,-54,2558
579496,7612,508937994,54130893,1533,-6215,-33,6271,293132700,2115,293132730,2115,175,-49,84,30,2572,64,-48,2571
589436,7612,508938001,54130850,1534,-6215,-34,6271,293132700,2115,293132740,2115,175,-49,66,73,2602,45,-6,2602
599613,7612,508938008,54130806,1534,-6215,-34,6271,293132700,2115,293132750,2115,175,-49,54,5,2531,34,-73,2529
610827,7611,508938015,54130763,1534,-6215,-34,6271,293132700,2115,293132760,2115,175,-48,-38,92,2558,-58,13,2557
620544,7611,508938022,54130716,1534,-6214,-34,6271,293132750,2115,293132770,2115,175,-48,-27,30,2492,-46,-47,2490
629633,7611,508938029,54130673,1534,-6214,-34,6271,293132750,2115,293132780,2115,175,-48,2,81,2546,-18,3,2546
639767,7610,508938035,54130629,1535,-6214,-34,6271,293132750,2115,293132790,2115,174,-47,43,-38,2456,25,-113,2452
649888,7610,508938042,54130585,1535,-6214,-34,6271,293132750,2115,293132800,2115,174,-47,88,61,2482,69,-14,2481
659704,7610,508938049,54130542,1535,-6215,-33,6271,293132750,2115,293132810,2115,173,-47,69,66,2423,51,-7,2422
669563,7609,508938056,54130495,1536,-6215,-33,6271,293132800,2115,293132820,2115,172,-47,29,45,2442,11,-29,2441
679869,7609,508938063,54130452,1536,-6215,-32,6271,293132800,2115,293132830,2115,171,-47,-9,5,2436,-27,-68,2433
689817,7608,508938070,54130408,1536,-6215,-32,6271,293132800,2115,293132840,2115,171,-47,22,60,2485,3,-14,2484
699420,7608,508938077,54130365,1536,-6215,-32,6271,293132800,2115,293132850,2115,170,-47,36,76,2485,17,2,2484
710877,7607,508938084,54130321,1537,-6215,-32,6271,293132800,2115,293132860,2115,169,-48,70,2,2492,51,-72,2489
719560,7606,508938091,54130275,1537,-6216,-32,6271,293132850,2115,293132870,2115,169,-48,76,118,2471,57,45,2472
729478,7606,508938097,54130231,1537,-6215,-32,6271,293132850,2115,293132880,2115,168,-48,22,-28,2511,4,-102,2507
740292,7605,508938104,54130187,1537,-6215,-32,6271,293132850,2115,293132890,2115,167,-48,-39,79,2515,-59,5,2514
749626,7604,508938111,54130144,1537,-6215,-32,6271,293132850,2115,293132900,2115,166,-48,-20,34,2473,-38,-38,2471
760513,7603,508938118,54130100,1538,-6214,-31,6271,293132850,2115,293132910,2115,165,-48,9,1,2479,-10,-71,2477
769712,7603,508938125,54130054,1539,-6215,-31,6271,293132900,2115,293132920,2115,164,-48,75,-19,2490,56,-90,2487
779513,7602,508938132,54130010,1539,-6215,-31,6271,293132900,2115,293132930,2115,163,-48,45,57,2437,26,-12,2436
789412,7601,508938139,54129967,1540,-6215,-30,6271,293132900,2115,293132940,2115,163,-48,53,-37,2427,35,-106,2423
799445,7600,508938146,54129923,1541,-6214,-30,6271,293132900,2115,293132950,2115,162,-49,-1,-158,2473,-19,-228,2466
809735,7600,508938153,54129879,1542,-6214,-30,6271,293132900,2115,293132960,2115,160,-49,-6,30,2450,-25,-39,2448
819577,7599,508938160,54129833,1541,-6214,-29,6271,293132950,2115,293132970,2115,159,-49,19,116,2473,-1,47,2473
829483,7598,508938167,54129789,1543,-6214,-29,6271,293132950,2115,293132980,2115,158,-50,46,-86,2478,27,-155,2473
839956,7597,508938174,54129746,1543,-6214,-29,6271,293132950,2115,293132990,2115,157,-50,80,-30,2490,60,-99,2487
849410,7597,508938180,54129702,1544,-6214,-29,6271,293132950,2115,293133000,2115,156,-50,32,-10,2463,12,-78,2461
859720,7596,508938187,54129659,1545,-6214,-28,6271,293132950,2115,293133010,2115,156,-51,51,-9,2481,31,-77,2478
869566,7595,508938194,54129612,1546,-6214,-28,6271,293133000,2115,293133020,2115,155,-51,-18,-71,2485,-38,-139,2480
879538,7594,508938201,54129569,1546,-6213,-29,6271,293133000,2115,293133030,2115,154,-52,-5,43,2565,-26,-27,2563
889866,7593,508938208,54129525,1546,-6213,-29,6271,293133000,2115,293133040,2115,153,-52,23,-2,2526,2,-70,2523
899416,7592,508938215,54129481,1547,-6213,-29,6271,293133000,2115,293133050,2115,152,-53,24,-32,2540,3,-100,2537
909690,7592,508938222,54129438,1548,-6213,-30,6271,293133000,2115,293133060,2115,152,-53,54,-60,2534,33,-127,2530
920127,7591,508938229,54129391,1549,-6213,-29,6271,293133050,2115,293133070,2115,151,-54,34,-1,2501,12,-67,2498
930022,7590,508938236,54129348,1549,-6213,-29,6271,293133050,2115,293133080,2115,151,-55,7,31,2486,-15,-35,2484
939420,7589,508938243,54129304,1550,-6213,-29,6271,293133050,2115,293133090,2115,150,-55,1,-94,2501,-21,-160,2496
949444,7588,508938250,54129261,1551,-6212,-30,6271,293133050,2115,293133100,2115,149,-56,15,-37,2543,-7,-103,2539
959718,7588,508938257,54129217,1551,-6212,-30,6271,293133050,2115,293133110,2115,149,-57,21,-15,2544,-2,-81,2541
969571,7587,508938264,54129171,1552,-6212,-30,6271,293133100,2115,293133120,2115,148,-57,52,-37,2567,28,-103,2563
979511,7586,508938271,54129127,1553,-6212,-31,6271,293133100,2115,293133130,2115,147,-58,55,-80,2527,32,-145,2522
989414,7585,508938278,54129084,1555,-6212,-31,6271,293133100,2115,293133140,2115,147,-58,-2,-85,2572,-25,-151,2567
999422,7584,508938285,54129040,1555,-6211,-32,6271,293133100,2115,293133150,2115,146,-58,-15,-10,2579,-39,-77,2576
1009799,7583,508938292,54128996,1556,-6211,-32,6271,293133100,2115,293133160,2115,145,-58,-15,-41,2599,-39,-108,2595
1019621,7582,508938299,54128950,1557,-6210,-33,6271,293133150,2115,293133170,2115,144,-58,20,-74,2577,-4,-139,2572
1029488,7582,508938306,54128906,1558,-6210,-34,6271,293133150,2115,293133180,2115,143,-58,46,-41,2565,22,-105,2561
1039445,7581,508938313,54128863,1559,-6210,-33,6272,293133150,2115,293133190,2115,143,-58,31,-69,2477,8,-131,2473
1049460,7580,508938320,54128819,1560,-6210,-33,6272,293133150,2115,293133200,2115,143,-58,16,-64,2489,-6,-127,2485
1060183,7579,508938327,54128776,1561,-6209,-33,6272,293133150,2115,293133210,2115,142,-57,-12,-68,2454,-34,-130,2450
1069581,7578,508938334,54128729,1561,-6209,-32,6272,293133200,2115,293133220,2115,141,-56,-1,-43,2483,-24,-105,2479
1080363,7577,508938341,54128686,1562,-6208,-32,6272,293133200,2115,293133230,2115,141,-56,-6,-66,2487,-28,-127,2483
1089429,7577,508938348,54128642,1562,-6208,-33,6272,293133200,2115,293133240,2115,140,-55,22,3,2578,-1,-61,2576
1099410,7576,508938355,54128599,1564,-6208,-33,6272,293133200,2115,293133250,2115,140,-54,36,-90,2529,15,-152,2525
1109694,7575,508938362,54128555,1565,-6208,-33,6272,293133200,2115,293133260,2115,140,-53,60,-59,2528,39,-121,2524
1119609,7574,508938369,54128509,1566,-6208,-33,6272,293133250,2115,293133270,2115,140,-52,8,-54,2438,-12,-113,2434
1129499,7574,508938376,54128465,1566,-6207,-32,6272,293133250,2115,293133280,2115,139,-51,-28,-42,2405,-47,-101,2401
1139401,7573,508938383,54128422,1567,-6207,-32,6272,293133250,2115,293133290,2115,139,-50,-26,-39,2436,-46,-99,2432
1149424,7572,508938390,54128378,1568,-6206,-31,6272,293133250,2115,293133300,2115,139,-49,10,-81,2458,-8,-140,2453
1160333,7571,508938397,54128335,1568,-6206,-30,6272,293133250,2115,293133310,2115,138,-48,48,42,2407,30,-16,2406
1169578,7571,508938404,54128288,1569,-6207,-30,6272,293133300,2115,293133320,2115,138,-47,79,-42,2403,61,-100,2400
1179510,7570,508938411,54128245,1570,-6207,-29,6272,293133300,2115,293133330,2115,138,-46,54,-121,2406,37,-179,2401
1189417,7569,508938418,54128201,1571,-6206,-28,6272,293133300,2115,293133340,2115,138,-46,-9,-40,2361,-25,-98,2357
1199457,7568,508938425,54128158,1572,-6206,-27,6272,293133300,2115,293133350,2115,138,-45,-32,-21,2464,-49,-81,2461
1209674,7568,508938432,54128114,1573,-6206,-27,6272,293133300,2115,293133360,2115,138,-44,15,-68,2457,-1,-128,2453
1220518,7567,508938439,54128068,1573,-6206,-27,6272,293133350,2115,293133370,2115,137,-43,30,-58,2493,13,-118,2489
1232032,7566,508938447,54128024,1574,-6206,-26,6272,293133350,2115,293133380,2115,137,-43,31,-53,2419,15,-111,2416
1239435,7565,508938454,54127981,1575,-6206,-26,6272,293133350,2115,293133390,2115,137,-42,40,-12,2487,24,-72,2485
1249442,7564,508938461,54127937,1576,-6205,-25,6272,293133350,2115,293133400,2115,137,-42,21,-96,2397,6,-153,2393
1260744,7563,508938468,54127894,1577,-6205,-25,6272,293133350,2115,293133410,2115,137,-42,-3,-50,2430,-18,-108,2426
1269596,7563,508938475,54127847,1578,-6205,-23,6272,293133400,2115,293133420,2115,137,-41,-21,-83,2353,-35,-140,2349
1279641,7562,508938482,54127804,1579,-6204,-23,6272,293133400,2115,293133430,2115,137,-41,-12,-36,2379,-27,-93,2376
1289429,7561,508938489,54127760,1579,-6204,-22,6272,293133400,2115,293133440,2115,136,-41,20,-5,2386,5,-62,2383
1299418,7561,508938496,54127717,1580,-6204,-21,6272,293133400,2115,293133450,2115,137,-41,93,-64,2469,78,-123,2465
1311019,7560,508938503,54127673,1582,-6205,-21,6272,293133400,2115,293133460,2115,137,-41,87,-151,2487,72,-210,2482
1319564,7559,508938510,54127627,1583,-6204,-21,6272,293133450,2115,293133470,2115,137,-41,13,-39,2460,-3,-98,2456
1329498,7558,508938518,54127583,1583,-6204,-21,6272,293133450,2115,293133480,2115,137,-41,-35,-36,2511,-50,-96,2507
1339583,7557,508938525,54127540,1584,-6203,-20,6272,293133450,2115,293133490,2115,137,-41,-62,-59,2439,-77,-118,2435
1349425,7557,508938532,54127496,1584,-6203,-20,6272,293133450,2115,293133500,2115,137,-40,-13,10,2467,-29,-50,2465
1360788,7556,508938539,54127453,1586,-6203,-19,6272,293133450,2115,293133510,2115,138,-40,61,-134,2421,47,-193,2415
1369571,7555,508938546,54127407,1587,-6203,-19,6272,293133500,2115,293133520,2115,138,-40,75,-22,2436,60,-81,2434
1379505,7554,508938553,54127363,1587,-6203,-18,6272,293133500,2115,293133530,2115,139,-40,30,-11,2409,16,-70,2407
1389713,7554,508938560,54127320,1588,-6202,-18,6272,293133500,2115,293133540,2115,140,-39,-6,-92,2450,-21,-152,2445
1399436,7553,508938567,54127276,1589,-6202,-17,6272,293133500,2115,293133550,2115,140,-39,-27,-55,2422,-42,-115,2418
1410425,7552,508938575,54127233,1589,-6201,-17,6272,293133500,2115,293133560,2115,141,-39,-29,20,2480,-44,-42,2478
1419567,7551,508938582,54127186,1590,-6201,-16,6272,293133550,2115,293133570,2115,142,-38,11,-90,2444,-3,-151,2439
1429499,7551,508938589,54127143,1592,-6201,-16,6272,293133550,2115,293133580,2115,143,-38,63,-93,2464,49,-155,2460
1439687,7550,508938596,54127099,1593,-6201,-16,6272,293133550,2115,293133590,2115,144,-37,44,-67,2462,31,-129,2458
1449456,7549,508938603,54127056,1593,-6201,-15,6272,293133550,2115,293133600,2115,145,-37,8,-8,2452,-6,-71,2450
1459651,7548,508938610,54127012,1594,-6200,-15,6272,293133550,2115,293133610,2115,146,-36,-40,-118,2430,-53,-181,2424
1469567,7547,508938617,54126966,1595,-6200,-14,6272,293133600,2115,293133620,2115,147,-36,-15,-56,2430,-28,-119,2426
1479977,7547,508938625,54126922,1596,-6199,-13,6272,293133600,2115,293133630,2115,147,-36,-10,-47,2425,-23,-110,2421
1489416,7546,508938632,54126879,1597,-6200,-13,6272,293133600,2115,293133640,2115,148,-36,79,-56,2462,66,-119,2459
1499424,7545,508938639,54126835,1598,-6200,-12,6272,293133600,2115,293133650,2115,149,-36,77,-94,2380,65,-156,2375
1509655,7544,508938646,54126792,1599,-6200,-12,6272,293133600,2115,293133660,2115,150,-36,28,-76,2432,15,-140,2427
1519612,7544,508938653,54126746,1600,-6199,-11,6272,293133650,2115,293133670,2115,151,-36,-28,-78,2422,-41,-143,2417
1529498,7543,508938661,54126702,1601,-6199,-11,6272,293133650,2115,293133680,2115,151,-36,-15,-27,2494,-28,-93,2490
1539778,7542,508938668,54126659,1602,-6198,-11,6272,293133650,2115,293133690,2115,152,-37,22,-73,2532,9,-140,2527
1550072,7541,508938675,54126615,1603,-6198,-11,6272,293133650,2115,293133700,2115,153,-37,29,-89,2515,15,-156,2510
1560389,7541,508938682,54126572,1604,-6198,-11,6272,293133650,2115,293133710,2115,153,-38,60,14,2486,46,-53,2484
1569595,7540,508938689,54126525,1606,-6198,-11,6272,293133700,2115,293133720,2115,154,-38,37,-139,2481,23,-206,2474
1579487,7539,508938697,54126482,1606,-6198,-11,6272,293133700,2115,293133730,2115,155,-39,8,-32,2560,-7,-102,2556
1589416,7538,508938704,54126438,1607,-6197,-11,6272,293133700,2115,293133740,2115,155,-39,-31,-46,2442,-45,-113,2437
1599436,7538,508938711,54126395,1608,-6197,-11,6272,293133700,2115,293133750,2115,155,-40,-4,-35,2574,-20,-105,2570
1609825,7537,508938718,54126351,1609,-6197,-11,6272,293133700,2115,293133760,2115,155,-40,16,-45,2522,1,-114,2518
1619580,7536,508938726,54126305,1610,-6197,-12,6272,293133750,2115,293133770,2115,156,-41,47,-60,2613,31,-131,2609
1629500,7535,508938733,54126262,1611,-6197,-13,6272,293133750,2115,293133780,2115,156,-42,76,-40,2583,59,-110,2580
1639409,7534,508938740,54126218,1611,-6197,-13,6272,293133750,2115,293133790,2115,156,-43,35,-34,2574,18,-105,2570
1649418,7533,508938747,54126175,1612,-6197,-13,6272,293133750,2115,293133800,2115,157,-43,-41,-40,2508,-58,-109,2504
1659658,7533,508938755,54126131,1613,-6196,-14,6272,293133750,2115,293133810,2115,157,-44,-59,-5,2573,-77,-77,2569
1669567,7532,508938762,54126085,1614,-6195,-15,6272,293133800,2115,293133820,2115,157,-44,-19,-80,2582,-36,-151,2577
1679486,7531,508938769,54126041,1615,-6195,-15,6272,293133800,2115,293133830,2115,157,-44,72,-95,2625,54,-168,2620
1689756,7530,508938776,54125998,1616,-6196,-16,6272,293133800,2115,293133840,2115,158,-45,75,33,2606,57,-39,2605
1700318,7529,508938784,54125955,1617,-6196,-17,6272,293133800,2115,293133850,2115,158,-45,66,-74,2634,48,-146,2629
1709823,7528,508938791,54125911,1618,-6195,-18,6272,293133800,2115,293133860,2115,158,-45,-28,-59,2614,-46,-131,2609
1719601,7528,508938798,54125865,1618,-6194,-19,6272,293133850,2115,293133870,2115,159,-45,-35,-55,2608,-53,-128,2603
1729490,7527,508938805,54125821,1619,-6194,-20,6272,293133850,2115,293133880,2115,159,-45,-12,-39,2600,-30,-111,2596
1739422,7526,508938813,54125778,1620,-6194,-20,6272,293133850,2115,293133890,2115,159,-44,15,-37,2517,-2,-108,2513
1749416,7525,508938820,54125734,1621,-6194,-20,6272,293133850,2115,293133900,2115,160,-44,45,-11,2568,27,-83,2565
1759886,7524,508938827,54125691,1622,-6194,-21,6272,293133850,2115,293133910,2115,161,-44,57,-110,2586,40,-182,2580
1769563,7524,508938834,54125645,1623,-6194,-22,6272,293133900,2115,293133920,2115,161,-44,73,-26,2614,56,-100,2611
1779482,7523,508938842,54125601,1624,-6193,-22,6272,293133900,2115,293133930,2115,162,-44,-9,-25,2503,-26,-97,2499
1789421,7522,508938849,54125558,1624,-6193,-22,6272,293133900,2115,293133940,2115,162,-44,-49,-47,2544,-66,-119,2539
1799445,7521,508938856,54125514,1625,-6192,-22,6272,293133900,2115,293133950,2115,162,-44,4,-80,2537,-13,-152,2531
1810826,7521,508938864,54125471,1626,-6192,-23,6272,293133900,2115,293133960,2115,163,-43,28,-42,2558,10,-115,2554
1819565,7520,508938871,54125425,1627,-6193,-23,6272,293133950,2115,293133970,2115,163,-43,80,26,2496,63,-45,2494
1829473,7519,508938878,54125381,1629,-6193,-23,6272,293133950,2115,293133980,2115,163,-43,80,-131,2564,63,-204,2558
1839444,7518,508938886,54125338,1630,-6192,-23,6272,293133950,2115,293133990,2115,164,-43,2,-36,2487,-15,-107,2483
1849450,7518,508938893,54125294,1631,-6192,-23,6272,293133950,2115,293134000,2115,164,-43,-28,-73,2486,-44,-145,2481
1860848,7517,508938900,54125251,1631,-6191,-23,6272,293133950,2115,293134010,2115,164,-42,-16,8,2505,-33,-65,2502
1869863,7516,508938908,54125205,1632,-6191,-23,6272,293134000,2115,293134020,2115,165,-42,14,-57,2476,-2,-129,2472
1879508,7515,508938915,54125161,1633,-6191,-23,6272,293134000,2115,293134030,2115,165,-41,27,-57,2512,12,-130,2508
1889410,7515,508938923,54125118,1634,-6191,-23,6272,293134000,2115,293134040,2115,165,-40,59,-63,2590,43,-138,2585
1899431,7514,508938930,54125074,1635,-6191,-24,6272,293134000,2115,293134050,2115,166,-40,22,-22,2563,6,-97,2559
1909670,7513,508938937,54125031,1636,-6190,-24,6272,293134000,2115,293134060,2115,166,-39,1,-84,2530,-14,-158,2524
1919566,7512,508938945,54124985,1636,-6190,-23,6272,293134050,2115,293134070,2115,166,-39,-40,-6,2435,-54,-77,2432
1929495,7512,508938952,54124941,1637,-6189,-23,6272,293134050,2115,293134080,2115,167,-38,-35,-2,2419,-49,-73,2416
1939421,7511,508938959,54124898,1638,-6189,-22,6272,293134050,2115,293134090,2115,167,-37,43,-95,2414,30,-165,2409
1949428,7510,508938967,54124855,1639,-6189,-21,6272,293134050,2115,293134100,2115,168,-36,78,-41,2421,65,-112,2417
1959680,7509,508938974,54124811,1640,-6190,-21,6272,293134050,2115,293134110,2115,168,-36,72,-1,2406,59,-72,2404
1969590,7509,508938982,54124765,1641,-6190,-20,6272,293134100,2115,293134120,2115,168,-35,36,-59,2473,23,-132,2468
1980300,7508,508938989,54124722,1641,-6190,-20,6272,293134100,2115,293134130,2115,169,-35,4,-4,2438,-9,-76,2435
1989404,7507,508938996,54124678,1642,-6189,-19,6272,293134100,2115,293134140,2115,169,-35,-14,-77,2403,-26,-148,2398
1999433,7506,508939004,54124635,1643,-6189,-18,6272,293134100,2115,293134150,2115,169,-34,-33,-5,2415,-45,-78,2412
2009678,7506,508939011,54124591,1643,-6189,-18,6272,293134100,2115,293134160,2115,170,-34,34,-13,2412,22,-84,2409
2019580,7505,508939019,54124545,1644,-6189,-17,6272,293134150,2115,293134170,2115,170,-34,76,-36,2461,63,-109,2457
2029491,7504,508939026,54124502,1645,-6189,-17,6272,293134150,2115,293134180,2115,170,-34,57,-35,2488,45,-109,2484
2039630,7503,508939033,54124458,1646,-6189,-17,6272,293134150,2115,293134190,2115,170,-34,11,-61,2466,-1,-135,2461
2049436,7502,508939041,54124415,1646,-6188,-16,6272,293134150,2115,293134200,2115,170,-34,-33,61,2450,-46,-12,2449
2059662,7502,508939048,54124371,1647,-6188,-16,6273,293134150,2115,293134210,2115,170,-34,-24,-47,2427,-36,-119,2422
2069786,7501,508939056,54124325,1648,-6188,-15,6273,293134200,2115,293134220,2115,170,-34,55,-19,2428,42,-91,2425
2079487,7500,508939063,54124282,1649,-6188,-14,6273,293134200,2115,293134230,2115,169,-34,44,-25,2407,32,-96,2404
2089432,7499,508939071,54124238,1650,-6188,-14,6273,293134200,2115,293134240,2115,169,-34,60,-27,2455,48,-99,2451
2099706,7498,508939078,54124195,1651,-6188,-14,6273,293134200,2115,293134250,2115,168,-34,31,-61,2477,18,-134,2473
2109719,7497,508939085,54124152,1651,-6188,-14,6273,293134200,2115,293134260,2115,167,-34,-8,-28,2479,-21,-100,2476
2119585,7496,508939093,54124105,1652,-6187,-13,6273,293134250,2115,293134270,2115,166,-34,-9,15,2458,-22,-57,2456
2130059,7496,508939100,54124062,1652,-6187,-13,6273,293134250,2115,293134280,2115,165,-34,4,-7,2468,-9,-79,2465
2139550,7495,508939108,54124019,1653,-6187,-13,6273,293134250,2115,293134290,2115,164,-34,12,-54,2461,0,-125,2456
2149421,7494,508939115,54123975,1654,-6187,-12,6273,293134250,2115,293134300,2115,163,-34,80,-61,2459,68,-131,2455
2159684,7493,508939123,54123932,1655,-6187,-12,6273,293134250,2115,293134310,2115,162,-34,45,-47,2454,32,-116,2450
2169581,7492,508939130,54123886,1656,-6187,-12,6273,293134300,2115,293134320,2115,161,-35,11,-14,2498,-2,-85,2495
2179514,7492,508939138,54123842,1657,-6186,-12,6273,293134300,2115,293134330,2115,160,-35,-30,-18,2497,-44,-88,2494
2189408,7491,508939145,54123799,1657,-6186,-12,6273,293134300,2115,293134340,2115,158,-36,15,22,2489,1,-47,2487
2199434,7490,508939152,54123755,1658,-6186,-11,6273,293134300,2115,293134350,2115,157,-36,20,-65,2439,7,-132,2434
2209755,7489,508939160,54123712,1659,-6186,-11,6273,293134300,2115,293134360,2115,156,-37,67,-20,2462,53,-87,2459
2219573,7489,508939168,54123666,1660,-6187,-11,6273,293134350,2115,293134370,2115,155,-37,64,-40,2511,50,-109,2507
2229512,7488,508939175,54123622,1660,-6186,-11,6273,293134350,2115,293134380,2115,155,-38,15,-9,2500,1,-77,2497
2239442,7487,508939182,54123579,1661,-6186,-11,6273,293134350,2115,293134390,2115,154,-38,-9,-32,2539,-24,-101,2535
2249412,7486,508939190,54123536,1662,-6186,-12,6273,293134350,2115,293134400,2115,153,-39,16,-88,2602,1,-158,2597
2259665,7486,508939197,54123492,1663,-6186,-12,6273,293134350,2115,293134410,2115,152,-40,9,-17,2524,-7,-84,2521
2269574,7485,508939205,54123446,1663,-6186,-12,6273,293134400,2115,293134420,2115,151,-40,27,-16,2523,11,-83,2520
2279682,7484,508939212,54123403,1664,-6186,-12,6273,293134400,2115,293134430,2115,151,-41,54,-37,2513,39,-103,2510
2289686,7483,508939220,54123359,1665,-6186,-12,6273,293134400,2115,293134440,2115,151,-42,29,-63,2513,13,-129,2509
2299409,7483,508939227,54123316,1666,-6185,-12,6273,293134400,2115,293134450,2115,150,-43,-14,-35,2514,-31,-102,2510
2309862,7482,508939235,54123272,1667,-6185,-13,6273,293134400,2115,293134460,2115,150,-44,9,-23,2562,-8,-90,2559
2319632,7481,508939242,54123226,1668,-6185,-13,6273,293134450,2115,293134470,2115,149,-44,35,-54,2562,17,-121,2558
2329499,7481,508939250,54123183,1669,-6185,-14,6273,293134450,2115,293134480,2115,149,-45,32,-49,2556,14,-116,2552
2339881,7480,508939257,54123139,1669,-6185,-14,6273,293134450,2115,293134490,2115,149,-46,38,16,2506,20,-49,2504
2349422,7480,508939265,54123096,1670,-6184,-14,6273,293134450,2115,293134500,2115,149,-46,25,-125,2574,7,-192,2568
2359718,7479,508939272,54123053,1671,-6184,-15,6273,293134450,2115,293134510,2115,149,-47,3,-69,2625,-16,-138,2621
2370208,7479,508939280,54123006,1671,-6183,-15,6273,293134500,2115,293134520,2115,149,-47,14,28,2492,-5,-38,2490
2379490,7478,508939287,54122963,1672,-6183,-16,6273,293134500,2115,293134530,2115,150,-48,8,1,2578,-12,-67,2575
2389442,7478,508939295,54122920,1673,-6183,-16,6273,293134500,2115,293134540,2115,150,-48,4,-89,2558,-15,-156,2553
2399526,7477,508939303,54122876,1674,-6183,-17,6273,293134500,2115,293134550,2115,150,-47,26,-60,2562,7,-128,2558
2409697,7476,508939310,54122833,1675,-6182,-17,6273,293134500,2115,293134560,2115,150,-47,26,-19,2527,7,-86,2523
2419558,7476,508939318,54122787,1674,-6183,-17,6273,293134550,2115,293134570,2115,151,-46,28,81,2537,9,14,2536
2429661,7475,508939325,54122743,1676,-6182,-17,6273,293134550,2115,293134580,2115,152,-45,2,-139,2486,-15,-206,2480
2439459,7475,508939333,54122700,1677,-6182,-17,6273,293134550,2115,293134590,2115,152,-44,-18,-42,2551,-35,-110,2547
2449422,7474,508939340,54122657,1677,-6181,-18,6273,293134550,2115,293134600,2115,152,-43,2,42,2561,-16,-26,2560
2459685,7474,508939348,54122613,1678,-6181,-18,6273,293134550,2115,293134610,2115,153,-41,35,-38,2501,19,-105,2498
2469624,7474,508939355,54122567,1678,-6181,-17,6273,293134600,2115,293134620,2115,153,-40,15,-9,2409,0,-73,2406
2479530,7473,508939363,54122524,1680,-6181,-16,6273,293134600,2115,293134630,2115,154,-39,22,-89,2392,8,-154,2388
2489924,7473,508939370,54122480,1680,-6181,-15,6273,293134600,2115,293134640,2115,154,-37,-5,38,2391,-19,-27,2389
2499412,7472,508939378,54122437,1680,-6180,-14,6273,293134600,2115,293134650,2115,155,-36,-43,-27,2375,-55,-92,2371
2509669,7472,508939386,54122394,1680,-6180,-14,6273,293134600,2115,293134660,2115,155,-34,-33,39,2443,-46,-28,2441
2520200,7471,508939393,54122348,1682,-6179,-13,6273,293134650,2115,293134670,2115,156,-33,-13,-76,2392,-24,-141,2387
2529476,7471,508939401,54122304,1682,-6179,-13,6273,293134650,2115,293134680,2115,156,-31,-11,21,2460,-22,-46,2458
2539421,7470,508939408,54122261,1683,-6178,-12,6273,293134650,2115,293134690,2115,156,-30,-7,-38,2403,-17,-104,2399
2550409,7470,508939416,54122218,1683,-6178,-11,6273,293134650,2115,293134700,2115,157,-29,-18,30,2437,-28,-37,2435
2559686,7469,508939423,54122174,1684,-6177,-11,6273,293134650,2115,293134710,2115,157,-27,-68,-27,2403,-77,-93,2400
2569580,7469,508939431,54122128,1684,-6177,-10,6273,293134700,2115,293134720,2115,157,-26,-67,-8,2452,-76,-76,2448
2580396,7469,508939439,54122085,1684,-6176,-9,6273,293134700,2115,293134730,2115,157,-26,-82,82,2395,-91,15,2394
2589413,7468,508939446,54122041,1684,-6176,-9,6273,293134700,2115,293134740,2115,158,-25,-41,-55,2440,-49,-123,2435
2599431,7468,508939454,54121998,1685,-6175,-8,6273,293134700,2115,293134750,2115,158,-24,-28,-51,2452,-36,-119,2448
2609706,7467,508939461,54121955,1686,-6175,-8,6273,293134700,2115,293134760,2115,158,-24,-28,22,2429,-37,-46,2427
2619582,7467,508939469,54121909,1686,-6174,-7,6273,293134750,2115,293134770,2115,158,-24,-42,10,2446,-50,-58,2444
2629534,7467,508939477,54121865,1686,-6173,-7,6273,293134750,2115,293134780,2115,158,-24,-102,20,2442,-111,-48,2439
2639431,7466,508939484,54121822,1686,-6172,-6,6273,293134750,2115,293134790,2115,158,-24,-124,15,2474,-132,-54,2471
2649441,7466,508939492,54121779,1687,-6171,-7,6273,293134750,2115,293134800,2115,158,-24,-80,-15,2549,-88,-86,2545
2659702,7465,508939499,54121735,1687,-6171,-7,6273,293134750,2115,293134810,2115,158,-23,-49,-20,2491,-57,-89,2487
2670059,7465,508939507,54121689,1687,-6170,-7,6273,293134800,2115,293134820,2115,159,-23,-50,-4,2494,-58,-74,2491
2679485,7465,508939514,54121646,1688,-6169,-7,6273,293134800,2115,293134830,2115,159,-23,-81,23,2528,-89,-48,2525
2689421,7464,508939522,54121603,1688,-6168,-7,6273,293134800,2115,293134840,2115,159,-23,-124,-49,2483,-132,-119,2479
2699565,7464,508939530,54121559,1688,-6167,-7,6273,293134800,2115,293134850,2115,159,-23,-123,9,2554,-132,-63,2551
2709672,7464,508939537,54121516,1688,-6166,-7,6273,293134800,2115,293134860,2115,159,-22,-128,60,2508,-136,-11,2506
2719583,7463,508939545,54121470,1689,-6165,-7,6273,293134850,2115,293134870,2115,159,-22,-81,-5,2544,-88,-77,2541
2729512,7463,508939552,54121427,1689,-6164,-7,6273,293134850,2115,293134880,2115,159,-22,-57,-14,2521,-65,-85,2517
2739435,7463,508939560,54121384,1690,-6164,-8,6273,293134850,2115,293134890,2115,160,-22,-45,8,2578,-53,-64,2576
2749427,7462,508939568,54121340,1690,-6163,-8,6273,293134850,2115,293134900,2115,160,-22,-93,-23,2481,-101,-94,2477
2760440,7462,508939575,54121297,1690,-6162,-7,6273,293134850,2115,293134910,2115,161,-21,-153,45,2432,-160,-24,2430
2769572,7462,508939583,54121251,1690,-6160,-7,6273,293134900,2115,293134920,2115,161,-21,-163,-13,2464,-170,-84,2460
2779501,7461,508939590,54121208,1691,-6159,-7,6273,293134900,2115,293134930,2115,161,-20,-126,-30,2509,-132,-102,2505
2790274,7461,508939598,54121165,1691,-6158,-7,6273,293134900,2115,293134940,2115,162,-20,-80,5,2484,-86,-66,2481
2799449,7461,508939606,54121122,1691,-6158,-7,6273,293134900,2115,293134950,2115,162,-19,-59,22,2573,-66,-51,2571
2809704,7460,508939613,54121078,1692,-6157,-8,6273,293134900,2115,293134960,2115,163,-19,-93,13,2543,-100,-60,2540
2820437,7460,508939621,54121032,1692,-6155,-8,6273,293134950,2115,293134970,2115,163,-18,-136,-41,2569,-142,-116,2565
2829511,7460,508939628,54120989,1692,-6154,-8,6273,293134950,2115,293134980,2115,164,-18,-183,49,2500,-189,-24,2498
2839891,7459,508939636,54120946,1692,-6153,-8,6273,293134950,2115,293134990,2115,164,-17,-162,20,2430,-167,-51,2427
2849417,7459,508939644,54120903,1693,-6151,-7,6273,293134950,2115,293135000,2115,165,-16,-133,-36,2434,-137,-107,2430
2860005,7458,508939651,54120860,1693,-6150,-6,6273,293134950,2115,293135010,2115,165,-15,-96,14,2432,-101,-57,2429
2869565,7458,508939659,54120814,1693,-6150,-6,6273,293135000,2115,293135020,2115,166,-15,-97,24,2501,-102,-49,2499
2879509,7457,508939667,54120771,1694,-6148,-7,6273,293135000,2115,293135030,2115,166,-14,-125,-47,2569,-130,-123,2564
2889413,7457,508939674,54120727,1693,-6147,-7,6273,293135000,2115,293135040,2115,166,-14,-160,33,2514,-164,-41,2512
2899414,7456,508939682,54120684,1693,-6145,-7,6273,293135000,2115,293135050,2115,167,-14,-200,69,2509,-205,-5,2507
2909668,7456,508939689,54120641,1693,-6144,-7,6273,293135000,2115,293135060,2115,167,-13,-170,3,2511,-174,-72,2508
2919573,7455,508939697,54120595,1694,-6143,-7,6273,293135050,2115,293135070,2115,167,-13,-159,-21,2451,-162,-93,2448
2929538,7455,508939705,54120552,1694,-6142,-7,6273,293135050,2115,293135080,2115,167,-13,-119,18,2510,-123,-56,2507
2939436,7454,508939712,54120509,1694,-6140,-7,6273,293135050,2115,293135090,2115,168,-13,-127,58,2514,-131,-17,2513
2949415,7453,508939720,54120466,1694,-6139,-7,6273,293135050,2115,293135100,2115,168,-13,-167,-33,2521,-171,-108,2516
2959665,7453,508939727,54120423,1694,-6137,-7,6273,293135050,2115,293135110,2115,168,-13,-205,29,2502,-209,-46,2499
2969574,7452,508939735,54120377,1694,-6136,-7,6273,293135100,2115,293135120,2115,168,-13,-197,54,2509,-201,-21,2507
2979486,7451,508939743,54120334,1694,-6134,-7,6273,293135100,2115,293135130,2115,168,-13,-204,25,2544,-208,-51,2542
2989443,7451,508939750,54120291,1694,-6133,-8,6273,293135100,2115,293135140,2115,168,-13,-146,21,2541,-150,-55,2538
2999441,7450,508939758,54120248,1694,-6131,-8,6273,293135100,2115,293135150,2115,168,-14,-162,-8,2530,-166,-83,2527
3010055,7449,508939766,54120205,1694,-6130,-8,6273,293135100,2115,293135160,2115,168,-14,-187,-2,2579,-191,-79,2576
3019571,7449,508939773,54120159,1694,-6128,-9,6273,293135150,2115,293135170,2115,167,-14,-229,57,2533,-233,-19,2532
3029518,7448,508939781,54120116,1694,-6126,-9,6273,293135150,2115,293135180,2115,167,-14,-228,-28,2524,-232,-103,2520
3039531,7448,508939788,54120073,1694,-6124,-9,6273,293135150,2115,293135190,2115,167,-14,-248,67,2539,-253,-9,2538
3049416,7447,508939796,54120030,1694,-6122,-9,6273,293135150,2115,293135200,2115,167,-14,-218,-15,2530,-222,-90,2526
3060449,7447,508939804,54119987,1694,-6121,-10,6273,293135150,2115,293135210,2115,166,-14,-203,4,2577,-208,-72,2573
3069567,7446,508939811,54119942,1694,-6119,-10,6273,293135200,2115,293135220,2115,166,-14,-220,-16,2564,-224,-92,2560
3079520,7445,508939819,54119899,1694,-6117,-11,6273,293135200,2115,293135230,2115,165,-14,-239,22,2594,-244,-55,2591
3089521,7445,508939826,54119856,1694,-6114,-12,6274,293135200,2115,293135240,2115,165,-14,-289,31,2559,-293,-44,2556
3099412,7445,508939834,54119813,1693,-6112,-12,6274,293135200,2115,293135250,2115,164,-14,-294,50,2539,-298,-25,2536
3110806,7444,508939842,54119770,1694,-6110,-12,6274,293135200,2115,293135260,2115,164,-14,-269,-47,2501,-272,-120,2496
3120357,7444,508939849,54119724,1694,-6108,-12,6274,293135250,2115,293135270,2115,163,-13,-252,1,2495,-256,-72,2492
3129520,7443,508939857,54119682,1694,-6106,-12,6274,293135250,2115,293135280,2115,163,-13,-254,-9,2486,-258,-81,2482
3139432,7443,508939865,54119639,1694,-6104,-12,6274,293135250,2115,293135290,2115,162,-13,-235,-4,2534,-239,-77,2531
3149421,7442,508939872,54119596,1694,-6101,-12,6274,293135250,2115,293135300,2115,161,-13,-294,1,2517,-298,-72,2513
3160865,7442,508939880,54119553,1693,-6099,-12,6274,293135250,2115,293135310,2115,161,-13,-309,38,2499,-313,-34,2497
3169574,7442,508939887,54119508,1693,-6096,-12,6274,293135300,2115,293135320,2115,160,-13,-289,15,2518,-293,-57,2515
3179503,7441,508939895,54119465,1694,-6094,-12,6274,293135300,2115,293135330,2115,160,-13,-273,-46,2521,-276,-118,2516
3189412,7441,508939903,54119422,1693,-6092,-12,6274,293135300,2115,293135340,2115,159,-13,-248,31,2516,-252,-40,2514
3199427,7440,508939910,54119379,1693,-6090,-12,6274,293135300,2115,293135350,2115,159,-13,-270,2,2474,-274,-68,2470
3209693,7440,508939918,54119337,1693,-6088,-12,6274,293135300,2115,293135360,2115,160,-12,-284,-29,2496,-287,-101,2492
3219560,7440,508939925,54119291,1693,-6085,-12,6274,293135350,2115,293135370,2115,159,-12,-311,38,2511,-314,-34,2509
3229492,7439,508939933,54119248,1692,-6083,-12,6274,293135350,2115,293135380,2115,160,-12,-300,64,2563,-303,-10,2561
3239414,7439,508939941,54119206,1692,-6080,-13,6274,293135350,2115,293135390,2115,160,-12,-277,-40,2544,-280,-113,2539
3249431,7439,508939948,54119163,1692,-6078,-13,6274,293135350,2115,293135400,2115,160,-11,-282,-32,2516,-285,-104,2512
3259671,7438,508939956,54119121,1692,-6076,-13,6274,293135350,2115,293135410,2115,161,-11,-275,-13,2489,-278,-85,2485
3269583,7438,508939963,54119075,1693,-6073,-12,6274,293135400,2115,293135420,2115,161,-12,-268,1,2472,-271,-70,2468
3279497,7438,508939971,54119033,1693,-6071,-12,6274,293135400,2115,293135430,2115,162,-12,-306,-25,2487,-309,-97,2483
3289416,7438,508939979,54118990,1692,-6069,-12,6274,293135400,2115,293135440,2115,162,-12,-308,46,2459,-311,-26,2457
3299429,7437,508939986,54118947,1692,-6066,-12,6274,293135400,2115,293135450,2115,163,-12,-319,13,2499,-322,-60,2496
3309669,7437,508939994,54118905,1693,-6063,-12,6274,293135400,2115,293135460,2115,164,-12,-311,-101,2544,-314,-176,2538
3319573,7437,508940001,54118859,1692,-6061,-13,6274,293135450,2115,293135470,2115,164,-13,-245,51,2599,-249,-25,2597
3329511,7437,508940009,54118817,1692,-6060,-13,6274,293135450,2115,293135480,2115,165,-13,-230,13,2502,-233,-60,2499
3339877,7437,508940017,54118774,1692,-6057,-12,6274,293135450,2115,293135490,2115,165,-13,-312,12,2435,-315,-60,2431
3349423,7436,508940024,54118732,1692,-6054,-12,6274,293135450,2115,293135500,2115,165,-12,-394,9,2426,-397,-63,2423
3359711,7436,508940032,54118690,1691,-6051,-12,6274,293135450,2115,293135510,2115,166,-11,-418,12,2511,-421,-63,2507
3369576,7436,508940039,54118644,1691,-6048,-12,6274,293135500,2115,293135520,2115,166,-11,-349,51,2569,-352,-26,2567
3379493,7436,508940047,54118602,1690,-6046,-13,6274,293135500,2115,293135530,2115,166,-10,-253,54,2567,-255,-23,2565
3389479,7436,508940055,54118559,1690,-6044,-13,6274,293135500,2115,293135540,2115,167,-8,-236,33,2503,-238,-42,2501
3399437,7435,508940062,54118517,1690,-6042,-13,6274,293135500,2115,293135550,2115,168,-7,-276,-2,2492,-277,-77,2488
3409687,7435,508940070,54118475,1690,-6039,-12,6274,293135500,2115,293135560,2115,169,-5,-388,50,2464,-388,-25,2462
3419570,7435,508940078,54118430,1689,-6035,-11,6274,293135550,2115,293135570,2115,170,-3,-381,19,2373,-380,-54,2371
3429503,7435,508940085,54118387,1689,-6032,-10,6274,293135550,2115,293135580,2115,170,-1,-394,40,2349,-392,-32,2348
3439418,7435,508940093,54118345,1688,-6030,-9,6274,293135550,2115,293135590,2115,170,1,-347,50,2343,-345,-22,2342
3449452,7435,508940100,54118303,1688,-6027,-8,6274,293135550,2115,293135600,2115,171,3,-291,74,2351,-288,2,2351
3460891,7434,508940108,54118260,1688,-6025,-7,6274,293135550,2115,293135610,2115,172,5,-229,-49,2432,-225,-123,2428
3469570,7434,508940115,54118215,1688,-6024,-6,6274,293135600,2115,293135620,2115,173,7,-172,58,2349,-167,-14,2348
3479528,7434,508940123,54118173,1688,-6023,-4,6274,293135600,2115,293135630,2115,173,9,-155,48,2183,-149,-19,2182
3489464,7434,508940131,54118131,1687,-6022,-1,6274,293135600,2115,293135640,2115,174,10,-127,51,2163,-122,-15,2162
3499431,7434,508940138,54118089,1687,-6021,2,6274,293135600,2115,293135650,2115,174,11,-124,63,2187,-118,-4,2186
3510816,7434,508940146,54118046,1687,-6021,3,6274,293135600,2115,293135660,2115,175,12,-86,48,2295,-80,-23,2294
3519559,7434,508940153,54118001,1687,-6020,4,6274,293135650,2115,293135670,2115,175,13,-80,37,2385,-73,-37,2383
3529615,7434,508940161,54117959,1687,-6020,5,6274,293135650,2115,293135680,2115,175,13,-102,43,2391,-95,-31,2390
3540139,7434,508940169,54117917,1686,-6019,6,6274,293135650,2115,293135690,2115,176,12,-152,118,2420,-145,43,2421
3549414,7433,508940176,54117875,1686,-6018,7,6274,293135650,2115,293135700,2115,176,12,-109,47,2369,-102,-26,2367
3560836,7433,508940184,54117832,1686,-6017,8,6274,293135650,2115,293135710,2115,176,11,-67,55,2343,-61,-18,2342
3569564,7433,508940191,54117787,1687,-6017,9,6274,293135700,2115,293135720,2115,177,10,-37,18,2362,-31,-56,2360
3579507,7433,508940199,54117745,1686,-6016,10,6274,293135700,2115,293135730,2115,177,9,-88,115,2337,-83,42,2338
3589426,7433,508940206,54117703,1686,-6015,11,6274,293135700,2115,293135740,2115,177,8,-115,36,2413,-110,-39,2411
3599447,7433,508940214,54117661,1686,-6015,11,6274,293135700,2115,293135750,2115,178,6,-77,79,2498,-72,1,2497
3610866,7433,508940222,54117619,1687,-6014,11,6274,293135700,2115,293135760,2115,178,5,-34,18,2476,-30,-59,2474
3619560,7433,508940229,54117574,1686,-6014,11,6274,293135750,2115,293135770,2115,178,2,-26,90,2511,-24,11,2511
3629507,7433,508940237,54117532,1686,-6014,12,6274,293135750,2115,293135780,2115,179,0,-62,83,2451,-61,6,2450
3640310,7432,508940244,54117489,1686,-6013,11,6274,293135750,2115,293135790,2115,179,-2,-79,43,2539,-78,-37,2538
3649820,7432,508940252,54117447,1686,-6012,11,6274,293135750,2115,293135800,2115,179,-4,-105,69,2534,-105,-11,2533
3659681,7432,508940259,54117405,1686,-6012,10,6274,293135750,2115,293135810,2115,179,-7,-42,37,2608,-44,-45,2606
3670327,7432,508940267,54117360,1686,-6012,10,6274,293135800,2115,293135820,2115,180,-9,-13,96,2561,-16,15,2561
3679517,7432,508940275,54117318,1687,-6012,9,6274,293135800,2115,293135830,2115,180,-12,-8,53,2601,-12,-29,2599
3689446,7432,508940282,54117276,1686,-6011,9,6274,293135800,2115,293135840,2115,181,-15,-67,67,2572,-72,-15,2571
3699453,7432,508940290,54117234,1686,-6010,8,6274,293135800,2115,293135850,2115,181,-17,-91,91,2577,-97,9,2577
3709719,7432,508940297,54117191,1686,-6010,7,6274,293135800,2115,293135860,2115,181,-20,-75,63,2660,-83,-22,2659
3719564,7432,508940305,54117146,1686,-6009,6,6274,293135850,2115,293135870,2115,181,-22,-36,46,2631,-45,-37,2629
3729518,7432,508940313,54117104,1686,-6009,4,6274,293135850,2115,293135880,2115,181,-25,-18,118,2675,-28,33,2676
3740341,7432,508940320,54117062,1686,-6009,3,6274,293135850,2115,293135890,2115,182,-27,-23,55,2636,-34,-29,2634
3749434,7432,508940328,54117020,1686,-6008,2,6274,293135850,2115,293135900,2115,182,-29,-90,96,2637,-102,12,2636
3760150,7432,508940335,54116978,1686,-6007,1,6274,293135850,2115,293135910,2115,182,-31,-105,60,2660,-118,-26,2658
3769605,7432,508940343,54116933,1686,-6006,-1,6274,293135900,2115,293135920,2115,183,-33,-93,94,2739,-107,6,2738
3779488,7432,508940350,54116891,1685,-6006,-2,6274,293135900,2115,293135930,2115,183,-34,-57,107,2690,-71,20,2689
3789440,7432,508940358,54116849,1686,-6005,-4,6274,293135900,2115,293135940,2115,183,-36,-9,28,2751,-24,-60,2748
3799427,7433,508940366,54116807,1686,-6005,-6,6274,293135900,2115,293135950,2115,183,-37,-9,70,2673,-24,-16,2672
3809671,7433,508940373,54116764,1686,-6005,-7,6274,293135900,2115,293135960,2115,183,-38,-50,104,2610,-66,20,2610
3819580,7433,508940381,54116720,1685,-6004,-7,6274,293135950,2115,293135970,2115,183,-39,-124,118,2613,-140,33,2612
3829495,7433,508940388,54116677,1685,-6003,-8,6274,293135950,2115,293135980,2115,183,-39,-131,29,2575,-146,-54,2572
3839469,7433,508940396,54116635,1685,-6002,-10,6274,293135950,2115,293135990,2115,182,-39,-90,102,2715,-107,14,2714
3849433,7433,508940403,54116593,1685,-6002,-11,6274,293135950,2115,293136000,2115,182,-39,-10,97,2716,-27,10,2716
3860589,7433,508940411,54116551,1684,-6002,-13,6274,293135950,2115,293136010,2115,182,-39,10,114,2690,-7,28,2690
3869583,7434,508940419,54116506,1684,-6001,-14,6274,293136000,2115,293136020,2115,181,-38,-85,77,2666,-101,-8,2665
3879482,7434,508940426,54116464,1684,-6000,-15,6274,293136000,2115,293136030,2115,181,-37,-153,94,2640,-169,10,2639
3889459,7434,508940434,54116422,1683,-5998,-16,6274,293136000,2115,293136040,2115,181,-36,-147,98,2573,-162,15,2572
3899445,7434,508940441,54116380,1682,-5997,-16,6274,293136000,2115,293136050,2115,181,-34,-151,146,2490,-164,66,2491
3910648,7434,508940449,54116338,1682,-5997,-15,6274,293136000,2115,293136060,2115,180,-32,-99,123,2485,-112,44,2485
3919616,7434,508940456,54116293,1682,-5996,-16,6274,293136050,2115,293136070,2115,180,-30,-43,31,2517,-54,-48,2514
3929517,7435,508940464,54116251,1681,-5996,-17,6274,293136050,2115,293136080,2115,180,-28,-48,153,2614,-60,70,2615
3940308,7435,508940472,54116209,1681,-5995,-17,6274,293136050,2115,293136090,2115,180,-26,-19,105,2600,-29,23,2600
3949444,7435,508940479,54116167,1681,-5995,-17,6274,293136050,2115,293136100,2115,180,-23,-86,81,2497,-94,1,2496
3959700,7435,508940487,54116125,1680,-5994,-16,6274,293136050,2115,293136110,2115,179,-21,-133,130,2372,-141,54,2372
3969585,7435,508940494,54116080,1680,-5993,-15,6274,293136100,2115,293136120,2115,179,-18,-131,115,2393,-137,39,2393
3979491,7436,508940502,54116038,1680,-5992,-14,6274,293136100,2115,293136130,2115,178,-16,-86,46,2335,-91,-27,2334
3989432,7436,508940509,54115996,1679,-5992,-13,6274,293136100,2115,293136140,2115,177,-14,7,85,2389,2,10,2388
3999432,7436,508940517,54115954,1679,-5992,-12,6274,293136100,2115,293136150,2115,176,-11,-32,170,2350,-35,97,2352
4010351,7436,508940524,54115912,1678,-5992,-12,6274,293136100,2115,293136160,2115,176,-9,-55,86,2454,-58,10,2454
4019573,7436,508940532,54115867,1678,-5991,-11,6274,293136150,2115,293136170,2115,175,-7,-130,52,2371,-131,-21,2369
4029509,7436,508940539,54115825,1678,-5990,-10,6274,293136150,2115,293136180,2115,175,-6,-123,120,2382,-124,46,2383
4039450,7437,508940547,54115783,1677,-5989,-8,6274,293136150,2115,293136190,2115,174,-4,-109,127,2302,-109,56,2303
4049412,7437,508940554,54115741,1677,-5989,-7,6274,293136150,2115,293136200,2115,173,-2,-80,98,2330,-79,26,2330
4059700,7437,508940562,54115699,1676,-5988,-5,6274,293136150,2115,293136210,2115,172,0,-65,83,2334,-63,12,2334
4069572,7437,508940570,54115654,1676,-5988,-4,6274,293136200,2115,293136220,2115,172,2,-78,129,2336,-76,58,2337
4079493,7438,508940577,54115612,1675,-5987,-3,6274,293136200,2115,293136230,2115,171,3,-99,156,2350,-96,84,2352
4089584,7438,508940585,54115570,1675,-5986,-2,6274,293136200,2115,293136240,2115,171,4,-109,50,2344,-105,-21,2342
4099417,7438,508940592,54115528,1674,-5986,-1,6274,293136200,2115,293136250,2115,170,5,-116,133,2363,-113,61,2364
4109733,7438,508940600,54115486,1673,-5985,1,6275,293136200,2115,293136260,2115,170,5,-88,165,2301,-84,96,2303
4120121,7438,508940607,54115441,1673,-5985,2,6275,293136250,2115,293136270,2115,170,6,-51,116,2330,-47,47,2331
4129498,7439,508940615,54115400,1673,-5985,4,6275,293136250,2115,293136280,2115,169,6,-61,23,2334,-57,-47,2332
4139421,7439,508940622,54115358,1673,-5984,5,6275,293136250,2115,293136290,2115,169,6,-115,102,2349,-112,32,2349
4150328,7439,508940630,54115316,1672,-5983,6,6275,293136250,2115,293136300,2115,169,6,-120,127,2334,-117,57,2335
4159718,7439,508940637,54115274,1671,-5982,7,6275,293136250,2115,293136310,2115,169,5,-109,126,2360,-105,55,2361
4169581,7439,508940645,54115229,1671,-5982,8,6275,293136300,2115,293136320,2115,169,4,-88,72,2432,-85,0,2431
4180215,7439,508940652,54115187,1671,-5981,8,6275,293136300,2115,293136330,2115,168,3,-103,46,2416,-100,-26,2414
4189468,7440,508940660,54115145,1670,-5981,8,6275,293136300,2115,293136340,2115,168,2,-94,131,2484,-91,57,2485
4199438,7440,508940667,54115103,1670,-5980,9,6275,293136300,2115,293136350,2115,168,1,-104,94,2429,-102,22,2429
4210438,7440,508940675,54115061,1670,-5979,9,6275,293136300,2115,293136360,2115,168,0,-125,40,2498,-123,-34,2497
4219577,7440,508940682,54115016,1670,-5978,10,6275,293136350,2115,293136370,2115,169,-1,-148,53,2397,-147,-19,2395
4229521,7440,508940690,54114974,1669,-5977,10,6275,293136350,2115,293136380,2115,169,-2,-153,178,2460,-152,105,2462
4239496,7440,508940697,54114932,1668,-5976,10,6275,293136350,2115,293136390,2115,169,-3,-118,77,2506,-118,2,2505
4249422,7441,508940705,54114891,1668,-5975,10,6275,293136350,2115,293136400,2115,169,-5,-69,41,2568,-69,-36,2566
4259708,7441,508940712,54114849,1668,-5974,10,6275,293136350,2115,293136410,2115,169,-6,-98,38,2473,-99,-36,2471
4270223,7441,508940720,54114804,1668,-5974,10,6275,293136400,2115,293136420,2115,169,-8,-120,151,2544,-122,75,2545
4279506,7441,508940727,54114762,1667,-5973,10,6275,293136400,2115,293136430,2115,170,-9,-110,97,2499,-113,21,2499
4289444,7442,508940735,54114720,1667,-5972,10,6275,293136400,2115,293136440,2115,171,-10,-132,50,2499,-135,-25,2498
4299975,7442,508940742,54114678,1667,-5971,10,6275,293136400,2115,293136450,2115,171,-12,-161,94,2514,-165,17,2513
4309703,7442,508940750,54114636,1666,-5970,9,6275,293136400,2115,293136460,2115,172,-13,-108,111,2537,-113,34,2537
4319598,7442,508940757,54114592,1666,-5969,9,6275,293136450,2115,293136470,2115,172,-14,-115,94,2586,-120,15,2586
4330174,7442,508940765,54114550,1667,-5968,8,6275,293136450,2115,293136480,2115,173,-15,-59,-6,2624,-63,-86,2620
4339463,7443,508940772,54114508,1666,-5967,7,6275,293136450,2115,293136490,2115,173,-16,-106,148,2602,-112,69,2603
4349459,7443,508940780,54114466,1665,-5967,6,6275,293136450,2115,293136500,2115,174,-17,-103,119,2627,-109,38,2627
4360443,7443,508940787,54114424,1665,-5965,5,6275,293136450,2115,293136510,2115,175,-18,-166,79,2590,-173,-2,2589
4369586,7443,508940795,54114380,1664,-5964,4,6275,293136500,2115,293136520,2115,175,-19,-126,91,2568,-133,11,2568
4379526,7443,508940802,54114338,1664,-5963,4,6275,293136500,2115,293136530,2115,176,-19,-120,100,2543,-127,21,2543
4389981,7443,508940810,54114296,1664,-5962,3,6275,293136500,2115,293136540,2115,176,-20,-91,80,2650,-99,-2,2649
4399448,7444,508940817,54114254,1664,-5962,2,6275,293136500,2115,293136550,2115,176,-21,-58,83,2588,-66,3,2587
4410855,7444,508940824,54114212,1663,-5961,1,6275,293136500,2115,293136560,2115,176,-22,-83,103,2624,-91,21,2624
4419559,7444,508940832,54114168,1663,-5961,1,6275,293136550,2115,293136570,2115,176,-22,-115,121,2603,-124,40,2604
4429515,7444,508940839,54114126,1662,-5960,0,6275,293136550,2115,293136580,2115,176,-23,-145,150,2645,-154,68,2646
4439433,7444,508940847,54114084,1662,-5958,-1,6275,293136550,2115,293136590,2115,176,-23,-129,57,2629,-137,-25,2627
4449433,7444,508940854,54114042,1661,-5958,-3,6275,293136550,2115,293136600,2115,175,-23,-91,130,2675,-100,47,2675
4459695,7444,508940862,54114001,1661,-5957,-4,6275,293136550,2115,293136610,2115,175,-23,-77,78,2635,-86,-3,2634
4469575,7444,508940869,54113956,1661,-5957,-5,6275,293136600,2115,293136620,2115,175,-22,-59,117,2633,-68,36,2634
4480216,7444,508940877,54113914,1661,-5956,-6,6275,293136600,2115,293136630,2115,175,-22,-117,45,2684,-125,-38,2682
4489423,7444,508940884,54113873,1660,-5955,-7,6275,293136600,2115,293136640,2115,175,-22,-95,106,2606,-104,25,2605
4499457,7444,508940892,54113831,1659,-5954,-8,6275,293136600,2115,293136650,2115,174,-21,-138,211,2588,-147,131,2591
4510394,7444,508940899,54113789,1659,-5953,-8,6275,293136600,2115,293136660,2115,173,-21,-117,86,2513,-125,9,2513
4519589,7444,508940907,54113745,1659,-5953,-8,6275,293136650,2115,293136670,2115,173,-20,-72,-10,2530,-79,-87,2527
4529496,7444,508940914,54113703,1659,-5952,-9,6275,293136650,2115,293136680,2115,172,-19,-85,106,2540,-92,28,2540
4540343,7444,508940922,54113661,1658,-5951,-9,6275,293136650,2115,293136690,2115,172,-18,-68,146,2588,-75,67,2589
4549443,7444,508940929,54113619,1658,-5951,-10,6275,293136650,2115,293136700,2115,171,-17,-96,85,2543,-102,8,2543
4560683,7444,508940936,54113578,1657,-5950,-10,6275,293136650,2115,293136710,2115,171,-16,-123,108,2570,-129,30,2570
4569739,7444,508940944,54113533,1657,-5949,-10,6275,293136700,2115,293136720,2115,171,-15,-122,90,2457,-127,16,2457
4579541,7444,508940951,54113491,1656,-5948,-10,6275,293136700,2115,293136730,2115,170,-14,-97,123,2523,-101,47,2523
4589414,7444,508940959,54113450,1656,-5947,-10,6275,293136700,2115,293136740,2115,169,-13,-88,54,2506,-92,-20,2504
4599652,7444,508940966,54113408,1656,-5947,-10,6275,293136700,2115,293136750,2115,169,-12,-46,66,2504,-50,-8,2503
4609727,7444,508940974,54113366,1656,-5946,-10,6275,293136700,2115,293136760,2115,169,-11,-87,95,2456,-90,21,2456
4619581,7444,508940981,54113322,1655,-5946,-9,6275,293136750,2115,293136770,2115,168,-10,-94,88,2468,-97,15,2468
4629867,7444,508940988,54113280,1654,-5945,-8,6275,293136750,2115,293136780,2115,168,-9,-138,178,2361,-141,108,2363
4639421,7444,508940996,54113238,1654,-5944,-8,6275,293136750,2115,293136790,2115,168,-8,-105,50,2395,-107,-21,2394
4649425,7444,508941003,54113197,1655,-5943,-7,6275,293136750,2115,293136800,2115,168,-7,-98,-22,2420,-98,-93,2416
4659950,7444,508941011,54113155,1654,-5943,-6,6275,293136750,2115,293136810,2115,168,-6,-60,77,2440,-61,5,2439
4669574,7444,508941018,54113110,1654,-5943,-6,6275,293136800,2115,293136820,2115,168,-5,-50,117,2450,-51,45,2451
4679526,7444,508941026,54113069,1654,-5942,-6,6275,293136800,2115,293136830,2115,168,-4,-80,22,2452,-80,-51,2450
4689444,7444,508941033,54113027,1654,-5941,-5,6275,293136800,2115,293136840,2115,168,-4,-103,93,2482,-103,19,2481
4699416,7444,508941041,54112985,1653,-5940,-4,6275,293136800,2115,293136850,2115,168,-3,-129,136,2367,-129,65,2368
4709704,7444,508941048,54112944,1653,-5939,-4,6275,293136800,2115,293136860,2115,168,-3,-99,24,2436,-98,-48,2434
4720223,7444,508941055,54112899,1653,-5939,-3,6275,293136850,2115,293136870,2115,167,-3,-76,37,2353,-75,-32,2351
4729492,7444,508941063,54112858,1653,-5938,-2,6275,293136850,2115,293136880,2115,167,-2,-49,52,2358,-49,-17,2356
4739427,7444,508941070,54112816,1653,-5938,-1,6275,293136850,2115,293136890,2115,167,-2,-78,161,2390,-78,90,2392
4750053,7444,508941078,54112774,1652,-5937,0,6275,293136850,2115,293136900,2115,168,-2,-88,65,2420,-87,-7,2419
4759681,7444,508941085,54112733,1653,-5936,0,6275,293136850,2115,293136910,2115,168,-2,-83,22,2442,-82,-51,2440
4769574,7444,508941092,54112688,1652,-5936,1,6275,293136900,2115,293136920,2115,168,-2,-109,59,2385,-108,-12,2384
4779527,7444,508941100,54112647,1652,-5935,2,6275,293136900,2115,293136930,2115,167,-2,-106,133,2469,-105,60,2470
4789422,7444,508941107,54112605,1652,-5934,2,6275,293136900,2115,293136940,2115,167,-2,-83,47,2447,-83,-25,2446
4799451,7444,508941115,54112563,1652,-5933,2,6275,293136900,2115,293136950,2115,166,-3,-105,39,2484,-104,-34,2482
4810667,7444,508941122,54112522,1651,-5933,3,6275,293136900,2115,293136960,2115,166,-3,-52,112,2397,-52,41,2398
4819585,7444,508941129,54112477,1651,-5933,4,6275,293136950,2115,293136970,2115,166,-3,-82,90,2347,-81,21,2347
4829512,7444,508941137,54112436,1651,-5932,5,6275,293136950,2115,293136980,2115,166,-3,-125,63,2389,-125,-7,2388
4840013,7444,508941144,54112394,1651,-5931,6,6275,293136950,2115,293136990,2115,166,-4,-104,80,2386,-104,10,2385
4849437,7444,508941152,54112352,1650,-5930,7,6275,293136950,2115,293137000,2115,165,-4,-92,82,2420,-93,12,2420
4859702,7444,508941159,54112311,1650,-5930,7,6275,293136950,2115,293137010,2115,164,-5,-61,76,2445,-61,5,2444
4869905,7445,508941166,54112266,1650,-5929,7,6275,293137000,2115,293137020,2115,164,-6,-69,106,2507,-70,33,2507
4879521,7445,508941174,54112225,1650,-5929,7,6275,293137000,2115,293137030,2115,163,-7,-47,39,2529,-48,-34,2527
4889458,7445,508941181,54112183,1649,-5928,7,6275,293137000,2115,293137040,2115,163,-7,-104,110,2479,-106,38,2479
4900044,7445,508941189,54112141,1649,-5927,8,6275,293137000,2115,293137050,2115,162,-8,-132,108,2406,-134,39,2406
4909734,7445,508941196,54112100,1648,-5926,8,6275,293137000,2115,293137060,2115,161,-8,-135,68,2412,-137,-1,2411
4919578,7445,508941203,54112055,1648,-5925,9,6275,293137050,2115,293137070,2115,161,-8,-113,85,2484,-115,14,2483
4929802,7445,508941211,54112014,1648,-5925,9,6275,293137050,2115,293137080,2115,160,-9,-44,111,2500,-47,41,2500
4939419,7445,508941218,54111972,1648,-5925,8,6275,293137050,2115,293137090,2115,159,-9,-29,65,2542,-32,-7,2541
4949427,7445,508941226,54111931,1648,-5924,8,6275,293137050,2115,293137100,2115,159,-10,-53,54,2543,-56,-17,2542
4959716,7445,508941233,54111889,1647,-5924,8,6275,293137050,2115,293137110,2115,158,-10,-105,102,2501,-108,32,2501
4969585,7445,508941240,54111845,1647,-5923,8,6275,293137100,2115,293137120,2115,158,-10,-138,109,2528,-141,38,2528
4979499,7445,508941248,54111803,1646,-5922,8,6275,293137100,2115,293137130,2115,157,-11,-103,80,2455,-106,12,2454
4989443,7445,508941255,54111762,1646,-5921,9,6275,293137100,2115,293137140,2115,156,-11,-73,31,2398,-76,-35,2396
4999433,7445,508941263,54111720,1646,-5921,9,6275,293137100,2115,293137150,2115,156,-11,-54,61,2457,-57,-7,2456
5009694,7445,508941270,54111679,1646,-5920,10,6275,293137100,2115,293137160,2115,155,-11,-45,68,2474,-48,0,2473
5019623,7445,508941277,54111634,1646,-5920,10,6275,293137150,2115,293137170,2115,155,-11,-64,84,2495,-67,16,2495
5029532,7445,508941285,54111593,1646,-5919,10,6275,293137150,2115,293137180,2115,155,-11,-101,80,2483,-105,11,2482
5039441,7445,508941292,54111551,1645,-5918,10,6275,293137150,2115,293137190,2115,155,-11,-126,107,2482,-129,39,2482
5049431,7445,508941299,54111510,1645,-5917,10,6275,293137150,2115,293137200,2115,155,-11,-88,4,2526,-90,-66,2523
5060305,7445,508941307,54111468,1646,-5917,9,6275,293137150,2115,293137210,2115,155,-10,-74,7,2556,-77,-62,2553
5069607,7445,508941314,54111424,1645,-5916,9,6275,293137200,2115,293137220,2115,155,-10,-62,105,2498,-65,36,2498
5079527,7445,508941322,54111382,1645,-5916,9,6275,293137200,2115,293137230,2115,155,-10,-55,105,2520,-58,35,2520
5089440,7445,508941329,54111341,1645,-5915,9,6275,293137200,2115,293137240,2115,156,-9,-78,26,2510,-80,-43,2508
5099437,7444,508941336,54111299,1645,-5914,9,6275,293137200,2115,293137250,2115,157,-9,-108,1,2478,-110,-68,2475
5109696,7444,508941344,54111258,1645,-5913,10,6275,293137200,2115,293137260,2115,157,-8,-123,82,2489,-125,13,2488
5119601,7444,508941351,54111214,1645,-5913,10,6275,293137250,2115,293137270,2115,157,-8,-89,60,2462,-91,-8,2461
5129517,7444,508941358,54111172,1645,-5912,9,6276,293137250,2115,293137280,2115,158,-7,-60,-24,2570,-61,-95,2567
5139436,7444,508941366,54111131,1645,-5912,9,6276,293137250,2115,293137290,2115,159,-7,-54,61,2533,-56,-10,2532
5149448,7444,508941373,54111089,1645,-5911,8,6276,293137250,2115,293137300,2115,159,-7,-40,99,2591,-42,26,2591
5160822,7444,508941381,54111048,1645,-5910,8,6276,293137250,2115,293137310,2115,160,-7,-92,23,2542,-93,-49,2540
5169593,7444,508941388,54111003,1645,-5910,8,6276,293137300,2115,293137320,2115,161,-6,-87,7,2548,-87,-65,2545
5179498,7444,508941395,54110962,1645,-5909,8,6276,293137300,2115,293137330,2115,161,-6,-99,102,2402,-100,34,2402
5189446,7444,508941403,54110921,1645,-5908,9,6276,293137300,2115,293137340,2115,161,-5,-124,73,2400,-125,4,2400
5199472,7444,508941410,54110879,1645,-5907,9,6276,293137300,2115,293137350,2115,162,-5,-76,26,2527,-76,-46,2524
5210008,7444,508941418,54110838,1645,-5907,8,6276,293137300,2115,293137360,2115,163,-4,-17,-29,2605,-17,-104,2601
5219590,7444,508941425,54110793,1645,-5907,7,6276,293137350,2115,293137370,2115,164,-4,-55,104,2628,-55,29,2628
5229502,7443,508941432,54110752,1645,-5906,6,6276,293137350,2115,293137380,2115,165,-4,-60,86,2606,-60,10,2605
5239438,7443,508941440,54110711,1645,-5905,6,6276,293137350,2115,293137390,2115,165,-4,-129,24,2574,-129,-51,2571
5249432,7443,508941447,54110669,1645,-5904,6,6276,293137350,2115,293137400,2115,165,-3,-120,65,2545,-120,-10,2543
5260323,7443,508941455,54110628,1645,-5904,6,6276,293137350,2115,293137410,2115,166,-3,-98,71,2505,-98,-2,2504
5269596,7442,508941462,54110584,1645,-5903,6,6276,293137400,2115,293137420,2115,166,-2,-64,-16,2454,-63,-88,2450
5279532,7442,508941469,54110542,1645,-5903,6,6276,293137400,2115,293137430,2115,167,-2,-33,57,2496,-32,-17,2494
5289658,7442,508941477,54110501,1645,-5902,6,6276,293137400,2115,293137440,2115,167,-2,-55,76,2534,-54,2,2533
5299434,7441,508941484,54110459,1645,-5902,5,6276,293137400,2115,293137450,2115,168,-2,-49,47,2537,-48,-28,2535
5309687,7441,508941491,54110418,1645,-5901,5,6276,293137400,2115,293137460,2115,169,-2,-92,43,2571,-91,-34,2570
5319700,7441,508941499,54110374,1646,-5901,4,6276,293137450,2115,293137470,2115,169,-2,-79,8,2564,-78,-68,2561
5330191,7440,508941506,54110332,1645,-5900,4,6276,293137450,2115,293137480,2115,169,-2,-99,76,2555,-99,0,2554
5339440,7440,508941514,54110291,1646,-5899,4,6276,293137450,2115,293137490,2115,169,-2,-75,33,2461,-74,-40,2459
5349456,7439,508941521,54110250,1646,-5899,4,6276,293137450,2115,293137500,2115,170,-2,-42,29,2555,-41,-47,2553
5359707,7439,508941528,54110208,1646,-5898,4,6276,293137450,2115,293137510,2115,170,-2,-42,73,2508,-42,-3,2508
5369591,7439,508941536,54110164,1646,-5898,3,6276,293137500,2115,293137520,2115,171,-3,-53,89,2542,-52,13,2541
5379524,7438,508941543,54110123,1646,-5897,3,6276,293137500,2115,293137530,2115,171,-3,-98,-11,2545,-97,-88,2541
5389455,7438,508941551,54110081,1647,-5896,3,6276,293137500,2115,293137540,2115,171,-3,-86,-30,2486,-85,-105,2482
5399442,7437,508941558,54110040,1646,-5896,3,6276,293137500,2115,293137550,2115,170,-4,-74,122,2590,-75,45,2590
5409754,7437,508941565,54109999,1647,-5895,2,6276,293137500,2115,293137560,2115,170,-5,-62,7,2562,-62,-70,2559
5419590,7437,508941573,54109954,1647,-5895,2,6276,293137550,2115,293137570,2115,169,-5,2,41,2579,1,-35,2578
5429548,7436,508941580,54109913,1647,-5895,2,6276,293137550,2115,293137580,2115,169,-6,-52,31,2465,-53,-43,2463
5439454,7436,508941588,54109872,1647,-5894,2,6276,293137550,2115,293137590,2115,168,-6,-86,95,2525,-88,20,2525
5449575,7435,508941595,54109830,1647,-5893,2,6276,293137550,2115,293137600,2115,168,-6,-100,-8,2465,-101,-82,2462
5460634,7435,508941602,54109789,1648,-5892,2,6276,293137550,2115,293137610,2115,167,-6,-88,2,2498,-89,-72,2495
5469611,7435,508941610,54109745,1647,-5892,2,6276,293137600,2115,293137620,2115,167,-7,-42,51,2557,-43,-24,2556
5479526,7434,508941617,54109704,1648,-5891,1,6276,293137600,2115,293137630,2115,166,-7,-32,51,2584,-34,-25,2582
5489432,7434,508941625,54109662,1648,-5891,0,6276,293137600,2115,293137640,2115,165,-7,-30,41,2621,-31,-35,2619
5499455,7433,508941632,54109621,1648,-5891,-1,6276,293137600,2115,293137650,2115,164,-7,-38,13,2604,-39,-63,2601
5509693,7433,508941639,54109580,1648,-5890,-1,6276,293137600,2115,293137660,2115,164,-7,-104,73,2592,-106,-2,2591
5519610,7433,508941647,54109536,1649,-5889,-1,6276,293137650,2115,293137670,2115,163,-7,-80,-24,2466,-81,-95,2462
5529529,7433,508941654,54109494,1648,-5889,-1,6276,293137650,2115,293137680,2115,163,-7,-87,68,2410,-88,-2,2409
5539441,7432,508941662,54109453,1649,-5888,0,6276,293137650,2115,293137690,2115,162,-7,-42,10,2388,-43,-58,2386
5549455,7432,508941669,54109412,1649,-5888,1,6276,293137650,2115,293137700,2115,161,-8,18,46,2428,16,-22,2426
5560333,7432,508941676,54109370,1649,-5888,1,6276,293137650,2115,293137710,2115,161,-8,-12,13,2463,-13,-57,2461
5569599,7432,508941684,54109326,1650,-5888,1,6276,293137700,2115,293137720,2115,160,-9,-2,32,2563,-4,-41,2561
5579514,7432,508941691,54109285,1650,-5887,1,6276,293137700,2115,293137730,2115,160,-9,-65,65,2516,-68,-6,2515
5589451,7431,508941699,54109244,1650,-5886,1,6276,293137700,2115,293137740,2115,159,-10,-77,-4,2516,-79,-74,2513
5599456,7431,508941706,54109202,1649,-5886,1,6276,293137700,2115,293137750,2115,159,-10,-101,135,2462,-104,66,2463
5610826,7431,508941713,54109161,1650,-5885,1,6276,293137700,2115,293137760,2115,158,-10,-44,-1,2487,-47,-70,2484
5619581,7431,508941721,54109117,1650,-5885,1,6276,293137750,2115,293137770,2115,158,-10,-17,17,2516,-20,-53,2514
5629521,7431,508941728,54109076,1650,-5885,1,6276,293137750,2115,293137780,2115,157,-10,-20,57,2471,-23,-11,2470
5639457,7431,508941736,54109035,1650,-5885,1,6276,293137750,2115,293137790,2115,157,-10,-13,101,2480,-16,32,2480
5650380,7430,508941743,54108993,1650,-5884,2,6276,293137750,2115,293137800,2115,157,-10,-59,32,2412,-61,-35,2410
5660091,7430,508941751,54108952,1650,-5884,2,6276,293137750,2115,293137810,2115,156,-10,-67,-14,2483,-69,-83,2480
5669610,7430,508941758,54108908,1650,-5883,3,6276,293137800,2115,293137820,2115,156,-10,-35,78,2458,-37,10,2457
5679516,7430,508941765,54108867,1650,-5883,3,6276,293137800,2115,293137830,2115,156,-10,-28,64,2474,-30,-4,2473
5689751,7430,508941773,54108826,1650,-5883,3,6276,293137800,2115,293137840,2115,156,-9,-10,28,2447,-12,-39,2445
5699428,7430,508941780,54108784,1651,-5883,4,6276,293137800,2115,293137850,2115,156,-9,-18,-34,2453,-20,-102,2450
5710530,7429,508941788,54108743,1651,-5882,4,6276,293137800,2115,293137860,2115,156,-9,-42,66,2454,-44,-2,2453
5719617,7429,508941795,54108699,1651,-5882,5,6276,293137850,2115,293137870,2115,156,-8,-51,47,2392,-52,-19,2390
5729531,7429,508941802,54108658,1651,-5882,6,6276,293137850,2115,293137880,2115,156,-7,-43,55,2419,-44,-12,2418
5739453,7429,508941810,54108617,1652,-5881,7,6276,293137850,2115,293137890,2115,156,-7,-15,-44,2375,-16,-109,2371
5749439,7429,508941817,54108575,1652,-5881,7,6276,293137850,2115,293137900,2115,156,-7,-1,55,2407,-2,-11,2406
5759715,7428,508941825,54108534,1652,-5881,8,6276,293137850,2115,293137910,2115,157,-6,17,21,2399,16,-45,2397
5769593,7428,508941832,54108490,1652,-5881,9,6276,293137900,2115,293137920,2115,158,-6,-10,41,2454,-11,-27,2452
5779513,7428,508941840,54108449,1653,-5881,9,6276,293137900,2115,293137930,2115,159,-6,-42,45,2439,-43,-23,2437
5789447,7428,508941847,54108408,1653,-5880,10,6276,293137900,2115,293137940,2115,159,-6,-71,36,2401,-72,-32,2399
5799459,7428,508941854,54108366,1653,-5880,11,6276,293137900,2115,293137950,2115,160,-6,-47,67,2406,-48,-1,2405
5809703,7427,508941862,54108325,1653,-5880,11,6276,293137900,2115,293137960,2115,161,-7,29,-33,2436,28,-102,2432
5819623,7427,508941869,54108281,1654,-5880,12,6276,293137950,2115,293137970,2115,162,-7,6,43,2429,4,-26,2427
5829523,7427,508941877,54108240,1654,-5880,12,6276,293137950,2115,293137980,2115,163,-7,0,0,2424,-1,-69,2422
5839460,7427,508941884,54108199,1654,-5879,13,6276,293137950,2115,293137990,2115,164,-8,-24,107,2443,-26,37,2443
5849457,7427,508941892,54108157,1654,-5879,13,6276,293137950,2115,293138000,2115,165,-8,-40,-11,2471,-42,-83,2468
5859713,7426,508941899,54108116,1655,-5879,13,6276,293137950,2115,293138010,2115,166,-9,-28,10,2469,-30,-63,2467
5869622,7426,508941906,54108072,1655,-5878,14,6276,293138000,2115,293138020,2115,166,-9,-8,68,2466,-11,-4,2465
5879518,7426,508941914,54108031,1655,-5879,14,6276,293138000,2115,293138030,2115,167,-10,18,47,2516,15,-26,2515
5889435,7426,508941921,54107990,1655,-5878,14,6276,293138000,2115,293138040,2115,167,-11,-17,30,2487,-20,-43,2485
5899529,7426,508941929,54107949,1656,-5878,13,6276,293138000,2115,293138050,2115,168,-11,-30,6,2526,-33,-68,2523
5909691,7426,508941936,54107907,1656,-5878,13,6276,293138000,2115,293138060,2115,169,-12,-11,65,2542,-15,-10,2541
5919586,7426,508941944,54107863,1655,-5878,13,6276,293138050,2115,293138070,2115,169,-13,-19,94,2476,-23,21,2476
5929524,7425,508941951,54107822,1656,-5877,13,6276,293138050,2115,293138080,2115,170,-13,-26,12,2490,-29,-62,2487
5939433,7425,508941959,54107781,1656,-5877,13,6276,293138050,2115,293138090,2115,170,-14,-28,66,2524,-32,-10,2522
5949467,7425,508941966,54107740,1656,-5877,13,6276,293138050,2115,293138100,2115,170,-15,15,73,2506,10,-2,2505
5959725,7425,508941973,54107698,1656,-5877,13,6276,293138050,2115,293138110,2115,171,-15,2,-5,2560,-3,-82,2557
5969601,7425,508941981,54107655,1656,-5877,12,6276,293138100,2115,293138120,2115,171,-16,-25,95,2584,-31,18,2584
5979547,7425,508941988,54107613,1656,-5877,12,6276,293138100,2115,293138130,2115,171,-16,6,90,2557,0,13,2556
5989464,7425,508941996,54107572,1656,-5876,11,6276,293138100,2115,293138140,2115,172,-17,-22,22,2588,-28,-56,2586
5999450,7424,508942003,54107531,1657,-5876,11,6276,293138100,2115,293138150,2115,172,-17,-32,41,2559,-38,-36,2557
6009684,7424,508942011,54107490,1657,-5876,11,6276,293138100,2115,293138160,2115,172,-17,-10,87,2502,-16,11,2502
6019782,7424,508942018,54107446,1657,-5875,11,6276,293138150,2115,293138170,2115,173,-17,-39,2,2526,-45,-75,2523
6029541,7424,508942026,54107405,1658,-5875,10,6276,293138150,2115,293138180,2115,173,-17,20,0,2617,15,-79,2614
6039437,7424,508942033,54107363,1657,-5875,9,6276,293138150,2115,293138190,2115,173,-17,5,126,2554,-1,48,2555
6050289,7424,508942040,54107322,1657,-5875,9,6276,293138150,2115,293138200,2115,173,-17,8,39,2580,1,-40,2578
6059722,7424,508942048,54107281,1658,-5875,8,6276,293138150,2115,293138210,2115,173,-17,-24,58,2560,-30,-20,2559
6069620,7424,508942055,54107237,1658,-5874,8,6276,293138200,2115,293138220,2115,173,-17,-67,17,2584,-73,-62,2582
6080155,7424,508942063,54107196,1658,-5874,7,6276,293138200,2115,293138230,2115,173,-17,-22,109,2566,-29,31,2567
6089461,7424,508942070,54107155,1657,-5874,6,6276,293138200,2115,293138240,2115,173,-17,-4,88,2603,-11,9,2602
6099430,7424,508942078,54107113,1658,-5874,6,6276,293138200,2115,293138250,2115,174,-16,65,-41,2530,60,-118,2526
6110005,7424,508942085,54107072,1659,-5874,6,6276,293138200,2115,293138260,2115,174,-16,-2,59,2517,-8,-17,2516
6119622,7424,508942093,54107028,1658,-5874,6,6276,293138250,2115,293138270,2115,174,-16,-49,116,2531,-54,39,2531
6129790,7424,508942100,54106987,1658,-5874,5,6276,293138250,2115,293138280,2115,174,-15,-20,43,2575,-25,-36,2573
6139540,7424,508942108,54106946,1659,-5874,5,6276,293138250,2115,293138290,2115,174,-15,-17,57,2513,-22,-20,2512
6149452,7424,508942115,54106905,1658,-5874,5,6276,293138250,2115,293138300,2115,174,-15,9,127,2544,4,50,2545
6159704,7424,508942122,54106864,1659,-5873,4,6277,293138250,2115,293138310,2115,174,-14,-1,21,2539,-6,-57,2536
6170421,7424,508942130,54106820,1659,-5874,4,6277,293138300,2115,293138320,2115,174,-14,30,37,2546,26,-40,2544
6179496,7424,508942137,54106778,1659,-5874,4,6277,293138300,2115,293138330,2115,174,-14,-8,117,2520,-12,40,2520
6189478,7424,508942145,54106737,1658,-5874,4,6277,293138300,2115,293138340,2115,174,-13,-15,85,2560,-19,7,2560
6199511,7424,508942152,54106696,1659,-5873,3,6277,293138300,2115,293138350,2115,174,-13,-24,19,2524,-28,-58,2521
6209726,7424,508942160,54106655,1659,-5873,3,6277,293138300,2115,293138360,2115,174,-13,-14,92,2540,-18,14,2540
6219580,7424,508942167,54106611,1659,-5873,2,6277,293138350,2115,293138370,2115,174,-12,40,43,2594,36,-36,2592
6229539,7424,508942175,54106570,1659,-5874,2,6277,293138350,2115,293138380,2115,173,-12,49,74,2525,45,-2,2524
6239442,7424,508942182,54106529,1659,-5873,2,6277,293138350,2115,293138390,2115,173,-12,-24,87,2554,-28,9,2554
6249439,7424,508942190,54106487,1659,-5873,1,6277,293138350,2115,293138400,2115,172,-12,-1,96,2570,-5,19,2569
6259694,7424,508942197,54106446,1659,-5873,1,6277,293138350,2115,293138410,2115,171,-12,-9,94,2506,-13,19,2506
6269616,7424,508942204,54106402,1659,-5873,1,6277,293138400,2115,293138420,2115,171,-12,-6,2,2480,-9,-73,2477
6279535,7424,508942212,54106361,1659,-5874,1,6277,293138400,2115,293138430,2115,170,-12,27,91,2509,24,16,2509
6289478,7424,508942219,54106320,1659,-5874,1,6277,293138400,2115,293138440,2115,169,-12,56,127,2503,52,53,2504
6299449,7423,508942227,54106279,1659,-5874,1,6277,293138400,2115,293138450,2115,167,-13,35,85,2536,31,11,2535
6309705,7423,508942234,54106237,1659,-5874,1,6277,293138400,2115,293138460,2115,166,-13,-6,78,2526,-10,4,2526
6319907,7423,508942242,54106193,1659,-5874,1,6277,293138450,2115,293138470,2115,165,-14,17,85,2498,12,12,2497
6329522,7423,508942249,54106152,1658,-5874,1,6277,293138450,2115,293138480,2115,164,-14,-26,117,2477,-31,45,2477
6339453,7423,508942257,54106111,1659,-5874,1,6277,293138450,2115,293138490,2115,163,-14,-2,34,2501,-7,-38,2499
6349512,7423,508942264,54106070,1659,-5874,1,6277,293138450,2115,293138500,2115,162,-14,33,87,2507,29,15,2507
6359824,7423,508942272,54106029,1658,-5875,1,6277,293138450,2115,293138510,2115,161,-14,18,171,2517,13,100,2519
6370416,7422,508942279,54105985,1658,-5875,1,6277,293138500,2115,293138520,2115,160,-14,37,43,2550,32,-29,2549
6379691,7422,508942287,54105944,1658,-5875,0,6277,293138500,2115,293138530,2115,159,-15,28,26,2540,23,-45,2538
6389465,7422,508942294,54105902,1658,-5875,1,6277,293138500,2115,293138540,2115,159,-15,22,101,2455,17,32,2455
6399454,7422,508942301,54105861,1658,-5875,1,6277,293138500,2115,293138550,2115,158,-15,5,134,2408,0,67,2409
6409730,7422,508942309,54105820,1658,-5875,2,6277,293138500,2115,293138560,2115,158,-15,-21,28,2420,-25,-40,2418
6419589,7422,508942316,54105776,1658,-5875,3,6277,293138550,2115,293138570,2115,157,-15,27,42,2423,22,-25,2421
6429509,7421,508942324,54105735,1658,-5875,3,6277,293138550,2115,293138580,2115,157,-15,39,72,2448,34,5,2448
6439855,7421,508942331,54105694,1658,-5876,3,6277,293138550,2115,293138590,2115,156,-15,71,80,2526,66,11,2526
6449749,7421,508942339,54105652,1659,-5876,3,6277,293138550,2115,293138600,2115,156,-16,48,46,2457,44,-22,2456
6459695,7421,508942346,54105611,1659,-5876,3,6277,293138550,2115,293138610,2115,157,-16,8,18,2488,3,-51,2485
6470038,7421,508942354,54105567,1659,-5876,4,6277,293138600,2115,293138620,2115,157,-16,-14,75,2397,-19,8,2397
6479520,7421,508942361,54105526,1659,-5876,5,6277,293138600,2115,293138630,2115,157,-16,-26,75,2380,-31,10,2379
6489456,7421,508942369,54105485,1659,-5876,5,6277,293138600,2115,293138640,2115,157,-16,35,16,2444,30,-51,2442
6500103,7420,508942376,54105444,1659,-5876,6,6277,293138600,2115,293138650,2115,158,-17,38,25,2467,33,-44,2465
6509741,7420,508942383,54105402,1660,-5876,6,6277,293138600,2115,293138660,2115,158,-17,53,59,2482,47,-10,2481
6519597,7420,508942391,54105358,1660,-5877,6,6277,293138650,2115,293138670,2115,158,-18,33,64,2484,26,-5,2484
6530242,7420,508942398,54105317,1660,-5876,6,6277,293138650,2115,293138680,2115,159,-19,-1,50,2500,-8,-19,2499
6539450,7420,508942406,54105276,1660,-5876,6,6277,293138650,2115,293138690,2115,159,-20,-9,24,2465,-15,-44,2463
6549452,7420,508942413,54105235,1660,-5876,7,6277,293138650,2115,293138700,2115,159,-20,-5,72,2460,-12,3,2459
6559763,7420,508942421,54105193,1660,-5876,7,6277,293138650,2115,293138710,2115,159,-21,34,30,2462,26,-39,2460
6569586,7420,508942428,54105150,1661,-5876,7,6277,293138700,2115,293138720,2115,159,-22,22,13,2514,14,-57,2511
6579536,7420,508942436,54105108,1661,-5876,7,6277,293138700,2115,293138730,2115,159,-23,45,28,2451,37,-41,2449
6589718,7420,508942443,54105067,1661,-5877,7,6277,293138700,2115,293138740,2115,159,-24,28,103,2481,19,34,2482
6599476,7420,508942451,54105026,1661,-5876,7,6277,293138700,2115,293138750,2115,159,-25,-11,31,2496,-20,-39,2494
6609760,7420,508942458,54104985,1662,-5876,7,6277,293138700,2115,293138760,2115,159,-25,13,5,2506,4,-65,2503
6619852,7420,508942466,54104941,1661,-5876,8,6277,293138750,2115,293138770,2115,159,-25,-30,97,2470,-39,28,2470
6629540,7420,508942473,54104900,1661,-5876,7,6277,293138750,2115,293138780,2115,159,-25,17,58,2541,8,-13,2539
6639448,7420,508942480,54104858,1662,-5876,7,6277,293138750,2115,293138790,2115,158,-25,13,52,2602,3,-20,2601
6649546,7420,508942488,54104817,1662,-5876,6,6277,293138750,2115,293138800,2115,158,-25,14,45,2570,5,-27,2568
6659792,7420,508942495,54104776,1661,-5876,5,6277,293138750,2115,293138810,2115,158,-25,17,116,2619,7,43,2619
6669645,7420,508942503,54104732,1661,-5876,5,6277,293138800,2115,293138820,2115,158,-25,-17,58,2464,-26,-10,2462
6679614,7420,508942510,54104691,1662,-5876,5,6277,293138800,2115,293138830,2115,158,-24,-29,40,2520,-38,-30,2518
6690283,7420,508942518,54104650,1661,-5876,6,6277,293138800,2115,293138840,2115,158,-23,-3,94,2455,-12,26,2454
6699477,7420,508942525,54104608,1661,-5876,6,6277,293138800,2115,293138850,2115,157,-23,56,69,2476,48,1,2475
6710054,7420,508942533,54104567,1662,-5876,6,6277,293138800,2115,293138860,2115,157,-22,51,11,2539,43,-59,2536
6719605,7419,508942540,54104523,1662,-5877,6,6277,293138850,2115,293138870,2115,157,-22,49,57,2523,41,-12,2522
6730230,7419,508942548,54104482,1662,-5877,6,6277,293138850,2115,293138880,2115,157,-21,42,109,2506,34,40,2506
6739597,7419,508942555,54104441,1662,-5877,6,6277,293138850,2115,293138890,2115,157,-21,-6,71,2464,-13,3,2463
6749444,7419,508942563,54104399,1662,-5877,6,6277,293138850,2115,293138900,2115,157,-20,-12,24,2510,-19,-45,2508
6759771,7419,508942570,54104358,1663,-5877,6,6277,293138850,2115,293138910,2115,157,-19,36,30,2484,29,-38,2482
6770750,7419,508942578,54104314,1663,-5877,6,6277,293138900,2115,293138920,2115,157,-19,27,87,2522,20,18,2522
6779508,7419,508942585,54104273,1663,-5877,6,6277,293138900,2115,293138930,2115,157,-18,45,74,2497,39,5,2496
6789519,7419,508942593,54104232,1663,-5878,6,6277,293138900,2115,293138940,2115,157,-18,50,46,2534,44,-24,2533
6799452,7419,508942600,54104191,1663,-5878,5,6277,293138900,2115,293138950,2115,157,-18,9,33,2552,2,-37,2550
6810832,7419,508942607,54104149,1663,-5878,5,6277,293138900,2115,293138960,2115,158,-17,16,80,2516,9,10,2515
6819629,7419,508942615,54104105,1663,-5877,5,6277,293138950,2115,293138970,2115,159,-17,-31,69,2468,-36,0,2467
6829542,7419,508942622,54104064,1663,-5878,5,6277,293138950,2115,293138980,2115,159,-16,36,38,2536,30,-33,2534
6839779,7419,508942630,54104023,1664,-5878,5,6277,293138950,2115,293138990,2115,160,-16,35,42,2526,30,-29,2524
6850342,7419,508942637,54103982,1664,-5878,5,6277,293138950,2115,293139000,2115,160,-16,29,62,2518,24,-9,2517
6860905,7419,508942645,54103940,1663,-5878,4,6277,293138950,2115,293139010,2115,161,-15,21,123,2598,16,50,2599
6869613,7419,508942652,54103897,1664,-5878,4,6277,293139000,2115,293139020,2115,162,-15,30,11,2522,25,-60,2520
6879507,7419,508942660,54103855,1664,-5878,4,6277,293139000,2115,293139030,2115,162,-15,17,37,2514,12,-35,2513
6889450,7419,508942667,54103814,1664,-5878,4,6277,293139000,2115,293139040,2115,163,-15,-4,87,2473,-9,16,2472
6899442,7419,508942675,54103773,1664,-5879,4,6277,293139000,2115,293139050,2115,164,-14,64,75,2508,59,3,2507
6910828,7419,508942682,54103732,1664,-5879,4,6277,293139000,2115,293139060,2115,164,-14,30,72,2484,25,1,2484
6919633,7419,508942690,54103688,1665,-5879,4,6277,293139050,2115,293139070,2115,165,-15,27,24,2525,22,-49,2523
6929518,7419,508942697,54103646,1665,-5879,4,6277,293139050,2115,293139080,2115,165,-15,43,70,2526,38,-3,2525
6940171,7419,508942705,54103605,1664,-5879,4,6277,293139050,2115,293139090,2115,166,-15,33,107,2522,27,34,2522
6949491,7420,508942712,54103564,1665,-5879,3,6277,293139050,2115,293139100,2115,166,-15,25,60,2520,20,-13,2519
6960830,7420,508942720,54103523,1665,-5880,3,6277,293139050,2115,293139110,2115,166,-16,29,66,2510,24,-7,2509
6969604,7420,508942727,54103479,1665,-5880,3,6277,293139100,2115,293139120,2115,167,-16,28,95,2561,22,20,2561
6979524,7420,508942735,54103437,1665,-5880,3,6277,293139100,2115,293139130,2115,166,-17,29,59,2526,23,-15,2524
6989476,7420,508942742,54103396,1665,-5880,2,6277,293139100,2115,293139140,2115,167,-17,29,100,2535,23,26,2535
6999473,7420,508942750,54103355,1665,-5880,2,6277,293139100,2115,293139150,2115,167,-17,18,28,2538,12,-46,2536
7010625,7420,508942757,54103314,1664,-5881,2,6277,293139100,2115,293139160,2115,167,-18,20,163,2508,13,89,2510
7019582,7420,508942765,54103270,1664,-5881,2,6277,293139150,2115,293139170,2115,167,-18,25,83,2515,18,9,2515
7029506,7420,508942772,54103229,1664,-5881,2,6277,293139150,2115,293139180,2115,167,-18,37,57,2505,31,-16,2504
7039447,7420,508942779,54103187,1664,-5881,1,6277,293139150,2115,293139190,2115,167,-18,26,100,2585,19,24,2585
7049466,7420,508942787,54103146,1664,-5881,1,6277,293139150,2115,293139200,2115,167,-19,48,78,2557,41,4,2556
7059753,7420,508942794,54103105,1664,-5882,0,6277,293139150,2115,293139210,2115,167,-19,50,68,2560,44,-7,2559
7069616,7420,508942802,54103061,1665,-5882,1,6277,293139200,2115,293139220,2115,167,-19,32,35,2452,26,-36,2451
7079525,7420,508942809,54103020,1664,-5882,1,6277,293139200,2115,293139230,2115,167,-19,1,176,2486,-6,103,2488
7090083,7420,508942817,54102978,1664,-5882,1,6277,293139200,2115,293139240,2115,166,-19,8,113,2457,1,41,2457
7099894,7420,508942824,54102937,1664,-5882,1,6277,293139200,2115,293139250,2115,166,-19,54,41,2512,47,-32,2510
7109726,7420,508942832,54102896,1664,-5883,1,6277,293139200,2115,293139260,2115,166,-19,58,38,2506,52,-35,2504
7119592,7421,508942839,54102852,1664,-5883,1,6277,293139250,2115,293139270,2115,166,-19,71,119,2537,64,46,2538
7130080,7421,508942847,54102810,1664,-5884,1,6277,293139250,2115,293139280,2115,166,-19,48,76,2514,41,3,2513
7139459,7421,508942854,54102769,1665,-5884,0,6277,293139250,2115,293139290,2115,165,-19,75,40,2561,68,-34,2559
7149856,7421,508942862,54102728,1664,-5884,1,6277,293139250,2115,293139300,2115,165,-19,14,119,2402,7,49,2403
7160387,7421,508942869,54102687,1664,-5884,1,6277,293139250,2115,293139310,2115,165,-19,-7,101,2455,-14,30,2455
7170010,7421,508942877,54102643,1664,-5884,2,6277,293139300,2115,293139320,2115,164,-19,29,69,2469,23,-2,2468
7179535,7421,508942884,54102601,1664,-5885,2,6278,293139300,2115,293139330,2115,164,-20,91,37,2468,85,-34,2467
7189465,7421,508942892,54102560,1664,-5886,2,6278,293139300,2115,293139340,2115,164,-20,85,93,2488,78,22,2489
7199474,7421,508942899,54102519,1664,-5886,2,6278,293139300,2115,293139350,2115,164,-20,53,82,2508,46,10,2508
7209686,7421,508942907,54102478,1664,-5886,2,6278,293139300,2115,293139360,2115,164,-20,43,81,2467,36,10,2466
7219589,7421,508942914,54102434,1665,-5886,2,6278,293139350,2115,293139370,2115,164,-20,19,24,2479,12,-47,2477
7229508,7421,508942922,54102392,1664,-5887,2,6278,293139350,2115,293139380,2115,164,-20,20,159,2544,12,85,2545
7239466,7422,508942929,54102351,1664,-5887,3,6278,293139350,2115,293139390,2115,164,-20,41,86,2442,34,16,2442
7250149,7422,508942937,54102310,1665,-5887,3,6278,293139350,2115,293139400,2115,164,-20,62,0,2501,55,-72,2499
7259690,7422,508942944,54102268,1665,-5888,3,6278,293139350,2115,293139410,2115,164,-20,78,75,2499,70,3,2499
7269592,7422,508942952,54102224,1664,-5888,3,6278,293139400,2115,293139420,2115,165,-20,62,155,2441,54,85,2443
7279534,7422,508942959,54102183,1664,-5888,3,6278,293139400,2115,293139430,2115,165,-20,26,90,2428,19,19,2428
7289434,7422,508942966,54102142,1665,-5888,4,6278,293139400,2115,293139440,2115,165,-20,30,-42,2437,23,-113,2433
7299470,7422,508942974,54102100,1665,-5889,4,6278,293139400,2115,293139450,2115,166,-20,58,85,2492,50,13,2492
7309685,7422,508942981,54102059,1665,-5889,4,6278,293139400,2115,293139460,2115,166,-20,54,116,2436,47,45,2437
7319603,7422,508942989,54102015,1665,-5890,4,6278,293139450,2115,293139470,2115,166,-20,75,84,2533,67,11,2533
7329506,7423,508942996,54101974,1665,-5890,4,6278,293139450,2115,293139480,2115,167,-20,56,39,2506,49,-34,2505
7339454,7423,508943004,54101932,1666,-5890,4,6278,293139450,2115,293139490,2115,167,-20,57,45,2534,50,-29,2532
7349458,7423,508943011,54101891,1665,-5891,4,6278,293139450,2115,293139500,2115,167,-20,22,149,2439,15,78,2441
7359738,7423,508943019,54101850,1665,-5891,5,6278,293139450,2115,293139510,2115,168,-20,41,49,2450,34,-23,2449
7369621,7423,508943026,54101806,1665,-5891,5,6278,293139500,2115,293139520,2115,168,-20,55,86,2410,48,15,2410
7379511,7423,508943034,54101764,1665,-5891,6,6278,293139500,2115,293139530,2115,168,-20,52,82,2488,45,9,2488
7389495,7423,508943041,54101723,1665,-5892,5,6278,293139500,2115,293139540,2115,168,-21,59,92,2535,51,17,2535
7399458,7423,508943049,54101682,1666,-5892,5,6278,293139500,2115,293139550,2115,168,-21,73,45,2528,65,-30,2526
7410374,7423,508943056,54101640,1665,-5893,5,6278,293139500,2115,293139560,2115,169,-21,57,137,2563,49,61,2564
7419615,7424,508943064,54101596,1665,-5893,5,6278,293139550,2115,293139570,2115,169,-22,42,118,2470,34,45,2471
7429527,7424,508943071,54101555,1665,-5893,5,6278,293139550,2115,293139580,2115,169,-23,31,66,2522,22,-9,2521
7439468,7424,508943079,54101514,1665,-5893,5,6278,293139550,2115,293139590,2115,170,-23,35,50,2428,27,-22,2427
7449446,7424,508943086,54101472,1665,-5894,5,6278,293139550,2115,293139600,2115,170,-24,32,122,2505,23,48,2506
7459718,7424,508943094,54101431,1664,-5894,5,6278,293139550,2115,293139610,2115,170,-24,48,150,2518,39,75,2519
7469606,7424,508943101,54101387,1665,-5895,4,6278,293139600,2115,293139620,2115,171,-24,72,50,2591,62,-27,2590
7479519,7424,508943109,54101346,1665,-5895,3,6278,293139600,2115,293139630,2115,171,-25,59,117,2645,49,37,2646
7489483,7424,508943116,54101304,1665,-5895,3,6278,293139600,2115,293139640,2115,172,-25,49,85,2598,39,7,2598
7499434,7424,508943124,54101263,1664,-5896,2,6278,293139600,2115,293139650,2115,172,-26,27,118,2596,17,40,2597
7510866,7425,508943131,54101222,1665,-5896,1,6278,293139600,2115,293139660,2115,171,-26,17,23,2565,7,-54,2563
7519590,7425,508943139,54101178,1664,-5896,1,6278,293139650,2115,293139670,2115,171,-26,-6,160,2528,-17,84,2530
7529519,7425,508943146,54101136,1664,-5896,1,6278,293139650,2115,293139680,2115,171,-26,1,117,2514,-9,41,2515
7539460,7425,508943153,54101095,1664,-5896,0,6278,293139650,2115,293139690,2115,171,-26,69,26,2619,59,-53,2617
7549441,7425,508943161,54101054,1664,-5897,0,6278,293139650,2115,293139700,2115,171,-26,97,133,2529,87,57,2530
7559708,7425,508943168,54101012,1664,-5897,-1,6278,293139650,2115,293139710,2115,172,-26,84,63,2576,74,-14,2575
7569590,7425,508943176,54100968,1664,-5897,-1,6278,293139700,2115,293139720,2115,172,-26,34,89,2565,24,12,2565
7579553,7426,508943183,54100927,1664,-5897,-2,6278,293139700,2115,293139730,2115,171,-25,-13,69,2549,-22,-8,2548
7589464,7426,508943191,54100885,1664,-5897,-2,6278,293139700,2115,293139740,2115,171,-24,-11,135,2545,-20,59,2546
7599696,7426,508943198,54100844,1664,-5897,-2,6278,293139700,2115,293139750,2115,171,-23,29,24,2503,20,-51,2501
7610698,7426,508943206,54100803,1664,-5898,-2,6278,293139700,2115,293139760,2115,170,-22,55,128,2514,47,53,2515
7619576,7426,508943213,54100759,1664,-5898,-2,6278,293139750,2115,293139770,2115,170,-21,89,109,2473,81,35,2474
7629558,7426,508943221,54100717,1664,-5899,-2,6278,293139750,2115,293139780,2115,170,-20,63,91,2559,55,14,2559
7639470,7426,508943228,54100676,1664,-5899,-2,6278,293139750,2115,293139790,2115,170,-19,40,90,2453,33,17,2453
7649469,7426,508943236,54100634,1664,-5899,-1,6278,293139750,2115,293139800,2115,170,-18,-13,25,2390,-19,-47,2388
7660522,7427,508943243,54100593,1664,-5899,0,6278,293139750,2115,293139810,2115,170,-16,-2,95,2424,-7,23,2424
7669617,7427,508943251,54100549,1664,-5899,0,6278,293139800,2115,293139820,2115,170,-15,57,67,2430,52,-6,2430
7679548,7427,508943258,54100508,1664,-5900,1,6278,293139800,2115,293139830,2115,169,-13,97,130,2418,93,59,2419
7689442,7427,508943266,54100466,1664,-5901,2,6278,293139800,2115,293139840,2115,169,-12,63,86,2368,60,16,2368
7699465,7427,508943273,54100425,1663,-5901,3,6278,293139800,2115,293139850,2115,169,-11,34,99,2311,31,30,2311
7709733,7428,508943281,54100383,1664,-5901,5,6278,293139800,2115,293139860,2115,169,-9,5,25,2355,3,-46,2353
7719620,7428,508943288,54100339,1663,-5901,5,6278,293139850,2115,293139870,2115,169,-8,33,134,2393,31,63,2394
7730041,7428,508943296,54100298,1663,-5902,7,6278,293139850,2115,293139880,2115,169,-7,46,78,2281,45,10,2281
7739469,7428,508943303,54100257,1663,-5902,8,6278,293139850,2115,293139890,2115,170,-6,60,81,2403,60,9,2403
7749464,7428,508943310,54100215,1664,-5903,9,6278,293139850,2115,293139900,2115,170,-5,81,82,2369,80,12,2369
7759778,7428,508943318,54100174,1663,-5903,10,6278,293139850,2115,293139910,2115,170,-4,88,142,2393,87,70,2394
7769581,7428,508943325,54100130,1663,-5904,11,6278,293139900,2115,293139920,2115,170,-4,18,151,2337,18,81,2339
7779505,7429,508943333,54100088,1663,-5904,12,6278,293139900,2115,293139930,2115,170,-3,25,-8,2314,26,-77,2311
7789469,7429,508943340,54100047,1663,-5904,14,6278,293139900,2115,293139940,2115,170,-3,10,116,2311,10,47,2312
7799451,7429,508943348,54100005,1663,-5905,15,6278,293139900,2115,293139950,2115,170,-2,48,107,2315,48,38,2315
7809732,7429,508943355,54099964,1663,-5905,16,6278,293139900,2115,293139960,2115,170,-2,95,41,2468,96,-32,2467
7819592,7429,508943363,54099920,1663,-5906,17,6278,293139950,2115,293139970,2115,170,-3,89,129,2359,89,59,2361
7829810,7429,508943370,54099878,1663,-5907,17,6278,293139950,2115,293139980,2115,170,-3,68,107,2460,68,33,2461
7839484,7429,508943378,54099837,1663,-5907,18,6278,293139950,2115,293139990,2115,170,-4,17,34,2400,18,-38,2398
7849444,7429,508943385,54099795,1663,-5907,18,6278,293139950,2115,293140000,2115,170,-4,0,83,2469,0,9,2469
7860164,7429,508943393,54099754,1663,-5907,19,6278,293139950,2115,293140010,2115,170,-5,24,94,2412,24,22,2412
7869595,7429,508943400,54099710,1663,-5907,20,6278,293140000,2115,293140020,2115,171,-5,74,52,2403,73,-20,2401
7879536,7429,508943408,54099668,1663,-5908,20,6278,293140000,2115,293140030,2115,171,-6,78,101,2408,77,29,2408
7889444,7429,508943415,54099627,1663,-5909,21,6278,293140000,2115,293140040,2115,172,-6,61,112,2428,60,39,2429
7899444,7429,508943423,54099586,1663,-5909,21,6278,293140000,2115,293140050,2115,172,-7,25,104,2527,24,27,2528
7909761,7429,508943430,54099544,1663,-5909,21,6278,293140000,2115,293140060,2115,173,-8,63,38,2478,61,-37,2477
7919636,7428,508943437,54099500,1663,-5909,21,6278,293140050,2115,293140070,2115,173,-8,15,45,2505,13,-31,2504
7929508,7428,508943445,54099458,1663,-5909,21,6278,293140050,2115,293140080,2115,174,-9,19,69,2504,17,-7,2503
7939557,7428,508943452,54099417,1663,-5910,21,6278,293140050,2115,293140090,2115,174,-10,32,102,2530,29,25,2530
7949449,7428,508943460,54099376,1664,-5910,21,6278,293140050,2115,293140100,2115,175,-10,52,53,2513,49,-24,2511
7959931,7428,508943467,54099334,1664,-5910,20,6278,293140050,2115,293140110,2115,175,-11,80,60,2582,77,-19,2580
7969586,7428,508943475,54099290,1664,-5911,20,6278,293140100,2115,293140120,2115,176,-12,44,75,2475,40,-1,2475
7979803,7428,508943482,54099248,1665,-5911,20,6278,293140100,2115,293140130,2115,176,-12,53,9,2475,50,-68,2473
7989459,7428,508943490,54099207,1665,-5911,20,6278,293140100,2115,293140140,2115,177,-13,24,67,2498,20,-10,2497
7999454,7428,508943497,54099165,1665,-5911,20,6278,293140100,2115,293140150,2115,177,-14,37,49,2529,32,-29,2528
8009713,7428,508943505,54099124,1665,-5912,20,6278,293140100,2115,293140160,2115,178,-15,67,146,2568,61,66,2570
8019616,7428,508943512,54099080,1665,-5912,19,6278,293140150,2115,293140170,2115,179,-16,67,61,2586,61,-20,2585
8029547,7428,508943520,54099038,1666,-5913,18,6278,293140150,2115,293140180,2115,179,-16,61,3,2616,55,-79,2613
8039470,7427,508943527,54098997,1666,-5913,18,6278,293140150,2115,293140190,2115,180,-17,49,71,2540,43,-9,2540
8049452,7427,508943535,54098955,1666,-5913,17,6278,293140150,2115,293140200,2115,180,-18,41,64,2586,35,-18,2585
8059827,7427,508943542,54098914,1666,-5913,17,6278,293140150,2115,293140210,2115,180,-18,4,122,2533,-2,42,2534
8069627,7427,508943550,54098870,1666,-5913,16,6278,293140200,2115,293140220,2115,180,-18,13,51,2595,6,-31,2593
8079528,7427,508943557,54098828,1666,-5914,15,6278,293140200,2115,293140230,2115,181,-18,58,49,2625,51,-34,2624
8089454,7427,508943565,54098787,1666,-5914,14,6278,293140200,2115,293140240,2115,181,-18,71,146,2589,64,64,2591
8099428,7427,508943572,54098745,1666,-5915,13,6278,293140200,2115,293140250,2115,182,-18,73,34,2650,66,-50,2648
8109940,7427,508943580,54098704,1667,-5915,12,6278,293140200,2115,293140260,2115,182,-18,41,22,2612,35,-61,2610
8119643,7427,508943587,54098660,1667,-5915,12,6278,293140250,2115,293140270,2115,182,-18,12,108,2614,5,24,2614
8130235,7427,508943595,54098618,1667,-5915,11,6278,293140250,2115,293140280,2115,182,-17,21,89,2528,15,8,2528
8139481,7427,508943602,54098577,1667,-5915,11,6278,293140250,2115,293140290,2115,182,-17,10,41,2530,5,-40,2528
8149453,7427,508943610,54098535,1667,-5915,11,6278,293140250,2115,293140300,2115,182,-16,57,82,2564,51,0,2563
8160575,7427,508943617,54098494,1667,-5916,11,6278,293140250,2115,293140310,2115,182,-16,114,118,2510,108,38,2511
8169591,7427,508943625,54098449,1667,-5917,10,6278,293140300,2115,293140320,2115,182,-16,70,86,2542,64,5,2542
8179525,7427,508943632,54098408,1668,-5917,10,6278,293140300,2115,293140330,2115,182,-15,58,9,2549,53,-73,2547
8189796,7427,508943640,54098366,1668,-5917,10,6278,293140300,2115,293140340,2115,181,-15,13,76,2491,8,-3,2491
8199465,7427,508943647,54098325,1668,-5917,9,6278,293140300,2115,293140350,2115,181,-14,37,88,2580,32,7,2579
8210776,7427,508943655,54098283,1668,-5918,9,6279,293140300,2115,293140360,2115,180,-14,37,117,2482,32,39,2482
8219976,7427,508943662,54098239,1668,-5918,10,6279,293140350,2115,293140370,2115,180,-13,75,42,2492,71,-36,2490
8229547,7427,508943670,54098198,1668,-5918,10,6279,293140350,2115,293140380,2115,179,-13,52,72,2476,48,-5,2475
8239472,7428,508943677,54098156,1668,-5919,10,6279,293140350,2115,293140390,2115,179,-12,58,121,2510,54,42,2511
8249482,7428,508943685,54098115,1668,-5919,9,6279,293140350,2115,293140400,2115,178,-11,58,117,2603,54,36,2604
8260878,7428,508943692,54098073,1668,-5920,8,6279,293140350,2115,293140410,2115,177,-11,46,76,2551,43,-3,2550
8269594,7428,508943699,54098029,1668,-5920,8,6279,293140400,2115,293140420,2115,177,-10,21,37,2555,18,-42,2553
8280158,7428,508943707,54097987,1668,-5920,8,6279,293140400,2115,293140430,2115,176,-10,18,143,2535,15,65,2537
8289452,7428,508943714,54097946,1667,-5920,8,6279,293140400,2115,293140440,2115,176,-9,47,121,2517,44,43,2518
8299487,7428,508943722,54097904,1668,-5921,8,6279,293140400,2115,293140450,2115,176,-9,91,76,2472,89,0,2471
8310473,7428,508943729,54097863,1668,-5921,9,6279,293140400,2115,293140460,2115,175,-9,59,95,2412,57,21,2412
8319601,7428,508943737,54097818,1668,-5922,9,6279,293140450,2115,293140470,2115,175,-9,36,96,2436,34,22,2436
8329578,7428,508943744,54097777,1668,-5922,9,6279,293140450,2115,293140480,2115,175,-9,55,90,2459,53,15,2459
8339553,7428,508943752,54097735,1668,-5923,10,6279,293140450,2115,293140490,2115,174,-9,78,57,2480,76,-18,2479
8349501,7428,508943759,54097694,1668,-5923,9,6279,293140450,2115,293140500,2115,174,-9,96,61,2521,94,-15,2520
8359698,7428,508943767,54097652,1667,-5924,10,6279,293140450,2115,293140510,2115,174,-10,11,189,2471,8,113,2474
8369941,7428,508943774,54097608,1668,-5924,9,6279,293140500,2115,293140520,2115,174,-10,52,57,2534,49,-20,2533
8379523,7428,508943782,54097566,1668,-5925,9,6279,293140500,2115,293140530,2115,174,-11,65,12,2554,62,-65,2552
8389494,7428,508943789,54097525,1668,-5925,8,6279,293140500,2115,293140540,2115,174,-11,63,59,2566,60,-19,2565
8399792,7428,508943797,54097483,1668,-5925,8,6279,293140500,2115,293140550,2115,173,-12,37,135,2573,33,57,2574
8410693,7428,508943804,54097442,1668,-5926,8,6279,293140500,2115,293140560,2115,172,-12,14,97,2492,10,22,2492
8419597,7428,508943812,54097397,1668,-5926,8,6279,293140550,2115,293140570,2115,171,-13,86,97,2528,82,21,2529
8429846,7428,508943819,54097356,1668,-5926,8,6279,293140550,2115,293140580,2115,171,-13,17,91,2484,13,17,2484
8439436,7428,508943827,54097314,1668,-5927,8,6279,293140550,2115,293140590,2115,171,-13,75,54,2517,71,-22,2516
8449445,7429,508943834,54097273,1668,-5927,8,6279,293140550,2115,293140600,2115,171,-13,87,87,2432,83,14,2432
8459859,7429,508943842,54097231,1668,-5928,8,6279,293140550,2115,293140610,2115,171,-13,28,116,2491,24,42,2491
8469640,7429,508943849,54097187,1668,-5928,8,6279,293140600,2115,293140620,2115,170,-12,13,80,2521,9,5,2520
8479512,7429,508943857,54097145,1668,-5927,8,6279,293140600,2115,293140630,2115,170,-12,-17,62,2535,-21,-14,2534
8489441,7429,508943864,54097104,1668,-5928,7,6279,293140600,2115,293140640,2115,170,-11,58,128,2672,54,49,2673
8499480,7429,508943872,54097062,1668,-5929,7,6279,293140600,2115,293140650,2115,170,-11,107,98,2469,103,25,2469
8510121,7429,508943879,54097021,1668,-5929,7,6279,293140600,2115,293140660,2115,170,-11,83,51,2529,80,-24,2528
8519769,7429,508943887,54096976,1668,-5930,8,6279,293140650,2115,293140670,2115,169,-11,42,38,2399,39,-33,2397
8529514,7430,508943894,54096935,1668,-5930,9,6279,293140650,2115,293140680,2115,169,-11,-10,148,2325,-13,78,2327
8539479,7430,508943902,54096893,1667,-5930,9,6279,293140650,2115,293140690,2115,169,-10,20,154,2456,17,82,2458
8550202,7430,508943909,54096851,1668,-5931,10,6279,293140650,2115,293140700,2115,169,-11,72,16,2398,70,-55,2395
8560838,7430,508943917,54096810,1669,-5931,11,6279,293140650,2115,293140710,2115,169,-11,108,-20,2407,105,-91,2404
8569584,7430,508943924,54096765,1669,-5932,11,6279,293140700,2115,293140720,2115,169,-12,145,129,2523,141,54,2524
8579773,7430,508943932,54096724,1668,-5933,11,6279,293140700,2115,293140730,2115,169,-12,62,159,2495,58,85,2496
8589516,7431,508943939,54096682,1668,-5933,10,6279,293140700,2115,293140740,2115,169,-13,36,54,2562,32,-22,2561
8599446,7431,508943947,54096641,1668,-5933,10,6279,293140700,2115,293140750,2115,168,-13,-14,73,2582,-19,-3,2581
8610912,7431,508943954,54096599,1668,-5933,10,6279,293140700,2115,293140760,2115,169,-14,-27,94,2435,-31,22,2434
8619583,7431,508943962,54096555,1668,-5933,10,6279,293140750,2115,293140770,2115,169,-14,44,122,2550,39,46,2550
8629516,7431,508943969,54096513,1668,-5933,9,6279,293140750,2115,293140780,2115,170,-14,31,54,2551,27,-22,2550
8640327,7431,508943977,54096471,1669,-5935,9,6279,293140750,2115,293140790,2115,170,-15,174,27,2598,169,-50,2596
8649460,7432,508943984,54096430,1668,-5935,8,6279,293140750,2115,293140800,2115,171,-15,51,124,2525,45,49,2526
8659741,7432,508943992,54096388,1667,-5935,9,6279,293140750,2115,293140810,2115,171,-16,5,180,2472,-1,105,2474
8670248,7432,508943999,54096344,1668,-5935,9,6279,293140800,2115,293140820,2115,171,-16,-15,65,2498,-20,-10,2497
8679537,7432,508944007,54096302,1668,-5935,9,6279,293140800,2115,293140830,2115,171,-17,-25,-28,2489,-30,-102,2486
8689444,7433,508944014,54096260,1668,-5935,9,6279,293140800,2115,293140840,2115,172,-17,45,97,2536,39,20,2536
8700335,7433,508944022,54096219,1667,-5936,9,6279,293140800,2115,293140850,2115,172,-17,106,209,2426,100,136,2430
8709712,7433,508944029,54096177,1667,-5936,9,6279,293140800,2115,293140860,2115,173,-18,28,178,2508,22,102,2510
8719619,7433,508944037,54096133,1668,-5936,9,6279,293140850,2115,293140870,2115,173,-18,8,-139,2514,3,-216,2506
8730511,7433,508944044,54096091,1668,-5935,8,6279,293140850,2115,293140880,2115,173,-17,-73,107,2572,-79,29,2572
8739468,7434,508944052,54096050,1666,-5935,8,6279,293140850,2115,293140890,2115,173,-17,-76,260,2496,-83,183,2501
8749474,7434,508944059,54096008,1666,-5935,8,6279,293140850,2115,293140900,2115,173,-16,-8,113,2480,-14,38,2480
8759727,7434,508944067,54095966,1667,-5935,8,6279,293140850,2115,293140910,2115,173,-16,-12,-64,2556,-17,-141,2551
8769631,7434,508944074,54095922,1667,-5935,8,6279,293140900,2115,293140920,2115,174,-15,22,90,2546,17,13,2545
8779566,7434,508944082,54095880,1666,-5935,8,6279,293140900,2115,293140930,2115,174,-14,-12,258,2494,-17,181,2499
8789475,7435,508944089,54095839,1666,-5935,8,6279,293140900,2115,293140940,2115,175,-13,-38,50,2491,-42,-27,2490
8799466,7435,508944097,54095797,1666,-5934,8,6279,293140900,2115,293140950,2115,174,-13,-79,-1,2492,-83,-78,2489
8810858,7435,508944104,54095755,1666,-5933,9,6279,293140900,2115,293140960,2115,174,-12,-40,84,2423,-44,10,2422
8819906,7435,508944112,54095711,1665,-5934,9,6279,293140950,2115,293140970,2115,174,-11,-34,190,2478,-38,114,2481
8829554,7436,508944119,54095670,1665,-5934,9,6279,293140950,2115,293140980,2115,175,-10,36,114,2462,33,39,2463
8839457,7436,508944127,54095628,1665,-5934,9,6279,293140950,2115,293140990,2115,175,-10,45,42,2523,42,-35,2521
8849614,7436,508944134,54095586,1664,-5934,9,6279,293140950,2115,293141000,2115,175,-9,-22,173,2444,-25,97,2446
8859698,7436,508944142,54095545,1664,-5934,10,6279,293140950,2115,293141010,2115,175,-9,-30,62,2470,-33,-14,2468
8869632,7437,508944149,54095500,1664,-5933,10,6279,293141000,2115,293141020,2115,175,-9,-76,88,2444,-78,12,2443
8879551,7437,508944157,54095459,1664,-5933,11,6279,293141000,2115,293141030,2115,174,-8,-42,111,2424,-44,37,2424
8889474,7438,508944164,54095417,1663,-5933,11,6279,293141000,2115,293141040,2115,174,-8,-36,135,2476,-38,59,2477
8899468,7438,508944171,54095375,1663,-5933,11,6279,293141000,2115,293141050,2115,174,-8,21,132,2493,19,56,2495
8909753,7438,508944179,54095334,1663,-5933,11,6279,293141000,2115,293141060,2115,174,-8,16,115,2528,14,37,2529
8919616,7439,508944186,54095289,1662,-5933,11,6279,293141050,2115,293141070,2115,174,-8,-46,137,2477,-48,61,2478
8929530,7439,508944194,54095248,1661,-5933,11,6279,293141050,2115,293141080,2115,174,-8,-67,110,2543,-69,32,2543
8939639,7439,508944201,54095206,1661,-5932,10,6279,293141050,2115,293141090,2115,174,-7,-81,68,2534,-83,-10,2533
8949474,7440,508944209,54095165,1661,-5932,10,6279,293141050,2115,293141100,2115,174,-7,-51,110,2573,-53,31,2573
8959766,7440,508944216,54095123,1660,-5932,9,6279,293141050,2115,293141110,2115,173,-7,-25,188,2566,-27,109,2569
8969872,7440,508944224,54095079,1660,-5932,9,6279,293141100,2115,293141120,2115,173,-8,2,122,2571,0,43,2572
8979553,7441,508944231,54095037,1659,-5931,8,6279,293141100,2115,293141130,2115,173,-8,-50,124,2566,-52,46,2566
8989458,7441,508944239,54094995,1659,-5931,8,6279,293141100,2115,293141140,2115,173,-8,-52,77,2527,-54,0,2526
8999461,7441,508944246,54094954,1659,-5930,8,6279,293141100,2115,293141150,2115,173,-8,-99,147,2471,-101,71,2472
9009916,7442,508944254,54094912,1658,-5930,9,6279,293141100,2115,293141160,2115,172,-8,-92,123,2463,-94,48,2464
9019624,7442,508944261,54094868,1657,-5929,8,6279,293141150,2115,293141170,2115,172,-8,-68,108,2520,-70,32,2520
9029549,7442,508944268,54094826,1657,-5929,8,6279,293141150,2115,293141180,2115,172,-8,-24,125,2531,-27,48,2531
9039475,7443,508944276,54094785,1656,-5929,8,6279,293141150,2115,293141190,2115,172,-8,-30,160,2564,-33,83,2566
9049474,7443,508944283,54094743,1656,-5929,7,6279,293141150,2115,293141200,2115,172,-8,-62,116,2536,-64,39,2537
9059719,7443,508944291,54094702,1656,-5928,7,6279,293141150,2115,293141210,2115,172,-9,-107,72,2571,-109,-6,2570
9069639,7444,508944298,54094657,1655,-5927,6,6279,293141200,2115,293141220,2115,171,-9,-111,104,2589,-114,25,2589
9079534,7444,508944306,54094616,1654,-5927,5,6279,293141200,2115,293141230,2115,171,-9,-97,118,2550,-100,40,2550
9089469,7444,508944313,54094574,1653,-5926,5,6279,293141200,2115,293141240,2115,171,-10,-65,162,2535,-69,86,2537
9099454,7444,508944320,54094532,1653,-5926,5,6279,293141200,2115,293141250,2115,171,-10,-51,93,2572,-54,16,2572
9109766,7445,508944328,54094491,1653,-5926,4,6279,293141200,2115,293141260,2115,171,-11,-33,71,2534,-37,-5,2533
9119613,7445,508944335,54094447,1653,-5925,4,6279,293141250,2115,293141270,2115,172,-11,-61,133,2544,-65,56,2544
9129522,7445,508944343,54094405,1652,-5925,4,6279,293141250,2115,293141280,2115,172,-12,-110,126,2583,-114,48,2584
9139445,7445,508944350,54094363,1652,-5924,3,6279,293141250,2115,293141290,2115,172,-12,-91,84,2570,-95,6,2569
9149469,7445,508944358,54094322,1652,-5923,2,6279,293141250,2115,293141300,2115,172,-13,-117,78,2635,-121,-2,2634
9159846,7445,508944365,54094280,1651,-5922,1,6279,293141250,2115,293141310,2115,172,-13,-100,119,2607,-105,40,2607
9169609,7445,508944372,54094236,1650,-5922,0,6279,293141300,2115,293141320,2115,172,-13,-88,182,2653,-93,101,2655
9179528,7445,508944380,54094195,1650,-5921,-1,6279,293141300,2115,293141330,2115,172,-13,-94,45,2616,-98,-35,2614
9189469,7445,508944387,54094153,1650,-5920,-1,6279,293141300,2115,293141340,2115,172,-13,-96,112,2545,-101,35,2545
9199486,7445,508944395,54094112,1649,-5919,-1,6279,293141300,2115,293141350,2115,173,-13,-147,102,2481,-152,26,2481
9210306,7446,508944402,54094070,1649,-5918,-2,6279,293141300,2115,293141360,2115,173,-13,-128,65,2580,-132,-14,2579
9219619,7446,508944409,54094026,1649,-5917,-2,6279,293141350,2115,293141370,2115,173,-12,-111,117,2568,-115,38,2568
9229540,7446,508944417,54093984,1648,-5916,-2,6280,293141350,2115,293141380,2115,173,-12,-104,124,2540,-108,46,2540
9239476,7446,508944424,54093943,1648,-5916,-3,6280,293141350,2115,293141390,2115,174,-12,-81,76,2583,-84,-3,2582
9250100,7446,508944432,54093901,1648,-5915,-3,6280,293141350,2115,293141400,2115,174,-11,-89,32,2446,-92,-43,2444
9259697,7446,508944439,54093860,1647,-5914,-2,6280,293141350,2115,293141410,2115,174,-10,-142,129,2468,-145,53,2468
9269613,7446,508944446,54093816,1647,-5913,-2,6280,293141400,2115,293141420,2115,173,-9,-161,105,2428,-163,30,2428
9279563,7446,508944454,54093774,1647,-5912,-2,6280,293141400,2115,293141430,2115,173,-8,-134,74,2506,-135,-3,2505
9289452,7446,508944461,54093733,1646,-5911,-2,6280,293141400,2115,293141440,2115,173,-7,-129,80,2466,-130,5,2465
9299478,7447,508944469,54093691,1645,-5910,-1,6280,293141400,2115,293141450,2115,172,-5,-112,157,2445,-113,83,2447
9309704,7447,508944476,54093650,1645,-5909,-1,6280,293141400,2115,293141460,2115,172,-4,-108,85,2405,-108,11,2404
9319619,7447,508944483,54093606,1645,-5908,0,6280,293141450,2115,293141470,2115,172,-3,-116,73,2424,-116,-1,2423
9329887,7447,508944491,54093564,1644,-5907,1,6280,293141450,2115,293141480,2115,171,-1,-135,67,2411,-134,-6,2410
9339485,7447,508944498,54093523,1644,-5906,2,6280,293141450,2115,293141490,2115,171,1,-172,116,2334,-170,45,2335
9349487,7447,508944506,54093481,1643,-5905,3,6280,293141450,2115,293141500,2115,170,3,-193,109,2383,-190,37,2384
9360060,7447,508944513,54093440,1643,-5904,4,6280,293141450,2115,293141510,2115,170,4,-150,50,2361,-147,-21,2360
9369608,7447,508944520,54093396,1642,-5903,5,6280,293141500,2115,293141520,2115,169,6,-125,109,2346,-121,39,2347
9379526,7447,508944528,54093354,1642,-5902,7,6280,293141500,2115,293141530,2115,168,8,-138,82,2325,-133,12,2325
9389465,7447,508944535,54093313,1642,-5901,8,6280,293141500,2115,293141540,2115,168,9,-145,90,2303,-139,22,2303
9399490,7447,508944542,54093272,1641,-5900,10,6280,293141500,2115,293141550,2115,167,11,-165,84,2265,-159,17,2265
9409732,7447,508944550,54093230,1641,-5898,12,6280,293141500,2115,293141560,2115,166,13,-195,70,2252,-189,4,2251
9419627,7447,508944557,54093186,1640,-5897,14,6280,293141550,2115,293141570,2115,165,14,-228,68,2282,-221,1,2282
9429537,7447,508944565,54093145,1640,-5895,15,6280,293141550,2115,293141580,2115,165,16,-179,81,2292,-171,14,2292
9439460,7447,508944572,54093103,1639,-5894,17,6280,293141550,2115,293141590,2115,164,18,-165,102,2250,-157,36,2251
9449489,7447,508944579,54093062,1639,-5893,19,6280,293141550,2115,293141600,2115,163,19,-162,19,2348,-152,-49,2347
9459699,7447,508944587,54093021,1638,-5892,20,6280,293141550,2115,293141610,2115,162,20,-160,126,2373,-150,58,2375
9469628,7447,508944594,54092977,1638,-5890,21,6280,293141600,2115,293141620,2115,161,21,-234,61,2275,-224,-5,2275
9479516,7447,508944601,54092935,1637,-5889,22,6280,293141600,2115,293141630,2115,160,22,-221,91,2346,-210,24,2347
9490282,7447,508944609,54092894,1637,-5887,23,6280,293141600,2115,293141640,2115,158,23,-241,31,2362,-229,-36,2361
9499458,7447,508944616,54092853,1636,-5886,25,6280,293141600,2115,293141650,2115,157,24,-223,138,2369,-212,71,2371
9509712,7447,508944623,54092811,1635,-5884,26,6280,293141600,2115,293141660,2115,156,24,-209,128,2343,-198,63,2344
9519620,7447,508944631,54092767,1635,-5883,27,6280,293141650,2115,293141670,2115,155,24,-174,38,2349,-163,-27,2348
9529514,7447,508944638,54092726,1635,-5882,28,6280,293141650,2115,293141680,2115,154,24,-194,61,2360,-183,-4,2359
9539448,7447,508944645,54092685,1634,-5880,29,6280,293141650,2115,293141690,2115,153,24,-285,85,2341,-274,20,2342
9549465,7447,508944653,54092644,1633,-5878,30,6280,293141650,2115,293141700,2115,152,23,-256,157,2393,-245,91,2395
9559794,7447,508944660,54092602,1632,-5876,30,6280,293141650,2115,293141710,2115,151,22,-231,25,2484,-220,-42,2483
9569618,7447,508944667,54092558,1632,-5875,30,6280,293141700,2115,293141720,2115,150,21,-220,90,2569,-209,21,2570
9579529,7446,508944675,54092517,1631,-5874,30,6280,293141700,2115,293141730,2115,149,20,-186,112,2522,-175,45,2523
9589471,7446,508944682,54092476,1631,-5872,29,6280,293141700,2115,293141740,2115,148,19,-203,62,2532,-193,-5,2531
9599470,7446,508944689,54092435,1630,-5870,29,6280,293141700,2115,293141750,2115,148,17,-253,83,2584,-244,15,2584
9609858,7446,508944697,54092394,1630,-5868,28,6280,293141700,2115,293141760,2115,147,16,-302,62,2574,-293,-6,2573
9619644,7446,508944704,54092350,1629,-5866,27,6280,293141750,2115,293141770,2115,147,14,-293,82,2604,-285,14,2604
9629528,7446,508944711,54092309,1628,-5864,27,6280,293141750,2115,293141780,2115,146,12,-254,59,2606,-247,-9,2606
9639477,7445,508944719,54092268,1628,-5862,26,6280,293141750,2115,293141790,2115,146,11,-229,90,2622,-222,22,2622
9649445,7445,508944726,54092226,1628,-5861,24,6280,293141750,2115,293141800,2115,146,9,-202,-11,2696,-196,-81,2693
9660851,7445,508944733,54092185,1628,-5859,22,6280,293141750,2115,293141810,2115,146,7,-198,23,2728,-193,-48,2726
9669629,7445,508944741,54092142,1627,-5857,21,6280,293141800,2115,293141820,2115,146,5,-232,84,2678,-228,14,2678
9679524,7445,508944748,54092100,1627,-5855,20,6280,293141800,2115,293141830,2115,147,4,-291,75,2627,-288,6,2626
9689447,7445,508944755,54092059,1626,-5852,20,6280,293141800,2115,293141840,2115,147,2,-363,12,2548,-360,-55,2546
9699455,7444,508944763,54092018,1626,-5850,18,6280,293141800,2115,293141850,2115,147,1,-321,-19,2743,-318,-92,2739
9710863,7444,508944770,54091977,1626,-5848,15,6280,293141800,2115,293141860,2115,147,0,-235,46,2838,-233,-29,2836
9719600,7444,508944777,54091934,1626,-5846,13,6280,293141850,2115,293141870,2115,148,-2,-176,35,2834,-175,-40,2832
9729538,7444,508944784,54091893,1626,-5845,10,6280,293141850,2115,293141880,2115,148,-3,-174,58,2815,-174,-16,2813
9739491,7444,508944792,54091852,1626,-5843,8,6280,293141850,2115,293141890,2115,149,-4,-266,-10,2777,-266,-84,2774
9749487,7444,508944799,54091811,1625,-5840,6,6280,293141850,2115,293141900,2115,150,-5,-343,63,2725,-343,-11,2723
9759732,7444,508944806,54091770,1625,-5837,5,6280,293141850,2115,293141910,2115,151,-6,-364,-3,2680,-365,-76,2676
9769617,7444,508944814,54091726,1625,-5835,3,6280,293141900,2115,293141920,2115,151,-6,-279,32,2722,-280,-41,2720
9779532,7444,508944821,54091685,1625,-5834,2,6280,293141900,2115,293141930,2115,152,-7,-185,33,2666,-186,-39,2664
9789459,7443,508944828,54091644,1625,-5832,0,6280,293141900,2115,293141940,2115,152,-7,-183,12,2711,-185,-61,2708
9799475,7443,508944836,54091603,1624,-5831,-2,6280,293141900,2115,293141950,2115,153,-8,-214,83,2785,-216,7,2784
9810183,7443,508944843,54091562,1624,-5829,-4,6280,293141900,2115,293141960,2115,154,-8,-255,22,2747,-257,-53,2744
9819619,7443,508944850,54091519,1624,-5826,-6,6280,293141950,2115,293141970,2115,154,-8,-301,60,2747,-303,-16,2745
9829568,7443,508944857,54091478,1624,-5823,-7,6280,293141950,2115,293141980,2115,155,-8,-341,-49,2650,-342,-123,2645
9839469,7443,508944865,54091437,1623,-5821,-8,6280,293141950,2115,293141990,2115,155,-8,-297,99,2671,-299,25,2670
9849652,7443,508944872,54091396,1622,-5819,-9,6280,293141950,2115,293142000,2115,155,-7,-247,67,2658,-249,-6,2656
9859730,7443,508944879,54091356,1622,-5818,-11,6280,293141950,2115,293142010,2115,156,-7,-195,58,2674,-196,-16,2673
9869630,7442,508944887,54091312,1622,-5816,-13,6280,293142000,2115,293142020,2115,156,-6,-193,30,2753,-194,-47,2750
9879560,7442,508944894,54091271,1622,-5814,-14,6280,293142000,2115,293142030,2115,156,-5,-214,12,2633,-215,-62,2630
9889459,7442,508944901,54091231,1621,-5812,-14,6280,293142000,2115,293142040,2115,156,-5,-294,63,2547,-294,-9,2546
9899470,7442,508944908,54091190,1621,-5810,-14,6280,293142000,2115,293142050,2115,157,-4,-322,29,2542,-322,-42,2540
9909709,7442,508944916,54091149,1620,-5808,-14,6280,293142000,2115,293142060,2115,157,-3,-268,69,2448,-267,0,2447
9920952,7441,508944923,54091106,1620,-5806,-13,6280,293142050,2115,293142070,2115,157,-1,-204,39,2447,-203,-30,2445
9929836,7441,508944930,54091065,1620,-5804,-14,6280,293142050,2115,293142080,2115,157,0,-232,52,2550,-230,-19,2549
9939762,7441,508944938,54091024,1619,-5803,-14,6280,293142050,2115,293142090,2115,157,1,-199,92,2577,-197,20,2577
9949524,7441,508944945,54090983,1619,-5801,-15,6280,293142050,2115,293142100,2115,158,1,-238,12,2591,-235,-61,2588
9960690,7441,508944952,54090943,1619,-5799,-16,6280,293142050,2115,293142110,2115,158,2,-251,46,2576,-248,-26,2574
9969744,7440,508944959,54090899,1619,-5797,-16,6280,293142100,2115,293142120,2115,158,3,-294,31,2514,-291,-40,2512
9979524,7440,508944967,54090859,1618,-5795,-15,6280,293142100,2115,293142130,2115,158,4,-289,103,2384,-286,36,2384
9989466,7440,508944974,54090818,1617,-5793,-14,6280,293142100,2115,293142140,2115,158,5,-249,67,2369,-245,0,2368
9999776,7440,508944981,54090777,1617,-5791,-13,6280,293142100,2115,293142150,2115,158,5,-207,-11,2426,-202,-79,2424
10009716,7440,508944988,54090737,1617,-5790,-13,6280,293142100,2115,293142160,2115,158,6,-182,41,2423,-178,-27,2422
10019616,7440,508944996,54090694,1617,-5788,-12,6280,293142150,2115,293142170,2115,158,6,-244,70,2363,-240,4,2363
10029862,7439,508945003,54090653,1616,-5786,-11,6280,293142150,2115,293142180,2115,158,6,-237,34,2414,-233,-34,2412
10039489,7439,508945010,54090612,1616,-5784,-11,6280,293142150,2115,293142190,2115,157,7,-264,50,2467,-259,-19,2466
10049482,7439,508945018,54090572,1616,-5782,-10,6280,293142150,2115,293142200,2115,157,7,-253,47,2421,-248,-21,2420
10060004,7439,508945025,54090531,1615,-5780,-9,6280,293142150,2115,293142210,2115,157,7,-267,49,2397,-262,-19,2396
10069640,7439,508945032,54090488,1615,-5778,-8,6280,293142200,2115,293142220,2115,157,8,-251,17,2354,-245,-50,2353
10079587,7438,508945039,54090447,1615,-5777,-7,6280,293142200,2115,293142230,2115,157,9,-211,82,2319,-206,17,2319
10090102,7438,508945047,54090407,1614,-5775,-5,6280,293142200,2115,293142240,2115,157,9,-245,46,2328,-240,-19,2327
10099455,7438,508945054,54090366,1614,-5773,-4,6280,293142200,2115,293142250,2115,157,10,-244,27,2392,-239,-40,2390
10110128,7438,508945061,54090326,1614,-5771,-4,6280,293142200,2115,293142260,2115,156,10,-223,78,2418,-217,11,2418
10120535,7437,508945068,54090283,1613,-5770,-2,6280,293142250,2115,293142270,2115,156,10,-259,88,2342,-254,22,2343
10129556,7437,508945076,54090242,1612,-5768,-1,6280,293142250,2115,293142280,2115,156,11,-229,58,2296,-223,-6,2295
10139443,7437,508945083,54090202,1613,-5766,1,6280,293142250,2115,293142290,2115,156,11,-236,-36,2275,-229,-100,2272
10149541,7437,508945090,54090161,1612,-5764,3,6280,293142250,2115,293142300,2115,156,12,-193,52,2274,-187,-12,2273
10159708,7437,508945097,54090121,1611,-5763,5,6280,293142250,2115,293142310,2115,156,12,-261,127,2261,-255,63,2263
10169604,7436,508945105,54090078,1611,-5761,6,6280,293142300,2115,293142320,2115,156,12,-266,21,2292,-259,-43,2290
10179904,7436,508945112,54090037,1611,-5759,8,6280,293142300,2115,293142330,2115,156,13,-254,-9,2342,-247,-74,2340
10189492,7436,508945119,54089997,1611,-5757,9,6280,293142300,2115,293142340,2115,156,13,-219,3,2320,-211,-61,2318
10199503,7436,508945126,54089957,1610,-5755,10,6280,293142300,2115,293142350,2115,156,13,-206,98,2323,-199,34,2323
10210668,7435,508945133,54089916,1610,-5754,12,6280,293142300,2115,293142360,2115,156,13,-199,28,2320,-192,-36,2318
10219607,7435,508945141,54089873,1610,-5753,13,6280,293142350,2115,293142370,2115,156,13,-202,35,2290,-195,-29,2289
10229548,7435,508945148,54089833,1610,-5750,15,6280,293142350,2115,293142380,2115,156,12,-264,2,2313,-257,-63,2311
10239458,7435,508945155,54089793,1609,-5749,16,6280,293142350,2115,293142390,2115,156,12,-260,44,2392,-254,-23,2391
10249475,7434,508945162,54089752,1609,-5747,17,6281,293142350,2115,293142400,2115,156,11,-229,24,2350,-223,-42,2348
10260352,7434,508945170,54089712,1609,-5745,18,6281,293142350,2115,293142410,2115,157,11,-192,24,2396,-185,-43,2394
10269613,7434,508945177,54089669,1609,-5744,19,6281,293142400,2115,293142420,2115,157,10,-178,36,2381,-172,-30,2380
10279560,7433,508945184,54089629,1609,-5743,20,6281,293142400,2115,293142430,2115,157,9,-170,53,2387,-164,-14,2386
10289833,7433,508945191,54089588,1609,-5741,20,6281,293142400,2115,293142440,2115,157,8,-169,41,2434,-164,-26,2433
10299461,7433,508945199,54089548,1609,-5740,20,6281,293142400,2115,293142450,2115,157,7,-158,7,2451,-152,-61,2449
10310900,7432,508945206,54089508,1608,-5739,21,6281,293142400,2115,293142460,2115,156,6,-171,98,2429,-167,30,2429
10319621,7432,508945213,54089465,1609,-5737,22,6281,293142450,2115,293142470,2115,156,5,-169,12,2462,-165,-57,2460
10330330,7432,508945220,54089425,1609,-5736,22,6281,293142450,2115,293142480,2115,156,3,-151,8,2478,-148,-60,2475
10339442,7431,508945227,54089384,1609,-5735,22,6281,293142450,2115,293142490,2115,156,2,-136,47,2479,-133,-21,2477
10349478,7431,508945235,54089344,1609,-5734,22,6281,293142450,2115,293142500,2115,156,0,-93,5,2514,-91,-65,2511
10360615,7431,508945242,54089304,1608,-5734,22,6281,293142450,2115,293142510,2115,156,-1,-39,104,2545,-38,34,2545
10369906,7431,508945249,54089261,1609,-5733,21,6281,293142500,2115,293142520,2115,156,-3,-68,23,2548,-68,-47,2545
10381168,7430,508945256,54089221,1609,-5732,21,6281,293142500,2115,293142530,2115,156,-5,-132,24,2572,-133,-47,2570
10389684,7430,508945264,54089181,1609,-5731,20,6281,293142500,2115,293142540,2115,156,-6,-197,39,2609,-198,-33,2607
10399489,7430,508945271,54089140,1609,-5730,19,6281,293142500,2115,293142550,2115,155,-8,-110,23,2654,-112,-50,2652
10410152,7429,508945278,54089100,1608,-5729,18,6281,293142500,2115,293142560,2115,155,-10,-68,119,2618,-70,47,2619
10419979,7429,508945285,54089057,1608,-5729,17,6281,293142550,2115,293142570,2115,155,-11,-32,35,2646,-36,-37,2644
10429557,7429,508945293,54089017,1609,-5729,15,6281,293142550,2115,293142580,2115,155,-13,-14,24,2661,-18,-49,2658
10439474,7429,508945300,54088977,1609,-5728,14,6281,293142550,2115,293142590,2115,155,-14,-125,34,2639,-129,-39,2636
10449911,7428,508945307,54088937,1609,-5727,13,6281,293142550,2115,293142600,2115,155,-15,-130,32,2716,-135,-43,2714
10459739,7428,508945314,54088897,1609,-5726,11,6281,293142550,2115,293142610,2115,155,-17,-125,33,2648,-131,-40,2646
10469617,7428,508945321,54088854,1609,-5725,10,6281,293142600,2115,293142620,2115,155,-18,-85,43,2729,-91,-32,2727
10480129,7428,508945329,54088814,1609,-5724,8,6281,293142600,2115,293142630,2115,155,-19,-47,78,2749,-55,2,2748
10489469,7427,508945336,54088774,1609,-5724,6,6281,293142600,2115,293142640,2115,155,-20,-44,38,2734,-52,-37,2732
10499458,7427,508945343,54088734,1609,-5723,5,6281,293142600,2115,293142650,2115,155,-21,-60,5,2685,-68,-68,2682
10510224,7427,508945350,54088693,1609,-5722,3,6281,293142600,2115,293142660,2115,155,-21,-114,33,2672,-122,-40,2670
10519608,7427,508945358,54088651,1609,-5721,2,6281,293142650,2115,293142670,2115,155,-21,-122,40,2643,-130,-32,2640
10529568,7427,508945365,54088610,1609,-5720,1,6281,293142650,2115,293142680,2115,155,-21,-85,91,2673,-93,18,2673
10540748,7427,508945372,54088570,1609,-5720,-1,6281,293142650,2115,293142690,2115,155,-21,-70,49,2757,-78,-27,2756
10549539,7427,508945379,54088530,1609,-5720,-3,6281,293142650,2115,293142700,2115,155,-21,16,0,2666,8,-72,2663
10560020,7427,508945386,54088490,1609,-5719,-3,6281,293142650,2115,293142710,2115,156,-20,-46,82,2613,-54,10,2612
10570513,7427,508945394,54088447,1609,-5719,-5,6281,293142700,2115,293142720,2115,156,-19,-59,46,2630,-66,-27,2628
10579531,7427,508945401,54088407,1610,-5718,-6,6281,293142700,2115,293142730,2115,157,-18,-90,-55,2641,-96,-128,2636
10589468,7427,508945408,54088367,1609,-5717,-6,6281,293142700,2115,293142740,2115,157,-17,-68,91,2601,-74,18,2601
10599854,7427,508945415,54088327,1609,-5717,-7,6281,293142700,2115,293142750,2115,157,-16,-63,100,2561,-69,28,2561
10610723,7427,508945423,54088287,1609,-5717,-7,6281,293142700,2115,293142760,2115,158,-14,-22,83,2514,-27,13,2514
10619641,7427,508945430,54088244,1609,-5716,-6,6281,293142750,2115,293142770,2115,158,-13,-4,-11,2445,-8,-79,2441
10629800,7427,508945437,54088204,1610,-5716,-7,6281,293142750,2115,293142780,2115,159,-11,-8,61,2511,-11,-9,2510
10639488,7427,508945444,54088164,1609,-5716,-6,6281,293142750,2115,293142790,2115,159,-10,-31,135,2403,-33,67,2404
10649477,7427,508945452,54088124,1609,-5716,-5,6281,293142750,2115,293142800,2115,160,-8,-41,61,2431,-43,-7,2430
10660279,7428,508945459,54088084,1609,-5715,-5,6281,293142750,2115,293142810,2115,160,-7,-28,3,2411,-29,-65,2409
10669646,7428,508945466,54088041,1609,-5715,-4,6281,293142800,2115,293142820,2115,160,-5,-70,93,2428,-71,24,2428
10679560,7428,508945473,54088001,1609,-5715,-3,6281,293142800,2115,293142830,2115,160,-3,-19,116,2427,-19,47,2427
10689478,7428,508945480,54087961,1609,-5715,-2,6281,293142800,2115,293142840,2115,160,-2,7,22,2387,8,-45,2385
10699447,7428,508945488,54087921,1609,-5715,-2,6281,293142800,2115,293142850,2115,160,-1,-10,46,2458,-9,-23,2457
10710897,7429,508945495,54087881,1609,-5715,-1,6281,293142800,2115,293142860,2115,160,0,9,113,2343,10,47,2344
10719632,7429,508945502,54087838,1608,-5715,0,6281,293142850,2115,293142870,2115,160,1,-14,129,2375,-12,62,2376
10729557,7429,508945509,54087798,1609,-5715,1,6281,293142850,2115,293142880,2115,160,1,-11,15,2326,-9,-51,2324
10739458,7429,508945516,54087758,1609,-5715,3,6281,293142850,2115,293142890,2115,159,2,-14,53,2283,-12,-11,2282
10750163,7430,508945524,54087718,1607,-5715,5,6281,293142850,2115,293142900,2115,158,2,-43,214,2304,-42,150,2307
10760867,7430,508945531,54087677,1608,-5715,6,6281,293142850,2115,293142910,2115,157,2,1,8,2344,4,-57,2342
10769620,7430,508945538,54087635,1608,-5715,7,6281,293142900,2115,293142920,2115,157,2,32,74,2401,34,7,2400
10779873,7430,508945545,54087595,1608,-5716,8,6281,293142900,2115,293142930,2115,157,1,42,113,2360,44,48,2361
10789485,7430,508945552,54087554,1607,-5716,8,6281,293142900,2115,293142940,2115,156,0,-29,150,2437,-28,83,2438
10799479,7430,508945560,54087514,1607,-5715,9,6281,293142900,2115,293142950,2115,156,0,-52,95,2429,-50,28,2429
10810505,7430,508945567,54087474,1607,-5715,9,6281,293142900,2115,293142960,2115,155,-1,-47,34,2518,-46,-34,2516
10819600,7431,508945574,54087432,1606,-5715,9,6281,293142950,2115,293142970,2115,155,-2,-59,161,2433,-58,95,2434
10829564,7431,508945581,54087391,1605,-5715,10,6281,293142950,2115,293142980,2115,154,-3,0,138,2459,0,71,2460
10839464,7431,508945588,54087351,1605,-5715,10,6281,293142950,2115,293142990,2115,154,-5,7,56,2430,7,-10,2429
10849891,7431,508945596,54087311,1605,-5715,11,6281,293142950,2115,293143000,2115,154,-6,24,67,2347,23,4,2346
10859737,7431,508945603,54087271,1605,-5715,12,6281,293142950,2115,293143010,2115,154,-7,-36,161,2395,-38,95,2397
10869635,7431,508945610,54087228,1605,-5714,13,6281,293143000,2115,293143020,2115,154,-8,-49,61,2441,-51,-6,2440
10879535,7431,508945617,54087188,1605,-5714,13,6281,293143000,2115,293143030,2115,155,-9,-47,60,2524,-49,-9,2523
10889450,7431,508945624,54087148,1604,-5714,12,6281,293143000,2115,293143040,2115,155,-10,-18,81,2548,-21,12,2548
10899476,7431,508945632,54087108,1604,-5714,12,6281,293143000,2115,293143050,2115,155,-11,18,94,2516,15,26,2516
10909777,7431,508945639,54087068,1604,-5714,12,6281,293143000,2115,293143060,2115,156,-12,11,90,2541,7,21,2540
10919622,7431,508945646,54087025,1604,-5714,12,6281,293143050,2115,293143070,2115,156,-13,-44,50,2506,-48,-19,2504
10929849,7431,508945653,54086985,1603,-5713,12,6281,293143050,2115,293143080,2115,156,-14,-76,107,2533,-81,37,2532
10939469,7431,508945660,54086945,1604,-5713,12,6281,293143050,2115,293143090,2115,157,-15,-41,28,2507,-46,-42,2505
10949489,7431,508945668,54086905,1603,-5713,11,6281,293143050,2115,293143100,2115,157,-16,16,96,2510,11,27,2510
10959710,7431,508945675,54086865,1603,-5713,12,6281,293143050,2115,293143110,2115,157,-17,-12,109,2436,-18,41,2437
10969615,7431,508945682,54086822,1603,-5713,12,6281,293143100,2115,293143120,2115,158,-18,34,42,2502,28,-27,2500
10979541,7431,508945689,54086782,1604,-5713,12,6281,293143100,2115,293143130,2115,159,-19,-2,63,2519,-9,-8,2518
10989497,7431,508945696,54086742,1604,-5713,11,6281,293143100,2115,293143140,2115,159,-20,27,39,2532,20,-32,2530
10999483,7431,508945703,54086702,1603,-5713,11,6281,293143100,2115,293143150,2115,160,-20,-52,111,2517,-59,39,2517
11009742,7431,508945711,54086662,1603,-5712,11,6281,293143100,2115,293143160,2115,160,-21,-53,53,2533,-61,-19,2531
11019618,7431,508945718,54086619,1604,-5712,10,6281,293143150,2115,293143170,2115,160,-22,-27,44,2619,-36,-30,2617
11029554,7431,508945725,54086579,1604,-5712,10,6281,293143150,2115,293143180,2115,160,-22,17,96,2598,8,23,2597
11039458,7431,508945732,54086539,1603,-5712,9,6281,293143150,2115,293143190,2115,161,-23,18,105,2607,9,31,2607
11049488,7431,508945739,54086499,1603,-5712,8,6281,293143150,2115,293143200,2115,161,-23,-4,76,2565,-12,3,2564
11059745,7431,508945747,54086459,1604,-5712,8,6281,293143150,2115,293143210,2115,162,-23,4,23,2542,-4,-49,2540
11069613,7430,508945754,54086416,1603,-5711,7,6281,293143200,2115,293143220,2115,162,-23,-42,105,2559,-51,32,2559
11079545,7430,508945761,54086376,1603,-5711,6,6281,293143200,2115,293143230,2115,162,-23,-27,49,2611,-36,-25,2609
11089475,7430,508945768,54086336,1603,-5711,6,6281,293143200,2115,293143240,2115,162,-23,-11,70,2613,-20,-4,2612
11099485,7430,508945775,54086296,1603,-5711,5,6281,293143200,2115,293143250,2115,162,-23,19,76,2588,10,2,2587
11110230,7430,508945783,54086256,1603,-5711,4,6281,293143200,2115,293143260,2115,162,-23,42,64,2617,33,-11,2616
11119631,7430,508945790,54086213,1603,-5711,4,6281,293143250,2115,293143270,2115,162,-23,-9,78,2534,-18,6,2533
11129529,7430,508945797,54086173,1603,-5711,3,6281,293143250,2115,293143280,2115,162,-23,3,62,2555,-5,-11,2554
11140099,7430,508945804,54086133,1603,-5711,3,6281,293143250,2115,293143290,2115,163,-22,-32,64,2543,-40,-9,2542
11150224,7430,508945811,54086093,1603,-5711,2,6281,293143250,2115,293143300,2115,163,-22,-4,102,2590,-12,28,2590
11159741,7430,508945819,54086053,1603,-5711,2,6281,293143250,2115,293143310,2115,163,-21,29,66,2588,21,-8,2587
11169627,7430,508945826,54086010,1603,-5711,1,6281,293143300,2115,293143320,2115,164,-21,15,56,2613,7,-19,2611
11179541,7430,508945833,54085970,1603,-5711,0,6281,293143300,2115,293143330,2115,164,-21,20,98,2650,11,22,2650
11189498,7430,508945840,54085930,1603,-5711,-1,6281,293143300,2115,293143340,2115,164,-21,24,77,2612,16,2,2611
11199457,7430,508945847,54085890,1603,-5711,-1,6281,293143300,2115,293143350,2115,165,-20,18,28,2563,11,-46,2561
11209714,7430,508945855,54085850,1603,-5711,-1,6281,293143300,2115,293143360,2115,165,-20,-34,63,2480,-41,-9,2479
11219605,7430,508945862,54085807,1603,-5711,-2,6281,293143350,2115,293143370,2115,165,-20,-12,100,2527,-19,27,2527
11229573,7430,508945869,54085767,1603,-5711,-2,6281,293143350,2115,293143380,2115,165,-19,33,90,2601,26,15,2601
11239499,7430,508945876,54085727,1603,-5711,-3,6281,293143350,2115,293143390,2115,165,-19,46,22,2568,39,-52,2566
11249479,7429,508945883,54085687,1604,-5711,-3,6281,293143350,2115,293143400,2115,166,-19,15,44,2565,8,-30,2563
11259733,7429,508945891,54085647,1604,-5711,-4,6281,293143350,2115,293143410,2115,166,-19,20,63,2543,13,-11,2542
11269640,7429,508945898,54085604,1604,-5711,-4,6281,293143400,2115,293143420,2115,165,-18,4,80,2499,-2,7,2498
11279573,7429,508945905,54085564,1604,-5711,-3,6282,293143400,2115,293143430,2115,165,-18,-3,36,2489,-9,-37,2487
11289522,7429,508945912,54085524,1605,-5711,-4,6282,293143400,2115,293143440,2115,165,-17,-17,8,2537,-23,-65,2535
11299458,7429,508945919,54085484,1604,-5711,-4,6282,293143400,2115,293143450,2115,164,-17,-4,124,2522,-10,52,2522
11309818,7429,508945927,54085444,1604,-5711,-4,6282,293143400,2115,293143460,2115,164,-16,4,65,2523,-1,-7,2522
11319628,7429,508945934,54085401,1604,-5711,-4,6282,293143450,2115,293143470,2115,163,-15,38,72,2499,33,1,2499
11329547,7429,508945941,54085361,1604,-5711,-4,6282,293143450,2115,293143480,2115,163,-14,23,44,2456,19,-26,2454
11339468,7429,508945948,54085321,1604,-5712,-3,6282,293143450,2115,293143490,2115,162,-13,57,87,2437,53,18,2437
11349468,7429,508945955,54085281,1604,-5712,-2,6282,293143450,2115,293143500,2115,162,-12,-25,62,2369,-28,-6,2368
11360165,7428,508945963,54085241,1605,-5711,-2,6282,293143450,2115,293143510,2115,161,-11,-29,16,2412,-31,-53,2410
11369625,7428,508945970,54085198,1604,-5711,-1,6282,293143500,2115,293143520,2115,160,-9,-35,75,2384,-38,8,2384
11379535,7428,508945977,54085158,1604,-5711,0,6282,293143500,2115,293143530,2115,160,-8,17,88,2403,16,20,2402
11389485,7428,508945984,54085118,1604,-5711,1,6282,293143500,2115,293143540,2115,159,-7,56,92,2374,54,26,2374
11399495,7428,508945991,54085078,1605,-5712,2,6282,293143500,2115,293143550,2115,158,-5,58,46,2412,58,-21,2411
11409804,7428,508945999,54085038,1605,-5712,3,6282,293143500,2115,293143560,2115,158,-4,62,36,2373,62,-30,2371
11419627,7428,508946006,54084996,1605,-5712,5,6282,293143550,2115,293143570,2115,157,-3,0,41,2339,0,-24,2338
11429528,7427,508946013,54084955,1605,-5712,6,6282,293143550,2115,293143580,2115,156,-3,-23,89,2305,-22,26,2305
11439492,7427,508946020,54084915,1605,-5712,7,6282,293143550,2115,293143590,2115,156,-2,-4,67,2328,-3,3,2327
11449551,7427,508946027,54084875,1605,-5712,8,6282,293143550,2115,293143600,2115,155,-2,45,66,2404,45,1,2403
11459732,7427,508946035,54084835,1605,-5713,10,6282,293143550,2115,293143610,2115,154,-1,72,31,2283,73,-30,2282
11469617,7427,508946042,54084793,1606,-5713,11,6282,293143600,2115,293143620,2115,154,-1,75,25,2306,76,-37,2304
11479564,7426,508946049,54084752,1606,-5714,13,6282,293143600,2115,293143630,2115,154,-2,41,81,2327,42,18,2327
11489491,7426,508946056,54084712,1606,-5714,13,6282,293143600,2115,293143640,2115,153,-2,8,78,2417,9,13,2416
11499465,7426,508946063,54084672,1606,-5714,14,6282,293143600,2115,293143650,2115,153,-3,-8,27,2443,-7,-39,2441
11509729,7426,508946071,54084632,1606,-5714,14,6282,293143600,2115,293143660,2115,153,-4,12,23,2497,13,-44,2494
11519616,7425,508946078,54084589,1606,-5714,14,6282,293143650,2115,293143670,2115,153,-5,30,84,2475,29,18,2475
11530406,7425,508946085,54084549,1607,-5714,14,6282,293143650,2115,293143680,2115,152,-6,38,15,2459,38,-51,2457
11539528,7425,508946092,54084509,1607,-5714,15,6282,293143650,2115,293143690,2115,152,-7,33,68,2479,31,1,2478
11549709,7425,508946099,54084469,1607,-5715,15,6282,293143650,2115,293143700,2115,153,-8,50,-2,2465,49,-68,2462
11559760,7424,508946107,54084429,1607,-5715,15,6282,293143650,2115,293143710,2115,152,-10,9,53,2461,6,-13,2460
11569626,7424,508946114,54084386,1607,-5715,16,6282,293143700,2115,293143720,2115,152,-11,-9,48,2429,-12,-17,2427
11579538,7424,508946121,54084346,1608,-5715,16,6282,293143700,2115,293143730,2115,153,-13,3,25,2461,0,-41,2459
11589813,7424,508946128,54084306,1608,-5715,15,6282,293143700,2115,293143740,2115,153,-14,42,32,2599,38,-37,2597
11599506,7423,508946136,54084266,1609,-5715,15,6282,293143700,2115,293143750,2115,153,-16,83,18,2549,78,-50,2547
11609764,7423,508946143,54084226,1609,-5715,14,6282,293143700,2115,293143760,2115,154,-17,14,46,2643,8,-26,2642
11619610,7423,508946150,54084183,1610,-5715,13,6282,293143750,2115,293143770,2115,155,-19,15,-5,2587,8,-75,2584
11629542,7423,508946157,54084143,1610,-5715,13,6282,293143750,2115,293143780,2115,155,-20,-4,65,2612,-11,-6,2611
11639468,7423,508946165,54084103,1610,-5715,12,6282,293143750,2115,293143790,2115,156,-21,-25,-31,2560,-32,-101,2556
11649493,7423,508946172,54084063,1611,-5714,12,6282,293143750,2115,293143800,2115,156,-22,9,-11,2562,2,-82,2559
11659737,7422,508946179,54084023,1610,-5715,11,6282,293143750,2115,293143810,2115,156,-23,8,136,2608,-1,64,2609
11669711,7422,508946186,54083980,1611,-5715,10,6282,293143800,2115,293143820,2115,157,-24,75,19,2602,66,-52,2600
11679547,7422,508946193,54083940,1612,-5715,9,6282,293143800,2115,293143830,2115,158,-24,51,-12,2642,42,-85,2639
11689956,7422,508946201,54083900,1612,-5715,8,6282,293143800,2115,293143840,2115,158,-25,50,9,2560,41,-62,2558
11699458,7422,508946208,54083860,1613,-5715,7,6282,293143800,2115,293143850,2115,159,-25,7,19,2607,-2,-53,2605
11709715,7422,508946215,54083820,1613,-5714,7,6282,293143800,2115,293143860,2115,159,-26,-34,48,2570,-44,-23,2568
11719633,7422,508946222,54083777,1613,-5714,6,6282,293143850,2115,293143870,2115,159,-26,-9,31,2636,-19,-42,2634
11729575,7421,508946230,54083737,1613,-5714,4,6282,293143850,2115,293143880,2115,159,-26,35,33,2701,25,-42,2700
11739457,7421,508946237,54083697,1614,-5715,4,6282,293143850,2115,293143890,2115,159,-26,91,28,2592,81,-44,2591
11749945,7421,508946244,54083657,1614,-5715,3,6282,293143850,2115,293143900,2115,160,-26,31,54,2565,21,-18,2564
11760847,7421,508946251,54083617,1614,-5715,3,6282,293143850,2115,293143910,2115,160,-26,4,16,2545,-6,-56,2543
11769622,7421,508946259,54083574,1615,-5715,2,6282,293143900,2115,293143920,2115,160,-26,-5,61,2603,-15,-12,2602
11779636,7421,508946266,54083534,1615,-5715,2,6282,293143900,2115,293143930,2115,160,-25,29,5,2568,20,-66,2565
11789491,7421,508946273,54083494,1615,-5715,1,6282,293143900,2115,293143940,2115,159,-25,30,53,2529,21,-18,2528
11799490,7420,508946281,54083454,1615,-5715,1,6282,293143900,2115,293143950,2115,159,-24,1,89,2512,-8,19,2512
11810087,7420,508946288,54083414,1616,-5715,1,6282,293143900,2115,293143960,2115,159,-23,49,-11,2558,40,-82,2555
11819637,7420,508946295,54083371,1616,-5715,0,6282,293143950,2115,293143970,2115,158,-22,33,53,2589,24,-19,2588
11829556,7420,508946302,54083331,1616,-5716,0,6282,293143950,2115,293143980,2115,158,-21,63,47,2580,55,-24,2578
11839496,7419,508946310,54083291,1616,-5716,0,6282,293143950,2115,293143990,2115,158,-20,-10,91,2463,-18,23,2462
11849489,7419,508946317,54083251,1616,-5715,0,6282,293143950,2115,293144000,2115,157,-19,-15,17,2467,-21,-51,2465
11859746,7419,508946324,54083210,1617,-5715,0,6282,293143950,2115,293144010,2115,157,-17,16,-28,2510,11,-97,2507
11869622,7418,508946331,54083168,1617,-5715,0,6282,293144000,2115,293144020,2115,156,-16,6,58,2457,0,-9,2456
11879544,7418,508946339,54083128,1617,-5716,1,6282,293144000,2115,293144030,2115,156,-15,53,85,2438,48,18,2438
11889473,7417,508946346,54083087,1617,-5716,1,6282,293144000,2115,293144040,2115,155,-13,94,50,2428,90,-16,2427
11899594,7417,508946353,54083047,1618,-5716,2,6282,293144000,2115,293144050,2115,155,-12,47,-33,2446,44,-99,2443
11909490,7417,508946360,54083007,1618,-5717,2,6282,293144000,2115,293144060,2115,154,-11,15,43,2436,12,-23,2434
11919567,7416,508946368,54082967,1619,-5716,3,6282,293144050,2115,293144070,2115,153,-10,-6,18,2441,-9,-48,2439
11930403,7416,508946375,54082927,1619,-5717,4,6282,293144050,2115,293144080,2115,152,-9,25,92,2422,23,28,2422
11939453,7415,508946382,54082887,1619,-5717,5,6282,293144050,2115,293144090,2115,152,-8,38,-4,2364,37,-67,2362
11949471,7415,508946390,54082847,1620,-5717,5,6282,293144050,2115,293144100,2115,151,-7,49,2,2433,48,-63,2430
11959640,7414,508946397,54082806,1620,-5717,6,6282,293144050,2115,293144110,2115,151,-7,62,100,2449,61,36,2449
11970084,7413,508946404,54082766,1621,-5718,6,6282,293144100,2115,293144120,2115,150,-6,101,-62,2437,101,-126,2433
11979478,7413,508946411,54082726,1621,-5718,7,6282,293144100,2115,293144130,2115,150,-6,53,34,2417,52,-30,2415
11989486,7412,508946419,54082686,1621,-5718,8,6282,293144100,2115,293144140,2115,149,-6,-50,17,2360,-50,-45,2358
11999494,7411,508946426,54082646,1621,-5718,8,6282,293144100,2115,293144150,2115,149,-6,13,32,2454,12,-32,2453
12009915,7411,508946433,54082606,1622,-5718,9,6282,293144100,2115,293144160,2115,148,-6,25,-24,2457,24,-88,2453
12019874,7410,508946441,54082566,1623,-5718,9,6282,293144150,2115,293144170,2115,148,-7,79,1,2499,78,-63,2497
12029479,7409,508946448,54082526,1623,-5719,9,6282,293144150,2115,293144180,2115,147,-8,104,26,2442,103,-36,2440
12039486,7408,508946455,54082486,1624,-5719,10,6282,293144150,2115,293144190,2115,147,-8,86,-37,2462,84,-100,2458
12049479,7408,508946462,54082445,1625,-5719,10,6282,293144150,2115,293144200,2115,146,-9,27,1,2500,25,-63,2497
12059487,7407,508946470,54082405,1625,-5719,10,6282,293144150,2115,293144210,2115,146,-10,-18,-7,2484,-21,-70,2481
12069503,7406,508946477,54082365,1626,-5719,10,6282,293144200,2115,293144220,2115,145,-11,-12,16,2494,-15,-48,2492
12079520,7406,508946484,54082325,1627,-5719,10,6282,293144200,2115,293144230,2115,145,-12,37,-48,2484,34,-111,2480
12089487,7405,508946492,54082285,1627,-5719,10,6282,293144200,2115,293144240,2115,145,-14,57,-2,2531,53,-66,2528
12099471,7404,508946499,54082245,1628,-5720,9,6282,293144200,2115,293144250,2115,145,-15,93,29,2547,89,-35,2546
12109515,7404,508946506,54082205,1629,-5720,9,6282,293144250,2115,293144260,2115,145,-16,86,-62,2562,82,-127,2558
12119522,7403,508946514,54082165,1630,-5720,9,6282,293144250,2115,293144270,2115,145,-17,29,-61,2555,24,-126,2551
12130109,7402,508946521,54082124,1630,-5720,8,6282,293144250,2115,293144280,2115,145,-18,-7,17,2537,-13,-48,2535
12139466,7401,508946528,54082084,1631,-5719,8,6282,293144250,2115,293144290,2115,145,-19,-42,-17,2536,-49,-81,2533
12149468,7401,508946536,54082044,1631,-5719,7,6282,293144250,2115,293144300,2115,145,-20,21,-31,2574,14,-96,2571
12159513,7400,508946543,54082004,1632,-5719,7,6282,293144300,2115,293144310,2115,145,-20,59,-46,2599,52,-112,2596
12170203,7399,508946550,54081964,1633,-5720,6,6282,293144300,2115,293144320,2115,145,-21,104,6,2588,96,-60,2585
12179470,7399,508946558,54081924,1634,-5720,5,6282,293144300,2115,293144330,2115,145,-22,95,-39,2597,87,-104,2593
12189488,7398,508946565,54081884,1635,-5720,5,6282,293144300,2115,293144340,2115,145,-22,14,-66,2525,6,-131,2520
12200009,7398,508946572,54081844,1636,-5720,5,6282,293144300,2115,293144350,2115,146,-23,-19,-50,2511,-27,-114,2507
12209523,7397,508946580,54081803,1636,-5720,5,6282,293144350,2115,293144360,2115,146,-23,6,-20,2555,-3,-85,2552
12219471,7396,508946587,54081763,1637,-5720,4,6282,293144350,2115,293144370,2115,146,-23,46,-13,2564,37,-79,2561
12229808,7396,508946594,54081723,1638,-5720,4,6282,293144350,2115,293144380,2115,146,-24,69,-55,2556,61,-121,2552
12239489,7395,508946602,54081683,1639,-5720,3,6282,293144350,2115,293144390,2115,146,-24,97,-36,2580,88,-102,2577
12249500,7394,508946609,54081643,1640,-5720,2,6282,293144350,2115,293144400,2115,146,-25,71,-68,2629,62,-135,2624
12259980,7394,508946616,54081603,1641,-5721,2,6282,293144400,2115,293144410,2115,147,-25,45,12,2572,35,-54,2569
12269483,7393,508946624,54081563,1642,-5720,1,6282,293144400,2115,293144420,2115,147,-25,7,-93,2552,-2,-158,2547
12279473,7393,508946631,54081523,1642,-5720,1,6282,293144400,2115,293144430,2115,147,-26,3,-29,2526,-7,-94,2523
12290318,7392,508946639,54081482,1643,-5720,1,6282,293144400,2115,293144440,2115,147,-26,48,9,2496,38,-55,2494
12299478,7391,508946646,54081442,1644,-5720,1,6283,293144400,2115,293144450,2115,146,-26,76,-34,2545,67,-99,2542
12309550,7391,508946653,54081402,1645,-5721,0,6283,293144450,2115,293144460,2115,146,-27,103,-54,2572,94,-119,2568
12319751,7390,508946661,54081362,1646,-5721,0,6283,293144450,2115,293144470,2115,146,-27,63,-20,2550,53,-86,2548
12329454,7389,508946668,54081322,1646,-5721,0,6283,293144450,2115,293144480,2115,146,-27,59,11,2551,49,-54,2548
12339470,7389,508946676,54081282,1647,-5721,-1,6283,293144450,2115,293144490,2115,145,-27,11,-72,2551,1,-137,2546
12350129,7388,508946683,54081242,1648,-5721,-1,6283,293144450,2115,293144500,2115,145,-27,8,-51,2547,-2,-116,2543
12359517,7388,508946690,54081202,1648,-5721,-1,6283,293144500,2115,293144510,2115,145,-27,19,19,2558,9,-46,2556
12369499,7387,508946698,54081161,1649,-5721,-2,6283,293144500,2115,293144520,2115,144,-26,61,23,2572,51,-42,2570
12380012,7386,508946705,54081121,1650,-5721,-2,6283,293144500,2115,293144530,2115,144,-26,88,-61,2548,79,-125,2544
12389501,7385,508946713,54081081,1651,-5722,-2,6283,293144500,2115,293144540,2115,144,-25,81,-77,2518,72,-141,2513
12399467,7385,508946720,54081041,1651,-5722,-2,6283,293144500,2115,293144550,2115,144,-24,33,38,2510,25,-25,2509
12410272,7384,508946728,54081001,1652,-5722,-2,6283,293144550,2115,293144560,2115,143,-23,26,-25,2463,18,-87,2460
12419473,7383,508946735,54080961,1653,-5722,-2,6283,293144550,2115,293144570,2115,143,-22,23,-70,2497,15,-132,2493
12429498,7382,508946742,54080921,1654,-5722,-2,6283,293144550,2115,293144580,2115,142,-21,31,-5,2454,25,-66,2451
12440289,7382,508946750,54080880,1654,-5722,-1,6283,293144550,2115,293144590,2115,142,-20,74,28,2438,67,-32,2436
12449530,7381,508946757,54080840,1655,-5722,-1,6283,293144550,2115,293144600,2115,141,-18,81,-42,2428,76,-102,2425
12459508,7380,508946765,54080800,1656,-5723,0,6283,293144600,2115,293144610,2115,141,-17,74,-74,2422,69,-134,2418
12470098,7379,508946772,54080760,1657,-5723,1,6283,293144600,2115,293144620,2115,141,-16,33,-19,2402,29,-78,2399
12479526,7378,508946780,54080720,1658,-5722,2,6283,293144600,2115,293144630,2115,140,-15,5,-48,2384,0,-107,2380
12489476,7377,508946787,54080680,1658,-5722,3,6283,293144600,2115,293144640,2115,140,-14,24,-14,2367,21,-73,2364
12499514,7376,508946794,54080640,1659,-5723,4,6283,293144600,2115,293144650,2115,140,-13,46,-46,2410,43,-105,2407
12509503,7375,508946802,54080599,1660,-5723,4,6283,293144650,2115,293144660,2115,139,-12,79,-15,2408,75,-73,2405
12519487,7374,508946809,54080559,1661,-5723,5,6283,293144650,2115,293144670,2115,139,-12,88,-37,2427,85,-96,2423
12529704,7373,508946817,54080519,1662,-5723,6,6283,293144650,2115,293144680,2115,139,-11,61,-144,2410,59,-203,2405
12539461,7373,508946824,54080479,1663,-5724,6,6283,293144650,2115,293144690,2115,139,-10,47,-10,2449,44,-69,2446
12549457,7372,508946832,54080439,1664,-5723,7,6283,293144650,2115,293144700,2115,139,-10,8,-36,2390,6,-94,2386
12559892,7370,508946839,54080399,1664,-5723,8,6283,293144700,2115,293144710,2115,139,-10,24,-43,2429,23,-102,2426
12569497,7369,508946847,54080359,1665,-5723,9,6283,293144700,2115,293144720,2115,139,-9,9,-10,2359,7,-68,2356
12579467,7368,508946854,54080318,1666,-5723,10,6283,293144700,2115,293144730,2115,139,-9,70,-66,2394,69,-124,2390
12590100,7367,508946862,54080278,1667,-5724,11,6283,293144700,2115,293144740,2115,139,-9,66,-53,2382,64,-111,2378
12599487,7366,508946869,54080238,1668,-5724,12,6283,293144700,2115,293144750,2115,140,-9,82,-90,2361,80,-148,2357
12609490,7365,508946877,54080198,1669,-5724,12,6283,293144750,2115,293144760,2115,141,-8,59,-53,2419,57,-113,2415
12619740,7364,508946884,54080158,1670,-5724,13,6283,293144750,2115,293144770,2115,141,-9,23,-90,2441,22,-150,2437
12629482,7363,508946892,54080118,1671,-5724,13,6283,293144750,2115,293144780,2115,141,-9,8,-35,2439,7,-95,2436
12639502,7362,508946899,54080078,1672,-5724,14,6283,293144750,2115,293144790,2115,142,-9,9,-44,2440,8,-105,2437
12650088,7361,508946907,54080037,1673,-5724,14,6283,293144750,2115,293144800,2115,142,-9,70,-98,2483,69,-160,2478
12659532,7360,508946914,54079997,1674,-5724,14,6283,293144800,2115,293144810,2115,142,-9,92,-60,2459,90,-121,2455
12669465,7359,508946922,54079957,1676,-5724,15,6283,293144800,2115,293144820,2115,143,-9,64,-107,2433,63,-168,2428
12679482,7358,508946929,54079917,1677,-5725,16,6283,293144800,2115,293144830,2115,143,-9,72,-62,2447,70,-123,2443
12689494,7357,508946937,54079877,1678,-5725,17,6283,293144800,2115,293144840,2115,144,-10,40,-79,2357,38,-138,2353
12699468,7356,508946944,54079837,1679,-5725,17,6283,293144800,2115,293144850,2115,144,-10,28,-76,2459,26,-138,2454
12710134,7355,508946952,54079796,1680,-5725,18,6283,293144850,2115,293144860,2115,144,-10,41,-48,2391,38,-108,2388
12719480,7354,508946960,54079756,1681,-5725,18,6283,293144850,2115,293144870,2115,144,-10,68,-109,2461,66,-171,2456
12729492,7353,508946967,54079716,1682,-5725,19,6283,293144850,2115,293144880,2115,144,-10,101,-20,2434,98,-81,2431
12739503,7352,508946975,54079676,1684,-5725,19,6283,293144850,2115,293144890,2115,144,-10,84,-118,2480,82,-180,2475
12749464,7351,508946982,54079636,1685,-5726,19,6283,293144850,2115,293144900,2115,144,-10,64,-86,2554,62,-150,2550
12759512,7350,508946990,54079596,1686,-5726,19,6283,293144900,2115,293144910,2115,144,-10,23,-48,2464,21,-110,2460
12770223,7350,508946997,54079555,1686,-5725,19,6283,293144900,2115,293144920,2115,144,-10,1,-12,2519,-1,-75,2516
12779463,7349,508947005,54079515,1688,-5725,19,6283,293144900,2115,293144930,2115,144,-10,49,-100,2469,47,-162,2463
12789516,7348,508947013,54079475,1689,-5726,19,6283,293144900,2115,293144940,2115,144,-10,83,-75,2504,81,-138,2500
12799498,7347,508947020,54079435,1690,-5726,20,6283,293144900,2115,293144950,2115,143,-10,120,-37,2425,118,-98,2421
12809527,7346,508947028,54079395,1691,-5726,20,6283,293144950,2115,293144960,2115,143,-10,65,-73,2416,63,-133,2412
12819489,7345,508947035,54079355,1692,-5727,21,6283,293144950,2115,293144970,2115,142,-10,53,-52,2439,51,-113,2435
12829466,7344,508947043,54079314,1693,-5727,21,6283,293144950,2115,293144980,2115,142,-10,32,-82,2458,30,-144,2454
12839489,7343,508947051,54079274,1694,-5726,21,6283,293144950,2115,293144990,2115,142,-11,24,-45,2551,22,-108,2548
12849901,7343,508947058,54079234,1695,-5727,21,6283,293144950,2115,293145000,2115,141,-11,75,-40,2498,72,-102,2494
12859498,7342,508947066,54079194,1696,-5727,21,6283,293144950,2115,293145010,2115,141,-11,87,-80,2539,84,-142,2534
12869552,7341,508947073,54079154,1697,-5727,21,6283,293145000,2115,293145020,2115,141,-12,91,-46,2532,88,-108,2529
12879476,7340,508947081,54079114,1698,-5728,20,6283,293145000,2115,293145030,2115,141,-12,47,-74,2598,44,-138,2594
12889479,7339,508947089,54079073,1700,-5727,20,6283,293145000,2115,293145040,2115,141,-12,32,-116,2529,29,-178,2524
12899469,7338,508947096,54079033,1700,-5727,19,6283,293145000,2115,293145050,2115,141,-13,15,-7,2537,12,-70,2534
12909506,7337,508947104,54078993,1701,-5727,19,6283,293145050,2115,293145060,2115,141,-13,37,-6,2538,33,-69,2535
12919508,7336,508947112,54078953,1703,-5728,19,6283,293145050,2115,293145070,2115,141,-13,104,-128,2575,100,-191,2570
12929522,7335,508947119,54078913,1704,-5728,18,6283,293145050,2115,293145080,2115,141,-14,99,-81,2618,95,-146,2614
12939478,7334,508947127,54078873,1705,-5729,17,6283,293145050,2115,293145090,2115,142,-15,114,-59,2577,110,-123,2573
12950091,7333,508947135,54078832,1706,-5729,16,6283,293145050,2115,293145100,2115,142,-15,28,-42,2605,23,-107,2602
12959504,7332,508947142,54078792,1707,-5728,16,6283,293145050,2115,293145110,2115,142,-16,15,-86,2585,11,-150,2580
12969512,7331,508947150,54078752,1708,-5728,15,6283,293145100,2115,293145120,2115,142,-16,17,-74,2617,12,-140,2613
12980063,7331,508947158,54078712,1709,-5728,14,6283,293145100,2115,293145130,2115,143,-17,25,-28,2612,20,-94,2608
12989476,7330,508947165,54078672,1710,-5728,13,6283,293145100,2115,293145140,2115,143,-17,81,-107,2657,76,-173,2652
12999615,7329,508947173,54078631,1712,-5728,12,6283,293145100,2115,293145150,2115,143,-18,66,-88,2594,60,-153,2590
13010295,7328,508947181,54078591,1712,-5728,11,6283,293145150,2115,293145160,2115,143,-18,54,-43,2603,48,-108,2599
13019476,7327,508947188,54078551,1713,-5729,10,6283,293145150,2115,293145170,2115,144,-19,52,-39,2627,45,-105,2624
13029508,7326,508947196,54078511,1715,-5729,10,6283,293145150,2115,293145180,2115,144,-19,94,-112,2594,88,-177,2589
13039502,7325,508947204,54078471,1716,-5729,9,6283,293145150,2115,293145190,2115,145,-19,48,-62,2553,42,-127,2549
13049516,7324,508947212,54078430,1717,-5729,8,6283,293145150,2115,293145200,2115,145,-19,22,-28,2634,16,-95,2631
13059935,7324,508947219,54078390,1718,-5729,7,6283,293145150,2115,293145210,2115,145,-19,68,-99,2623,62,-165,2618
13069499,7323,508947227,54078350,1719,-5729,6,6283,293145200,2115,293145220,2115,146,-19,125,-50,2645,119,-117,2642
13079523,7322,508947235,54078310,1721,-5730,5,6283,293145200,2115,293145230,2115,146,-19,137,-97,2661,131,-164,2656
13089471,7321,508947243,54078270,1721,-5731,4,6283,293145200,2115,293145240,2115,146,-18,120,42,2613,113,-24,2611
13099474,7320,508947250,54078230,1723,-5731,4,6283,293145200,2115,293145250,2115,146,-18,82,-145,2523,76,-209,2517
13109498,7319,508947258,54078189,1724,-5731,4,6283,293145250,2115,293145260,2115,147,-18,43,-88,2527,38,-153,2522
13119490,7318,508947266,54078149,1725,-5731,4,6283,293145250,2115,293145270,2115,147,-17,33,-24,2453,27,-88,2450
13129507,7318,508947274,54078109,1726,-5732,5,6283,293145250,2115,293145280,2115,147,-16,143,-29,2471,138,-92,2468
13139473,7317,508947281,54078069,1727,-5732,5,6283,293145250,2115,293145290,2115,148,-16,128,-81,2474,123,-144,2470
13149506,7316,508947289,54078028,1729,-5733,5,6283,293145250,2115,293145300,2115,148,-15,165,-71,2498,161,-135,2494
13159579,7315,508947297,54077988,1730,-5734,5,6283,293145300,2115,293145310,2115,148,-15,139,-48,2527,135,-113,2524
13169475,7314,508947305,54077948,1731,-5735,5,6283,293145300,2115,293145320,2115,148,-14,104,-31,2507,100,-96,2503
13179781,7313,508947312,54077908,1732,-5735,5,6283,293145300,2115,293145330,2115,148,-14,58,-87,2467,54,-151,2462
13189480,7313,508947320,54077868,1733,-5735,6,6283,293145300,2115,293145340,2115,149,-13,27,-25,2356,24,-86,2353
13199520,7312,508947328,54077827,1733,-5735,7,6283,293145300,2115,293145350,2115,149,-12,81,11,2444,78,-52,2442
13209497,7311,508947336,54077787,1735,-5736,7,6283,293145300,2115,293145360,2115,149,-11,137,-79,2390,135,-141,2385
13219474,7310,508947344,54077747,1736,-5737,8,6283,293145350,2115,293145370,2115,149,-10,185,-77,2412,183,-140,2408
13229512,7309,508947351,54077707,1737,-5738,9,6283,293145350,2115,293145380,2115,150,-10,139,-19,2382,137,-81,2379
13239463,7308,508947359,54077666,1738,-5738,10,6283,293145350,2115,293145390,2115,150,-9,92,-57,2368,90,-119,2364
13249475,7307,508947367,54077626,1739,-5738,11,6283,293145350,2115,293145400,2115,150,-9,74,-42,2372,72,-104,2369
13259512,7307,508947375,54077586,1740,-5738,12,6283,293145350,2115,293145410,2115,150,-9,54,-80,2364,52,-142,2359
13269515,7306,508947383,54077546,1741,-5739,13,6283,293145400,2115,293145420,2115,151,-8,92,-24,2389,91,-87,2385
13279496,7305,508947390,54077505,1742,-5740,15,6283,293145400,2115,293145430,2115,151,-8,157,-27,2335,156,-89,2332
13289493,7304,508947398,54077465,1743,-5741,15,6283,293145400,2115,293145440,2115,151,-7,143,-45,2436,142,-109,2432
13299471,7303,508947406,54077425,1744,-5741,16,6283,293145400,2115,293145450,2115,151,-7,112,-44,2414,111,-107,2411
13309488,7302,508947414,54077385,1745,-5742,16,6283,293145400,2115,293145460,2115,152,-7,87,-73,2432,87,-137,2428
13319496,7301,508947422,54077344,1747,-5742,17,6283,293145450,2115,293145470,2115,152,-7,55,-92,2390,54,-156,2385
13330386,7300,508947430,54077304,1747,-5742,19,6284,293145450,2115,293145480,2115,152,-7,70,6,2325,69,-56,2323
13340023,7299,508947437,54077264,1748,-5743,20,6284,293145450,2115,293145490,2115,152,-7,112,-16,2352,111,-79,2350
13349475,7298,508947445,54077223,1750,-5743,21,6284,293145450,2115,293145500,2115,153,-7,121,-104,2406,120,-168,2401
13359505,7297,508947453,54077183,1751,-5744,21,6284,293145450,2115,293145510,2115,153,-7,132,-79,2439,131,-144,2434
13369868,7297,508947461,54077143,1752,-5745,22,6284,293145500,2115,293145520,2115,153,-8,140,10,2438,138,-55,2436
13379483,7296,508947469,54077103,1753,-5745,22,6284,293145500,2115,293145530,2115,154,-8,70,-60,2418,68,-125,2414
13389497,7295,508947477,54077062,1754,-5745,23,6284,293145500,2115,293145540,2115,154,-9,53,-77,2404,52,-142,2400
13399622,7294,508947485,54077022,1755,-5745,24,6284,293145500,2115,293145550,2115,154,-10,75,-46,2419,73,-112,2415
13409523,7293,508947493,54076982,1756,-5746,24,6284,293145500,2115,293145560,2115,154,-10,97,-44,2504,95,-112,2500
13419490,7292,508947501,54076941,1757,-5747,24,6284,293145550,2115,293145570,2115,155,-11,144,-53,2501,141,-120,2497
13429503,7291,508947508,54076901,1759,-5747,24,6284,293145550,2115,293145580,2115,155,-12,131,-78,2460,128,-144,2455
13439495,7290,508947516,54076861,1760,-5748,25,6284,293145550,2115,293145590,2115,155,-12,105,-83,2474,102,-150,2470
13449472,7289,508947524,54076820,1761,-5748,25,6284,293145550,2115,293145600,2115,155,-13,71,-25,2494,67,-92,2491
13459526,7288,508947532,54076780,1762,-5748,25,6284,293145550,2115,293145610,2115,155,-14,68,-89,2483,64,-156,2478
13469546,7287,508947540,54076740,1763,-5748,24,6284,293145600,2115,293145620,2115,155,-15,71,13,2548,66,-56,2546
13479537,7286,508947548,54076699,1764,-5749,24,6284,293145600,2115,293145630,2115,155,-16,110,-75,2515,106,-143,2511
13489490,7285,508947556,54076659,1765,-5749,24,6284,293145600,2115,293145640,2115,155,-17,127,-95,2558,122,-164,2553
13499468,7285,508947564,54076619,1767,-5750,24,6284,293145600,2115,293145650,2115,155,-17,115,-39,2526,110,-108,2523
13509497,7284,508947572,54076578,1767,-5750,24,6284,293145600,2115,293145660,2115,155,-18,61,12,2525,55,-56,2523
13519490,7283,508947580,54076538,1768,-5750,23,6284,293145650,2115,293145670,2115,155,-18,53,-93,2526,47,-161,2520
13529479,7282,508947588,54076498,1769,-5750,23,6284,293145650,2115,293145680,2115,155,-18,55,-53,2570,49,-123,2566
13539508,7281,508947596,54076457,1770,-5751,22,6284,293145650,2115,293145690,2115,155,-19,80,-16,2647,74,-88,2644
13549500,7281,508947604,54076417,1771,-5751,21,6284,293145650,2115,293145700,2115,154,-19,88,-54,2597,81,-124,2593
13559509,7280,508947612,54076377,1773,-5752,20,6284,293145650,2115,293145710,2115,154,-19,117,-58,2656,111,-129,2652
13569488,7279,508947620,54076336,1774,-5752,19,6284,293145700,2115,293145720,2115,155,-19,129,-67,2571,123,-136,2567
13579470,7278,508947628,54076296,1775,-5753,19,6284,293145700,2115,293145730,2115,154,-19,79,-11,2549,72,-80,2546
13589923,7278,508947636,54076256,1775,-5753,19,6284,293145700,2115,293145740,2115,154,-19,45,-2,2477,39,-69,2474
13599524,7277,508947644,54076215,1777,-5753,19,6284,293145700,2115,293145750,2115,154,-19,36,-106,2546,30,-175,2540
13609491,7276,508947652,54076175,1777,-5753,19,6284,293145700,2115,293145760,2115,154,-19,95,-5,2464,88,-72,2462
13619494,7276,508947659,54076135,1778,-5754,19,6284,293145750,2115,293145770,2115,153,-19,153,-23,2548,147,-91,2545
13629511,7275,508947667,54076094,1779,-5755,18,6284,293145750,2115,293145780,2115,153,-19,150,-26,2605,144,-95,2602
13639510,7275,508947675,54076054,1781,-5755,17,6284,293145750,2115,293145790,2115,153,-19,117,-52,2591,110,-121,2587
13649464,7274,508947683,54076013,1781,-5756,16,6284,293145750,2115,293145800,2115,152,-19,86,-7,2664,79,-78,2661
13659483,7273,508947692,54075973,1782,-5756,16,6284,293145750,2115,293145810,2115,153,-19,9,-34,2590,3,-103,2586
13669515,7273,508947700,54075933,1783,-5756,15,6284,293145800,2115,293145820,2115,152,-19,40,-41,2594,34,-110,2591
13679477,7272,508947708,54075892,1784,-5756,15,6284,293145800,2115,293145830,2115,152,-19,62,-61,2495,56,-127,2491
13689481,7272,508947716,54075852,1784,-5756,14,6284,293145800,2115,293145840,2115,152,-19,103,73,2579,96,4,2579
13699494,7271,508947724,54075812,1785,-5757,14,6284,293145800,2115,293145850,2115,152,-18,152,2,2589,146,-66,2587
13710021,7270,508947732,54075771,1787,-5758,13,6284,293145800,2115,293145860,2115,152,-18,143,-91,2628,137,-161,2623
13719517,7270,508947740,54075731,1787,-5758,12,6284,293145850,2115,293145870,2115,152,-18,50,16,2608,43,-53,2606
13729476,7269,508947748,54075690,1788,-5758,12,6284,293145850,2115,293145880,2115,152,-18,46,-22,2527,40,-89,2524
13739618,7269,508947756,54075650,1788,-5758,11,6284,293145850,2115,293145890,2115,153,-18,25,-14,2579,19,-83,2576
13750015,7268,508947764,54075610,1790,-5759,11,6284,293145850,2115,293145900,2115,153,-17,89,-65,2476,84,-131,2471
13759466,7268,508947772,54075569,1790,-5759,11,6284,293145850,2115,293145910,2115,153,-17,68,-10,2569,63,-78,2566
13769507,7267,508947780,54075529,1791,-5760,10,6284,293145900,2115,293145920,2115,153,-16,134,54,2574,129,-15,2573
13779469,7266,508947788,54075488,1792,-5760,9,6284,293145900,2115,293145930,2115,154,-16,135,-61,2620,130,-131,2616
13789504,7266,508947796,54075448,1794,-5761,9,6284,293145900,2115,293145940,2115,155,-15,99,-130,2550,95,-198,2544
13799488,7265,508947804,54075408,1794,-5761,9,6284,293145900,2115,293145950,2115,156,-15,37,29,2545,32,-41,2543
13809623,7265,508947812,54075367,1794,-5761,9,6284,293145900,2115,293145960,2115,156,-15,17,58,2501,13,-11,2500
13819497,7264,508947820,54075327,1795,-5761,9,6284,293145950,2115,293145970,2115,157,-14,80,-60,2505,76,-129,2501
13829505,7264,508947828,54075286,1797,-5762,8,6284,293145950,2115,293145980,2115,158,-14,111,-70,2550,107,-140,2546
13839460,7263,508947836,54075246,1798,-5762,8,6284,293145950,2115,293145990,2115,159,-13,141,-18,2522,137,-88,2519
13849483,7263,508947844,54075205,1798,-5763,8,6284,293145950,2115,293146000,2115,160,-13,110,29,2562,106,-43,2560
13860623,7262,508947852,54075165,1799,-5764,7,6284,293145950,2115,293146010,2115,161,-14,110,-48,2548,106,-120,2544
13869534,7262,508947861,54075125,1800,-5764,7,6284,293146000,2115,293146020,2115,162,-14,72,-56,2596,68,-130,2592
13879514,7261,508947869,54075084,1801,-5764,7,6284,293146000,2115,293146030,2115,163,-14,40,0,2477,36,-71,2474
13889679,7261,508947877,54075044,1802,-5764,7,6284,293146000,2115,293146040,2115,164,-14,58,24,2470,53,-47,2468
13899474,7260,508947885,54075003,1802,-5765,7,6284,293146000,2115,293146050,2115,164,-15,85,3,2511,80,-69,2508
13910380,7260,508947893,54074963,1804,-5765,7,6284,293146000,2115,293146060,2115,165,-15,153,-110,2540,148,-183,2534
13919519,7259,508947901,54074922,1805,-5766,6,6284,293146050,2115,293146070,2115,166,-15,125,27,2571,120,-47,2569
13929500,7259,508947909,54074882,1805,-5767,6,6284,293146050,2115,293146080,2115,167,-16,73,35,2515,68,-39,2513
13939472,7258,508947917,54074842,1806,-5767,6,6284,293146050,2115,293146090,2115,168,-16,32,-44,2575,26,-120,2571
13949500,7258,508947925,54074801,1807,-5767,5,6284,293146050,2115,293146100,2115,169,-17,38,-23,2532,33,-98,2528
13959746,7257,508947934,54074761,1807,-5767,5,6284,293146050,2115,293146110,2115,169,-17,76,6,2579,71,-70,2576
13969632,7257,508947942,54074720,1808,-5767,5,6284,293146100,2115,293146120,2115,170,-17,98,12,2491,92,-62,2488
13980011,7256,508947950,54074680,1809,-5768,5,6284,293146100,2115,293146130,2115,171,-17,119,-31,2478,113,-105,2475
13989500,7256,508947958,54074639,1810,-5769,5,6284,293146100,2115,293146140,2115,171,-17,99,20,2536,93,-56,2534
13999483,7255,508947966,54074599,1811,-5769,5,6284,293146100,2115,293146150,2115,172,-17,73,5,2513,68,-70,2510
14009762,7255,508947974,54074558,1811,-5769,5,6284,293146100,2115,293146160,2115,173,-17,50,14,2512,45,-62,2510
14019811,7254,508947982,54074518,1812,-5769,5,6284,293146150,2115,293146170,2115,173,-18,58,4,2437,53,-69,2435
14029568,7253,508947990,54074477,1812,-5770,6,6284,293146150,2115,293146180,2115,174,-18,64,-2,2460,59,-76,2457
14040104,7253,508947999,54074437,1814,-5770,6,6284,293146150,2115,293146190,2115,174,-17,102,-44,2421,97,-118,2417
14049527,7252,508948007,54074396,1814,-5771,6,6284,293146150,2115,293146200,2115,174,-17,120,-13,2494,115,-89,2491
14060721,7252,508948015,54074356,1815,-5771,7,6284,293146150,2115,293146210,2115,174,-17,80,41,2431,74,-33,2430
14070087,7251,508948023,54074315,1816,-5771,7,6284,293146200,2115,293146220,2115,174,-17,63,-5,2456,57,-80,2453
14079556,7251,508948031,54074275,1816,-5771,8,6284,293146200,2115,293146230,2115,174,-17,19,12,2445,14,-63,2442
14089484,7250,508948039,54074234,1816,-5772,8,6284,293146200,2115,293146240,2115,174,-16,60,55,2431,55,-19,2430
14100282,7250,508948048,54074194,1818,-5772,9,6284,293146200,2115,293146250,2115,174,-16,70,-60,2455,65,-135,2450
14109725,7249,508948056,54074153,1818,-5772,9,6284,293146200,2115,293146260,2115,174,-15,89,-10,2400,85,-83,2397
14119627,7248,508948064,54074113,1819,-5773,10,6284,293146250,2115,293146270,2115,174,-14,90,72,2425,86,-2,2425
14130327,7248,508948072,54074072,1819,-5773,11,6284,293146250,2115,293146280,2115,174,-14,91,-24,2395,87,-96,2391
14139496,7247,508948080,54074032,1820,-5773,12,6284,293146250,2115,293146290,2115,174,-13,28,-27,2390,25,-100,2386
14149477,7247,508948088,54073991,1821,-5774,13,6284,293146250,2115,293146300,2115,174,-13,44,4,2395,40,-69,2392
14160523,7246,508948097,54073951,1821,-5774,13,6284,293146250,2115,293146310,2115,173,-12,53,55,2401,50,-18,2400
14169618,7246,508948105,54073910,1822,-5774,14,6284,293146300,2115,293146320,2115,172,-12,102,-42,2398,99,-114,2394
14179538,7245,508948113,54073870,1823,-5775,15,6284,293146300,2115,293146330,2115,171,-11,130,-35,2409,127,-106,2405
14189997,7244,508948121,54073829,1824,-5775,16,6284,293146300,2115,293146340,2115,170,-11,48,54,2375,45,-17,2374
14199489,7244,508948129,54073789,1824,-5776,17,6284,293146300,2115,293146350,2115,169,-10,71,-4,2400,68,-75,2397
14210246,7243,508948138,54073748,1825,-5776,17,6284,293146300,2115,293146360,2115,168,-10,38,-24,2438,36,-95,2434
14220204,7243,508948146,54073708,1826,-5776,18,6284,293146350,2115,293146370,2115,167,-9,33,-22,2420,31,-93,2416
14229562,7242,508948154,54073667,1826,-5776,19,6284,293146350,2115,293146380,2115,166,-9,94,47,2400,91,-22,2399
14239488,7241,508948162,54073627,1826,-5777,20,6284,293146350,2115,293146390,2115,164,-9,74,83,2325,72,17,2325
14250096,7240,508948170,54073586,1827,-5778,21,6284,293146350,2115,293146400,2115,164,-8,85,43,2423,84,-26,2422
14259792,7239,508948179,54073546,1827,-5778,22,6284,293146350,2115,293146410,2115,163,-8,43,48,2417,42,-21,2415
14269646,7239,508948187,54073505,1828,-5778,22,6284,293146400,2115,293146420,2115,163,-7,39,-59,2402,39,-128,2397
14279567,7238,508948195,54073465,1828,-5778,23,6284,293146400,2115,293146430,2115,163,-6,49,30,2433,49,-40,2431
14289468,7237,508948203,54073424,1829,-5779,23,6284,293146400,2115,293146440,2115,163,-6,74,37,2434,73,-32,2432
14299480,7236,508948212,54073384,1829,-5779,24,6284,293146400,2115,293146450,2115,162,-5,51,-4,2462,51,-74,2459
14309655,7235,508948220,54073343,1830,-5779,24,6284,293146400,2115,293146460,2115,161,-4,47,-65,2441,47,-134,2436
14319619,7234,508948228,54073302,1832,-5779,25,6284,293146450,2115,293146470,2115,161,-3,48,-81,2416,50,-149,2411
14329536,7234,508948236,54073262,1832,-5779,26,6284,293146450,2115,293146480,2115,161,-2,62,-8,2403,63,-75,2400
14339900,7233,508948244,54073221,1833,-5779,26,6284,293146450,2115,293146490,2115,160,-1,43,-62,2415,44,-130,2410
14349788,7233,508948253,54073181,1834,-5779,27,6285,293146450,2115,293146500,2115,160,0,49,-26,2388,51,-93,2384
14359727,7232,508948261,54073140,1834,-5780,28,6285,293146450,2115,293146510,2115,160,0,58,81,2369,60,15,2369
14369818,7231,508948269,54073100,1835,-5780,29,6285,293146500,2115,293146520,2115,160,1,67,-48,2431,70,-116,2427
14379567,7231,508948277,54073059,1837,-5780,30,6285,293146500,2115,293146530,2115,160,2,94,-109,2430,97,-177,2424
14389496,7230,508948286,54073019,1838,-5780,30,6285,293146500,2115,293146540,2115,160,2,45,-20,2414,48,-87,2411
14399970,7230,508948294,54072978,1838,-5781,31,6285,293146500,2115,293146550,2115,160,3,56,34,2445,59,-34,2443
14409713,7229,508948302,54072938,1839,-5781,31,6285,293146500,2115,293146560,2115,160,3,65,16,2424,68,-52,2422
14419622,7229,508948311,54072897,1839,-5781,32,6285,293146550,2115,293146570,2115,161,3,37,-55,2433,41,-123,2429
14429769,7228,508948319,54072856,1840,-5781,32,6285,293146550,2115,293146580,2115,161,3,44,-8,2505,47,-78,2502
14439489,7228,508948327,54072816,1841,-5782,32,6285,293146550,2115,293146590,2115,161,3,53,-31,2512,56,-102,2508
14450078,7228,508948335,54072775,1842,-5782,32,6285,293146550,2115,293146600,2115,160,3,70,18,2499,73,-52,2496
14460399,7228,508948344,54072735,1842,-5782,32,6285,293146550,2115,293146610,2115,160,3,58,-13,2490,61,-82,2487
14469632,7227,508948352,54072694,1843,-5782,32,6285,293146600,2115,293146620,2115,160,2,53,-17,2543,56,-88,2539
14479581,7227,508948360,54072653,1844,-5783,32,6285,293146600,2115,293146630,2115,160,2,25,16,2507,28,-54,2505
14490252,7227,508948368,54072613,1844,-5783,31,6285,293146600,2115,293146640,2115,160,1,58,-23,2569,60,-95,2565
14499471,7227,508948377,54072572,1845,-5783,31,6285,293146600,2115,293146650,2115,160,0,25,69,2565,26,-3,2564
14509752,7226,508948385,54072532,1845,-5783,30,6285,293146600,2115,293146660,2115,160,-1,70,37,2540,71,-35,2538
14520439,7226,508948393,54072491,1846,-5783,30,6285,293146650,2115,293146670,2115,160,-1,41,-56,2586,43,-128,2581
14529558,7226,508948402,54072450,1846,-5784,29,6285,293146650,2115,293146680,2115,159,-2,20,56,2584,21,-17,2583
14539503,7226,508948410,54072410,1847,-5784,28,6285,293146650,2115,293146690,2115,159,-3,98,20,2643,98,-53,2641
14549709,7226,508948418,54072369,1847,-5784,28,6285,293146650,2115,293146700,2115,159,-4,47,37,2568,47,-35,2566
14559729,7226,508948427,54072329,1848,-5784,26,6285,293146650,2115,293146710,2115,159,-5,20,4,2640,19,-69,2637
14569629,7226,508948435,54072288,1848,-5784,25,6285,293146700,2115,293146720,2115,159,-6,11,63,2642,9,-11,2641
14579884,7225,508948443,54072247,1848,-5785,24,6285,293146700,2115,293146730,2115,159,-7,29,30,2685,27,-45,2683
14589492,7225,508948451,54072207,1849,-5785,23,6285,293146700,2115,293146740,2115,159,-8,87,16,2678,85,-59,2676
14599493,7226,508948460,54072166,1849,-5785,22,6285,293146700,2115,293146750,2115,159,-9,39,38,2546,37,-33,2545
14609959,7226,508948468,54072126,1849,-5786,21,6285,293146700,2115,293146760,2115,159,-10,40,120,2619,37,47,2620
14619647,7226,508948476,54072085,1849,-5786,20,6285,293146750,2115,293146770,2115,159,-11,14,14,2655,11,-60,2652
14629563,7226,508948485,54072044,1850,-5786,18,6285,293146750,2115,293146780,2115,159,-11,32,35,2752,28,-42,2750
14639475,7226,508948493,54072004,1850,-5786,17,6285,293146750,2115,293146790,2115,159,-12,28,83,2678,24,8,2677
14649498,7226,508948501,54071963,1850,-5786,16,6285,293146750,2115,293146800,2115,159,-13,65,34,2659,61,-40,2658
14659726,7226,508948510,54071922,1851,-5786,15,6285,293146750,2115,293146810,2115,160,-13,20,16,2600,16,-56,2597
14669982,7226,508948518,54071882,1849,-5786,14,6285,293146800,2115,293146820,2115,159,-13,36,129,2647,31,54,2648
14679561,7227,508948526,54071841,1849,-5787,12,6285,293146800,2115,293146830,2115,160,-13,59,59,2697,54,-16,2696
14689494,7227,508948535,54071800,1850,-5787,11,6285,293146800,2115,293146840,2115,160,-13,60,26,2629,55,-48,2627
14699480,7227,508948543,54071760,1849,-5787,10,6285,293146800,2115,293146850,2115,160,-13,6,83,2584,1,10,2584
14709529,7227,508948551,54071719,1849,-5787,10,6285,293146800,2115,293146860,2115,161,-13,18,116,2599,14,43,2599
14719623,7227,508948560,54071678,1848,-5788,9,6285,293146850,2115,293146870,2115,161,-13,45,87,2621,40,13,2621
14729560,7228,508948568,54071638,1849,-5788,8,6285,293146850,2115,293146880,2115,162,-12,86,11,2578,82,-62,2575
14739473,7228,508948576,54071597,1849,-5788,7,6285,293146850,2115,293146890,2115,162,-12,35,48,2605,31,-26,2604
14749480,7228,508948584,54071556,1849,-5789,6,6285,293146850,2115,293146900,2115,163,-11,43,92,2610,40,18,2610
14760308,7228,508948593,54071516,1849,-5789,6,6285,293146850,2115,293146910,2115,164,-11,34,126,2586,31,52,2586
14769656,7229,508948601,54071475,1847,-5790,5,6285,293146900,2115,293146920,2115,165,-10,47,86,2564,44,12,2564
14779568,7229,508948609,54071434,1848,-5790,5,6285,293146900,2115,293146930,2115,166,-10,67,-35,2511,65,-108,2507
14790271,7229,508948618,54071394,1848,-5790,5,6285,293146900,2115,293146940,2115,166,-10,49,152,2490,47,80,2491
14799489,7229,508948626,54071353,1848,-5791,5,6285,293146900,2115,293146950,2115,167,-9,43,78,2392,41,8,2391
14809898,7230,508948634,54071312,1848,-5791,6,6285,293146900,2115,293146960,2115,168,-9,48,35,2486,45,-38,2484
14820116,7230,508948643,54071271,1849,-5792,7,6285,293146950,2115,293146970,2115,168,-9,62,80,2434,60,9,2434
14829576,7230,508948651,54071231,1848,-5793,7,6285,293146950,2115,293146980,2115,169,-8,61,144,2487,59,71,2489
14839499,7231,508948659,54071190,1848,-5793,6,6285,293146950,2115,293146990,2115,169,-9,41,75,2533,39,-1,2532
14849492,7231,508948667,54071149,1849,-5793,6,6285,293146950,2115,293147000,2115,170,-9,84,39,2571,82,-37,2569
14859723,7231,508948676,54071109,1849,-5794,6,6285,293146950,2115,293147010,2115,170,-9,18,121,2506,16,46,2506
14869646,7232,508948684,54071068,1849,-5795,7,6285,293147000,2115,293147020,2115,171,-8,27,144,2459,24,70,2460
14879568,7232,508948692,54071027,1849,-5795,7,6285,293147000,2115,293147030,2115,171,-8,52,29,2456,50,-45,2454
14889475,7232,508948701,54070986,1850,-5795,8,6285,293147000,2115,293147040,2115,171,-8,40,43,2390,39,-29,2388
14899482,7233,508948709,54070946,1849,-5796,9,6285,293147000,2115,293147050,2115,171,-8,45,208,2420,42,135,2424
14910189,7233,508948717,54070905,1848,-5796,9,6285,293147000,2115,293147060,2115,172,-8,44,142,2421,42,69,2422
14919628,7233,508948726,54070864,1849,-5796,9,6285,293147050,2115,293147070,2115,172,-8,51,52,2477,49,-22,2475
14930339,7233,508948734,54070823,1849,-5797,9,6285,293147050,2115,293147080,2115,171,-8,60,123,2413,57,50,2414
14939471,7234,508948742,54070783,1849,-5797,10,6285,293147050,2115,293147090,2115,171,-8,47,128,2448,44,55,2449
14949496,7234,508948751,54070742,1849,-5798,10,6285,293147050,2115,293147100,2115,171,-9,56,102,2437,54,29,2437
14959751,7234,508948759,54070701,1848,-5798,11,6285,293147050,2115,293147110,2115,171,-9,40,119,2420,38,47,2421
14969642,7235,508948767,54070660,1849,-5798,10,6285,293147100,2115,293147120,2115,171,-9,21,147,2457,19,73,2459
14979557,7235,508948775,54070620,1849,-5798,11,6285,293147100,2115,293147130,2115,171,-8,18,115,2396,15,44,2397
14989480,7235,508948784,54070579,1848,-5798,12,6285,293147100,2115,293147140,2115,171,-8,42,116,2420,40,44,2421
14999495,7235,508948792,54070538,1848,-5799,12,6285,293147100,2115,293147150,2115,170,-8,56,98,2407,54,27,2407
15011261,7236,508948800,54070498,1847,-5799,13,6285,293147100,2115,293147160,2115,170,-8,43,216,2433,41,144,2437
15019622,7236,508948809,54070457,1848,-5799,13,6285,293147150,2115,293147170,2115,170,-8,76,32,2416,75,-40,2414
15029559,7236,508948817,54070416,1848,-5800,14,6285,293147150,2115,293147180,2115,169,-8,43,55,2440,41,-17,2439
15039496,7236,508948825,54070375,1846,-5800,15,6285,293147150,2115,293147190,2115,169,-7,-8,240,2301,-10,171,2306
15049494,7236,508948834,54070335,1846,-5800,16,6285,293147150,2115,293147200,2115,169,-7,36,142,2387,34,71,2389
15059842,7237,508948842,54070294,1846,-5801,17,6285,293147150,2115,293147210,2115,169,-7,36,42,2424,35,-29,2423
15069633,7237,508948850,54070253,1846,-5802,18,6285,293147200,2115,293147220,2115,168,-6,91,90,2404,90,19,2404
15079567,7237,508948858,54070212,1845,-5803,19,6285,293147200,2115,293147230,2115,168,-6,78,204,2424,76,133,2427
15089478,7237,508948867,54070171,1845,-5803,19,6285,293147200,2115,293147240,2115,168,-7,40,89,2387,39,18,2387
15099488,7237,508948875,54070131,1845,-5804,20,6285,293147200,2115,293147250,2115,168,-7,35,53,2442,34,-19,2441
15110962,7238,508948883,54070090,1845,-5804,20,6285,293147200,2115,293147260,2115,168,-7,13,111,2428,11,40,2428
15119651,7238,508948892,54070049,1844,-5805,21,6285,293147250,2115,293147270,2115,167,-7,19,194,2470,16,121,2473
15129570,7238,508948900,54070008,1844,-5805,22,6285,293147250,2115,293147280,2115,167,-8,50,76,2399,49,5,2398
15139509,7239,508948908,54069967,1845,-5806,22,6285,293147250,2115,293147290,2115,167,-8,70,15,2466,68,-57,2464
15150021,7239,508948916,54069927,1844,-5806,23,6285,293147250,2115,293147300,2115,167,-9,53,180,2441,50,109,2443
15159738,7239,508948925,54069886,1843,-5807,23,6285,293147250,2115,293147310,2115,167,-9,60,159,2472,57,87,2474
15170170,7240,508948933,54069845,1843,-5808,22,6285,293147300,2115,293147320,2115,167,-10,31,107,2538,28,33,2538
15180245,7240,508948941,54069804,1843,-5808,23,6285,293147300,2115,293147330,2115,168,-10,16,55,2485,13,-18,2484
15189513,7240,508948950,54069763,1843,-5808,23,6285,293147300,2115,293147340,2115,168,-11,13,100,2485,9,27,2485
15199489,7241,508948958,54069722,1843,-5808,23,6285,293147300,2115,293147350,2115,168,-11,22,171,2486,19,97,2489
15210386,7241,508948966,54069682,1842,-5809,22,6285,293147300,2115,293147360,2115,168,-11,45,111,2554,42,35,2554
15219635,7241,508948974,54069640,1843,-5809,21,6285,293147350,2115,293147370,2115,168,-12,67,81,2569,63,6,2568
15229551,7242,508948983,54069599,1842,-5809,21,6285,293147350,2115,293147380,2115,169,-12,46,132,2584,42,56,2585
15239469,7242,508948991,54069559,1842,-5809,20,6285,293147350,2115,293147390,2115,169,-12,29,108,2574,25,32,2574
15249508,7243,508948999,54069518,1842,-5810,20,6285,293147350,2115,293147400,2115,169,-13,15,127,2543,11,51,2544
15259756,7243,508949007,54069477,1841,-5810,20,6285,293147350,2115,293147410,2115,170,-13,-2,113,2522,-7,38,2522
15269704,7244,508949016,54069436,1841,-5809,20,6285,293147400,2115,293147420,2115,170,-13,59,111,2523,54,36,2523
15279577,7244,508949024,54069395,1841,-5809,19,6285,293147400,2115,293147430,2115,170,-13,52,136,2597,47,58,2598
15289486,7245,508949032,54069354,1841,-5810,18,6285,293147400,2115,293147440,2115,171,-13,70,63,2554,66,-13,2553
15299482,7245,508949041,54069314,1841,-5811,18,6285,293147400,2115,293147450,2115,171,-13,54,178,2561,50,101,2563
15309771,7246,508949049,54069273,1840,-5811,18,6285,293147400,2115,293147460,2115,171,-13,20,123,2550,15,46,2551
15319646,7246,508949057,54069231,1840,-5811,19,6285,293147450,2115,293147470,2115,172,-13,4,158,2573,-1,80,2575
15329565,7247,508949065,54069191,1840,-5811,18,6285,293147450,2115,293147480,2115,172,-13,26,130,2549,22,53,2550
15339523,7248,508949074,54069150,1840,-5812,17,6285,293147450,2115,293147490,2115,172,-13,75,69,2618,71,-10,2618
15349508,7248,508949082,54069109,1839,-5812,17,6285,293147450,2115,293147500,2115,172,-13,33,194,2568,29,116,2571
15359744,7249,508949090,54069068,1839,-5813,16,6285,293147450,2115,293147510,2115,172,-13,91,133,2626,86,54,2627
15369634,7250,508949098,54069027,1838,-5814,14,6286,293147500,2115,293147520,2115,172,-13,25,139,2571,20,61,2572
15379552,7250,508949107,54068986,1838,-5814,14,6286,293147500,2115,293147530,2115,172,-13,18,124,2588,13,46,2588
15389484,7251,508949115,54068945,1837,-5814,13,6286,293147500,2115,293147540,2115,172,-13,32,172,2565,27,95,2567
15399473,7252,508949123,54068904,1837,-5815,13,6286,293147500,2115,293147550,2115,172,-13,28,121,2541,24,45,2541
15410949,7252,508949131,54068864,1837,-5815,13,6286,293147500,2115,293147560,2115,171,-13,57,136,2548,53,60,2550
15419632,7253,508949140,54068822,1836,-5817,9,6286,293147550,2115,293147570,2115,170,-13,44,192,2575,39,115,2578
15429535,7254,508949148,54068781,1835,-5818,9,6286,293147550,2115,293147580,2115,170,-13,59,167,2599,54,90,2601
15439480,7255,508949156,54068740,1835,-5818,8,6286,293147550,2115,293147590,2115,169,-13,61,132,2623,57,54,2624
15449478,7255,508949164,54068700,1834,-5818,7,6286,293147550,2115,293147600,2115,169,-13,9,121,2548,5,45,2548
15459777,7256,508949173,54068659,1834,-5818,7,6286,293147550,2115,293147610,2115,168,-12,-10,163,2515,-14,88,2517
15469656,7257,508949181,54068617,1832,-5819,5,6286,293147600,2115,293147620,2115,167,-12,3,270,2501,-1,196,2506
15479569,7258,508949189,54068576,1832,-5819,4,6286,293147600,2115,293147630,2115,167,-11,57,88,2597,54,12,2597
15489493,7259,508949197,54068536,1832,-5820,4,6286,293147600,2115,293147640,2115,166,-11,64,125,2553,60,51,2554
15499485,7260,508949206,54068495,1831,-5821,3,6286,293147600,2115,293147650,2115,165,-10,64,268,2560,60,194,2564
15509758,7260,508949214,54068454,1830,-5821,3,6286,293147600,2115,293147660,2115,164,-10,54,146,2520,51,74,2521
15519640,7261,508949222,54068412,1830,-5822,2,6286,293147650,2115,293147670,2115,164,-9,0,100,2493,-2,28,2493
15529558,7262,508949230,54068372,1829,-5822,3,6286,293147650,2115,293147680,2115,163,-9,-25,216,2414,-28,146,2418
15539488,7262,508949239,54068331,1827,-5822,3,6286,293147650,2115,293147690,2115,163,-8,9,283,2465,6,213,2471
15549475,7263,508949247,54068290,1827,-5823,4,6286,293147650,2115,293147700,2115,162,-7,71,66,2420,70,-3,2419
15560031,7264,508949255,54068249,1827,-5824,4,6286,293147650,2115,293147710,2115,161,-6,104,156,2518,103,85,2520
15569629,7265,508949263,54068207,1825,-5826,4,6286,293147700,2115,293147720,2115,160,-6,46,276,2470,44,206,2475
15579552,7266,508949271,54068167,1824,-5826,5,6286,293147700,2115,293147730,2115,159,-5,55,181,2493,54,111,2495
15589533,7266,508949280,54068126,1823,-5827,5,6286,293147700,2115,293147740,2115,159,-4,-6,210,2420,-7,142,2423
15600332,7267,508949288,54068085,1823,-5827,6,6286,293147700,2115,293147750,2115,159,-4,-12,98,2389,-12,31,2389
15610873,7268,508949296,54068044,1822,-5827,6,6286,293147700,2115,293147760,2115,158,-3,44,253,2441,43,185,2446
15622008,7269,508949304,54068002,1822,-5827,7,6286,293147750,2115,293147770,2115,158,-3,74,160,2435,74,93,2437
15629582,7269,508949312,54067961,1821,-5828,7,6286,293147750,2115,293147780,2115,158,-3,68,158,2483,68,89,2484
15639472,7270,508949321,54067921,1820,-5829,8,6286,293147750,2115,293147790,2115,157,-3,47,236,2409,47,170,2413
15649482,7271,508949329,54067880,1820,-5829,8,6286,293147750,2115,293147800,2115,158,-3,57,157,2536,57,87,2537
15659733,7272,508949337,54067839,1819,-5830,8,6286,293147750,2115,293147810,2115,158,-3,25,143,2427,25,75,2428
15669651,7273,508949345,54067797,1818,-5830,10,6286,293147800,2115,293147820,2115,157,-3,6,214,2371,6,148,2374
15679548,7273,508949353,54067756,1817,-5831,11,6286,293147800,2115,293147830,2115,157,-4,31,192,2397,31,125,2399
15689478,7274,508949361,54067715,1816,-5831,11,6286,293147800,2115,293147840,2115,157,-4,50,155,2450,50,87,2451
15699510,7275,508949370,54067674,1816,-5832,11,6286,293147800,2115,293147850,2115,157,-4,62,171,2525,61,101,2526
15709725,7276,508949378,54067633,1815,-5833,11,6286,293147800,2115,293147860,2115,157,-5,50,217,2498,48,148,2501
15719627,7277,508949386,54067592,1814,-5833,12,6286,293147850,2115,293147870,2115,157,-6,48,215,2525,47,145,2529
15729572,7278,508949394,54067551,1813,-5833,12,6286,293147850,2115,293147880,2115,158,-7,22,109,2458,20,41,2459
15739472,7278,508949402,54067510,1812,-5833,13,6286,293147850,2115,293147890,2115,158,-7,-20,171,2468,-22,103,2470
15749500,7279,508949410,54067469,1812,-5833,13,6286,293147850,2115,293147900,2115,158,-7,6,168,2458,4,100,2460
15759768,7280,508949418,54067428,1811,-5834,13,6286,293147850,2115,293147910,2115,158,-8,29,206,2493,27,137,2495
15769653,7281,508949427,54067386,1810,-5834,14,6286,293147900,2115,293147920,2115,158,-8,51,122,2481,48,53,2482
15779551,7282,508949435,54067345,1810,-5834,14,6286,293147900,2115,293147930,2115,158,-9,40,144,2563,38,73,2564
15789478,7283,508949443,54067304,1808,-5835,13,6286,293147900,2115,293147940,2115,158,-9,21,268,2549,17,197,2553
15799480,7284,508949451,54067263,1808,-5835,13,6286,293147900,2115,293147950,2115,158,-10,-1,163,2486,-4,93,2488
15809754,7284,508949459,54067222,1807,-5835,13,6286,293147900,2115,293147960,2115,159,-10,-57,157,2559,-60,85,2560
15821482,7285,508949467,54067180,1807,-5835,14,6286,293147950,2115,293147970,2115,159,-10,52,100,2541,49,29,2541
15829568,7286,508949475,54067140,1805,-5835,14,6286,293147950,2115,293147980,2115,160,-11,7,261,2505,3,190,2510
15839484,7287,508949483,54067099,1805,-5836,14,6286,293147950,2115,293147990,2115,161,-11,44,190,2474,40,120,2477
15850008,7288,508949492,54067058,1805,-5836,14,6286,293147950,2115,293148000,2115,162,-11,35,89,2527,32,17,2527
15859762,7289,508949500,54067017,1804,-5836,14,6286,293147950,2115,293148010,2115,163,-11,-16,203,2465,-20,132,2468
15869623,7289,508949508,54066975,1802,-5836,14,6286,293148000,2115,293148020,2115,164,-11,5,191,2465,1,120,2467
15879573,7290,508949516,54066934,1801,-5836,14,6286,293148000,2115,293148030,2115,164,-11,0,201,2515,-4,128,2518
15889498,7291,508949524,54066893,1801,-5837,14,6286,293148000,2115,293148040,2115,165,-11,16,114,2512,12,41,2512
15899490,7293,508949532,54066852,1801,-5837,14,6286,293148000,2115,293148050,2115,166,-11,84,133,2575,81,59,2576
15910854,7294,508949540,54066811,1799,-5838,13,6286,293148000,2115,293148060,2115,166,-12,30,301,2539,26,227,2545
15919636,7295,508949548,54066769,1799,-5838,12,6286,293148050,2115,293148070,2115,167,-11,25,155,2581,21,79,2582
15929484,7296,508949556,54066728,1799,-5838,12,6286,293148050,2115,293148080,2115,167,-11,14,35,2518,11,-39,2516
15939478,7297,508949564,54066687,1798,-5838,12,6286,293148050,2115,293148090,2115,167,-11,-42,222,2490,-46,148,2494
15949532,7298,508949572,54066646,1796,-5839,12,6286,293148050,2115,293148100,2115,168,-11,3,234,2485,-1,161,2489
15959794,7299,508949581,54066605,1796,-5839,13,6286,293148050,2115,293148110,2115,168,-11,62,151,2448,59,79,2450
15970584,7300,508949589,54066563,1796,-5840,12,6286,293148100,2115,293148120,2115,168,-11,49,174,2499,46,100,2501
15979491,7301,508949597,54066522,1794,-5841,12,6286,293148100,2115,293148130,2115,168,-10,42,298,2521,38,224,2527
15989503,7302,508949605,54066481,1793,-5841,12,6286,293148100,2115,293148140,2115,168,-10,5,265,2547,1,189,2552
15999479,7303,508949613,54066440,1791,-5841,12,6286,293148100,2115,293148150,2115,169,-10,-23,222,2514,-26,147,2517
16009720,7304,508949621,54066399,1791,-5842,11,6286,293148100,2115,293148160,2115,169,-10,3,182,2548,-1,106,2550
16019632,7305,508949629,54066357,1790,-5842,11,6286,293148150,2115,293148170,2115,169,-10,61,157,2507,57,83,2509
16029989,7306,508949637,54066316,1789,-5843,11,6286,293148150,2115,293148180,2115,168,-10,15,274,2503,11,200,2509
16039500,7307,508949645,54066275,1788,-5843,12,6286,293148150,2115,293148190,2115,168,-10,4,267,2468,0,193,2473
16050065,7308,508949653,54066234,1786,-5844,11,6286,293148150,2115,293148200,2115,168,-10,31,223,2534,28,148,2537
16059762,7309,508949661,54066193,1786,-5844,11,6286,293148150,2115,293148210,2115,168,-10,9,104,2483,6,31,2483
16069643,7310,508949669,54066151,1785,-5844,11,6286,293148200,2115,293148220,2115,168,-10,21,241,2513,18,167,2517
16079565,7311,508949677,54066110,1784,-5844,12,6286,293148200,2115,293148230,2115,167,-10,-3,202,2469,-6,129,2472
16089485,7312,508949685,54066069,1784,-5845,12,6286,293148200,2115,293148240,2115,167,-10,18,171,2508,15,97,2510
16099495,7313,508949693,54066028,1782,-5845,11,6286,293148200,2115,293148250,2115,166,-10,3,281,2527,-1,207,2532
16110049,7314,508949701,54065987,1781,-5845,11,6286,293148200,2115,293148260,2115,166,-10,-17,196,2543,-20,122,2546
16119621,7315,508949709,54065945,1779,-5846,10,6286,293148250,2115,293148270,2115,166,-9,20,245,2539,16,171,2543
16129549,7316,508949717,54065904,1778,-5846,10,6286,293148250,2115,293148280,2115,166,-9,9,225,2539,6,150,2543
16139481,7317,508949725,54065863,1778,-5846,10,6286,293148250,2115,293148290,2115,166,-9,5,145,2500,2,72,2501
16149552,7318,508949733,54065822,1776,-5847,10,6286,293148250,2115,293148300,2115,166,-8,-16,229,2474,-19,157,2477
16160853,7319,508949741,54065781,1775,-5847,10,6286,293148250,2115,293148310,2115,165,-8,16,245,2541,13,171,2545
16169636,7320,508949749,54065739,1774,-5848,11,6286,293148300,2115,293148320,2115,165,-8,6,151,2511,4,78,2513
16179574,7321,508949757,54065698,1773,-5848,10,6286,293148300,2115,293148330,2115,165,-8,26,223,2529,23,150,2532
16189497,7322,508949765,54065657,1772,-5849,10,6286,293148300,2115,293148340,2115,165,-7,9,234,2519,7,161,2523
16199476,7322,508949773,54065616,1771,-5849,10,6286,293148300,2115,293148350,2115,165,-7,2,236,2504,0,163,2508
16210324,7323,508949781,54065574,1770,-5849,10,6286,293148300,2115,293148360,2115,165,-7,-2,184,2495,-4,112,2497
16219639,7324,508949789,54065532,1769,-5849,10,6286,293148350,2115,293148370,2115,165,-8,22,135,2466,20,64,2467
16229577,7325,508949797,54065491,1768,-5850,10,6286,293148350,2115,293148380,2115,165,-8,6,241,2536,4,167,2540
16239853,7326,508949805,54065450,1767,-5850,10,6286,293148350,2115,293148390,2115,165,-8,24,168,2492,22,96,2494
16249481,7327,508949813,54065409,1766,-5851,10,6286,293148350,2115,293148400,2115,165,-8,9,304,2500,6,231,2506
16259767,7327,508949821,54065368,1765,-5851,9,6286,293148350,2115,293148410,2115,165,-8,-19,98,2531,-20,25,2531
16270072,7328,508949829,54065326,1765,-5851,9,6286,293148400,2115,293148420,2115,165,-8,-9,180,2568,-12,105,2570
16279562,7329,508949837,54065285,1764,-5851,9,6286,293148400,2115,293148430,2115,165,-8,-6,180,2572,-8,105,2574
16289486,7330,508949845,54065244,1763,-5852,8,6286,293148400,2115,293148440,2115,166,-9,3,183,2536,1,110,2538
16299520,7331,508949852,54065203,1762,-5852,8,6286,293148400,2115,293148450,2115,166,-9,-11,248,2502,-14,174,2506
16309748,7332,508949860,54065161,1761,-5852,8,6286,293148400,2115,293148460,2115,166,-9,4,184,2539,1,110,2541
16319657,7332,508949868,54065119,1760,-5853,8,6286,293148450,2115,293148470,2115,166,-9,5,179,2557,1,104,2559
16329574,7333,508949876,54065078,1760,-5853,8,6286,293148450,2115,293148480,2115,167,-10,30,173,2502,27,99,2504
16339483,7334,508949884,54065037,1759,-5853,8,6286,293148450,2115,293148490,2115,168,-10,2,186,2481,-2,113,2484
16349543,7335,508949892,54064996,1758,-5853,8,6286,293148450,2115,293148500,2115,169,-11,-15,163,2452,-19,90,2454
16359762,7336,508949900,54064955,1757,-5854,8,6286,293148450,2115,293148510,2115,169,-11,21,236,2511,17,162,2515
16369672,7336,508949908,54064912,1755,-5854,9,6286,293148500,2115,293148520,2115,170,-11,1,146,2509,-2,71,2511
16379563,7337,508949916,54064871,1755,-5854,8,6286,293148500,2115,293148530,2115,170,-12,32,158,2581,28,81,2582
16389777,7338,508949924,54064830,1754,-5854,8,6286,293148500,2115,293148540,2115,171,-12,-19,208,2519,-23,132,2522
16399502,7339,508949932,54064789,1753,-5854,7,6287,293148500,2115,293148550,2115,171,-12,-13,150,2550,-17,73,2551
16409731,7340,508949939,54064748,1752,-5854,8,6287,293148500,2115,293148560,2115,171,-12,3,171,2467,-2,97,2469
16420360,7340,508949947,54064706,1752,-5854,8,6287,293148550,2115,293148570,2115,172,-12,-17,253,2442,-22,179,2446
16429575,7341,508949955,54064665,1752,-5854,8,6287,293148550,2115,293148580,2115,172,-12,13,40,2505,10,-36,2504
16439478,7342,508949963,54064624,1751,-5855,8,6287,293148550,2115,293148590,2115,172,-12,2,191,2520,-2,115,2523
16450182,7343,508949971,54064582,1749,-5855,8,6287,293148550,2115,293148600,2115,172,-12,16,371,2532,11,295,2540
16459740,7344,508949979,54064541,1749,-5856,8,6287,293148550,2115,293148610,2115,172,-11,23,62,2487,19,-13,2486
16469622,7344,508949987,54064499,1750,-5856,7,6287,293148600,2115,293148620,2115,172,-11,16,68,2481,13,-7,2480
16479557,7345,508949995,54064458,1748,-5856,8,6287,293148600,2115,293148630,2115,172,-11,-39,236,2421,-43,162,2425
16490137,7346,508950002,54064417,1747,-5857,8,6287,293148600,2115,293148640,2115,172,-11,-14,284,2465,-18,209,2471
16499484,7346,508950010,54064376,1747,-5857,8,6287,293148600,2115,293148650,2115,171,-10,26,87,2433,23,14,2433
16510333,7347,508950018,54064334,1746,-5857,8,6287,293148600,2115,293148660,2115,171,-10,15,113,2507,12,37,2508
16519622,7348,508950026,54064292,1744,-5857,9,6287,293148650,2115,293148670,2115,170,-10,9,312,2447,5,238,2454
16529558,7348,508950034,54064251,1744,-5857,9,6287,293148650,2115,293148680,2115,170,-10,24,155,2530,21,79,2531
16539719,7349,508950042,54064210,1743,-5858,9,6287,293148650,2115,293148690,2115,169,-10,11,138,2457,8,65,2458
16549500,7349,508950050,54064168,1743,-5858,10,6287,293148650,2115,293148700,2115,168,-10,-27,152,2378,-30,82,2380
16560378,7349,508950057,54064127,1741,-5858,10,6287,293148650,2115,293148710,2115,168,-9,-24,236,2460,-27,163,2464
16570509,7350,508950065,54064085,1740,-5857,11,6287,293148700,2115,293148720,2115,167,-9,13,86,2472,10,14,2472
16579585,7350,508950073,54064044,1740,-5857,11,6287,293148700,2115,293148730,2115,166,-9,22,149,2517,19,76,2518
16589489,7351,508950081,54064003,1738,-5858,11,6287,293148700,2115,293148740,2115,165,-9,26,303,2472,23,232,2478
16599476,7351,508950089,54063961,1738,-5858,11,6287,293148700,2115,293148750,2115,164,-10,19,91,2486,17,19,2486
16609743,7352,508950096,54063920,1737,-5858,12,6287,293148700,2115,293148760,2115,164,-10,-13,132,2445,-16,62,2446
16619659,7352,508950104,54063878,1737,-5858,12,6287,293148750,2115,293148770,2115,163,-10,-44,192,2439,-47,122,2442
16629538,7352,508950112,54063837,1736,-5859,12,6287,293148750,2115,293148780,2115,162,-10,7,169,2442,4,99,2444
16639467,7353,508950120,54063796,1735,-5859,13,6287,293148750,2115,293148790,2115,162,-9,-1,113,2431,-4,44,2431
16649480,7353,508950128,54063754,1735,-5859,13,6287,293148750,2115,293148800,2115,161,-10,18,164,2558,15,91,2559
16660078,7353,508950135,54063713,1734,-5860,13,6287,293148750,2115,293148810,2115,160,-9,33,208,2500,30,137,2503
16669657,7354,508950143,54063671,1733,-5860,12,6287,293148800,2115,293148820,2115,160,-9,15,195,2594,12,122,2597
16679584,7354,508950151,54063629,1733,-5860,12,6287,293148800,2115,293148830,2115,159,-9,-28,51,2455,-30,-18,2454
16690356,7354,508950159,54063588,1732,-5860,12,6287,293148800,2115,293148840,2115,159,-9,-51,151,2483,-54,82,2485
16699508,7354,508950167,54063547,1731,-5860,12,6287,293148800,2115,293148850,2115,158,-9,-3,181,2465,-5,112,2468
16709749,7355,508950174,54063506,1731,-5860,13,6287,293148800,2115,293148860,2115,158,-8,19,131,2443,17,64,2444
16720393,7355,508950182,54063463,1730,-5861,13,6287,293148850,2115,293148870,2115,157,-8,13,96,2477,11,28,2477
16730206,7355,508950190,54063422,1730,-5861,13,6287,293148850,2115,293148880,2115,156,-8,20,109,2519,18,40,2519
16739478,7356,508950198,54063381,1729,-5861,13,6287,293148850,2115,293148890,2115,156,-7,0,229,2499,-2,161,2503
16749484,7356,508950205,54063340,1729,-5861,13,6287,293148850,2115,293148900,2115,155,-7,0,42,2498,-1,-26,2496
16759921,7356,508950213,54063299,1729,-5861,14,6287,293148850,2115,293148910,2115,155,-7,-40,77,2447,-41,10,2446
16769668,7357,508950221,54063256,1728,-5862,15,6287,293148900,2115,293148920,2115,154,-7,26,157,2433,25,91,2434
16779564,7357,508950229,54063215,1727,-5862,15,6287,293148900,2115,293148930,2115,154,-7,-14,215,2460,-15,148,2463
16789513,7357,508950237,54063174,1727,-5862,15,6287,293148900,2115,293148940,2115,154,-6,3,54,2482,2,-13,2481
16799468,7357,508950244,54063133,1727,-5862,15,6287,293148900,2115,293148950,2115,155,-6,26,75,2517,24,7,2516
16810491,7358,508950252,54063091,1727,-5862,15,6287,293148900,2115,293148960,2115,155,-6,22,120,2487,21,53,2488
16819635,7358,508950260,54063049,1726,-5863,15,6287,293148950,2115,293148970,2115,155,-6,5,155,2494,4,88,2495
16829561,7359,508950268,54063007,1726,-5863,16,6287,293148950,2115,293148980,2115,155,-6,-29,108,2473,-30,40,2473
16839471,7359,508950275,54062966,1726,-5863,16,6287,293148950,2115,293148990,2115,155,-6,-15,49,2491,-16,-19,2489
16849496,7359,508950283,54062925,1725,-5863,15,6287,293148950,2115,293149000,2115,155,-7,34,179,2537,32,110,2539
16859743,7360,508950291,54062884,1725,-5863,16,6287,293148950,2115,293149010,2115,155,-7,-4,101,2448,-5,34,2448
16869644,7360,508950299,54062841,1726,-5863,15,6287,293149000,2115,293149020,2115,155,-7,19,8,2513,18,-60,2510
16879558,7361,508950306,54062800,1725,-5863,16,6287,293149000,2115,293149030,2115,155,-7,-36,163,2430,-37,96,2432
16889496,7361,508950314,54062759,1724,-5864,15,6287,293149000,2115,293149040,2115,156,-7,7,174,2586,5,103,2588
16899483,7362,508950322,54062718,1724,-5863,15,6287,293149000,2115,293149050,2115,156,-6,2,40,2482,1,-28,2481
16909817,7362,508950330,54062677,1725,-5863,15,6287,293149000,2115,293149060,2115,157,-6,4,32,2555,3,-39,2553
16919641,7363,508950337,54062634,1724,-5863,16,6287,293149050,2115,293149070,2115,157,-6,7,163,2453,5,95,2455
16930253,7363,508950345,54062592,1723,-5863,16,6287,293149050,2115,293149080,2115,157,-6,-16,172,2490,-18,103,2492
16939483,7364,508950353,54062551,1723,-5863,15,6287,293149050,2115,293149090,2115,158,-6,-31,83,2521,-32,13,2521
16949504,7364,508950361,54062510,1723,-5863,16,6287,293149050,2115,293149100,2115,158,-5,7,67,2461,7,-2,2460
16960191,7365,508950368,54062469,1722,-5863,16,6287,293149050,2115,293149110,2115,159,-5,19,165,2535,18,94,2536
16969654,7365,508950376,54062426,1722,-5863,16,6287,293149100,2115,293149120,2115,159,-5,12,144,2411,11,76,2413
16979554,7366,508950384,54062385,1722,-5863,15,6287,293149100,2115,293149130,2115,159,-5,-1,14,2565,-1,-58,2562
16989691,7366,508950392,54062344,1721,-5863,15,6287,293149100,2115,293149140,2115,160,-5,24,151,2516,23,81,2517
16999499,7367,508950399,54062302,1720,-5863,15,6287,293149100,2115,293149150,2115,160,-5,-14,247,2519,-16,176,2523
17009730,7367,508950407,54062261,1720,-5863,16,6287,293149100,2115,293149160,2115,160,-5,-12,124,2423,-13,56,2424
17020287,7368,508950415,54062218,1720,-5863,16,6287,293149150,2115,293149170,2115,161,-5,1,-4,2416,1,-72,2413
17029577,7368,508950422,54062177,1719,-5864,17,6287,293149150,2115,293149180,2115,161,-5,-5,179,2422,-6,110,2425
17039521,7369,508950430,54062136,1719,-5864,18,6287,293149150,2115,293149190,2115,161,-5,52,165,2418,51,97,2420
17049490,7369,508950438,54062095,1718,-5864,18,6287,293149150,2115,293149200,2115,161,-5,-11,175,2506,-12,104,2508
17059858,7370,508950446,54062054,1718,-5864,18,6287,293149150,2115,293149210,2115,161,-5,14,22,2511,14,-49,2509
17069639,7370,508950453,54062010,1718,-5864,18,6287,293149200,2115,293149220,2115,160,-5,7,151,2529,6,80,2530
17079588,7371,508950461,54061969,1716,-5864,18,6287,293149200,2115,293149230,2115,160,-4,-24,227,2472,-25,158,2475
17089483,7371,508950469,54061928,1716,-5864,18,6287,293149200,2115,293149240,2115,160,-4,-16,147,2467,-16,78,2468
17099488,7372,508950476,54061887,1715,-5864,18,6287,293149200,2115,293149250,2115,159,-3,-37,91,2464,-37,22,2464
17110339,7372,508950484,54061846,1715,-5864,18,6287,293149200,2115,293149260,2115,158,-3,-9,125,2544,-9,54,2545
17119632,7373,508950492,54061802,1715,-5864,18,6287,293149250,2115,293149270,2115,158,-3,14,173,2572,14,101,2574
17129566,7373,508950500,54061761,1714,-5864,17,6287,293149250,2115,293149280,2115,157,-2,32,146,2519,32,76,2520
17139498,7374,508950507,54061720,1714,-5865,17,6287,293149250,2115,293149290,2115,156,-2,24,168,2544,24,98,2546
17149525,7374,508950515,54061679,1713,-5865,18,6287,293149250,2115,293149300,2115,155,-2,15,166,2424,15,99,2426
17160865,7374,508950523,54061638,1712,-5865,18,6287,293149250,2115,293149310,2115,155,-2,-20,173,2468,-20,106,2470
17169630,7375,508950530,54061594,1712,-5865,19,6287,293149300,2115,293149320,2115,155,-2,-41,44,2330,-41,-20,2328
17179561,7375,508950538,54061553,1712,-5865,19,6287,293149300,2115,293149330,2115,155,-3,11,97,2464,11,30,2464
17189543,7375,508950546,54061512,1711,-5866,19,6287,293149300,2115,293149340,2115,155,-3,8,213,2515,8,145,2518
17199495,7376,508950553,54061471,1710,-5866,18,6287,293149300,2115,293149350,2115,154,-4,49,242,2637,48,171,2641
17209726,7376,508950561,54061430,1710,-5867,17,6287,293149300,2115,293149360,2115,154,-5,48,68,2645,47,-4,2644
17219628,7376,508950569,54061386,1710,-5867,16,6287,293149350,2115,293149370,2115,154,-6,51,71,2657,50,-1,2656
17229574,7377,508950576,54061345,1710,-5867,15,6287,293149350,2115,293149380,2115,154,-8,-36,39,2564,-37,-31,2562
17239511,7377,508950584,54061304,1709,-5867,16,6287,293149350,2115,293149390,2115,155,-9,-41,193,2422,-43,127,2424
17249512,7377,508950592,54061263,1708,-5866,16,6287,293149350,2115,293149400,2115,155,-9,-100,166,2469,-103,98,2471
17259721,7378,508950599,54061222,1708,-5866,16,6287,293149350,2115,293149410,2115,155,-10,-21,5,2507,-24,-63,2504
17269663,7378,508950607,54061178,1708,-5866,14,6287,293149400,2115,293149420,2115,155,-11,25,107,2723,21,33,2723
17279585,7379,508950615,54061137,1707,-5867,12,6287,293149400,2115,293149430,2115,156,-12,108,193,2742,103,118,2745
17289481,7379,508950622,54061096,1708,-5867,11,6287,293149400,2115,293149440,2115,157,-13,46,34,2726,42,-41,2725
17299483,7379,508950630,54061055,1707,-5867,9,6287,293149400,2115,293149450,2115,158,-14,2,156,2767,-4,79,2769
17309768,7380,508950638,54061013,1706,-5867,8,6287,293149400,2115,293149460,2115,159,-15,-123,190,2603,-129,116,2605
17319644,7380,508950645,54060970,1705,-5865,7,6287,293149450,2115,293149470,2115,160,-15,-116,88,2597,-122,15,2597
17329546,7380,508950653,54060929,1706,-5865,7,6287,293149450,2115,293149480,2115,160,-15,-38,-1,2528,-42,-72,2525
17339471,7381,508950661,54060888,1705,-5865,6,6287,293149450,2115,293149490,2115,161,-15,12,217,2572,6,144,2575
17349484,7381,508950668,54060847,1704,-5866,5,6287,293149450,2115,293149500,2115,162,-16,86,183,2636,80,108,2638
17360925,7381,508950676,54060805,1704,-5867,4,6287,293149450,2115,293149510,2115,163,-16,81,96,2699,75,19,2699
17369650,7382,508950683,54060762,1705,-5867,3,6287,293149500,2115,293149520,2115,164,-16,25,7,2633,19,-68,2631
17379565,7382,508950691,54060721,1704,-5866,2,6287,293149500,2115,293149530,2115,165,-16,-55,194,2578,-61,119,2581
17389510,7382,508950699,54060680,1703,-5866,2,6287,293149500,2115,293149540,2115,165,-16,-108,86,2556,-114,11,2556
17399487,7382,508950706,54060639,1704,-5865,1,6287,293149500,2115,293149550,2115,166,-15,-37,-43,2521,-41,-117,2516
17410001,7383,508950714,54060597,1703,-5865,1,6287,293149500,2115,293149560,2115,166,-15,-7,147,2567,-12,71,2568
17420005,7383,508950722,54060554,1703,-5866,0,6288,293149550,2115,293149570,2115,167,-14,46,171,2600,41,95,2602
17429577,7383,508950729,54060513,1704,-5866,-1,6288,293149550,2115,293149580,2115,167,-13,61,30,2600,56,-46,2598
17439509,7384,508950737,54060472,1703,-5866,-1,6288,293149550,2115,293149590,2115,168,-13,14,89,2561,10,13,2561
17449487,7384,508950745,54060430,1703,-5866,-1,6288,293149550,2115,293149600,2115,168,-12,-57,122,2529,-61,47,2530
17459783,7384,508950752,54060389,1703,-5866,-1,6288,293149550,2115,293149610,2115,168,-11,-36,113,2481,-40,40,2481
17469660,7384,508950760,54060346,1703,-5866,-1,6288,293149600,2115,293149620,2115,168,-10,-7,34,2475,-10,-39,2473
17479595,7385,508950767,54060305,1702,-5866,0,6288,293149600,2115,293149630,2115,167,-9,12,124,2441,10,52,2442
17489488,7385,508950775,54060263,1701,-5866,0,6288,293149600,2115,293149640,2115,166,-8,10,231,2408,7,161,2412
17499489,7385,508950783,54060222,1701,-5866,1,6288,293149600,2115,293149650,2115,166,-8,17,58,2418,15,-13,2417
17510418,7386,508950790,54060181,1702,-5866,2,6288,293149600,2115,293149660,2115,165,-7,-12,33,2408,-13,-37,2406
17519661,7386,508950798,54060138,1701,-5866,2,6288,293149650,2115,293149670,2115,164,-6,-20,143,2437,-21,72,2439
17529558,7386,508950806,54060096,1700,-5866,2,6288,293149650,2115,293149680,2115,163,-5,-4,175,2447,-5,105,2449
17539485,7386,508950813,54060055,1700,-5866,3,6288,293149650,2115,293149690,2115,161,-5,1,95,2407,1,27,2407
17549549,7387,508950821,54060014,1700,-5866,3,6288,293149650,2115,293149700,2115,160,-4,2,71,2438,2,3,2437
17560918,7387,508950829,54059973,1698,-5866,4,6288,293149650,2115,293149710,2115,158,-3,-16,230,2410,-17,163,2414
17569638,7387,508950836,54059929,1698,-5868,5,6288,293149700,2115,293149720,2115,157,-3,23,127,2390,24,61,2391
17579569,7387,508950844,54059888,1698,-5868,6,6288,293149700,2115,293149730,2115,156,-2,-10,72,2374,-9,7,2373
17589492,7387,508950851,54059847,1698,-5867,7,6288,293149700,2115,293149740,2115,154,-2,-25,72,2351,-24,8,2350
17599479,7387,508950859,54059806,1697,-5868,8,6288,293149700,2115,293149750,2115,153,-1,-17,255,2389,-17,191,2393
17609749,7387,508950867,54059765,1696,-5868,9,6288,293149700,2115,293149760,2115,152,-1,3,123,2367,4,60,2368
17619626,7387,508950874,54059721,1697,-5868,10,6288,293149750,2115,293149770,2115,152,-1,27,34,2419,29,-30,2417
17629731,7387,508950882,54059680,1697,-5868,10,6288,293149750,2115,293149780,2115,151,0,12,111,2383,14,48,2384
17639505,7387,508950889,54059638,1697,-5868,12,6288,293149750,2115,293149790,2115,150,0,-26,116,2347,-25,54,2347
17649477,7387,508950897,54059597,1696,-5868,12,6288,293149750,2115,293149800,2115,149,0,-11,88,2413,-10,25,2413
17660534,7387,508950905,54059556,1697,-5868,13,6288,293149750,2115,293149810,2115,149,0,-26,28,2377,-24,-34,2375
17669651,7387,508950912,54059512,1696,-5867,14,6288,293149800,2115,293149820,2115,149,1,-1,142,2438,0,78,2440
17679575,7387,508950920,54059471,1696,-5867,14,6288,293149800,2115,293149830,2115,148,1,-6,97,2446,-4,33,2446
17689467,7387,508950927,54059430,1696,-5867,14,6288,293149800,2115,293149840,2115,148,1,12,69,2438,14,5,2437
17699478,7387,508950935,54059389,1696,-5867,15,6288,293149800,2115,293149850,2115,147,1,-23,35,2391,-21,-27,2389
17709732,7387,508950943,54059348,1696,-5867,17,6288,293149800,2115,293149860,2115,147,1,-18,87,2338,-16,26,2338
17719625,7387,508950950,54059304,1696,-5867,18,6288,293149850,2115,293149870,2115,146,1,-36,40,2313,-34,-20,2311
17729550,7387,508950958,54059263,1696,-5866,19,6288,293149850,2115,293149880,2115,146,1,-27,77,2389,-25,16,2388
17739470,7387,508950965,54059221,1695,-5867,19,6288,293149850,2115,293149890,2115,146,1,1,126,2426,2,64,2427
17749493,7387,508950973,54059180,1695,-5867,20,6288,293149850,2115,293149900,2115,145,1,19,44,2467,21,-19,2466
17759769,7388,508950981,54059139,1695,-5867,20,6288,293149850,2115,293149910,2115,145,0,-27,124,2485,-25,61,2485
17769739,7388,508950988,54059095,1695,-5867,20,6288,293149900,2115,293149920,2115,145,0,4,63,2439,5,1,2438
17779570,7388,508950996,54059054,1695,-5866,21,6288,293149900,2115,293149930,2115,145,0,-50,55,2373,-49,-6,2372
17789529,7388,508951003,54059013,1695,-5866,22,6288,293149900,2115,293149940,2115,145,-1,-68,25,2389,-67,-36,2387
17799489,7388,508951011,54058972,1695,-5865,22,6288,293149900,2115,293149950,2115,144,-1,-38,112,2463,-37,49,2463
17810915,7388,508951018,54058931,1694,-5866,23,6288,293149900,2115,293149960,2115,143,-2,2,139,2455,2,77,2456
17819636,7388,508951026,54058887,1693,-5866,23,6288,293149950,2115,293149970,2115,143,-2,15,91,2506,16,28,2506
17829592,7388,508951033,54058846,1693,-5866,23,6288,293149950,2115,293149980,2115,143,-3,-2,87,2427,-2,26,2426
17839498,7389,508951041,54058805,1693,-5866,23,6288,293149950,2115,293149990,2115,143,-3,3,59,2547,3,-6,2546
17849484,7389,508951049,54058763,1693,-5866,23,6288,293149950,2115,293150000,2115,144,-4,-21,84,2472,-22,22,2472
17859756,7389,508951056,54058722,1693,-5865,24,6288,293149950,2115,293150010,2115,144,-5,-60,46,2473,-60,-17,2471
17869649,7389,508951064,54058678,1692,-5866,24,6288,293150000,2115,293150020,2115,144,-5,-63,95,2455,-63,32,2455
17879574,7389,508951071,54058637,1692,-5866,24,6288,293150000,2115,293150030,2115,144,-6,-60,136,2487,-61,72,2488
17889489,7390,508951079,54058596,1692,-5866,24,6288,293150000,2115,293150040,2115,144,-6,11,44,2588,10,-22,2586
17899481,7390,508951087,54058555,1692,-5866,23,6288,293150000,2115,293150050,2115,144,-7,43,87,2591,42,21,2590
17909753,7390,508951094,54058514,1691,-5866,22,6288,293150000,2115,293150060,2115,144,-7,-3,108,2595,-5,42,2595
17919641,7391,508951102,54058328,1691,-5866,22,6288,293150050,2115,293150070,2115,144,-8,-31,102,2545,-33,37,2545
17929574,7391,508951110,54058287,1691,-5865,22,6288,293150050,2115,293150080,2115,145,-8,-109,56,2532,-111,-10,2530
17940007,7391,508951118,54058246,1691,-5865,21,6288,293150050,2115,293150090,2115,145,-8,-35,69,2579,-37,3,2578
17949517,7392,508951125,54058205,1691,-5864,21,6288,293150050,2115,293150100,2115,145,-8,-26,93,2547,-28,27,2547
17960370,7392,508951133,54058163,1690,-5865,20,6288,293150050,2115,293150110,2115,145,-9,22,142,2585,20,76,2586
17970372,7392,508951141,54058035,1690,-5865,20,6288,293150100,2115,293150120,2115,146,-9,18,59,2563,15,-7,2562
17979558,7393,508951148,54057994,1690,-5865,18,6288,293150100,2115,293150130,2115,146,-9,-3,83,2647,-6,15,2646
17989606,7393,508951156,54057953,1690,-5864,18,6288,293150100,2115,293150140,2115,146,-10,-45,77,2575,-48,11,2575
17999494,7393,508951164,54057912,1689,-5864,17,6288,293150100,2115,293150150,2115,147,-10,-67,122,2594,-70,54,2594
18010488,7394,508951171,54057870,1689,-5864,17,6288,293150100,2115,293150160,2115,147,-10,-53,101,2547,-56,35,2547
18020046,7394,508951179,54057817,1689,-5864,16,6288,293150150,2115,293150170,2115,147,-10,-9,99,2642,-12,31,2641
18029576,7395,508951186,54057776,1688,-5864,15,6288,293150150,2115,293150180,2115,148,-10,-6,143,2636,-10,75,2637
18039508,7395,508951194,54057735,1689,-5864,13,6288,293150150,2115,293150190,2115,148,-10,51,21,2685,48,-49,2683
18049943,7396,508951202,54057694,1689,-5864,12,6288,293150150,2115,293150200,2115,148,-11,-28,52,2606,-31,-16,2605
18059791,7396,508951209,54057653,1688,-5863,12,6288,293150150,2115,293150210,2115,148,-11,-54,158,2590,-58,90,2591
18069677,7397,508951217,54057606,1687,-5864,11,6288,293150200,2115,293150220,2115,148,-11,-49,182,2612,-53,113,2614
18080236,7397,508951224,54057565,1687,-5863,10,6288,293150200,2115,293150230,2115,149,-11,-43,24,2609,-46,-45,2607
18089499,7398,508951232,54057524,1687,-5863,9,6288,293150200,2115,293150240,2115,149,-12,4,70,2672,0,0,2671
18099479,7399,508951240,54057483,1686,-5863,8,6288,293150200,2115,293150250,2115,150,-12,-3,185,2629,-8,116,2631
18110500,7399,508951247,54057442,1686,-5864,6,6288,293150200,2115,293150260,2115,150,-12,16,138,2644,12,69,2645
18119642,7399,508951255,54057397,1686,-5863,5,6288,293150250,2115,293150270,2115,150,-13,-6,49,2622,-10,-20,2621
18129560,7400,508951262,54057356,1685,-5863,5,6288,293150250,2115,293150280,2115,150,-13,-52,130,2580,-56,62,2581
18139727,7400,508951270,54057314,1684,-5863,4,6288,293150250,2115,293150290,2115,150,-13,-59,199,2579,-64,130,2581
18149515,7401,508951277,54057273,1684,-5862,3,6288,293150250,2115,293150300,2115,150,-13,-36,43,2626,-40,-26,2624
18159767,7401,508951285,54057232,1684,-5862,2,6288,293150250,2115,293150310,2115,150,-13,-12,110,2635,-17,40,2635
18169798,7402,508951293,54057188,1683,-5863,1,6288,293150300,2115,293150320,2115,150,-13,1,211,2664,-4,140,2667
18179562,7402,508951300,54057147,1683,-5863,-1,6288,293150300,2115,293150330,2115,150,-13,30,93,2682,25,22,2682
18189550,7403,508951308,54057106,1682,-5863,-1,6288,293150300,2115,293150340,2115,149,-13,-36,98,2607,-41,29,2607
18199932,7403,508951315,54057065,1682,-5862,-2,6288,293150300,2115,293150350,2115,149,-13,-57,129,2546,-62,62,2547
18209736,7404,508951323,54057024,1681,-5862,-2,6288,293150300,2115,293150360,2115,149,-13,-62,131,2567,-66,64,2568
18219668,7404,508951330,54056980,1680,-5862,-3,6288,293150350,2115,293150370,2115,148,-13,-44,177,2532,-48,110,2533
18229969,7405,508951338,54056939,1680,-5862,-3,6288,293150350,2115,293150380,2115,148,-12,16,102,2535,12,36,2535
18239493,7405,508951345,54056898,1679,-5862,-3,6288,293150350,2115,293150390,2115,147,-12,23,163,2559,19,97,2561
18249479,7406,508951353,54056857,1678,-5862,-3,6288,293150350,2115,293150400,2115,147,-12,7,143,2521,3,77,2522
18260005,7406,508951361,54056816,1678,-5862,-4,6288,293150350,2115,293150410,2115,146,-12,-28,60,2537,-32,-6,2536
18269634,7406,508951368,54056772,1677,-5862,-4,6288,293150400,2115,293150420,2115,145,-12,-85,201,2516,-89,136,2518
18279572,7407,508951376,54056731,1677,-5862,-4,6288,293150400,2115,293150430,2115,144,-12,-33,98,2536,-37,34,2535
18289525,7407,508951383,54056690,1676,-5862,-4,6288,293150400,2115,293150440,2115,143,-12,-19,144,2467,-23,81,2468
18299494,7408,508951391,54056649,1675,-5862,-4,6288,293150400,2115,293150450,2115,142,-12,-6,217,2487,-11,155,2490
18309760,7408,508951398,54056608,1675,-5862,-4,6288,293150400,2115,293150460,2115,141,-12,15,129,2489,11,67,2490
18319675,7408,508951406,54056564,1675,-5862,-3,6288,293150450,2115,293150470,2115,140,-12,-3,56,2476,-7,-5,2475
18330360,7408,508951413,54056523,1674,-5862,-3,6288,293150450,2115,293150480,2115,138,-12,-36,144,2470,-39,83,2471
18339510,7409,508951421,54056482,1673,-5862,-3,6288,293150450,2115,293150490,2115,137,-12,-47,170,2480,-51,110,2482
18349497,7409,508951428,54056441,1672,-5862,-3,6288,293150450,2115,293150500,2115,135,-12,-30,126,2460,-34,67,2461
18360852,7410,508951436,54056400,1672,-5862,-3,6288,293150450,2115,293150510,2115,133,-13,-13,102,2496,-17,43,2495
18369637,7410,508951443,54056357,1671,-5862,-3,6288,293150500,2115,293150520,2115,132,-13,-22,157,2488,-27,99,2489
18379753,7410,508951451,54056315,1670,-5862,-3,6288,293150500,2115,293150530,2115,131,-13,17,160,2528,13,102,2530
18389513,7410,508951458,54056274,1670,-5862,-3,6288,293150500,2115,293150540,2115,129,-14,-18,132,2477,-23,75,2478
18399498,7411,508951466,54056233,1670,-5862,-3,6288,293150500,2115,293150550,2115,128,-15,-17,66,2517,-22,9,2516
18410049,7411,508951473,54056192,1669,-5861,-2,6288,293150500,2115,293150560,2115,126,-15,-52,96,2426,-56,42,2425
18419660,7411,508951481,54056149,1668,-5861,-2,6288,293150550,2115,293150570,2115,125,-16,-69,183,2493,-74,128,2494
18429877,7412,508951488,54056108,1667,-5861,-2,6288,293150550,2115,293150580,2115,124,-16,-11,159,2503,-17,104,2504
18439828,7412,508951496,54056067,1667,-5861,-3,6288,293150550,2115,293150590,2115,122,-17,14,62,2547,8,7,2546
18449498,7412,508951503,54056026,1667,-5861,-3,6289,293150550,2115,293150600,2115,121,-18,-10,116,2529,-16,63,2529
18459821,7412,508951511,54055984,1666,-5861,-3,6289,293150550,2115,293150610,2115,120,-19,-23,150,2551,-30,96,2551
18470165,7413,508951518,54055941,1665,-5861,-3,6289,293150600,2115,293150620,2115,119,-19,-56,142,2521,-63,89,2521
18479579,7413,508951526,54055900,1666,-5861,-3,6289,293150600,2115,293150630,2115,118,-20,-31,6,2482,-37,-46,2479
18489486,7413,508951533,54055859,1665,-5861,-3,6289,293150600,2115,293150640,2115,116,-20,-36,111,2536,-44,59,2536
18499759,7413,508951541,54055818,1664,-5860,-4,6289,293150600,2115,293150650,2115,115,-20,-58,181,2538,-66,129,2539
18509975,7414,508951548,54055777,1663,-5861,-4,6289,293150600,2115,293150660,2115,114,-20,-15,182,2505,-23,131,2506
18519655,7414,508951556,54055734,1663,-5860,-4,6289,293150650,2115,293150670,2115,114,-21,-9,-7,2528,-16,-57,2525
18529711,7414,508951563,54055693,1663,-5860,-5,6289,293150650,2115,293150680,2115,113,-21,-26,84,2581,-34,32,2580
18539495,7414,508951571,54055651,1662,-5860,-5,6289,293150650,2115,293150690,2115,113,-21,-45,160,2516,-53,110,2516
18549524,7414,508951578,54055610,1662,-5860,-5,6289,293150650,2115,293150700,2115,112,-21,-19,-32,2534,-26,-82,2531
18560092,7415,508951586,54055569,1662,-5859,-6,6289,293150650,2115,293150710,2115,111,-21,-48,116,2608,-56,65,2608
18569644,7415,508951593,54055526,1661,-5859,-6,6289,293150700,2115,293150720,2115,110,-21,-26,131,2530,-34,81,2530
18579568,7415,508951601,54055485,1660,-5859,-6,6289,293150700,2115,293150730,2115,109,-21,-12,124,2519,-20,76,2519
18589886,7416,508951608,54055444,1661,-5859,-6,6289,293150700,2115,293150740,2115,109,-22,-20,4,2502,-28,-44,2500
18599495,7416,508951615,54055403,1661,-5859,-6,6289,293150700,2115,293150750,2115,108,-22,-13,65,2520,-21,17,2519
18609752,7416,508951623,54055362,1660,-5859,-6,6289,293150700,2115,293150760,2115,107,-22,-43,147,2415,-51,101,2416
18620525,7416,508951630,54055319,1660,-5858,-6,6289,293150750,2115,293150770,2115,105,-23,-19,34,2587,-28,-14,2585
18629583,7417,508951638,54055277,1659,-5858,-7,6289,293150750,2115,293150780,2115,104,-23,-43,48,2556,-51,1,2555
18639478,7417,508951645,54055236,1659,-5858,-7,6289,293150750,2115,293150790,2115,103,-24,-10,112,2570,-20,66,2570
18650363,7417,508951653,54055195,1658,-5858,-8,6289,293150750,2115,293150800,2115,101,-24,-13,144,2568,-23,98,2568
18660210,7417,508951660,54055154,1658,-5858,-8,6289,293150750,2115,293150810,2115,100,-25,-21,1,2562,-30,-45,2560
18669652,7418,508951668,54055111,1658,-5857,-9,6289,293150800,2115,293150820,2115,98,-25,-23,85,2583,-33,40,2582
18680337,7418,508951675,54055070,1657,-5857,-9,6289,293150800,2115,293150830,2115,97,-25,-69,115,2530,-79,71,2529
18689487,7418,508951682,54055029,1657,-5857,-10,6289,293150800,2115,293150840,2115,95,-26,-31,69,2636,-41,25,2635
18700085,7418,508951690,54054988,1657,-5856,-10,6289,293150800,2115,293150850,2115,94,-26,-49,73,2535,-59,31,2534
18709788,7418,508951697,54054947,1656,-5856,-11,6289,293150800,2115,293150860,2115,93,-26,-20,101,2551,-30,59,2551
18719689,7418,508951705,54054904,1656,-5856,-11,6289,293150850,2115,293150870,2115,91,-26,7,74,2506,-3,33,2505
18729573,7418,508951712,54054863,1656,-5856,-11,6289,293150850,2115,293150880,2115,90,-26,-13,47,2545,-23,6,2544
18739504,7418,508951720,54054822,1656,-5856,-11,6289,293150850,2115,293150890,2115,89,-26,-54,49,2536,-64,8,2534
18749509,7418,508951727,54054780,1655,-5855,-12,6289,293150850,2115,293150900,2115,88,-26,-38,74,2558,-48,33,2557
18760314,7418,508951735,54054739,1655,-5855,-12,6289,293150850,2115,293150910,2115,87,-26,-22,58,2537,-32,19,2535
18770077,7418,508951742,54054696,1655,-5855,-12,6289,293150900,2115,293150920,2115,86,-26,-23,41,2474,-33,4,2473
18779599,7418,508951749,54054655,1654,-5855,-12,6289,293150900,2115,293150930,2115,85,-25,-42,86,2533,-51,48,2532
18789505,7418,508951757,54054614,1654,-5855,-13,6289,293150900,2115,293150940,2115,84,-25,-15,51,2567,-25,13,2566
18799870,7418,508951764,54054573,1654,-5854,-13,6289,293150900,2115,293150950,2115,83,-25,-10,51,2559,-19,13,2558
18810442,7418,508951772,54054532,1654,-5854,-13,6289,293150900,2115,293150960,2115,82,-24,-17,5,2449,-26,-31,2447
18819637,7418,508951779,54054489,1654,-5854,-13,6289,293150950,2115,293150970,2115,82,-24,-56,43,2485,-64,6,2484
18830276,7418,508951787,54054448,1654,-5853,-13,6289,293150950,2115,293150980,2115,81,-24,-54,46,2520,-63,9,2519
18839490,7418,508951794,54054407,1654,-5853,-13,6289,293150950,2115,293150990,2115,80,-23,-20,54,2539,-28,18,2537
18849506,7418,508951801,54054366,1653,-5853,-13,6289,293150950,2115,293151000,2115,80,-23,-24,61,2531,-33,25,2530
18859742,7417,508951809,54054325,1654,-5853,-13,6289,293150950,2115,293151010,2115,80,-23,8,-17,2475,0,-52,2473
18869647,7417,508951816,54054282,1654,-5852,-12,6289,293151000,2115,293151020,2115,80,-22,-37,50,2419,-44,15,2418
18879584,7417,508951824,54054241,1654,-5852,-12,6289,293151000,2115,293151030,2115,80,-22,-37,-29,2524,-44,-65,2522
18889492,7417,508951831,54054200,1654,-5852,-13,6289,293151000,2115,293151040,2115,80,-22,-35,17,2506,-43,-19,2504
18899561,7416,508951839,54054158,1654,-5851,-12,6289,293151000,2115,293151050,2115,81,-21,-33,68,2481,-41,32,2479
18909804,7416,508951846,54054117,1654,-5851,-12,6289,293151000,2115,293151060,2115,81,-21,-21,27,2522,-29,-9,2520
18919646,7416,508951853,54054074,1654,-5851,-12,6289,293151050,2115,293151070,2115,81,-21,-35,19,2398,-42,-15,2397
18930376,7416,508951861,54054033,1654,-5851,-12,6289,293151050,2115,293151080,2115,81,-20,-25,-33,2500,-32,-69,2497
18939531,7415,508951868,54053992,1654,-5850,-12,6289,293151050,2115,293151090,2115,82,-20,-17,-5,2514,-24,-41,2512
18949487,7415,508951876,54053951,1655,-5850,-12,6289,293151050,2115,293151100,2115,83,-20,18,2,2531,11,-35,2529
18960354,7415,508951883,54053910,1655,-5850,-12,6289,293151050,2115,293151110,2115,84,-20,-60,11,2471,-67,-26,2469
18969620,7414,508951891,54053867,1655,-5849,-11,6289,293151100,2115,293151120,2115,86,-20,-45,-58,2449,-51,-95,2445
18979564,7414,508951898,54053826,1656,-5849,-11,6289,293151100,2115,293151130,2115,87,-20,-22,-9,2434,-29,-46,2431
18989506,7414,508951905,54053785,1656,-5848,-10,6289,293151100,2115,293151140,2115,87,-19,-41,27,2352,-47,-9,2350
18999503,7413,508951913,54053744,1656,-5848,-9,6289,293151100,2115,293151150,2115,88,-19,-1,7,2378,-7,-30,2376
19009777,7413,508951920,54053703,1657,-5848,-8,6289,293151100,2115,293151160,2115,89,-18,-18,-72,2375,-23,-109,2372
19019942,7413,508951928,54053660,1657,-5847,-8,6289,293151150,2115,293151170,2115,90,-18,-28,-15,2506,-34,-55,2504
19029598,7413,508951935,54053619,1657,-5847,-7,6289,293151150,2115,293151180,2115,92,-18,-20,59,2452,-26,19,2450
19039493,7412,508951943,54053578,1657,-5847,-7,6289,293151150,2115,293151190,2115,93,-18,-30,-80,2507,-35,-121,2503
19049563,7412,508951950,54053537,1658,-5846,-7,6289,293151150,2115,293151200,2115,94,-18,-23,-30,2478,-29,-71,2476
19060727,7412,508951958,54053496,1658,-5846,-6,6289,293151150,2115,293151210,2115,94,-17,-47,25,2362,-52,-15,2360
19069660,7412,508951965,54053453,1658,-5846,-5,6289,293151200,2115,293151220,2115,94,-17,-61,54,2365,-66,14,2364
19079575,7412,508951972,54053412,1658,-5845,-4,6289,293151200,2115,293151230,2115,94,-17,-14,-45,2351,-18,-85,2348
19089517,7412,508951980,54053371,1659,-5845,-3,6289,293151200,2115,293151240,2115,95,-17,-23,-58,2418,-28,-99,2415
19099954,7412,508951987,54053330,1659,-5845,-2,6289,293151200,2115,293151250,2115,95,-17,14,80,2401,8,40,2400
19109787,7412,508951995,54053289,1658,-5845,-2,6289,293151200,2115,293151260,2115,94,-18,-14,127,2492,-21,85,2492
19119668,7411,508952002,54053245,1659,-5845,-2,6289,293151250,2115,293151270,2115,94,-19,15,-74,2491,9,-115,2488
19129592,7412,508952010,54053204,1659,-5845,-1,6289,293151250,2115,293151280,2115,94,-20,0,8,2428,-6,-32,2426
19139491,7412,508952017,54053163,1659,-5844,0,6289,293151250,2115,293151290,2115,93,-21,-39,87,2381,-46,47,2380
19149562,7412,508952025,54053122,1659,-5844,1,6289,293151250,2115,293151300,2115,91,-22,-62,9,2333,-69,-29,2331
19160184,7412,508952032,54053081,1659,-5843,1,6289,293151250,2115,293151310,2115,90,-22,-67,-18,2528,-75,-58,2526
19169647,7412,508952040,54053038,1658,-5843,0,6289,293151300,2115,293151320,2115,88,-24,10,130,2541,1,90,2540
19179596,7412,508952047,54052997,1658,-5843,-1,6289,293151300,2115,293151330,2115,86,-25,-1,128,2637,-12,88,2636
19189679,7412,508952054,54052956,1658,-5843,-2,6289,293151300,2115,293151340,2115,84,-27,29,-55,2655,19,-94,2652
19199490,7412,508952062,54052915,1658,-5843,-3,6289,293151300,2115,293151350,2115,82,-29,-10,58,2619,-21,20,2618
19209763,7412,508952069,54052874,1657,-5843,-3,6289,293151300,2115,293151360,2115,80,-31,-43,129,2584,-55,92,2583
19220089,7412,508952077,54052831,1657,-5842,-4,6289,293151350,2115,293151370,2115,78,-33,-63,36,2575,-76,0,2573
19229602,7412,508952084,54052790,1657,-5842,-4,6289,293151350,2115,293151380,2115,76,-34,-83,51,2530,-96,17,2528
19239524,7412,508952092,54052749,1656,-5842,-5,6289,293151350,2115,293151390,2115,73,-36,-19,127,2544,-34,93,2543
19249535,7412,508952099,54052708,1656,-5842,-6,6289,293151350,2115,293151400,2115,71,-38,-1,89,2743,-18,54,2742
19259964,7412,508952107,54052667,1655,-5842,-8,6289,293151350,2115,293151410,2115,69,-41,51,62,2733,33,29,2732
19269642,7412,508952114,54052624,1655,-5842,-10,6289,293151400,2115,293151420,2115,68,-43,43,51,2789,24,17,2788
19279629,7412,508952121,54052583,1655,-5842,-12,6289,293151400,2115,293151430,2115,66,-45,-28,61,2750,-48,29,2749
19289510,7412,508952129,54052542,1655,-5841,-14,6289,293151400,2115,293151440,2115,65,-47,-84,8,2734,-105,-24,2731
19299522,7413,508952136,54052501,1655,-5840,-16,6289,293151400,2115,293151450,2115,64,-49,-135,-4,2690,-156,-35,2687
19309847,7413,508952144,54052460,1654,-5839,-17,6289,293151400,2115,293151460,2115,62,-50,-87,74,2712,-109,43,2710
19319650,7413,508952151,54052417,1654,-5839,-20,6289,293151450,2115,293151470,2115,61,-51,-13,88,2790,-37,58,2788
19329614,7413,508952159,54052376,1654,-5839,-22,6289,293151450,2115,293151480,2115,60,-52,52,-13,2791,29,-42,2789
19340279,7414,508952166,54052335,1654,-5839,-24,6289,293151450,2115,293151490,2115,59,-53,35,47,2734,11,19,2732
19349528,7414,508952173,54052294,1654,-5839,-25,6289,293151450,2115,293151500,2115,58,-53,-9,76,2690,-32,48,2689
19361065,7414,508952181,54052253,1654,-5838,-27,6289,293151450,2115,293151510,2115,58,-53,-89,9,2694,-112,-20,2692
19370235,7414,508952188,54052210,1653,-5837,-28,6289,293151500,2115,293151520,2115,58,-52,-115,-1,2648,-137,-29,2644
19379566,7415,508952196,54052169,1653,-5836,-29,6289,293151500,2115,293151530,2115,58,-51,-80,80,2667,-102,52,2665
19389517,7415,508952203,54052128,1653,-5836,-31,6289,293151500,2115,293151540,2115,57,-50,1,46,2769,-22,18,2768
19399817,7416,508952211,54052087,1652,-5837,-33,6289,293151500,2115,293151550,2115,57,-49,59,65,2687,38,38,2686
19409758,7416,508952218,54052046,1652,-5836,-34,6289,293151500,2115,293151560,2115,57,-48,3,41,2663,-17,14,2662
19420188,7416,508952225,54052002,1652,-5836,-34,6289,293151550,2115,293151570,2115,57,-46,-7,25,2583,-26,-1,2582
19429591,7417,508952233,54051961,1651,-5835,-34,6289,293151550,2115,293151580,2115,57,-44,-99,85,2473,-116,59,2471
19439813,7417,508952240,54051921,1651,-5835,-33,6289,293151550,2115,293151590,2115,58,-42,-82,44,2363,-98,19,2361
19449530,7417,508952248,54051880,1651,-5834,-33,6289,293151550,2115,293151600,2115,58,-40,-31,18,2464,-46,-7,2462
19460210,7418,508952255,54051839,1651,-5835,-33,6289,293151550,2115,293151610,2115,58,-38,62,33,2545,47,7,2544
19469665,7418,508952263,54051795,1651,-5836,-33,6290,293151600,2115,293151620,2115,58,-36,98,62,2460,84,37,2459
19479564,7419,508952270,54051754,1651,-5836,-33,6290,293151600,2115,293151630,2115,58,-34,45,52,2483,32,27,2482
19489510,7419,508952277,54051713,1651,-5836,-32,6290,293151600,2115,293151640,2115,58,-32,-29,27,2446,-41,1,2444
19500418,7419,508952285,54051673,1650,-5835,-31,6290,293151600,2115,293151650,2115,59,-31,-96,44,2317,-107,19,2315
19509794,7420,508952292,54051632,1650,-5834,-29,6290,293151600,2115,293151660,2115,59,-29,-63,18,2293,-73,-7,2291
19519633,7420,508952300,54051588,1650,-5834,-28,6290,293151650,2115,293151670,2115,58,-27,-20,100,2291,-30,76,2290
19529573,7420,508952307,54051547,1649,-5835,-26,6290,293151650,2115,293151680,2115,58,-25,57,73,2325,48,49,2325
19539501,7421,508952314,54051506,1649,-5835,-25,6290,293151650,2115,293151690,2115,58,-23,76,61,2358,68,37,2357
19549505,7421,508952322,54051465,1649,-5835,-24,6290,293151650,2115,293151700,2115,58,-22,12,12,2409,4,-13,2407
19559744,7421,508952329,54051424,1649,-5836,-24,6290,293151650,2115,293151710,2115,58,-21,15,86,2418,8,61,2417
19569642,7422,508952337,54051381,1648,-5835,-22,6290,293151700,2115,293151720,2115,58,-19,-47,83,2327,-54,59,2326
19579678,7422,508952344,54051340,1648,-5835,-21,6290,293151700,2115,293151730,2115,58,-18,-50,59,2292,-56,35,2291
19590433,7422,508952352,54051299,1648,-5835,-19,6290,293151700,2115,293151740,2115,58,-17,-35,44,2260,-40,20,2259
19599521,7422,508952359,54051258,1647,-5835,-17,6290,293151700,2115,293151750,2115,58,-16,0,110,2254,-4,87,2253
19610430,7422,508952366,54051217,1647,-5835,-15,6290,293151700,2115,293151760,2115,58,-14,54,39,2255,50,16,2254
19620118,7423,508952374,54051174,1647,-5835,-13,6290,293151750,2115,293151770,2115,58,-14,24,63,2240,20,40,2239
19629578,7423,508952381,54051133,1647,-5835,-11,6290,293151750,2115,293151780,2115,58,-13,-12,50,2253,-16,26,2252
19640177,7423,508952389,54051092,1647,-5835,-9,6290,293151750,2115,293151790,2115,58,-12,-20,21,2295,-23,-3,2293
19649531,7423,508952396,54051051,1646,-5835,-7,6290,293151750,2115,293151800,2115,57,-12,-16,56,2250,-19,33,2248
19660284,7424,508952403,54051010,1646,-5835,-5,6290,293151750,2115,293151810,2115,57,-12,-33,80,2280,-36,57,2279
19669675,7424,508952411,54050967,1645,-5835,-4,6290,293151800,2115,293151820,2115,57,-11,-8,164,2343,-11,140,2343
19679568,7424,508952418,54050926,1645,-5835,-2,6290,293151800,2115,293151830,2115,56,-11,0,-54,2282,-2,-77,2280
19689490,7424,508952426,54050885,1645,-5835,-2,6290,293151800,2115,293151840,2115,56,-11,26,87,2394,23,63,2393
19699494,7424,508952433,54050844,1644,-5836,0,6290,293151800,2115,293151850,2115,55,-11,9,74,2234,7,52,2232
19709748,7425,508952440,54050803,1644,-5836,2,6290,293151800,2115,293151860,2115,55,-11,-8,12,2261,-10,-10,2259
19719658,7425,508952448,54050760,1644,-5835,4,6290,293151850,2115,293151870,2115,54,-11,-56,111,2277,-59,88,2276
19729556,7425,508952455,54050719,1643,-5835,5,6290,293151850,2115,293151880,2115,54,-11,-9,118,2372,-12,95,2371
19739923,7425,508952462,54050678,1642,-5836,6,6290,293151850,2115,293151890,2115,53,-11,14,96,2347,11,74,2346
19749511,7426,508952470,54050637,1643,-5836,8,6290,293151850,2115,293151900,2115,53,-12,39,1,2341,36,-20,2339
19761001,7426,508952477,54050596,1642,-5836,9,6290,293151850,2115,293151910,2115,52,-12,21,116,2311,18,94,2310
19769726,7426,508952485,54050552,1642,-5836,10,6290,293151900,2115,293151920,2115,51,-13,-35,49,2346,-39,27,2345
19779573,7426,508952492,54050511,1641,-5835,11,6290,293151900,2115,293151930,2115,51,-14,-71,45,2410,-75,23,2409
19789517,7426,508952499,54050471,1641,-5835,12,6290,293151900,2115,293151940,2115,51,-14,17,58,2405,12,36,2403
19799509,7426,508952507,54050430,1641,-5835,12,6290,293151900,2115,293151950,2115,50,-15,3,26,2467,-2,4,2465
19809936,7427,508952514,54050389,1640,-5836,13,6290,293151900,2115,293151960,2115,49,-16,-20,135,2387,-25,114,2387
19819714,7427,508952521,54050345,1640,-5836,14,6290,293151950,2115,293151970,2115,49,-16,6,18,2419,1,-3,2417
19829579,7427,508952529,54050304,1640,-5835,14,6290,293151950,2115,293151980,2115,48,-17,5,10,2476,-1,-11,2474
19839479,7427,508952536,54050263,1640,-5835,14,6290,293151950,2115,293151990,2115,48,-18,-8,72,2462,-14,51,2461
19849529,7427,508952544,54050222,1640,-5835,14,6290,293151950,2115,293152000,2115,48,-19,-23,24,2492,-29,3,2490
19861190,7427,508952551,54050181,1640,-5835,15,6290,293151950,2115,293152010,2115,47,-20,-50,1,2471,-57,-20,2469
19869649,7428,508952558,54050138,1639,-5835,14,6290,293152000,2115,293152020,2115,47,-21,-5,75,2538,-13,53,2537
19879598,7428,508952566,54050097,1639,-5835,14,6290,293152000,2115,293152030,2115,47,-22,-1,105,2506,-9,84,2505
19890296,7428,508952573,54050056,1638,-5835,14,6290,293152000,2115,293152040,2115,47,-23,11,31,2591,2,10,2589
19899488,7428,508952580,54050015,1639,-5835,13,6290,293152000,2115,293152050,2115,46,-24,33,-30,2547,25,-51,2545
19909933,7428,508952588,54049974,1639,-5835,12,6290,293152000,2115,293152060,2115,46,-25,-46,38,2617,-55,16,2615
19920337,7428,508952595,54049931,1638,-5835,11,6290,293152050,2115,293152070,2115,46,-27,-31,108,2624,-42,86,2622
19929576,7428,508952603,54049890,1638,-5834,11,6290,293152050,2115,293152080,2115,46,-28,-13,-6,2589,-24,-28,2587
19939507,7428,508952610,54049849,1638,-5834,9,6290,293152050,2115,293152090,2115,46,-29,-5,-2,2681,-17,-24,2679
19949729,7429,508952617,54049808,1638,-5834,9,6290,293152050,2115,293152100,2115,46,-30,-8,82,2558,-20,61,2557
19960889,7429,508952625,54049767,1637,-5834,8,6290,293152050,2115,293152110,2115,46,-31,-5,51,2626,-18,29,2624
19969648,7429,508952632,54049724,1638,-5834,7,6290,293152100,2115,293152120,2115,46,-32,-1,-53,2680,-14,-75,2678
19979647,7429,508952639,54049683,1638,-5834,5,6290,293152100,2115,293152130,2115,46,-33,-8,25,2737,-22,2,2735
19989498,7429,508952647,54049642,1637,-5834,3,6290,293152100,2115,293152140,2115,46,-34,-29,129,2685,-43,107,2684
19999494,7429,508952654,54049601,1637,-5833,1,6290,293152100,2115,293152150,2115,46,-35,-31,10,2725,-46,-12,2723
20011310,7429,508952661,54049560,1637,-5833,-1,6290,293152100,2115,293152160,2115,45,-36,-11,35,2815,-26,12,2814
20019663,7430,508952669,54049516,1637,-5833,-2,6290,293152150,2115,293152170,2115,45,-37,-6,-3,2691,-22,-25,2689
20029601,7430,508952676,54049476,1637,-5832,-4,6290,293152150,2115,293152180,2115,45,-37,-49,35,2733,-65,13,2731
20040007,7430,508952683,54049435,1637,-5832,-6,6290,293152150,2115,293152190,2115,45,-37,1,44,2664,-15,22,2662
20050159,7430,508952691,54049394,1636,-5832,-7,6290,293152150,2115,293152200,2115,45,-38,-49,100,2688,-66,78,2686
20061145,7430,508952698,54049353,1636,-5832,-9,6290,293152150,2115,293152210,2115,45,-37,-19,-19,2717,-35,-41,2714
20069680,7430,508952706,54049309,1636,-5831,-11,6290,293152200,2115,293152220,2115,44,-37,-14,52,2748,-30,30,2746
20079575,7430,508952713,54049268,1635,-5831,-13,6290,293152200,2115,293152230,2115,43,-37,-31,103,2768,-47,81,2766
20089507,7431,508952720,54049228,1635,-5831,-14,6290,293152200,2115,293152240,2115,43,-36,29,-6,2730,14,-26,2728
20099507,7431,508952728,54049187,1635,-5831,-16,6290,293152200,2115,293152250,2115,42,-36,-30,37,2649,-45,17,2647
20110915,7431,508952735,54049146,1635,-5831,-16,6290,293152200,2115,293152260,2115,41,-35,-23,52,2597,-37,33,2595
20119661,7431,508952742,54049102,1634,-5830,-17,6290,293152250,2115,293152270,2115,41,-34,-19,98,2631,-33,78,2630
20129572,7431,508952750,54049061,1634,-5830,-18,6290,293152250,2115,293152280,2115,40,-33,-27,12,2583,-40,-7,2581
20139505,7431,508952757,54049021,1634,-5830,-19,6290,293152250,2115,293152290,2115,39,-31,-9,77,2618,-22,58,2617
20149527,7431,508952764,54048980,1633,-5830,-19,6290,293152250,2115,293152300,2115,38,-30,11,46,2553,-1,29,2552
20160017,7431,508952772,54048939,1633,-5830,-20,6290,293152250,2115,293152310,2115,37,-29,14,11,2585,2,-6,2583
20169648,7431,508952779,54048895,1633,-5830,-20,6290,293152300,2115,293152320,2115,37,-28,4,29,2514,-7,12,2512
20179575,7431,508952786,54048854,1633,-5830,-20,6290,293152300,2115,293152330,2115,36,-27,-5,20,2546,-15,3,2544
20189886,7431,508952794,54048814,1633,-5830,-20,6290,293152300,2115,293152340,2115,35,-26,-47,63,2525,-57,46,2523
20199488,7431,508952801,54048773,1632,-5830,-20,6290,293152300,2115,293152350,2115,34,-25,-13,37,2500,-22,22,2498
20209778,7431,508952808,54048732,1632,-5830,-21,6290,293152300,2115,293152360,2115,33,-24,-5,56,2547,-14,41,2545
20220125,7431,508952816,54048688,1632,-5830,-21,6290,293152350,2115,293152370,2115,32,-23,17,9,2508,9,-6,2506
20229597,7431,508952823,54048647,1632,-5830,-21,6290,293152350,2115,293152380,2115,32,-23,47,0,2493,39,-14,2491
20240203,7431,508952830,54048606,1631,-5830,-20,6290,293152350,2115,293152390,2115,31,-22,-6,106,2351,-13,93,2350
20250105,7431,508952838,54048566,1632,-5830,-19,6290,293152350,2115,293152400,2115,31,-22,-13,-20,2452,-21,-34,2450
20260062,7431,508952845,54048525,1632,-5829,-19,6290,293152350,2115,293152410,2115,30,-22,-39,-16,2459,-47,-30,2457
20269664,7431,508952853,54048481,1632,-5830,-19,6290,293152400,2115,293152420,2115,30,-22,-23,46,2494,-30,32,2492
20280167,7431,508952860,54048440,1631,-5830,-19,6290,293152400,2115,293152430,2115,29,-22,21,46,2564,13,33,2563
20289506,7431,508952867,54048399,1631,-5830,-19,6290,293152400,2115,293152440,2115,29,-23,39,37,2474,31,24,2472
20299646,7431,508952875,54048359,1632,-5830,-18,6290,293152400,2115,293152450,2115,29,-23,-3,-36,2414,-11,-49,2412
20310365,7431,508952882,54048318,1631,-5830,-18,6290,293152400,2115,293152460,2115,29,-23,-19,41,2379,-27,29,2378
20319636,7431,508952889,54048274,1631,-5830,-17,6290,293152450,2115,293152470,2115,29,-23,-30,55,2435,-38,42,2433
20329637,7431,508952897,54048233,1631,-5829,-16,6290,293152450,2115,293152480,2115,29,-22,-46,-34,2396,-54,-47,2394
20339708,7431,508952904,54048192,1631,-5829,-16,6290,293152450,2115,293152490,2115,28,-22,-33,-1,2440,-41,-14,2438
20349514,7432,508952911,54048151,1631,-5829,-15,6290,293152450,2115,293152500,2115,28,-22,6,41,2476,-2,28,2474
20360193,7432,508952919,54048111,1631,-5829,-15,6290,293152450,2115,293152510,2115,27,-22,31,40,2515,23,28,2513
20370301,7432,508952926,54048067,1631,-5828,-15,6290,293152500,2115,293152520,2115,26,-22,9,-1,2430,2,-13,2428
20379734,7432,508952933,54048026,1631,-5828,-14,6290,293152500,2115,293152530,2115,25,-21,-18,11,2395,-25,0,2394
20389497,7432,508952940,54047985,1630,-5828,-12,6290,293152500,2115,293152540,2115,25,-21,-76,30,2295,-82,20,2293
20399873,7432,508952948,54047944,1630,-5828,-11,6290,293152500,2115,293152550,2115,24,-20,-23,19,2324,-29,9,2322
20410889,7432,508952955,54047904,1630,-5827,-10,6290,293152500,2115,293152560,2115,23,-20,-35,28,2312,-41,18,2310
20420046,7432,508952963,54047860,1630,-5828,-8,6290,293152550,2115,293152570,2115,22,-19,42,21,2331,36,11,2330
20430161,7432,508952970,54047819,1630,-5828,-7,6290,293152550,2115,293152580,2115,21,-19,68,0,2371,62,-9,2369
20439514,7432,508952977,54047778,1631,-5829,-6,6290,293152550,2115,293152590,2115,20,-19,45,-6,2328,39,-14,2326
20449535,7432,508952985,54047737,1630,-5829,-5,6290,293152550,2115,293152600,2115,19,-20,-2,81,2355,-9,73,2353
20460579,7431,508952992,54047697,1630,-5828,-3,6290,293152550,2115,293152610,2115,18,-20,-64,62,2311,-70,54,2309
20469678,7431,508952999,54047653,1630,-5828,-2,6290,293152600,2115,293152620,2115,17,-20,-41,-33,2379,-47,-41,2377
20479617,7431,508953007,54047612,1630,-5828,-1,6290,293152600,2115,293152630,2115,15,-20,-11,-15,2396,-17,-22,2394
20489819,7431,508953014,54047571,1630,-5828,-1,6291,293152600,2115,293152640,2115,14,-21,14,43,2412,7,36,2411
20499494,7431,508953021,54047530,1629,-5828,0,6291,293152600,2115,293152650,2115,13,-21,32,59,2453,24,53,2451
20510919,7431,508953029,54047490,1629,-5828,0,6291,293152600,2115,293152660,2115,12,-22,13,49,2438,5,44,2437
20520605,7430,508953036,54047446,1629,-5828,1,6291,293152650,2115,293152670,2115,11,-23,18,-22,2426,11,-27,2424
20529563,7430,508953043,54047405,1629,-5828,1,6291,293152650,2115,293152680,2115,10,-24,-40,-42,2419,-48,-47,2417
20539501,7430,508953051,54047364,1629,-5828,3,6291,293152650,2115,293152690,2115,9,-25,-57,64,2367,-66,60,2365
20549527,7430,508953058,54047323,1629,-5827,3,6291,293152650,2115,293152700,2115,8,-26,-23,16,2429,-32,12,2427
20559734,7430,508953065,54047282,1629,-5827,4,6291,293152650,2115,293152710,2115,7,-27,4,-5,2447,-6,-9,2445
20569666,7430,508953072,54047239,1628,-5827,4,6291,293152700,2115,293152720,2115,6,-27,23,-2,2491,13,-5,2489
20579577,7429,508953080,54047198,1628,-5827,3,6291,293152700,2115,293152730,2115,6,-28,24,35,2575,13,32,2573
20589498,7429,508953087,54047157,1629,-5827,3,6291,293152700,2115,293152740,2115,5,-29,29,-50,2542,18,-52,2540
20599553,7429,508953094,54047116,1629,-5827,3,6291,293152700,2115,293152750,2115,4,-30,-51,-25,2547,-62,-28,2545
20610145,7429,508953102,54047075,1628,-5826,3,6291,293152700,2115,293152760,2115,3,-31,-82,29,2495,-93,26,2493
20619655,7429,508953109,54047032,1629,-5826,3,6291,293152750,2115,293152770,2115,3,-31,-28,-66,2498,-39,-68,2496
20629577,7429,508953116,54046991,1629,-5826,2,6291,293152750,2115,293152780,2115,2,-31,-9,19,2587,-22,18,2585
20640252,7429,508953124,54046950,1629,-5826,2,6291,293152750,2115,293152790,2115,0,-31,6,-11,2530,-6,-12,2528
20649518,7429,508953131,54046909,1628,-5826,2,6291,293152750,2115,293152800,2115,-1,-31,21,17,2521,9,17,2519
20660628,7429,508953138,54046869,1629,-5826,1,6291,293152750,2115,293152810,2115,-2,-31,22,-83,2599,10,-82,2597
20669656,7429,508953146,54046825,1629,-5825,0,6291,293152800,2115,293152820,2115,-3,-31,-23,-38,2582,-35,-37,2580
20679574,7429,508953153,54046784,1629,-5825,0,6291,293152800,2115,293152830,2115,-5,-31,-42,18,2553,-54,20,2551
20689512,7429,508953160,54046743,1629,-5824,-1,6291,293152800,2115,293152840,2115,-6,-31,-48,-33,2567,-60,-31,2565
20700753,7429,508953168,54046703,1629,-5824,-1,6291,293152800,2115,293152850,2115,-7,-31,-20,-9,2544,-32,-7,2542
20709777,7429,508953175,54046662,1629,-5824,-1,6291,293152800,2115,293152860,2115,-9,-30,6,1,2500,-5,4,2498
20719632,7429,508953182,54046618,1629,-5824,-1,6291,293152850,2115,293152870,2115,-10,-30,33,38,2549,22,42,2547
20729825,7429,508953190,54046577,1629,-5824,-1,6291,293152850,2115,293152880,2115,-12,-29,15,-79,2494,5,-74,2492
20739504,7429,508953197,54046537,1630,-5824,-2,6291,293152850,2115,293152890,2115,-14,-29,-8,-38,2531,-19,-33,2529
20749508,7429,508953204,54046496,1629,-5823,-2,6291,293152850,2115,293152900,2115,-15,-28,-77,16,2533,-88,22,2530
20759749,7429,508953212,54046455,1629,-5823,-2,6291,293152850,2115,293152910,2115,-17,-27,1,5,2556,-9,12,2555
20769653,7430,508953219,54046411,1628,-5824,-3,6291,293152900,2115,293152920,2115,-19,-27,25,128,2571,14,136,2569
20779574,7430,508953226,54046371,1629,-5824,-3,6291,293152900,2115,293152930,2115,-21,-26,51,-55,2500,41,-46,2498
20789548,7430,508953234,54046330,1629,-5824,-3,6291,293152900,2115,293152940,2115,-23,-25,14,6,2548,5,16,2546
20799501,7430,508953241,54046289,1628,-5824,-3,6291,293152900,2115,293152950,2115,-25,-25,-22,-2,2513,-31,8,2511
20809758,7430,508953248,54046248,1628,-5823,-3,6291,293152900,2115,293152960,2115,-27,-24,-53,27,2520,-61,38,2518
20819640,7430,508953256,54046204,1627,-5823,-3,6291,293152950,2115,293152970,2115,-28,-23,-25,50,2461,-33,62,2459
20829610,7431,508953263,54046164,1627,-5823,-3,6291,293152950,2115,293152980,2115,-30,-22,-2,1,2525,-9,13,2523
20839525,7431,508953270,54046123,1627,-5824,-4,6291,293152950,2115,293152990,2115,-32,-21,25,67,2557,17,81,2555
20849528,7431,508953277,54046082,1626,-5824,-4,6291,293152950,2115,293153000,2115,-33,-20,54,49,2537,47,64,2535
20860584,7431,508953285,54046041,1626,-5824,-4,6291,293152950,2115,293153010,2115,-35,-20,-5,-44,2489,-12,-29,2488
20869668,7431,508953292,54045998,1626,-5824,-3,6291,293153000,2115,293153020,2115,-37,-19,-29,21,2451,-35,36,2449
20879561,7431,508953299,54045957,1626,-5823,-3,6291,293153000,2115,293153030,2115,-38,-18,-45,35,2447,-51,50,2445
20889514,7432,508953307,54045916,1625,-5823,-2,6291,293153000,2115,293153040,2115,-40,-17,-20,49,2460,-26,66,2457
20899511,7432,508953314,54045875,1625,-5824,-2,6291,293153000,2115,293153050,2115,-41,-16,21,43,2472,16,60,2470
20909779,7432,508953321,54045834,1625,-5824,-2,6291,293153000,2115,293153060,2115,-42,-16,52,-59,2522,48,-40,2520
20919659,7432,508953329,54045791,1625,-5824,-3,6291,293153050,2115,293153070,2115,-43,-16,6,56,2517,1,74,2515
20929581,7432,508953336,54045750,1624,-5824,-2,6291,293153050,2115,293153080,2115,-44,-15,36,12,2476,31,30,2474
20939499,7432,508953343,54045709,1625,-5824,-2,6291,293153050,2115,293153090,2115,-45,-15,-4,-74,2505,-8,-54,2503
20949516,7432,508953351,54045668,1625,-5824,-2,6291,293153050,2115,293153100,2115,-46,-15,-50,-5,2465,-55,14,2463
20959744,7432,508953358,54045627,1624,-5824,-1,6291,293153050,2115,293153110,2115,-47,-14,-38,67,2425,-43,86,2422
20970189,7433,508953365,54045584,1623,-5824,-1,6291,293153100,2115,293153120,2115,-47,-14,-11,49,2498,-15,69,2496
20979579,7433,508953372,54045543,1624,-5824,-1,6291,293153100,2115,293153130,2115,-48,-14,46,-61,2514,43,-40,2512
20989515,7433,508953380,54045502,1623,-5824,-1,6291,293153100,2115,293153140,2115,-48,-14,52,44,2504,48,65,2502
20999903,7433,508953387,54045461,1623,-5825,-2,6291,293153100,2115,293153150,2115,-48,-14,29,-51,2528,25,-31,2527
21009888,7433,508953394,54045420,1623,-5824,-2,6291,293153100,2115,293153160,2115,-48,-14,-14,28,2493,-18,48,2491
21019687,7434,508953402,54045377,1623,-5824,-1,6291,293153150,2115,293153170,2115,-48,-14,-48,-13,2434,-52,6,2432
21030212,7434,508953409,54045336,1623,-5824,-1,6291,293153150,2115,293153180,2115,-49,-14,-40,-41,2474,-44,-21,2473
21039544,7434,508953416,54045295,1622,-5824,0,6291,293153150,2115,293153190,2115,-49,-14,-31,29,2422,-35,49,2419
21049681,7434,508953424,54045254,1622,-5824,0,6291,293153150,2115,293153200,2115,-49,-15,46,2,2519,41,23,2517
21060602,7435,508953431,54045214,1622,-5824,-1,6291,293153150,2115,293153210,2115,-49,-15,66,-17,2550,61,5,2548
21069692,7435,508953438,54045170,1623,-5825,-1,6291,293153200,2115,293153220,2115,-49,-16,68,-52,2555,63,-30,2554
21079584,7435,508953445,54045129,1623,-5825,-2,6291,293153200,2115,293153230,2115,-49,-17,-27,-6,2555,-32,16,2553
21089527,7436,508953453,54045088,1622,-5824,-1,6291,293153200,2115,293153240,2115,-50,-17,-77,6,2467,-82,26,2465
21099493,7436,508953460,54045047,1622,-5824,-1,6291,293153200,2115,293153250,2115,-50,-18,-24,53,2519,-30,74,2516
21109969,7436,508953467,54045007,1622,-5824,-1,6291,293153200,2115,293153260,2115,-50,-18,-42,-38,2498,-48,-17,2496
21119683,7437,508953475,54044963,1622,-5824,-2,6291,293153250,2115,293153270,2115,-51,-19,41,-23,2571,34,-1,2570
21129620,7437,508953482,54044922,1621,-5825,-2,6291,293153250,2115,293153280,2115,-51,-19,85,70,2531,78,92,2528
21139518,7437,508953489,54044881,1621,-5825,-2,6291,293153250,2115,293153290,2115,-52,-20,29,-48,2465,23,-26,2464
21149501,7438,508953496,54044841,1621,-5824,-2,6291,293153250,2115,293153300,2115,-52,-20,-39,-13,2535,-46,9,2533
21159885,7438,508953504,54044800,1621,-5824,-2,6291,293153250,2115,293153310,2115,-53,-21,-51,36,2459,-58,58,2456
21169658,7438,508953511,54044756,1620,-5824,-2,6291,293153300,2115,293153320,2115,-53,-21,-46,3,2572,-53,26,2569
21179574,7439,508953518,54044715,1620,-5824,-2,6291,293153300,2115,293153330,2115,-53,-21,7,-12,2508,0,11,2507
21189525,7439,508953526,54044674,1620,-5824,-3,6291,293153300,2115,293153340,2115,-54,-21,43,17,2546,35,40,2544
21199520,7440,508953533,54044634,1620,-5824,-3,6291,293153300,2115,293153350,2115,-54,-21,30,28,2508,23,51,2506
21210944,7440,508953540,54044593,1620,-5825,-3,6291,293153300,2115,293153360,2115,-55,-21,16,4,2577,9,28,2575
21219658,7440,508953547,54044549,1619,-5824,-3,6291,293153350,2115,293153370,2115,-55,-21,-14,-10,2502,-21,13,2500
21229589,7441,508953555,54044508,1618,-5824,-3,6291,293153350,2115,293153380,2115,-56,-20,-43,42,2455,-50,65,2452
21239494,7441,508953562,54044468,1618,-5824,-3,6291,293153350,2115,293153390,2115,-56,-20,-8,2,2451,-15,25,2449
21249514,7441,508953569,54044427,1618,-5824,-2,6291,293153350,2115,293153400,2115,-57,-20,26,-8,2423,20,16,2421
21260895,7442,508953576,54044386,1617,-5825,-2,6291,293153350,2115,293153410,2115,-58,-19,14,89,2450,7,113,2447
21269681,7442,508953584,54044342,1617,-5825,-1,6291,293153400,2115,293153420,2115,-58,-19,66,33,2461,59,58,2459
21279618,7442,508953591,54044301,1617,-5825,-1,6291,293153400,2115,293153430,2115,-58,-19,22,-58,2515,16,-33,2514
21289502,7442,508953598,54044261,1618,-5825,-1,6291,293153400,2115,293153440,2115,-59,-19,-13,-96,2478,-18,-71,2477
21299493,7442,508953606,54044220,1617,-5825,-1,6291,293153400,2115,293153450,2115,-60,-19,-45,100,2502,-52,125,2499
21310934,7442,508953613,54044179,1616,-5825,-1,6291,293153400,2115,293153460,2115,-60,-19,3,52,2476,-3,77,2474
21319639,7443,508953620,54044135,1616,-5825,0,6291,293153450,2115,293153470,2115,-61,-18,43,-10,2473,37,16,2471
21329591,7443,508953627,54044095,1616,-5825,0,6291,293153450,2115,293153480,2115,-61,-18,26,4,2495,20,30,2493
21339502,7443,508953635,54044054,1616,-5826,0,6291,293153450,2115,293153490,2115,-62,-18,32,-29,2443,27,-3,2441
21349526,7443,508953642,54044013,1616,-5826,1,6291,293153450,2115,293153500,2115,-62,-18,10,21,2448,4,47,2446
21359741,7443,508953649,54043972,1616,-5826,1,6291,293153450,2115,293153510,2115,-63,-18,-3,-33,2437,-9,-7,2435
21370410,7443,508953656,54043928,1616,-5826,1,6291,293153500,2115,293153520,2115,-63,-18,-16,12,2491,-22,39,2489
21379583,7443,508953664,54043888,1615,-5826,1,6291,293153500,2115,293153530,2115,-64,-19,22,-6,2487,16,22,2485
21389518,7443,508953671,54043847,1615,-5826,1,6291,293153500,2115,293153540,2115,-65,-19,29,4,2555,22,33,2553
21399526,7444,508953678,54043806,1615,-5826,1,6291,293153500,2115,293153550,2115,-66,-19,5,17,2512,-2,45,2510
21409799,7444,508953685,54043765,1614,-5826,1,6291,293153500,2115,293153560,2115,-67,-19,30,27,2540,24,56,2538
21419661,7444,508953693,54043721,1614,-5826,1,6291,293153550,2115,293153570,2115,-67,-20,-1,-1,2492,-8,28,2490
21429585,7444,508953700,54043681,1614,-5826,1,6291,293153550,2115,293153580,2115,-68,-20,-3,10,2462,-10,38,2459
21439533,7444,508953707,54043640,1614,-5826,1,6291,293153550,2115,293153590,2115,-69,-21,-25,-25,2474,-32,4,2472
21450587,7444,508953715,54043599,1614,-5826,1,6291,293153550,2115,293153600,2115,-70,-21,12,1,2478,5,31,2476
21459742,7444,508953722,54043558,1613,-5826,1,6291,293153550,2115,293153610,2115,-71,-22,32,27,2526,24,58,2523
21469661,7444,508953729,54043514,1613,-5827,1,6291,293153600,2115,293153620,2115,-72,-22,38,4,2511,30,35,2509
21479571,7444,508953736,54043474,1613,-5827,0,6291,293153600,2115,293153630,2115,-73,-23,31,-20,2590,23,13,2589
21489514,7444,508953743,54043433,1613,-5827,0,6291,293153600,2115,293153640,2115,-74,-23,3,-41,2521,-5,-9,2519
21499529,7444,508953751,54043392,1613,-5827,0,6291,293153600,2115,293153650,2115,-75,-23,-24,-43,2534,-33,-10,2532
21509806,7444,508953758,54043351,1612,-5826,0,6291,293153600,2115,293153660,2115,-76,-23,-50,22,2552,-58,56,2550
21519662,7444,508953765,54043307,1612,-5826,-1,6292,293153650,2115,293153670,2115,-77,-24,-5,4,2563,-14,39,2561
21529612,7444,508953773,54043267,1613,-5826,-1,6292,293153650,2115,293153680,2115,-79,-24,34,-66,2558,25,-32,2557
21539511,7444,508953780,54043226,1612,-5827,-2,6292,293153650,2115,293153690,2115,-80,-24,47,-19,2550,39,16,2549
21549505,7444,508953787,54043185,1612,-5827,-2,6292,293153650,2115,293153700,2115,-81,-24,25,24,2559,17,60,2556
21560245,7444,508953794,54043144,1612,-5827,-2,6292,293153650,2115,293153710,2115,-82,-24,-23,-54,2498,-31,-19,2497
21569672,7444,508953801,54043100,1612,-5827,-2,6292,293153700,2115,293153720,2115,-84,-24,-22,-14,2508,-30,22,2507
21580260,7444,508953809,54043060,1612,-5826,-2,6292,293153700,2115,293153730,2115,-85,-24,-10,-59,2507,-19,-22,2506
21589528,7444,508953816,54043019,1611,-5827,-3,6292,293153700,2115,293153740,2115,-87,-23,13,18,2551,4,57,2549
21599527,7445,508953823,54042978,1611,-5827,-2,6292,293153700,2115,293153750,2115,-88,-23,17,3,2466,9,41,2464
21610937,7445,508953830,54042937,1611,-5827,-3,6292,293153700,2115,293153760,2115,-89,-23,44,-42,2569,36,-2,2567
21619645,7445,508953838,54042893,1611,-5827,-3,6292,293153750,2115,293153770,2115,-90,-23,46,1,2517,38,40,2515
21629587,7445,508953845,54042853,1611,-5827,-3,6292,293153750,2115,293153780,2115,-91,-23,-4,-89,2495,-12,-50,2494
21640149,7445,508953852,54042812,1611,-5827,-3,6292,293153750,2115,293153790,2115,-92,-22,-58,5,2532,-66,44,2529
21649510,7445,508953859,54042771,1611,-5827,-3,6292,293153750,2115,293153800,2115,-93,-22,-12,-9,2456,-19,31,2454
21660227,7445,508953867,54042730,1610,-5827,-3,6292,293153750,2115,293153810,2115,-94,-22,19,21,2499,11,61,2497
21669689,7445,508953874,54042686,1610,-5827,-3,6292,293153800,2115,293153820,2115,-95,-22,38,-33,2488,31,7,2486
21679612,7445,508953881,54042646,1610,-5827,-3,6292,293153800,2115,293153830,2115,-95,-22,41,-10,2505,34,32,2503
21689526,7445,508953888,54042605,1610,-5828,-3,6292,293153800,2115,293153840,2115,-96,-22,44,-42,2495,36,0,2494
21699501,7445,508953896,54042564,1610,-5828,-2,6292,293153800,2115,293153850,2115,-96,-22,3,-51,2485,-5,-10,2483
21710929,7445,508953903,54042523,1610,-5827,-2,6292,293153800,2115,293153860,2115,-97,-22,-47,-46,2460,-54,-5,2458
21719705,7445,508953910,54042479,1610,-5827,-2,6292,293153850,2115,293153870,2115,-97,-22,-1,-44,2481,-8,-3,2480
21730349,7446,508953917,54042438,1609,-5827,-2,6292,293153850,2115,293153880,2115,-98,-21,-3,11,2514,-11,53,2512
21739494,7446,508953925,54042398,1609,-5828,-2,6292,293153850,2115,293153890,2115,-98,-21,50,-30,2528,43,14,2526
21749517,7446,508953932,54042357,1610,-5828,-2,6292,293153850,2115,293153900,2115,-99,-21,40,-49,2516,33,-6,2515
21760883,7446,508953939,54042316,1610,-5828,-2,6292,293153850,2115,293153910,2115,-99,-21,20,-88,2476,13,-46,2476
21769656,7446,508953946,54042272,1610,-5828,-2,6292,293153900,2115,293153920,2115,-99,-21,-18,0,2507,-26,43,2505
21779580,7446,508953953,54042231,1610,-5828,-2,6292,293153900,2115,293153930,2115,-99,-21,-11,-49,2481,-18,-6,2480
21790109,7446,508953961,54042190,1610,-5828,-1,6292,293153900,2115,293153940,2115,-100,-21,6,-61,2431,-1,-19,2430
21799505,7446,508953968,54042150,1609,-5828,-1,6292,293153900,2115,293153950,2115,-100,-21,3,-9,2448,-4,34,2446
21809761,7447,508953975,54042109,1610,-5828,-1,6292,293153900,2115,293153960,2115,-101,-21,40,-59,2513,33,-15,2511
21820310,7447,508953982,54042065,1610,-5828,-1,6292,293153950,2115,293153970,2115,-101,-20,75,-46,2542,68,-1,2541
21829578,7447,508953990,54042024,1610,-5828,-1,6292,293153950,2115,293153980,2115,-102,-20,19,-72,2466,13,-29,2465
21839507,7447,508953997,54041983,1610,-5828,-1,6292,293153950,2115,293153990,2115,-102,-20,-21,2,2441,-27,45,2439
21850373,7447,508954004,54041943,1610,-5828,0,6292,293153950,2115,293154000,2115,-103,-20,-46,-46,2435,-52,-3,2434
21859804,7448,508954011,54041902,1609,-5828,0,6292,293153950,2115,293154010,2115,-103,-19,4,-30,2527,-3,15,2525
21869669,7448,508954019,54041858,1609,-5828,0,6292,293154000,2115,293154020,2115,-104,-19,37,-4,2469,31,40,2467
21880010,7448,508954026,54041817,1609,-5829,0,6292,293154000,2115,293154030,2115,-105,-19,70,-24,2484,64,22,2482
21889511,7448,508954033,54041776,1609,-5829,1,6292,293154000,2115,293154040,2115,-106,-19,40,-7,2446,34,38,2444
21899539,7448,508954040,54041735,1609,-5829,1,6292,293154000,2115,293154050,2115,-107,-19,10,-23,2495,4,22,2493
21909818,7449,508954048,54041695,1609,-5829,1,6292,293154000,2115,293154060,2115,-107,-19,-20,-63,2498,-26,-17,2496
21919653,7449,508954055,54041651,1609,-5829,1,6292,293154050,2115,293154070,2115,-108,-19,14,-22,2482,8,24,2480
21929602,7449,508954062,54041610,1608,-5829,1,6292,293154050,2115,293154080,2115,-109,-19,10,41,2436,4,87,2433
21939500,7449,508954069,54041569,1608,-5830,2,6292,293154050,2115,293154090,2115,-110,-19,45,-36,2418,39,10,2416
21949521,7449,508954076,54041528,1608,-5830,2,6292,293154050,2115,293154100,2115,-111,-19,8,6,2457,1,53,2455
21959819,7450,508954084,54041487,1607,-5830,2,6292,293154050,2115,293154110,2115,-112,-19,55,1,2491,48,49,2489
21969656,7450,508954091,54041444,1607,-5830,2,6292,293154100,2115,293154120,2115,-113,-20,34,-35,2489,28,13,2487
21979601,7450,508954098,54041403,1607,-5830,3,6292,293154100,2115,293154130,2115,-114,-20,-15,-8,2472,-22,41,2470
21989520,7450,508954105,54041362,1607,-5830,3,6292,293154100,2115,293154140,2115,-115,-20,-4,-11,2462,-10,38,2460
21999712,7451,508954113,54041321,1606,-5830,3,6292,293154100,2115,293154150,2115,-116,-20,4,-22,2542,-3,29,2540
22009765,7451,508954120,54041280,1606,-5831,3,6292,293154100,2115,293154160,2115,-117,-20,19,-7,2518,12,44,2516
22019665,7451,508954127,54041237,1605,-5831,2,6292,293154150,2115,293154170,2115,-119,-20,34,67,2537,27,119,2534
22030118,7451,508954134,54041196,1605,-5832,3,6292,293154150,2115,293154180,2115,-120,-20,62,-34,2471,55,17,2469
22039531,7451,508954141,54041155,1605,-5831,3,6292,293154150,2115,293154190,2115,-121,-20,-13,-26,2503,-20,27,2502
22049948,7452,508954149,54041114,1604,-5831,3,6292,293154150,2115,293154200,2115,-122,-20,-22,-4,2442,-29,48,2439
22059873,7452,508954156,54041073,1604,-5831,3,6292,293154150,2115,293154210,2115,-124,-20,3,16,2497,-4,69,2494
22069669,7452,508954163,54041029,1604,-5832,3,6292,293154200,2115,293154220,2115,-125,-21,33,-34,2563,26,22,2561
22079611,7452,508954170,54040988,1604,-5832,2,6292,293154200,2115,293154230,2115,-127,-21,59,-44,2533,52,11,2532
22089795,7452,508954177,54040948,1603,-5832,2,6292,293154200,2115,293154240,2115,-128,-21,21,35,2512,13,91,2509
22099521,7453,508954185,54040907,1603,-5833,2,6292,293154200,2115,293154250,2115,-129,-22,34,-54,2561,27,4,2560
22109750,7453,508954192,54040866,1603,-5833,1,6292,293154200,2115,293154260,2115,-131,-22,8,-77,2550,0,-20,2549
22120173,7453,508954199,54040822,1603,-5833,2,6292,293154250,2115,293154270,2115,-132,-22,-11,-26,2455,-18,30,2453
22129581,7453,508954206,54040781,1603,-5833,2,6292,293154250,2115,293154280,2115,-133,-22,-7,-14,2505,-14,43,2503
22139515,7453,508954213,54040740,1602,-5833,2,6292,293154250,2115,293154290,2115,-134,-23,22,54,2492,14,112,2488
22150078,7453,508954221,54040699,1602,-5833,1,6292,293154250,2115,293154300,2115,-135,-23,30,-128,2562,23,-68,2563
22159772,7454,508954228,54040658,1602,-5834,1,6292,293154250,2115,293154310,2115,-136,-23,70,-12,2575,61,49,2573
22170117,7454,508954235,54040615,1602,-5834,0,6292,293154300,2115,293154320,2115,-137,-23,42,-16,2582,33,45,2580
22180203,7454,508954242,54040574,1602,-5834,0,6292,293154300,2115,293154330,2115,-138,-23,-8,-76,2582,-16,-14,2581
22189585,7454,508954249,54040533,1602,-5833,0,6292,293154300,2115,293154340,2115,-138,-23,-29,-52,2521,-37,9,2519
22199516,7455,508954257,54040492,1601,-5833,-1,6292,293154300,2115,293154350,2115,-139,-23,-37,22,2572,-45,84,2569
22210010,7455,508954264,54040451,1601,-5834,-1,6292,293154300,2115,293154360,2115,-140,-23,46,-62,2536,38,-1,2535
22219651,7455,508954271,54040408,1601,-5834,-2,6292,293154350,2115,293154370,2115,-140,-22,59,-65,2524,51,-3,2523
22229603,7455,508954278,54040367,1601,-5834,-1,6292,293154350,2115,293154380,2115,-141,-22,42,-33,2495,34,28,2494
22239650,7456,508954285,54040326,1600,-5835,-2,6292,293154350,2115,293154390,2115,-141,-22,23,32,2567,15,95,2564
22249530,7456,508954293,54040285,1601,-5835,-2,6292,293154350,2115,293154400,2115,-142,-22,31,-83,2513,24,-21,2513
22259801,7456,508954300,54040244,1601,-5835,-2,6292,293154350,2115,293154410,2115,-142,-22,7,-79,2488,0,-18,2487
22270031,7456,508954307,54040200,1600,-5834,-2,6292,293154400,2115,293154420,2115,-142,-22,-28,14,2498,-35,75,2495
22279620,7457,508954314,54040159,1600,-5835,-2,6292,293154400,2115,293154430,2115,-143,-21,34,-25,2478,27,37,2476
22289520,7457,508954321,54040118,1599,-5835,-2,6292,293154400,2115,293154440,2115,-143,-21,18,-18,2493,11,44,2491
22299506,7457,508954328,54040077,1599,-5835,-2,6292,293154400,2115,293154450,2115,-144,-21,76,-57,2532,69,6,2531
22309793,7457,508954336,54040036,1599,-5836,-2,6292,293154400,2115,293154460,2115,-144,-20,31,-49,2478,24,13,2477
22319661,7458,508954343,54039993,1599,-5836,-2,6292,293154450,2115,293154470,2115,-144,-20,10,-60,2486,3,3,2485
22330274,7458,508954350,54039952,1599,-5836,-2,6292,293154450,2115,293154480,2115,-144,-19,-16,-18,2523,-22,45,2520
22339522,7458,508954357,54039911,1599,-5836,-1,6292,293154450,2115,293154490,2115,-145,-18,6,-23,2479,0,39,2477
22349521,7458,508954364,54039870,1598,-5836,-1,6292,293154450,2115,293154500,2115,-145,-17,1,-10,2478,-4,53,2476
22360125,7458,508954372,54039829,1598,-5836,-1,6292,293154450,2115,293154510,2115,-145,-16,21,-41,2477,16,21,2475
22369663,7458,508954379,54039785,1599,-5836,0,6292,293154500,2115,293154520,2115,-145,-15,64,-56,2414,60,5,2413
22379580,7458,508954386,54039745,1598,-5837,0,6292,293154500,2115,293154530,2115,-145,-14,14,-18,2441,10,43,2439
22389527,7458,508954393,54039704,1599,-5837,1,6292,293154500,2115,293154540,2115,-144,-13,40,-98,2420,36,-38,2420
22399540,7459,508954400,54039663,1599,-5837,1,6292,293154500,2115,293154550,2115,-144,-12,2,-29,2407,-1,31,2405
22409801,7459,508954408,54039622,1598,-5837,3,6292,293154500,2115,293154560,2115,-144,-11,-9,-11,2354,-12,48,2352
22419869,7459,508954415,54039578,1598,-5837,4,6292,293154550,2115,293154570,2115,-144,-10,18,-59,2383,16,0,2382
22429590,7459,508954422,54039537,1598,-5837,5,6292,293154550,2115,293154580,2115,-144,-9,37,-62,2319,36,-4,2318
22439510,7459,508954429,54039496,1599,-5838,6,6292,293154550,2115,293154590,2115,-144,-7,53,-86,2357,52,-27,2357
22450324,7460,508954436,54039455,1599,-5838,7,6292,293154550,2115,293154600,2115,-143,-6,41,-46,2380,40,14,2379
22459778,7460,508954444,54039414,1598,-5838,8,6292,293154550,2115,293154610,2115,-143,-5,25,4,2366,25,62,2363
22469669,7460,508954451,54039371,1598,-5838,10,6292,293154600,2115,293154620,2115,-143,-4,-7,-67,2352,-6,-9,2351
22480325,7460,508954458,54039330,1598,-5838,11,6292,293154600,2115,293154630,2115,-143,-3,18,-46,2279,19,11,2278
22489525,7460,508954465,54039289,1597,-5838,13,6292,293154600,2115,293154640,2115,-143,-2,-11,4,2319,-10,61,2316
22499502,7461,508954472,54039248,1597,-5839,14,6292,293154600,2115,293154650,2115,-143,-1,51,-47,2302,53,10,2300
22510004,7461,508954479,54039207,1597,-5839,16,6292,293154600,2115,293154660,2115,-143,0,36,-56,2333,38,2,2332
22519666,7461,508954487,54039163,1598,-5839,17,6292,293154650,2115,293154670,2115,-143,0,65,-45,2372,67,14,2370
22529581,7461,508954494,54039122,1597,-5840,18,6292,293154650,2115,293154680,2115,-143,1,40,6,2351,42,64,2349
22540108,7461,508954501,54039081,1597,-5840,19,6293,293154650,2115,293154690,2115,-144,1,11,0,2361,13,58,2359
22549508,7461,508954508,54039040,1597,-5840,21,6293,293154650,2115,293154700,2115,-144,1,-19,-107,2295,-16,-50,2296
22559803,7462,508954515,54038999,1597,-5840,22,6293,293154650,2115,293154710,2115,-144,1,-5,-77,2358,-2,-18,2358
22570240,7462,508954522,54038956,1596,-5841,23,6293,293154700,2115,293154720,2115,-145,1,39,96,2319,41,155,2314
22579584,7462,508954530,54038915,1596,-5841,24,6293,293154700,2115,293154730,2115,-145,1,88,-39,2374,90,21,2372
22589545,7462,508954537,54038874,1597,-5841,25,6293,293154700,2115,293154740,2115,-146,0,56,-169,2393,59,-109,2395
22600346,7462,508954544,54038833,1596,-5842,25,6293,293154700,2115,293154750,2115,-146,-1,-15,66,2468,-14,128,2464
22609795,7462,508954551,54038792,1596,-5842,26,6293,293154700,2115,293154760,2115,-146,-1,4,-37,2419,6,24,2418
22619694,7462,508954558,54038748,1596,-5842,26,6293,293154750,2115,293154770,2115,-147,-2,29,-83,2482,30,-20,2481
22629583,7462,508954565,54038707,1596,-5842,27,6293,293154750,2115,293154780,2115,-147,-3,-8,-66,2460,-7,-3,2459
22639524,7462,508954573,54038666,1596,-5842,27,6293,293154750,2115,293154790,2115,-148,-4,34,-37,2461,34,27,2460
22649523,7462,508954580,54038625,1596,-5843,27,6293,293154750,2115,293154800,2115,-149,-5,43,-18,2444,42,45,2442
22660511,7462,508954587,54038584,1596,-5843,27,6293,293154750,2115,293154810,2115,-149,-6,18,-124,2508,17,-59,2509
22669663,7462,508954594,54038541,1596,-5843,27,6293,293154800,2115,293154820,2115,-149,-7,28,-48,2582,27,18,2581
22679603,7462,508954601,54038500,1596,-5843,26,6293,293154800,2115,293154830,2115,-149,-8,25,-89,2534,23,-23,2534
22689531,7462,508954609,54038459,1596,-5843,26,6293,293154800,2115,293154840,2115,-149,-9,2,-27,2572,0,39,2570
22699521,7462,508954616,54038418,1596,-5843,25,6293,293154800,2115,293154850,2115,-149,-10,17,-122,2560,15,-56,2560
22709912,7462,508954623,54038377,1596,-5843,25,6293,293154800,2115,293154860,2115,-150,-11,1,-22,2544,-1,44,2542
22719684,7462,508954630,54038333,1596,-5843,24,6293,293154850,2115,293154870,2115,-150,-12,2,-70,2606,-1,-2,2605
22729609,7462,508954637,54038292,1596,-5843,23,6293,293154850,2115,293154880,2115,-149,-12,26,-79,2612,22,-11,2611
22739522,7462,508954644,54038251,1596,-5843,23,6293,293154850,2115,293154890,2115,-149,-13,17,-55,2605,13,12,2604
22749534,7462,508954651,54038210,1597,-5843,22,6293,293154850,2115,293154900,2115,-149,-13,12,-133,2616,9,-65,2617
22759774,7462,508954659,54038169,1596,-5843,21,6293,293154850,2115,293154910,2115,-149,-13,18,-31,2590,14,36,2588
22769665,7462,508954666,54038125,1596,-5843,20,6293,293154900,2115,293154920,2115,-149,-13,7,-46,2584,3,20,2583
22779637,7462,508954673,54038084,1596,-5844,20,6293,293154900,2115,293154930,2115,-149,-13,25,-44,2585,21,23,2583
22789513,7462,508954680,54038043,1597,-5844,20,6293,293154900,2115,293154940,2115,-149,-13,30,-101,2491,26,-37,2491
22799535,7462,508954687,54038002,1597,-5844,19,6293,293154900,2115,293154950,2115,-149,-12,18,-83,2547,14,-17,2547
22809749,7462,508954695,54037961,1597,-5844,19,6293,293154900,2115,293154960,2115,-149,-12,12,-58,2573,8,8,2572
22819653,7462,508954702,54037918,1597,-5844,18,6293,293154950,2115,293154970,2115,-149,-11,-5,-119,2606,-8,-52,2606
22829597,7462,508954709,54037877,1596,-5844,18,6293,293154950,2115,293154980,2115,-149,-11,15,-4,2565,13,62,2562
22840321,7462,508954716,54037836,1596,-5844,18,6293,293154950,2115,293154990,2115,-149,-10,31,-57,2498,29,7,2497
22849524,7461,508954723,54037795,1597,-5844,18,6293,293154950,2115,293155000,2115,-149,-9,31,-102,2503,30,-37,2503
22859779,7461,508954730,54037754,1597,-5844,17,6293,293154950,2115,293155010,2115,-149,-8,-3,-76,2516,-4,-11,2515
22869925,7461,508954737,54037710,1597,-5845,17,6293,293155000,2115,293155020,2115,-149,-6,23,-64,2532,23,1,2531
22879661,7461,508954745,54037669,1597,-5845,18,6293,293155000,2115,293155030,2115,-149,-5,11,-70,2430,11,-7,2429
22889516,7461,508954752,54037628,1596,-5845,18,6293,293155000,2115,293155040,2115,-149,-4,-22,-28,2441,-22,35,2439
22899526,7461,508954759,54037587,1597,-5845,19,6293,293155000,2115,293155050,2115,-149,-3,32,-75,2429,33,-12,2429
22909793,7461,508954766,54037546,1597,-5845,18,6293,293155000,2115,293155060,2115,-150,-1,45,-60,2541,47,6,2540
22919671,7460,508954773,54037503,1597,-5845,19,6293,293155050,2115,293155070,2115,-150,0,45,-78,2484,47,-13,2484
22929602,7460,508954780,54037462,1597,-5846,19,6293,293155050,2115,293155080,2115,-151,1,15,-70,2465,18,-6,2464
22939526,7460,508954788,54037421,1597,-5845,20,6293,293155050,2115,293155090,2115,-151,2,-25,-75,2421,-22,-12,2420
22949524,7460,508954795,54037380,1597,-5845,20,6293,293155050,2115,293155100,2115,-152,3,-13,-56,2448,-9,8,2447
22959767,7460,508954802,54037338,1597,-5845,20,6293,293155050,2115,293155110,2115,-152,4,-12,-34,2456,-8,30,2454
22969675,7460,508954809,54037295,1597,-5845,20,6293,293155100,2115,293155120,2115,-153,5,31,-105,2484,35,-40,2484
22979608,7460,508954816,54037254,1597,-5846,21,6293,293155100,2115,293155130,2115,-153,5,49,-65,2468,54,0,2467
22989510,7459,508954823,54037213,1598,-5846,21,6293,293155100,2115,293155140,2115,-154,6,45,-107,2430,50,-42,2430
22999532,7459,508954831,54037172,1598,-5846,22,6293,293155100,2115,293155150,2115,-154,6,4,-65,2462,9,1,2461
23009766,7459,508954838,54037131,1597,-5846,22,6293,293155100,2115,293155160,2115,-154,6,-32,-20,2419,-27,45,2417
23019672,7459,508954845,54037087,1597,-5846,22,6293,293155150,2115,293155170,2115,-155,7,-25,-81,2497,-19,-14,2496
23029624,7459,508954852,54037046,1597,-5846,23,6293,293155150,2115,293155180,2115,-155,6,-8,-74,2484,-3,-7,2483
23039510,7459,508954859,54037005,1597,-5846,23,6293,293155150,2115,293155190,2115,-155,6,33,-64,2482,38,3,2481
23049515,7458,508954867,54036964,1597,-5847,23,6293,293155150,2115,293155200,2115,-155,6,33,-40,2521,37,28,2520
23059748,7458,508954874,54036923,1598,-5847,22,6293,293155150,2115,293155210,2115,-155,5,56,-198,2521,60,-130,2523
23069687,7458,508954881,54036879,1598,-5847,22,6293,293155200,2115,293155220,2115,-155,4,-15,-52,2520,-11,16,2519
23079616,7458,508954888,54036838,1598,-5846,22,6293,293155200,2115,293155230,2115,-155,3,-61,-36,2519,-58,31,2517
23089546,7458,508954895,54036797,1598,-5846,21,6293,293155200,2115,293155240,2115,-155,2,-34,-72,2607,-31,-2,2606
23099533,7458,508954902,54036756,1598,-5846,21,6293,293155200,2115,293155250,2115,-155,1,-17,-112,2566,-14,-43,2567
23109971,7458,508954910,54036715,1598,-5846,20,6293,293155200,2115,293155260,2115,-155,-1,24,-86,2556,26,-18,2556
23119679,7458,508954917,54036672,1599,-5847,20,6293,293155250,2115,293155270,2115,-155,-2,53,-75,2601,55,-6,2600
23129613,7458,508954924,54036631,1599,-5847,19,6293,293155250,2115,293155280,2115,-154,-4,14,-96,2591,15,-27,2591
23139532,7458,508954931,54036590,1599,-5846,18,6293,293155250,2115,293155290,2115,-154,-5,-41,-164,2622,-41,-94,2623
23149566,7458,508954938,54036549,1599,-5846,17,6293,293155250,2115,293155300,2115,-153,-6,-48,-70,2606,-49,-1,2605
23160882,7458,508954946,54036508,1599,-5845,16,6293,293155250,2115,293155310,2115,-153,-8,-50,-62,2638,-52,8,2637
23169677,7458,508954953,54036464,1599,-5845,15,6293,293155300,2115,293155320,2115,-153,-9,6,-89,2594,4,-21,2594
23179577,7458,508954960,54036423,1600,-5845,14,6293,293155300,2115,293155330,2115,-152,-10,32,-112,2647,30,-43,2647
23189525,7458,508954967,54036382,1600,-5846,13,6293,293155300,2115,293155340,2115,-151,-11,21,-113,2677,18,-42,2677
23199518,7458,508954974,54036341,1600,-5845,11,6293,293155300,2115,293155350,2115,-151,-12,-21,-124,2684,-24,-54,2684
23209792,7458,508954981,54036300,1600,-5845,9,6293,293155300,2115,293155360,2115,-150,-12,-41,-83,2721,-45,-12,2720
23219667,7458,508954989,54036256,1600,-5844,8,6293,293155350,2115,293155370,2115,-150,-13,-48,-85,2645,-51,-17,2644
23230238,7458,508954996,54036215,1600,-5844,7,6293,293155350,2115,293155380,2115,-149,-14,-11,-70,2649,-15,-1,2648
23239542,7458,508955003,54036174,1600,-5844,6,6293,293155350,2115,293155390,2115,-149,-14,12,-99,2614,8,-31,2613
23249540,7458,508955010,54036133,1601,-5844,5,6293,293155350,2115,293155400,2115,-149,-15,11,-103,2627,7,-35,2627
23260130,7458,508955017,54036092,1601,-5844,5,6293,293155350,2115,293155410,2115,-149,-15,20,-80,2583,15,-14,2583
23269659,7458,508955024,54036049,1600,-5844,4,6293,293155400,2115,293155420,2115,-148,-15,-22,-9,2548,-27,57,2546
23279594,7459,508955032,54036008,1600,-5844,4,6293,293155400,2115,293155430,2115,-148,-16,-19,-112,2514,-23,-48,2514
23289526,7459,508955039,54035967,1601,-5844,3,6293,293155400,2115,293155440,2115,-148,-16,1,-89,2620,-4,-22,2620
23299558,7459,508955046,54035926,1601,-5844,2,6293,293155400,2115,293155450,2115,-147,-16,1,-88,2620,-4,-21,2620
23309807,7459,508955053,54035885,1600,-5844,1,6293,293155400,2115,293155460,2115,-147,-17,23,-19,2653,18,49,2651
23319704,7459,508955060,54035841,1600,-5844,0,6293,293155450,2115,293155470,2115,-147,-17,-16,-31,2623,-22,36,2621
23329584,7459,508955068,54035800,1600,-5844,0,6293,293155450,2115,293155480,2115,-147,-17,-16,-104,2577,-21,-38,2577
23339500,7459,508955075,54035759,1600,-5844,-1,6293,293155450,2115,293155490,2115,-147,-16,-33,-65,2569,-38,0,2568
23349522,7459,508955082,54035718,1600,-5843,-1,6293,293155450,2115,293155500,2115,-147,-16,-9,-92,2555,-14,-28,2555
23359792,7459,508955089,54035677,1600,-5844,-2,6293,293155450,2115,293155510,2115,-147,-16,9,12,2557,4,77,2554
23369679,7459,508955096,54035633,1600,-5844,-2,6293,293155500,2115,293155520,2115,-146,-15,-1,-67,2537,-6,-3,2536
23379603,7459,508955104,54035592,1600,-5844,-3,6293,293155500,2115,293155530,2115,-146,-15,26,-96,2573,21,-31,2573
23389519,7459,508955111,54035551,1600,-5843,-3,6293,293155500,2115,293155540,2115,-146,-15,-35,-65,2469,-39,-3,2468
23399512,7459,508955118,54035510,1600,-5844,-2,6293,293155500,2115,293155550,2115,-146,-14,18,-48,2490,14,15,2488
23411608,7459,508955125,54035469,1600,-5844,-2,6293,293155500,2115,293155560,2115,-145,-13,-9,0,2462,-13,62,2459
23419656,7459,508955132,54035426,1600,-5844,-2,6293,293155550,2115,293155570,2115,-145,-13,8,-139,2435,5,-78,2436
23429592,7459,508955139,54035385,1600,-5844,-2,6293,293155550,2115,293155580,2115,-144,-12,-12,-72,2509,-15,-9,2508
23439536,7459,508955147,54035344,1599,-5843,-2,6293,293155550,2115,293155590,2115,-144,-12,-28,14,2504,-31,76,2501
23449529,7458,508955154,54035303,1599,-5844,-2,6293,293155550,2115,293155600,2115,-143,-11,32,-60,2533,29,3,2532
23459759,7458,508955161,54035262,1600,-5844,-2,6293,293155550,2115,293155610,2115,-143,-11,33,-92,2469,30,-30,2469
23469684,7458,508955168,54035218,1600,-5844,-2,6293,293155600,2115,293155620,2115,-142,-11,7,-6,2486,5,56,2483
23479604,7458,508955175,54035177,1600,-5844,-1,6293,293155600,2115,293155630,2115,-142,-10,6,-88,2382,4,-30,2381
23489532,7458,508955183,54035136,1600,-5843,0,6293,293155600,2115,293155640,2115,-141,-10,-21,-86,2391,-23,-28,2391
23499567,7458,508955190,54035095,1600,-5843,1,6293,293155600,2115,293155650,2115,-141,-10,-34,-68,2364,-35,-10,2363
23509770,7458,508955197,54035054,1600,-5843,2,6293,293155600,2115,293155660,2115,-141,-9,-13,-40,2350,-14,17,2349
23519669,7458,508955204,54035010,1600,-5844,3,6293,293155650,2115,293155670,2115,-141,-9,22,-93,2448,21,-34,2448
23529592,7458,508955211,54034969,1600,-5844,3,6293,293155650,2115,293155680,2115,-141,-9,51,-59,2461,49,1,2460
23539543,7458,508955218,54034928,1600,-5844,3,6293,293155650,2115,293155690,2115,-140,-9,41,-45,2452,39,14,2451
23549510,7458,508955226,54034887,1600,-5844,4,6293,293155650,2115,293155700,2115,-140,-9,-21,-91,2393,-22,-33,2392
23560944,7458,508955233,54034846,1600,-5843,5,6293,293155650,2115,293155710,2115,-140,-8,-68,-130,2442,-68,-71,2442
23569708,7458,508955240,54034803,1600,-5843,5,6294,293155700,2115,293155720,2115,-140,-8,-59,-17,2409,-61,41,2407
23579586,7458,508955247,54034762,1600,-5843,6,6294,293155700,2115,293155730,2115,-140,-8,-34,-43,2456,-35,16,2454
23589551,7458,508955254,54034721,1600,-5843,6,6294,293155700,2115,293155740,2115,-141,-7,60,-90,2416,60,-31,2415
23599535,7458,508955262,54034680,1600,-5844,7,6294,293155700,2115,293155750,2115,-142,-7,57,10,2409,56,70,2407
23609787,7458,508955269,54034639,1599,-5844,7,6294,293155700,2115,293155760,2115,-142,-7,17,-46,2449,16,14,2448
23619657,7458,508955276,54034595,1600,-5844,8,6294,293155750,2115,293155770,2115,-143,-8,1,-104,2471,0,-43,2471
23630009,7458,508955283,54034554,1599,-5844,8,6294,293155750,2115,293155780,2115,-143,-8,-41,-13,2417,-43,47,2414
23639554,7458,508955290,54034513,1600,-5843,9,6294,293155750,2115,293155790,2115,-144,-8,-29,-89,2367,-30,-30,2367
23649543,7458,508955297,54034472,1599,-5843,10,6294,293155750,2115,293155800,2115,-145,-8,-10,19,2392,-12,79,2389
23659755,7458,508955305,54034431,1599,-5844,11,6294,293155750,2115,293155810,2115,-146,-9,27,-65,2443,26,-3,2443
23669686,7458,508955312,54034387,1599,-5844,10,6294,293155800,2115,293155820,2115,-147,-9,59,-73,2506,57,-9,2505
23679611,7458,508955319,54034346,1599,-5844,10,6294,293155800,2115,293155830,2115,-148,-10,42,-81,2529,39,-16,2528
23689530,7458,508955326,54034305,1599,-5844,10,6294,293155800,2115,293155840,2115,-148,-11,-18,-35,2555,-21,30,2553
23699508,7458,508955333,54034264,1598,-5844,11,6294,293155800,2115,293155850,2115,-149,-12,-49,-11,2422,-52,51,2420
23709855,7458,508955340,54034223,1598,-5844,11,6294,293155800,2115,293155860,2115,-150,-12,-36,-66,2434,-39,-3,2433
23719694,7458,508955348,54034180,1599,-5843,12,6294,293155850,2115,293155870,2115,-150,-13,-39,-108,2487,-42,-43,2487
23729630,7458,508955355,54034139,1598,-5843,11,6294,293155850,2115,293155880,2115,-151,-13,32,-4,2515,28,61,2512
23739531,7458,508955362,54034098,1598,-5844,11,6294,293155850,2115,293155890,2115,-151,-13,55,-22,2558,51,45,2556
23749508,7459,508955369,54034057,1598,-5844,11,6294,293155850,2115,293155900,2115,-152,-14,-2,-88,2537,-6,-22,2537
23759812,7459,508955376,54034016,1598,-5844,10,6294,293155850,2115,293155910,2115,-152,-14,-7,-50,2545,-11,17,2544
23769692,7459,508955384,54033972,1598,-5843,11,6294,293155900,2115,293155920,2115,-152,-14,-51,-76,2435,-55,-12,2435
23779595,7459,508955391,54033931,1598,-5843,11,6294,293155900,2115,293155930,2115,-152,-14,-49,-60,2536,-53,6,2535
23789526,7459,508955398,54033890,1598,-5843,11,6294,293155900,2115,293155940,2115,-152,-14,1,-80,2481,-3,-15,2481
23799508,7459,508955405,54033849,1598,-5843,11,6294,293155900,2115,293155950,2115,-153,-14,0,-58,2511,-4,8,2510
23809769,7459,508955412,54033808,1598,-5843,11,6294,293155900,2115,293155960,2115,-152,-14,38,-52,2486,35,14,2485
23819673,7459,508955420,54033764,1598,-5843,11,6294,293155950,2115,293155970,2115,-152,-13,7,-61,2534,4,6,2533
23829607,7459,508955427,54033723,1598,-5843,10,6294,293155950,2115,293155980,2115,-152,-13,-12,-74,2542,-15,-8,2542
23840230,7460,508955434,54033682,1598,-5843,10,6294,293155950,2115,293155990,2115,-151,-13,-30,-155,2517,-33,-89,2519
23849531,7460,508955441,54033641,1598,-5843,10,6294,293155950,2115,293156000,2115,-151,-12,-25,46,2550,-29,113,2546
23860923,7460,508955448,54033600,1597,-5843,10,6294,293155950,2115,293156010,2115,-151,-12,-1,-50,2428,-4,13,2427
23870382,7460,508955456,54033557,1598,-5842,11,6294,293156000,2115,293156020,2115,-151,-11,1,-115,2460,-2,-51,2460
23879577,7460,508955463,54033516,1598,-5843,11,6294,293156000,2115,293156030,2115,-150,-10,24,-81,2480,22,-16,2480
23889539,7461,508955470,54033475,1598,-5843,11,6294,293156000,2115,293156040,2115,-150,-10,30,-20,2494,28,45,2492
23899504,7461,508955477,54033434,1598,-5843,11,6294,293156000,2115,293156050,2115,-149,-10,-5,-71,2447,-7,-8,2446
23910580,7461,508955484,54033393,1598,-5843,12,6294,293156000,2115,293156060,2115,-149,-9,-28,-48,2459,-29,15,2458
23919674,7461,508955491,54033349,1597,-5842,12,6294,293156050,2115,293156070,2115,-148,-9,-43,-54,2495,-44,10,2494
23929637,7461,508955499,54033308,1598,-5842,12,6294,293156050,2115,293156080,2115,-148,-8,32,-97,2466,30,-34,2466
23939518,7461,508955506,54033267,1598,-5843,12,6294,293156050,2115,293156090,2115,-148,-8,16,-46,2547,14,19,2546
23949525,7462,508955513,54033226,1597,-5843,12,6294,293156050,2115,293156100,2115,-147,-8,19,-36,2508,17,28,2507
23959764,7462,508955520,54033185,1597,-5843,11,6294,293156050,2115,293156110,2115,-147,-7,13,-63,2508,12,1,2507
23969688,7462,508955527,54033142,1597,-5843,11,6294,293156100,2115,293156120,2115,-146,-7,-28,-56,2489,-29,6,2488
23979588,7462,508955535,54033101,1597,-5842,12,6294,293156100,2115,293156130,2115,-146,-7,-27,-25,2442,-28,36,2440
23990111,7462,508955542,54033060,1596,-5843,13,6294,293156100,2115,293156140,2115,-145,-7,-19,55,2414,-20,116,2410
23999524,7462,508955549,54033019,1597,-5842,12,6294,293156100,2115,293156150,2115,-145,-6,-2,-197,2532,-2,-134,2534
24009772,7463,508955556,54032978,1597,-5843,12,6294,293156100,2115,293156160,2115,-144,-6,28,3,2620,27,69,2617
24019938,7463,508955563,54032934,1596,-5843,12,6294,293156150,2115,293156170,2115,-144,-6,48,4,2485,47,66,2483
24029616,7463,508955571,54032893,1596,-5843,12,6294,293156150,2115,293156180,2115,-144,-6,26,-57,2475,26,5,2474
24039524,7463,508955578,54032852,1596,-5843,13,6294,293156150,2115,293156190,2115,-144,-6,-30,-69,2398,-30,-9,2397
24050281,7464,508955585,54032811,1596,-5843,13,6294,293156150,2115,293156200,2115,-143,-5,-66,-12,2441,-66,49,2438
24059776,7464,508955592,54032770,1595,-5842,14,6294,293156150,2115,293156210,2115,-143,-4,-63,-29,2415,-62,31,2413
24069671,7464,508955599,54032727,1595,-5843,14,6294,293156200,2115,293156220,2115,-143,-3,29,-60,2495,29,2,2493
24080386,7464,508955606,54032686,1595,-5843,14,6294,293156200,2115,293156230,2115,-143,-3,49,-45,2476,50,16,2475
24089526,7465,508955614,54032645,1595,-5843,14,6294,293156200,2115,293156240,2115,-143,-2,43,31,2522,44,94,2519
24099528,7465,508955621,54032604,1595,-5843,13,6294,293156200,2115,293156250,2115,-143,-1,-5,-54,2589,-3,10,2587
24109817,7465,508955628,54032563,1594,-5843,13,6294,293156200,2115,293156260,2115,-143,0,-59,-57,2498,-57,4,2497
24119680,7465,508955635,54032519,1594,-5843,14,6294,293156250,2115,293156270,2115,-143,1,-61,33,2461,-59,94,2457
24130298,7466,508955642,54032478,1594,-5842,15,6294,293156250,2115,293156280,2115,-143,2,-44,-105,2323,-41,-48,2323
24139516,7466,508955649,54032437,1593,-5843,16,6294,293156250,2115,293156290,2115,-143,2,-1,19,2350,2,78,2347
24149508,7466,508955657,54032396,1593,-5843,18,6294,293156250,2115,293156300,2115,-144,3,61,60,2290,64,117,2286
24159780,7467,508955664,54032355,1592,-5844,18,6294,293156250,2115,293156310,2115,-144,4,95,-30,2467,98,32,2465
24169697,7467,508955671,54032311,1593,-5845,19,6294,293156300,2115,293156320,2115,-144,4,49,-66,2471,53,-4,2470
24179596,7467,508955678,54032270,1592,-5845,19,6294,293156300,2115,293156330,2115,-144,4,-13,19,2446,-9,80,2443
24189535,7468,508955685,54032229,1591,-5844,19,6294,293156300,2115,293156340,2115,-144,4,-63,49,2457,-60,110,2453
24199510,7468,508955692,54032188,1591,-5844,20,6294,293156300,2115,293156350,2115,-145,4,-42,-109,2384,-38,-49,2384
24209832,7468,508955700,54032147,1591,-5844,21,6294,293156300,2115,293156360,2115,-145,3,-18,25,2480,-15,87,2477
24219655,7469,508955707,54032104,1590,-5844,21,6294,293156350,2115,293156370,2115,-146,3,37,-25,2456,40,37,2454
24229676,7469,508955714,54032063,1590,-5845,21,6294,293156350,2115,293156380,2115,-146,2,58,37,2542,60,102,2539
24239566,7470,508955721,54032022,1590,-5845,21,6294,293156350,2115,293156390,2115,-147,2,20,-50,2493,23,13,2492
24250361,7470,508955728,54031981,1590,-5845,21,6294,293156350,2115,293156400,2115,-147,1,-13,-98,2462,-10,-35,2462
24260299,7470,508955735,54031940,1589,-5845,21,6294,293156350,2115,293156410,2115,-148,0,-50,14,2446,-48,76,2443
24269720,7471,508955742,54031896,1589,-5845,22,6294,293156400,2115,293156420,2115,-148,0,9,-53,2443,11,10,2441
24279600,7471,508955750,54031855,1589,-5845,22,6294,293156400,2115,293156430,2115,-148,-1,-7,-15,2471,-5,48,2469
24289585,7471,508955757,54031814,1589,-5845,22,6294,293156400,2115,293156440,2115,-149,-1,14,-40,2527,15,25,2526
24299518,7472,508955764,54031773,1588,-5845,21,6294,293156400,2115,293156450,2115,-150,-1,-7,33,2584,-6,100,2581
24309771,7472,508955771,54031732,1587,-5846,20,6294,293156400,2115,293156460,2115,-150,-2,0,-16,2628,1,52,2626
24320410,7472,508955778,54031688,1587,-5846,19,6294,293156450,2115,293156470,2115,-151,-2,16,-71,2634,17,-2,2633
24329620,7473,508955785,54031647,1587,-5846,19,6294,293156450,2115,293156480,2115,-151,-3,-24,-58,2500,-23,7,2499
24339524,7473,508955792,54031606,1587,-5846,19,6294,293156450,2115,293156490,2115,-152,-3,-32,11,2470,-31,76,2467
24349601,7473,508955800,54031565,1586,-5845,20,6294,293156450,2115,293156500,2115,-153,-3,-54,-8,2421,-53,56,2419
24359807,7474,508955807,54031524,1586,-5846,20,6294,293156450,2115,293156510,2115,-154,-3,45,10,2545,45,78,2542
24369662,7474,508955814,54031481,1586,-5846,20,6294,293156500,2115,293156520,2115,-155,-3,30,-60,2504,31,8,2503
24380139,7475,508955821,54031440,1585,-5847,19,6294,293156500,2115,293156530,2115,-156,-4,45,-3,2557,45,66,2554
24389553,7475,508955828,54031399,1585,-5847,19,6294,293156500,2115,293156540,2115,-156,-4,15,-37,2596,15,34,2594
24399515,7476,508955835,54031358,1584,-5847,18,6294,293156500,2115,293156550,2115,-157,-5,-46,31,2539,-46,100,2535
24410053,7476,508955842,54031317,1583,-5847,18,6294,293156500,2115,293156560,2115,-158,-5,-16,26,2556,-17,96,2552
24419661,7476,508955849,54031273,1583,-5846,18,6294,293156550,2115,293156570,2115,-160,-5,-12,-48,2525,-12,22,2523
24429607,7477,508955857,54031232,1583,-5847,17,6294,293156550,2115,293156580,2115,-161,-5,17,-33,2569,17,39,2567
24440084,7477,508955864,54031191,1582,-5847,18,6294,293156550,2115,293156590,2115,-162,-5,26,63,2484,26,133,2480
24449544,7478,508955871,54031150,1581,-5847,17,6294,293156550,2115,293156600,2115,-163,-6,10,4,2585,9,78,2582
24459756,7478,508955878,54031109,1581,-5847,16,6294,293156550,2115,293156610,2115,-164,-6,16,-65,2595,16,9,2594
24470241,7478,508955885,54031065,1581,-5847,16,6294,293156600,2115,293156620,2115,-166,-7,-7,-35,2594,-7,40,2592
24479750,7479,508955892,54031024,1579,-5848,15,6294,293156600,2115,293156630,2115,-167,-7,-36,113,2572,-38,187,2566
24489519,7479,508955899,54030983,1579,-5848,15,6294,293156600,2115,293156640,2115,-168,-7,4,-40,2531,3,33,2529
24500276,7479,508955906,54030942,1579,-5848,14,6294,293156600,2115,293156650,2115,-169,-8,12,-96,2609,11,-19,2609
24510016,7480,508955913,54030901,1578,-5848,13,6294,293156600,2115,293156660,2115,-171,-8,37,53,2610,35,130,2605
24519676,7480,508955920,54030858,1578,-5848,12,6294,293156650,2115,293156670,2115,-172,-8,-6,22,2576,-8,98,2572
24529680,7481,508955928,54030817,1577,-5848,12,6294,293156650,2115,293156680,2115,-173,-8,-25,-31,2580,-27,46,2578
24539521,7481,508955935,54030775,1577,-5848,11,6294,293156650,2115,293156690,2115,-173,-9,-20,0,2575,-22,77,2572
24549536,7481,508955942,54030734,1576,-5848,11,6294,293156650,2115,293156700,2115,-173,-8,7,-48,2560,5,29,2558
24559779,7481,508955949,54030693,1576,-5849,10,6294,293156650,2115,293156710,2115,-174,-9,17,-22,2609,15,57,2607
24570339,7482,508955956,54030650,1576,-5849,9,6294,293156700,2115,293156720,2115,-174,-9,10,-37,2617,8,42,2615
24579589,7482,508955963,54030609,1575,-5849,8,6294,293156700,2115,293156730,2115,-175,-9,42,12,2602,40,91,2599
24590339,7483,508955970,54030568,1574,-5849,8,6295,293156700,2115,293156740,2115,-175,-9,-31,38,2550,-34,115,2546
24599519,7483,508955977,54030527,1574,-5849,8,6295,293156700,2115,293156750,2115,-175,-9,-35,-93,2545,-37,-17,2545
24610446,7483,508955984,54030486,1574,-5849,8,6295,293156700,2115,293156760,2115,-174,-9,-34,-31,2511,-36,45,2509
24620176,7483,508955991,54030442,1574,-5849,8,6295,293156750,2115,293156770,2115,-174,-9,14,-41,2475,13,34,2473
24629613,7484,508955998,54030401,1573,-5849,8,6295,293156750,2115,293156780,2115,-174,-8,62,-34,2527,60,42,2525
24639526,7484,508956005,54030360,1573,-5850,8,6295,293156750,2115,293156790,2115,-173,-8,14,-45,2499,13,30,2498
24649543,7485,508956012,54030319,1573,-5850,8,6295,293156750,2115,293156800,2115,-173,-8,-12,-48,2525,-14,28,2523
24659778,7485,508956020,54030278,1572,-5849,7,6295,293156750,2115,293156810,2115,-172,-7,-26,-4,2548,-27,72,2545
24669687,7485,508956027,54030234,1572,-5849,7,6295,293156800,2115,293156820,2115,-172,-6,-13,-90,2573,-14,-14,2573
24680239,7486,508956034,54030193,1572,-5849,7,6295,293156800,2115,293156830,2115,-171,-5,-19,-87,2486,-19,-14,2486
24689542,7486,508956041,54030152,1572,-5850,7,6295,293156800,2115,293156840,2115,-170,-4,24,-10,2442,24,62,2440
24699517,7487,508956048,54030111,1572,-5850,8,6295,293156800,2115,293156850,2115,-169,-3,9,-44,2460,9,28,2459
24710516,7487,508956055,54030070,1572,-5850,8,6295,293156800,2115,293156860,2115,-168,-3,-12,-45,2429,-11,26,2427
24719666,7488,508956062,54030026,1572,-5850,8,6295,293156850,2115,293156870,2115,-167,-2,7,-68,2463,9,3,2462
24729621,7488,508956069,54029985,1571,-5850,9,6295,293156850,2115,293156880,2115,-166,-1,12,-62,2409,13,8,2408
24739521,7488,508956076,54029944,1571,-5850,10,6295,293156850,2115,293156890,2115,-165,0,5,32,2343,7,99,2339
24749547,7489,508956083,54029903,1571,-5850,11,6295,293156850,2115,293156900,2115,-165,0,0,-42,2407,3,27,2406
24759788,7489,508956090,54029862,1571,-5850,12,6295,293156850,2115,293156910,2115,-164,1,14,-109,2426,17,-40,2427
24769673,7490,508956097,54029818,1571,-5851,12,6295,293156900,2115,293156920,2115,-163,1,45,-38,2466,48,32,2464
24779590,7490,508956104,54029777,1570,-5851,13,6295,293156900,2115,293156930,2115,-163,1,23,-10,2446,25,59,2444
24789826,7490,508956111,54029736,1570,-5851,13,6295,293156900,2115,293156940,2115,-163,1,-6,-33,2382,-4,34,2380
24799530,7491,508956118,54029695,1570,-5851,14,6295,293156900,2115,293156950,2115,-162,2,-3,-80,2396,0,-13,2395
24809869,7491,508956125,54029654,1569,-5851,15,6295,293156900,2115,293156960,2115,-161,2,-10,54,2393,-7,121,2389
24821614,7492,508956132,54029610,1569,-5851,16,6295,293156950,2115,293156970,2115,-160,2,15,-47,2368,17,18,2367
24829631,7492,508956140,54029569,1569,-5852,17,6295,293156950,2115,293156980,2115,-160,1,32,-49,2398,35,17,2397
24839501,7492,508956147,54029528,1569,-5852,17,6295,293156950,2115,293156990,2115,-159,1,1,-99,2473,4,-31,2473
24849571,7493,508956154,54029487,1569,-5852,17,6295,293156950,2115,293157000,2115,-159,1,31,-7,2476,34,61,2473
24859763,7493,508956161,54029446,1568,-5852,18,6295,293156950,2115,293157010,2115,-159,0,10,49,2465,12,117,2460
24869674,7494,508956168,54029402,1568,-5852,18,6295,293157000,2115,293157020,2115,-159,0,5,-73,2458,7,-5,2457
24879584,7494,508956175,54029361,1567,-5852,19,6295,293157000,2115,293157030,2115,-159,0,-23,13,2406,-21,78,2403
24889541,7494,508956182,54029320,1567,-5852,19,6295,293157000,2115,293157040,2115,-158,-1,-11,-25,2453,-10,42,2451
24899522,7494,508956189,54029279,1567,-5852,20,6295,293157000,2115,293157050,2115,-158,-1,5,-38,2446,7,29,2445
24909762,7495,508956196,54029238,1567,-5853,20,6295,293157000,2115,293157060,2115,-158,-1,42,-5,2445,44,62,2443
24919724,7495,508956203,54029194,1567,-5853,20,6295,293157050,2115,293157070,2115,-158,-1,19,-68,2486,21,0,2485
24929630,7495,508956210,54029153,1566,-5853,20,6295,293157050,2115,293157080,2115,-158,-2,8,-2,2487,9,65,2484
24939535,7495,508956217,54029112,1566,-5854,20,6295,293157050,2115,293157090,2115,-157,-2,25,-18,2522,26,51,2520
24949570,7495,508956224,54029071,1565,-5853,21,6295,293157050,2115,293157100,2115,-157,-2,-32,-42,2466,-31,25,2464
24959789,7495,508956231,54029030,1565,-5853,21,6295,293157050,2115,293157110,2115,-157,-3,-20,-47,2429,-19,19,2428
24969760,7496,508956238,54028986,1565,-5854,22,6295,293157100,2115,293157120,2115,-157,-3,14,5,2442,15,71,2439
24979628,7496,508956245,54028945,1565,-5854,22,6295,293157100,2115,293157130,2115,-158,-3,17,-48,2444,18,19,2443
24989511,7496,508956252,54028904,1564,-5854,22,6295,293157100,2115,293157140,2115,-158,-3,74,4,2525,74,73,2522
24999509,7496,508956259,54028863,1564,-5855,22,6295,293157100,2115,293157150,2115,-157,-3,38,-100,2523,39,-31,2523
25010833,7496,508956266,54028822,1564,-5855,22,6295,293157100,2115,293157160,2115,-157,-3,-17,-21,2463,-17,46,2461
25019666,7496,508956273,54028778,1563,-5855,22,6295,293157150,2115,293157170,2115,-157,-4,-26,28,2493,-26,95,2490
25029617,7496,508956280,54028737,1563,-5855,22,6295,293157150,2115,293157180,2115,-157,-4,-10,-58,2507,-10,10,2506
25040092,7496,508956287,54028696,1563,-5855,22,6295,293157150,2115,293157190,2115,-157,-4,46,-83,2543,46,-13,2543
25049577,7496,508956294,54028655,1563,-5855,22,6295,293157150,2115,293157200,2115,-158,-4,36,-37,2506,36,32,2504
25059795,7496,508956301,54028614,1563,-5856,21,6295,293157150,2115,293157210,2115,-158,-5,37,-22,2552,37,48,2550
25070087,7496,508956308,54028570,1563,-5856,21,6295,293157200,2115,293157220,2115,-158,-5,18,-92,2531,19,-23,2531
25079601,7496,508956315,54028529,1563,-5856,21,6295,293157200,2115,293157230,2115,-157,-6,25,-28,2582,24,42,2580
25089516,7496,508956322,54028488,1563,-5856,21,6295,293157200,2115,293157240,2115,-157,-6,23,-23,2490,22,45,2488
25099530,7496,508956329,54028447,1563,-5856,21,6295,293157200,2115,293157250,2115,-157,-6,-2,-52,2501,-3,16,2499
25111081,7496,508956336,54028406,1563,-5856,20,6295,293157200,2115,293157260,2115,-157,-7,17,-85,2534,16,-16,2534
25119715,7496,508956343,54028362,1563,-5857,20,6295,293157250,2115,293157270,2115,-157,-7,68,-66,2619,67,6,2618
25129622,7496,508956351,54028321,1563,-5857,19,6295,293157250,2115,293157280,2115,-157,-8,53,-44,2567,51,26,2565
25139517,7496,508956358,54028280,1563,-5858,18,6295,293157250,2115,293157290,2115,-157,-9,34,-58,2595,32,13,2594
25149511,7496,508956365,54028239,1562,-5858,17,6295,293157250,2115,293157300,2115,-157,-10,-8,-15,2641,-11,57,2638
25159769,7496,508956372,54028198,1562,-5858,17,6295,293157250,2115,293157310,2115,-157,-10,29,-93,2567,27,-23,2567
25170009,7496,508956379,54028154,1562,-5858,16,6295,293157300,2115,293157320,2115,-157,-11,18,-51,2609,15,20,2608
25179597,7496,508956386,54028113,1563,-5858,15,6295,293157300,2115,293157330,2115,-157,-11,45,-117,2575,42,-47,2576
25189525,7497,508956393,54028072,1563,-5859,14,6295,293157300,2115,293157340,2115,-158,-12,56,-54,2620,53,17,2619
25199531,7497,508956400,54028031,1562,-5859,13,6295,293157300,2115,293157350,2115,-158,-13,49,-23,2635,45,49,2633
25209847,7497,508956407,54027990,1562,-5859,12,6295,293157300,2115,293157360,2115,-158,-14,40,-52,2661,35,21,2660
25219666,7497,508956414,54027946,1562,-5859,11,6295,293157350,2115,293157370,2115,-158,-15,22,-51,2593,18,20,2591
25229593,7497,508956421,54027905,1563,-5860,11,6295,293157350,2115,293157380,2115,-158,-15,20,-113,2593,15,-42,2593
25239536,7497,508956428,54027864,1562,-5860,10,6295,293157350,2115,293157390,2115,-158,-16,3,-9,2587,-2,62,2584
25250414,7497,508956435,54027823,1562,-5860,9,6295,293157350,2115,293157400,2115,-159,-16,67,-88,2613,62,-16,2612
25260910,7498,508956442,54027781,1562,-5860,8,6295,293157350,2115,293157410,2115,-159,-17,26,-61,2629,21,12,2628
25270129,7498,508956449,54027738,1562,-5861,7,6295,293157400,2115,293157420,2115,-160,-17,62,-41,2629,57,32,2627
25279601,7498,508956456,54027697,1562,-5861,5,6295,293157400,2115,293157430,2115,-160,-17,49,-56,2711,43,19,2710
25289556,7498,508956463,54027655,1562,-5861,4,6295,293157400,2115,293157440,2115,-160,-18,15,-58,2637,9,15,2636
25299513,7498,508956470,54027614,1562,-5861,3,6295,293157400,2115,293157450,2115,-160,-18,2,-73,2614,-4,-1,2613
25309762,7498,508956477,54027573,1562,-5861,3,6295,293157400,2115,293157460,2115,-160,-17,33,-55,2611,27,18,2610
25319657,7498,508956484,54027529,1562,-5862,2,6295,293157450,2115,293157470,2115,-161,-17,75,-67,2564,70,5,2563
25329582,7498,508956491,54027488,1562,-5862,2,6295,293157450,2115,293157480,2115,-162,-17,39,-24,2495,34,46,2493
25339548,7498,508956498,54027447,1562,-5863,2,6295,293157450,2115,293157490,2115,-162,-17,37,-48,2587,31,25,2586
25349660,7499,508956505,54027406,1562,-5863,1,6295,293157450,2115,293157500,2115,-162,-17,47,-88,2572,41,-16,2572
25359795,7499,508956512,54027365,1562,-5863,0,6295,293157450,2115,293157510,2115,-163,-17,35,-49,2575,29,24,2573
25369708,7499,508956519,54027321,1561,-5864,0,6295,293157500,2115,293157520,2115,-163,-16,52,-41,2479,47,29,2477
25379599,7499,508956526,54027280,1562,-5864,1,6295,293157500,2115,293157530,2115,-163,-16,57,-104,2486,52,-34,2486
25389533,7499,508956533,54027239,1562,-5864,1,6295,293157500,2115,293157540,2115,-163,-16,57,-54,2508,52,17,2507
25399515,7499,508956540,54027198,1562,-5865,1,6295,293157500,2115,293157550,2115,-164,-16,38,-73,2495,33,-1,2494
25409787,7499,508956547,54027156,1561,-5865,0,6295,293157500,2115,293157560,2115,-164,-15,26,-29,2525,21,43,2523
25419686,7499,508956554,54027113,1562,-5865,1,6295,293157550,2115,293157570,2115,-164,-15,43,-44,2498,38,27,2496
25429974,7499,508956561,54027072,1562,-5865,1,6295,293157550,2115,293157580,2115,-164,-15,66,-99,2429,62,-30,2429
25439512,7499,508956568,54027030,1562,-5866,1,6295,293157550,2115,293157590,2115,-164,-14,29,-30,2509,25,41,2507
25449543,7499,508956575,54026989,1562,-5866,1,6295,293157550,2115,293157600,2115,-164,-14,81,-27,2504,77,44,2502
25460664,7499,508956582,54026948,1562,-5867,1,6295,293157550,2115,293157610,2115,-164,-14,58,-99,2491,54,-28,2491
25469673,7499,508956589,54026904,1562,-5867,1,6295,293157600,2115,293157620,2115,-164,-13,23,-162,2473,20,-92,2475
25479620,7499,508956596,54026863,1562,-5867,2,6295,293157600,2115,293157630,2115,-163,-13,32,0,2430,28,69,2427
25489519,7499,508956603,54026822,1562,-5868,3,6295,293157600,2115,293157640,2115,-162,-13,41,-23,2405,38,45,2403
25500584,7499,508956610,54026781,1562,-5868,3,6295,293157600,2115,293157650,2115,-162,-12,80,-97,2438,77,-28,2438
25509930,7499,508956617,54026740,1562,-5868,4,6295,293157600,2115,293157660,2115,-161,-12,51,-93,2373,48,-27,2373
25519675,7499,508956624,54026696,1562,-5869,5,6295,293157650,2115,293157670,2115,-161,-12,71,-61,2442,68,7,2442
25529656,7499,508956631,54026655,1562,-5869,5,6295,293157650,2115,293157680,2115,-160,-11,50,-15,2450,47,53,2448
25539534,7500,508956638,54026613,1563,-5870,6,6295,293157650,2115,293157690,2115,-160,-11,76,-158,2400,74,-91,2402
25549548,7500,508956645,54026572,1563,-5870,6,6295,293157650,2115,293157700,2115,-160,-11,47,-44,2446,45,24,2444
25560971,7500,508956653,54026531,1562,-5871,7,6295,293157650,2115,293157710,2115,-160,-11,40,7,2382,37,74,2380
25569740,7500,508956660,54026487,1562,-5871,8,6295,293157700,2115,293157720,2115,-160,-10,68,-57,2342,66,8,2341
25579607,7500,508956667,54026446,1563,-5871,10,6295,293157700,2115,293157730,2115,-160,-9,12,-129,2348,11,-64,2349
25589730,7500,508956674,54026405,1563,-5872,10,6295,293157700,2115,293157740,2115,-159,-9,63,-48,2422,61,20,2420
25599525,7500,508956681,54026364,1563,-5872,11,6295,293157700,2115,293157750,2115,-159,-8,78,-27,2428,76,40,2427
25609797,7500,508956688,54026322,1563,-5873,11,6296,293157700,2115,293157760,2115,-159,-8,61,-52,2433,60,15,2432
25619962,7500,508956695,54026278,1563,-5873,12,6296,293157750,2115,293157770,2115,-160,-7,73,-79,2461,73,-11,2461
25629619,7500,508956702,54026237,1563,-5874,13,6296,293157750,2115,293157780,2115,-160,-6,57,10,2335,57,75,2333
25639563,7500,508956709,54026196,1562,-5874,14,6296,293157750,2115,293157790,2115,-160,-6,17,-29,2320,17,35,2318
25649567,7500,508956716,54026155,1563,-5874,16,6296,293157750,2115,293157800,2115,-160,-5,16,-110,2316,16,-45,2316
25659776,7500,508956723,54026114,1563,-5875,17,6296,293157750,2115,293157810,2115,-160,-4,89,-66,2342,90,-1,2341
25669679,7500,508956730,54026070,1563,-5876,18,6296,293157800,2115,293157820,2115,-160,-4,119,-3,2360,119,63,2357
25679578,7500,508956737,54026029,1563,-5876,20,6296,293157800,2115,293157830,2115,-160,-3,83,-61,2337,84,4,2336
25689546,7500,508956744,54025987,1563,-5877,21,6296,293157800,2115,293157840,2115,-159,-3,50,-132,2376,51,-66,2377
25699557,7500,508956751,54025946,1563,-5877,21,6296,293157800,2115,293157850,2115,-159,-2,65,0,2400,66,66,2397
25709866,7499,508956758,54025905,1563,-5877,23,6296,293157800,2115,293157860,2115,-159,-2,30,-113,2323,32,-49,2324
25719693,7499,508956765,54025861,1564,-5878,24,6296,293157850,2115,293157870,2115,-158,-1,36,-113,2332,38,-48,2332
25729612,7499,508956772,54025820,1564,-5878,26,6296,293157850,2115,293157880,2115,-158,-1,32,-42,2326,34,22,2325
25739520,7499,508956779,54025779,1564,-5878,26,6296,293157850,2115,293157890,2115,-158,0,83,-102,2426,85,-35,2427
25750374,7499,508956786,54025737,1564,-5879,27,6296,293157850,2115,293157900,2115,-158,0,78,-62,2435,81,5,2434
25759780,7499,508956793,54025696,1564,-5880,27,6296,293157850,2115,293157910,2115,-157,0,89,-87,2464,91,-19,2463
25770040,7499,508956800,54025652,1565,-5880,28,6296,293157900,2115,293157920,2115,-157,0,51,-66,2379,53,-1,2378
25779618,7499,508956807,54025611,1565,-5880,29,6296,293157900,2115,293157930,2115,-156,1,35,-101,2402,38,-36,2402
25789540,7499,508956814,54025570,1565,-5881,30,6296,293157900,2115,293157940,2115,-156,0,58,-96,2366,60,-32,2366
25799559,7499,508956821,54025528,1566,-5881,31,6296,293157900,2115,293157950,2115,-156,0,46,-80,2396,48,-15,2395
25810972,7499,508956828,54025487,1566,-5882,31,6296,293157900,2115,293157960,2115,-155,0,75,-101,2418,78,-35,2419
25819675,7499,508956835,54025443,1566,-5882,32,6296,293157950,2115,293157970,2115,-155,-1,95,-49,2445,97,17,2443
25830098,7499,508956842,54025402,1566,-5883,32,6296,293157950,2115,293157980,2115,-155,-1,60,-81,2488,62,-14,2487
25839519,7499,508956849,54025361,1566,-5884,32,6296,293157950,2115,293157990,2115,-155,-2,68,8,2479,69,75,2476
25849547,7499,508956856,54025319,1566,-5884,32,6296,293157950,2115,293158000,2115,-155,-3,57,-105,2514,58,-37,2514
25860970,7499,508956864,54025278,1567,-5884,31,6296,293157950,2115,293158010,2115,-156,-4,60,-132,2559,61,-63,2560
25869658,7499,508956871,54025234,1567,-5885,31,6296,293158000,2115,293158020,2115,-156,-5,30,-31,2500,30,36,2498
25879600,7499,508956878,54025193,1567,-5885,31,6296,293158000,2115,293158030,2115,-156,-6,63,-71,2575,62,-1,2574
25889545,7499,508956885,54025152,1567,-5886,30,6296,293158000,2115,293158040,2115,-157,-7,62,-39,2581,61,32,2579
25899513,7499,508956892,54025110,1566,-5886,29,6296,293158000,2115,293158050,2115,-157,-8,91,2,2613,89,74,2610
25910389,7499,508956899,54025069,1567,-5887,29,6296,293158000,2115,293158060,2115,-158,-9,51,-145,2576,50,-74,2578
25919677,7499,508956906,54025025,1567,-5887,28,6296,293158050,2115,293158070,2115,-158,-11,47,-67,2644,44,6,2643
25929607,7500,508956913,54024984,1567,-5887,27,6296,293158050,2115,293158080,2115,-159,-12,63,-34,2572,60,37,2571
25939528,7500,508956920,54024942,1567,-5888,26,6296,293158050,2115,293158090,2115,-160,-13,78,-82,2664,74,-8,2663
25949516,7500,508956927,54024901,1567,-5888,24,6296,293158050,2115,293158100,2115,-161,-15,50,-75,2699,46,0,2699
25960978,7500,508956934,54024860,1567,-5889,23,6296,293158050,2115,293158110,2115,-161,-16,75,-33,2697,69,43,2695
25969792,7500,508956941,54024816,1567,-5889,21,6296,293158100,2115,293158120,2115,-162,-17,48,-56,2724,42,21,2723
25979600,7500,508956948,54024775,1567,-5890,20,6296,293158100,2115,293158130,2115,-162,-18,48,-121,2684,42,-45,2684
25989517,7500,508956955,54024733,1567,-5890,18,6296,293158100,2115,293158140,2115,-163,-19,17,-38,2705,10,38,2703
25999548,7500,508956962,54024692,1567,-5890,16,6296,293158100,2115,293158150,2115,-164,-20,84,-63,2709,77,14,2708
26009807,7500,508956969,54024651,1567,-5891,15,6296,293158100,2115,293158160,2115,-165,-20,83,-24,2726,75,54,2724
26019671,7500,508956976,54024607,1567,-5891,13,6296,293158150,2115,293158170,2115,-165,-21,60,-78,2705,52,0,2705
26029586,7500,508956983,54024565,1567,-5892,11,6296,293158150,2115,293158180,2115,-166,-22,53,-78,2699,45,0,2698
26040230,7500,508956990,54024524,1566,-5892,10,6296,293158150,2115,293158190,2115,-166,-22,19,-18,2644,11,58,2641
26049533,7500,508956997,54024483,1567,-5892,9,6296,293158150,2115,293158200,2115,-166,-22,60,-154,2711,53,-75,2712
26059784,7500,508957004,54024441,1567,-5893,7,6296,293158150,2115,293158210,2115,-166,-23,92,-88,2739,84,-8,2739
26069929,7500,508957011,54024397,1567,-5893,6,6296,293158200,2115,293158220,2115,-167,-23,84,-40,2663,75,37,2662
26079601,7500,508957019,54024356,1567,-5894,4,6296,293158200,2115,293158230,2115,-167,-23,54,-14,2707,45,64,2704
26089544,7501,508957026,54024315,1567,-5894,3,6296,293158200,2115,293158240,2115,-167,-23,35,-106,2676,26,-29,2676
26100308,7501,508957033,54024273,1568,-5894,1,6296,293158200,2115,293158250,2115,-167,-23,37,-142,2728,29,-62,2729
26109791,7501,508957040,54024232,1567,-5895,0,6296,293158200,2115,293158260,2115,-167,-23,50,-9,2649,42,67,2647
26119686,7501,508957047,54024188,1567,-5895,-1,6296,293158250,2115,293158270,2115,-166,-22,78,-26,2617,70,49,2615
26129716,7501,508957054,54024147,1568,-5896,-2,6296,293158250,2115,293158280,2115,-166,-22,74,-147,2573,67,-73,2575
26139518,7501,508957061,54024105,1568,-5896,-3,6296,293158250,2115,293158290,2115,-166,-22,55,-94,2603,48,-19,2602
26149846,7502,508957068,54024064,1567,-5897,-4,6296,293158250,2115,293158300,2115,-166,-22,80,-6,2623,72,70,2620
26160248,7502,508957075,54024022,1568,-5897,-4,6296,293158250,2115,293158310,2115,-166,-21,53,-103,2577,46,-29,2577
26170590,7502,508957082,54023978,1568,-5897,-4,6296,293158300,2115,293158320,2115,-166,-21,32,-104,2547,25,-31,2547
26180054,7502,508957089,54023937,1567,-5897,-4,6296,293158300,2115,293158330,2115,-166,-20,55,15,2448,49,85,2445
26189904,7503,508957096,54023896,1567,-5898,-4,6296,293158300,2115,293158340,2115,-165,-19,51,-33,2542,44,40,2540
26199537,7503,508957103,54023854,1568,-5898,-5,6296,293158300,2115,293158350,2115,-165,-19,88,-115,2565,82,-41,2565
26209827,7503,508957110,54023813,1568,-5899,-5,6296,293158300,2115,293158360,2115,-165,-18,83,-78,2588,77,-3,2588
26220297,7503,508957117,54023769,1568,-5899,-6,6296,293158350,2115,293158370,2115,-165,-17,54,-71,2592,49,3,2591
26229940,7504,508957124,54023728,1567,-5900,-7,6296,293158350,2115,293158380,2115,-165,-17,42,26,2538,36,98,2534
26239551,7504,508957131,54023686,1567,-5900,-7,6296,293158350,2115,293158390,2115,-164,-16,53,-46,2498,48,25,2497
26249578,7504,508957138,54023645,1568,-5901,-6,6296,293158350,2115,293158400,2115,-164,-16,61,-115,2410,57,-46,2411
26259831,7504,508957145,54023603,1567,-5901,-5,6296,293158350,2115,293158410,2115,-164,-15,49,-30,2407,44,38,2405
26269706,7505,508957152,54023559,1567,-5902,-4,6296,293158400,2115,293158420,2115,-164,-14,71,3,2401,67,72,2398
26280297,7505,508957159,54023518,1567,-5903,-4,6296,293158400,2115,293158430,2115,-164,-14,100,-53,2454,96,17,2453
26289569,7505,508957167,54023476,1567,-5904,-4,6296,293158400,2115,293158440,2115,-164,-14,83,-22,2459,80,48,2457
26299525,7505,508957174,54023435,1567,-5904,-4,6296,293158400,2115,293158450,2115,-164,-13,97,-26,2473,93,44,2472
26310480,7505,508957181,54023394,1567,-5905,-3,6296,293158400,2115,293158460,2115,-164,-13,39,-34,2416,35,35,2415
26319680,7505,508957188,54023349,1566,-5905,-2,6296,293158450,2115,293158470,2115,-164,-13,45,-21,2414,41,48,2412
26329610,7506,508957195,54023308,1566,-5905,-1,6296,293158450,2115,293158480,2115,-164,-13,40,-81,2381,37,-13,2381
26339961,7506,508957202,54023267,1567,-5906,-1,6296,293158450,2115,293158490,2115,-164,-13,78,-89,2437,75,-19,2437
26349568,7506,508957209,54023225,1566,-5906,0,6296,293158450,2115,293158500,2115,-165,-13,69,40,2443,65,110,2440
26359778,7506,508957216,54023184,1566,-5907,0,6296,293158450,2115,293158510,2115,-165,-13,73,15,2439,70,85,2436
26369677,7506,508957223,54023140,1566,-5908,0,6296,293158500,2115,293158520,2115,-165,-13,107,-83,2529,103,-10,2529
26379610,7507,508957230,54023098,1566,-5908,2,6296,293158500,2115,293158530,2115,-165,-13,69,-63,2334,66,4,2334
26390013,7507,508957237,54023057,1565,-5908,3,6296,293158500,2115,293158540,2115,-165,-14,37,13,2360,33,81,2357
26400070,7507,508957244,54023015,1565,-5909,4,6296,293158500,2115,293158550,2115,-165,-14,50,-70,2329,47,-3,2329
26409849,7507,508957251,54022974,1565,-5909,5,6296,293158500,2115,293158560,2115,-165,-14,88,-56,2388,85,13,2387
26419675,7507,508957258,54022930,1565,-5910,6,6296,293158550,2115,293158570,2115,-166,-14,84,-45,2403,80,25,2402
26430005,7508,508957265,54022888,1565,-5911,6,6296,293158550,2115,293158580,2115,-166,-15,96,16,2464,91,87,2461
26439547,7508,508957272,54022847,1565,-5912,7,6296,293158550,2115,293158590,2115,-166,-15,73,-91,2423,69,-21,2423
26449556,7508,508957279,54022805,1565,-5912,8,6296,293158550,2115,293158600,2115,-166,-16,57,-1,2398,52,68,2396
26460602,7508,508957286,54022764,1565,-5912,8,6296,293158550,2115,293158610,2115,-166,-16,8,-72,2397,4,-3,2397
26470619,7508,508957293,54022720,1565,-5913,9,6296,293158600,2115,293158620,2115,-166,-17,83,-80,2406,79,-10,2406
26479606,7509,508957300,54022678,1564,-5913,10,6296,293158600,2115,293158630,2115,-166,-17,71,6,2431,66,76,2428
26490173,7509,508957307,54022637,1565,-5914,10,6296,293158600,2115,293158640,2115,-166,-17,104,-85,2475,99,-13,2475
26499540,7509,508957314,54022595,1564,-5915,10,6296,293158600,2115,293158650,2115,-165,-18,70,-12,2492,64,60,2490
26509792,7509,508957321,54022554,1564,-5915,10,6296,293158600,2115,293158660,2115,-165,-19,72,-20,2472,66,51,2470
26519778,7510,508957328,54022510,1564,-5916,11,6296,293158650,2115,293158670,2115,-165,-19,44,-58,2414,39,11,2413
26529646,7510,508957335,54022468,1564,-5916,12,6296,293158650,2115,293158680,2115,-164,-20,59,-86,2425,53,-17,2425
26539533,7510,508957342,54022427,1565,-5916,13,6296,293158650,2115,293158690,2115,-164,-21,65,-109,2368,59,-41,2369
26550435,7511,508957349,54022385,1564,-5917,13,6296,293158650,2115,293158700,2115,-163,-21,50,6,2436,43,75,2433
26559819,7511,508957356,54022344,1564,-5918,13,6296,293158650,2115,293158710,2115,-163,-22,115,-44,2507,107,27,2506
26569765,7511,508957364,54022299,1565,-5918,13,6296,293158700,2115,293158720,2115,-162,-22,111,-93,2521,104,-21,2522
26580446,7512,508957371,54022258,1565,-5919,13,6296,293158700,2115,293158730,2115,-162,-23,56,-62,2471,48,7,2470
26589537,7512,508957378,54022216,1564,-5919,13,6296,293158700,2115,293158740,2115,-161,-23,31,-3,2542,22,68,2539
26600032,7513,508957385,54022175,1564,-5919,13,6296,293158700,2115,293158750,2115,-160,-24,20,-46,2504,12,24,2502
26610123,7513,508957392,54022133,1564,-5920,13,6296,293158700,2115,293158760,2115,-159,-24,81,1,2519,72,71,2517
26619674,7513,508957399,54022089,1564,-5921,13,6296,293158750,2115,293158770,2115,-159,-24,67,-88,2517,59,-18,2516
26630200,7514,508957406,54022048,1564,-5921,13,6296,293158750,2115,293158780,2115,-158,-24,74,-50,2516,66,19,2515
26640096,7514,508957413,54022006,1564,-5921,12,6297,293158750,2115,293158790,2115,-158,-23,46,-12,2523,37,57,2521
26650498,7515,508957420,54021964,1563,-5922,12,6297,293158750,2115,293158800,2115,-157,-23,54,19,2572,45,89,2569
26659781,7515,508957427,54021923,1563,-5922,12,6297,293158750,2115,293158810,2115,-157,-23,65,-48,2498,57,20,2496
26670402,7516,508957434,54021879,1563,-5923,12,6297,293158800,2115,293158820,2115,-157,-23,72,-36,2427,64,30,2426
26679602,7516,508957441,54021837,1563,-5923,13,6297,293158800,2115,293158830,2115,-156,-22,72,-35,2476,65,32,2474
26689547,7517,508957448,54021796,1562,-5924,13,6297,293158800,2115,293158840,2115,-156,-21,48,-15,2508,41,54,2506
26699533,7517,508957455,54021754,1562,-5924,12,6297,293158800,2115,293158850,2115,-156,-21,54,-12,2557,47,57,2555
26709803,7517,508957462,54021712,1562,-5925,11,6297,293158800,2115,293158860,2115,-156,-20,58,-80,2589,51,-9,2589
26719682,7518,508957469,54021668,1562,-5925,11,6297,293158850,2115,293158870,2115,-156,-19,84,44,2510,77,112,2507
26730584,7518,508957476,54021627,1561,-5926,12,6297,293158850,2115,293158880,2115,-156,-18,72,-31,2448,67,36,2446
26739566,7519,508957483,54021585,1561,-5927,12,6297,293158850,2115,293158890,2115,-156,-18,61,-58,2476,56,9,2475
26749530,7519,508957490,54021543,1561,-5927,12,6297,293158850,2115,293158900,2115,-156,-17,43,-37,2465,38,30,2464
26760916,7520,508957497,54021502,1561,-5927,12,6297,293158850,2115,293158910,2115,-156,-16,59,-33,2524,55,36,2522
26769683,7520,508957504,54021458,1560,-5928,12,6297,293158900,2115,293158920,2115,-156,-15,42,98,2475,37,165,2470
26779609,7520,508957511,54021416,1560,-5929,13,6297,293158900,2115,293158930,2115,-156,-14,90,-3,2483,85,64,2481
26789539,7521,508957518,54021374,1560,-5930,12,6297,293158900,2115,293158940,2115,-155,-14,106,-31,2551,102,38,2549
26799715,7521,508957525,54021333,1560,-5930,12,6297,293158900,2115,293158950,2115,-155,-13,63,-69,2493,60,-1,2493
26809771,7521,508957532,54021291,1559,-5931,12,6297,293158900,2115,293158960,2115,-155,-13,55,13,2491,51,80,2488
26820176,7522,508957539,54021247,1559,-5931,13,6297,293158950,2115,293158970,2115,-155,-12,39,-31,2472,36,35,2470
26829611,7522,508957546,54021205,1558,-5932,13,6297,293158950,2115,293158980,2115,-155,-12,51,25,2441,48,91,2437
26839534,7523,508957553,54021164,1558,-5932,14,6297,293158950,2115,293158990,2115,-154,-11,49,-18,2439,46,47,2437
26850296,7523,508957560,54021122,1558,-5933,14,6297,293158950,2115,293159000,2115,-154,-11,96,-3,2519,93,64,2516
26859770,7523,508957567,54021081,1557,-5934,14,6297,293158950,2115,293159010,2115,-153,-10,90,28,2440,87,93,2437
26870082,7523,508957574,54021036,1557,-5934,14,6297,293159000,2115,293159020,2115,-153,-10,50,-74,2484,48,-8,2484
26880275,7524,508957581,54020995,1558,-5934,14,6297,293159000,2115,293159030,2115,-153,-9,38,-107,2493,37,-41,2494
26889560,7524,508957588,54020953,1557,-5935,14,6297,293159000,2115,293159040,2115,-153,-8,10,58,2529,8,125,2525
26899534,7524,508957595,54020911,1556,-5935,14,6297,293159000,2115,293159050,2115,-153,-7,66,50,2531,64,117,2527
26910732,7525,508957602,54020870,1557,-5936,13,6297,293159000,2115,293159060,2115,-152,-7,83,-112,2544,83,-45,2544
26919678,7525,508957609,54020826,1556,-5936,14,6297,293159050,2115,293159070,2115,-152,-6,57,-19,2499,56,47,2496
26929604,7525,508957616,54020784,1556,-5937,15,6297,293159050,2115,293159080,2115,-152,-5,31,37,2359,31,99,2355
26939521,7525,508957623,54020742,1555,-5937,16,6297,293159050,2115,293159090,2115,-151,-4,32,-2,2366,32,60,2364
26950068,7526,508957630,54020701,1556,-5937,17,6297,293159050,2115,293159100,2115,-151,-2,31,-158,2353,32,-96,2355
26959799,7526,508957637,54020659,1556,-5938,17,6297,293159050,2115,293159110,2115,-152,-1,79,-23,2448,80,42,2446
26969703,7527,508957644,54020615,1555,-5939,18,6297,293159100,2115,293159120,2115,-152,-1,65,134,2403,66,197,2397
26979607,7527,508957651,54020573,1554,-5940,18,6297,293159100,2115,293159130,2115,-152,0,100,-9,2536,102,58,2533
26989518,7527,508957658,54020531,1554,-5940,18,6297,293159100,2115,293159140,2115,-152,0,96,-65,2458,98,0,2457
26999545,7527,508957665,54020490,1554,-5941,19,6297,293159100,2115,293159150,2115,-152,1,35,-7,2409,38,57,2406
27009775,7528,508957672,54020448,1553,-5941,21,6297,293159100,2115,293159160,2115,-152,2,-18,40,2286,-15,100,2283
27019675,7528,508957679,54020404,1553,-5941,22,6297,293159150,2115,293159170,2115,-152,2,29,-76,2322,32,-14,2322
27030436,7528,508957686,54020362,1553,-5942,23,6297,293159150,2115,293159180,2115,-152,3,66,-30,2365,70,33,2363
27039536,7529,508957693,54020320,1553,-5943,24,6297,293159150,2115,293159190,2115,-153,3,87,32,2435,90,97,2432
27049551,7529,508957700,54020279,1553,-5944,24,6297,293159150,2115,293159200,2115,-153,3,121,-27,2498,124,40,2496
27060916,7529,508957707,54020237,1552,-5944,24,6297,293159150,2115,293159210,2115,-154,3,65,32,2481,68,98,2477
27069672,7530,508957714,54020193,1552,-5945,24,6297,293159200,2115,293159220,2115,-154,3,2,-33,2491,6,33,2489
27079631,7530,508957721,54020151,1552,-5945,25,6297,293159200,2115,293159230,2115,-154,3,17,-49,2430,21,16,2429
27089558,7530,508957728,54020109,1551,-5945,25,6297,293159200,2115,293159240,2115,-155,3,-12,7,2414,-9,72,2411
27099528,7530,508957735,54020067,1551,-5945,26,6297,293159200,2115,293159250,2115,-155,3,67,-18,2425,70,48,2423
27109806,7531,508957742,54020026,1551,-5946,26,6297,293159200,2115,293159260,2115,-155,2,59,-22,2447,62,45,2445
27119695,7531,508957749,54019981,1550,-5947,26,6297,293159250,2115,293159270,2115,-156,2,86,18,2516,89,86,2513
27129604,7531,508957756,54019940,1550,-5947,26,6297,293159250,2115,293159280,2115,-156,2,51,-10,2486,54,57,2484
27139534,7532,508957763,54019898,1549,-5948,27,6297,293159250,2115,293159290,2115,-156,1,45,23,2482,48,90,2479
27149519,7532,508957770,54019856,1550,-5948,27,6297,293159250,2115,293159300,2115,-156,1,34,-88,2436,37,-22,2435
27159817,7532,508957777,54019814,1550,-5949,27,6297,293159250,2115,293159310,2115,-156,0,47,-43,2512,50,25,2511
27170439,7533,508957783,54019770,1549,-5949,27,6297,293159300,2115,293159320,2115,-157,0,18,55,2475,20,122,2470
27179616,7533,508957790,54019728,1548,-5949,26,6297,293159300,2115,293159330,2115,-157,-1,44,-15,2607,45,56,2605
27189559,7534,508957797,54019687,1548,-5950,26,6297,293159300,2115,293159340,2115,-157,-1,52,-50,2507,54,18,2506
27199530,7534,508957804,54019645,1548,-5950,26,6297,293159300,2115,293159350,2115,-158,-2,64,-70,2547,66,0,2546
27209778,7534,508957811,54019603,1548,-5951,26,6297,293159300,2115,293159360,2115,-158,-2,15,17,2499,16,85,2496
27219689,7535,508957818,54019559,1547,-5951,26,6297,293159350,2115,293159370,2115,-159,-3,36,-8,2483,36,61,2480
27229610,7535,508957825,54019517,1547,-5951,26,6297,293159350,2115,293159380,2115,-159,-4,54,-77,2572,55,-6,2571
27239722,7536,508957832,54019475,1547,-5952,25,6297,293159350,2115,293159390,2115,-160,-4,42,-11,2551,42,60,2549
27249548,7536,508957839,54019433,1546,-5952,25,6297,293159350,2115,293159400,2115,-161,-5,47,95,2610,46,168,2604
27259981,7537,508957846,54019392,1545,-5953,24,6297,293159350,2115,293159410,2115,-162,-6,19,-20,2541,19,51,2539
27269825,7537,508957853,54019347,1546,-5953,23,6297,293159400,2115,293159420,2115,-163,-6,41,-119,2610,41,-45,2611
27279606,7538,508957860,54019305,1545,-5953,23,6297,293159400,2115,293159430,2115,-164,-7,52,16,2581,51,89,2578
27289551,7538,508957867,54019264,1545,-5954,22,6297,293159400,2115,293159440,2115,-164,-8,36,30,2571,35,103,2567
27299522,7538,508957874,54019222,1544,-5954,21,6297,293159400,2115,293159450,2115,-165,-8,34,-21,2606,32,54,2604
27309816,7539,508957881,54019180,1544,-5955,21,6297,293159400,2115,293159460,2115,-166,-9,34,-51,2591,32,24,2589
27319740,7539,508957888,54019136,1543,-5955,20,6297,293159450,2115,293159470,2115,-167,-10,32,11,2616,29,87,2613
27329662,7540,508957895,54019094,1543,-5956,19,6297,293159450,2115,293159480,2115,-168,-10,45,36,2587,42,111,2583
27339532,7540,508957901,54019052,1542,-5956,18,6297,293159450,2115,293159490,2115,-168,-11,63,-33,2612,60,44,2610
27349542,7541,508957908,54019010,1543,-5956,18,6297,293159450,2115,293159500,2115,-169,-12,51,-92,2592,49,-16,2592
27359828,7541,508957915,54018969,1542,-5957,17,6297,293159450,2115,293159510,2115,-170,-12,47,13,2605,44,90,2602
27370671,7542,508957922,54018924,1542,-5957,16,6297,293159500,2115,293159520,2115,-170,-13,26,-16,2594,22,61,2591
27379604,7542,508957929,54018882,1542,-5957,15,6297,293159500,2115,293159530,2115,-171,-14,24,-11,2624,19,67,2621
27389545,7543,508957936,54018841,1541,-5957,14,6297,293159500,2115,293159540,2115,-172,-14,18,-62,2629,14,16,2628
27399549,7543,508957943,54018799,1541,-5958,13,6297,293159500,2115,293159550,2115,-173,-14,54,-21,2637,49,58,2634
27409816,7543,508957950,54018757,1540,-5958,13,6297,293159500,2115,293159560,2115,-173,-15,28,39,2529,23,115,2525
27419710,7544,508957957,54018713,1540,-5959,12,6297,293159550,2115,293159570,2115,-174,-15,76,-102,2601,72,-23,2602
27429617,7544,508957964,54018671,1540,-5959,11,6297,293159550,2115,293159580,2115,-175,-15,12,-59,2630,8,21,2629
27439535,7545,508957971,54018629,1539,-5959,10,6297,293159550,2115,293159590,2115,-175,-14,24,0,2632,20,80,2629
27449555,7545,508957978,54018587,1538,-5960,9,6297,293159550,2115,293159600,2115,-176,-14,22,61,2653,17,142,2648
27460963,7545,508957985,54018545,1538,-5960,8,6297,293159550,2115,293159610,2115,-176,-14,50,-67,2585,46,12,2585
27469678,7546,508957991,54018501,1539,-5961,8,6297,293159600,2115,293159620,2115,-176,-13,71,-82,2588,68,-3,2587
27479641,7546,508957998,54018459,1538,-5961,8,6297,293159600,2115,293159630,2115,-176,-13,49,17,2480,45,93,2477
27489583,7546,508958005,54018417,1538,-5962,8,6297,293159600,2115,293159640,2115,-176,-12,47,-21,2510,43,56,2507
27499521,7546,508958012,54018375,1537,-5962,8,6297,293159600,2115,293159650,2115,-176,-12,8,-53,2533,5,25,2532
27509787,7546,508958019,54018334,1537,-5962,7,6297,293159600,2115,293159660,2115,-177,-11,47,-59,2531,44,19,2530
27519687,7547,508958026,54018289,1537,-5963,7,6297,293159650,2115,293159670,2115,-177,-10,47,-6,2496,44,71,2493
27529621,7547,508958033,54018247,1536,-5963,7,6297,293159650,2115,293159680,2115,-177,-10,52,25,2503,50,101,2499
27539529,7547,508958040,54018205,1537,-5964,7,6297,293159650,2115,293159690,2115,-177,-9,62,-112,2555,60,-33,2555
27549546,7547,508958047,54018163,1537,-5964,7,6297,293159650,2115,293159700,2115,-177,-8,54,-69,2450,52,6,2450
27559787,7547,508958054,54018122,1536,-5964,8,6297,293159650,2115,293159710,2115,-177,-8,0,-4,2450,-1,71,2447
27569957,7547,508958060,54018077,1536,-5964,8,6297,293159700,2115,293159720,2115,-177,-7,45,-76,2447,44,-1,2447
27579615,7547,508958067,54018035,1536,-5965,9,6297,293159700,2115,293159730,2115,-177,-6,32,-50,2442,31,25,2440
27589548,7547,508958074,54017993,1536,-5965,9,6297,293159700,2115,293159740,2115,-177,-5,64,-49,2478,63,27,2476
27599536,7547,508958081,54017952,1536,-5966,9,6297,293159700,2115,293159750,2115,-177,-5,78,-79,2466,78,-3,2466
27611002,7547,508958088,54017910,1536,-5966,10,6297,293159700,2115,293159760,2115,-177,-4,42,-54,2392,42,20,2391
27619977,7546,508958095,54017865,1536,-5966,11,6297,293159750,2115,293159770,2115,-176,-4,21,-69,2367,22,3,2366
27629634,7546,508958102,54017823,1536,-5966,12,6297,293159750,2115,293159780,2115,-176,-3,10,-99,2437,11,-24,2437
27639555,7546,508958109,54017781,1536,-5967,12,6297,293159750,2115,293159790,2115,-176,-3,33,-81,2441,34,-6,2440
27649563,7546,508958116,54017740,1536,-5967,12,6297,293159750,2115,293159800,2115,-177,-2,47,-55,2492,48,21,2490
27659833,7546,508958123,54017698,1536,-5968,12,6298,293159750,2115,293159810,2115,-177,-2,79,-28,2510,80,49,2508
27670044,7546,508958129,54017653,1536,-5968,12,6298,293159800,2115,293159820,2115,-177,-2,48,-69,2475,49,7,2474
27679619,7545,508958136,54017611,1537,-5968,13,6298,293159800,2115,293159830,2115,-177,-2,29,-146,2417,31,-72,2419
27689558,7545,508958143,54017569,1537,-5968,14,6298,293159800,2115,293159840,2115,-177,-2,40,-98,2419,41,-24,2419
27699538,7545,508958150,54017528,1536,-5969,14,6298,293159800,2115,293159850,2115,-177,-2,23,-13,2422,25,62,2419
27709823,7545,508958157,54017486,1536,-5969,15,6298,293159800,2115,293159860,2115,-177,-2,31,-68,2416,32,7,2415
27719678,7545,508958164,54017441,1537,-5970,15,6298,293159850,2115,293159870,2115,-178,-3,56,-117,2458,57,-42,2459
27729641,7545,508958171,54017399,1536,-5970,15,6298,293159850,2115,293159880,2115,-178,-3,41,23,2476,42,100,2473
27739523,7544,508958178,54017357,1536,-5971,15,6298,293159850,2115,293159890,2115,-178,-4,63,-113,2500,63,-35,2501
27749535,7544,508958185,54017315,1537,-5971,16,6298,293159850,2115,293159900,2115,-178,-5,70,-156,2493,70,-79,2495
27760381,7544,508958192,54017274,1537,-5971,16,6298,293159850,2115,293159910,2115,-178,-6,7,-95,2475,7,-19,2475
27769692,7544,508958198,54017229,1537,-5971,16,6298,293159900,2115,293159920,2115,-178,-7,15,-75,2509,14,3,2508
27779632,7544,508958205,54017187,1536,-5971,16,6298,293159900,2115,293159930,2115,-178,-8,12,59,2462,10,135,2457
27789553,7543,508958212,54017145,1537,-5971,16,6298,293159900,2115,293159940,2115,-178,-9,51,-172,2518,50,-94,2520
27799576,7543,508958219,54017103,1538,-5972,15,6298,293159900,2115,293159950,2115,-177,-10,58,-144,2574,56,-64,2575
27809836,7543,508958226,54017061,1538,-5972,15,6298,293159900,2115,293159960,2115,-177,-11,49,-60,2532,46,18,2531
27819685,7543,508958233,54017017,1538,-5973,15,6298,293159950,2115,293159970,2115,-177,-12,59,-64,2554,56,14,2553
27829661,7543,508958240,54016975,1538,-5972,15,6298,293159950,2115,293159980,2115,-176,-13,-7,-138,2472,-10,-62,2473
27839533,7542,508958247,54016933,1539,-5972,14,6298,293159950,2115,293159990,2115,-176,-14,5,-165,2560,1,-86,2562
27849542,7542,508958254,54016891,1539,-5972,14,6298,293159950,2115,293160000,2115,-176,-16,3,-75,2586,-2,4,2586
27859784,7542,508958261,54016849,1539,-5973,13,6298,293159950,2115,293160010,2115,-175,-17,74,-30,2642,69,50,2640
27870263,7542,508958268,54016805,1539,-5973,12,6298,293160000,2115,293160020,2115,-174,-18,68,-155,2612,63,-76,2614
27879620,7542,508958274,54016763,1540,-5973,11,6298,293160000,2115,293160030,2115,-174,-19,41,-176,2586,35,-98,2589
27889574,7542,508958281,54016721,1540,-5973,10,6298,293160000,2115,293160040,2115,-173,-20,31,-93,2588,24,-16,2588
27899544,7542,508958288,54016679,1540,-5973,10,6298,293160000,2115,293160050,2115,-172,-21,-2,-24,2547,-9,52,2545
27910513,7542,508958295,54016637,1541,-5974,9,6298,293160000,2115,293160060,2115,-171,-22,47,-168,2634,39,-90,2636
27919675,7542,508958302,54016592,1541,-5974,8,6298,293160050,2115,293160070,2115,-171,-23,47,-189,2581,40,-112,2584
27929629,7542,508958309,54016550,1541,-5974,7,6298,293160050,2115,293160080,2115,-170,-24,14,-43,2641,5,35,2639
27939788,7542,508958316,54016509,1541,-5974,6,6298,293160050,2115,293160090,2115,-169,-25,37,-59,2611,28,18,2610
27949560,7542,508958323,54016467,1542,-5974,5,6298,293160050,2115,293160100,2115,-169,-26,67,-125,2695,57,-46,2696
27959794,7542,508958330,54016425,1543,-5974,4,6298,293160050,2115,293160110,2115,-168,-26,39,-237,2644,30,-160,2648
27969686,7542,508958337,54016380,1543,-5974,3,6298,293160100,2115,293160120,2115,-167,-27,7,-58,2641,-4,18,2640
27981072,7542,508958344,54016338,1542,-5974,2,6298,293160100,2115,293160130,2115,-167,-27,9,-61,2602,-1,14,2601
27989554,7543,508958351,54016296,1542,-5974,1,6298,293160100,2115,293160140,2115,-167,-27,19,-73,2623,9,3,2622
27999716,7543,508958358,54016254,1543,-5975,0,6298,293160100,2115,293160150,2115,-167,-27,48,-96,2617,38,-20,2617
28010914,7543,508958364,54016212,1543,-5975,-1,6298,293160100,2115,293160160,2115,-166,-27,63,-102,2606,53,-27,2607
28019689,7543,508958371,54016168,1543,-5975,-2,6298,293160150,2115,293160170,2115,-166,-27,55,-96,2629,45,-20,2629
28030257,7543,508958378,54016126,1544,-5975,-2,6298,293160150,2115,293160180,2115,-166,-27,39,-120,2505,29,-48,2505
28039545,7543,508958385,54016084,1543,-5975,-3,6298,293160150,2115,293160190,2115,-165,-27,3,-21,2605,-7,54,2603
28049548,7543,508958392,54016042,1543,-5976,-3,6298,293160150,2115,293160200,2115,-165,-26,19,-75,2515,10,-3,2514
28060013,7543,508958399,54016000,1544,-5976,-4,6298,293160150,2115,293160210,2115,-165,-25,60,-112,2612,51,-37,2613
28069667,7544,508958406,54015955,1544,-5976,-4,6298,293160200,2115,293160220,2115,-165,-25,49,-34,2486,40,38,2484
28079625,7544,508958413,54015914,1543,-5976,-4,6298,293160200,2115,293160230,2115,-165,-24,44,-47,2498,36,25,2497
28090360,7544,508958420,54015872,1544,-5977,-3,6298,293160200,2115,293160240,2115,-165,-23,60,-82,2483,52,-10,2483
28099549,7544,508958427,54015830,1543,-5977,-4,6298,293160200,2115,293160250,2115,-165,-22,35,-43,2519,27,30,2517
28109819,7544,508958434,54015788,1544,-5977,-4,6298,293160200,2115,293160260,2115,-166,-21,13,-97,2537,6,-24,2537
28120566,7544,508958441,54015743,1543,-5977,-3,6298,293160250,2115,293160270,2115,-166,-20,61,-5,2482,55,67,2479
28129626,7544,508958448,54015701,1543,-5978,-4,6298,293160250,2115,293160280,2115,-166,-19,24,1,2505,18,73,2502
28139535,7544,508958455,54015659,1543,-5978,-3,6298,293160250,2115,293160290,2115,-166,-18,89,-83,2448,84,-12,2448
28149554,7544,508958461,54015617,1543,-5979,-3,6298,293160250,2115,293160300,2115,-166,-17,39,-75,2477,34,-4,2476
28159782,7544,508958468,54015575,1543,-5979,-2,6298,293160250,2115,293160310,2115,-166,-16,58,-85,2401,54,-15,2401
28170646,7544,508958475,54015531,1543,-5980,-1,6298,293160300,2115,293160320,2115,-167,-14,27,4,2366,23,73,2363
28179610,7544,508958482,54015489,1543,-5980,0,6298,293160300,2115,293160330,2115,-167,-13,35,-56,2344,32,12,2343
28189552,7544,508958489,54015447,1543,-5980,1,6298,293160300,2115,293160340,2115,-168,-12,48,-71,2424,45,-1,2423
28199545,7544,508958496,54015405,1542,-5981,2,6298,293160300,2115,293160350,2115,-168,-11,47,-6,2369,44,63,2366
28210777,7544,508958503,54015363,1542,-5981,2,6298,293160300,2115,293160360,2115,-168,-10,76,-58,2401,74,13,2400
28219681,7544,508958510,54015318,1542,-5982,3,6298,293160350,2115,293160370,2115,-168,-9,42,-65,2383,40,5,2382
28229616,7544,508958517,54015276,1543,-5982,5,6298,293160350,2115,293160380,2115,-168,-8,56,-152,2322,55,-84,2324
28240057,7544,508958524,54015234,1543,-5982,6,6298,293160350,2115,293160390,2115,-169,-7,23,-5,2384,22,65,2381
28249567,7544,508958531,54015192,1542,-5983,7,6298,293160350,2115,293160400,2115,-169,-6,26,-36,2364,26,34,2363
28259886,7544,508958538,54015150,1543,-5983,7,6298,293160350,2115,293160410,2115,-170,-5,44,-72,2409,45,-1,2408
28270097,7544,508958545,54015106,1542,-5983,9,6298,293160400,2115,293160420,2115,-171,-4,58,-34,2321,59,35,2319
28279611,7544,508958552,54015064,1543,-5983,10,6298,293160400,2115,293160430,2115,-171,-3,57,-74,2333,58,-4,2333
28289548,7544,508958559,54015022,1543,-5984,12,6298,293160400,2115,293160440,2115,-171,-2,38,-80,2281,40,-12,2281
28300151,7544,508958565,54014980,1542,-5984,14,6298,293160400,2115,293160450,2115,-172,-1,44,-33,2327,46,37,2325
28309790,7544,508958572,54014938,1542,-5984,15,6298,293160400,2115,293160460,2115,-173,0,20,-53,2270,22,15,2269
28319682,7544,508958579,54014893,1542,-5985,16,6298,293160450,2115,293160470,2115,-174,1,55,-20,2391,58,52,2389
28329655,7544,508958586,54014851,1543,-5985,18,6298,293160450,2115,293160480,2115,-174,1,73,-134,2339,76,-63,2340
28339539,7544,508958593,54014809,1543,-5986,19,6298,293160450,2115,293160490,2115,-175,2,59,-51,2332,62,20,2330
28349538,7544,508958600,54014767,1542,-5986,21,6298,293160450,2115,293160500,2115,-176,3,42,35,2290,44,105,2286
28360391,7544,508958607,54014725,1543,-5986,22,6298,293160450,2115,293160510,2115,-176,3,47,-131,2283,51,-61,2284
28369880,7544,508958614,54014680,1542,-5987,24,6298,293160500,2115,293160520,2115,-177,4,31,-37,2298,34,34,2297
28379614,7544,508958621,54014638,1542,-5987,25,6298,293160500,2115,293160530,2115,-177,4,33,-64,2365,37,9,2364
28390133,7544,508958628,54014596,1542,-5988,26,6298,293160500,2115,293160540,2115,-178,4,63,-45,2393,67,29,2391
28399520,7544,508958635,54014554,1542,-5988,27,6298,293160500,2115,293160550,2115,-178,4,53,-48,2347,57,25,2346
28409883,7544,508958642,54014512,1542,-5989,28,6298,293160500,2115,293160560,2115,-179,4,81,-54,2415,85,21,2414
28420104,7544,508958649,54014468,1542,-5990,29,6298,293160550,2115,293160570,2115,-179,4,55,-33,2364,58,40,2362
28429607,7545,508958656,54014426,1542,-5990,29,6298,293160550,2115,293160580,2115,-178,3,46,-89,2402,50,-15,2402
28439544,7545,508958662,54014384,1542,-5990,30,6298,293160550,2115,293160590,2115,-178,3,40,-64,2384,43,10,2383
28449546,7545,508958669,54014342,1542,-5990,31,6298,293160550,2115,293160600,2115,-178,2,15,-55,2390,18,19,2389
28459788,7545,508958676,54014300,1542,-5991,31,6298,293160550,2115,293160610,2115,-178,1,62,-99,2497,65,-21,2497
28469710,7545,508958683,54014255,1542,-5992,32,6298,293160600,2115,293160620,2115,-178,0,57,-15,2446,59,61,2443
28480347,7545,508958690,54014213,1542,-5992,32,6298,293160600,2115,293160630,2115,-178,-1,95,-113,2537,97,-35,2538
28489559,7545,508958697,54014171,1543,-5993,32,6298,293160600,2115,293160640,2115,-178,-3,59,-96,2463,61,-20,2463
28499543,7546,508958704,54014129,1543,-5993,32,6298,293160600,2115,293160650,2115,-177,-4,18,-67,2503,18,10,2502
28511427,7546,508958711,54014087,1543,-5993,32,6298,293160600,2115,293160660,2115,-176,-5,16,-108,2443,16,-33,2444
28519677,7546,508958718,54014042,1543,-5993,32,6298,293160650,2115,293160670,2115,-176,-7,29,-39,2584,28,40,2582
28529607,7546,508958725,54014000,1543,-5994,31,6298,293160650,2115,293160680,2115,-175,-8,64,-126,2598,63,-47,2599
28539840,7547,508958732,54013958,1543,-5994,30,6298,293160650,2115,293160690,2115,-174,-10,85,-41,2609,83,38,2607
28549588,7547,508958739,54013916,1542,-5995,29,6298,293160650,2115,293160700,2115,-173,-11,67,-3,2588,64,75,2585
28559813,7547,508958746,54013874,1543,-5995,28,6298,293160650,2115,293160710,2115,-172,-13,75,-139,2640,72,-60,2641
28570170,7548,508958753,54013829,1543,-5995,28,6298,293160700,2115,293160720,2115,-170,-14,5,-146,2606,1,-69,2607
28579628,7548,508958759,54013787,1543,-5995,27,6298,293160700,2115,293160730,2115,-169,-15,1,-28,2608,-4,48,2606
28589535,7549,508958766,54013745,1543,-5995,26,6298,293160700,2115,293160740,2115,-168,-17,8,-16,2625,2,60,2622
28599783,7549,508958773,54013703,1543,-5996,24,6298,293160700,2115,293160750,2115,-167,-18,56,-93,2662,50,-15,2662
28609797,7550,508958780,54013661,1544,-5996,23,6298,293160700,2115,293160760,2115,-166,-19,93,-157,2708,87,-79,2710
28619683,7550,508958787,54013616,1544,-5997,21,6298,293160750,2115,293160770,2115,-165,-20,73,-52,2685,66,25,2684
28630209,7551,508958794,54013574,1543,-5997,20,6298,293160750,2115,293160780,2115,-164,-20,66,43,2686,58,120,2682
28639542,7551,508958801,54013532,1543,-5997,19,6298,293160750,2115,293160790,2115,-162,-21,-5,-92,2567,-12,-20,2567
28649554,7551,508958808,54013490,1544,-5997,18,6298,293160750,2115,293160800,2115,-161,-21,-8,-199,2668,-15,-124,2670
28660231,7552,508958815,54013448,1543,-5997,17,6298,293160750,2115,293160810,2115,-160,-21,26,24,2633,18,96,2629
28670183,7552,508958822,54013403,1543,-5998,16,6298,293160800,2115,293160820,2115,-159,-21,56,-9,2656,48,65,2654
28679621,7553,508958829,54013361,1543,-5998,15,6298,293160800,2115,293160830,2115,-157,-21,94,-86,2686,86,-12,2686
28690077,7553,508958836,54013319,1543,-5999,13,6299,293160800,2115,293160840,2115,-156,-21,66,-57,2666,59,15,2665
28699548,7553,508958843,54013276,1543,-5999,12,6299,293160800,2115,293160850,2115,-154,-21,30,-72,2673,23,0,2672
28709825,7554,508958850,54013234,1543,-5999,11,6299,293160800,2115,293160860,2115,-152,-20,31,-36,2654,23,34,2653
28720429,7554,508958857,54013190,1542,-6000,10,6299,293160850,2115,293160870,2115,-151,-20,10,-5,2615,3,63,2613
28729629,7555,508958863,54013147,1542,-6000,9,6299,293160850,2115,293160880,2115,-150,-19,52,-74,2608,45,-6,2608
28739538,7555,508958870,54013105,1542,-6000,8,6299,293160850,2115,293160890,2115,-148,-19,47,35,2659,40,103,2655
28749536,7555,508958877,54013063,1542,-6001,7,6299,293160850,2115,293160900,2115,-147,-19,77,-109,2581,71,-43,2582
28760938,7556,508958884,54013021,1542,-6002,6,6299,293160850,2115,293160910,2115,-145,-18,84,-3,2573,78,62,2570
28769712,7556,508958891,54012976,1542,-6002,6,6299,293160900,2115,293160920,2115,-144,-18,3,-47,2512,-3,16,2511
28779603,7556,508958898,54012934,1541,-6002,6,6299,293160900,2115,293160930,2115,-143,-17,21,-3,2564,15,61,2562
28789550,7557,508958905,54012892,1541,-6002,5,6299,293160900,2115,293160940,2115,-142,-17,8,27,2578,3,90,2575
28799544,7557,508958912,54012850,1541,-6003,4,6299,293160900,2115,293160950,2115,-141,-16,84,-89,2641,79,-24,2641
28809818,7558,508958919,54012808,1541,-6003,4,6299,293160900,2115,293160960,2115,-141,-16,44,1,2556,39,63,2553
28819686,7558,508958926,54012763,1540,-6003,3,6299,293160950,2115,293160970,2115,-140,-15,64,28,2581,59,91,2578
28829599,7558,508958933,54012721,1540,-6004,3,6299,293160950,2115,293160980,2115,-140,-15,11,8,2528,7,69,2525
28839546,7559,508958940,54012679,1539,-6004,3,6299,293160950,2115,293160990,2115,-140,-14,34,-50,2562,30,12,2561
28849570,7559,508958947,54012637,1539,-6004,3,6299,293160950,2115,293161000,2115,-140,-13,10,-57,2487,6,4,2486
28859778,7559,508958954,54012595,1538,-6004,2,6299,293160950,2115,293161010,2115,-140,-12,2,72,2538,-2,134,2533
28869687,7559,508958960,54012550,1538,-6005,3,6299,293161000,2115,293161020,2115,-141,-11,45,19,2490,42,80,2487
28879615,7560,508958967,54012508,1538,-6005,2,6299,293161000,2115,293161030,2115,-142,-10,63,-23,2539,60,39,2537
28889550,7560,508958974,54012466,1537,-6006,2,6299,293161000,2115,293161040,2115,-142,-10,47,12,2517,44,75,2514
28899533,7560,508958981,54012423,1537,-6006,2,6299,293161000,2115,293161050,2115,-143,-9,63,-6,2482,61,56,2480
28910946,7560,508958988,54012381,1536,-6007,3,6299,293161000,2115,293161060,2115,-145,-8,18,7,2469,16,69,2466
28919684,7561,508958995,54012336,1536,-6007,3,6299,293161050,2115,293161070,2115,-146,-8,-13,18,2407,-15,79,2404
28929634,7561,508959002,54012294,1535,-6007,4,6299,293161050,2115,293161080,2115,-148,-7,30,-15,2433,29,47,2431
28939536,7561,508959009,54012252,1534,-6008,5,6299,293161050,2115,293161090,2115,-150,-7,75,84,2382,74,146,2377
28949522,7562,508959016,54012210,1534,-6008,6,6299,293161050,2115,293161100,2115,-151,-6,55,-20,2427,54,44,2425
28959782,7562,508959023,54012168,1534,-6009,6,6299,293161050,2115,293161110,2115,-153,-6,77,-24,2409,77,40,2407
28970543,7562,508959029,54012123,1534,-6009,7,6299,293161100,2115,293161120,2115,-155,-6,20,-5,2413,20,60,2410
28979608,7562,508959036,54012081,1532,-6010,7,6299,293161100,2115,293161130,2115,-156,-6,18,112,2451,17,178,2445
28989550,7562,508959043,54012039,1532,-6010,8,6299,293161100,2115,293161140,2115,-158,-6,22,3,2423,21,69,2420
28999544,7562,508959050,54011996,1532,-6010,8,6299,293161100,2115,293161150,2115,-160,-5,56,-51,2488,56,19,2487
29009784,7563,508959057,54011954,1531,-6011,9,6299,293161100,2115,293161160,2115,-162,-6,37,29,2369,37,96,2366
29019682,7563,508959064,54011909,1530,-6012,10,6299,293161150,2115,293161170,2115,-163,-5,46,58,2395,46,126,2391
29029610,7563,508959071,54011867,1530,-6012,11,6299,293161150,2115,293161180,2115,-165,-5,53,-23,2368,52,44,2366
29039539,7563,508959078,54011825,1530,-6012,12,6299,293161150,2115,293161190,2115,-166,-6,17,-33,2436,17,37,2435
29050353,7563,508959085,54011783,1529,-6012,13,6299,293161150,2115,293161200,2115,-167,-6,5,44,2361,4,112,2357
29060449,7563,508959091,54011741,1528,-6013,13,6299,293161150,2115,293161210,2115,-168,-6,35,-17,2481,34,56,2478
29069676,7564,508959098,54011696,1528,-6013,14,6299,293161200,2115,293161220,2115,-169,-7,32,-66,2421,32,4,2420
29080090,7564,508959105,54011654,1528,-6014,14,6299,293161200,2115,293161230,2115,-169,-7,53,-26,2391,53,44,2389
29089565,7564,508959112,54011611,1528,-6014,15,6299,293161200,2115,293161240,2115,-170,-7,11,19,2439,10,90,2436
29099545,7564,508959119,54011569,1528,-6014,16,6299,293161200,2115,293161250,2115,-170,-8,21,-80,2399,21,-9,2398
29109996,7564,508959126,54011527,1528,-6014,16,6299,293161200,2115,293161260,2115,-170,-8,28,-130,2418,27,-58,2419
29119688,7565,508959133,54011482,1527,-6014,17,6299,293161250,2115,293161270,2115,-170,-9,24,6,2411,22,77,2408
29129595,7565,508959139,54011440,1527,-6015,18,6299,293161250,2115,293161280,2115,-171,-9,8,-16,2443,6,56,2441
29139528,7565,508959146,54011398,1527,-6015,18,6299,293161250,2115,293161290,2115,-170,-10,7,-53,2407,5,18,2406
29149528,7566,508959153,54011355,1527,-6015,18,6299,293161250,2115,293161300,2115,-170,-10,43,-95,2525,41,-20,2525
29159806,7566,508959160,54011313,1527,-6015,18,6299,293161250,2115,293161310,2115,-170,-11,48,-30,2476,45,43,2474
29169695,7566,508959167,54011268,1527,-6016,19,6299,293161300,2115,293161320,2115,-169,-11,5,-25,2465,2,47,2463
29179613,7566,508959174,54011226,1527,-6015,19,6299,293161300,2115,293161330,2115,-168,-12,7,-154,2497,5,-81,2499
29189553,7567,508959181,54011184,1527,-6015,19,6299,293161300,2115,293161340,2115,-168,-13,-34,-54,2480,-37,18,2479
29199562,7567,508959187,54011142,1526,-6015,19,6299,293161300,2115,293161350,2115,-168,-13,24,23,2542,20,97,2539
29209838,7567,508959194,54011100,1526,-6016,19,6299,293161300,2115,293161360,2115,-167,-14,26,-71,2484,22,2,2483
29219684,7567,508959201,54011055,1526,-6015,19,6299,293161350,2115,293161370,2115,-167,-14,3,-53,2530,-1,20,2529
29229623,7568,508959208,54011012,1527,-6016,19,6299,293161350,2115,293161380,2115,-166,-14,25,-85,2480,21,-14,2479
29240009,7568,508959215,54010970,1526,-6015,18,6299,293161350,2115,293161390,2115,-165,-15,-14,-50,2538,-19,23,2537
29249570,7568,508959222,54010928,1526,-6015,19,6299,293161350,2115,293161400,2115,-164,-15,-5,-74,2478,-9,-3,2477
29259838,7569,508959229,54010886,1526,-6015,18,6299,293161350,2115,293161410,2115,-164,-15,-2,-43,2590,-7,30,2589
29269717,7569,508959235,54010841,1526,-6015,18,6299,293161400,2115,293161420,2115,-163,-14,-21,-77,2556,-25,-5,2555
29279647,7569,508959242,54010799,1526,-6015,17,6299,293161400,2115,293161430,2115,-162,-14,14,-7,2538,10,64,2535
29289551,7570,508959249,54010757,1526,-6016,17,6299,293161400,2115,293161440,2115,-161,-13,43,-56,2579,39,16,2578
29299552,7570,508959256,54010714,1526,-6016,17,6299,293161400,2115,293161450,2115,-160,-13,33,-169,2522,30,-99,2524
29309781,7570,508959263,54010672,1526,-6016,17,6299,293161400,2115,293161460,2115,-159,-12,-42,7,2495,-45,76,2492
29319689,7571,508959270,54010627,1525,-6016,17,6299,293161450,2115,293161470,2115,-159,-12,-24,-10,2493,-27,58,2490
29329622,7571,508959277,54010585,1524,-6016,16,6299,293161450,2115,293161480,2115,-158,-11,8,-21,2541,6,48,2539
29339543,7571,508959283,54010543,1525,-6016,16,6299,293161450,2115,293161490,2115,-157,-10,32,-94,2484,30,-26,2484
29349536,7572,508959290,54010501,1524,-6016,16,6299,293161450,2115,293161500,2115,-157,-9,42,-39,2525,40,30,2524
29359812,7572,508959297,54010458,1524,-6016,16,6299,293161450,2115,293161510,2115,-156,-9,12,-51,2501,10,17,2499
29369710,7572,508959304,54010413,1524,-6017,16,6299,293161500,2115,293161520,2115,-156,-8,11,-36,2524,10,32,2522
29379628,7572,508959311,54010371,1524,-6016,16,6299,293161500,2115,293161530,2115,-155,-8,4,-91,2496,3,-24,2496
29389535,7573,508959318,54010329,1524,-6016,16,6299,293161500,2115,293161540,2115,-155,-7,-15,-56,2556,-16,13,2555
29399556,7573,508959324,54010287,1523,-6017,15,6299,293161500,2115,293161550,2115,-155,-7,-2,24,2538,-3,92,2535
29409803,7573,508959331,54010245,1523,-6017,15,6299,293161500,2115,293161560,2115,-154,-6,20,-3,2554,19,65,2551
29419704,7574,508959338,54010200,1523,-6017,14,6299,293161550,2115,293161570,2115,-154,-6,34,-42,2554,33,27,2552
29429612,7574,508959345,54010157,1523,-6017,14,6299,293161550,2115,293161580,2115,-154,-6,42,-91,2494,42,-24,2494
29439582,7574,508959352,54010115,1522,-6017,14,6299,293161550,2115,293161590,2115,-154,-5,-19,23,2513,-20,90,2510
29449569,7574,508959359,54010073,1522,-6017,15,6299,293161550,2115,293161600,2115,-154,-5,-38,-57,2453,-38,8,2452
29460375,7575,508959365,54010031,1522,-6017,14,6299,293161550,2115,293161610,2115,-154,-4,-7,-21,2582,-7,47,2580
29469690,7575,508959372,54009986,1522,-6017,14,6299,293161600,2115,293161620,2115,-154,-4,4,0,2546,4,68,2543
29479632,7575,508959379,54009944,1521,-6018,13,6299,293161600,2115,293161630,2115,-154,-4,50,-7,2637,50,64,2635
29489568,7575,508959386,54009901,1521,-6018,13,6299,293161600,2115,293161640,2115,-154,-4,32,-49,2535,32,19,2533
29499532,7575,508959393,54009859,1520,-6018,12,6299,293161600,2115,293161650,2115,-154,-3,0,18,2567,1,87,2563
29509839,7575,508959400,54009817,1520,-6018,12,6299,293161600,2115,293161660,2115,-154,-3,-42,-65,2500,-41,2,2499
29519698,7575,508959407,54009772,1520,-6018,12,6299,293161650,2115,293161670,2115,-155,-3,-14,-96,2544,-13,-27,2543
29529623,7576,508959413,54009730,1520,-6018,12,6299,293161650,2115,293161680,2115,-155,-3,-6,6,2479,-6,72,2476
29539548,7576,508959420,54009688,1519,-6018,12,6299,293161650,2115,293161690,2115,-156,-3,24,36,2488,24,103,2485
29549532,7576,508959427,54009645,1519,-6019,12,6299,293161650,2115,293161700,2115,-156,-3,29,-44,2566,29,26,2564
29559808,7576,508959434,54009603,1519,-6019,11,6299,293161650,2115,293161710,2115,-156,-3,49,-118,2571,50,-48,2572
29569689,7576,508959441,54009558,1519,-6019,11,6299,293161700,2115,293161720,2115,-156,-3,-4,9,2533,-3,77,2530
29579618,7577,508959448,54009516,1518,-6019,11,6299,293161700,2115,293161730,2115,-156,-3,-38,-19,2546,-38,49,2544
29589558,7577,508959454,54009474,1518,-6019,10,6299,293161700,2115,293161740,2115,-157,-3,-33,-11,2534,-32,58,2531
29599536,7577,508959461,54009432,1518,-6019,10,6299,293161700,2115,293161750,2115,-157,-4,14,-110,2517,15,-42,2517
29609797,7577,508959468,54009389,1517,-6019,10,6299,293161700,2115,293161760,2115,-157,-4,29,56,2514,29,125,2510
29619681,7577,508959475,54009344,1517,-6019,10,6299,293161750,2115,293161770,2115,-157,-4,-6,-23,2477,-5,45,2475
29629620,7577,508959482,54009302,1517,-6019,10,6299,293161750,2115,293161780,2115,-157,-4,18,-112,2538,19,-42,2538
29639556,7577,508959488,54009260,1518,-6019,10,6299,293161750,2115,293161790,2115,-157,-5,-12,-110,2520,-11,-41,2521
29649569,7577,508959495,54009218,1517,-6019,10,6299,293161750,2115,293161800,2115,-158,-5,-8,36,2533,-8,105,2529
29659823,7577,508959502,54009176,1516,-6019,9,6299,293161750,2115,293161810,2115,-158,-6,-45,-8,2540,-46,61,2537
29669706,7577,508959509,54009130,1517,-6019,9,6299,293161800,2115,293161820,2115,-158,-6,-27,-142,2562,-27,-72,2563
29679627,7577,508959516,54009088,1516,-6019,8,6299,293161800,2115,293161830,2115,-158,-7,5,-30,2560,4,41,2558
29689569,7577,508959523,54009046,1516,-6019,8,6299,293161800,2115,293161840,2115,-158,-7,-4,-14,2517,-5,55,2515
29699545,7577,508959529,54009004,1516,-6019,8,6299,293161800,2115,293161850,2115,-158,-8,-16,-71,2499,-17,-3,2498
29709799,7577,508959536,54008962,1516,-6018,9,6300,293161800,2115,293161860,2115,-158,-8,-52,-116,2487,-53,-48,2488
29719689,7577,508959543,54008917,1516,-6018,8,6300,293161850,2115,293161870,2115,-158,-9,-26,-10,2555,-28,59,2552
29729626,7578,508959550,54008874,1515,-6018,8,6300,293161850,2115,293161880,2115,-158,-9,5,-16,2562,3,54,2560
29739546,7578,508959557,54008832,1515,-6018,8,6300,293161850,2115,293161890,2115,-158,-9,-16,-44,2528,-18,25,2526
29749738,7578,508959563,54008790,1516,-6018,8,6300,293161850,2115,293161900,2115,-157,-10,-24,-142,2490,-25,-74,2491
29759929,7578,508959570,54008748,1515,-6018,7,6300,293161850,2115,293161910,2115,-158,-10,8,-10,2549,6,60,2546
29769692,7578,508959577,54008703,1515,-6018,7,6300,293161900,2115,293161920,2115,-158,-10,-15,-9,2535,-17,60,2532
29779611,7578,508959584,54008661,1515,-6018,7,6300,293161900,2115,293161930,2115,-158,-10,-2,-118,2517,-4,-50,2517
29789540,7579,508959591,54008618,1514,-6018,7,6300,293161900,2115,293161940,2115,-158,-10,-53,-21,2482,-56,47,2480
29799557,7579,508959597,54008576,1514,-6017,7,6300,293161900,2115,293161950,2115,-158,-10,-21,-20,2471,-23,47,2469
29809788,7579,508959604,54008534,1513,-6017,8,6300,293161900,2115,293161960,2115,-159,-9,-10,4,2467,-12,72,2464
29819718,7579,508959611,54008489,1514,-6017,8,6300,293161950,2115,293161970,2115,-159,-9,11,-114,2449,9,-47,2450
29829617,7579,508959618,54008447,1514,-6018,8,6300,293161950,2115,293161980,2115,-159,-9,21,-57,2466,19,11,2465
29839659,7580,508959625,54008405,1513,-6018,9,6300,293161950,2115,293161990,2115,-160,-9,-2,-10,2429,-4,57,2427
29849578,7580,508959632,54008362,1513,-6018,9,6300,293161950,2115,293162000,2115,-160,-9,-10,-68,2461,-11,0,2460
29859797,7580,508959638,54008320,1513,-6017,10,6300,293161950,2115,293162010,2115,-161,-9,-45,-28,2418,-47,39,2416
29870115,7580,508959645,54008275,1512,-6017,10,6300,293162000,2115,293162020,2115,-162,-9,-16,9,2426,-18,77,2423
29879664,7581,508959652,54008233,1512,-6017,11,6300,293162000,2115,293162030,2115,-163,-8,-8,-18,2411,-9,50,2409
29889587,7581,508959659,54008191,1512,-6018,11,6300,293162000,2115,293162040,2115,-163,-8,40,-78,2461,39,-9,2461
29899544,7581,508959665,54008148,1512,-6018,12,6300,293162000,2115,293162050,2115,-164,-8,12,-5,2436,11,65,2433
29909806,7581,508959672,54008106,1511,-6018,12,6300,293162000,2115,293162060,2115,-164,-7,-24,-64,2443,-25,5,2442
29919975,7581,508959679,54008061,1511,-6018,13,6300,293162050,2115,293162070,2115,-165,-7,-32,2,2485,-34,73,2482
29929857,7582,508959686,54008019,1511,-6017,13,6300,293162050,2115,293162080,2115,-166,-7,-24,-43,2451,-25,28,2450
29939547,7582,508959693,54007977,1510,-6017,14,6300,293162050,2115,293162090,2115,-166,-7,-36,31,2424,-37,101,2420
29949565,7582,508959699,54007935,1510,-6017,15,6300,293162050,2115,293162100,2115,-167,-6,13,-104,2391,13,-35,2391
29961002,7583,508959706,54007892,1509,-6018,15,6300,293162050,2115,293162110,2115,-167,-6,17,22,2419,16,92,2416
29969713,7583,508959713,54007847,1509,-6018,16,6300,293162100,2115,293162120,2115,-167,-5,-15,10,2419,-15,79,2416
29979626,7583,508959720,54007805,1509,-6018,16,6300,293162100,2115,293162130,2115,-167,-5,9,-119,2503,9,-46,2503
29989538,7583,508959727,54007763,1509,-6017,16,6300,293162100,2115,293162140,2115,-167,-5,-34,-92,2484,-33,-20,2484
29999549,7584,508959733,54007721,1509,-6018,16,6300,293162100,2115,293162150,2115,-167,-5,2,14,2530,2,87,2527
30009791,7584,508959740,54007679,1508,-6018,17,6300,293162100,2115,293162160,2115,-167,-5,-28,51,2420,-29,120,2416
30019744,7584,508959747,54007634,1507,-6018,17,6300,293162150,2115,293162170,2115,-167,-4,-5,-49,2485,-5,23,2484
30029637,7585,508959754,54007591,1508,-6017,17,6300,293162150,2115,293162180,2115,-167,-4,-21,-133,2442,-20,-63,2443
30039548,7585,508959761,54007549,1507,-6018,18,6300,293162150,2115,293162190,2115,-166,-4,1,13,2415,2,82,2411
30049664,7585,508959767,54007507,1507,-6018,18,6300,293162150,2115,293162200,2115,-166,-4,8,-41,2472,9,30,2470
30060979,7586,508959774,54007465,1507,-6017,18,6300,293162150,2115,293162210,2115,-166,-4,-13,-131,2490,-12,-60,2491
30069698,7586,508959781,54007420,1507,-6018,18,6300,293162200,2115,293162220,2115,-166,-4,-13,46,2519,-13,118,2514
30080102,7587,508959788,54007377,1506,-6018,18,6300,293162200,2115,293162230,2115,-166,-4,-4,-12,2484,-4,59,2481
30089594,7588,508959794,54007335,1506,-6018,18,6300,293162200,2115,293162240,2115,-165,-4,-26,-31,2506,-25,41,2504
30099548,7588,508959801,54007293,1506,-6018,18,6300,293162200,2115,293162250,2115,-165,-4,2,-51,2484,3,20,2483
30110245,7589,508959808,54007251,1505,-6018,18,6300,293162200,2115,293162260,2115,-165,-3,-27,-35,2455,-27,35,2453
30119719,7589,508959815,54007206,1505,-6017,19,6300,293162250,2115,293162270,2115,-164,-3,-35,-59,2472,-34,11,2471
30129621,7590,508959821,54007164,1504,-6017,19,6300,293162250,2115,293162280,2115,-164,-3,-24,0,2489,-23,71,2487
30140060,7590,508959828,54007121,1504,-6018,19,6300,293162250,2115,293162290,2115,-164,-3,1,6,2518,2,77,2515
30149534,7591,508959835,54007079,1503,-6018,18,6300,293162250,2115,293162300,2115,-164,-3,6,-26,2530,6,46,2528
30160961,7592,508959842,54007037,1503,-6018,18,6300,293162250,2115,293162310,2115,-163,-3,-8,-35,2543,-8,37,2541
30169830,7592,508959849,54006992,1503,-6017,19,6300,293162300,2115,293162320,2115,-163,-3,-11,-2,2453,-10,67,2450
30179620,7593,508959855,54006950,1502,-6017,19,6300,293162300,2115,293162330,2115,-162,-3,-29,0,2503,-29,70,2500
30189554,7593,508959862,54006908,1502,-6017,19,6300,293162300,2115,293162340,2115,-162,-3,-50,-64,2501,-49,6,2500
30200294,7594,508959869,54006865,1501,-6017,18,6300,293162300,2115,293162350,2115,-161,-3,-8,-15,2529,-8,56,2527
30209789,7594,508959876,54006823,1501,-6017,18,6300,293162300,2115,293162360,2115,-161,-4,-3,24,2502,-3,94,2498
30219690,7595,508959882,54006778,1501,-6017,18,6300,293162350,2115,293162370,2115,-160,-4,3,-30,2515,3,40,2513
30229860,7595,508959889,54006736,1500,-6017,18,6300,293162350,2115,293162380,2115,-160,-4,7,6,2513,7,76,2510
30239556,7596,508959896,54006694,1500,-6017,18,6300,293162350,2115,293162390,2115,-159,-4,-2,-105,2564,-2,-34,2564
30249575,7596,508959903,54006652,1500,-6017,18,6300,293162350,2115,293162400,2115,-158,-5,-49,-63,2534,-49,6,2533
30260383,7597,508959909,54006609,1499,-6017,17,6300,293162350,2115,293162410,2115,-158,-5,-55,15,2533,-56,84,2529
30269731,7598,508959916,54006564,1498,-6017,17,6300,293162400,2115,293162420,2115,-158,-6,-35,75,2560,-36,145,2555
30279665,7598,508959923,54006522,1498,-6017,17,6300,293162400,2115,293162430,2115,-157,-6,27,-56,2554,26,14,2553
30289636,7599,508959929,54006480,1498,-6017,16,6300,293162400,2115,293162440,2115,-157,-7,-7,-77,2542,-7,-8,2541
30299562,7599,508959936,54006438,1498,-6017,16,6300,293162400,2115,293162450,2115,-155,-7,-13,-36,2566,-14,33,2564
30309837,7600,508959943,54006396,1497,-6017,16,6300,293162400,2115,293162460,2115,-155,-7,-45,41,2538,-46,109,2534
30320139,7600,508959950,54006351,1496,-6017,15,6300,293162450,2115,293162470,2115,-154,-7,-13,-16,2502,-15,50,2499
30329630,7600,508959956,54006308,1496,-6017,15,6300,293162450,2115,293162480,2115,-153,-8,-47,-18,2589,-48,51,2587
30339551,7601,508959963,54006266,1495,-6017,14,6300,293162450,2115,293162490,2115,-152,-8,-11,-30,2596,-13,38,2594
30349704,7601,508959970,54006224,1495,-6016,13,6300,293162450,2115,293162500,2115,-151,-8,-7,-57,2578,-8,11,2577
30359799,7602,508959977,54006182,1494,-6016,13,6300,293162450,2115,293162510,2115,-150,-7,-29,66,2542,-30,131,2538
30369726,7602,508959983,54006137,1494,-6016,13,6300,293162500,2115,293162520,2115,-148,-7,0,-39,2550,-1,26,2548
30380053,7602,508959990,54006095,1494,-6016,13,6300,293162500,2115,293162530,2115,-147,-6,-33,-90,2479,-34,-26,2478
30389533,7603,508959997,54006052,1493,-6016,13,6300,293162500,2115,293162540,2115,-147,-6,-44,67,2562,-45,131,2557
30399588,7603,508960003,54006010,1493,-6016,12,6300,293162500,2115,293162550,2115,-146,-6,-21,-61,2614,-22,5,2613
30409815,7603,508960010,54005968,1493,-6016,12,6300,293162500,2115,293162560,2115,-146,-5,0,-68,2500,0,-5,2499
30419708,7604,508960017,54005923,1492,-6016,11,6300,293162550,2115,293162570,2115,-145,-5,-9,14,2517,-9,77,2514
30429619,7604,508960023,54005881,1492,-6016,12,6300,293162550,2115,293162580,2115,-145,-4,6,-5,2470,6,57,2468
30439550,7605,508960030,54005839,1491,-6016,12,6300,293162550,2115,293162590,2115,-144,-4,-2,35,2471,-2,97,2468
30449558,7605,508960037,54005797,1491,-6016,12,6300,293162550,2115,293162600,2115,-144,-4,-35,-50,2466,-35,11,2465
30459796,7605,508960044,54005754,1491,-6016,13,6300,293162550,2115,293162610,2115,-144,-4,-17,-65,2422,-16,-5,2421
30469723,7606,508960050,54005709,1490,-6016,14,6300,293162600,2115,293162620,2115,-144,-4,-23,30,2417,-23,90,2414
30479629,7606,508960057,54005667,1489,-6016,13,6300,293162600,2115,293162630,2115,-144,-4,-28,72,2559,-28,135,2554
30489540,7606,508960064,54005625,1489,-6016,13,6300,293162600,2115,293162640,2115,-144,-4,36,-29,2568,37,35,2566
30500141,7606,508960070,54005583,1489,-6017,12,6300,293162600,2115,293162650,2115,-145,-4,37,-27,2574,37,37,2572
30509823,7607,508960077,54005541,1488,-6017,12,6300,293162600,2115,293162660,2115,-145,-5,-44,58,2471,-44,120,2467
30519688,7607,508960084,54005496,1487,-6016,13,6300,293162650,2115,293162670,2115,-146,-5,-66,12,2401,-66,73,2398
30529761,7607,508960090,54005453,1487,-6016,14,6300,293162650,2115,293162680,2115,-147,-5,-51,-55,2459,-51,8,2458
30539546,7607,508960097,54005411,1486,-6016,14,6300,293162650,2115,293162690,2115,-148,-5,-31,26,2495,-31,90,2492
30549565,7607,508960104,54005369,1486,-6016,13,6300,293162650,2115,293162700,2115,-150,-5,30,31,2587,30,98,2583
30560628,7608,508960110,54005327,1485,-6016,13,6300,293162650,2115,293162710,2115,-151,-5,10,-15,2467,9,50,2465
30569707,7608,508960117,54005282,1485,-6017,13,6300,293162700,2115,293162720,2115,-152,-5,6,0,2587,6,68,2584
30579649,7608,508960124,54005240,1484,-6017,12,6300,293162700,2115,293162730,2115,-153,-5,-19,11,2566,-19,79,2563
30589968,7608,508960130,54005197,1484,-6016,12,6300,293162700,2115,293162740,2115,-154,-5,-40,-84,2501,-40,-17,2500
30599547,7608,508960137,54005155,1484,-6016,12,6300,293162700,2115,293162750,2115,-156,-5,-79,-60,2492,-78,7,2491
30609784,7608,508960144,54005113,1483,-6015,13,6300,293162700,2115,293162760,2115,-157,-4,-64,89,2406,-64,154,2401
30619697,7608,508960150,54005068,1482,-6016,14,6300,293162750,2115,293162770,2115,-159,-4,1,-6,2438,1,60,2435
30629622,7608,508960157,54005026,1482,-6016,14,6300,293162750,2115,293162780,2115,-160,-4,28,-88,2504,29,-18,2504
30639579,7608,508960164,54004984,1482,-6016,13,6300,293162750,2115,293162790,2115,-162,-3,34,-34,2571,34,38,2569
30650363,7608,508960170,54004942,1481,-6016,13,6300,293162750,2115,293162800,2115,-164,-3,11,5,2481,12,75,2478
30660965,7608,508960177,54004899,1481,-6016,14,6300,293162750,2115,293162810,2115,-165,-3,-65,16,2471,-65,86,2468
30669704,7608,508960184,54004854,1481,-6015,14,6300,293162800,2115,293162820,2115,-166,-3,-83,-107,2457,-81,-37,2457
30680433,7608,508960190,54004812,1480,-6015,14,6300,293162800,2115,293162830,2115,-168,-2,-53,17,2433,-52,88,2429
30689571,7609,508960197,54004770,1480,-6015,15,6300,293162800,2115,293162840,2115,-169,-1,-17,-41,2473,-16,32,2471
30699551,7609,508960204,54004728,1479,-6016,15,6300,293162800,2115,293162850,2115,-170,-1,78,-9,2510,79,65,2508
30710542,7609,508960210,54004686,1479,-6016,15,6300,293162800,2115,293162860,2115,-171,-1,-4,-37,2461,-2,36,2459
30720137,7609,508960217,54004641,1479,-6016,15,6300,293162850,2115,293162870,2115,-173,0,-25,-92,2475,-23,-18,2475
30729644,7609,508960224,54004598,1478,-6015,16,6301,293162850,2115,293162880,2115,-174,0,-60,-3,2396,-58,69,2394
30739569,7609,508960230,54004556,1478,-6015,17,6301,293162850,2115,293162890,2115,-175,1,-47,-77,2398,-45,-5,2398
30749547,7610,508960237,54004514,1478,-6015,18,6301,293162850,2115,293162900,2115,-176,1,-58,17,2345,-55,88,2341
30759804,7610,508960244,54004472,1477,-6015,19,6301,293162850,2115,293162910,2115,-177,2,-14,-9,2363,-11,63,2361
30769734,7610,508960250,54004427,1477,-6015,19,6301,293162900,2115,293162920,2115,-178,3,37,-78,2466,40,-2,2465
30779922,7610,508960257,54004385,1477,-6015,19,6301,293162900,2115,293162930,2115,-179,3,7,-44,2518,10,34,2516
30789554,7610,508960264,54004342,1476,-6015,19,6301,293162900,2115,293162940,2115,-180,3,-3,22,2484,1,99,2480
30799556,7610,508960270,54004300,1476,-6015,20,6301,293162900,2115,293162950,2115,-181,4,-75,-112,2438,-71,-36,2439
30809794,7611,508960277,54004258,1476,-6014,21,6301,293162900,2115,293162960,2115,-182,4,-78,-53,2412,-74,22,2410
30819693,7611,508960283,54004213,1475,-6014,22,6301,293162950,2115,293162970,2115,-182,4,-24,-1,2372,-21,74,2369
30829770,7611,508960290,54004171,1475,-6014,23,6301,293162950,2115,293162980,2115,-183,5,2,-28,2385,6,47,2383
30839564,7611,508960297,54004129,1476,-6014,23,6301,293162950,2115,293162990,2115,-184,5,40,-139,2429,45,-61,2431
30849577,7611,508960303,54004087,1476,-6015,24,6301,293162950,2115,293163000,2115,-185,5,8,-58,2407,12,19,2406
30860011,7611,508960310,54004044,1475,-6014,24,6301,293162950,2115,293163010,2115,-185,5,-36,-6,2455,-32,72,2452
30869694,7611,508960317,54003999,1475,-6014,25,6301,293163000,2115,293163020,2115,-185,5,-49,-85,2447,-45,-7,2446
30879630,7611,508960323,54003957,1474,-6014,25,6301,293163000,2115,293163030,2115,-185,4,-35,-21,2493,-31,59,2490
30889977,7611,508960330,54003915,1475,-6014,25,6301,293163000,2115,293163040,2115,-185,4,-19,-165,2456,-14,-86,2458
30899549,7612,508960336,54003873,1474,-6014,25,6301,293163000,2115,293163050,2115,-186,4,8,-19,2512,11,62,2510
30909789,7612,508960343,54003831,1474,-6014,25,6301,293163000,2115,293163060,2115,-186,4,-12,-53,2457,-8,26,2455
30920014,7612,508960350,54003786,1474,-6014,25,6301,293163050,2115,293163070,2115,-185,3,-36,-120,2543,-32,-39,2544
30929631,7612,508960356,54003744,1474,-6013,25,6301,293163050,2115,293163080,2115,-185,3,-48,-105,2503,-44,-25,2503
30939539,7612,508960363,54003701,1474,-6013,25,6301,293163050,2115,293163090,2115,-185,2,-20,-52,2507,-17,28,2506
30949536,7612,508960370,54003659,1474,-6013,25,6301,293163050,2115,293163100,2115,-185,2,-18,-121,2542,-14,-40,2543
30959819,7613,508960376,54003617,1474,-6013,24,6301,293163050,2115,293163110,2115,-184,1,-14,-50,2586,-11,33,2584
30969709,7613,508960383,54003572,1474,-6013,24,6301,293163100,2115,293163120,2115,-184,0,-6,-70,2532,-3,11,2531
30979618,7613,508960389,54003530,1474,-6013,23,6301,293163100,2115,293163130,2115,-184,0,3,-79,2578,5,3,2577
30989552,7613,508960396,54003488,1474,-6013,22,6301,293163100,2115,293163140,2115,-183,-1,-53,-105,2622,-51,-22,2622
30999559,7613,508960403,54003446,1474,-6012,22,6301,293163100,2115,293163150,2115,-183,-2,-57,-89,2559,-56,-8,2559
31009806,7614,508960409,54003403,1473,-6012,21,6301,293163100,2115,293163160,2115,-183,-2,-46,33,2591,-45,114,2587
31020150,7614,508960416,54003358,1474,-6012,20,6301,293163150,2115,293163170,2115,-182,-3,22,-114,2607,23,-31,2608
31029631,7614,508960423,54003316,1474,-6012,20,6301,293163150,2115,293163180,2115,-182,-4,-8,-105,2570,-7,-24,2571
31039601,7614,508960429,54003274,1474,-6012,19,6301,293163150,2115,293163190,2115,-182,-5,7,-58,2602,7,24,2601
31049574,7615,508960436,54003232,1473,-6012,18,6301,293163150,2115,293163200,2115,-182,-6,-29,-38,2626,-29,44,2624
31059798,7615,508960442,54003190,1473,-6012,17,6301,293163150,2115,293163210,2115,-182,-7,-48,-107,2649,-48,-24,2649
31069703,7615,508960449,54003145,1473,-6011,16,6301,293163200,2115,293163220,2115,-182,-7,-56,-51,2628,-57,31,2627
31079619,7615,508960456,54003103,1472,-6011,15,6301,293163200,2115,293163230,2115,-182,-8,-19,-19,2653,-21,64,2650
31089565,7616,508960462,54003060,1472,-6011,13,6301,293163200,2115,293163240,2115,-181,-9,-11,-100,2642,-13,-17,2642
31099548,7616,508960469,54003018,1472,-6011,12,6301,293163200,2115,293163250,2115,-181,-10,6,-52,2663,4,32,2661
31109808,7616,508960476,54002976,1472,-6011,11,6301,293163200,2115,293163260,2115,-181,-11,-14,-113,2645,-17,-30,2645
31119815,7616,508960482,54002931,1472,-6011,10,6301,293163250,2115,293163270,2115,-181,-12,-34,-38,2640,-37,45,2638
31129638,7617,508960489,54002889,1472,-6010,10,6301,293163250,2115,293163280,2115,-181,-13,-49,-61,2571,-52,19,2570
31139539,7617,508960495,54002847,1472,-6010,8,6301,293163250,2115,293163290,2115,-182,-13,-42,-93,2663,-46,-9,2662
31149544,7617,508960502,54002805,1471,-6010,7,6301,293163250,2115,293163300,2115,-182,-14,-11,-32,2644,-16,51,2642
31160931,7617,508960509,54002763,1471,-6010,6,6301,293163250,2115,293163310,2115,-182,-14,-8,-23,2703,-13,62,2700
31169691,7618,508960515,54002718,1470,-6010,4,6301,293163300,2115,293163320,2115,-182,-15,-1,-34,2690,-6,51,2688
31179609,7618,508960522,54002675,1470,-6010,3,6301,293163300,2115,293163330,2115,-182,-15,-28,-98,2619,-32,-16,2618
31189546,7618,508960528,54002633,1470,-6010,2,6301,293163300,2115,293163340,2115,-182,-15,-47,-82,2605,-52,0,2605
31199576,7618,508960535,54002591,1470,-6009,2,6301,293163300,2115,293163350,2115,-182,-15,-71,-46,2570,-76,34,2568
31209817,7618,508960542,54002549,1469,-6009,1,6301,293163300,2115,293163360,2115,-182,-15,-31,12,2620,-36,94,2616
31219687,7619,508960548,54002504,1469,-6009,1,6301,293163350,2115,293163370,2115,-182,-14,-2,-106,2551,-6,-25,2552
31229640,7619,508960555,54002462,1469,-6009,0,6301,293163350,2115,293163380,2115,-182,-14,-10,-26,2615,-14,57,2613
31239583,7619,508960561,54002420,1468,-6009,-1,6301,293163350,2115,293163390,2115,-183,-14,25,-22,2550,21,59,2547
31249539,7619,508960568,54002378,1468,-6009,-1,6301,293163350,2115,293163400,2115,-183,-13,-48,-13,2524,-52,66,2522
31260244,7620,508960575,54002335,1468,-6008,-1,6301,293163350,2115,293163410,2115,-182,-13,-47,-121,2519,-50,-41,2520
31269694,7620,508960581,54002291,1468,-6008,-1,6301,293163400,2115,293163420,2115,-182,-12,-35,-72,2522,-38,8,2521
31280415,7620,508960588,54002248,1467,-6008,-1,6301,293163400,2115,293163430,2115,-182,-11,-26,14,2480,-29,93,2477
31289569,7620,508960594,54002206,1467,-6008,-1,6301,293163400,2115,293163440,2115,-182,-11,-5,-27,2520,-8,53,2517
31299547,7621,508960601,54002164,1466,-6008,-1,6301,293163400,2115,293163450,2115,-182,-10,-12,3,2471,-14,81,2468
31309927,7621,508960608,54002122,1466,-6008,-1,6301,293163400,2115,293163460,2115,-182,-9,15,-94,2470,13,-16,2470
31319693,7621,508960614,54002077,1466,-6008,0,6301,293163450,2115,293163470,2115,-182,-9,-37,-61,2455,-38,17,2454
31329648,7621,508960621,54002035,1465,-6008,0,6301,293163450,2115,293163480,2115,-182,-8,-30,17,2419,-32,93,2416
31339541,7622,508960627,54001993,1465,-6007,1,6301,293163450,2115,293163490,2115,-181,-8,-63,-74,2394,-64,1,2393
31349549,7622,508960634,54001951,1465,-6007,2,6301,293163450,2115,293163500,2115,-181,-7,-24,-52,2445,-25,24,2443
31359969,7622,508960641,54001909,1464,-6007,2,6301,293163450,2115,293163510,2115,-181,-7,-6,5,2457,-7,83,2454
31369719,7622,508960647,54001864,1464,-6007,3,6301,293163500,2115,293163520,2115,-181,-6,17,-41,2454,17,36,2452
31379624,7623,508960654,54001822,1463,-6007,3,6301,293163500,2115,293163530,2115,-181,-6,0,-25,2404,-1,50,2402
31389537,7623,508960660,54001779,1463,-6007,4,6301,293163500,2115,293163540,2115,-180,-6,-33,-82,2433,-33,-7,2433
31399546,7623,508960667,54001737,1463,-6007,4,6301,293163500,2115,293163550,2115,-180,-6,-34,-42,2460,-35,34,2458
31409826,7624,508960673,54001695,1463,-6007,5,6301,293163500,2115,293163560,2115,-179,-6,-57,-22,2412,-58,53,2410
31419693,7624,508960680,54001650,1462,-6007,6,6301,293163550,2115,293163570,2115,-179,-7,-24,-52,2422,-25,23,2420
31429620,7624,508960687,54001608,1462,-6007,6,6301,293163550,2115,293163580,2115,-178,-7,-20,-44,2436,-21,31,2434
31440033,7625,508960693,54001566,1462,-6007,6,6301,293163550,2115,293163590,2115,-178,-7,21,-53,2471,20,23,2470
31449597,7625,508960700,54001524,1462,-6007,7,6301,293163550,2115,293163600,2115,-177,-8,-15,-73,2486,-16,4,2485
31459852,7625,508960706,54001482,1461,-6006,7,6301,293163550,2115,293163610,2115,-176,-9,-39,-46,2489,-41,30,2487
31469694,7626,508960713,54001437,1461,-6006,6,6301,293163600,2115,293163620,2115,-175,-9,-57,-31,2509,-59,45,2507
31479629,7626,508960719,54001395,1461,-6006,7,6301,293163600,2115,293163630,2115,-175,-10,-19,-49,2444,-21,25,2442
31489563,7627,508960726,54001352,1461,-6006,7,6301,293163600,2115,293163640,2115,-174,-11,-38,-51,2530,-40,26,2528
31499529,7627,508960733,54001310,1460,-6006,7,6301,293163600,2115,293163650,2115,-174,-12,-19,-50,2501,-22,25,2499
31509790,7628,508960739,54001268,1460,-6006,6,6301,293163600,2115,293163660,2115,-173,-13,13,-63,2574,9,14,2573
31520428,7628,508960746,54001223,1460,-6006,6,6301,293163650,2115,293163670,2115,-173,-15,-32,8,2557,-37,84,2554
31530152,7629,508960752,54001181,1459,-6005,5,6301,293163650,2115,293163680,2115,-172,-16,-35,-61,2587,-40,16,2586
31539558,7629,508960759,54001139,1460,-6005,5,6301,293163650,2115,293163690,2115,-171,-17,-46,-110,2565,-51,-34,2565
31549564,7630,508960765,54001097,1459,-6005,4,6301,293163650,2115,293163700,2115,-171,-19,-32,33,2611,-38,110,2607
31559862,7630,508960772,54001055,1458,-6005,3,6301,293163650,2115,293163710,2115,-170,-20,-29,-9,2555,-36,66,2552
31569707,7631,508960778,54001010,1458,-6004,3,6301,293163700,2115,293163720,2115,-170,-21,-33,-56,2593,-40,20,2591
31579621,7631,508960785,54000968,1458,-6004,2,6301,293163700,2115,293163730,2115,-169,-22,-17,-63,2625,-25,14,2623
31589557,7632,508960792,54000926,1457,-6004,1,6301,293163700,2115,293163740,2115,-168,-23,7,-49,2607,-1,27,2605
31599549,7632,508960798,54000884,1457,-6004,0,6301,293163700,2115,293163750,2115,-168,-24,-36,-5,2598,-45,70,2595
31609828,7633,508960805,54000842,1457,-6003,0,6301,293163700,2115,293163760,2115,-167,-25,-52,-71,2593,-61,4,2592
31619713,7633,508960811,54000797,1456,-6003,-2,6301,293163750,2115,293163770,2115,-167,-25,-42,11,2640,-52,87,2637
31629635,7634,508960818,54000755,1455,-6003,-2,6301,293163750,2115,293163780,2115,-166,-25,-43,27,2537,-53,100,2533
31639549,7634,508960824,54000712,1455,-6003,-2,6301,293163750,2115,293163790,2115,-166,-25,-13,-69,2557,-22,4,2556
31649556,7634,508960831,54000670,1455,-6003,-3,6301,293163750,2115,293163800,2115,-165,-25,-24,-54,2553,-33,19,2552
31659802,7635,508960837,54000628,1454,-6002,-3,6301,293163750,2115,293163810,2115,-164,-24,-42,-36,2549,-51,36,2547
31669706,7635,508960844,54000583,1453,-6002,-4,6301,293163800,2115,293163820,2115,-164,-24,-14,30,2570,-22,103,2566
31680149,7636,508960850,54000541,1453,-6002,-4,6301,293163800,2115,293163830,2115,-164,-22,-48,-18,2518,-56,53,2515
31689560,7636,508960857,54000499,1452,-6002,-4,6301,293163800,2115,293163840,2115,-164,-21,-23,2,2481,-30,72,2478
31699549,7636,508960863,54000457,1452,-6002,-3,6301,293163800,2115,293163850,2115,-163,-19,-15,-53,2429,-21,15,2428
31709784,7637,508960870,54000415,1451,-6002,-3,6301,293163800,2115,293163860,2115,-163,-17,-1,35,2487,-7,105,2483
31719716,7637,508960877,54000370,1451,-6002,-2,6301,293163850,2115,293163870,2115,-162,-15,0,-50,2460,-4,19,2459
31729656,7637,508960883,54000328,1451,-6002,-2,6301,293163850,2115,293163880,2115,-162,-14,0,-11,2415,-3,56,2413
31739540,7638,508960890,54000286,1450,-6002,0,6301,293163850,2115,293163890,2115,-161,-12,-15,18,2339,-18,84,2336
31749547,7638,508960896,54000244,1449,-6002,1,6301,293163850,2115,293163900,2115,-161,-10,-25,26,2309,-27,90,2305
31759941,7638,508960903,54000202,1449,-6002,3,6302,293163850,2115,293163910,2115,-161,-9,-16,-66,2317,-17,-1,2316
31769731,7639,508960909,54000157,1449,-6002,4,6302,293163900,2115,293163920,2115,-160,-7,-2,-22,2269,-2,41,2267
31779611,7639,508960916,54000115,1448,-6002,6,6302,293163900,2115,293163930,2115,-160,-5,29,42,2293,28,105,2289
31789566,7639,508960922,54000073,1448,-6003,8,6302,293163900,2115,293163940,2115,-159,-4,35,-31,2295,35,33,2293
31799564,7640,508960929,54000031,1448,-6003,9,6302,293163900,2115,293163950,2115,-159,-3,-20,-42,2330,-19,22,2328
31810796,7640,508960935,53999988,1448,-6002,10,6302,293163900,2115,293163960,2115,-158,-2,-25,-57,2346,-24,8,2345
31820028,7640,508960942,53999944,1447,-6003,12,6302,293163950,2115,293163970,2115,-158,-2,-9,50,2334,-8,113,2330
31829620,7640,508960948,53999901,1446,-6002,13,6302,293163950,2115,293163980,2115,-158,-1,-28,14,2344,-27,78,2341
31839578,7641,508960955,53999859,1446,-6003,14,6302,293163950,2115,293163990,2115,-157,0,5,-61,2332,7,3,2331
31849551,7641,508960961,53999817,1446,-6003,16,6302,293163950,2115,293164000,2115,-157,1,20,-17,2327,23,46,2325
31860416,7641,508960968,53999775,1446,-6003,17,6302,293163950,2115,293164010,2115,-156,1,19,-60,2345,22,4,2344
31869761,7642,508960974,53999730,1445,-6003,18,6302,293164000,2115,293164020,2115,-156,2,-28,44,2362,-26,107,2358
31879619,7642,508960981,53999688,1445,-6003,19,6302,293164000,2115,293164030,2115,-155,2,-1,-60,2353,2,3,2352
31889565,7642,508960987,53999646,1445,-6003,20,6302,293164000,2115,293164040,2115,-155,2,11,-59,2373,14,5,2372
31899552,7643,508960994,53999604,1444,-6003,22,6302,293164000,2115,293164050,2115,-155,2,-27,6,2312,-24,68,2309
31910999,7643,508961000,53999562,1444,-6003,23,6302,293164000,2115,293164060,2115,-155,3,34,14,2327,37,77,2324
31920492,7643,508961007,53999517,1444,-6004,24,6302,293164050,2115,293164070,2115,-155,3,15,-90,2358,18,-27,2358
31929617,7643,508961013,53999475,1444,-6004,25,6302,293164050,2115,293164080,2115,-154,3,17,-28,2419,20,37,2417
31939578,7644,508961019,53999433,1443,-6004,26,6302,293164050,2115,293164090,2115,-154,3,-8,-36,2354,-5,27,2353
31949916,7644,508961026,53999390,1443,-6004,27,6302,293164050,2115,293164100,2115,-154,3,-32,41,2397,-28,105,2393
31959797,7644,508961032,53999348,1443,-6004,28,6302,293164050,2115,293164110,2115,-154,3,-4,-72,2401,0,-7,2400
31969723,7645,508961039,53999303,1442,-6004,28,6302,293164100,2115,293164120,2115,-154,4,-14,-18,2438,-11,48,2436
31980101,7645,508961045,53999261,1442,-6004,29,6302,293164100,2115,293164130,2115,-154,4,17,7,2421,20,72,2418
31989559,7645,508961052,53999219,1442,-6004,29,6302,293164100,2115,293164140,2115,-154,4,2,-26,2430,6,39,2428
32000273,7645,508961058,53999177,1441,-6004,30,6302,293164100,2115,293164150,2115,-154,4,-20,30,2400,-17,94,2397
32010135,7646,508961065,53999135,1441,-6004,31,6302,293164100,2115,293164160,2115,-154,4,-15,-108,2402,-11,-45,2403
32019708,7646,508961071,53999090,1440,-6004,32,6302,293164150,2115,293164170,2115,-154,4,-32,38,2390,-29,101,2386
32029628,7646,508961078,53999048,1440,-6004,32,6302,293164150,2115,293164180,2115,-154,4,11,-13,2457,15,53,2455
32040271,7646,508961084,53999006,1440,-6005,33,6302,293164150,2115,293164190,2115,-154,4,26,-17,2453,30,49,2451
32049560,7647,508961091,53998964,1440,-6005,33,6302,293164150,2115,293164200,2115,-154,4,30,-54,2468,34,11,2467
32060415,7647,508961097,53998921,1439,-6005,33,6302,293164150,2115,293164210,2115,-154,4,-2,-51,2502,2,16,2501
32070466,7647,508961104,53998877,1439,-6005,33,6302,293164200,2115,293164220,2115,-153,3,-27,-9,2502,-23,58,2499
32080410,7647,508961110,53998834,1439,-6005,33,6302,293164200,2115,293164230,2115,-154,3,-12,-42,2529,-8,25,2527
32089579,7647,508961117,53998792,1438,-6005,33,6302,293164200,2115,293164240,2115,-154,3,-21,-7,2436,-18,58,2433
32099748,7648,508961123,53998750,1438,-6005,34,6302,293164200,2115,293164250,2115,-155,2,-1,-36,2471,2,31,2469
32109827,7648,508961130,53998708,1438,-6005,34,6302,293164200,2115,293164260,2115,-156,2,8,-67,2461,11,0,2460
32119743,7648,508961136,53998663,1437,-6005,34,6302,293164250,2115,293164270,2115,-156,1,1,9,2522,3,77,2519
32129930,7648,508961142,53998621,1437,-6006,33,6302,293164250,2115,293164280,2115,-156,0,39,-5,2586,41,65,2584
32139552,7648,508961149,53998579,1437,-6006,32,6302,293164250,2115,293164290,2115,-157,-1,19,-103,2602,21,-32,2602
32149558,7648,508961155,53998537,1437,-6006,31,6302,293164250,2115,293164300,2115,-157,-2,-9,-28,2628,-7,43,2626
32160559,7649,508961162,53998495,1436,-6006,30,6302,293164250,2115,293164310,2115,-157,-3,-19,41,2594,-19,111,2591
32169708,7649,508961168,53998450,1436,-6006,29,6302,293164300,2115,293164320,2115,-158,-4,-35,-32,2643,-35,40,2641
32179637,7649,508961175,53998407,1436,-6006,29,6302,293164300,2115,293164330,2115,-158,-5,-6,-64,2592,-7,8,2591
32189588,7649,508961181,53998365,1435,-6005,28,6302,293164300,2115,293164340,2115,-159,-6,-25,-26,2582,-26,45,2580
32199572,7649,508961188,53998323,1435,-6006,27,6302,293164300,2115,293164350,2115,-159,-7,19,-28,2622,18,44,2620
32210780,7649,508961194,53998281,1435,-6006,26,6302,293164300,2115,293164360,2115,-160,-7,4,-87,2708,2,-12,2707
32219698,7649,508961200,53998236,1434,-6006,25,6302,293164350,2115,293164370,2115,-160,-8,-15,15,2591,-17,87,2588
32229646,7650,508961207,53998194,1434,-6005,24,6302,293164350,2115,293164380,2115,-160,-8,-15,-68,2581,-16,3,2580
32240270,7650,508961213,53998152,1434,-6005,22,6302,293164350,2115,293164390,2115,-160,-7,-71,-43,2766,-72,33,2765
32249856,7650,508961220,53998110,1433,-6005,21,6302,293164350,2115,293164400,2115,-160,-7,0,-30,2681,-1,44,2679
32261004,7650,508961226,53998068,1433,-6005,19,6302,293164350,2115,293164410,2115,-159,-7,0,-24,2683,-1,50,2681
32269708,7650,508961233,53998023,1433,-6005,18,6302,293164400,2115,293164420,2115,-158,-7,9,-59,2608,9,12,2607
32280577,7650,508961239,53997981,1433,-6005,17,6302,293164400,2115,293164430,2115,-157,-6,-24,-70,2659,-25,2,2658
32289578,7650,508961246,53997939,1432,-6005,17,6302,293164400,2115,293164440,2115,-156,-6,-14,1,2530,-15,69,2527
32299562,7650,508961252,53997896,1432,-6005,17,6302,293164400,2115,293164450,2115,-156,-5,-26,-52,2531,-26,16,2530
32309955,7651,508961258,53997854,1433,-6005,17,6302,293164400,2115,293164460,2115,-155,-5,3,-139,2493,4,-72,2494
32319845,7651,508961265,53997809,1432,-6005,17,6302,293164450,2115,293164470,2115,-154,-5,27,-34,2464,28,32,2462
32329635,7651,508961271,53997767,1433,-6005,17,6302,293164450,2115,293164480,2115,-153,-4,-14,-130,2593,-14,-62,2594
32339825,7651,508961278,53997725,1432,-6005,15,6302,293164450,2115,293164490,2115,-151,-4,30,44,2646,30,114,2642
32349553,7652,508961284,53997683,1432,-6005,14,6302,293164450,2115,293164500,2115,-149,-4,-11,-79,2697,-11,-9,2696
32359846,7652,508961291,53997641,1432,-6005,13,6302,293164450,2115,293164510,2115,-148,-5,27,-119,2565,28,-53,2565
32370023,7652,508961297,53997596,1433,-6005,13,6302,293164500,2115,293164520,2115,-147,-4,-58,-102,2547,-57,-37,2547
32379628,7652,508961303,53997554,1433,-6005,13,6302,293164500,2115,293164530,2115,-147,-4,-15,-61,2537,-15,3,2536
32389577,7653,508961310,53997512,1433,-6005,13,6302,293164500,2115,293164540,2115,-146,-4,-23,-61,2502,-23,2,2501
32400007,7653,508961316,53997470,1433,-6005,12,6302,293164500,2115,293164550,2115,-145,-5,-10,-93,2606,-10,-28,2605
32409869,7653,508961323,53997427,1433,-6005,11,6302,293164500,2115,293164560,2115,-145,-5,25,-50,2612,24,16,2610
32420168,7654,508961329,53997383,1432,-6005,10,6302,293164550,2115,293164570,2115,-145,-6,-3,24,2653,-4,91,2650
32430455,7654,508961336,53997340,1432,-6005,9,6302,293164550,2115,293164580,2115,-145,-7,3,-33,2642,2,33,2640
32439594,7654,508961342,53997298,1432,-6004,8,6302,293164550,2115,293164590,2115,-145,-7,-55,-125,2614,-56,-60,2615
32449568,7655,508961349,53997256,1432,-6004,7,6302,293164550,2115,293164600,2115,-145,-8,-19,-47,2583,-21,18,2582
32460118,7655,508961355,53997214,1431,-6004,8,6302,293164550,2115,293164610,2115,-145,-9,-45,19,2474,-47,81,2471
32469720,7655,508961361,53997169,1431,-6004,7,6302,293164600,2115,293164620,2115,-146,-9,-12,-60,2533,-14,4,2532
32480169,7655,508961368,53997127,1430,-6004,7,6302,293164600,2115,293164630,2115,-147,-10,-1,40,2604,-4,106,2601
32490065,7656,508961374,53997085,1430,-6005,5,6302,293164600,2115,293164640,2115,-148,-11,27,39,2655,24,107,2651
32499554,7656,508961381,53997043,1430,-6005,5,6302,293164600,2115,293164650,2115,-150,-12,13,-48,2610,10,20,2609
32509797,7656,508961387,53997001,1430,-6004,4,6302,293164600,2115,293164660,2115,-151,-13,-34,-99,2635,-37,-30,2634
32520128,7656,508961394,53996956,1429,-6004,3,6302,293164650,2115,293164670,2115,-152,-13,-77,9,2564,-81,76,2561
32529631,7656,508961400,53996914,1428,-6004,2,6302,293164650,2115,293164680,2115,-153,-13,-57,90,2614,-61,159,2609
32539546,7656,508961406,53996872,1427,-6003,1,6302,293164650,2115,293164690,2115,-153,-14,-28,-62,2622,-32,7,2621
32550018,7656,508961413,53996829,1427,-6003,0,6302,293164650,2115,293164700,2115,-154,-14,3,-52,2650,-1,19,2648
32559935,7656,508961419,53996787,1426,-6003,0,6302,293164650,2115,293164710,2115,-156,-13,-23,64,2567,-28,133,2563
32569718,7656,508961426,53996742,1426,-6003,-1,6302,293164700,2115,293164720,2115,-157,-13,-35,-18,2590,-39,53,2588
32579628,7656,508961432,53996700,1426,-6003,-1,6302,293164700,2115,293164730,2115,-159,-13,-2,-86,2478,-5,-18,2478
32589566,7656,508961438,53996658,1425,-6003,-1,6302,293164700,2115,293164740,2115,-159,-12,-42,-25,2489,-45,43,2487
32599577,7656,508961445,53996616,1425,-6002,-1,6302,293164700,2115,293164750,2115,-160,-12,-57,-29,2482,-60,39,2480
32609832,7656,508961451,53996574,1424,-6002,-1,6302,293164700,2115,293164760,2115,-160,-11,-27,3,2547,-30,74,2544
32620652,7656,508961458,53996529,1425,-6002,-1,6302,293164750,2115,293164770,2115,-161,-11,-5,-106,2491,-7,-37,2491
32629659,7656,508961464,53996487,1424,-6003,-1,6302,293164750,2115,293164780,2115,-161,-10,34,21,2483,32,90,2480
32640382,7656,508961470,53996445,1424,-6003,0,6302,293164750,2115,293164790,2115,-162,-10,-30,-82,2428,-32,-14,2428
32649566,7656,508961477,53996403,1424,-6002,0,6302,293164750,2115,293164800,2115,-163,-9,-16,-93,2441,-17,-25,2441
32659937,7656,508961483,53996361,1424,-6002,1,6302,293164750,2115,293164810,2115,-163,-9,-33,-2,2393,-34,66,2391
32669676,7656,508961490,53996316,1423,-6002,2,6302,293164800,2115,293164820,2115,-163,-8,12,1,2391,10,68,2388
32679646,7656,508961496,53996274,1423,-6002,3,6302,293164800,2115,293164830,2115,-164,-7,-40,-158,2392,-40,-90,2394
32689606,7656,508961502,53996232,1423,-6002,4,6302,293164800,2115,293164840,2115,-164,-7,-7,50,2386,-8,117,2382
32700591,7656,508961509,53996189,1423,-6002,4,6302,293164800,2115,293164850,2115,-164,-6,5,-93,2484,4,-22,2484
32710980,7656,508961515,53996147,1423,-6002,4,6302,293164800,2115,293164860,2115,-165,-6,2,-74,2461,2,-4,2461
32720486,7657,508961521,53996102,1422,-6002,5,6302,293164850,2115,293164870,2115,-165,-5,-41,8,2383,-41,76,2380
32729649,7657,508961528,53996060,1422,-6002,7,6302,293164850,2115,293164880,2115,-165,-4,-34,-114,2326,-33,-47,2327
32739548,7657,508961534,53996018,1422,-6001,7,6302,293164850,2115,293164890,2115,-165,-3,-46,-48,2411,-45,21,2410
32749582,7657,508961541,53995976,1422,-6001,8,6302,293164850,2115,293164900,2115,-165,-3,-11,-35,2382,-10,33,2381
32759800,7657,508961547,53995934,1421,-6002,9,6302,293164850,2115,293164910,2115,-164,-2,14,12,2414,15,81,2411
32770249,7657,508961553,53995889,1422,-6002,10,6302,293164900,2115,293164920,2115,-164,-2,3,-115,2391,4,-47,2392
32780165,7657,508961560,53995847,1422,-6002,11,6303,293164900,2115,293164930,2115,-164,-2,18,-65,2339,19,1,2338
32789601,7657,508961566,53995805,1421,-6002,13,6303,293164900,2115,293164940,2115,-164,-2,-22,-16,2309,-21,50,2307
32800452,7658,508961573,53995763,1422,-6002,14,6303,293164900,2115,293164950,2115,-164,-2,12,-117,2304,14,-52,2304
32809833,7658,508961579,53995721,1421,-6001,15,6303,293164900,2115,293164960,2115,-163,-2,-48,-10,2342,-47,56,2339
32819697,7658,508961585,53995676,1421,-6001,16,6303,293164950,2115,293164970,2115,-163,-2,3,-26,2365,4,40,2364
32829685,7658,508961592,53995634,1421,-6001,17,6303,293164950,2115,293164980,2115,-163,-3,-8,-105,2425,-7,-37,2426
32839567,7659,508961598,53995592,1421,-6002,18,6303,293164950,2115,293164990,2115,-163,-3,26,-67,2372,27,1,2371
32849584,7659,508961604,53995550,1420,-6002,19,6303,293164950,2115,293165000,2115,-163,-4,10,20,2395,11,88,2391
32859805,7659,508961611,53995507,1420,-6002,20,6303,293164950,2115,293165010,2115,-163,-4,-23,-71,2391,-23,-4,2390
32869702,7659,508961617,53995462,1421,-6001,20,6303,293165000,2115,293165020,2115,-163,-4,-35,-104,2452,-35,-35,2452
32879633,7660,508961624,53995420,1420,-6001,21,6303,293165000,2115,293165030,2115,-163,-4,-72,-48,2415,-71,19,2414
32889620,7660,508961630,53995378,1419,-6001,21,6303,293165000,2115,293165040,2115,-162,-4,-11,55,2443,-11,124,2439
32899551,7660,508961636,53995336,1419,-6001,22,6303,293165000,2115,293165050,2115,-162,-4,-13,-78,2405,-12,-11,2405
32909932,7661,508961643,53995294,1420,-6001,22,6303,293165000,2115,293165060,2115,-162,-4,8,-141,2448,9,-72,2450
32919726,7661,508961649,53995249,1419,-6001,23,6303,293165050,2115,293165070,2115,-162,-3,-8,3,2468,-8,72,2465
32929631,7661,508961655,53995207,1418,-6001,23,6303,293165050,2115,293165080,2115,-162,-3,-20,55,2469,-20,124,2465
32939553,7662,508961662,53995165,1418,-6001,24,6303,293165050,2115,293165090,2115,-162,-3,-23,-58,2433,-22,10,2432
32949551,7662,508961668,53995123,1419,-6000,24,6303,293165050,2115,293165100,2115,-162,-3,-2,-164,2405,-1,-97,2407
32961012,7663,508961675,53995081,1418,-6000,26,6303,293165050,2115,293165110,2115,-162,-3,-32,23,2336,-32,88,2333
32969759,7663,508961681,53995036,1417,-6001,27,6303,293165100,2115,293165120,2115,-162,-2,-20,9,2341,-20,74,2338
32979626,7663,508961687,53994994,1417,-6001,28,6303,293165100,2115,293165130,2115,-162,-2,-3,-33,2387,-2,33,2385
32989561,7664,508961694,53994952,1418,-6001,29,6303,293165100,2115,293165140,2115,-162,-1,1,-116,2400,3,-49,2401
32999553,7664,508961700,53994910,1417,-6001,29,6303,293165100,2115,293165150,2115,-162,-1,23,-19,2502,25,51,2500
33010667,7665,508961706,53994868,1416,-6001,29,6303,293165100,2115,293165160,2115,-161,0,-18,61,2393,-16,128,2388
33019700,7665,508961713,53994823,1416,-6001,29,6303,293165150,2115,293165170,2115,-161,0,-12,-65,2546,-10,6,2545
33029652,7665,508961719,53994781,1416,-6001,29,6303,293165150,2115,293165180,2115,-160,1,-24,10,2546,-22,80,2542
33039832,7666,508961725,53994738,1415,-6001,29,6303,293165150,2115,293165190,2115,-160,2,0,-39,2495,3,30,2493
33049600,7666,508961732,53994696,1415,-6001,30,6303,293165150,2115,293165200,2115,-159,2,-31,9,2374,-28,74,2371
33060399,7667,508961738,53994654,1415,-6001,31,6303,293165150,2115,293165210,2115,-159,3,-31,-81,2382,-28,-15,2381
33069730,7667,508961745,53994609,1414,-6001,32,6303,293165200,2115,293165220,2115,-158,3,2,12,2401,5,77,2398
33079666,7667,508961751,53994567,1414,-6001,32,6303,293165200,2115,293165230,2115,-156,4,16,-36,2463,19,31,2462
33089807,7667,508961757,53994525,1414,-6001,31,6303,293165200,2115,293165240,2115,-155,4,32,-95,2548,36,-27,2548
33100443,7668,508961764,53994483,1414,-6001,32,6303,293165200,2115,293165250,2115,-154,4,-14,-8,2437,-10,57,2434
33109929,7668,508961770,53994441,1413,-6001,32,6303,293165200,2115,293165260,2115,-154,4,-16,52,2530,-13,119,2526
33120414,7669,508961776,53994396,1413,-6002,32,6303,293165250,2115,293165270,2115,-153,3,14,-99,2525,18,-32,2525
33129634,7669,508961783,53994354,1413,-6001,31,6303,293165250,2115,293165280,2115,-152,3,-60,-83,2532,-56,-17,2531
33139553,7670,508961789,53994312,1412,-6001,31,6303,293165250,2115,293165290,2115,-151,3,-23,47,2569,-20,114,2565
33149588,7670,508961795,53994270,1412,-6001,31,6303,293165250,2115,293165300,2115,-150,2,12,-104,2540,16,-38,2540
33159869,7670,508961802,53994228,1412,-6001,30,6303,293165250,2115,293165310,2115,-148,2,-3,-66,2576,0,0,2575
33169748,7670,508961808,53994183,1412,-6001,30,6303,293165300,2115,293165320,2115,-146,1,-20,-3,2507,-18,60,2505
33179638,7671,508961814,53994141,1412,-6001,30,6303,293165300,2115,293165330,2115,-145,1,-29,2,2542,-26,66,2539
33190032,7671,508961821,53994099,1412,-6001,29,6303,293165300,2115,293165340,2115,-144,0,-10,-152,2587,-8,-88,2588
33199580,7672,508961827,53994056,1411,-6001,28,6303,293165300,2115,293165350,2115,-142,0,-2,39,2657,0,104,2653
33210204,7672,508961833,53994014,1411,-6001,27,6303,293165300,2115,293165360,2115,-140,-1,-15,-36,2619,-13,28,2617
33221223,7673,508961840,53993969,1411,-6001,25,6303,293165350,2115,293165370,2115,-139,-1,-1,-78,2682,1,-14,2681
33229653,7673,508961846,53993927,1411,-6001,24,6303,293165350,2115,293165380,2115,-137,-2,-62,-29,2664,-61,35,2662
33239577,7674,508961852,53993885,1410,-6001,23,6303,293165350,2115,293165390,2115,-136,-2,-11,-18,2688,-10,45,2686
33249595,7674,508961859,53993843,1410,-6001,22,6303,293165350,2115,293165400,2115,-135,-3,-3,13,2621,-2,74,2618
33259816,7675,508961865,53993801,1410,-6001,21,6303,293165350,2115,293165410,2115,-134,-3,-1,-70,2575,0,-11,2575
33269736,7676,508961871,53993756,1410,-6001,20,6303,293165400,2115,293165420,2115,-133,-4,0,-30,2662,1,31,2660
33280214,7676,508961878,53993714,1409,-6001,19,6303,293165400,2115,293165430,2115,-131,-4,-5,93,2590,-6,152,2585
33290114,7677,508961884,53993672,1408,-6001,18,6303,293165400,2115,293165440,2115,-130,-5,27,-32,2673,27,28,2671
33299558,7677,508961890,53993630,1408,-6001,17,6303,293165400,2115,293165450,2115,-129,-6,-27,-67,2651,-27,-8,2650
33310020,7678,508961897,53993588,1408,-6001,16,6303,293165400,2115,293165460,2115,-129,-6,11,50,2671,10,109,2668
33319698,7678,508961903,53993543,1406,-6001,15,6303,293165450,2115,293165470,2115,-129,-7,-12,70,2617,-13,128,2613
33329662,7679,508961909,53993501,1406,-6001,13,6303,293165450,2115,293165480,2115,-129,-8,3,-18,2677,1,41,2675
33339560,7680,508961916,53993459,1406,-6002,12,6303,293165450,2115,293165490,2115,-129,-8,3,0,2675,1,59,2672
33349563,7680,508961922,53993417,1405,-6002,10,6303,293165450,2115,293165500,2115,-129,-9,-9,7,2687,-11,67,2684
33359858,7680,508961928,53993375,1404,-6002,9,6303,293165450,2115,293165510,2115,-130,-9,-11,23,2694,-14,83,2691
33369703,7681,508961935,53993330,1404,-6002,8,6303,293165500,2115,293165520,2115,-130,-10,-20,10,2666,-22,70,2663
33379638,7682,508961941,53993288,1403,-6002,6,6303,293165500,2115,293165530,2115,-132,-10,5,53,2702,2,115,2698
33389573,7682,508961947,53993245,1403,-6002,5,6303,293165500,2115,293165540,2115,-133,-11,21,-40,2642,19,21,2640
33399574,7683,508961953,53993203,1402,-6002,4,6303,293165500,2115,293165550,2115,-134,-11,-30,79,2682,-34,142,2677
33409841,7683,508961960,53993161,1401,-6002,3,6303,293165500,2115,293165560,2115,-136,-11,-7,-13,2631,-10,49,2629
33419700,7684,508961966,53993116,1400,-6002,2,6303,293165550,2115,293165570,2115,-137,-11,-10,74,2637,-14,137,2633
33429641,7684,508961972,53993074,1400,-6002,1,6303,293165550,2115,293165580,2115,-139,-11,-3,28,2556,-6,89,2552
33440387,7685,508961979,53993032,1399,-6002,0,6303,293165550,2115,293165590,2115,-140,-11,2,27,2616,-1,91,2612
33449576,7685,508961985,53992990,1398,-6003,0,6303,293165550,2115,293165600,2115,-142,-11,-2,58,2606,-6,122,2602
33460958,7686,508961991,53992948,1397,-6003,-1,6303,293165550,2115,293165610,2115,-144,-10,31,3,2605,29,68,2603
33469704,7686,508961997,53992903,1397,-6003,-2,6303,293165600,2115,293165620,2115,-146,-10,5,42,2579,2,108,2575
33479659,7687,508962004,53992861,1396,-6003,-2,6303,293165600,2115,293165630,2115,-148,-10,-52,56,2501,-55,120,2497
33489564,7687,508962010,53992819,1395,-6003,-2,6303,293165600,2115,293165640,2115,-150,-9,-4,47,2542,-6,113,2538
33499560,7687,508962016,53992777,1394,-6003,-2,6303,293165600,2115,293165650,2115,-151,-9,-14,26,2511,-16,92,2508
33510126,7688,508962023,53992735,1393,-6003,-3,6303,293165600,2115,293165660,2115,-152,-8,1,36,2576,0,103,2573
33519696,7688,508962029,53992690,1392,-6004,-3,6303,293165650,2115,293165670,2115,-153,-8,34,35,2513,32,102,2509
33529651,7688,508962035,53992648,1392,-6004,-3,6303,293165650,2115,293165680,2115,-154,-7,30,33,2506,29,100,2503
33539566,7689,508962041,53992605,1392,-6004,-2,6303,293165650,2115,293165690,2115,-155,-6,4,-67,2465,3,-1,2464
33549598,7689,508962048,53992563,1390,-6004,-2,6303,293165650,2115,293165700,2115,-157,-6,-50,113,2435,-51,178,2429
33560957,7689,508962054,53992521,1389,-6004,-1,6303,293165650,2115,293165710,2115,-157,-5,-31,63,2426,-32,129,2422
33569738,7690,508962060,53992476,1389,-6004,0,6303,293165700,2115,293165720,2115,-158,-4,4,-60,2375,4,5,2374
33579631,7690,508962066,53992434,1389,-6004,1,6303,293165700,2115,293165730,2115,-159,-3,8,-39,2387,9,27,2385
33589585,7690,508962072,53992392,1389,-6004,2,6303,293165700,2115,293165740,2115,-160,-2,13,-27,2382,14,39,2380
33599580,7691,508962079,53992350,1388,-6005,2,6303,293165700,2115,293165750,2115,-161,-1,10,66,2465,12,135,2460
33609823,7691,508962085,53992308,1387,-6005,3,6303,293165700,2115,293165760,2115,-161,0,4,-45,2371,6,21,2369
33619713,7692,508962091,53992263,1387,-6005,4,6303,293165750,2115,293165770,2115,-162,1,-11,-47,2370,-9,19,2368
33629710,7692,508962097,53992221,1387,-6005,5,6303,293165750,2115,293165780,2115,-162,2,-10,-26,2390,-7,41,2388
33639817,7692,508962104,53992179,1386,-6005,6,6303,293165750,2115,293165790,2115,-163,3,-5,65,2320,-2,130,2316
33649573,7692,508962110,53992137,1386,-6005,8,6303,293165750,2115,293165800,2115,-163,4,25,-71,2242,28,-8,2241
33659817,7693,508962116,53992094,1386,-6005,10,6303,293165750,2115,293165810,2115,-163,4,9,-67,2348,13,-1,2347
33669719,7693,508962122,53992050,1385,-6006,11,6303,293165800,2115,293165820,2115,-163,5,9,64,2289,13,129,2284
33679668,7693,508962128,53992007,1385,-6006,13,6303,293165800,2115,293165830,2115,-163,6,12,13,2275,16,77,2272
33689591,7694,508962135,53991965,1384,-6006,14,6303,293165800,2115,293165840,2115,-163,6,4,-33,2327,8,33,2325
33699556,7694,508962141,53991923,1385,-6006,16,6303,293165800,2115,293165850,2115,-163,6,35,-91,2299,40,-26,2299
33709839,7694,508962147,53991881,1384,-6007,17,6303,293165800,2115,293165860,2115,-163,7,11,-12,2334,16,54,2332
33719763,7695,508962153,53991836,1384,-6007,19,6303,293165850,2115,293165870,2115,-162,7,-12,-2,2299,-7,62,2297
33729645,7695,508962160,53991794,1383,-6007,20,6303,293165850,2115,293165880,2115,-162,7,12,3,2376,17,70,2373
33739562,7695,508962166,53991752,1383,-6007,22,6303,293165850,2115,293165890,2115,-162,7,-6,-78,2310,0,-13,2310
33749583,7696,508962172,53991710,1382,-6007,23,6303,293165850,2115,293165900,2115,-161,7,-20,26,2368,-15,92,2365
33759804,7696,508962178,53991668,1383,-6007,24,6303,293165850,2115,293165910,2115,-161,7,14,-73,2370,19,-6,2369
33769728,7696,508962185,53991623,1382,-6007,25,6303,293165900,2115,293165920,2115,-160,6,44,-34,2361,49,32,2359
33779625,7697,508962191,53991581,1382,-6008,26,6303,293165900,2115,293165930,2115,-160,6,27,-7,2360,32,59,2357
33790074,7697,508962197,53991538,1382,-6008,27,6303,293165900,2115,293165940,2115,-160,5,21,-14,2340,25,51,2337
33799564,7697,508962203,53991496,1382,-6008,28,6303,293165900,2115,293165950,2115,-160,4,2,-42,2393,6,25,2391
33810134,7698,508962209,53991454,1382,-6008,29,6304,293165900,2115,293165960,2115,-160,3,-1,-76,2406,3,-10,2406
33819704,7698,508962216,53991409,1381,-6008,30,6304,293165950,2115,293165970,2115,-160,2,11,-11,2386,14,54,2383
33829635,7698,508962222,53991367,1381,-6009,31,6304,293165950,2115,293165980,2115,-160,0,39,-37,2396,41,29,2395
33839609,7698,508962228,53991325,1380,-6009,31,6304,293165950,2115,293165990,2115,-160,-1,6,11,2442,7,78,2439
33849587,7699,508962234,53991283,1381,-6009,31,6304,293165950,2115,293166000,2115,-160,-2,10,-73,2506,12,-4,2506
33859807,7699,508962240,53991241,1380,-6009,30,6304,293165950,2115,293166010,2115,-160,-3,-1,-58,2601,0,14,2600
33869723,7699,508962247,53991196,1380,-6009,30,6304,293166000,2115,293166020,2115,-161,-4,13,-33,2534,14,37,2532
33880462,7700,508962253,53991154,1380,-6010,30,6304,293166000,2115,293166030,2115,-161,-5,12,-40,2526,12,31,2525
33889585,7700,508962259,53991111,1379,-6010,30,6304,293166000,2115,293166040,2115,-162,-6,-17,21,2477,-18,90,2473
33899563,7700,508962265,53991069,1379,-6010,30,6304,293166000,2115,293166050,2115,-163,-6,1,-100,2508,1,-30,2508
33909865,7700,508962271,53991027,1379,-6010,30,6304,293166000,2115,293166060,2115,-164,-7,0,-49,2488,-1,21,2486
33920017,7700,508962278,53990982,1379,-6010,30,6304,293166050,2115,293166070,2115,-164,-7,0,11,2463,-1,81,2460
33929654,7701,508962284,53990940,1379,-6010,30,6304,293166050,2115,293166080,2115,-165,-7,26,-42,2519,25,30,2517
33940243,7701,508962290,53990898,1378,-6010,30,6304,293166050,2115,293166090,2115,-166,-8,15,-56,2524,13,17,2523
33949572,7701,508962296,53990856,1378,-6010,29,6304,293166050,2115,293166100,2115,-167,-8,37,-33,2635,35,43,2633
33959813,7701,508962302,53990814,1378,-6010,28,6304,293166050,2115,293166110,2115,-167,-8,-10,-40,2605,-12,36,2603
33969725,7702,508962309,53990769,1378,-6010,28,6304,293166100,2115,293166120,2115,-169,-8,-11,-50,2588,-13,26,2587
33979618,7702,508962315,53990726,1377,-6010,28,6304,293166100,2115,293166130,2115,-170,-8,-36,-58,2470,-37,14,2469
33989572,7702,508962321,53990684,1376,-6010,28,6304,293166100,2115,293166140,2115,-171,-8,-25,93,2537,-27,167,2531
33999599,7702,508962327,53990642,1376,-6010,27,6304,293166100,2115,293166150,2115,-172,-7,33,-79,2532,32,-3,2531
34010957,7702,508962333,53990600,1377,-6010,27,6304,293166100,2115,293166160,2115,-172,-7,54,-174,2571,53,-97,2573
34019714,7703,508962340,53990555,1376,-6011,26,6304,293166150,2115,293166170,2115,-173,-7,55,36,2564,53,113,2560
34029638,7703,508962346,53990513,1375,-6011,26,6304,293166150,2115,293166180,2115,-174,-7,21,11,2574,19,89,2571
34039580,7703,508962352,53990471,1375,-6011,25,6304,293166150,2115,293166190,2115,-175,-7,-39,-47,2539,-40,30,2537
34049614,7703,508962358,53990429,1375,-6011,25,6304,293166150,2115,293166200,2115,-176,-7,-26,-90,2549,-27,-13,2549
34059858,7703,508962364,53990386,1375,-6011,24,6304,293166150,2115,293166210,2115,-177,-7,12,-68,2605,11,12,2604
34069712,7703,508962371,53990342,1375,-6011,24,6304,293166200,2115,293166220,2115,-178,-7,22,-9,2562,21,70,2559
34079662,7704,508962377,53990299,1374,-6012,23,6304,293166200,2115,293166230,2115,-179,-7,12,23,2626,10,104,2622
34089724,7704,508962383,53990257,1374,-6012,22,6304,293166200,2115,293166240,2115,-181,-7,26,-71,2685,25,13,2684
34099563,7704,508962389,53990215,1374,-6012,20,6304,293166200,2115,293166250,2115,-182,-7,16,-119,2748,15,-32,2749
34109865,7704,508962395,53990173,1373,-6012,19,6304,293166200,2115,293166260,2115,-183,-7,-15,-10,2623,-17,73,2620
34120551,7704,508962401,53990128,1373,-6012,18,6304,293166250,2115,293166270,2115,-185,-7,-37,-50,2615,-38,34,2613
34130384,7705,508962408,53990086,1373,-6012,17,6304,293166250,2115,293166280,2115,-186,-7,-13,-64,2564,-14,19,2562
34139572,7705,508962414,53990044,1372,-6012,16,6304,293166250,2115,293166290,2115,-188,-7,-8,16,2666,-9,103,2663
34149973,7705,508962420,53990001,1371,-6012,15,6304,293166250,2115,293166300,2115,-190,-7,30,11,2661,29,98,2658
34159908,7705,508962426,53989959,1372,-6012,13,6304,293166250,2115,293166310,2115,-191,-7,26,-114,2673,25,-25,2674
34169730,7705,508962432,53989914,1371,-6012,12,6304,293166300,2115,293166320,2115,-193,-7,-5,-31,2705,-6,59,2703
34179909,7705,508962438,53989872,1371,-6012,11,6304,293166300,2115,293166330,2115,-194,-7,6,-77,2648,4,12,2647
34189569,7706,508962445,53989830,1370,-6012,10,6304,293166300,2115,293166340,2115,-195,-7,-43,-15,2642,-44,74,2639
34199572,7706,508962451,53989788,1370,-6012,9,6304,293166300,2115,293166350,2115,-197,-7,-1,-42,2619,-2,47,2617
34211015,7706,508962457,53989746,1369,-6012,7,6304,293166300,2115,293166360,2115,-198,-7,-25,-17,2697,-27,76,2694
34219723,7706,508962463,53989701,1369,-6012,6,6304,293166350,2115,293166370,2115,-200,-7,8,-50,2669,7,42,2667
34229677,7706,508962469,53989658,1369,-6012,4,6304,293166350,2115,293166380,2115,-201,-7,-9,-98,2708,-10,-4,2708
34240344,7706,508962475,53989616,1369,-6012,3,6304,293166350,2115,293166390,2115,-202,-7,-18,-59,2619,-19,32,2617
34249548,7707,508962482,53989574,1368,-6012,3,6304,293166350,2115,293166400,2115,-203,-6,2,-3,2597,1,89,2593
34260018,7707,508962488,53989532,1368,-6013,2,6304,293166350,2115,293166410,2115,-205,-6,36,-55,2572,35,36,2570
34270430,7707,508962494,53989487,1368,-6013,1,6304,293166400,2115,293166420,2115,-206,-6,28,-75,2605,28,18,2604
34279649,7707,508962500,53989445,1368,-6012,0,6304,293166400,2115,293166430,2115,-207,-6,-28,-77,2579,-29,15,2578
34289581,7707,508962506,53989403,1368,-6012,0,6304,293166400,2115,293166440,2115,-207,-5,-13,-69,2541,-13,22,2540
34300145,7707,508962512,53989360,1367,-6012,0,6304,293166400,2115,293166450,2115,-208,-5,-29,-76,2549,-29,16,2548
34310999,7707,508962518,53989318,1367,-6012,0,6304,293166400,2115,293166460,2115,-208,-5,1,-52,2518,1,39,2517
34319725,7707,508962525,53989273,1367,-6012,-1,6304,293166450,2115,293166470,2115,-209,-4,18,-66,2573,19,28,2572
34330418,7707,508962531,53989231,1366,-6013,-1,6304,293166450,2115,293166480,2115,-209,-3,22,-62,2527,23,30,2526
34339567,7707,508962537,53989189,1367,-6013,-1,6304,293166450,2115,293166490,2115,-210,-3,9,-106,2538,10,-14,2538
34349572,7707,508962543,53989147,1367,-6013,-1,6304,293166450,2115,293166500,2115,-210,-2,-20,-115,2467,-18,-25,2467
34360017,7707,508962549,53989105,1367,-6012,-1,6304,293166450,2115,293166510,2115,-210,-2,-27,-79,2459,-25,10,2459
34369728,7707,508962555,53989060,1367,-6013,0,6304,293166500,2115,293166520,2115,-210,-1,-4,-105,2423,-2,-17,2423
34379629,7707,508962561,53989018,1367,-6013,1,6304,293166500,2115,293166530,2115,-210,-1,13,-78,2363,15,9,2362
34390295,7707,508962568,53988975,1366,-6013,2,6304,293166500,2115,293166540,2115,-210,0,5,-35,2402,7,53,2399
34399569,7707,508962574,53988933,1367,-6013,2,6304,293166500,2115,293166550,2115,-211,0,47,-130,2433,50,-41,2434
34409845,7707,508962580,53988891,1367,-6013,3,6304,293166500,2115,293166560,2115,-211,1,17,-88,2432,20,1,2432
34419713,7707,508962586,53988846,1367,-6013,4,6304,293166550,2115,293166570,2115,-211,1,-8,-99,2381,-5,-12,2381
34429667,7707,508962592,53988804,1367,-6013,5,6304,293166550,2115,293166580,2115,-211,1,-14,-93,2413,-11,-5,2413
34439606,7707,508962598,53988762,1367,-6013,6,6304,293166550,2115,293166590,2115,-211,2,5,-64,2342,8,21,2341
34449558,7707,508962604,53988720,1367,-6013,7,6304,293166550,2115,293166600,2115,-211,2,18,-100,2377,21,-13,2378
34459820,7707,508962611,53988677,1367,-6013,8,6304,293166550,2115,293166610,2115,-211,2,1,-150,2368,4,-64,2370
34469708,7707,508962617,53988632,1367,-6013,9,6304,293166600,2115,293166620,2115,-211,2,28,-123,2369,32,-36,2370
34480021,7707,508962623,53988590,1367,-6013,10,6304,293166600,2115,293166630,2115,-212,2,-14,-12,2358,-11,74,2355
34489576,7707,508962629,53988548,1367,-6014,11,6304,293166600,2115,293166640,2115,-212,2,16,-91,2349,19,-4,2349
34499568,7707,508962635,53988506,1367,-6014,12,6304,293166600,2115,293166650,2115,-212,2,8,-140,2343,11,-54,2345
34509862,7707,508962641,53988464,1367,-6014,14,6304,293166600,2115,293166660,2115,-212,1,2,-31,2281,4,53,2279
34519731,7706,508962647,53988419,1367,-6014,15,6304,293166650,2115,293166670,2115,-212,1,-11,-109,2382,-8,-22,2382
34529621,7706,508962654,53988377,1368,-6014,16,6304,293166650,2115,293166680,2115,-212,1,50,-165,2386,53,-77,2389
34539563,7706,508962660,53988334,1368,-6014,16,6304,293166650,2115,293166690,2115,-212,0,-3,-93,2435,-1,-3,2435
34549587,7706,508962666,53988292,1368,-6014,17,6304,293166650,2115,293166700,2115,-212,-1,4,-133,2416,7,-44,2417
34559877,7706,508962672,53988250,1368,-6014,18,6304,293166650,2115,293166710,2115,-212,-1,-7,-85,2427,-6,4,2426
34570571,7706,508962678,53988205,1368,-6014,18,6304,293166700,2115,293166720,2115,-211,-2,-1,-114,2435,0,-25,2436
34579630,7705,508962684,53988163,1368,-6014,19,6304,293166700,2115,293166730,2115,-211,-3,24,-97,2437,24,-8,2437
34589579,7705,508962690,53988121,1369,-6014,20,6304,293166700,2115,293166740,2115,-211,-4,-33,-127,2345,-32,-42,2347
34600350,7705,508962697,53988078,1369,-6014,21,6304,293166700,2115,293166750,2115,-210,-5,19,-123,2396,19,-36,2398
34609843,7705,508962703,53988036,1369,-6013,21,6304,293166700,2115,293166760,2115,-210,-6,-30,-110,2447,-30,-21,2447
34619728,7705,508962709,53987991,1369,-6014,21,6304,293166750,2115,293166770,2115,-209,-7,11,-102,2535,10,-10,2535
34630553,7704,508962715,53987949,1369,-6014,20,6304,293166750,2115,293166780,2115,-208,-8,24,-123,2550,23,-31,2551
34639577,7704,508962721,53987907,1370,-6014,20,6304,293166750,2115,293166790,2115,-207,-9,8,-120,2553,7,-29,2554
34649568,7704,508962727,53987865,1370,-6014,20,6304,293166750,2115,293166800,2115,-206,-11,-13,-90,2531,-16,0,2531
34660682,7704,508962734,53987823,1370,-6013,20,6304,293166750,2115,293166810,2115,-205,-12,-47,-143,2500,-50,-54,2501
34669717,7704,508962740,53987778,1370,-6013,19,6304,293166800,2115,293166820,2115,-205,-12,-28,-166,2543,-31,-75,2545
34679679,7704,508962746,53987736,1370,-6013,19,6304,293166800,2115,293166830,2115,-204,-13,-17,-116,2518,-20,-27,2519
34689598,7704,508962752,53987693,1370,-6013,19,6304,293166800,2115,293166840,2115,-203,-14,23,-91,2544,20,-2,2544
34699559,7704,508962758,53987651,1371,-6012,19,6304,293166800,2115,293166850,2115,-202,-15,-10,-141,2559,-14,-51,2561
34709809,7704,508962764,53987609,1371,-6012,18,6304,293166800,2115,293166860,2115,-201,-16,10,-127,2607,5,-36,2608
34720655,7704,508962770,53987564,1371,-6012,17,6304,293166850,2115,293166870,2115,-201,-17,-5,-145,2608,-10,-54,2610
34729631,7704,508962777,53987522,1371,-6012,16,6304,293166850,2115,293166880,2115,-200,-17,-27,-111,2611,-33,-20,2611
34739568,7704,508962783,53987480,1371,-6012,16,6304,293166850,2115,293166890,2115,-200,-17,-42,-92,2556,-47,-4,2556
34749570,7704,508962789,53987438,1372,-6011,15,6304,293166850,2115,293166900,2115,-199,-17,-34,-145,2574,-39,-56,2576
34759949,7704,508962795,53987395,1371,-6011,14,6304,293166850,2115,293166910,2115,-199,-18,-17,-66,2625,-23,24,2624
34769766,7704,508962801,53987350,1372,-6011,13,6304,293166900,2115,293166920,2115,-198,-17,-13,-122,2661,-18,-30,2662
34779637,7704,508962807,53987308,1372,-6011,12,6304,293166900,2115,293166930,2115,-198,-17,-2,-54,2621,-8,36,2619
34789570,7704,508962813,53987266,1372,-6011,11,6304,293166900,2115,293166940,2115,-197,-17,-15,-94,2581,-20,-6,2580
34799573,7704,508962820,53987224,1371,-6011,11,6304,293166900,2115,293166950,2115,-197,-17,-20,-91,2544,-25,-5,2544
34810690,7704,508962826,53987182,1371,-6010,11,6304,293166900,2115,293166960,2115,-196,-16,-58,-74,2500,-63,10,2499
34819730,7705,508962832,53987137,1371,-6010,11,6304,293166950,2115,293166970,2115,-196,-16,-17,-87,2568,-21,0,2567
34829639,7705,508962838,53987095,1371,-6010,10,6305,293166950,2115,293166980,2115,-196,-15,-18,-73,2601,-23,15,2600
34839574,7705,508962844,53987053,1371,-6010,9,6305,293166950,2115,293166990,2115,-196,-14,37,-92,2610,33,-3,2610
34849567,7705,508962850,53987010,1371,-6010,9,6305,293166950,2115,293167000,2115,-196,-14,0,-79,2553,-4,7,2552
34859823,7705,508962857,53986968,1371,-6010,8,6305,293166950,2115,293167010,2115,-196,-13,-40,-69,2544,-44,17,2543
34870473,7705,508962863,53986923,1371,-6010,8,6305,293167000,2115,293167020,2115,-196,-13,-16,-28,2540,-20,59,2537
34879671,7706,508962869,53986881,1371,-6009,8,6305,293167000,2115,293167030,2115,-196,-12,-27,-97,2549,-30,-10,2549
34889564,7706,508962875,53986839,1371,-6009,7,6305,293167000,2115,293167040,2115,-196,-11,-2,-83,2554,-5,4,2554
34900230,7706,508962881,53986797,1370,-6009,7,6305,293167000,2115,293167050,2115,-196,-11,-19,-41,2480,-21,43,2478
34909856,7706,508962887,53986755,1370,-6009,7,6305,293167000,2115,293167060,2115,-195,-10,-20,-65,2563,-22,22,2561
34919716,7706,508962893,53986710,1370,-6009,7,6305,293167050,2115,293167070,2115,-195,-9,-11,-81,2473,-12,3,2473
34930461,7707,508962900,53986668,1369,-6009,7,6305,293167050,2115,293167080,2115,-196,-9,-11,-32,2495,-13,53,2493
34939565,7707,508962906,53986626,1369,-6009,7,6305,293167050,2115,293167090,2115,-196,-8,-20,-124,2515,-21,-39,2516
34949580,7707,508962912,53986583,1369,-6009,7,6305,293167050,2115,293167100,2115,-196,-7,-36,-38,2499,-37,47,2497
34961001,7707,508962918,53986541,1368,-6009,7,6305,293167050,2115,293167110,2115,-197,-6,-29,-6,2510,-30,79,2507
34969709,7708,508962924,53986496,1369,-6008,7,6305,293167100,2115,293167120,2115,-197,-6,9,-122,2520,9,-36,2521
34979787,7708,508962930,53986454,1369,-6008,6,6305,293167100,2115,293167130,2115,-197,-5,-18,-74,2533,-18,13,2532
34989588,7708,508962936,53986412,1369,-6008,7,6305,293167100,2115,293167140,2115,-197,-4,-43,-91,2493,-43,-6,2493
34999581,7708,508962943,53986370,1368,-6008,7,6305,293167100,2115,293167150,2115,-198,-3,-10,-32,2453,-10,52,2451
35009831,7709,508962949,53986328,1368,-6008,8,6305,293167100,2115,293167160,2115,-199,-2,-14,-82,2393,-13,1,2393
35019707,7709,508962955,53986283,1368,-6008,8,6305,293167150,2115,293167170,2115,-200,-2,-16,-52,2484,-14,34,2483
35029636,7709,508962961,53986241,1367,-6008,8,6305,293167150,2115,293167180,2115,-201,-1,-26,-55,2436,-24,29,2434
35039581,7710,508962967,53986199,1367,-6008,9,6305,293167150,2115,293167190,2115,-201,0,11,-57,2448,13,29,2447
35049580,7710,508962973,53986156,1367,-6008,9,6305,293167150,2115,293167200,2115,-202,0,-12,-10,2421,-10,74,2418
35059840,7710,508962979,53986114,1367,-6008,10,6305,293167150,2115,293167210,2115,-203,1,-10,-76,2400,-8,8,2399
35069760,7710,508962986,53986069,1366,-6008,11,6305,293167200,2115,293167220,2115,-204,1,-14,-27,2439,-12,59,2437
35079642,7711,508962992,53986027,1366,-6008,11,6305,293167200,2115,293167230,2115,-205,1,-14,-69,2447,-11,18,2446
35089555,7711,508962998,53985985,1365,-6008,11,6305,293167200,2115,293167240,2115,-206,1,-9,8,2487,-6,96,2484
35099570,7711,508963004,53985943,1365,-6008,12,6305,293167200,2115,293167250,2115,-207,1,-14,-5,2400,-12,81,2397
35110947,7711,508963010,53985901,1365,-6008,13,6305,293167200,2115,293167260,2115,-208,1,-12,-84,2451,-9,4,2451
35119748,7712,508963016,53985856,1364,-6008,14,6305,293167250,2115,293167270,2115,-209,1,-51,-16,2383,-48,70,2380
35129647,7712,508963022,53985814,1363,-6008,14,6305,293167250,2115,293167280,2115,-209,1,-25,34,2453,-22,123,2449
35139568,7712,508963029,53985772,1363,-6008,14,6305,293167250,2115,293167290,2115,-210,1,-3,-125,2436,0,-36,2437
35149570,7712,508963035,53985729,1363,-6008,15,6305,293167250,2115,293167300,2115,-212,1,-12,-35,2488,-9,56,2486
35159872,7713,508963041,53985687,1362,-6008,15,6305,293167250,2115,293167310,2115,-213,1,-33,-5,2491,-30,87,2488
35169746,7713,508963047,53985642,1361,-6008,14,6305,293167300,2115,293167320,2115,-215,0,-19,-58,2541,-17,37,2540
35180008,7713,508963053,53985600,1361,-6008,14,6305,293167300,2115,293167330,2115,-216,0,-36,-37,2485,-34,56,2482
35189567,7713,508963059,53985558,1361,-6007,15,6305,293167300,2115,293167340,2115,-217,0,-55,-107,2440,-52,-15,2441
35199575,7713,508963065,53985516,1360,-6007,15,6305,293167300,2115,293167350,2115,-218,0,-41,-8,2446,-39,84,2442
35209831,7713,508963071,53985474,1360,-6007,16,6305,293167300,2115,293167360,2115,-219,-1,-13,-42,2425,-12,50,2423
35219702,7714,508963077,53985429,1360,-6007,16,6305,293167350,2115,293167370,2115,-220,-1,-28,-57,2469,-26,37,2467
35229640,7714,508963083,53985387,1359,-6006,16,6305,293167350,2115,293167380,2115,-221,-2,-41,-64,2493,-39,32,2492
35239576,7714,508963090,53985345,1359,-6007,16,6305,293167350,2115,293167390,2115,-222,-2,-9,-34,2564,-8,65,2562
35249578,7714,508963096,53985303,1358,-6006,16,6305,293167350,2115,293167400,2115,-223,-3,-22,-44,2477,-22,51,2475
35260418,7714,508963102,53985260,1359,-6006,16,6305,293167350,2115,293167410,2115,-224,-4,-14,-145,2520,-13,-47,2522
35269718,7715,508963108,53985216,1358,-6006,16,6305,293167400,2115,293167420,2115,-224,-4,-54,-53,2497,-54,44,2496
35279629,7715,508963114,53985173,1358,-6006,16,6305,293167400,2115,293167430,2115,-225,-5,-49,-18,2493,-49,78,2490
35289929,7715,508963120,53985131,1357,-6005,16,6305,293167400,2115,293167440,2115,-225,-5,-54,-31,2564,-54,69,2562
35299609,7715,508963126,53985089,1357,-6005,15,6305,293167400,2115,293167450,2115,-225,-6,-32,-61,2550,-33,39,2549
35309836,7715,508963132,53985047,1356,-6005,14,6305,293167400,2115,293167460,2115,-225,-7,-7,-94,2615,-8,8,2615
35320592,7716,508963138,53985002,1356,-6005,14,6305,293167450,2115,293167470,2115,-225,-7,-40,-54,2529,-41,44,2527
35329639,7716,508963144,53984960,1355,-6005,14,6305,293167450,2115,293167480,2115,-224,-7,-56,1,2537,-57,99,2533
35339596,7716,508963151,53984918,1356,-6004,14,6305,293167450,2115,293167490,2115,-224,-8,-55,-155,2519,-55,-58,2521
35349556,7716,508963157,53984876,1356,-6004,13,6305,293167450,2115,293167500,2115,-223,-8,-46,-112,2546,-47,-13,2547
35360256,7717,508963163,53984834,1355,-6004,13,6305,293167450,2115,293167510,2115,-223,-8,-56,17,2536,-58,114,2532
35369729,7717,508963169,53984789,1354,-6004,13,6305,293167500,2115,293167520,2115,-222,-8,-13,-77,2553,-14,22,2552
35380263,7717,508963175,53984747,1354,-6003,12,6305,293167500,2115,293167530,2115,-221,-8,-29,-112,2531,-31,-15,2531
35389581,7718,508963181,53984705,1354,-6003,12,6305,293167500,2115,293167540,2115,-220,-8,-20,-85,2515,-21,11,2515
35399564,7718,508963187,53984662,1354,-6003,12,6305,293167500,2115,293167550,2115,-219,-8,-42,-75,2521,-43,21,2520
35409863,7718,508963193,53984620,1354,-6003,12,6305,293167500,2115,293167560,2115,-218,-8,-35,-111,2536,-36,-15,2536
35419721,7718,508963199,53984575,1353,-6002,11,6305,293167550,2115,293167570,2115,-217,-8,-64,-26,2542,-66,69,2539
35429624,7719,508963205,53984533,1353,-6002,11,6305,293167550,2115,293167580,2115,-216,-7,-75,-68,2547,-76,27,2546
35439560,7719,508963211,53984491,1353,-6002,10,6305,293167550,2115,293167590,2115,-215,-7,-18,-83,2636,-19,16,2636
35449572,7720,508963217,53984449,1353,-6002,10,6305,293167550,2115,293167600,2115,-214,-7,-10,-129,2511,-10,-36,2512
35459891,7720,508963223,53984407,1353,-6002,9,6305,293167550,2115,293167610,2115,-213,-7,-12,-76,2546,-12,18,2545
35469717,7720,508963230,53984362,1353,-6001,10,6305,293167600,2115,293167620,2115,-212,-6,-68,-87,2400,-69,1,2400
35480479,7721,508963236,53984320,1353,-6001,11,6305,293167600,2115,293167630,2115,-211,-6,-36,-107,2476,-36,-16,2477
35489566,7721,508963242,53984278,1353,-6000,11,6305,293167600,2115,293167640,2115,-210,-5,-94,-69,2446,-94,20,2445
35499565,7721,508963248,53984236,1352,-6000,11,6305,293167600,2115,293167650,2115,-209,-4,-44,-8,2546,-44,84,2543
35509810,7722,508963254,53984194,1352,-6000,10,6305,293167600,2115,293167660,2115,-208,-3,-7,-110,2553,-6,-18,2553
35519718,7722,508963260,53984149,1352,-6000,10,6305,293167650,2115,293167670,2115,-206,-3,-20,-120,2512,-18,-30,2513
35529652,7722,508963266,53984107,1352,-5999,10,6305,293167650,2115,293167680,2115,-205,-2,-74,-46,2573,-72,45,2571
35539568,7723,508963272,53984065,1351,-5999,9,6305,293167650,2115,293167690,2115,-204,-1,-45,-25,2570,-44,66,2567
35549580,7723,508963278,53984023,1351,-5999,9,6305,293167650,2115,293167700,2115,-203,-1,-30,-128,2497,-27,-41,2498
35559824,7723,508963284,53983981,1352,-5998,10,6305,293167650,2115,293167710,2115,-203,0,-40,-105,2405,-37,-21,2406
35569726,7723,508963290,53983936,1350,-5998,11,6305,293167700,2115,293167720,2115,-202,1,-46,40,2381,-44,123,2377
35579635,7724,508963296,53983894,1350,-5998,12,6305,293167700,2115,293167730,2115,-201,1,-45,-38,2368,-42,44,2366
35589579,7724,508963302,53983852,1350,-5998,12,6305,293167700,2115,293167740,2115,-200,2,-21,-131,2452,-18,-46,2453
35599587,7724,508963308,53983810,1350,-5997,12,6305,293167700,2115,293167750,2115,-198,2,-14,-112,2489,-10,-27,2489
35609807,7724,508963315,53983767,1350,-5998,13,6305,293167700,2115,293167760,2115,-197,2,2,-18,2474,5,67,2472
35619717,7724,508963321,53983723,1349,-5997,13,6305,293167750,2115,293167770,2115,-196,3,-55,-21,2492,-52,64,2490
35630032,7724,508963327,53983681,1349,-5997,12,6305,293167750,2115,293167780,2115,-195,3,-29,-99,2543,-25,-13,2543
35639570,7725,508963333,53983639,1349,-5997,12,6305,293167750,2115,293167790,2115,-194,3,-63,-76,2590,-59,11,2589
35649563,7725,508963339,53983596,1349,-5996,12,6305,293167750,2115,293167800,2115,-193,3,-71,-49,2497,-67,35,2495
35660454,7725,508963345,53983554,1349,-5996,12,6305,293167750,2115,293167810,2115,-192,3,-38,-70,2455,-35,11,2454
35669713,7725,508963351,53983510,1348,-5996,13,6305,293167800,2115,293167820,2115,-191,3,-50,-23,2431,-47,58,2428
35679634,7725,508963357,53983468,1349,-5996,13,6305,293167800,2115,293167830,2115,-190,2,11,-126,2517,14,-43,2518
35689596,7725,508963363,53983425,1348,-5996,12,6305,293167800,2115,293167840,2115,-189,2,-12,-54,2510,-9,29,2509
35699638,7725,508963369,53983383,1348,-5996,12,6305,293167800,2115,293167850,2115,-188,1,-33,-19,2500,-31,62,2497
35709855,7725,508963375,53983341,1348,-5995,13,6305,293167800,2115,293167860,2115,-187,1,-82,-111,2464,-80,-31,2465
35719719,7725,508963381,53983297,1348,-5994,12,6305,293167850,2115,293167870,2115,-186,0,-79,-60,2572,-77,23,2570
35729632,7725,508963387,53983255,1348,-5994,12,6305,293167850,2115,293167880,2115,-184,-1,-13,-95,2484,-11,-16,2484
35739569,7725,508963393,53983213,1347,-5994,13,6305,293167850,2115,293167890,2115,-184,-2,-25,-37,2486,-23,42,2484
35749587,7725,508963399,53983170,1347,-5994,12,6305,293167850,2115,293167900,2115,-183,-2,-28,-48,2561,-27,34,2560
35759872,7725,508963405,53983128,1347,-5994,12,6305,293167850,2115,293167910,2115,-183,-3,-34,-77,2525,-33,3,2525
35769728,7725,508963412,53983084,1347,-5993,12,6305,293167900,2115,293167920,2115,-183,-3,-106,-60,2478,-106,18,2477
35779708,7725,508963418,53983042,1347,-5993,11,6305,293167900,2115,293167930,2115,-182,-4,-60,-147,2589,-59,-65,2591
35789563,7725,508963424,53983000,1347,-5992,11,6305,293167900,2115,293167940,2115,-182,-4,-61,-113,2594,-61,-32,2594
35799589,7725,508963430,53982958,1346,-5992,11,6305,293167900,2115,293167950,2115,-182,-5,-22,-2,2508,-22,77,2505
35810958,7725,508963436,53982915,1346,-5992,10,6305,293167900,2115,293167960,2115,-182,-5,-27,-49,2593,-27,32,2591
35819719,7725,508963442,53982871,1347,-5992,9,6305,293167950,2115,293167970,2115,-183,-5,-43,-132,2538,-43,-52,2539
35829647,7725,508963448,53982829,1347,-5991,9,6305,293167950,2115,293167980,2115,-184,-6,-75,-118,2540,-75,-37,2541
35839597,7725,508963454,53982787,1346,-5990,9,6305,293167950,2115,293167990,2115,-185,-6,-93,20,2497,-94,100,2494
35849561,7725,508963460,53982745,1346,-5990,9,6306,293167950,2115,293168000,2115,-185,-6,-57,-48,2544,-58,33,2542
35859853,7725,508963466,53982703,1346,-5990,9,6306,293167950,2115,293168010,2115,-186,-6,2,-115,2546,2,-32,2547
35869714,7725,508963472,53982658,1346,-5990,9,6306,293168000,2115,293168020,2115,-187,-7,-13,-110,2477,-13,-29,2477
35879849,7725,508963478,53982616,1345,-5990,9,6306,293168000,2115,293168030,2115,-189,-7,-32,36,2541,-33,119,2536
35889606,7725,508963484,53982574,1345,-5989,8,6306,293168000,2115,293168040,2115,-190,-7,-30,-100,2551,-30,-16,2551
35900345,7725,508963490,53982532,1344,-5989,7,6306,293168000,2115,293168050,2115,-192,-7,-66,-34,2612,-67,52,2610
35910086,7725,508963496,53982490,1344,-5988,7,6306,293168000,2115,293168060,2115,-193,-7,-90,-61,2517,-91,23,2516
35919719,7725,508963502,53982445,1343,-5988,7,6306,293168050,2115,293168070,2115,-194,-7,-31,6,2560,-32,92,2557
35929650,7725,508963508,53982403,1343,-5988,6,6306,293168050,2115,293168080,2115,-195,-8,-22,-44,2577,-23,43,2575
35939601,7724,508963514,53982361,1343,-5988,6,6306,293168050,2115,293168090,2115,-196,-8,-39,-163,2555,-39,-76,2557
35949578,7724,508963520,53982319,1343,-5988,5,6306,293168050,2115,293168100,2115,-197,-8,-26,6,2576,-28,94,2572
35959845,7724,508963526,53982277,1342,-5987,5,6306,293168050,2115,293168110,2115,-198,-8,-35,-69,2564,-36,19,2563
35969748,7724,508963533,53982232,1343,-5987,4,6306,293168100,2115,293168120,2115,-199,-9,-37,-111,2564,-39,-22,2565
35979830,7724,508963539,53982190,1342,-5986,4,6306,293168100,2115,293168130,2115,-200,-9,-62,-97,2465,-64,-11,2465
35989811,7724,508963545,53982148,1342,-5986,4,6306,293168100,2115,293168140,2115,-201,-9,-57,12,2507,-59,99,2503
35999575,7724,508963551,53982106,1342,-5986,5,6306,293168100,2115,293168150,2115,-201,-9,-32,-91,2469,-34,-5,2469
36009851,7724,508963557,53982064,1342,-5986,4,6306,293168100,2115,293168160,2115,-201,-9,-21,-117,2532,-23,-29,2532
36019885,7724,508963563,53982020,1342,-5986,4,6306,293168150,2115,293168170,2115,-201,-9,-22,-106,2510,-24,-18,2511
36029656,7724,508963569,53981978,1341,-5985,4,6306,293168150,2115,293168180,2115,-202,-9,-47,-54,2535,-49,34,2534
36039593,7724,508963575,53981936,1341,-5985,4,6306,293168150,2115,293168190,2115,-202,-9,-83,-72,2505,-85,15,2504
36050476,7723,508963581,53981894,1341,-5984,4,6306,293168150,2115,293168200,2115,-202,-8,-36,-121,2501,-37,-33,2502
36059847,7723,508963587,53981852,1341,-5984,4,6306,293168150,2115,293168210,2115,-201,-8,-40,-81,2461,-40,5,2461
36069729,7723,508963593,53981807,1341,-5984,5,6306,293168200,2115,293168220,2115,-201,-7,-42,-96,2441,-43,-11,2441
36080301,7723,508963599,53981765,1341,-5983,5,6306,293168200,2115,293168230,2115,-201,-6,-59,-44,2458,-59,42,2456
36089565,7723,508963605,53981723,1341,-5983,6,6306,293168200,2115,293168240,2115,-200,-5,-20,-158,2419,-20,-74,2421
36099570,7723,508963611,53981681,1342,-5983,6,6306,293168200,2115,293168250,2115,-200,-4,-34,-136,2450,-33,-51,2451
36110407,7723,508963617,53981639,1341,-5982,7,6306,293168200,2115,293168260,2115,-200,-4,-65,-35,2370,-64,47,2368
36119740,7724,508963623,53981594,1341,-5982,8,6306,293168250,2115,293168270,2115,-200,-3,-32,-101,2374,-31,-19,2375
36129662,7724,508963629,53981552,1342,-5982,10,6306,293168250,2115,293168280,2115,-199,-2,-41,-116,2318,-40,-36,2319
36140392,7724,508963635,53981510,1342,-5981,11,6306,293168250,2115,293168290,2115,-199,-1,-17,-111,2354,-15,-30,2355
36149570,7724,508963641,53981469,1342,-5981,12,6306,293168250,2115,293168300,2115,-199,-1,-24,-97,2367,-22,-15,2368
36159887,7724,508963647,53981427,1342,-5981,13,6306,293168250,2115,293168310,2115,-199,0,-31,-92,2338,-28,-11,2338
36170069,7724,508963653,53981382,1341,-5981,14,6306,293168300,2115,293168320,2115,-199,1,-26,-38,2424,-24,45,2422
36180188,7724,508963659,53981340,1342,-5980,15,6306,293168300,2115,293168330,2115,-198,1,-37,-145,2343,-34,-64,2344
36189581,7724,508963665,53981298,1342,-5980,16,6306,293168300,2115,293168340,2115,-198,2,-50,-64,2414,-47,18,2413
36199607,7724,508963671,53981256,1341,-5980,17,6306,293168300,2115,293168350,2115,-198,2,-54,-64,2379,-51,17,2378
36210045,7725,508963677,53981214,1342,-5980,17,6306,293168300,2115,293168360,2115,-198,3,-28,-109,2391,-24,-27,2392
36221507,7725,508963683,53981169,1342,-5979,18,6306,293168350,2115,293168370,2115,-197,3,-30,-93,2383,-27,-12,2384
36229637,7725,508963689,53981127,1341,-5979,19,6306,293168350,2115,293168380,2115,-197,4,-30,-67,2439,-26,16,2438
36239573,7725,508963695,53981086,1341,-5979,19,6306,293168350,2115,293168390,2115,-197,4,-41,-86,2449,-37,-2,2448
36249573,7725,508963701,53981044,1341,-5979,20,6306,293168350,2115,293168400,2115,-196,4,-40,-99,2402,-36,-17,2402
36260970,7725,508963707,53981002,1341,-5978,21,6306,293168350,2115,293168410,2115,-196,4,-53,-46,2432,-49,37,2430
36269755,7726,508963713,53980957,1341,-5978,22,6306,293168400,2115,293168420,2115,-195,4,-17,-111,2371,-13,-31,2371
36280370,7726,508963720,53980915,1341,-5978,23,6306,293168400,2115,293168430,2115,-195,4,-51,-83,2377,-47,-3,2377
36289693,7726,508963726,53980873,1341,-5977,24,6306,293168400,2115,293168440,2115,-194,4,-37,-103,2356,-33,-24,2356
36299569,7726,508963732,53980831,1341,-5977,24,6306,293168400,2115,293168450,2115,-194,4,-42,-21,2511,-39,63,2508
36309845,7727,508963738,53980789,1340,-5977,24,6306,293168400,2115,293168460,2115,-193,4,-38,-51,2440,-34,31,2438
36319874,7727,508963744,53980745,1341,-5977,24,6306,293168450,2115,293168470,2115,-193,3,-5,-112,2525,-1,-28,2525
36329663,7727,508963750,53980703,1340,-5977,24,6306,293168450,2115,293168480,2115,-192,3,-46,-12,2471,-43,70,2468
36339572,7728,508963756,53980661,1340,-5977,24,6306,293168450,2115,293168490,2115,-191,2,-21,-82,2507,-18,1,2507
36349942,7728,508963762,53980619,1340,-5976,25,6306,293168450,2115,293168500,2115,-191,2,-48,-74,2451,-45,7,2450
36359830,7728,508963768,53980577,1339,-5976,25,6306,293168450,2115,293168510,2115,-190,1,-44,-40,2480,-42,42,2478
36369735,7728,508963774,53980532,1339,-5976,25,6306,293168500,2115,293168520,2115,-189,0,-54,-42,2528,-52,41,2527
36379937,7729,508963780,53980490,1339,-5976,24,6306,293168500,2115,293168530,2115,-189,-1,-30,-69,2530,-28,14,2529
36389581,7729,508963786,53980448,1339,-5976,24,6306,293168500,2115,293168540,2115,-188,-2,-21,-63,2584,-20,22,2583
36399647,7730,508963792,53980406,1338,-5975,23,6306,293168500,2115,293168550,2115,-188,-3,-30,-2,2586,-29,82,2583
36410300,7730,508963798,53980365,1337,-5976,22,6306,293168500,2115,293168560,2115,-187,-5,-15,2,2607,-15,86,2604
36419708,7730,508963804,53980320,1337,-5975,22,6306,293168550,2115,293168570,2115,-186,-6,-71,-93,2568,-71,-10,2568
36429691,7730,508963810,53980278,1337,-5974,21,6306,293168550,2115,293168580,2115,-185,-7,-66,-117,2568,-67,-35,2569
36440003,7731,508963816,53980236,1337,-5974,20,6306,293168550,2115,293168590,2115,-184,-8,-67,-16,2616,-68,67,2614
36449589,7731,508963822,53980194,1336,-5974,19,6306,293168550,2115,293168600,2115,-184,-9,-73,-16,2640,-75,67,2637
36460975,7732,508963828,53980152,1336,-5973,18,6306,293168550,2115,293168610,2115,-183,-10,-20,-72,2681,-22,13,2680
36470303,7732,508963834,53980108,1336,-5973,16,6306,293168600,2115,293168620,2115,-182,-11,-30,-68,2690,-33,17,2689
36480561,7732,508963840,53980066,1335,-5973,15,6306,293168600,2115,293168630,2115,-181,-12,-54,-53,2703,-57,32,2702
36489577,7732,508963846,53980024,1335,-5972,14,6306,293168600,2115,293168640,2115,-180,-13,-69,-89,2659,-73,-7,2658
36500375,7733,508963852,53979982,1335,-5972,12,6306,293168600,2115,293168650,2115,-180,-14,-73,-50,2646,-77,32,2645
36509823,7733,508963858,53979940,1334,-5971,11,6306,293168600,2115,293168660,2115,-179,-14,-89,-45,2665,-93,38,2663
36519727,7734,508963864,53979895,1334,-5970,10,6306,293168650,2115,293168670,2115,-178,-15,-75,-18,2689,-80,65,2686
36529907,7734,508963870,53979854,1334,-5970,8,6306,293168650,2115,293168680,2115,-177,-15,-3,-117,2686,-7,-34,2687
36539559,7734,508963876,53979812,1334,-5970,7,6306,293168650,2115,293168690,2115,-176,-15,-30,-75,2660,-34,6,2659
36549584,7735,508963882,53979770,1333,-5970,7,6306,293168650,2115,293168700,2115,-175,-15,-75,-14,2587,-80,64,2584
36560000,7735,508963888,53979728,1333,-5969,6,6306,293168650,2115,293168710,2115,-174,-15,-57,-76,2593,-62,2,2592
36569719,7735,508963894,53979683,1333,-5968,4,6306,293168700,2115,293168720,2115,-173,-15,-73,-76,2683,-78,4,2682
36579776,7736,508963900,53979641,1333,-5968,3,6306,293168700,2115,293168730,2115,-172,-15,-44,-58,2660,-49,22,2659
36590137,7736,508963906,53979600,1332,-5968,2,6306,293168700,2115,293168740,2115,-171,-15,-57,-3,2666,-62,75,2663
36599593,7737,508963912,53979558,1332,-5968,1,6306,293168700,2115,293168750,2115,-170,-14,-42,-33,2613,-46,43,2611
36609867,7737,508963918,53979516,1332,-5967,0,6306,293168700,2115,293168760,2115,-169,-14,-35,-105,2580,-39,-30,2580
36620376,7738,508963924,53979471,1332,-5967,0,6306,293168750,2115,293168770,2115,-167,-14,-67,-75,2535,-71,-2,2534
36629653,7738,508963930,53979429,1331,-5966,0,6306,293168750,2115,293168780,2115,-166,-14,-61,12,2520,-65,84,2516
36639584,7739,508963936,53979388,1330,-5966,-1,6306,293168750,2115,293168790,2115,-165,-13,-51,-33,2589,-55,41,2587
36649618,7739,508963942,53979346,1330,-5966,-2,6306,293168750,2115,293168800,2115,-164,-13,-11,-19,2608,-15,55,2606
36659871,7740,508963948,53979304,1330,-5966,-2,6306,293168750,2115,293168810,2115,-162,-13,-42,-32,2592,-46,41,2590
36669783,7740,508963954,53979259,1329,-5965,-3,6306,293168800,2115,293168820,2115,-161,-13,-62,-44,2567,-66,27,2565
36679813,7741,508963960,53979217,1329,-5965,-3,6306,293168800,2115,293168830,2115,-159,-13,-63,9,2579,-67,79,2575
36689582,7741,508963966,53979176,1328,-5964,-4,6306,293168800,2115,293168840,2115,-157,-12,-47,-38,2526,-51,31,2524
36699573,7742,508963972,53979134,1328,-5964,-4,6306,293168800,2115,293168850,2115,-156,-12,-70,-55,2512,-73,12,2510
36710268,7742,508963978,53979092,1327,-5964,-4,6306,293168800,2115,293168860,2115,-155,-11,-38,51,2517,-41,118,2513
36719748,7743,508963984,53979047,1327,-5963,-4,6306,293168850,2115,293168870,2115,-154,-11,-48,-47,2532,-50,20,2530
36729639,7743,508963990,53979006,1327,-5963,-5,6306,293168850,2115,293168880,2115,-153,-10,-63,-47,2616,-65,22,2614
36739819,7744,508963995,53978964,1326,-5963,-5,6306,293168850,2115,293168890,2115,-152,-10,-33,25,2588,-36,93,2585
36749594,7744,508964001,53978922,1325,-5963,-5,6306,293168850,2115,293168900,2115,-151,-9,-27,-3,2463,-29,61,2460
36760208,7745,508964007,53978880,1325,-5962,-5,6306,293168850,2115,293168910,2115,-150,-9,-58,-19,2470,-59,45,2468
36770163,7745,508964013,53978836,1324,-5962,-5,6306,293168900,2115,293168920,2115,-150,-8,-75,24,2450,-77,87,2446
36779906,7746,508964019,53978794,1324,-5961,-4,6306,293168900,2115,293168930,2115,-150,-7,-52,-53,2453,-53,11,2452
36789590,7746,508964025,53978752,1323,-5961,-4,6306,293168900,2115,293168940,2115,-150,-7,-53,46,2513,-54,110,2509
36799583,7747,508964031,53978710,1322,-5961,-4,6306,293168900,2115,293168950,2115,-150,-7,-16,-3,2449,-17,60,2447
36809854,7747,508964037,53978668,1322,-5961,-3,6306,293168900,2115,293168960,2115,-150,-6,-33,-15,2447,-34,48,2445
36819745,7748,508964043,53978624,1321,-5961,-3,6306,293168950,2115,293168970,2115,-150,-6,-22,4,2414,-22,67,2411
36829651,7748,508964049,53978582,1321,-5961,-2,6306,293168950,2115,293168980,2115,-150,-6,-54,-10,2392,-55,52,2390
36839581,7749,508964055,53978540,1320,-5960,-1,6306,293168950,2115,293168990,2115,-151,-6,-69,11,2395,-70,73,2392
36849588,7749,508964061,53978498,1319,-5960,0,6306,293168950,2115,293169000,2115,-151,-5,-87,98,2429,-88,161,2424
36861461,7750,508964067,53978456,1319,-5959,0,6306,293168950,2115,293169010,2115,-152,-5,-48,-41,2478,-49,24,2477
36869727,7750,508964073,53978412,1318,-5960,0,6306,293169000,2115,293169020,2115,-152,-5,-2,-3,2450,-2,61,2447
36880078,7750,508964079,53978370,1317,-5959,1,6307,293169000,2115,293169030,2115,-152,-5,-51,63,2454,-52,127,2449
36889605,7751,508964085,53978328,1316,-5959,1,6307,293169000,2115,293169040,2115,-152,-5,-43,18,2425,-44,81,2422
36899579,7751,508964090,53978287,1316,-5959,2,6307,293169000,2115,293169050,2115,-152,-5,-40,29,2410,-40,92,2406
36909823,7752,508964096,53978245,1315,-5959,3,6307,293169000,2115,293169060,2115,-152,-5,-74,-31,2386,-74,31,2384
36919730,7752,508964102,53978200,1314,-5958,4,6307,293169050,2115,293169070,2115,-152,-5,-101,44,2435,-101,108,2431
36929645,7753,508964108,53978158,1313,-5958,4,6307,293169050,2115,293169080,2115,-152,-5,-60,15,2407,-60,78,2404
36939561,7753,508964114,53978117,1313,-5957,4,6307,293169050,2115,293169090,2115,-152,-5,-36,27,2483,-36,92,2479
36949568,7753,508964120,53978075,1312,-5957,5,6307,293169050,2115,293169100,2115,-152,-6,-15,-12,2484,-15,53,2482
36960970,7754,508964126,53978033,1312,-5957,5,6307,293169050,2115,293169110,2115,-152,-6,-11,19,2463,-12,84,2460
36969713,7754,508964132,53977989,1311,-5957,6,6307,293169100,2115,293169120,2115,-152,-6,-59,2,2385,-60,64,2382
36980155,7754,508964138,53977947,1311,-5956,7,6307,293169100,2115,293169130,2115,-152,-6,-83,-45,2375,-84,18,2374
36989570,7755,508964144,53977905,1310,-5956,7,6307,293169100,2115,293169140,2115,-152,-7,-106,76,2414,-107,139,2409
36999578,7755,508964150,53977863,1310,-5956,8,6307,293169100,2115,293169150,2115,-152,-7,-47,-49,2463,-47,15,2461
37009808,7755,508964155,53977822,1309,-5955,8,6307,293169100,2115,293169160,2115,-152,-7,-43,-60,2476,-43,5,2475
37019725,7755,508964161,53977777,1308,-5955,9,6307,293169150,2115,293169170,2115,-152,-7,-14,33,2415,-15,96,2411
37029647,7756,508964167,53977735,1308,-5955,9,6307,293169150,2115,293169180,2115,-152,-7,-27,23,2481,-28,88,2477
37039594,7756,508964173,53977694,1307,-5955,9,6307,293169150,2115,293169190,2115,-153,-7,-78,-46,2474,-78,19,2472
37049884,7756,508964179,53977652,1307,-5954,10,6307,293169150,2115,293169200,2115,-153,-6,-84,-34,2457,-85,31,2455
37059845,7757,508964185,53977610,1306,-5953,9,6307,293169150,2115,293169210,2115,-153,-6,-107,15,2519,-108,81,2516
37069722,7757,508964191,53977566,1306,-5953,10,6307,293169200,2115,293169220,2115,-154,-6,-50,-18,2433,-51,46,2431
37079666,7757,508964197,53977524,1305,-5953,11,6307,293169200,2115,293169230,2115,-154,-5,-20,13,2391,-20,77,2389
37089581,7758,508964202,53977482,1305,-5953,12,6307,293169200,2115,293169240,2115,-154,-5,-33,-81,2394,-33,-17,2393
37100341,7758,508964208,53977440,1305,-5952,12,6307,293169200,2115,293169250,2115,-154,-5,-64,3,2470,-64,69,2467
37109821,7758,508964214,53977398,1304,-5952,13,6307,293169200,2115,293169260,2115,-155,-5,-29,-7,2410,-29,57,2408
37119749,7758,508964220,53977354,1303,-5952,14,6307,293169250,2115,293169270,2115,-155,-4,-76,-2,2416,-76,62,2413
37129659,7759,508964226,53977312,1303,-5951,14,6307,293169250,2115,293169280,2115,-155,-4,-92,3,2414,-92,67,2411
37139574,7759,508964232,53977271,1302,-5951,15,6307,293169250,2115,293169290,2115,-155,-4,-47,15,2414,-47,80,2411
37149580,7759,508964238,53977229,1302,-5951,15,6307,293169250,2115,293169300,2115,-155,-3,-59,-31,2454,-58,34,2452
37160829,7759,508964243,53977187,1301,-5951,15,6307,293169250,2115,293169310,2115,-155,-3,-12,-47,2573,-12,22,2572
37169740,7759,508964249,53977143,1301,-5951,15,6307,293169300,2115,293169320,2115,-154,-3,-22,-20,2447,-21,45,2444
37180470,7759,508964255,53977101,1300,-5950,16,6307,293169300,2115,293169330,2115,-155,-3,-109,-16,2436,-108,49,2434
37189581,7760,508964261,53977059,1300,-5949,15,6307,293169300,2115,293169340,2115,-154,-3,-75,-35,2590,-74,34,2588
37199585,7760,508964267,53977017,1300,-5949,15,6307,293169300,2115,293169350,2115,-155,-3,-65,-61,2476,-64,5,2475
37209885,7760,508964273,53976976,1299,-5949,15,6307,293169300,2115,293169360,2115,-155,-3,-31,14,2547,-30,82,2544
37219715,7761,508964278,53976931,1299,-5948,15,6307,293169350,2115,293169370,2115,-154,-3,-45,-52,2491,-44,14,2489
37229627,7761,508964284,53976889,1299,-5948,15,6307,293169350,2115,293169380,2115,-154,-3,-65,-35,2507,-65,32,2505
37239565,7761,508964290,53976848,1298,-5948,15,6307,293169350,2115,293169390,2115,-154,-3,-61,-15,2464,-60,50,2462
37249586,7761,508964296,53976806,1298,-5947,15,6307,293169350,2115,293169400,2115,-154,-4,-56,-70,2510,-55,-4,2509
37261019,7762,508964302,53976764,1298,-5947,15,6307,293169350,2115,293169410,2115,-154,-4,-33,-42,2533,-33,25,2531
37269721,7762,508964308,53976720,1298,-5946,14,6307,293169400,2115,293169420,2115,-154,-4,-55,-47,2593,-55,21,2591
37280502,7763,508964313,53976678,1297,-5946,14,6307,293169400,2115,293169430,2115,-153,-5,-72,22,2553,-72,90,2549
37289568,7763,508964319,53976636,1297,-5946,13,6307,293169400,2115,293169440,2115,-153,-5,-46,-91,2608,-46,-22,2608
37299566,7763,508964325,53976595,1297,-5945,12,6307,293169400,2115,293169450,2115,-153,-6,-58,-92,2636,-59,-22,2635
37309839,7764,508964331,53976553,1296,-5945,12,6307,293169400,2115,293169460,2115,-154,-6,-50,23,2513,-51,89,2509
37319744,7764,508964337,53976509,1295,-5945,11,6307,293169450,2115,293169470,2115,-154,-6,-66,-7,2628,-67,63,2625
37329643,7765,508964343,53976467,1296,-5944,10,6307,293169450,2115,293169480,2115,-154,-7,-57,-134,2586,-58,-65,2587
37339593,7765,508964348,53976425,1295,-5944,10,6307,293169450,2115,293169490,2115,-154,-7,-68,5,2593,-69,74,2590
37349564,7766,508964354,53976384,1294,-5943,10,6307,293169450,2115,293169500,2115,-154,-7,-61,51,2501,-62,118,2497
37359891,7766,508964360,53976342,1294,-5943,9,6307,293169450,2115,293169510,2115,-154,-7,-31,-67,2535,-31,1,2534
37369713,7767,508964366,53976297,1294,-5943,9,6307,293169500,2115,293169520,2115,-154,-6,-79,-37,2507,-79,30,2505
37379640,7767,508964372,53976256,1294,-5942,8,6307,293169500,2115,293169530,2115,-154,-6,-47,-71,2618,-47,-1,2617
37389583,7768,508964377,53976214,1293,-5942,7,6307,293169500,2115,293169540,2115,-155,-6,-71,64,2632,-71,134,2627
37399618,7768,508964383,53976172,1292,-5942,6,6307,293169500,2115,293169550,2115,-156,-5,-33,-34,2617,-33,37,2615
37409837,7769,508964389,53976131,1292,-5941,6,6307,293169500,2115,293169560,2115,-157,-5,-67,-53,2622,-67,17,2621
37419729,7769,508964395,53976086,1291,-5941,6,6307,293169550,2115,293169570,2115,-157,-4,-90,71,2486,-90,138,2481
37429625,7770,508964401,53976045,1290,-5940,6,6307,293169550,2115,293169580,2115,-158,-3,-70,18,2484,-69,85,2481
37439611,7770,508964406,53976003,1290,-5940,7,6307,293169550,2115,293169590,2115,-158,-3,-51,-96,2408,-50,-31,2408
37449573,7771,508964412,53975961,1290,-5940,7,6307,293169550,2115,293169600,2115,-158,-2,-3,-37,2451,-1,30,2449
37460997,7771,508964418,53975920,1289,-5940,8,6307,293169550,2115,293169610,2115,-159,-1,-40,34,2357,-39,99,2353
37469806,7772,508964424,53975875,1288,-5940,8,6307,293169600,2115,293169620,2115,-160,-1,-75,59,2476,-74,127,2472
37479658,7772,508964430,53975834,1287,-5940,8,6307,293169600,2115,293169630,2115,-160,0,-34,54,2563,-32,125,2559
37489593,7773,508964435,53975792,1287,-5940,8,6307,293169600,2115,293169640,2115,-161,0,-4,-30,2511,-2,40,2509
37499913,7773,508964441,53975750,1287,-5939,8,6307,293169600,2115,293169650,2115,-162,1,-36,-81,2462,-33,-12,2461
37509886,7774,508964447,53975709,1285,-5939,10,6307,293169600,2115,293169660,2115,-162,2,-102,70,2348,-100,136,2343
37519731,7774,508964453,53975664,1284,-5938,10,6307,293169650,2115,293169670,2115,-163,2,-87,87,2396,-84,154,2390
37529648,7774,508964459,53975623,1284,-5938,11,6307,293169650,2115,293169680,2115,-164,3,-13,-120,2377,-9,-53,2378
37539605,7775,508964464,53975581,1284,-5938,12,6307,293169650,2115,293169690,2115,-165,4,-58,11,2407,-54,79,2404
37549579,7775,508964470,53975539,1282,-5938,13,6307,293169650,2115,293169700,2115,-166,5,-66,115,2393,-62,183,2387
37561002,7776,508964476,53975498,1281,-5938,14,6307,293169650,2115,293169710,2115,-168,6,-27,31,2398,-23,101,2395
37569737,7776,508964482,53975453,1281,-5937,14,6307,293169700,2115,293169720,2115,-169,6,-27,-73,2435,-22,-2,2434
37579669,7776,508964487,53975412,1281,-5937,15,6307,293169700,2115,293169730,2115,-170,7,-6,-26,2375,-1,44,2373
37589579,7777,508964493,53975370,1280,-5937,16,6307,293169700,2115,293169740,2115,-171,7,-88,61,2388,-83,132,2383
37599583,7777,508964499,53975328,1279,-5937,18,6307,293169700,2115,293169750,2115,-172,7,-82,6,2333,-77,75,2330
37609859,7778,508964505,53975287,1279,-5936,19,6307,293169700,2115,293169760,2115,-173,8,-69,-21,2372,-64,50,2370
37619712,7778,508964510,53975242,1278,-5936,20,6307,293169750,2115,293169770,2115,-175,8,-46,47,2377,-41,119,2373
37629644,7778,508964516,53975201,1277,-5936,21,6307,293169750,2115,293169780,2115,-176,8,-5,16,2391,0,89,2388
37639611,7779,508964522,53975159,1277,-5936,22,6307,293169750,2115,293169790,2115,-177,7,-5,-18,2390,0,55,2387
37649613,7779,508964527,53975117,1276,-5936,22,6307,293169750,2115,293169800,2115,-178,6,-6,-47,2378,-1,26,2376
37659873,7779,508964533,53975076,1276,-5936,23,6307,293169750,2115,293169810,2115,-179,6,-76,16,2404,-72,90,2400
37669717,7780,508964539,53975031,1275,-5936,24,6307,293169800,2115,293169820,2115,-180,5,-86,-5,2405,-82,70,2402
37679651,7780,508964545,53974990,1274,-5935,24,6307,293169800,2115,293169830,2115,-181,4,-93,-14,2449,-89,62,2447
37689602,7781,508964550,53974948,1274,-5935,24,6307,293169800,2115,293169840,2115,-182,3,-55,-16,2508,-51,63,2505
37699571,7781,508964556,53974906,1273,-5935,24,6307,293169800,2115,293169850,2115,-183,2,7,-32,2513,11,48,2511
37710951,7782,508964562,53974865,1273,-5935,24,6307,293169800,2115,293169860,2115,-183,1,-11,-7,2443,-8,70,2440
37719759,7782,508964568,53974820,1272,-5935,25,6307,293169850,2115,293169870,2115,-183,0,-56,-18,2485,-54,61,2482
37729698,7783,508964573,53974779,1272,-5934,25,6307,293169850,2115,293169880,2115,-183,-1,-106,-28,2493,-105,50,2491
37739572,7784,508964579,53974737,1270,-5933,24,6307,293169850,2115,293169890,2115,-183,-2,-108,47,2572,-108,128,2568
37749624,7784,508964585,53974695,1270,-5933,24,6307,293169850,2115,293169900,2115,-182,-3,-71,-40,2584,-71,42,2582
37759833,7785,508964590,53974654,1270,-5933,23,6307,293169850,2115,293169910,2115,-182,-4,-21,-87,2582,-20,-5,2582
37769720,7785,508964596,53974609,1269,-5933,23,6307,293169900,2115,293169920,2115,-182,-5,-36,24,2584,-37,105,2580
37779666,7786,508964602,53974568,1268,-5932,22,6307,293169900,2115,293169930,2115,-182,-7,-32,-7,2582,-33,74,2579
37789561,7787,508964607,53974526,1268,-5932,21,6307,293169900,2115,293169940,2115,-181,-7,-71,-40,2596,-72,41,2594
37799611,7787,508964613,53974485,1268,-5931,21,6307,293169900,2115,293169950,2115,-180,-8,-77,-60,2520,-78,18,2519
37809815,7788,508964619,53974443,1267,-5931,20,6307,293169900,2115,293169960,2115,-180,-8,-102,1,2590,-104,81,2587
37819735,7789,508964625,53974399,1266,-5930,20,6307,293169950,2115,293169970,2115,-179,-9,-70,-24,2602,-72,57,2600
37829652,7789,508964630,53974357,1266,-5930,18,6307,293169950,2115,293169980,2115,-179,-9,-9,-25,2704,-12,59,2701
37839577,7790,508964636,53974315,1266,-5930,17,6307,293169950,2115,293169990,2115,-178,-10,-14,-62,2658,-17,20,2657
37849675,7791,508964642,53974274,1265,-5930,16,6307,293169950,2115,293170000,2115,-178,-10,-56,16,2564,-58,95,2561
37860374,7791,508964647,53974232,1265,-5929,15,6307,293169950,2115,293170010,2115,-177,-10,-101,-65,2642,-103,16,2641
37869723,7792,508964653,53974188,1264,-5928,14,6307,293170000,2115,293170020,2115,-177,-9,-94,-46,2628,-96,34,2626
37879659,7793,508964659,53974146,1263,-5928,13,6307,293170000,2115,293170030,2115,-177,-9,-100,42,2642,-102,122,2637
37889575,7793,508964664,53974105,1263,-5928,12,6307,293170000,2115,293170040,2115,-176,-8,-13,-7,2650,-15,73,2647
37899576,7794,508964670,53974063,1262,-5928,11,6308,293170000,2115,293170050,2115,-176,-8,-29,27,2607,-30,106,2603
37909815,7795,508964676,53974022,1261,-5927,10,6308,293170000,2115,293170060,2115,-175,-7,-28,-53,2617,-29,27,2615
37920626,7795,508964681,53973977,1261,-5927,10,6308,293170050,2115,293170070,2115,-175,-6,-31,-22,2602,-32,57,2600
37929743,7796,508964687,53973936,1260,-5927,9,6308,293170050,2115,293170080,2115,-175,-5,-81,12,2525,-81,88,2522
37939578,7796,508964693,53973894,1259,-5926,10,6308,293170050,2115,293170090,2115,-174,-4,-92,-11,2446,-91,63,2443
37949699,7797,508964698,53973853,1258,-5926,10,6308,293170050,2115,293170100,2115,-174,-2,-83,61,2545,-82,137,2540
37959843,7797,508964704,53973811,1258,-5926,9,6308,293170050,2115,293170110,2115,-174,-1,-36,-18,2549,-34,59,2546
37969735,7798,508964710,53973767,1257,-5926,8,6308,293170100,2115,293170120,2115,-174,1,-13,-15,2598,-11,63,2596
37979979,7798,508964715,53973725,1257,-5925,8,6308,293170100,2115,293170130,2115,-174,2,-51,-40,2526,-49,35,2524
37989580,7799,508964721,53973684,1256,-5925,8,6308,293170100,2115,293170140,2115,-174,3,-17,23,2480,-14,97,2476
37999576,7799,508964726,53973642,1256,-5925,9,6308,293170100,2115,293170150,2115,-174,5,-75,-42,2378,-71,29,2377
38010700,7800,508964732,53973600,1255,-5924,10,6308,293170100,2115,293170160,2115,-174,6,-92,-33,2426,-87,40,2425
38019736,7800,508964738,53973556,1254,-5924,11,6308,293170150,2115,293170170,2115,-174,8,-77,58,2361,-72,129,2357
38029663,7801,508964743,53973515,1254,-5924,12,6308,293170150,2115,293170180,2115,-174,9,-18,-4,2458,-12,70,2455
38039581,7801,508964749,53973473,1253,-5924,12,6308,293170150,2115,293170190,2115,-174,10,10,23,2426,16,96,2422
38049579,7801,508964755,53973431,1252,-5924,13,6308,293170150,2115,293170200,2115,-174,11,-31,-24,2410,-25,49,2408
38059836,7802,508964760,53973390,1252,-5924,13,6308,293170150,2115,293170210,2115,-175,12,-51,-5,2462,-44,70,2460
38069728,7802,508964766,53973346,1251,-5924,14,6308,293170200,2115,293170220,2115,-175,12,-79,-8,2343,-72,63,2340
38079648,7802,508964772,53973304,1250,-5923,16,6308,293170200,2115,293170230,2115,-176,13,-106,71,2365,-98,143,2360
38089670,7803,508964777,53973262,1250,-5922,17,6308,293170200,2115,293170240,2115,-176,14,-90,-54,2363,-82,18,2362
38099567,7803,508964783,53973221,1249,-5922,17,6308,293170200,2115,293170250,2115,-176,15,-55,-24,2421,-47,49,2419
38110214,7803,508964788,53973179,1249,-5922,18,6308,293170200,2115,293170260,2115,-176,15,-21,-4,2356,-12,68,2354
38119729,7804,508964794,53973135,1248,-5922,20,6308,293170250,2115,293170270,2115,-177,16,-51,31,2362,-43,103,2359
38130113,7804,508964800,53973094,1248,-5922,21,6308,293170250,2115,293170280,2115,-177,16,-53,-67,2378,-44,6,2377
38139587,7804,508964805,53973052,1247,-5921,21,6308,293170250,2115,293170290,2115,-178,17,-76,-28,2409,-67,46,2407
38149574,7804,508964811,53973010,1246,-5921,22,6308,293170250,2115,293170300,2115,-178,17,-100,48,2436,-91,123,2432
38161022,7805,508964816,53972969,1246,-5920,23,6308,293170250,2115,293170310,2115,-179,17,-65,-67,2406,-56,7,2405
38169947,7805,508964822,53972925,1246,-5920,23,6308,293170300,2115,293170320,2115,-179,17,-62,-58,2426,-53,17,2425
38179655,7805,508964828,53972883,1244,-5920,24,6308,293170300,2115,293170330,2115,-179,17,-80,75,2345,-71,147,2340
38190020,7805,508964833,53972842,1244,-5920,25,6308,293170300,2115,293170340,2115,-179,17,-47,-35,2434,-38,40,2433
38199627,7805,508964839,53972800,1244,-5919,26,6308,293170300,2115,293170350,2115,-178,16,-45,-117,2427,-36,-42,2428
38209832,7805,508964844,53972759,1244,-5919,27,6308,293170300,2115,293170360,2115,-179,15,-56,-79,2350,-47,-6,2350
38220038,7806,508964850,53972714,1243,-5919,27,6308,293170350,2115,293170370,2115,-179,14,-85,44,2404,-77,118,2400
38229650,7806,508964856,53972673,1243,-5918,28,6308,293170350,2115,293170380,2115,-179,14,-79,-9,2377,-71,64,2375
38239626,7806,508964861,53972631,1243,-5918,28,6308,293170350,2115,293170390,2115,-179,13,-70,-95,2502,-62,-18,2502
38250250,7806,508964867,53972590,1243,-5917,29,6308,293170350,2115,293170400,2115,-179,11,-57,-123,2467,-49,-46,2468
38259850,7806,508964872,53972548,1242,-5917,29,6308,293170350,2115,293170410,2115,-178,10,-78,10,2477,-72,87,2474
38269720,7806,508964878,53972504,1242,-5916,29,6308,293170400,2115,293170420,2115,-178,9,-65,-44,2476,-58,32,2474
38279930,7806,508964883,53972462,1242,-5916,29,6308,293170400,2115,293170430,2115,-178,8,-98,-83,2517,-92,-6,2517
38289587,7807,508964889,53972421,1242,-5915,28,6308,293170400,2115,293170440,2115,-178,7,-97,-81,2534,-92,-3,2534
38299580,7807,508964895,53972379,1241,-5915,28,6308,293170400,2115,293170450,2115,-178,6,-57,-37,2571,-52,42,2569
38310042,7807,508964900,53972338,1240,-5914,28,6308,293170400,2115,293170460,2115,-178,5,-104,-6,2517,-100,71,2515
38319721,7807,508964906,53972294,1240,-5914,28,6308,293170450,2115,293170470,2115,-178,4,-86,-54,2480,-82,22,2478
38329868,7807,508964911,53972252,1240,-5913,28,6308,293170450,2115,293170480,2115,-179,4,-121,-95,2541,-117,-17,2541
38339912,7807,508964917,53972211,1240,-5912,27,6308,293170450,2115,293170490,2115,-179,3,-61,-105,2558,-57,-26,2558
38349576,7807,508964922,53972169,1240,-5912,27,6308,293170450,2115,293170500,2115,-179,2,-67,-20,2568,-64,60,2566
38359831,7807,508964928,53972128,1239,-5911,26,6308,293170450,2115,293170510,2115,-180,2,-90,-47,2569,-88,33,2567
38369793,7807,508964934,53972084,1239,-5910,25,6308,293170500,2115,293170520,2115,-180,1,-120,-81,2597,-117,-1,2596
38379669,7807,508964939,53972042,1239,-5910,25,6308,293170500,2115,293170530,2115,-180,1,-86,-41,2581,-84,39,2580
38389616,7807,508964945,53972001,1239,-5909,24,6308,293170500,2115,293170540,2115,-180,1,-78,-78,2591,-75,3,2591
38399803,7807,508964950,53971959,1238,-5908,24,6308,293170500,2115,293170550,2115,-180,0,-83,-76,2586,-80,4,2585
38410064,7807,508964956,53971918,1239,-5908,23,6308,293170500,2115,293170560,2115,-181,0,-74,-123,2535,-71,-44,2536
38419735,7807,508964961,53971874,1238,-5907,23,6308,293170550,2115,293170570,2115,-181,0,-92,-42,2545,-90,37,2543
38430178,7807,508964967,53971832,1238,-5906,23,6308,293170550,2115,293170580,2115,-181,0,-118,-67,2564,-116,13,2563
38439638,7807,508964973,53971791,1237,-5905,22,6308,293170550,2115,293170590,2115,-182,0,-119,-42,2648,-117,41,2646
38449605,7807,508964978,53971749,1237,-5905,21,6308,293170550,2115,293170600,2115,-182,0,-76,-39,2598,-74,43,2596
38459832,7807,508964984,53971708,1237,-5904,20,6308,293170550,2115,293170610,2115,-182,0,-63,-86,2633,-61,-3,2633
38469723,7807,508964989,53971664,1237,-5904,19,6308,293170600,2115,293170620,2115,-182,0,-65,-79,2564,-62,2,2564
38479656,7807,508964995,53971622,1237,-5903,18,6308,293170600,2115,293170630,2115,-182,0,-85,-141,2607,-82,-59,2609
38489674,7807,508965000,53971581,1236,-5902,18,6308,293170600,2115,293170640,2115,-182,0,-143,-28,2588,-141,53,2585
38499600,7807,508965006,53971540,1236,-5901,17,6308,293170600,2115,293170650,2115,-182,0,-108,-12,2612,-106,70,2610
38509832,7807,508965011,53971498,1236,-5901,16,6308,293170600,2115,293170660,2115,-182,0,-80,-107,2642,-78,-24,2642
38520238,7807,508965017,53971454,1235,-5900,15,6308,293170650,2115,293170670,2115,-183,0,-92,-37,2570,-89,44,2568
38529693,7807,508965023,53971413,1235,-5899,14,6308,293170650,2115,293170680,2115,-183,0,-79,-56,2619,-76,26,2617
38539583,7808,508965028,53971371,1235,-5899,14,6308,293170650,2115,293170690,2115,-183,0,-55,-108,2607,-53,-26,2608
38550414,7808,508965034,53971330,1235,-5898,12,6308,293170650,2115,293170700,2115,-183,0,-102,-106,2687,-100,-22,2687
38559850,7808,508965039,53971289,1235,-5898,11,6308,293170650,2115,293170710,2115,-183,0,-99,-75,2626,-96,7,2625
38570222,7808,508965045,53971244,1234,-5897,10,6308,293170700,2115,293170720,2115,-183,0,-117,-36,2637,-115,47,2635
38579738,7808,508965050,53971203,1233,-5896,9,6308,293170700,2115,293170730,2115,-183,0,-112,-34,2643,-110,50,2641
38589573,7809,508965056,53971162,1233,-5895,8,6308,293170700,2115,293170740,2115,-184,0,-74,-100,2611,-71,-18,2611
38599610,7809,508965061,53971120,1233,-5895,7,6308,293170700,2115,293170750,2115,-184,0,-75,-56,2661,-73,28,2659
38610853,7809,508965067,53971079,1233,-5894,6,6308,293170700,2115,293170760,2115,-184,-1,-62,-135,2617,-60,-52,2618
38619731,7809,508965072,53971035,1233,-5894,5,6308,293170750,2115,293170770,2115,-184,-1,-123,-7,2616,-121,76,2613
38630463,7809,508965078,53970994,1232,-5893,4,6308,293170750,2115,293170780,2115,-184,-1,-119,-73,2687,-117,12,2686
38640332,7809,508965083,53970952,1232,-5892,3,6308,293170750,2115,293170790,2115,-183,-1,-92,-87,2623,-90,-4,2622
38649886,7809,508965089,53970911,1232,-5891,2,6308,293170750,2115,293170800,2115,-183,-1,-95,-55,2599,-93,27,2598
38659849,7810,508965095,53970870,1232,-5891,1,6308,293170750,2115,293170810,2115,-183,-1,-94,-62,2598,-92,20,2597
38670230,7810,508965100,53970826,1232,-5890,0,6308,293170800,2115,293170820,2115,-182,-1,-100,-108,2598,-98,-26,2598
38679658,7810,508965106,53970784,1232,-5889,-1,6308,293170800,2115,293170830,2115,-182,-1,-44,-114,2633,-42,-31,2634
38689643,7810,508965111,53970743,1231,-5889,-1,6308,293170800,2115,293170840,2115,-182,-1,-109,-3,2553,-107,77,2549
38700442,7810,508965117,53970702,1231,-5888,-1,6308,293170800,2115,293170850,2115,-182,-1,-94,-81,2541,-92,-1,2541
38710091,7810,508965122,53970660,1231,-5887,-2,6308,293170800,2115,293170860,2115,-181,-1,-107,-98,2529,-105,-19,2529
38719741,7810,508965128,53970616,1231,-5887,-2,6308,293170850,2115,293170870,2115,-181,-1,-105,-121,2551,-103,-41,2552
38730109,7810,508965133,53970575,1230,-5886,-2,6308,293170850,2115,293170880,2115,-180,-1,-66,-18,2536,-64,61,2534
38739593,7811,508965139,53970534,1230,-5886,-2,6308,293170850,2115,293170890,2115,-180,-1,-87,-8,2456,-85,68,2454
38749600,7811,508965144,53970492,1230,-5885,-2,6308,293170850,2115,293170900,2115,-179,-1,-53,-147,2494,-50,-70,2496
38759853,7811,508965150,53970451,1230,-5884,-2,6308,293170850,2115,293170910,2115,-177,-1,-82,-95,2494,-80,-18,2494
38769764,7811,508965155,53970407,1230,-5883,-2,6308,293170900,2115,293170920,2115,-176,0,-136,-54,2513,-134,22,2512
38779657,7811,508965161,53970366,1229,-5883,-2,6308,293170900,2115,293170930,2115,-175,0,-92,-22,2495,-90,53,2492
38789608,7811,508965167,53970325,1229,-5882,-2,6308,293170900,2115,293170940,2115,-173,0,-101,-51,2480,-99,23,2478
38799616,7811,508965172,53970283,1229,-5881,-1,6308,293170900,2115,293170950,2115,-172,0,-69,-106,2419,-66,-34,2419
38811010,7811,508965178,53970242,1229,-5881,0,6308,293170900,2115,293170960,2115,-171,1,-96,-63,2401,-93,7,2400
38820859,7811,508965183,53970198,1228,-5880,1,6308,293170950,2115,293170970,2115,-169,1,-86,-14,2371,-83,55,2368
38829654,7811,508965189,53970157,1228,-5879,2,6308,293170950,2115,293170980,2115,-167,2,-85,-124,2364,-82,-56,2365
38839580,7811,508965194,53970116,1228,-5879,3,6308,293170950,2115,293170990,2115,-165,2,-96,-95,2441,-93,-25,2441
38849584,7811,508965200,53970074,1228,-5878,3,6308,293170950,2115,293171000,2115,-163,3,-96,-23,2472,-92,46,2470
38859861,7811,508965205,53970033,1228,-5878,3,6308,293170950,2115,293171010,2115,-161,3,-48,-94,2446,-45,-26,2446
38869735,7811,508965211,53969989,1228,-5877,4,6308,293171000,2115,293171020,2115,-159,3,-66,-77,2343,-63,-12,2343
38879658,7811,508965216,53969948,1228,-5876,6,6308,293171000,2115,293171030,2115,-158,3,-118,-81,2286,-114,-19,2286
38890331,7811,508965222,53969907,1228,-5876,7,6308,293171000,2115,293171040,2115,-156,4,-94,-121,2328,-90,-59,2328
38899584,7811,508965227,53969866,1229,-5875,8,6308,293171000,2115,293171050,2115,-154,4,-110,-163,2369,-106,-100,2371
38910926,7811,508965233,53969824,1228,-5874,9,6308,293171000,2115,293171060,2115,-153,3,-72,60,2404,-69,123,2399
38919794,7811,508965238,53969781,1228,-5874,10,6308,293171050,2115,293171070,2115,-151,3,-58,-88,2405,-54,-26,2405
38929676,7811,508965244,53969739,1228,-5873,10,6309,293171050,2115,293171080,2115,-149,2,-49,-130,2467,-45,-67,2467
38940184,7811,508965249,53969698,1228,-5873,11,6309,293171050,2115,293171090,2115,-148,1,-83,-55,2419,-80,7,2417
38949578,7811,508965255,53969657,1228,-5872,12,6309,293171050,2115,293171100,2115,-146,1,-100,-62,2343,-97,-3,2342
38959834,7811,508965260,53969616,1228,-5871,13,6309,293171050,2115,293171110,2115,-145,0,-133,-119,2367,-131,-60,2368
38970492,7811,508965266,53969572,1229,-5870,14,6309,293171100,2115,293171120,2115,-143,0,-133,-135,2416,-131,-76,2417
38979702,7811,508965271,53969531,1228,-5869,14,6309,293171100,2115,293171130,2115,-142,-1,-63,-30,2475,-62,30,2473
38989592,7811,508965277,53969490,1228,-5869,14,6309,293171100,2115,293171140,2115,-140,-2,-62,-34,2520,-61,27,2518
38999599,7811,508965282,53969448,1228,-5868,13,6309,293171100,2115,293171150,2115,-139,-3,-74,-97,2572,-74,-35,2572
39010956,7811,508965288,53969407,1228,-5868,13,6309,293171100,2115,293171160,2115,-138,-4,-94,-78,2522,-93,-18,2521
39019715,7811,508965293,53969363,1228,-5867,13,6309,293171150,2115,293171170,2115,-137,-6,-116,-93,2524,-116,-34,2523
39029650,7811,508965299,53969322,1228,-5865,13,6309,293171150,2115,293171180,2115,-136,-7,-143,-41,2496,-144,17,2494
39039577,7811,508965304,53969281,1228,-5864,13,6309,293171150,2115,293171190,2115,-135,-7,-124,-109,2492,-125,-52,2492
39050576,7811,508965310,53969240,1228,-5864,14,6309,293171150,2115,293171200,2115,-134,-8,-76,-33,2420,-77,23,2418
39059836,7811,508965316,53969199,1228,-5863,14,6309,293171150,2115,293171210,2115,-133,-9,-78,-83,2477,-80,-26,2476
39069734,7811,508965321,53969155,1227,-5863,13,6309,293171200,2115,293171220,2115,-133,-10,-86,-4,2590,-88,55,2588
39079691,7811,508965327,53969114,1227,-5862,13,6309,293171200,2115,293171230,2115,-132,-11,-85,-62,2579,-88,-3,2577
39090312,7811,508965332,53969073,1227,-5861,12,6309,293171200,2115,293171240,2115,-132,-11,-89,-108,2615,-92,-48,2615
39099579,7812,508965338,53969032,1227,-5860,12,6309,293171200,2115,293171250,2115,-132,-11,-94,-81,2545,-97,-23,2544
39109878,7812,508965343,53968990,1227,-5859,11,6309,293171200,2115,293171260,2115,-132,-11,-149,-11,2583,-152,47,2581
39119748,7812,508965349,53968947,1226,-5858,11,6309,293171250,2115,293171270,2115,-132,-11,-120,-21,2565,-123,37,2563
39130481,7812,508965354,53968906,1226,-5858,10,6309,293171250,2115,293171280,2115,-132,-11,-101,-62,2606,-104,-3,2605
39139587,7812,508965360,53968864,1226,-5857,9,6309,293171250,2115,293171290,2115,-132,-10,-98,4,2595,-101,63,2592
39149604,7812,508965365,53968823,1225,-5856,9,6309,293171250,2115,293171300,2115,-133,-10,-81,-25,2558,-83,33,2555
39159850,7812,508965371,53968782,1226,-5856,8,6309,293171250,2115,293171310,2115,-133,-9,-77,-157,2550,-78,-98,2551
39170048,7812,508965376,53968739,1226,-5855,8,6309,293171300,2115,293171320,2115,-133,-8,-81,-52,2505,-82,6,2503
39179655,7812,508965382,53968698,1225,-5854,8,6309,293171300,2115,293171330,2115,-134,-7,-129,54,2480,-130,111,2476
39189565,7812,508965387,53968656,1224,-5853,8,6309,293171300,2115,293171340,2115,-134,-6,-113,-14,2525,-114,45,2523
39199576,7812,508965393,53968615,1224,-5852,7,6309,293171300,2115,293171350,2115,-135,-5,-80,-100,2596,-80,-40,2595
39210763,7812,508965398,53968574,1224,-5852,7,6309,293171300,2115,293171360,2115,-136,-4,-101,-27,2531,-101,32,2529
39219728,7812,508965404,53968531,1223,-5851,7,6309,293171350,2115,293171370,2115,-136,-3,-79,-11,2477,-79,47,2475
39229646,7812,508965409,53968490,1223,-5851,7,6309,293171350,2115,293171380,2115,-137,-2,-89,-50,2516,-88,9,2514
39239639,7812,508965415,53968449,1223,-5850,7,6309,293171350,2115,293171390,2115,-137,-1,-69,-124,2493,-67,-65,2494
39249609,7812,508965420,53968407,1223,-5849,7,6309,293171350,2115,293171400,2115,-137,-1,-116,21,2492,-115,79,2489
39261066,7812,508965426,53968366,1222,-5849,7,6309,293171350,2115,293171410,2115,-138,0,-102,-21,2530,-100,39,2528
39269727,7812,508965431,53968323,1222,-5848,7,6309,293171400,2115,293171420,2115,-138,0,-88,-47,2541,-85,14,2540
39279659,7812,508965437,53968282,1222,-5848,7,6309,293171400,2115,293171430,2115,-138,1,-80,-68,2548,-78,-7,2547
39289583,7812,508965442,53968241,1222,-5847,6,6309,293171400,2115,293171440,2115,-139,1,-66,-90,2540,-63,-29,2540
39299612,7812,508965448,53968200,1222,-5846,6,6309,293171400,2115,293171450,2115,-139,1,-91,-82,2544,-89,-21,2544
39309810,7812,508965453,53968159,1222,-5846,6,6309,293171400,2115,293171460,2115,-139,1,-91,-77,2520,-88,-17,2520
39319767,7812,508965459,53968115,1221,-5845,6,6309,293171450,2115,293171470,2115,-139,1,-127,-6,2510,-125,53,2508
39329651,7812,508965464,53968074,1221,-5844,6,6309,293171450,2115,293171480,2115,-139,1,-133,-20,2508,-131,40,2506
39339598,7812,508965470,53968033,1221,-5843,5,6309,293171450,2115,293171490,2115,-139,0,-100,-97,2555,-98,-36,2555
39349602,7812,508965475,53967992,1220,-5842,5,6309,293171450,2115,293171500,2115,-139,0,-62,-38,2574,-60,24,2572
39360841,7812,508965481,53967951,1221,-5842,4,6309,293171450,2115,293171510,2115,-139,-1,-59,-94,2537,-57,-33,2536
39369772,7812,508965486,53967907,1220,-5842,4,6309,293171500,2115,293171520,2115,-139,-1,-83,-62,2595,-81,0,2594
39379682,7812,508965492,53967866,1220,-5841,3,6309,293171500,2115,293171530,2115,-139,-2,-109,-59,2539,-108,1,2537
39390376,7812,508965497,53967825,1220,-5840,2,6309,293171500,2115,293171540,2115,-138,-2,-154,-43,2620,-153,19,2618
39399608,7813,508965503,53967784,1219,-5839,2,6309,293171500,2115,293171550,2115,-138,-2,-139,-33,2551,-138,28,2550
39410946,7813,508965508,53967743,1219,-5838,1,6309,293171500,2115,293171560,2115,-138,-2,-126,-33,2633,-125,29,2631
39419731,7813,508965514,53967700,1219,-5837,0,6309,293171550,2115,293171570,2115,-137,-3,-91,-66,2604,-90,-5,2603
39429658,7813,508965519,53967659,1219,-5837,0,6309,293171550,2115,293171580,2115,-137,-3,-38,-20,2589,-37,41,2586
39439594,7813,508965525,53967618,1218,-5836,0,6309,293171550,2115,293171590,2115,-136,-3,-82,-24,2507,-81,34,2505
39449961,7813,508965530,53967577,1218,-5835,0,6309,293171550,2115,293171600,2115,-136,-4,-107,-101,2512,-106,-42,2512
39459869,7813,508965535,53967536,1218,-5834,-1,6309,293171550,2115,293171610,2115,-136,-4,-158,-43,2532,-158,16,2530
39469729,7813,508965541,53967492,1218,-5833,-1,6309,293171600,2115,293171620,2115,-136,-4,-147,-31,2506,-146,27,2504
39479664,7813,508965546,53967451,1218,-5832,-1,6309,293171600,2115,293171630,2115,-136,-5,-89,-93,2547,-89,-34,2546
39489584,7814,508965552,53967411,1217,-5832,-1,6309,293171600,2115,293171640,2115,-136,-5,-77,3,2491,-77,61,2488
39499573,7814,508965557,53967370,1217,-5831,-1,6309,293171600,2115,293171650,2115,-137,-5,-54,-11,2507,-54,48,2505
39509822,7814,508965563,53967329,1217,-5831,-1,6309,293171600,2115,293171660,2115,-137,-5,-95,-92,2519,-95,-33,2518
39519746,7814,508965568,53967285,1217,-5830,-2,6309,293171650,2115,293171670,2115,-137,-6,-115,-111,2579,-115,-50,2579
39529654,7814,508965574,53967244,1217,-5829,-2,6309,293171650,2115,293171680,2115,-137,-6,-133,-45,2551,-134,15,2550
39539587,7814,508965579,53967203,1216,-5828,-2,6309,293171650,2115,293171690,2115,-138,-7,-133,52,2484,-134,110,2480
39549574,7814,508965585,53967162,1215,-5827,-2,6309,293171650,2115,293171700,2115,-139,-7,-105,-71,2549,-106,-10,2548
39560672,7815,508965590,53967122,1215,-5827,-2,6309,293171650,2115,293171710,2115,-139,-8,-53,-57,2470,-54,3,2468
39569731,7815,508965596,53967078,1214,-5826,-1,6309,293171700,2115,293171720,2115,-139,-8,-108,33,2404,-110,90,2401
39579656,7815,508965601,53967037,1214,-5825,-1,6309,293171700,2115,293171730,2115,-139,-8,-118,-87,2455,-119,-28,2454
39589592,7815,508965607,53966996,1214,-5824,-1,6309,293171700,2115,293171740,2115,-139,-8,-108,-67,2479,-109,-8,2478
39599583,7815,508965612,53966956,1214,-5823,-1,6309,293171700,2115,293171750,2115,-139,-8,-121,1,2523,-122,61,2520
39609846,7815,508965617,53966915,1213,-5822,-1,6309,293171700,2115,293171760,2115,-140,-9,-109,-54,2540,-110,7,2538
39619719,7816,508965623,53966871,1213,-5822,-2,6309,293171750,2115,293171770,2115,-140,-9,-116,-3,2620,-118,60,2617
39629650,7816,508965628,53966830,1212,-5821,-3,6309,293171750,2115,293171780,2115,-140,-9,-121,6,2555,-123,68,2552
39639589,7816,508965634,53966789,1211,-5820,-3,6309,293171750,2115,293171790,2115,-140,-9,-144,-26,2587,-146,37,2585
39649578,7816,508965639,53966749,1212,-5819,-3,6309,293171750,2115,293171800,2115,-140,-9,-92,-133,2459,-93,-74,2460
39659971,7816,508965645,53966708,1211,-5818,-2,6309,293171750,2115,293171810,2115,-140,-9,-114,-14,2388,-115,43,2386
39669734,7817,508965650,53966664,1211,-5817,-1,6309,293171800,2115,293171820,2115,-140,-8,-126,-53,2378,-127,4,2377
39679661,7817,508965656,53966623,1211,-5816,0,6309,293171800,2115,293171830,2115,-140,-8,-127,-24,2437,-129,35,2435
39690130,7817,508965661,53966583,1210,-5816,-1,6309,293171800,2115,293171840,2115,-139,-8,-70,-49,2529,-71,12,2528
39699635,7817,508965667,53966542,1210,-5815,-1,6309,293171800,2115,293171850,2115,-139,-9,-78,-12,2541,-80,48,2538
39709688,7817,508965672,53966501,1210,-5814,-2,6309,293171800,2115,293171860,2115,-138,-9,-114,-53,2581,-116,8,2579
39719745,7818,508965677,53966458,1210,-5813,-1,6309,293171850,2115,293171870,2115,-138,-9,-114,-106,2491,-115,-47,2490
39729648,7818,508965683,53966417,1209,-5812,-1,6309,293171850,2115,293171880,2115,-137,-9,-149,21,2449,-151,78,2446
39739579,7818,508965688,53966377,1209,-5811,-1,6309,293171850,2115,293171890,2115,-137,-9,-107,-76,2458,-108,-18,2457
39749579,7818,508965694,53966336,1209,-5810,-1,6309,293171850,2115,293171900,2115,-137,-9,-121,-85,2508,-123,-26,2508
39759598,7818,508965699,53966295,1209,-5809,-1,6309,293171850,2115,293171910,2115,-137,-9,-119,-63,2565,-121,-3,2563
39770305,7819,508965705,53966254,1208,-5809,-1,6309,293171900,2115,293171920,2115,-136,-8,-81,26,2517,-82,85,2514
39779618,7819,508965710,53966213,1208,-5808,-1,6309,293171900,2115,293171930,2115,-136,-8,-119,-95,2501,-120,-36,2500
39789613,7819,508965716,53966173,1208,-5807,-1,6309,293171900,2115,293171940,2115,-136,-8,-91,-76,2500,-93,-17,2499
39799599,7819,508965721,53966132,1208,-5806,-1,6309,293171900,2115,293171950,2115,-136,-8,-121,-7,2456,-122,50,2454
39809613,7819,508965726,53966091,1207,-5805,-1,6309,293171900,2115,293171960,2115,-135,-7,-112,-65,2478,-112,-7,2477
39819658,7820,508965732,53966051,1208,-5804,0,6309,293171950,2115,293171970,2115,-136,-7,-152,-130,2452,-153,-73,2452
39829588,7820,508965737,53966010,1207,-5803,0,6309,293171950,2115,293171980,2115,-136,-6,-141,5,2417,-142,61,2414
39840357,7820,508965743,53965969,1206,-5802,1,6309,293171950,2115,293171990,2115,-136,-4,-118,0,2395,-118,56,2392
39849623,7820,508965748,53965928,1206,-5802,1,6309,293171950,2115,293172000,2115,-137,-3,-94,-54,2475,-93,4,2474
39859600,7820,508965754,53965888,1207,-5801,2,6309,293171950,2115,293172010,2115,-137,-2,-68,-129,2457,-66,-72,2457
39869627,7820,508965759,53965847,1206,-5801,2,6309,293172000,2115,293172020,2115,-137,0,-79,69,2435,-77,126,2431
39879607,7820,508965764,53965806,1205,-5800,3,6309,293172000,2115,293172030,2115,-137,1,-125,-58,2407,-122,-1,2406
39889626,7821,508965770,53965766,1205,-5799,4,6309,293172000,2115,293172040,2115,-138,3,-147,-92,2387,-143,-36,2387
39900415,7821,508965775,53965725,1205,-5798,5,6309,293172000,2115,293172050,2115,-139,4,-155,11,2354,-151,67,2351
39909621,7821,508965781,53965684,1204,-5797,7,6309,293172050,2115,293172060,2115,-139,6,-126,44,2312,-122,99,2309
39919585,7821,508965786,53965644,1204,-5796,8,6309,293172050,2115,293172070,2115,-139,7,-65,-74,2259,-60,-20,2258
39929811,7821,508965791,53965603,1204,-5796,10,6309,293172050,2115,293172080,2115,-140,9,-79,-81,2258,-73,-27,2258
39939694,7821,508965797,53965562,1203,-5795,12,6309,293172050,2115,293172090,2115,-140,10,-87,27,2259,-81,81,2256
39949586,7821,508965802,53965522,1203,-5795,14,6310,293172050,2115,293172100,2115,-140,12,-88,-21,2272,-82,33,2271
39959595,7821,508965808,53965481,1202,-5794,15,6310,293172050,2115,293172110,2115,-140,13,-135,-67,2357,-127,-10,2356
39970187,7821,508965813,53965440,1202,-5793,16,6310,293172100,2115,293172120,2115,-141,15,-116,-4,2385,-108,53,2383
39979588,7821,508965818,53965400,1201,-5792,19,6310,293172100,2115,293172130,2115,-141,16,-96,-13,2180,-88,40,2178
39989581,7820,508965824,53965359,1202,-5791,21,6310,293172100,2115,293172140,2115,-142,18,-163,-122,2221,-154,-68,2222
40000221,7820,508965829,53965319,1201,-5790,21,6310,293172100,2115,293172150,2115,-142,19,-176,-2,2466,-166,58,2464
40009609,7820,508965835,53965278,1201,-5790,22,6310,293172150,2115,293172160,2115,-143,20,-42,-1,2387,-32,58,2384
40019597,7820,508965840,53965237,1201,-5790,23,6310,293172150,2115,293172170,2115,-143,20,-5,-115,2356,6,-57,2356
40029813,7820,508965845,53965197,1200,-5789,25,6310,293172150,2115,293172180,2115,-142,21,-131,-16,2292,-121,40,2291
40039588,7820,508965851,53965156,1200,-5788,27,6310,293172150,2115,293172190,2115,-142,21,-152,-63,2240,-141,-9,2240
40049608,7820,508965856,53965115,1200,-5787,29,6310,293172150,2115,293172200,2115,-142,21,-146,-77,2266,-135,-22,2266
40059813,7820,508965862,53965075,1200,-5786,30,6310,293172150,2115,293172210,2115,-143,21,-142,-14,2353,-132,44,2352
40069610,7820,508965867,53965034,1200,-5785,31,6310,293172200,2115,293172220,2115,-143,21,-52,-70,2316,-41,-13,2315
40079581,7820,508965872,53964994,1200,-5785,33,6310,293172200,2115,293172230,2115,-143,21,-12,-107,2298,-1,-51,2299
40089886,7820,508965878,53964953,1201,-5785,33,6310,293172200,2115,293172240,2115,-143,20,-79,-149,2478,-68,-88,2479
40099618,7820,508965883,53964913,1200,-5784,33,6310,293172200,2115,293172250,2115,-144,18,-146,52,2510,-136,114,2506
40109631,7820,508965889,53964872,1198,-5783,33,6310,293172250,2115,293172260,2115,-144,17,-158,136,2575,-149,200,2569
40120089,7820,508965894,53964831,1199,-5781,34,6310,293172250,2115,293172270,2115,-144,17,-160,-206,2316,-150,-149,2320
40129584,7820,508965899,53964791,1199,-5780,34,6310,293172250,2115,293172280,2115,-145,16,-124,-141,2515,-115,-79,2516
40139569,7820,508965905,53964750,1198,-5779,34,6310,293172250,2115,293172290,2115,-145,15,-177,100,2547,-169,163,2542
40150240,7820,508965910,53964710,1198,-5779,33,6310,293172250,2115,293172300,2115,-146,13,-62,-129,2543,-54,-65,2544
40159616,7820,508965916,53964669,1198,-5779,32,6310,293172300,2115,293172310,2115,-146,12,10,-69,2612,17,-3,2611
40169586,7820,508965921,53964629,1198,-5778,31,6310,293172300,2115,293172320,2115,-146,10,-84,-29,2613,-77,36,2611
40180364,7820,508965926,53964588,1197,-5777,31,6310,293172300,2115,293172330,2115,-145,9,-182,-22,2525,-176,41,2523
40189575,7820,508965932,53964548,1196,-5775,31,6310,293172300,2115,293172340,2115,-146,7,-238,-4,2562,-233,60,2560
40199606,7820,508965937,53964507,1197,-5774,30,6310,293172300,2115,293172350,2115,-146,6,-190,-153,2605,-184,-88,2606
40209648,7820,508965942,53964467,1196,-5774,29,6310,293172350,2115,293172360,2115,-146,5,-46,5,2592,-41,70,2590
40219570,7820,508965948,53964426,1197,-5773,29,6310,293172350,2115,293172370,2115,-146,3,-51,-169,2574,-47,-104,2576
40229574,7820,508965953,53964386,1197,-5773,27,6310,293172350,2115,293172380,2115,-145,2,-73,-165,2737,-69,-96,2738
40239789,7820,508965959,53964345,1196,-5772,25,6310,293172350,2115,293172390,2115,-145,0,-104,88,2801,-102,157,2796
40249610,7820,508965964,53964305,1195,-5771,23,6310,293172350,2115,293172400,2115,-144,-1,-103,8,2640,-101,73,2637
40259640,7820,508965969,53964264,1196,-5769,24,6310,293172400,2115,293172410,2115,-144,-1,-294,-184,2409,-291,-125,2411
40269580,7820,508965975,53964224,1196,-5767,21,6310,293172400,2115,293172420,2115,-143,-2,-214,-158,2954,-212,-86,2955
40279610,7820,508965980,53964183,1196,-5766,19,6310,293172400,2115,293172430,2115,-143,-2,-94,-42,2773,-93,27,2771
40289588,7820,508965985,53964143,1196,-5767,17,6310,293172400,2115,293172440,2115,-142,-3,35,-66,2753,36,2,2752
40299592,7820,508965991,53964102,1195,-5767,14,6310,293172400,2115,293172450,2115,-142,-4,9,-33,2786,9,36,2784
40309673,7821,508965996,53964062,1196,-5766,13,6310,293172450,2115,293172460,2115,-141,-5,-114,-114,2701,-114,-49,2701
40319610,7821,508966002,53964021,1195,-5764,12,6310,293172450,2115,293172470,2115,-140,-5,-220,-52,2572,-220,9,2570
40329778,7821,508966007,53963981,1194,-5762,11,6310,293172450,2115,293172480,2115,-140,-5,-290,-10,2705,-290,54,2703
40339579,7821,508966012,53963941,1194,-5761,9,6310,293172450,2115,293172490,2115,-139,-5,-124,-100,2661,-124,-36,2661
40349579,7822,508966018,53963900,1195,-5761,9,6310,293172450,2115,293172500,2115,-139,-5,36,-91,2597,36,-28,2596
40359957,7822,508966023,53963860,1193,-5761,8,6310,293172450,2115,293172510,2115,-139,-5,-89,75,2632,-90,138,2627
40369618,7822,508966028,53963819,1193,-5760,6,6310,293172500,2115,293172520,2115,-138,-5,-96,-47,2744,-96,19,2742
40379584,7822,508966034,53963779,1194,-5760,3,6310,293172500,2115,293172530,2115,-138,-5,-46,-192,2835,-45,-124,2837
40390090,7823,508966039,53963739,1193,-5758,2,6310,293172500,2115,293172540,2115,-138,-4,-198,-13,2655,-198,49,2652
40399715,7823,508966045,53963698,1191,-5757,1,6310,293172500,2115,293172550,2115,-138,-3,-235,173,2589,-235,234,2582
40409653,7823,508966050,53963658,1192,-5755,0,6310,293172550,2115,293172560,2115,-138,-2,-196,-175,2681,-194,-111,2682
40420336,7824,508966055,53963617,1192,-5754,-1,6310,293172550,2115,293172570,2115,-138,-1,-75,-89,2623,-73,-27,2623
40429587,7824,508966061,53963577,1191,-5755,-2,6310,293172550,2115,293172580,2115,-138,-1,82,3,2608,84,65,2605
40439623,7824,508966066,53963537,1190,-5755,-3,6310,293172550,2115,293172590,2115,-138,0,8,54,2592,10,116,2588
40450214,7824,508966071,53963496,1190,-5754,-2,6310,293172550,2115,293172600,2115,-138,1,-158,-53,2436,-155,4,2434
40459625,7825,508966077,53963456,1190,-5752,-2,6310,293172600,2115,293172610,2115,-139,2,-257,-105,2446,-253,-48,2446
40469576,7825,508966082,53963416,1189,-5750,-1,6310,293172600,2115,293172620,2115,-139,4,-248,9,2441,-245,66,2438
40479653,7825,508966087,53963375,1189,-5750,0,6310,293172600,2115,293172630,2115,-140,5,-6,-45,2416,-2,14,2414
40489609,7826,508966093,53963335,1189,-5751,0,6310,293172600,2115,293172640,2115,-141,6,-13,-9,2447,-8,50,2444
40499634,7826,508966098,53963295,1188,-5750,0,6310,293172600,2115,293172650,2115,-142,8,-47,1,2448,-42,61,2445
40509734,7826,508966103,53963254,1187,-5750,-1,6310,293172650,2115,293172660,2115,-142,9,-34,12,2623,-28,77,2620
40519584,7826,508966109,53963214,1187,-5749,0,6310,293172650,2115,293172670,2115,-142,11,-155,0,2491,-148,60,2488
40529609,7826,508966114,53963174,1187,-5747,1,6310,293172650,2115,293172680,2115,-143,13,-265,-86,2288,-258,-30,2288
40539942,7826,508966119,53963133,1186,-5746,2,6310,293172650,2115,293172690,2115,-143,15,-208,-51,2397,-199,7,2396
40549584,7827,508966125,53963093,1185,-5745,3,6310,293172650,2115,293172700,2115,-144,17,-81,24,2358,-72,82,2355
40559617,7827,508966130,53963053,1185,-5746,4,6310,293172700,2115,293172710,2115,-144,18,41,-34,2351,51,25,2349
40569623,7827,508966135,53963012,1185,-5746,6,6310,293172700,2115,293172720,2115,-144,19,24,8,2339,34,66,2336
40579585,7827,508966141,53962972,1184,-5745,7,6310,293172700,2115,293172730,2115,-144,20,-87,-6,2319,-77,51,2317
40589575,7827,508966146,53962932,1184,-5744,9,6310,293172700,2115,293172740,2115,-144,21,-166,-25,2238,-155,30,2236
40600250,7827,508966151,53962892,1184,-5743,11,6310,293172700,2115,293172750,2115,-144,22,-188,-58,2259,-177,-2,2259
40609619,7827,508966157,53962851,1183,-5742,13,6310,293172750,2115,293172760,2115,-145,22,-140,-40,2200,-129,14,2199
40619590,7828,508966162,53962811,1183,-5742,16,6310,293172750,2115,293172770,2115,-145,22,9,8,2239,20,64,2236
40630372,7828,508966167,53962771,1183,-5742,17,6310,293172750,2115,293172780,2115,-145,22,-70,-70,2315,-59,-13,2315
40639592,7828,508966173,53962730,1183,-5742,18,6310,293172750,2115,293172790,2115,-145,21,-15,-48,2381,-4,11,2380
40649604,7828,508966178,53962690,1182,-5741,19,6310,293172750,2115,293172800,2115,-144,21,-96,-20,2421,-85,40,2419
40660360,7828,508966183,53962650,1182,-5741,20,6310,293172800,2115,293172810,2115,-144,20,-103,16,2356,-93,74,2353
40669587,7828,508966188,53962610,1181,-5739,22,6310,293172800,2115,293172820,2115,-144,20,-172,-73,2248,-162,-18,2248
40679607,7829,508966194,53962569,1181,-5738,23,6310,293172800,2115,293172830,2115,-143,19,-169,-61,2331,-159,-4,2331
40689605,7829,508966199,53962529,1181,-5738,24,6310,293172800,2115,293172840,2115,-143,18,-61,-51,2381,-51,8,2380
40699690,7829,508966204,53962489,1180,-5738,24,6310,293172800,2115,293172850,2115,-143,17,-27,65,2472,-18,126,2468
40709615,7829,508966210,53962449,1180,-5737,24,6310,293172850,2115,293172860,2115,-142,15,-48,-81,2478,-39,-20,2477
40720144,7829,508966215,53962408,1180,-5737,25,6310,293172850,2115,293172870,2115,-141,14,-94,-70,2478,-85,-10,2477
40729594,7829,508966220,53962368,1179,-5736,26,6310,293172850,2115,293172880,2115,-141,13,-152,-16,2378,-144,42,2376
40739600,7830,508966226,53962328,1179,-5735,26,6310,293172850,2115,293172890,2115,-140,11,-141,-48,2398,-134,10,2397
40749902,7830,508966231,53962288,1179,-5734,27,6310,293172850,2115,293172900,2115,-140,10,-139,-35,2430,-133,23,2429
40759627,7830,508966236,53962247,1178,-5734,27,6310,293172900,2115,293172910,2115,-139,8,-52,47,2458,-47,106,2454
40769600,7830,508966242,53962207,1178,-5733,27,6310,293172900,2115,293172920,2115,-139,6,-56,-108,2514,-51,-48,2514
40779888,7831,508966247,53962167,1178,-5733,28,6310,293172900,2115,293172930,2115,-138,5,-56,-77,2463,-52,-19,2462
40789576,7831,508966252,53962127,1178,-5732,28,6310,293172900,2115,293172940,2115,-137,3,-102,-11,2491,-98,47,2488
40799721,7831,508966257,53962087,1178,-5731,28,6310,293172900,2115,293172950,2115,-136,2,-103,-70,2507,-100,-12,2506
40809624,7831,508966263,53962046,1178,-5730,27,6310,293172950,2115,293172960,2115,-136,0,-143,-88,2544,-141,-29,2544
40819568,7832,508966268,53962006,1177,-5729,27,6310,293172950,2115,293172970,2115,-136,-1,-118,-12,2551,-117,48,2549
40829581,7832,508966273,53961966,1176,-5728,26,6310,293172950,2115,293172980,2115,-136,-3,-130,27,2595,-129,87,2592
40839633,7832,508966279,53961926,1176,-5728,25,6310,293172950,2115,293172990,2115,-136,-4,-84,-41,2629,-83,21,2627
40849584,7833,508966284,53961886,1176,-5727,25,6310,293172950,2115,293173000,2115,-136,-5,-88,-111,2588,-88,-51,2588
40859616,7833,508966289,53961845,1175,-5727,24,6310,293172950,2115,293173010,2115,-136,-6,-73,7,2635,-74,68,2632
40869618,7833,508966294,53961805,1175,-5726,23,6310,293173000,2115,293173020,2115,-136,-7,-96,-41,2579,-97,19,2577
40879586,7834,508966300,53961765,1175,-5725,22,6310,293173000,2115,293173030,2115,-136,-8,-117,-21,2575,-119,39,2573
40889598,7834,508966305,53961725,1174,-5724,22,6310,293173000,2115,293173040,2115,-137,-8,-137,-17,2548,-139,42,2546
40899615,7835,508966310,53961685,1173,-5723,21,6310,293173000,2115,293173050,2115,-137,-9,-138,26,2618,-140,87,2615
40909608,7835,508966316,53961645,1173,-5722,20,6310,293173000,2115,293173060,2115,-138,-9,-93,-37,2692,-95,27,2690
40919628,7835,508966321,53961605,1173,-5722,18,6310,293173050,2115,293173070,2115,-139,-9,-33,-46,2689,-35,18,2687
40929585,7836,508966326,53961564,1172,-5722,17,6310,293173050,2115,293173080,2115,-139,-9,-80,-42,2662,-82,22,2660
40939576,7836,508966331,53961524,1172,-5721,16,6310,293173050,2115,293173090,2115,-140,-9,-107,10,2632,-109,73,2629
40949585,7837,508966337,53961484,1171,-5720,15,6310,293173050,2115,293173100,2115,-141,-9,-150,-26,2661,-152,39,2658
40959610,7837,508966342,53961444,1170,-5719,14,6310,293173050,2115,293173110,2115,-143,-8,-129,28,2644,-131,92,2640
40969624,7838,508966347,53961404,1170,-5718,12,6311,293173100,2115,293173120,2115,-144,-8,-119,-15,2651,-121,50,2649
40979619,7838,508966352,53961364,1169,-5718,11,6311,293173100,2115,293173130,2115,-145,-7,-58,-1,2632,-59,65,2629
40989617,7838,508966358,53961324,1169,-5717,11,6311,293173100,2115,293173140,2115,-146,-6,-69,-22,2594,-70,43,2591
40999621,7839,508966363,53961284,1168,-5717,10,6311,293173100,2115,293173150,2115,-146,-5,-52,-12,2631,-52,55,2629
41009619,7839,508966368,53961243,1168,-5716,8,6311,293173100,2115,293173160,2115,-147,-4,-113,-52,2660,-112,15,2658
41019590,7840,508966373,53961203,1167,-5715,7,6311,293173150,2115,293173170,2115,-148,-3,-131,25,2628,-130,92,2625
41029603,7840,508966379,53961163,1166,-5714,6,6311,293173150,2115,293173180,2115,-148,-2,-124,5,2632,-123,72,2629
41039588,7841,508966384,53961123,1165,-5714,5,6311,293173150,2115,293173190,2115,-149,-1,-107,8,2637,-105,76,2634
41049585,7841,508966389,53961083,1165,-5713,5,6311,293173150,2115,293173200,2115,-150,0,-85,-29,2545,-82,36,2543
41059616,7842,508966394,53961043,1165,-5713,5,6311,293173200,2115,293173210,2115,-150,1,-45,-35,2573,-43,31,2571
41069578,7842,508966400,53961003,1164,-5712,4,6311,293173200,2115,293173220,2115,-151,2,-73,-8,2556,-70,58,2554
41079612,7843,508966405,53960963,1163,-5712,4,6311,293173200,2115,293173230,2115,-151,3,-96,38,2527,-93,104,2524
41089623,7844,508966410,53960923,1162,-5711,4,6311,293173200,2115,293173240,2115,-152,4,-106,30,2530,-102,96,2527
41099592,7844,508966415,53960883,1162,-5711,3,6311,293173200,2115,293173250,2115,-152,5,-96,-9,2539,-92,57,2537
41109601,7845,508966420,53960843,1161,-5710,3,6311,293173200,2115,293173260,2115,-152,6,-98,-9,2553,-94,58,2551
41119622,7845,508966426,53960803,1160,-5709,3,6311,293173250,2115,293173270,2115,-153,6,-81,-15,2534,-76,52,2532
41129610,7846,508966431,53960763,1160,-5709,2,6311,293173250,2115,293173280,2115,-153,7,-77,15,2568,-72,82,2565
41139649,7847,508966436,53960723,1159,-5709,2,6311,293173250,2115,293173290,2115,-153,7,-71,12,2527,-66,79,2524
41149594,7847,508966441,53960683,1158,-5708,2,6311,293173250,2115,293173300,2115,-154,8,-102,9,2496,-97,75,2493
41159609,7848,508966447,53960643,1158,-5707,2,6311,293173250,2115,293173310,2115,-154,9,-116,-24,2479,-110,41,2478
41170596,7848,508966452,53960602,1157,-5707,2,6311,293173300,2115,293173320,2115,-155,9,-111,-10,2506,-105,56,2503
41179589,7849,508966457,53960562,1156,-5706,2,6311,293173300,2115,293173330,2115,-155,10,-100,70,2502,-94,137,2498
41189595,7850,508966462,53960522,1155,-5706,2,6311,293173300,2115,293173340,2115,-156,10,-88,66,2510,-82,133,2506
41199612,7850,508966467,53960482,1154,-5705,2,6311,293173300,2115,293173350,2115,-156,10,-78,-7,2509,-72,60,2506
41209630,7851,508966472,53960442,1154,-5705,2,6311,293173300,2115,293173360,2115,-156,10,-46,-6,2487,-40,61,2484
41219638,7851,508966478,53960402,1153,-5704,3,6311,293173350,2115,293173370,2115,-156,10,-85,-32,2476,-79,34,2474
41229588,7852,508966483,53960362,1152,-5704,3,6311,293173350,2115,293173380,2115,-156,10,-101,62,2433,-95,127,2428
41239607,7853,508966488,53960322,1152,-5703,4,6311,293173350,2115,293173390,2115,-156,10,-130,-19,2425,-124,46,2423
41249614,7853,508966493,53960282,1150,-5703,4,6311,293173350,2115,293173400,2115,-156,10,-91,73,2476,-86,140,2472
41259603,7854,508966498,53960242,1150,-5702,5,6311,293173350,2115,293173410,2115,-156,10,-77,-29,2447,-71,37,2446
41269755,7854,508966504,53960202,1150,-5702,5,6311,293173400,2115,293173420,2115,-157,9,-65,-61,2466,-58,6,2465
41279664,7855,508966509,53960162,1149,-5701,5,6311,293173400,2115,293173430,2115,-156,9,-69,36,2430,-64,101,2426
41289587,7856,508966514,53960122,1148,-5701,6,6311,293173400,2115,293173440,2115,-156,9,-71,37,2464,-66,103,2461
41299579,7856,508966519,53960082,1148,-5700,6,6311,293173400,2115,293173450,2115,-156,9,-114,-27,2450,-109,39,2448
41309622,7857,508966524,53960042,1147,-5699,6,6311,293173400,2115,293173460,2115,-156,8,-137,-9,2482,-132,58,2480
41319731,7857,508966529,53960002,1146,-5699,6,6311,293173450,2115,293173470,2115,-156,8,-108,7,2497,-103,73,2494
41329682,7858,508966535,53959962,1145,-5698,7,6311,293173450,2115,293173480,2115,-156,8,-83,23,2442,-78,88,2439
41339602,7859,508966540,53959922,1145,-5698,7,6311,293173450,2115,293173490,2115,-156,7,-77,-35,2476,-72,31,2475
41349628,7859,508966545,53959882,1144,-5697,8,6311,293173450,2115,293173500,2115,-156,7,-43,11,2417,-38,76,2414
41359852,7860,508966550,53959843,1144,-5697,8,6311,293173450,2115,293173510,2115,-156,6,-79,-23,2411,-75,41,2409
41369737,7860,508966555,53959803,1143,-5696,9,6311,293173500,2115,293173520,2115,-156,6,-96,-18,2457,-92,48,2455
41379651,7861,508966560,53959763,1143,-5696,10,6311,293173500,2115,293173530,2115,-156,5,-104,20,2368,-100,84,2365
41389702,7861,508966565,53959723,1142,-5695,11,6311,293173500,2115,293173540,2115,-157,4,-105,33,2406,-102,98,2403
41399625,7862,508966570,53959683,1141,-5694,11,6311,293173500,2115,293173550,2115,-157,3,-85,-27,2446,-81,39,2444
41409648,7862,508966576,53959643,1141,-5694,11,6311,293173500,2115,293173560,2115,-158,2,-71,-11,2457,-68,56,2455
41419731,7863,508966581,53959603,1140,-5694,11,6311,293173550,2115,293173570,2115,-158,1,-57,16,2499,-54,84,2496
41429691,7864,508966586,53959563,1139,-5693,12,6311,293173550,2115,293173580,2115,-158,0,-60,-8,2493,-58,60,2490
41439610,7864,508966591,53959523,1139,-5692,12,6311,293173550,2115,293173590,2115,-158,0,-118,-40,2457,-116,26,2455
41449613,7864,508966596,53959483,1138,-5692,12,6311,293173550,2115,293173600,2115,-158,-1,-126,-22,2466,-125,45,2464
41459612,7865,508966601,53959443,1138,-5691,12,6311,293173550,2115,293173610,2115,-159,-2,-119,6,2539,-118,75,2536
41469744,7865,508966606,53959403,1136,-5690,12,6311,293173600,2115,293173620,2115,-159,-3,-109,65,2450,-109,132,2446
41479671,7866,508966611,53959363,1136,-5690,12,6311,293173600,2115,293173630,2115,-160,-4,-62,-26,2544,-61,44,2542
41489619,7866,508966617,53959323,1136,-5689,12,6311,293173600,2115,293173640,2115,-160,-5,-74,-27,2499,-74,41,2497
41499661,7866,508966622,53959283,1135,-5689,12,6311,293173600,2115,293173650,2115,-160,-5,-63,-52,2504,-63,17,2503
41509744,7867,508966627,53959244,1134,-5688,12,6311,293173600,2115,293173660,2115,-160,-6,-126,22,2528,-127,91,2524
41519758,7867,508966632,53959204,1133,-5687,12,6311,293173650,2115,293173670,2115,-161,-7,-118,41,2482,-119,109,2478
41529673,7868,508966637,53959164,1133,-5686,12,6311,293173650,2115,293173680,2115,-161,-7,-110,-16,2469,-111,52,2467
41539594,7868,508966642,53959124,1132,-5686,12,6311,293173650,2115,293173690,2115,-161,-8,-110,-27,2560,-111,44,2558
41549593,7868,508966647,53959084,1132,-5685,11,6311,293173650,2115,293173700,2115,-161,-8,-89,-57,2581,-90,14,2580
41559917,7869,508966652,53959044,1131,-5685,11,6311,293173650,2115,293173710,2115,-162,-9,-67,65,2600,-69,137,2595
41569783,7869,508966657,53959004,1131,-5684,10,6311,293173700,2115,293173720,2115,-162,-9,-38,-44,2576,-40,28,2575
41579667,7869,508966662,53958964,1130,-5684,9,6311,293173700,2115,293173730,2115,-162,-10,-110,-71,2565,-112,0,2564
41590850,7869,508966667,53958924,1130,-5683,10,6311,293173700,2115,293173740,2115,-162,-10,-144,15,2484,-146,84,2480
41599593,7870,508966673,53958885,1128,-5682,9,6311,293173700,2115,293173750,2115,-163,-10,-128,43,2551,-131,115,2547
41609849,7870,508966678,53958845,1128,-5681,9,6311,293173700,2115,293173760,2115,-163,-10,-102,-19,2587,-104,54,2585
41619735,7870,508966683,53958805,1128,-5681,8,6311,293173750,2115,293173770,2115,-164,-9,-60,-90,2561,-62,-18,2561
41629688,7870,508966688,53958765,1127,-5680,8,6311,293173750,2115,293173780,2115,-164,-9,-64,40,2549,-66,112,2545
41639673,7870,508966693,53958725,1126,-5680,8,6311,293173750,2115,293173790,2115,-164,-9,-72,-29,2529,-74,43,2527
41649643,7870,508966698,53958685,1126,-5679,7,6311,293173750,2115,293173800,2115,-164,-9,-104,-46,2585,-105,27,2583
41659836,7870,508966703,53958646,1126,-5678,6,6311,293173750,2115,293173810,2115,-165,-8,-115,-26,2601,-117,48,2598
41669763,7871,508966708,53958606,1125,-5677,6,6311,293173800,2115,293173820,2115,-165,-8,-125,-72,2579,-126,1,2578
41679684,7871,508966713,53958566,1125,-5676,5,6311,293173800,2115,293173830,2115,-166,-7,-118,-55,2516,-118,17,2515
41689676,7871,508966718,53958526,1124,-5675,5,6311,293173800,2115,293173840,2115,-166,-7,-111,-18,2577,-112,56,2574
41699592,7871,508966723,53958486,1123,-5675,5,6311,293173800,2115,293173850,2115,-167,-6,-78,57,2545,-79,130,2540
41709853,7871,508966728,53958446,1123,-5675,5,6311,293173800,2115,293173860,2115,-168,-6,-49,-105,2498,-49,-33,2499
41719748,7871,508966733,53958407,1123,-5674,4,6311,293173850,2115,293173870,2115,-168,-5,-78,-82,2590,-78,-7,2589
41729678,7871,508966738,53958367,1123,-5673,4,6311,293173850,2115,293173880,2115,-168,-4,-98,-13,2488,-98,59,2485
41739901,7871,508966743,53958327,1122,-5672,4,6311,293173850,2115,293173890,2115,-168,-4,-119,-49,2498,-119,23,2496
41749648,7871,508966748,53958287,1122,-5672,4,6311,293173850,2115,293173900,2115,-168,-3,-101,-94,2486,-100,-22,2485
41759874,7871,508966753,53958248,1122,-5671,4,6311,293173850,2115,293173910,2115,-169,-3,-118,-8,2486,-117,65,2483
41769779,7872,508966758,53958208,1121,-5670,4,6311,293173900,2115,293173920,2115,-170,-2,-88,-38,2551,-86,36,2549
41780060,7872,508966763,53958168,1122,-5670,3,6311,293173900,2115,293173930,2115,-170,-2,-33,-138,2563,-32,-62,2564
41789612,7872,508966769,53958128,1121,-5669,3,6311,293173900,2115,293173940,2115,-171,-2,-75,-42,2535,-73,32,2534
41799615,7872,508966774,53958088,1121,-5669,3,6311,293173900,2115,293173950,2115,-171,-1,-93,-38,2525,-92,37,2523
41809897,7872,508966779,53958049,1121,-5668,3,6311,293173900,2115,293173960,2115,-171,-1,-136,-57,2543,-134,18,2541
41819731,7872,508966784,53958009,1120,-5667,3,6311,293173950,2115,293173970,2115,-172,-1,-89,-64,2514,-87,11,2513
41829670,7872,508966789,53957969,1120,-5667,2,6311,293173950,2115,293173980,2115,-172,-1,-85,-42,2518,-83,33,2516
41839605,7872,508966794,53957929,1119,-5666,2,6311,293173950,2115,293173990,2115,-172,-1,-109,-25,2506,-107,49,2504
41849631,7872,508966799,53957890,1120,-5665,3,6311,293173950,2115,293174000,2115,-172,-1,-48,-121,2455,-46,-48,2456
41859858,7872,508966804,53957850,1120,-5665,3,6311,293173950,2115,293174010,2115,-172,-1,-91,-91,2537,-90,-16,2536
41869775,7872,508966809,53957810,1120,-5664,2,6311,293174000,2115,293174020,2115,-171,-2,-79,-120,2514,-77,-45,2515
41879673,7873,508966814,53957770,1119,-5663,2,6311,293174000,2115,293174030,2115,-171,-2,-114,13,2513,-113,87,2509
41889624,7873,508966819,53957731,1119,-5662,2,6311,293174000,2115,293174040,2115,-171,-2,-115,-37,2526,-114,37,2524
41899711,7873,508966824,53957691,1118,-5661,2,6311,293174000,2115,293174050,2115,-171,-2,-133,-88,2467,-132,-16,2467
41910018,7873,508966829,53957651,1118,-5661,2,6311,293174000,2115,293174060,2115,-170,-2,-98,-83,2540,-97,-8,2540
41919781,7873,508966834,53957612,1119,-5660,2,6311,293174050,2115,293174070,2115,-170,-2,-57,-140,2495,-55,-67,2496
41929929,7873,508966839,53957572,1119,-5660,2,6311,293174050,2115,293174080,2115,-169,-2,-66,-83,2532,-64,-9,2532
41939591,7873,508966844,53957532,1118,-5659,2,6311,293174050,2115,293174090,2115,-168,-2,-103,-57,2456,-101,14,2455
41949603,7873,508966849,53957492,1118,-5658,2,6311,293174050,2115,293174100,2115,-168,-2,-90,-54,2499,-89,18,2498
41960504,7873,508966854,53957453,1118,-5657,2,6311,293174050,2115,293174110,2115,-167,-2,-142,-82,2478,-141,-11,2478
41969755,7873,508966859,53957413,1118,-5656,3,6311,293174100,2115,293174120,2115,-166,-2,-109,-104,2479,-108,-33,2479
41979652,7873,508966864,53957373,1119,-5655,2,6311,293174100,2115,293174130,2115,-166,-2,-106,-139,2522,-105,-67,2523
41989963,7873,508966869,53957334,1119,-5655,3,6311,293174100,2115,293174140,2115,-165,-2,-65,-114,2474,-64,-44,2474
41999611,7873,508966874,53957294,1118,-5654,3,6312,293174100,2115,293174150,2115,-164,-2,-66,15,2465,-65,85,2461
42009867,7873,508966879,53957254,1118,-5654,3,6312,293174100,2115,293174160,2115,-163,-2,-96,-68,2469,-94,1,2468
42020469,7872,508966884,53957215,1119,-5653,3,6312,293174150,2115,293174170,2115,-162,-3,-79,-173,2524,-78,-102,2526
42029666,7872,508966889,53957175,1119,-5652,3,6312,293174150,2115,293174180,2115,-162,-3,-134,-119,2493,-133,-50,2493
42039622,7872,508966894,53957135,1118,-5651,3,6312,293174150,2115,293174190,2115,-161,-3,-101,-46,2456,-100,22,2455
42049644,7872,508966899,53957096,1118,-5650,4,6312,293174150,2115,293174200,2115,-161,-3,-94,-21,2487,-93,48,2485
42060489,7872,508966904,53957056,1119,-5650,4,6312,293174150,2115,293174210,2115,-161,-3,-65,-183,2461,-64,-114,2463
42069764,7872,508966909,53957017,1119,-5649,4,6312,293174200,2115,293174220,2115,-160,-4,-71,-84,2480,-71,-15,2480
42079691,7872,508966914,53956977,1118,-5648,4,6312,293174200,2115,293174230,2115,-160,-4,-99,-1,2469,-99,67,2467
42089629,7872,508966919,53956937,1118,-5648,4,6312,293174200,2115,293174240,2115,-160,-4,-88,-101,2519,-87,-31,2519
42099617,7872,508966924,53956898,1119,-5647,4,6312,293174200,2115,293174250,2115,-160,-5,-93,-138,2512,-92,-69,2513
42109896,7872,508966929,53956858,1118,-5646,4,6312,293174200,2115,293174260,2115,-160,-5,-104,-79,2524,-103,-9,2523
42119759,7871,508966935,53956818,1118,-5645,4,6312,293174250,2115,293174270,2115,-160,-5,-130,-43,2516,-130,26,2514
42129717,7871,508966940,53956779,1118,-5644,4,6312,293174250,2115,293174280,2115,-160,-5,-112,-65,2504,-113,4,2503
42140156,7871,508966945,53956739,1118,-5644,3,6312,293174250,2115,293174290,2115,-161,-6,-53,-94,2532,-53,-24,2532
42149596,7871,508966950,53956700,1118,-5643,4,6312,293174250,2115,293174300,2115,-161,-6,-59,-88,2480,-59,-20,2480
42161004,7870,508966955,53956660,1119,-5642,3,6312,293174250,2115,293174310,2115,-161,-6,-87,-115,2515,-87,-45,2516
42170524,7870,508966960,53956620,1119,-5642,3,6312,293174300,2115,293174320,2115,-162,-7,-110,-46,2508,-111,24,2506
42179656,7870,508966965,53956581,1118,-5641,3,6312,293174300,2115,293174330,2115,-163,-7,-97,-62,2464,-98,7,2463
42189620,7870,508966970,53956541,1118,-5640,3,6312,293174300,2115,293174340,2115,-164,-7,-130,-42,2497,-131,28,2495
42200333,7870,508966975,53956502,1118,-5640,3,6312,293174300,2115,293174350,2115,-165,-8,-83,-68,2499,-84,3,2498
42210136,7869,508966980,53956462,1118,-5639,3,6312,293174300,2115,293174360,2115,-165,-8,-60,-94,2536,-61,-21,2536
42219751,7869,508966985,53956422,1118,-5639,3,6312,293174350,2115,293174370,2115,-166,-9,-79,-93,2547,-80,-20,2547
42230204,7868,508966990,53956383,1118,-5638,3,6312,293174350,2115,293174380,2115,-168,-9,-101,-78,2500,-103,-6,2499
42239641,7868,508966995,53956343,1117,-5637,2,6312,293174350,2115,293174390,2115,-169,-9,-121,-15,2532,-123,59,2529
42249597,7868,508967000,53956304,1117,-5636,2,6312,293174350,2115,293174400,2115,-170,-10,-104,-138,2524,-106,-64,2525
42260528,7867,508967005,53956264,1117,-5635,2,6312,293174350,2115,293174410,2115,-171,-10,-113,-93,2575,-115,-17,2574
42269761,7867,508967010,53956225,1117,-5634,2,6312,293174400,2115,293174420,2115,-172,-11,-97,-35,2557,-100,41,2555
42279693,7867,508967015,53956185,1117,-5634,1,6312,293174400,2115,293174430,2115,-173,-11,-74,-85,2559,-76,-8,2559
42290420,7866,508967020,53956145,1117,-5633,1,6312,293174400,2115,293174440,2115,-174,-11,-80,-98,2498,-82,-23,2498
42299633,7866,508967025,53956106,1117,-5632,1,6312,293174400,2115,293174450,2115,-174,-12,-99,-109,2524,-102,-33,2525
42309890,7865,508967030,53956066,1117,-5631,1,6312,293174400,2115,293174460,2115,-175,-12,-120,-96,2506,-123,-21,2505
42320271,7865,508967035,53956027,1116,-5631,2,6312,293174450,2115,293174470,2115,-176,-12,-122,-96,2495,-125,-21,2495
42329674,7865,508967040,53955987,1116,-5629,2,6312,293174450,2115,293174480,2115,-177,-12,-130,-68,2530,-133,9,2528
42339579,7864,508967045,53955948,1116,-5629,1,6312,293174450,2115,293174490,2115,-177,-13,-101,-104,2608,-105,-24,2608
42349866,7864,508967050,53955908,1116,-5628,0,6312,293174450,2115,293174500,2115,-177,-13,-89,-120,2583,-92,-41,2584
42359892,7863,508967055,53955869,1116,-5627,-1,6312,293174450,2115,293174510,2115,-178,-13,-57,-116,2625,-60,-36,2625
42369736,7863,508967060,53955829,1115,-5627,-1,6312,293174500,2115,293174520,2115,-178,-13,-104,-152,2565,-107,-74,2566
42380254,7863,508967065,53955790,1116,-5626,-2,6312,293174500,2115,293174530,2115,-177,-13,-131,-114,2615,-135,-34,2615
42389594,7862,508967070,53955750,1116,-5624,-2,6312,293174500,2115,293174540,2115,-177,-13,-140,-117,2507,-143,-41,2507
42399636,7862,508967075,53955711,1116,-5623,-3,6312,293174500,2115,293174550,2115,-177,-13,-134,-103,2578,-137,-24,2578
42410416,7862,508967080,53955671,1116,-5622,-3,6312,293174500,2115,293174560,2115,-177,-13,-108,-136,2593,-111,-57,2594
42419738,7861,508967085,53955632,1115,-5622,-5,6312,293174550,2115,293174570,2115,-177,-14,-66,-117,2593,-70,-38,2594
42429673,7861,508967090,53955592,1116,-5621,-5,6312,293174550,2115,293174580,2115,-177,-14,-52,-155,2592,-56,-76,2594
42440205,7861,508967095,53955553,1116,-5620,-6,6312,293174550,2115,293174590,2115,-176,-15,-89,-171,2618,-93,-91,2620
42449631,7861,508967100,53955513,1116,-5619,-7,6312,293174550,2115,293174600,2115,-176,-15,-98,-115,2586,-102,-37,2586
42461002,7860,508967105,53955474,1116,-5618,-7,6312,293174550,2115,293174610,2115,-175,-16,-170,-103,2518,-175,-28,2518
42469898,7860,508967110,53955434,1117,-5617,-7,6312,293174600,2115,293174620,2115,-175,-16,-172,-156,2559,-177,-79,2560
42479686,7860,508967115,53955395,1117,-5616,-8,6312,293174600,2115,293174630,2115,-174,-16,-122,-114,2595,-127,-36,2595
42489607,7860,508967120,53955355,1117,-5615,-9,6312,293174600,2115,293174640,2115,-174,-16,-54,-145,2620,-58,-67,2621
42499630,7860,508967125,53955316,1118,-5615,-10,6312,293174600,2115,293174650,2115,-173,-16,-47,-147,2629,-52,-68,2630
42509903,7860,508967130,53955277,1118,-5614,-10,6312,293174600,2115,293174660,2115,-172,-17,-93,-132,2527,-98,-57,2527
42519769,7860,508967136,53955237,1119,-5612,-12,6312,293174650,2115,293174670,2115,-171,-17,-140,-97,2661,-145,-19,2661
42530034,7860,508967141,53955198,1119,-5611,-12,6312,293174650,2115,293174680,2115,-170,-17,-158,-134,2605,-163,-58,2606
42539609,7860,508967146,53955158,1119,-5610,-13,6312,293174650,2115,293174690,2115,-170,-17,-157,-114,2566,-162,-39,2566
42549629,7860,508967151,53955119,1118,-5609,-13,6312,293174650,2115,293174700,2115,-170,-17,-123,-55,2542,-128,19,2540
42560361,7860,508967156,53955079,1119,-5608,-13,6312,293174650,2115,293174710,2115,-169,-16,-66,-145,2532,-70,-71,2533
42569749,7860,508967161,53955040,1119,-5607,-14,6312,293174700,2115,293174720,2115,-169,-16,-101,-96,2560,-106,-21,2560
42579679,7859,508967166,53955000,1118,-5606,-14,6312,293174700,2115,293174730,2115,-169,-16,-91,-60,2544,-95,14,2542
42590696,7859,508967171,53954961,1119,-5605,-15,6312,293174700,2115,293174740,2115,-169,-15,-89,-127,2577,-93,-52,2578
42599633,7859,508967176,53954922,1119,-5604,-15,6312,293174700,2115,293174750,2115,-168,-15,-125,-172,2504,-128,-100,2506
42609874,7859,508967181,53954883,1119,-5603,-14,6312,293174700,2115,293174760,2115,-168,-14,-142,-63,2444,-146,7,2442
42620511,7859,508967186,53954843,1118,-5602,-15,6312,293174750,2115,293174770,2115,-168,-14,-157,-37,2522,-161,35,2520
42629688,7859,508967191,53954804,1119,-5601,-15,6312,293174750,2115,293174780,2115,-168,-14,-67,-195,2552,-70,-121,2555
42639646,7859,508967196,53954764,1120,-5600,-15,6312,293174750,2115,293174790,2115,-168,-13,-94,-134,2497,-97,-61,2498
42650488,7859,508967201,53954725,1119,-5599,-15,6312,293174750,2115,293174800,2115,-168,-13,-100,-54,2443,-104,16,2442
42660973,7858,508967206,53954686,1119,-5598,-15,6312,293174750,2115,293174810,2115,-168,-13,-102,-89,2502,-105,-17,2502
42669766,7858,508967211,53954646,1120,-5598,-15,6312,293174800,2115,293174820,2115,-167,-13,-90,-120,2492,-93,-48,2493
42679688,7858,508967216,53954607,1120,-5597,-15,6312,293174800,2115,293174830,2115,-167,-13,-115,-101,2424,-118,-31,2423
42689615,7858,508967221,53954568,1120,-5596,-14,6312,293174800,2115,293174840,2115,-168,-13,-123,-88,2464,-126,-17,2463
42699604,7858,508967226,53954528,1120,-5595,-14,6312,293174800,2115,293174850,2115,-168,-13,-106,-47,2449,-109,24,2448
42710856,7857,508967231,53954489,1119,-5594,-14,6312,293174800,2115,293174860,2115,-167,-13,-94,-74,2516,-97,-1,2515
42719745,7857,508967236,53954449,1120,-5594,-14,6312,293174850,2115,293174870,2115,-167,-14,-79,-142,2489,-83,-70,2490
42729701,7857,508967241,53954410,1121,-5593,-14,6312,293174850,2115,293174880,2115,-166,-14,-80,-117,2481,-83,-45,2482
42739626,7856,508967246,53954371,1122,-5592,-14,6312,293174850,2115,293174890,2115,-165,-15,-87,-212,2465,-91,-142,2468
42749605,7856,508967251,53954332,1121,-5591,-14,6312,293174850,2115,293174900,2115,-165,-16,-133,-24,2486,-137,46,2484
42760980,7856,508967256,53954293,1121,-5590,-14,6312,293174850,2115,293174910,2115,-165,-16,-126,-56,2497,-131,15,2495
42769751,7856,508967262,53954253,1121,-5590,-14,6312,293174900,2115,293174920,2115,-164,-17,-110,-115,2480,-115,-45,2480
42779685,7855,508967267,53954214,1121,-5589,-14,6312,293174900,2115,293174930,2115,-164,-18,-119,-120,2518,-124,-50,2518
42789609,7855,508967272,53954175,1121,-5588,-14,6312,293174900,2115,293174940,2115,-163,-18,-97,-119,2522,-103,-48,2523
42799647,7854,508967277,53954135,1122,-5587,-14,6312,293174900,2115,293174950,2115,-163,-19,-76,-109,2493,-82,-39,2493
42809837,7854,508967282,53954096,1122,-5586,-14,6312,293174900,2115,293174960,2115,-162,-20,-83,-100,2503,-89,-30,2503
42819737,7854,508967287,53954057,1121,-5585,-13,6312,293174950,2115,293174970,2115,-161,-21,-97,-162,2489,-103,-93,2490
42829691,7853,508967292,53954017,1121,-5584,-13,6312,293174950,2115,293174980,2115,-161,-21,-157,-84,2499,-164,-15,2498
42839616,7853,508967297,53953978,1121,-5583,-13,6312,293174950,2115,293174990,2115,-160,-22,-135,-91,2492,-142,-23,2491
42849610,7853,508967302,53953939,1121,-5582,-13,6312,293174950,2115,293175000,2115,-160,-23,-84,-139,2569,-92,-68,2569
42859850,7852,508967307,53953900,1122,-5581,-14,6312,293174950,2115,293175010,2115,-160,-23,-61,-146,2545,-69,-75,2546
42869764,7852,508967312,53953860,1123,-5580,-14,6312,293175000,2115,293175020,2115,-159,-24,-82,-125,2499,-90,-56,2499
42879666,7851,508967317,53953821,1123,-5579,-14,6312,293175000,2115,293175030,2115,-159,-25,-97,-132,2562,-105,-62,2563
42889611,7851,508967322,53953782,1124,-5578,-15,6312,293175000,2115,293175040,2115,-159,-25,-124,-128,2522,-133,-59,2522
42899622,7851,508967327,53953743,1123,-5577,-15,6312,293175000,2115,293175050,2115,-160,-26,-128,-48,2613,-137,24,2610
42909900,7850,508967332,53953704,1123,-5576,-16,6312,293175000,2115,293175060,2115,-160,-26,-95,-117,2559,-104,-46,2559
42920416,7850,508967337,53953664,1125,-5575,-16,6312,293175050,2115,293175070,2115,-161,-26,-120,-218,2556,-128,-147,2559
42929688,7849,508967342,53953625,1124,-5574,-17,6312,293175050,2115,293175080,2115,-161,-26,-96,-34,2593,-105,38,2591
42939610,7849,508967347,53953586,1124,-5573,-17,6312,293175050,2115,293175090,2115,-162,-27,-71,-68,2551,-80,3,2550
42950161,7848,508967352,53953547,1124,-5573,-18,6312,293175050,2115,293175100,2115,-162,-27,-87,-113,2589,-96,-40,2589
42959863,7848,508967357,53953508,1125,-5572,-18,6312,293175050,2115,293175110,2115,-163,-27,-105,-149,2544,-114,-78,2545
42969756,7847,508967363,53953468,1124,-5571,-18,6312,293175100,2115,293175120,2115,-163,-27,-135,-89,2531,-144,-18,2530
42980139,7847,508967368,53953429,1124,-5570,-18,6312,293175100,2115,293175130,2115,-164,-27,-143,-99,2492,-153,-29,2491
42989623,7847,508967373,53953390,1123,-5569,-19,6312,293175100,2115,293175140,2115,-165,-27,-81,-71,2536,-90,1,2535
42999637,7846,508967378,53953351,1123,-5568,-19,6312,293175100,2115,293175150,2115,-165,-27,-64,-94,2546,-73,-21,2546
43010531,7846,508967383,53953312,1124,-5568,-19,6312,293175100,2115,293175160,2115,-166,-27,-58,-148,2469,-67,-77,2470
43019752,7845,508967388,53953272,1124,-5567,-19,6313,293175150,2115,293175170,2115,-167,-27,-115,-119,2487,-124,-48,2487
43029667,7845,508967393,53953233,1124,-5566,-19,6313,293175150,2115,293175180,2115,-167,-27,-109,-47,2479,-118,24,2477
43039610,7844,508967398,53953194,1124,-5565,-18,6313,293175150,2115,293175190,2115,-168,-27,-130,-110,2481,-139,-38,2481
43049618,7844,508967403,53953155,1124,-5564,-18,6313,293175150,2115,293175200,2115,-169,-27,-98,-93,2501,-107,-20,2500
43059856,7843,508967408,53953116,1124,-5563,-18,6313,293175150,2115,293175210,2115,-169,-26,-101,-137,2449,-110,-66,2449
43069753,7843,508967413,53953077,1124,-5562,-18,6313,293175200,2115,293175220,2115,-170,-26,-116,-68,2534,-126,6,2532
43079685,7843,508967418,53953038,1124,-5561,-18,6313,293175200,2115,293175230,2115,-170,-26,-97,-87,2485,-106,-14,2484
43089655,7842,508967423,53952999,1125,-5560,-18,6313,293175200,2115,293175240,2115,-171,-25,-62,-152,2515,-71,-77,2516
43099610,7842,508967428,53952960,1125,-5560,-18,6313,293175200,2115,293175250,2115,-171,-25,-97,-96,2506,-106,-22,2506
43110994,7841,508967433,53952921,1124,-5559,-18,6313,293175200,2115,293175260,2115,-172,-25,-117,-94,2430,-125,-23,2430
43119761,7841,508967438,53952881,1125,-5557,-17,6313,293175250,2115,293175270,2115,-172,-24,-129,-104,2386,-137,-33,2386
43129697,7841,508967443,53952842,1125,-5556,-17,6313,293175250,2115,293175280,2115,-173,-23,-130,-124,2424,-138,-52,2424
43139626,7841,508967448,53952803,1125,-5555,-16,6313,293175250,2115,293175290,2115,-173,-23,-108,-108,2450,-116,-35,2450
43149628,7840,508967454,53952764,1125,-5554,-16,6313,293175250,2115,293175300,2115,-174,-22,-74,-62,2424,-81,11,2423
43159898,7840,508967459,53952725,1125,-5554,-15,6313,293175250,2115,293175310,2115,-174,-21,-55,-143,2423,-61,-70,2424
43169746,7840,508967464,53952685,1126,-5553,-14,6313,293175300,2115,293175320,2115,-175,-21,-96,-135,2381,-102,-63,2382
43179636,7840,508967469,53952646,1127,-5552,-13,6313,293175300,2115,293175330,2115,-175,-20,-113,-152,2427,-118,-78,2428
43189616,7839,508967474,53952608,1126,-5550,-13,6313,293175300,2115,293175340,2115,-176,-19,-145,-68,2442,-151,6,2440
43199638,7839,508967479,53952569,1126,-5549,-12,6313,293175300,2115,293175350,2115,-177,-19,-118,-72,2435,-123,2,2434
43209873,7839,508967484,53952530,1126,-5549,-12,6313,293175300,2115,293175360,2115,-178,-18,-90,-96,2453,-95,-21,2453
43219752,7839,508967489,53952490,1127,-5548,-11,6313,293175350,2115,293175370,2115,-179,-17,-83,-152,2443,-88,-77,2445
43229692,7839,508967494,53952451,1127,-5547,-11,6313,293175350,2115,293175380,2115,-179,-16,-80,-111,2403,-85,-37,2403
43239605,7839,508967499,53952412,1127,-5547,-10,6313,293175350,2115,293175390,2115,-180,-16,-93,-61,2447,-98,15,2446
43249617,7838,508967504,53952373,1127,-5546,-9,6313,293175350,2115,293175400,2115,-181,-15,-81,-136,2397,-84,-61,2399
43260977,7838,508967509,53952334,1127,-5545,-9,6313,293175350,2115,293175410,2115,-182,-15,-127,-110,2413,-131,-35,2413
43269756,7838,508967514,53952295,1128,-5544,-8,6313,293175400,2115,293175420,2115,-182,-14,-106,-121,2420,-109,-45,2420
43279671,7838,508967519,53952256,1128,-5543,-8,6313,293175400,2115,293175430,2115,-183,-14,-111,-38,2446,-115,39,2443
43289595,7838,508967525,53952217,1128,-5542,-7,6313,293175400,2115,293175440,2115,-183,-14,-84,-135,2416,-87,-58,2418
43299599,7838,508967530,53952178,1129,-5542,-7,6313,293175400,2115,293175450,2115,-184,-14,-75,-161,2471,-79,-83,2473
43309843,7838,508967535,53952139,1128,-5541,-6,6313,293175400,2115,293175460,2115,-184,-14,-62,-80,2426,-65,-3,2426
43319761,7838,508967540,53952100,1127,-5541,-6,6313,293175450,2115,293175470,2115,-184,-14,-111,-65,2419,-115,12,2418
43329667,7837,508967545,53952061,1127,-5540,-6,6313,293175450,2115,293175480,2115,-184,-14,-109,-87,2460,-113,-9,2460
43339650,7837,508967550,53952022,1128,-5539,-5,6313,293175450,2115,293175490,2115,-184,-14,-103,-178,2455,-106,-100,2458
43349649,7837,508967555,53951983,1128,-5538,-5,6313,293175450,2115,293175500,2115,-184,-15,-116,-109,2515,-120,-29,2515
43359868,7837,508967560,53951944,1128,-5537,-6,6313,293175450,2115,293175510,2115,-184,-15,-106,-67,2519,-111,13,2518
43369763,7837,508967565,53951905,1126,-5537,-5,6313,293175500,2115,293175520,2115,-184,-15,-91,-79,2512,-95,1,2511
43379676,7837,508967570,53951866,1127,-5536,-5,6313,293175500,2115,293175530,2115,-183,-16,-82,-155,2524,-86,-75,2526
43389964,7837,508967575,53951827,1127,-5535,-5,6313,293175500,2115,293175540,2115,-182,-16,-98,-117,2481,-103,-39,2482
43400781,7837,508967580,53951788,1127,-5534,-5,6313,293175500,2115,293175550,2115,-181,-16,-135,-166,2450,-139,-90,2452
43409874,7836,508967585,53951749,1127,-5533,-4,6313,293175500,2115,293175560,2115,-179,-15,-113,-94,2458,-117,-18,2458
43419743,7836,508967591,53951710,1127,-5532,-4,6313,293175550,2115,293175570,2115,-179,-15,-129,-145,2486,-133,-69,2488
43429663,7836,508967596,53951671,1126,-5531,-4,6313,293175550,2115,293175580,2115,-177,-15,-79,-33,2548,-84,44,2546
43439620,7836,508967601,53951632,1127,-5530,-4,6313,293175550,2115,293175590,2115,-176,-15,-75,-177,2539,-79,-100,2542
43449620,7836,508967606,53951593,1127,-5529,-5,6313,293175550,2115,293175600,2115,-175,-15,-99,-142,2541,-103,-65,2542
43459886,7836,508967611,53951555,1128,-5528,-4,6313,293175550,2115,293175610,2115,-173,-14,-105,-181,2458,-108,-107,2460
43469759,7836,508967616,53951515,1127,-5528,-3,6313,293175600,2115,293175620,2115,-172,-14,-124,-87,2496,-127,-14,2495
43479710,7836,508967621,53951476,1126,-5527,-3,6313,293175600,2115,293175630,2115,-171,-13,-127,-62,2465,-131,10,2464
43489637,7836,508967626,53951437,1127,-5526,-2,6313,293175600,2115,293175640,2115,-169,-12,-100,-144,2446,-102,-72,2447
43499610,7836,508967631,53951399,1127,-5525,-2,6313,293175600,2115,293175650,2115,-168,-11,-85,-119,2503,-87,-47,2504
43510003,7836,508967636,53951360,1127,-5525,-2,6313,293175600,2115,293175660,2115,-167,-10,-86,-88,2448,-88,-18,2448
43519772,7836,508967641,53951320,1128,-5524,-2,6313,293175650,2115,293175670,2115,-165,-10,-95,-105,2519,-97,-34,2519
43529695,7836,508967646,53951281,1128,-5523,-2,6313,293175650,2115,293175680,2115,-164,-9,-73,-119,2493,-74,-48,2493
43539644,7836,508967652,53951243,1128,-5522,-2,6313,293175650,2115,293175690,2115,-163,-8,-111,-148,2490,-112,-78,2491
43549598,7836,508967657,53951204,1128,-5521,-1,6313,293175650,2115,293175700,2115,-162,-8,-107,-87,2422,-108,-20,2421
43559897,7836,508967662,53951165,1128,-5520,0,6313,293175650,2115,293175710,2115,-161,-7,-140,-56,2385,-141,10,2384
43569767,7836,508967667,53951125,1128,-5519,0,6313,293175700,2115,293175720,2115,-160,-6,-112,-49,2452,-112,18,2451
43579674,7836,508967672,53951087,1128,-5518,1,6313,293175700,2115,293175730,2115,-159,-5,-62,-92,2406,-62,-26,2405
43589597,7836,508967677,53951048,1128,-5518,1,6313,293175700,2115,293175740,2115,-159,-4,-65,-104,2470,-64,-36,2470
43599646,7836,508967682,53951009,1128,-5517,2,6313,293175700,2115,293175750,2115,-158,-4,-77,-49,2408,-77,16,2406
43609870,7836,508967687,53950971,1128,-5517,3,6313,293175700,2115,293175760,2115,-157,-3,-71,-135,2399,-70,-71,2400
43620452,7836,508967692,53950931,1128,-5515,3,6313,293175750,2115,293175770,2115,-156,-2,-114,-30,2468,-113,36,2466
43629679,7836,508967697,53950892,1127,-5515,3,6313,293175750,2115,293175780,2115,-155,-2,-112,-56,2432,-110,9,2431
43639627,7836,508967702,53950853,1128,-5514,3,6313,293175750,2115,293175790,2115,-155,-1,-111,-112,2455,-109,-46,2456
43649630,7836,508967708,53950815,1127,-5513,4,6313,293175750,2115,293175800,2115,-154,0,-99,3,2425,-97,68,2423
43660055,7836,508967713,53950776,1127,-5513,5,6313,293175750,2115,293175810,2115,-154,0,-71,-84,2424,-68,-20,2424
43669740,7836,508967718,53950736,1128,-5512,4,6313,293175800,2115,293175820,2115,-154,1,-77,-117,2478,-74,-52,2479
43679670,7836,508967723,53950698,1128,-5511,5,6313,293175800,2115,293175830,2115,-153,1,-74,-62,2370,-72,1,2369
43690103,7836,508967728,53950659,1127,-5511,5,6313,293175800,2115,293175840,2115,-153,1,-73,-35,2445,-71,30,2443
43699629,7836,508967733,53950620,1127,-5510,6,6313,293175800,2115,293175850,2115,-152,2,-108,-81,2389,-105,-19,2389
43709845,7835,508967738,53950582,1127,-5509,7,6313,293175800,2115,293175860,2115,-152,2,-109,-75,2436,-106,-11,2435
43719753,7835,508967743,53950542,1127,-5509,6,6313,293175850,2115,293175870,2115,-151,2,-93,-49,2490,-90,16,2489
43729667,7835,508967748,53950503,1128,-5508,7,6313,293175850,2115,293175880,2115,-151,1,-68,-112,2439,-65,-49,2440
43739915,7835,508967753,53950465,1127,-5507,8,6313,293175850,2115,293175890,2115,-151,1,-107,-13,2405,-104,50,2403
43749607,7835,508967758,53950426,1127,-5507,8,6313,293175850,2115,293175900,2115,-151,1,-75,-109,2458,-72,-45,2458
43759860,7835,508967763,53950387,1128,-5506,8,6313,293175850,2115,293175910,2115,-151,0,-88,-133,2495,-86,-68,2496
43769762,7835,508967769,53950348,1129,-5506,8,6313,293175900,2115,293175920,2115,-151,0,-68,-63,2479,-66,2,2478
43779676,7835,508967774,53950309,1128,-5505,9,6313,293175900,2115,293175930,2115,-151,-1,-82,-27,2447,-81,36,2445
43789621,7835,508967779,53950270,1128,-5504,8,6313,293175900,2115,293175940,2115,-151,-1,-124,-62,2511,-123,3,2509
43799596,7835,508967784,53950232,1128,-5504,9,6313,293175900,2115,293175950,2115,-151,-2,-109,-56,2449,-107,8,2448
43809902,7835,508967789,53950193,1127,-5503,8,6313,293175900,2115,293175960,2115,-151,-3,-107,-51,2553,-106,16,2551
43819768,7834,508967794,53950153,1128,-5503,9,6313,293175950,2115,293175970,2115,-151,-4,-67,-115,2509,-66,-50,2509
43829668,7834,508967799,53950115,1128,-5502,8,6313,293175950,2115,293175980,2115,-151,-5,-64,-94,2517,-63,-28,2516
43839631,7834,508967804,53950076,1128,-5501,8,6313,293175950,2115,293175990,2115,-151,-6,-84,-73,2549,-84,-6,2549
43849640,7834,508967809,53950038,1128,-5501,8,6313,293175950,2115,293176000,2115,-151,-7,-111,-41,2469,-111,23,2467
43859883,7834,508967814,53949999,1127,-5500,8,6313,293175950,2115,293176010,2115,-151,-7,-124,-53,2547,-125,13,2545
43869752,7834,508967819,53949959,1127,-5499,7,6313,293176000,2115,293176020,2115,-151,-8,-96,-114,2627,-98,-46,2627
43879704,7834,508967824,53949921,1127,-5498,7,6313,293176000,2115,293176030,2115,-151,-9,-85,-75,2566,-87,-9,2565
43889639,7834,508967829,53949882,1127,-5498,6,6313,293176000,2115,293176040,2115,-150,-10,-93,-62,2560,-96,4,2559
43899625,7833,508967835,53949843,1127,-5497,6,6313,293176000,2115,293176050,2115,-150,-11,-78,-104,2530,-80,-39,2530
43909850,7833,508967840,53949805,1127,-5496,6,6313,293176000,2115,293176060,2115,-149,-11,-122,-51,2581,-125,16,2579
43919748,7833,508967845,53949765,1127,-5495,6,6313,293176050,2115,293176070,2115,-149,-12,-62,-90,2561,-65,-24,2561
43929688,7833,508967850,53949726,1127,-5494,6,6313,293176050,2115,293176080,2115,-149,-12,-115,-98,2586,-118,-32,2586
43939604,7833,508967855,53949688,1127,-5493,5,6313,293176050,2115,293176090,2115,-148,-13,-117,-78,2582,-120,-12,2581
43949613,7833,508967860,53949649,1126,-5493,4,6313,293176050,2115,293176100,2115,-148,-13,-109,-65,2620,-113,2,2619
43959855,7833,508967865,53949611,1126,-5492,3,6313,293176050,2115,293176110,2115,-147,-13,-75,-37,2639,-79,30,2637
43969783,7833,508967870,53949571,1125,-5491,2,6313,293176100,2115,293176120,2115,-147,-13,-67,-89,2564,-71,-24,2564
43979890,7833,508967875,53949533,1126,-5490,2,6313,293176100,2115,293176130,2115,-146,-13,-106,-143,2537,-110,-80,2537
43990428,7832,508967880,53949494,1126,-5489,1,6313,293176100,2115,293176140,2115,-145,-13,-112,-71,2592,-116,-6,2591
43999589,7832,508967885,53949456,1125,-5488,1,6313,293176100,2115,293176150,2115,-144,-13,-116,-26,2525,-119,37,2523
44010260,7832,508967890,53949417,1125,-5487,0,6313,293176100,2115,293176160,2115,-143,-13,-57,-61,2571,-61,2,2570
44019747,7832,508967895,53949377,1125,-5486,0,6313,293176150,2115,293176170,2115,-143,-13,-86,-149,2517,-88,-88,2518
44029688,7832,508967900,53949339,1125,-5485,0,6313,293176150,2115,293176180,2115,-142,-12,-87,-71,2555,-91,-9,2554
44040266,7832,508967905,53949300,1124,-5484,0,6313,293176150,2115,293176190,2115,-141,-12,-105,-60,2472,-108,0,2471
44049612,7832,508967910,53949262,1125,-5484,0,6314,293176150,2115,293176200,2115,-140,-12,-80,-88,2554,-82,-27,2554
44059921,7832,508967916,53949223,1125,-5483,-1,6314,293176150,2115,293176210,2115,-139,-11,-86,-106,2545,-88,-45,2545
44070252,7832,508967921,53949183,1125,-5482,0,6314,293176200,2115,293176220,2115,-138,-11,-82,-70,2497,-84,-10,2496
44079680,7832,508967926,53949145,1124,-5481,0,6314,293176200,2115,293176230,2115,-137,-10,-86,-24,2464,-88,34,2462
44089610,7832,508967931,53949107,1125,-5480,0,6314,293176200,2115,293176240,2115,-136,-9,-119,-142,2498,-120,-84,2499
44099637,7832,508967936,53949068,1125,-5480,0,6314,293176200,2115,293176250,2115,-135,-8,-83,-65,2531,-84,-6,2530
44109888,7832,508967941,53949030,1124,-5479,0,6314,293176200,2115,293176260,2115,-134,-7,-96,-18,2521,-97,40,2519
44119769,7832,508967946,53948990,1125,-5479,0,6314,293176250,2115,293176270,2115,-133,-6,-70,-124,2497,-70,-66,2497
44130022,7832,508967951,53948951,1125,-5478,0,6314,293176250,2115,293176280,2115,-132,-6,-79,-59,2524,-79,-2,2523
44139649,7832,508967956,53948913,1125,-5478,1,6314,293176250,2115,293176290,2115,-131,-5,-89,-136,2402,-88,-82,2402
44149612,7832,508967961,53948874,1125,-5477,1,6314,293176250,2115,293176300,2115,-129,-4,-113,-18,2431,-113,36,2429
44159967,7832,508967966,53948836,1124,-5476,2,6314,293176250,2115,293176310,2115,-128,-3,-101,-10,2399,-100,43,2397
44169752,7832,508967971,53948796,1125,-5476,2,6314,293176300,2115,293176320,2115,-127,-1,-95,-95,2397,-93,-43,2397
44179694,7832,508967976,53948758,1125,-5475,3,6314,293176300,2115,293176330,2115,-126,0,-81,-124,2411,-78,-72,2412
44190454,7832,508967981,53948719,1125,-5474,4,6314,293176300,2115,293176340,2115,-126,1,-76,-66,2387,-73,-15,2386
44199626,7832,508967986,53948681,1125,-5474,4,6314,293176300,2115,293176350,2115,-125,2,-55,-31,2435,-53,22,2433
44211030,7832,508967991,53948643,1125,-5473,5,6314,293176300,2115,293176360,2115,-124,3,-65,-84,2431,-61,-32,2431
44220498,7832,508967996,53948603,1124,-5473,5,6314,293176350,2115,293176370,2115,-123,4,-94,-52,2427,-90,-1,2426
44229697,7832,508968001,53948564,1124,-5472,6,6314,293176350,2115,293176380,2115,-123,4,-123,-25,2416,-119,26,2414
44239614,7833,508968007,53948526,1124,-5471,7,6314,293176350,2115,293176390,2115,-122,5,-110,-82,2384,-106,-32,2384
44249767,7833,508968012,53948488,1124,-5470,8,6314,293176350,2115,293176400,2115,-121,6,-78,-39,2387,-74,11,2386
44259915,7833,508968017,53948449,1123,-5470,9,6314,293176350,2115,293176410,2115,-121,6,-83,2,2365,-78,51,2362
44269760,7833,508968022,53948409,1124,-5471,10,6314,293176400,2115,293176420,2115,-120,7,-33,-51,2403,-28,-1,2402
44279684,7833,508968027,53948371,1124,-5470,11,6314,293176400,2115,293176430,2115,-119,7,-60,-75,2355,-54,-26,2355
44289799,7834,508968032,53948332,1124,-5470,12,6314,293176400,2115,293176440,2115,-118,7,-91,-37,2393,-86,12,2392
44299646,7834,508968037,53948294,1123,-5469,12,6314,293176400,2115,293176450,2115,-118,7,-120,-14,2400,-115,34,2398
44310010,7834,508968042,53948256,1123,-5468,13,6314,293176400,2115,293176460,2115,-117,6,-114,-65,2436,-109,-16,2435
44319752,7834,508968047,53948216,1122,-5468,13,6314,293176450,2115,293176470,2115,-116,6,-88,4,2436,-84,52,2434
44329683,7835,508968052,53948177,1122,-5468,13,6314,293176450,2115,293176480,2115,-115,6,-83,-13,2413,-78,34,2411
44339759,7835,508968057,53948139,1122,-5467,14,6314,293176450,2115,293176490,2115,-114,5,-84,-62,2430,-79,-15,2429
44349629,7835,508968062,53948101,1122,-5466,14,6314,293176450,2115,293176500,2115,-113,5,-79,-28,2478,-75,20,2476
44359841,7835,508968067,53948062,1121,-5466,15,6314,293176450,2115,293176510,2115,-112,4,-78,-27,2423,-74,19,2421
44370153,7836,508968072,53948022,1121,-5465,15,6314,293176500,2115,293176520,2115,-111,4,-104,-34,2463,-100,12,2461
44379692,7836,508968077,53947984,1121,-5464,16,6314,293176500,2115,293176530,2115,-110,3,-93,-52,2471,-89,-6,2470
44389972,7836,508968082,53947946,1120,-5464,16,6314,293176500,2115,293176540,2115,-109,3,-126,6,2427,-123,51,2424
44400140,7837,508968087,53947907,1120,-5463,16,6314,293176500,2115,293176550,2115,-108,2,-84,-83,2518,-81,-36,2518
44409859,7837,508968092,53947869,1120,-5462,16,6314,293176500,2115,293176560,2115,-107,1,-94,-13,2523,-91,33,2521
44419757,7837,508968097,53947829,1119,-5462,16,6314,293176550,2115,293176570,2115,-106,1,-68,17,2552,-66,63,2549
44429835,7838,508968102,53947790,1119,-5461,16,6314,293176550,2115,293176580,2115,-105,0,-93,-41,2522,-90,5,2520
44439637,7838,508968107,53947752,1119,-5460,16,6314,293176550,2115,293176590,2115,-104,-1,-94,-54,2548,-92,-9,2546
44449615,7838,508968112,53947714,1119,-5460,16,6314,293176550,2115,293176600,2115,-103,-2,-108,6,2500,-107,50,2497
44460839,7839,508968117,53947676,1118,-5459,16,6314,293176550,2115,293176610,2115,-102,-2,-112,-18,2485,-111,25,2483
44469755,7839,508968122,53947636,1118,-5458,16,6314,293176600,2115,293176620,2115,-101,-3,-117,-9,2508,-116,34,2506
44479680,7839,508968127,53947597,1118,-5457,16,6314,293176600,2115,293176630,2115,-100,-3,-91,-31,2541,-91,12,2540
44490043,7839,508968132,53947559,1118,-5457,15,6314,293176600,2115,293176640,2115,-99,-4,-84,-23,2587,-84,21,2585
44499608,7840,508968137,53947521,1117,-5456,14,6314,293176600,2115,293176650,2115,-98,-5,-63,-18,2615,-63,25,2613
44509854,7840,508968142,53947482,1117,-5455,14,6314,293176600,2115,293176660,2115,-97,-6,-87,-75,2577,-87,-33,2576
44520012,7840,508968147,53947442,1117,-5454,13,6314,293176650,2115,293176670,2115,-96,-6,-88,9,2630,-89,52,2628
44529693,7840,508968152,53947404,1117,-5453,13,6314,293176650,2115,293176680,2115,-95,-7,-140,-46,2562,-141,-5,2561
44539604,7841,508968157,53947366,1116,-5452,12,6314,293176650,2115,293176690,2115,-94,-7,-133,35,2565,-134,76,2562
44550314,7841,508968162,53947328,1116,-5451,12,6314,293176650,2115,293176700,2115,-94,-8,-115,-50,2538,-116,-10,2536
44561010,7841,508968167,53947289,1115,-5451,12,6314,293176650,2115,293176710,2115,-93,-8,-93,-6,2562,-95,35,2560
44569762,7841,508968172,53947249,1115,-5450,11,6314,293176700,2115,293176720,2115,-92,-8,-46,-44,2569,-47,-3,2568
44580283,7842,508968177,53947211,1115,-5449,10,6314,293176700,2115,293176730,2115,-92,-9,-55,-58,2612,-57,-16,2611
44590140,7842,508968182,53947173,1115,-5448,9,6314,293176700,2115,293176740,2115,-91,-9,-94,-16,2610,-96,25,2608
44599609,7842,508968187,53947134,1114,-5447,9,6314,293176700,2115,293176750,2115,-91,-9,-127,17,2586,-130,57,2583
44610573,7842,508968192,53947096,1114,-5446,7,6314,293176700,2115,293176760,2115,-91,-9,-139,-21,2686,-142,20,2683
44619739,7843,508968197,53947056,1113,-5445,6,6314,293176750,2115,293176770,2115,-90,-9,-136,-20,2616,-138,20,2614
44629672,7843,508968202,53947018,1113,-5444,6,6314,293176750,2115,293176780,2115,-90,-9,-115,1,2583,-117,40,2581
44639624,7843,508968207,53946980,1112,-5443,5,6314,293176750,2115,293176790,2115,-89,-9,-70,-16,2591,-72,23,2589
44649624,7843,508968212,53946942,1112,-5443,5,6314,293176750,2115,293176800,2115,-88,-8,-75,-26,2506,-77,11,2504
44659906,7843,508968217,53946903,1111,-5442,4,6314,293176750,2115,293176810,2115,-88,-8,-82,26,2596,-83,65,2593
44670777,7843,508968222,53946863,1111,-5442,4,6314,293176800,2115,293176820,2115,-87,-7,-103,3,2596,-105,41,2594
44679694,7843,508968227,53946825,1111,-5441,3,6314,293176800,2115,293176830,2115,-86,-7,-107,-63,2607,-108,-25,2606
44690169,7844,508968232,53946787,1110,-5440,2,6314,293176800,2115,293176840,2115,-85,-6,-105,-12,2556,-106,25,2554
44700929,7844,508968237,53946749,1110,-5439,2,6314,293176800,2115,293176850,2115,-85,-6,-107,10,2531,-108,46,2528
44709866,7844,508968242,53946711,1110,-5438,2,6314,293176800,2115,293176860,2115,-84,-6,-126,-10,2597,-127,27,2595
44719761,7844,508968247,53946671,1110,-5439,1,6314,293176850,2115,293176870,2115,-83,-5,-58,-26,2599,-58,11,2597
44729687,7844,508968252,53946632,1110,-5438,0,6314,293176850,2115,293176880,2115,-82,-5,-73,3,2550,-74,39,2548
44739657,7844,508968257,53946594,1110,-5437,0,6314,293176850,2115,293176890,2115,-82,-4,-93,-13,2541,-93,22,2539
44749617,7844,508968262,53946556,1109,-5437,-1,6314,293176850,2115,293176900,2115,-81,-4,-85,-39,2571,-85,-3,2569
44760852,7844,508968267,53946518,1109,-5436,-1,6314,293176850,2115,293176910,2115,-80,-4,-94,-31,2551,-94,4,2550
44769777,7844,508968272,53946478,1109,-5435,-1,6314,293176900,2115,293176920,2115,-79,-4,-94,-19,2473,-93,14,2471
44779683,7844,508968277,53946440,1108,-5435,-1,6314,293176900,2115,293176930,2115,-78,-4,-122,17,2483,-122,50,2481
44790514,7844,508968282,53946402,1108,-5434,-1,6314,293176900,2115,293176940,2115,-77,-4,-100,-34,2511,-100,-1,2509
44799607,7844,508968287,53946363,1108,-5433,-1,6314,293176900,2115,293176950,2115,-77,-4,-90,-86,2500,-90,-53,2499
44809896,7844,508968292,53946325,1108,-5432,-2,6314,293176900,2115,293176960,2115,-76,-4,-92,-29,2566,-91,4,2564
44820300,7844,508968297,53946285,1107,-5431,-2,6314,293176950,2115,293176970,2115,-75,-4,-90,1,2501,-89,33,2499
44829675,7844,508968302,53946247,1107,-5431,-2,6314,293176950,2115,293176980,2115,-75,-4,-85,-51,2512,-84,-19,2511
44839642,7845,508968307,53946209,1107,-5430,-2,6314,293176950,2115,293176990,2115,-74,-3,-107,2,2522,-107,33,2520
44849621,7845,508968312,53946171,1107,-5429,-3,6314,293176950,2115,293177000,2115,-73,-3,-155,-82,2599,-155,-50,2598
44860252,7845,508968317,53946133,1106,-5428,-3,6314,293176950,2115,293177010,2115,-73,-3,-73,64,2592,-73,96,2589
44869769,7845,508968321,53946093,1106,-5428,-2,6314,293177000,2115,293177020,2115,-72,-3,-90,7,2363,-89,36,2361
44879692,7845,508968326,53946054,1106,-5428,-2,6314,293177000,2115,293177030,2115,-71,-3,-82,-122,2481,-81,-92,2481
44890500,7845,508968331,53946016,1106,-5427,-1,6314,293177000,2115,293177040,2115,-71,-3,-86,-41,2402,-85,-13,2401
44899603,7845,508968336,53945978,1106,-5426,0,6314,293177000,2115,293177050,2115,-70,-3,-110,23,2436,-110,52,2434
44909868,7845,508968341,53945940,1105,-5426,0,6314,293177000,2115,293177060,2115,-69,-3,-89,-15,2510,-89,15,2509
44919781,7845,508968346,53945900,1106,-5425,0,6314,293177050,2115,293177070,2115,-68,-3,-81,-28,2461,-80,0,2460
44929678,7845,508968351,53945862,1105,-5424,0,6314,293177050,2115,293177080,2115,-66,-4,-94,12,2468,-94,39,2466
44939634,7845,508968356,53945824,1105,-5424,0,6314,293177050,2115,293177090,2115,-65,-4,-91,-73,2487,-90,-46,2485
44949595,7845,508968361,53945786,1105,-5423,1,6314,293177050,2115,293177100,2115,-63,-4,-139,-39,2483,-139,-13,2481
44959848,7845,508968366,53945748,1105,-5422,0,6314,293177050,2115,293177110,2115,-62,-5,-99,-2,2554,-99,24,2552
44969780,7845,508968371,53945707,1104,-5421,1,6314,293177100,2115,293177120,2115,-61,-5,-66,-1,2409,-66,24,2407
44979675,7845,508968376,53945669,1104,-5420,2,6314,293177100,2115,293177130,2115,-59,-5,-109,-71,2439,-108,-47,2438
44989607,7845,508968381,53945631,1104,-5419,2,6314,293177100,2115,293177140,2115,-58,-5,-115,-61,2399,-115,-38,2398
44999643,7846,508968386,53945593,1103,-5419,3,6314,293177100,2115,293177150,2115,-56,-5,-91,76,2403,-92,98,2400
45009889,7846,508968391,53945555,1103,-5418,5,6314,293177100,2115,293177160,2115,-55,-5,-93,42,2301,-93,63,2299
45019765,7846,508968396,53945515,1104,-5416,6,6314,293177150,2115,293177170,2115,-53,-4,-102,-181,2360,-101,-160,2360
45029683,7846,508968401,53945477,1104,-5415,6,6314,293177150,2115,293177180,2115,-51,-4,-126,-51,2457,-125,-31,2456
45039605,7846,508968406,53945439,1103,-5414,6,6314,293177150,2115,293177190,2115,-49,-3,-131,76,2444,-131,96,2441
45049624,7846,508968411,53945401,1103,-5414,7,6314,293177150,2115,293177200,2115,-48,-2,-84,18,2497,-83,38,2495
45059892,7846,508968416,53945363,1103,-5413,7,6314,293177150,2115,293177210,2115,-47,0,-84,-110,2468,-82,-91,2467
45069763,7847,508968420,53945323,1103,-5412,7,6315,293177200,2115,293177220,2115,-46,1,-131,7,2370,-129,25,2368
45079705,7847,508968425,53945285,1102,-5411,8,6315,293177200,2115,293177230,2115,-45,2,-155,40,2396,-152,58,2394
45089720,7847,508968430,53945247,1102,-5410,9,6315,293177200,2115,293177240,2115,-44,4,-130,26,2363,-127,43,2361
45099634,7848,508968435,53945209,1102,-5409,11,6315,293177200,2115,293177250,2115,-43,5,-94,-60,2303,-90,-44,2302
45109867,7848,508968440,53945171,1102,-5409,12,6315,293177200,2115,293177260,2115,-42,6,-36,-22,2324,-31,-6,2322
45119776,7848,508968445,53945131,1101,-5409,15,6315,293177250,2115,293177270,2115,-41,7,-63,88,2209,-59,103,2207
45129708,7848,508968450,53945093,1101,-5409,17,6315,293177250,2115,293177280,2115,-41,8,-83,-17,2221,-78,-3,2219
45139641,7849,508968455,53945055,1100,-5408,18,6315,293177250,2115,293177290,2115,-41,8,-97,-2,2330,-91,14,2328
45149618,7849,508968460,53945017,1100,-5408,19,6315,293177250,2115,293177300,2115,-41,9,-89,19,2389,-84,35,2387
45161013,7850,508968465,53944979,1099,-5407,20,6315,293177250,2115,293177310,2115,-42,9,-110,33,2331,-104,49,2329
45169758,7850,508968470,53944938,1100,-5406,22,6315,293177300,2115,293177320,2115,-43,9,-119,-9,2333,-113,8,2332
45180173,7850,508968475,53944901,1099,-5405,23,6315,293177300,2115,293177330,2115,-43,9,-128,50,2370,-123,67,2368
45189848,7851,508968480,53944863,1098,-5405,23,6315,293177300,2115,293177340,2115,-44,9,-74,53,2428,-68,71,2425
45199626,7851,508968485,53944825,1098,-5405,23,6315,293177300,2115,293177350,2115,-45,9,-43,74,2533,-37,93,2531
45210479,7851,508968490,53944787,1097,-5404,23,6315,293177300,2115,293177360,2115,-46,9,-85,2,2494,-80,20,2492
45219760,7852,508968495,53944746,1097,-5404,23,6315,293177350,2115,293177370,2115,-46,8,-101,9,2494,-96,28,2492
45229709,7852,508968500,53944709,1096,-5403,23,6315,293177350,2115,293177380,2115,-47,7,-127,92,2489,-122,112,2487
45239618,7852,508968504,53944671,1095,-5402,24,6315,293177350,2115,293177390,2115,-48,7,-137,23,2452,-133,42,2450
45249636,7853,508968509,53944633,1094,-5401,24,6315,293177350,2115,293177400,2115,-48,6,-102,55,2452,-98,75,2450
45260996,7853,508968514,53944595,1094,-5401,24,6315,293177350,2115,293177410,2115,-49,5,-86,57,2500,-82,77,2498
45269778,7853,508968519,53944555,1093,-5400,24,6315,293177400,2115,293177420,2115,-50,4,-58,27,2545,-55,48,2543
45279699,7854,508968524,53944517,1092,-5400,23,6315,293177400,2115,293177430,2115,-50,3,-71,46,2539,-68,67,2537
45290192,7854,508968529,53944479,1092,-5399,23,6315,293177400,2115,293177440,2115,-50,2,-113,47,2557,-110,68,2555
45299614,7854,508968534,53944441,1091,-5398,22,6315,293177400,2115,293177450,2115,-50,2,-107,28,2641,-105,50,2638
45309885,7855,508968539,53944403,1091,-5397,21,6315,293177400,2115,293177460,2115,-50,1,-123,12,2641,-121,34,2639
45319759,7855,508968544,53944363,1090,-5396,20,6315,293177450,2115,293177470,2115,-49,0,-99,31,2634,-97,52,2632
45329672,7855,508968549,53944325,1089,-5395,19,6315,293177450,2115,293177480,2115,-49,0,-132,28,2646,-131,49,2643
45339640,7856,508968554,53944287,1089,-5395,18,6315,293177450,2115,293177490,2115,-48,0,-85,19,2629,-83,40,2627
45349639,7856,508968558,53944249,1088,-5394,17,6315,293177450,2115,293177500,2115,-47,-1,-100,2,2601,-98,23,2599
45360034,7856,508968563,53944211,1088,-5394,16,6315,293177450,2115,293177510,2115,-47,-1,-61,-30,2602,-59,-10,2601
45369820,7857,508968568,53944171,1087,-5392,16,6315,293177500,2115,293177520,2115,-46,-1,-107,63,2575,-106,82,2573
45379694,7857,508968573,53944133,1086,-5391,15,6315,293177500,2115,293177530,2115,-45,0,-120,62,2612,-119,81,2610
45390097,7857,508968578,53944096,1086,-5391,14,6315,293177500,2115,293177540,2115,-44,0,-91,-41,2611,-89,-22,2610
45399613,7858,508968583,53944058,1086,-5390,13,6315,293177500,2115,293177550,2115,-43,1,-102,9,2592,-100,27,2590
45409869,7858,508968588,53944020,1086,-5389,13,6315,293177500,2115,293177560,2115,-41,1,-86,-49,2590,-83,-31,2588
45419774,7858,508968592,53943980,1085,-5389,12,6315,293177550,2115,293177570,2115,-40,2,-91,36,2590,-88,53,2588
45429682,7859,508968597,53943942,1085,-5388,11,6315,293177550,2115,293177580,2115,-39,3,-97,-19,2555,-94,-2,2553
45439663,7859,508968602,53943904,1085,-5387,11,6315,293177550,2115,293177590,2115,-38,4,-104,17,2525,-101,33,2523
45449614,7860,508968607,53943866,1084,-5387,11,6315,293177550,2115,293177600,2115,-37,5,-102,37,2527,-98,52,2525
45461056,7860,508968612,53943829,1084,-5386,11,6315,293177550,2115,293177610,2115,-36,6,-79,-18,2519,-74,-3,2518
45469753,7861,508968617,53943788,1084,-5385,11,6315,293177600,2115,293177620,2115,-35,7,-62,-17,2511,-57,-3,2509
45479739,7861,508968622,53943751,1083,-5385,11,6315,293177600,2115,293177630,2115,-34,8,-77,44,2524,-71,58,2522
45490234,7861,508968626,53943713,1083,-5384,11,6315,293177600,2115,293177640,2115,-33,8,-93,19,2526,-87,32,2524
45499638,7862,508968631,53943675,1083,-5384,10,6315,293177600,2115,293177650,2115,-32,9,-83,5,2524,-77,18,2523
45509862,7862,508968636,53943637,1082,-5383,11,6315,293177600,2115,293177660,2115,-31,10,-112,28,2428,-106,40,2426
45520145,7862,508968641,53943597,1082,-5383,11,6315,293177650,2115,293177670,2115,-29,11,-109,48,2392,-103,59,2390
45530485,7862,508968646,53943559,1081,-5382,12,6315,293177650,2115,293177680,2115,-28,12,-89,26,2436,-83,37,2434
45539640,7863,508968651,53943521,1081,-5382,12,6315,293177650,2115,293177690,2115,-27,12,-61,-1,2430,-54,9,2428
45549603,7863,508968655,53943484,1081,-5381,13,6315,293177650,2115,293177700,2115,-25,13,-36,20,2478,-29,30,2476
45560139,7863,508968660,53943446,1080,-5381,13,6315,293177650,2115,293177710,2115,-23,13,-79,55,2474,-72,64,2472
45569777,7863,508968665,53943406,1080,-5382,13,6315,293177700,2115,293177720,2115,-22,13,-99,-2,2503,-92,6,2501
45580541,7863,508968670,53943368,1080,-5381,13,6315,293177700,2115,293177730,2115,-20,13,-95,-12,2509,-88,-4,2508
45590540,7863,508968675,53943330,1079,-5380,13,6315,293177700,2115,293177740,2115,-18,13,-107,32,2458,-100,39,2457
45599636,7864,508968680,53943292,1079,-5379,14,6315,293177700,2115,293177750,2115,-16,13,-111,39,2460,-104,45,2458
45609909,7864,508968684,53943255,1079,-5379,14,6315,293177700,2115,293177760,2115,-15,12,-105,-48,2437,-98,-43,2436
45619756,7864,508968689,53943214,1079,-5379,15,6315,293177750,2115,293177770,2115,-13,12,-48,8,2467,-41,13,2465
45629689,7864,508968694,53943177,1079,-5379,15,6315,293177750,2115,293177780,2115,-11,11,-54,28,2468,-47,32,2467
45639660,7864,508968699,53943139,1079,-5378,15,6315,293177750,2115,293177790,2115,-10,10,-51,-26,2506,-45,-23,2504
45649641,7864,508968704,53943101,1079,-5378,15,6315,293177750,2115,293177800,2115,-8,9,-73,-20,2501,-67,-17,2499
45660695,7865,508968709,53943063,1079,-5377,15,6315,293177750,2115,293177810,2115,-6,7,-109,1,2501,-104,2,2499
45670656,7865,508968713,53943023,1078,-5376,16,6315,293177800,2115,293177820,2115,-5,6,-142,39,2461,-137,39,2459
45679688,7865,508968718,53942985,1078,-5375,15,6315,293177800,2115,293177830,2115,-4,5,-131,-38,2556,-126,-38,2554
45689611,7865,508968723,53942948,1078,-5375,15,6315,293177800,2115,293177840,2115,-2,3,-99,18,2596,-95,18,2595
45699621,7865,508968728,53942910,1078,-5374,14,6315,293177800,2115,293177850,2115,-1,2,-41,-7,2588,-38,-7,2586
45709861,7866,508968733,53942872,1078,-5374,14,6315,293177800,2115,293177860,2115,0,0,-58,3,2540,-55,2,2538
45719765,7866,508968737,53942832,1078,-5373,13,6315,293177850,2115,293177870,2115,2,-1,-73,38,2637,-72,36,2635
45729697,7866,508968742,53942794,1077,-5372,12,6315,293177850,2115,293177880,2115,3,-3,-88,38,2559,-87,36,2557
45739637,7866,508968747,53942756,1077,-5371,12,6315,293177850,2115,293177890,2115,4,-4,-128,16,2587,-128,13,2585
45749608,7866,508968752,53942719,1076,-5370,11,6315,293177850,2115,293177900,2115,5,-6,-149,48,2624,-150,45,2622
45759857,7866,508968757,53942681,1076,-5369,10,6315,293177850,2115,293177910,2115,6,-7,-103,13,2604,-104,9,2602
45769884,7867,508968762,53942641,1075,-5366,9,6315,293177900,2115,293177920,2115,7,-8,-77,53,2600,-79,49,2598
45779675,7867,508968766,53942603,1075,-5366,8,6315,293177900,2115,293177930,2115,8,-9,-69,1,2617,-71,-3,2615
45790537,7867,508968771,53942565,1075,-5365,7,6315,293177900,2115,293177940,2115,9,-11,-55,-39,2724,-58,-44,2722
45799637,7867,508968776,53942528,1075,-5365,6,6315,293177900,2115,293177950,2115,9,-12,-81,54,2584,-85,49,2582
45810958,7867,508968781,53942490,1074,-5364,5,6315,293177900,2115,293177960,2115,10,-12,-126,33,2597,-130,28,2595
45819755,7867,508968786,53942450,1074,-5363,4,6315,293177950,2115,293177970,2115,11,-13,-134,52,2657,-138,46,2655
45829689,7867,508968791,53942412,1074,-5362,4,6315,293177950,2115,293177980,2115,12,-13,-104,-49,2576,-108,-55,2574
45839628,7867,508968795,53942374,1074,-5361,3,6315,293177950,2115,293177990,2115,12,-13,-82,6,2610,-86,0,2608
45850362,7867,508968800,53942337,1074,-5361,2,6315,293177950,2115,293178000,2115,13,-13,-73,33,2602,-77,26,2600
45859865,7867,508968805,53942299,1074,-5360,1,6315,293177950,2115,293178010,2115,13,-13,-76,10,2590,-80,3,2588
45869750,7866,508968810,53942259,1073,-5359,1,6315,293178000,2115,293178020,2115,14,-13,-70,-25,2609,-74,-32,2607
45879712,7866,508968815,53942221,1073,-5358,0,6315,293178000,2115,293178030,2115,15,-12,-111,-3,2549,-115,-11,2547
45889637,7866,508968819,53942183,1073,-5357,0,6315,293178000,2115,293178040,2115,15,-11,-111,26,2564,-115,18,2562
45899957,7866,508968824,53942146,1073,-5356,0,6315,293178000,2115,293178050,2115,15,-10,-103,-10,2476,-106,-18,2474
45909886,7866,508968829,53942108,1073,-5356,0,6315,293178000,2115,293178060,2115,16,-9,-81,16,2486,-83,8,2484
45919761,7866,508968834,53942068,1073,-5355,0,6315,293178050,2115,293178070,2115,16,-8,-98,2,2490,-99,-6,2488
45929686,7866,508968839,53942030,1073,-5354,0,6315,293178050,2115,293178080,2115,17,-6,-67,-13,2478,-68,-22,2476
45940444,7866,508968843,53941992,1073,-5354,0,6315,293178050,2115,293178090,2115,18,-5,-71,-10,2510,-71,-19,2508
45950156,7866,508968848,53941955,1073,-5353,0,6315,293178050,2115,293178100,2115,19,-3,-74,5,2418,-74,-3,2416
45959905,7866,508968853,53941917,1073,-5352,1,6315,293178050,2115,293178110,2115,20,-2,-96,-32,2414,-95,-41,2412
45969879,7866,508968858,53941877,1073,-5352,1,6315,293178100,2115,293178120,2115,20,0,-97,55,2402,-95,45,2400
45979716,7866,508968863,53941839,1073,-5351,2,6315,293178100,2115,293178130,2115,21,1,-97,-34,2395,-95,-43,2393
45990231,7866,508968867,53941802,1073,-5350,3,6315,293178100,2115,293178140,2115,22,3,-72,5,2409,-68,-5,2408
46000426,7865,508968872,53941764,1073,-5350,4,6315,293178100,2115,293178150,2115,23,4,-67,29,2344,-63,19,2342
46009895,7865,508968877,53941727,1073,-5349,5,6315,293178100,2115,293178160,2115,24,6,-74,-5,2328,-70,-15,2326
46019765,7865,508968882,53941686,1073,-5350,6,6315,293178150,2115,293178170,2115,25,7,-71,-36,2361,-66,-47,2359
46030355,7865,508968887,53941648,1073,-5350,8,6315,293178150,2115,293178180,2115,26,8,-74,2,2315,-69,-10,2313
46039660,7865,508968892,53941611,1073,-5349,9,6315,293178150,2115,293178190,2115,27,9,-76,27,2331,-70,16,2329
46049642,7864,508968896,53941573,1073,-5349,10,6315,293178150,2115,293178200,2115,28,10,-95,9,2333,-89,-4,2332
46060572,7864,508968901,53941536,1073,-5348,12,6315,293178150,2115,293178210,2115,29,11,-81,1,2342,-75,-11,2340
46069772,7864,508968906,53941495,1072,-5348,13,6315,293178200,2115,293178220,2115,30,12,-95,4,2345,-88,-9,2343
46079717,7864,508968911,53941458,1072,-5348,14,6315,293178200,2115,293178230,2115,31,12,-68,-5,2381,-61,-19,2379
46089651,7864,508968915,53941420,1072,-5347,16,6316,293178200,2115,293178240,2115,33,13,-74,0,2310,-67,-14,2308
46099636,7864,508968920,53941383,1073,-5347,17,6316,293178200,2115,293178250,2115,34,14,-72,-6,2351,-65,-21,2350
46109915,7863,508968925,53941345,1073,-5346,18,6316,293178200,2115,293178260,2115,35,14,-83,-26,2351,-75,-41,2349
46119766,7863,508968930,53941305,1072,-5345,19,6316,293178250,2115,293178270,2115,36,14,-103,65,2363,-95,49,2362
46129676,7863,508968935,53941267,1072,-5344,20,6316,293178250,2115,293178280,2115,37,15,-111,-45,2319,-102,-61,2317
46139618,7863,508968940,53941230,1072,-5344,20,6316,293178250,2115,293178290,2115,38,15,-82,44,2479,-74,27,2478
46150304,7863,508968944,53941192,1072,-5343,21,6316,293178250,2115,293178300,2115,38,15,-77,-30,2373,-69,-47,2371
46159902,7863,508968949,53941155,1072,-5343,22,6316,293178250,2115,293178310,2115,39,15,-57,14,2426,-48,-4,2425
46169774,7863,508968954,53941114,1073,-5343,24,6316,293178300,2115,293178320,2115,40,15,-87,33,2419,-79,15,2418
46179710,7863,508968959,53941076,1072,-5342,24,6316,293178300,2115,293178330,2115,41,14,-110,15,2409,-102,-4,2407
46189612,7863,508968964,53941039,1072,-5341,25,6316,293178300,2115,293178340,2115,41,14,-84,9,2434,-76,-10,2432
46199632,7863,508968968,53941002,1072,-5341,26,6316,293178300,2115,293178350,2115,42,13,-87,17,2386,-79,-2,2385
46210194,7863,508968973,53940964,1072,-5340,26,6316,293178300,2115,293178360,2115,42,12,-94,5,2414,-87,-14,2412
46219770,7863,508968978,53940923,1072,-5340,27,6316,293178350,2115,293178370,2115,43,11,-84,2,2467,-77,-18,2466
46229684,7863,508968983,53940886,1071,-5340,27,6316,293178350,2115,293178380,2115,43,10,-68,39,2472,-62,19,2470
46239745,7863,508968988,53940849,1071,-5339,27,6316,293178350,2115,293178390,2115,44,9,-62,32,2568,-56,11,2566
46249637,7863,508968992,53940811,1071,-5339,26,6316,293178350,2115,293178400,2115,44,8,-82,-4,2536,-77,-25,2534
46260116,7863,508968997,53940774,1071,-5338,26,6316,293178350,2115,293178410,2115,45,6,-91,29,2574,-87,8,2573
46270366,7863,508969002,53940733,1070,-5336,25,6316,293178400,2115,293178420,2115,45,5,-107,17,2595,-103,-4,2594
46279705,7863,508969007,53940696,1070,-5335,25,6316,293178400,2115,293178430,2115,46,3,-110,13,2530,-106,-8,2528
46289622,7863,508969012,53940658,1069,-5335,24,6316,293178400,2115,293178440,2115,46,2,-116,105,2556,-114,83,2555
46300260,7863,508969016,53940621,1069,-5334,24,6316,293178400,2115,293178450,2115,47,1,-94,19,2541,-92,-2,2539
46309871,7863,508969021,53940583,1069,-5333,23,6316,293178400,2115,293178460,2115,47,-1,-71,-26,2616,-69,-49,2614
46319762,7864,508969026,53940543,1069,-5333,22,6316,293178450,2115,293178470,2115,48,-2,-86,30,2666,-85,7,2664
46330007,7864,508969031,53940505,1069,-5332,21,6316,293178450,2115,293178480,2115,48,-3,-75,23,2641,-75,-1,2640
46339619,7864,508969036,53940468,1068,-5331,19,6316,293178450,2115,293178490,2115,49,-4,-104,59,2708,-104,35,2706
46349619,7864,508969040,53940431,1068,-5330,18,6316,293178450,2115,293178500,2115,50,-5,-117,-9,2655,-117,-33,2653
46360151,7864,508969045,53940393,1068,-5329,17,6316,293178450,2115,293178510,2115,51,-5,-139,14,2660,-140,-11,2658
46369761,7865,508969050,53940353,1068,-5327,16,6316,293178500,2115,293178520,2115,51,-6,-132,94,2681,-133,69,2680
46379690,7865,508969055,53940315,1068,-5326,15,6316,293178500,2115,293178530,2115,52,-6,-106,24,2658,-107,-1,2656
46390051,7865,508969059,53940278,1067,-5325,13,6316,293178500,2115,293178540,2115,53,-6,-53,23,2713,-54,-3,2711
46399647,7866,508969064,53940241,1068,-5325,12,6316,293178500,2115,293178550,2115,54,-6,-55,-13,2627,-56,-39,2625
46409932,7866,508969069,53940203,1068,-5324,11,6316,293178500,2115,293178560,2115,55,-7,-58,27,2670,-59,0,2668
46420382,7866,508969074,53940163,1067,-5324,10,6316,293178550,2115,293178570,2115,56,-7,-111,81,2635,-113,54,2633
46429680,7867,508969079,53940125,1067,-5323,9,6316,293178550,2115,293178580,2115,57,-7,-105,33,2612,-106,6,2610
46439640,7867,508969083,53940088,1067,-5322,8,6316,293178550,2115,293178590,2115,58,-7,-110,-11,2622,-111,-39,2620
46450530,7867,508969088,53940051,1066,-5321,7,6316,293178550,2115,293178600,2115,59,-7,-102,55,2622,-104,27,2620
46461017,7868,508969093,53940013,1066,-5321,6,6316,293178550,2115,293178610,2115,60,-7,-61,35,2610,-62,7,2609
46469802,7868,508969098,53939973,1066,-5320,6,6316,293178600,2115,293178620,2115,61,-7,-79,32,2629,-81,3,2628
46479968,7869,508969103,53939936,1066,-5320,5,6316,293178600,2115,293178630,2115,62,-7,-75,32,2606,-77,3,2604
46489651,7869,508969107,53939898,1066,-5319,3,6316,293178600,2115,293178640,2115,64,-7,-82,28,2695,-83,-3,2693
46499608,7870,508969112,53939861,1066,-5318,2,6316,293178600,2115,293178650,2115,65,-6,-103,51,2619,-104,21,2617
46509905,7870,508969117,53939824,1065,-5318,2,6316,293178600,2115,293178660,2115,66,-6,-121,85,2600,-122,54,2599
46519775,7871,508969122,53939783,1065,-5317,1,6316,293178650,2115,293178670,2115,67,-5,-120,77,2540,-120,46,2539
46529675,7871,508969126,53939746,1065,-5316,0,6316,293178650,2115,293178680,2115,68,-4,-116,18,2561,-116,-14,2559
46539611,7871,508969131,53939708,1065,-5316,0,6316,293178650,2115,293178690,2115,69,-3,-54,53,2579,-53,21,2577
46549633,7872,508969136,53939671,1064,-5316,-1,6316,293178650,2115,293178700,2115,70,-2,-77,78,2580,-76,45,2579
46561013,7872,508969141,53939634,1063,-5315,-1,6316,293178650,2115,293178710,2115,72,-2,-70,100,2517,-69,68,2516
46570486,7873,508969146,53939593,1063,-5314,-1,6316,293178700,2115,293178720,2115,73,-1,-83,22,2502,-82,-10,2500
46579676,7873,508969150,53939556,1063,-5313,-1,6316,293178700,2115,293178730,2115,75,0,-105,57,2482,-104,24,2480
46589605,7873,508969155,53939519,1062,-5312,0,6316,293178700,2115,293178740,2115,76,1,-129,149,2450,-127,115,2450
46599933,7874,508969160,53939482,1062,-5311,0,6316,293178700,2115,293178750,2115,77,1,-95,42,2481,-93,8,2479
46609915,7874,508969165,53939444,1062,-5311,0,6316,293178700,2115,293178760,2115,78,2,-70,31,2502,-68,-4,2501
46619773,7875,508969169,53939404,1061,-5312,-1,6316,293178750,2115,293178770,2115,79,3,-32,50,2457,-29,16,2456
46630128,7875,508969174,53939367,1061,-5311,0,6316,293178750,2115,293178780,2115,80,3,-82,65,2408,-79,30,2407
46639648,7875,508969179,53939329,1060,-5310,0,6316,293178750,2115,293178790,2115,81,4,-99,126,2430,-96,90,2429
46649640,7876,508969184,53939292,1060,-5310,1,6316,293178750,2115,293178800,2115,82,4,-98,14,2424,-94,-21,2422
46660658,7876,508969188,53939255,1059,-5309,1,6316,293178750,2115,293178810,2115,84,4,-101,99,2493,-98,62,2492
46669766,7876,508969193,53939214,1059,-5309,3,6316,293178800,2115,293178820,2115,85,5,-86,107,2387,-82,70,2387
46679698,7876,508969198,53939177,1059,-5308,3,6316,293178800,2115,293178830,2115,86,5,-87,32,2425,-83,-5,2424
46690470,7877,508969203,53939140,1059,-5308,4,6316,293178800,2115,293178840,2115,87,5,-74,74,2453,-70,36,2452
46699637,7877,508969207,53939103,1058,-5307,4,6316,293178800,2115,293178850,2115,88,5,-83,134,2418,-79,96,2418
46709871,7877,508969212,53939065,1057,-5307,5,6316,293178800,2115,293178860,2115,89,6,-74,68,2438,-70,29,2437
46719792,7877,508969217,53939025,1058,-5306,6,6316,293178850,2115,293178870,2115,90,6,-91,48,2441,-86,8,2439
46729680,7878,508969222,53938988,1058,-5305,7,6316,293178850,2115,293178880,2115,91,6,-110,73,2381,-106,34,2380
46739618,7878,508969226,53938951,1057,-5304,8,6316,293178850,2115,293178890,2115,92,6,-106,91,2391,-102,52,2391
46749643,7878,508969231,53938913,1056,-5304,8,6316,293178850,2115,293178900,2115,93,6,-100,86,2460,-96,45,2459
46760818,7878,508969236,53938876,1056,-5303,8,6316,293178850,2115,293178910,2115,94,6,-57,54,2472,-53,13,2471
46769793,7878,508969241,53938836,1056,-5304,7,6316,293178900,2115,293178920,2115,95,6,-52,24,2445,-48,-17,2443
46779709,7879,508969246,53938799,1055,-5304,8,6316,293178900,2115,293178930,2115,95,5,-92,132,2412,-88,91,2412
46789611,7879,508969250,53938761,1055,-5303,9,6316,293178900,2115,293178940,2115,97,5,-105,75,2368,-102,34,2367
46799657,7879,508969255,53938724,1055,-5302,10,6316,293178900,2115,293178950,2115,98,5,-107,36,2382,-103,-6,2380
46809865,7879,508969260,53938687,1054,-5302,10,6316,293178900,2115,293178960,2115,99,5,-90,49,2453,-86,6,2451
46819773,7879,508969265,53938647,1053,-5302,10,6316,293178950,2115,293178970,2115,100,5,-68,58,2401,-65,16,2400
46829704,7879,508969269,53938609,1052,-5302,11,6316,293178950,2115,293178980,2115,100,5,-79,147,2413,-75,103,2413
46839640,7879,508969274,53938572,1052,-5301,11,6316,293178950,2115,293178990,2115,101,4,-57,30,2463,-53,-14,2461
46849632,7879,508969279,53938535,1052,-5300,12,6316,293178950,2115,293179000,2115,102,4,-79,-9,2445,-76,-53,2442
46859906,7879,508969284,53938498,1052,-5299,12,6316,293178950,2115,293179010,2115,103,3,-123,-1,2450,-120,-47,2448
46869774,7879,508969288,53938457,1051,-5299,12,6316,293179000,2115,293179020,2115,104,3,-102,164,2491,-100,118,2492
46879701,7879,508969293,53938420,1051,-5298,12,6316,293179000,2115,293179030,2115,105,3,-92,7,2431,-89,-38,2429
46889629,7879,508969298,53938383,1051,-5298,12,6316,293179000,2115,293179040,2115,106,2,-87,21,2490,-84,-26,2488
46899612,7879,508969303,53938346,1051,-5297,13,6316,293179000,2115,293179050,2115,106,2,-72,56,2468,-70,9,2467
46909875,7879,508969307,53938309,1050,-5297,13,6316,293179000,2115,293179060,2115,107,1,-63,112,2472,-61,65,2471
46919804,7879,508969312,53938269,1050,-5295,13,6316,293179050,2115,293179070,2115,108,0,-79,27,2449,-77,-20,2448
46930001,7879,508969317,53938231,1050,-5295,13,6316,293179050,2115,293179080,2115,109,0,-91,19,2485,-89,-30,2483
46939623,7879,508969322,53938194,1050,-5294,14,6316,293179050,2115,293179090,2115,110,-1,-105,50,2463,-104,1,2462
46949616,7879,508969326,53938157,1050,-5293,14,6316,293179050,2115,293179100,2115,111,-1,-88,42,2492,-86,-7,2490
46960894,7879,508969331,53938120,1050,-5293,14,6316,293179050,2115,293179110,2115,112,-2,-93,67,2507,-92,17,2506
46969786,7879,508969336,53938080,1051,-5291,14,6316,293179100,2115,293179120,2115,112,-3,-87,70,2488,-86,20,2487
46979692,7879,508969340,53938043,1050,-5291,15,6316,293179100,2115,293179130,2115,113,-3,-70,93,2464,-70,44,2464
46990082,7879,508969345,53938005,1050,-5290,14,6316,293179100,2115,293179140,2115,114,-4,-80,47,2578,-80,-5,2577
46999687,7879,508969350,53937968,1050,-5290,14,6316,293179100,2115,293179150,2115,115,-4,-81,-31,2540,-81,-82,2537
47010169,7879,508969355,53937931,1050,-5289,13,6316,293179100,2115,293179160,2115,116,-5,-124,46,2612,-125,-8,2611
47020263,7879,508969359,53937891,1051,-5287,13,6316,293179150,2115,293179170,2115,117,-6,-76,96,2620,-77,42,2619
47029691,7879,508969364,53937854,1050,-5287,13,6316,293179150,2115,293179180,2115,118,-6,-70,93,2505,-71,41,2504
47039642,7879,508969369,53937817,1050,-5286,13,6316,293179150,2115,293179190,2115,118,-7,-99,24,2496,-100,-29,2494
47049622,7879,508969374,53937780,1050,-5285,14,6316,293179150,2115,293179200,2115,119,-7,-106,22,2485,-107,-31,2483
47059926,7879,508969378,53937743,1050,-5284,13,6316,293179150,2115,293179210,2115,119,-7,-117,76,2547,-119,21,2546
47069762,7879,508969383,53937702,1050,-5282,13,6316,293179200,2115,293179220,2115,120,-7,-62,51,2601,-63,-4,2599
47079730,7879,508969388,53937665,1050,-5282,13,6316,293179200,2115,293179230,2115,120,-7,-39,22,2570,-41,-32,2568
47089623,7879,508969393,53937628,1050,-5281,12,6316,293179200,2115,293179240,2115,121,-7,-82,87,2584,-83,32,2584
47099607,7879,508969397,53937591,1050,-5280,12,6316,293179200,2115,293179250,2115,122,-7,-98,60,2536,-99,5,2535
47111004,7879,508969402,53937554,1050,-5280,11,6316,293179200,2115,293179260,2115,123,-7,-105,38,2610,-107,-19,2609
47119779,7879,508969407,53937514,1049,-5278,11,6317,293179250,2115,293179270,2115,124,-7,-139,105,2616,-141,48,2616
47129710,7879,508969412,53937477,1049,-5278,11,6317,293179250,2115,293179280,2115,124,-6,-96,30,2527,-97,-26,2525
47139627,7879,508969416,53937440,1049,-5277,10,6317,293179250,2115,293179290,2115,125,-5,-74,104,2573,-75,47,2572
47149633,7879,508969421,53937403,1049,-5276,11,6317,293179250,2115,293179300,2115,125,-5,-69,-17,2452,-69,-71,2449
47159859,7879,508969426,53937366,1049,-5276,10,6317,293179250,2115,293179310,2115,126,-4,-72,93,2515,-72,37,2515
47169774,7878,508969431,53937326,1048,-5275,9,6317,293179300,2115,293179320,2115,126,-3,-54,127,2633,-54,68,2633
47179709,7878,508969435,53937289,1048,-5275,9,6317,293179300,2115,293179330,2115,127,-3,-64,32,2531,-64,-25,2529
47189628,7878,508969440,53937252,1049,-5274,9,6317,293179300,2115,293179340,2115,128,-2,-86,-51,2546,-84,-109,2543
47199646,7878,508969445,53937215,1048,-5273,9,6317,293179300,2115,293179350,2115,128,-1,-144,140,2447,-144,84,2447
47211014,7878,508969450,53937178,1048,-5272,9,6317,293179300,2115,293179360,2115,129,0,-122,73,2482,-121,16,2482
47219781,7878,508969455,53937138,1047,-5273,9,6317,293179350,2115,293179370,2115,130,1,-74,9,2524,-72,-49,2522
47229728,7878,508969459,53937101,1048,-5273,9,6317,293179350,2115,293179380,2115,130,1,-22,3,2508,-19,-54,2506
47239629,7878,508969464,53937064,1047,-5273,9,6317,293179350,2115,293179390,2115,130,2,-43,116,2516,-41,58,2516
47249658,7879,508969469,53937027,1047,-5272,9,6317,293179350,2115,293179400,2115,131,2,-83,99,2467,-81,42,2467
47259885,7879,508969473,53936990,1047,-5271,9,6317,293179350,2115,293179410,2115,131,3,-93,-4,2466,-90,-61,2464
47269768,7879,508969478,53936951,1047,-5272,9,6317,293179400,2115,293179420,2115,132,3,-113,42,2524,-110,-17,2522
47279714,7879,508969483,53936914,1047,-5271,9,6317,293179400,2115,293179430,2115,132,3,-93,69,2480,-90,10,2479
47289630,7879,508969488,53936877,1046,-5270,9,6317,293179400,2115,293179440,2115,133,4,-95,84,2488,-92,26,2488
47299653,7879,508969492,53936840,1046,-5270,9,6317,293179400,2115,293179450,2115,133,4,-67,44,2439,-63,-13,2438
47311050,7879,508969497,53936803,1047,-5269,9,6317,293179400,2115,293179460,2115,133,4,-64,36,2481,-61,-23,2480
47319824,7879,508969502,53936763,1047,-5269,9,6317,293179450,2115,293179470,2115,134,4,-60,101,2523,-57,41,2523
47329716,7880,508969507,53936726,1047,-5269,9,6317,293179450,2115,293179480,2115,134,4,-75,42,2470,-72,-17,2468
47339632,7880,508969511,53936689,1046,-5268,10,6317,293179450,2115,293179490,2115,135,4,-76,57,2483,-73,-2,2482
47349630,7880,508969516,53936652,1046,-5268,10,6317,293179450,2115,293179500,2115,135,4,-104,78,2487,-101,18,2487
47359873,7880,508969521,53936615,1046,-5267,10,6317,293179450,2115,293179510,2115,135,3,-118,110,2482,-115,50,2483
47369799,7880,508969526,53936575,1045,-5265,10,6317,293179500,2115,293179520,2115,136,3,-78,126,2521,-76,66,2521
47379698,7881,508969530,53936538,1046,-5265,10,6317,293179500,2115,293179530,2115,136,2,-64,3,2522,-61,-58,2519
47389634,7881,508969535,53936501,1045,-5264,9,6317,293179500,2115,293179540,2115,136,2,-70,86,2567,-68,24,2567
47399647,7881,508969540,53936464,1045,-5264,9,6317,293179500,2115,293179550,2115,136,1,-87,85,2484,-85,25,2483
47410082,7881,508969544,53936427,1045,-5263,9,6317,293179500,2115,293179560,2115,137,0,-76,6,2505,-74,-55,2503
47419797,7881,508969549,53936388,1045,-5262,9,6317,293179550,2115,293179570,2115,137,0,-76,61,2527,-74,0,2526
47429687,7882,508969554,53936351,1044,-5262,9,6317,293179550,2115,293179580,2115,137,-1,-89,169,2481,-88,109,2482
47439643,7882,508969559,53936314,1044,-5261,9,6317,293179550,2115,293179590,2115,138,-2,-100,60,2517,-99,-2,2516
47449656,7882,508969563,53936277,1044,-5260,9,6317,293179550,2115,293179600,2115,138,-3,-84,77,2537,-83,15,2536
47459914,7882,508969568,53936240,1044,-5260,8,6317,293179550,2115,293179610,2115,139,-3,-71,46,2524,-70,-16,2523
47469801,7882,508969573,53936200,1043,-5259,8,6317,293179600,2115,293179620,2115,139,-4,-87,110,2580,-88,46,2579
47479705,7882,508969577,53936163,1043,-5259,8,6317,293179600,2115,293179630,2115,140,-5,-81,40,2531,-82,-23,2529
47489637,7882,508969582,53936126,1043,-5258,7,6317,293179600,2115,293179640,2115,141,-6,-95,66,2572,-96,2,2571
47499611,7882,508969587,53936089,1043,-5257,6,6317,293179600,2115,293179650,2115,142,-6,-94,97,2587,-96,32,2587
47509889,7882,508969591,53936053,1042,-5257,6,6317,293179600,2115,293179660,2115,143,-7,-76,112,2525,-78,48,2525
47519773,7882,508969596,53936013,1043,-5256,6,6317,293179650,2115,293179670,2115,144,-8,-103,-7,2557,-104,-72,2554
47529720,7882,508969601,53935976,1042,-5255,5,6317,293179650,2115,293179680,2115,145,-9,-104,144,2542,-106,78,2543
47539630,7882,508969605,53935939,1042,-5254,5,6317,293179650,2115,293179690,2115,146,-9,-50,78,2568,-53,12,2567
47549630,7882,508969610,53935902,1043,-5254,4,6317,293179650,2115,293179700,2115,147,-10,-73,-74,2569,-76,-141,2564
47559923,7882,508969615,53935865,1042,-5253,4,6317,293179650,2115,293179710,2115,148,-11,-77,90,2477,-80,25,2477
47569780,7883,508969619,53935825,1041,-5252,4,6317,293179700,2115,293179720,2115,150,-11,-129,139,2547,-133,71,2547
47579699,7883,508969624,53935789,1041,-5252,3,6317,293179700,2115,293179730,2115,151,-12,-96,52,2574,-99,-17,2572
47589615,7883,508969629,53935752,1041,-5251,3,6317,293179700,2115,293179740,2115,153,-12,-68,46,2556,-72,-23,2554
47599648,7883,508969633,53935715,1041,-5250,2,6317,293179700,2115,293179750,2115,154,-13,-87,63,2574,-91,-7,2572
47609930,7883,508969638,53935678,1041,-5249,2,6317,293179700,2115,293179760,2115,155,-13,-102,63,2537,-106,-7,2536
47619786,7883,508969643,53935638,1040,-5249,1,6317,293179750,2115,293179770,2115,156,-13,-81,91,2558,-85,20,2557
47630028,7883,508969647,53935601,1040,-5249,0,6317,293179750,2115,293179780,2115,157,-13,-90,53,2578,-94,-19,2577
47639652,7884,508969652,53935565,1040,-5248,0,6317,293179750,2115,293179790,2115,159,-13,-88,108,2534,-93,37,2534
47649611,7884,508969657,53935528,1039,-5247,-1,6317,293179750,2115,293179800,2115,160,-13,-115,94,2597,-119,21,2597
47659871,7884,508969661,53935491,1039,-5247,-1,6317,293179750,2115,293179810,2115,161,-13,-81,89,2543,-85,16,2542
47669772,7884,508969666,53935451,1039,-5246,-1,6317,293179800,2115,293179820,2115,163,-13,-71,92,2513,-75,20,2513
47679700,7884,508969671,53935414,1039,-5245,-2,6317,293179800,2115,293179830,2115,164,-12,-101,60,2530,-105,-13,2529
47689642,7884,508969675,53935378,1039,-5244,-2,6317,293179800,2115,293179840,2115,165,-12,-78,94,2579,-82,19,2578
47699619,7885,508969680,53935341,1038,-5244,-3,6317,293179800,2115,293179850,2115,166,-12,-87,149,2555,-91,74,2556
47709937,7885,508969685,53935304,1039,-5243,-3,6317,293179800,2115,293179860,2115,167,-12,-79,17,2560,-82,-58,2557
47719768,7885,508969689,53935264,1038,-5243,-4,6317,293179850,2115,293179870,2115,167,-11,-78,115,2501,-82,41,2501
47729696,7885,508969694,53935227,1037,-5242,-4,6317,293179850,2115,293179880,2115,168,-11,-93,158,2558,-97,81,2559
47739624,7885,508969699,53935191,1037,-5242,-4,6317,293179850,2115,293179890,2115,169,-10,-69,96,2510,-72,21,2510
47749612,7886,508969703,53935154,1037,-5241,-4,6317,293179850,2115,293179900,2115,171,-10,-86,56,2456,-88,-18,2454
47759911,7886,508969708,53935117,1037,-5240,-4,6317,293179850,2115,293179910,2115,171,-10,-110,97,2486,-112,21,2485
47769767,7886,508969713,53935077,1037,-5240,-4,6317,293179900,2115,293179920,2115,172,-9,-67,124,2494,-70,48,2495
47779715,7886,508969717,53935040,1037,-5240,-4,6317,293179900,2115,293179930,2115,172,-9,-61,52,2530,-63,-25,2529
47789623,7886,508969722,53935004,1036,-5239,-4,6317,293179900,2115,293179940,2115,173,-8,-97,111,2527,-100,34,2527
47799633,7886,508969726,53934967,1036,-5238,-4,6317,293179900,2115,293179950,2115,173,-8,-81,89,2515,-83,12,2515
47810444,7887,508969731,53934930,1036,-5238,-5,6317,293179900,2115,293179960,2115,174,-8,-80,117,2530,-82,40,2530
47819758,7887,508969736,53934890,1035,-5237,-5,6317,293179950,2115,293179970,2115,175,-7,-78,106,2511,-80,28,2511
47829690,7887,508969740,53934854,1035,-5236,-4,6317,293179950,2115,293179980,2115,175,-7,-99,15,2467,-100,-61,2464
47839637,7887,508969745,53934817,1035,-5235,-4,6317,293179950,2115,293179990,2115,176,-7,-120,121,2435,-121,45,2436
47849635,7887,508969750,53934780,1034,-5235,-4,6317,293179950,2115,293180000,2115,176,-6,-63,141,2483,-64,63,2484
47859902,7887,508969754,53934743,1034,-5234,-3,6317,293179950,2115,293180010,2115,177,-6,-48,58,2450,-49,-18,2448
47869770,7887,508969759,53934704,1035,-5234,-2,6317,293180000,2115,293180020,2115,177,-6,-68,48,2471,-69,-29,2470
47879683,7888,508969764,53934667,1034,-5233,-2,6317,293180000,2115,293180030,2115,178,-6,-81,92,2474,-82,15,2474
47889657,7888,508969768,53934630,1034,-5232,-2,6317,293180000,2115,293180040,2115,178,-6,-77,58,2442,-78,-19,2440
47899636,7888,508969773,53934594,1034,-5232,-1,6317,293180000,2115,293180050,2115,179,-5,-103,150,2440,-104,73,2442
47909901,7888,508969778,53934557,1033,-5231,-1,6317,293180000,2115,293180060,2115,180,-5,-120,115,2404,-121,39,2405
47919797,7888,508969782,53934509,1033,-5230,0,6317,293180050,2115,293180070,2115,180,-4,-117,110,2494,-117,31,2495
47929709,7888,508969787,53934473,1033,-5229,0,6317,293180050,2115,293180080,2115,181,-4,-56,10,2481,-56,-70,2479
47939621,7889,508969792,53934436,1033,-5229,0,6317,293180050,2115,293180090,2115,183,-3,-53,58,2448,-53,-21,2447
47949624,7889,508969796,53934399,1033,-5229,1,6317,293180050,2115,293180100,2115,184,-3,-67,112,2421,-67,33,2421
47959874,7889,508969801,53934363,1033,-5228,2,6317,293180050,2115,293180110,2115,185,-2,-100,45,2399,-99,-34,2398
47969791,7889,508969806,53934292,1033,-5227,2,6317,293180100,2115,293180120,2115,186,-1,-115,87,2421,-114,8,2421
47980008,7889,508969810,53934255,1032,-5226,3,6317,293180100,2115,293180130,2115,186,0,-112,164,2446,-111,84,2449
47990005,7890,508969815,53934218,1032,-5225,3,6317,293180100,2115,293180140,2115,187,1,-91,78,2413,-89,-2,2413
47999627,7890,508969819,53934182,1032,-5225,4,6317,293180100,2115,293180150,2115,188,1,-62,32,2445,-60,-49,2443
48009905,7890,508969824,53934145,1032,-5225,5,6317,293180100,2115,293180160,2115,189,2,-54,84,2375,-52,5,2375
48020162,7890,508969829,53934040,1032,-5224,5,6317,293180150,2115,293180170,2115,189,2,-67,108,2408,-65,27,2409
48029689,7890,508969833,53934004,1031,-5223,6,6317,293180150,2115,293180180,2115,190,2,-101,105,2413,-98,24,2413
48039639,7891,508969838,53933967,1031,-5223,7,6317,293180150,2115,293180190,2115,190,2,-76,50,2391,-73,-30,2389
48049941,7891,508969843,53933930,1031,-5222,8,6317,293180150,2115,293180200,2115,191,3,-89,123,2333,-86,45,2334
48061008,7891,508969847,53933894,1031,-5222,10,6317,293180150,2115,293180210,2115,192,3,-92,111,2316,-89,32,2317
48069789,7891,508969852,53933795,1031,-5221,11,6317,293180200,2115,293180220,2115,192,3,-90,57,2388,-87,-23,2387
48080486,7891,508969856,53933758,1030,-5220,11,6317,293180200,2115,293180230,2115,192,3,-70,85,2445,-67,2,2445
48089651,7892,508969861,53933721,1030,-5220,12,6317,293180200,2115,293180240,2115,192,2,-62,153,2433,-60,71,2435
48099619,7892,508969866,53933685,1029,-5219,12,6317,293180200,2115,293180250,2115,192,2,-68,106,2458,-66,23,2458
48110328,7892,508969870,53933648,1029,-5219,12,6317,293180200,2115,293180260,2115,192,1,-102,64,2458,-99,-20,2457
48119803,7892,508969875,53933582,1029,-5218,13,6317,293180250,2115,293180270,2115,192,1,-96,116,2463,-94,32,2464
48129715,7892,508969880,53933545,1028,-5217,13,6317,293180250,2115,293180280,2115,192,0,-112,175,2450,-111,92,2453
48139815,7892,508969884,53933509,1028,-5217,13,6318,293180250,2115,293180290,2115,192,0,-92,51,2437,-90,-31,2435
48149633,7892,508969889,53933472,1028,-5216,14,6318,293180250,2115,293180300,2115,191,-1,-81,133,2444,-80,51,2445
48161058,7892,508969893,53933436,1027,-5216,14,6318,293180250,2115,293180310,2115,191,-1,-71,125,2489,-70,41,2490
48170143,7892,508969898,53933391,1027,-5215,14,6318,293180300,2115,293180320,2115,190,-2,-56,125,2551,-55,39,2552
48179691,7892,508969903,53933354,1027,-5214,13,6318,293180300,2115,293180330,2115,190,-3,-94,107,2528,-94,22,2528
48189658,7892,508969907,53933317,1026,-5214,13,6318,293180300,2115,293180340,2115,189,-4,-93,127,2553,-94,42,2554
48200183,7892,508969912,53933281,1026,-5213,13,6318,293180300,2115,293180350,2115,189,-5,-98,119,2556,-98,33,2556
48209888,7892,508969916,53933244,1025,-5212,12,6318,293180300,2115,293180360,2115,188,-6,-104,120,2578,-105,35,2579
48219781,7892,508969921,53933204,1025,-5212,12,6318,293180350,2115,293180370,2115,188,-7,-102,97,2514,-104,14,2514
48230292,7892,508969926,53933167,1024,-5211,11,6318,293180350,2115,293180380,2115,187,-7,-88,154,2555,-90,69,2557
48239640,7892,508969930,53933130,1024,-5211,11,6318,293180350,2115,293180390,2115,186,-8,-63,101,2519,-65,18,2519
48249617,7892,508969935,53933094,1024,-5210,11,6318,293180350,2115,293180400,2115,185,-9,-79,119,2553,-81,35,2553
48260653,7892,508969939,53933057,1024,-5210,10,6318,293180350,2115,293180410,2115,185,-10,-79,91,2591,-82,6,2590
48269768,7892,508969944,53933018,1024,-5209,9,6318,293180400,2115,293180420,2115,184,-11,-90,77,2581,-93,-7,2580
48279707,7892,508969949,53932982,1023,-5208,8,6318,293180400,2115,293180430,2115,184,-12,-92,113,2673,-97,27,2673
48289832,7891,508969953,53932945,1023,-5207,7,6318,293180400,2115,293180440,2115,183,-13,-107,114,2639,-111,29,2639
48299614,7891,508969958,53932909,1022,-5206,6,6318,293180400,2115,293180450,2115,183,-14,-106,130,2631,-111,45,2631
48309875,7891,508969962,53932872,1022,-5206,5,6318,293180400,2115,293180460,2115,182,-14,-109,65,2646,-114,-20,2645
48319964,7891,508969967,53932833,1022,-5205,4,6318,293180450,2115,293180470,2115,181,-15,-98,74,2653,-103,-11,2652
48329714,7891,508969971,53932797,1022,-5204,2,6318,293180450,2115,293180480,2115,180,-16,-68,80,2664,-73,-5,2663
48339621,7891,508969976,53932760,1022,-5203,2,6318,293180450,2115,293180490,2115,180,-17,-85,111,2619,-91,28,2619
48349618,7891,508969981,53932724,1021,-5203,1,6318,293180450,2115,293180500,2115,179,-17,-74,114,2607,-80,31,2608
48360015,7891,508969985,53932687,1021,-5202,0,6318,293180450,2115,293180510,2115,179,-18,-85,62,2635,-92,-22,2633
48369797,7891,508969990,53932649,1021,-5201,-1,6318,293180500,2115,293180520,2115,179,-18,-104,67,2585,-111,-15,2584
48380098,7890,508969994,53932612,1021,-5200,-2,6318,293180500,2115,293180530,2115,178,-18,-113,115,2600,-120,33,2600
48389630,7890,508969999,53932576,1021,-5199,-3,6318,293180500,2115,293180540,2115,178,-18,-115,73,2657,-122,-11,2656
48399624,7890,508970003,53932540,1021,-5198,-4,6318,293180500,2115,293180550,2115,177,-18,-102,48,2646,-109,-35,2644
48410536,7890,508970008,53932503,1021,-5198,-6,6318,293180500,2115,293180560,2115,177,-18,-79,76,2731,-86,-9,2730
48419764,7890,508970012,53932465,1021,-5197,-7,6318,293180550,2115,293180570,2115,176,-17,-96,59,2613,-102,-22,2611
48429735,7890,508970017,53932428,1021,-5196,-8,6318,293180550,2115,293180580,2115,176,-17,-100,84,2635,-106,2,2635
48439640,7890,508970022,53932392,1021,-5195,-9,6318,293180550,2115,293180590,2115,175,-16,-106,18,2634,-112,-63,2631
48449644,7890,508970026,53932355,1021,-5195,-10,6318,293180550,2115,293180600,2115,174,-16,-82,93,2593,-88,13,2593
48460262,7890,508970031,53932319,1020,-5194,-10,6318,293180550,2115,293180610,2115,174,-15,-103,80,2546,-108,2,2545
48470571,7890,508970035,53932281,1020,-5193,-10,6318,293180600,2115,293180620,2115,173,-14,-85,62,2532,-89,-16,2531
48479717,7890,508970040,53932244,1021,-5192,-10,6318,293180600,2115,293180630,2115,172,-13,-75,31,2529,-79,-46,2527
48489628,7890,508970044,53932208,1020,-5192,-11,6318,293180600,2115,293180640,2115,172,-13,-82,80,2571,-86,2,2570
48499849,7890,508970049,53932172,1021,-5191,-11,6318,293180600,2115,293180650,2115,171,-12,-84,12,2512,-88,-64,2509
48509875,7890,508970054,53932135,1020,-5190,-12,6318,293180600,2115,293180660,2115,171,-12,-98,108,2584,-102,30,2584
48519821,7890,508970058,53932097,1020,-5189,-12,6318,293180650,2115,293180670,2115,171,-11,-96,56,2533,-99,-21,2531
48530087,7890,508970063,53932061,1021,-5189,-12,6318,293180650,2115,293180680,2115,170,-11,-76,24,2517,-78,-51,2514
48539639,7890,508970067,53932024,1020,-5188,-12,6318,293180650,2115,293180690,2115,170,-10,-99,113,2516,-102,38,2516
48549641,7890,508970072,53931988,1020,-5187,-12,6318,293180650,2115,293180700,2115,169,-10,-110,78,2463,-113,4,2462
48559882,7890,508970076,53931951,1020,-5186,-12,6318,293180650,2115,293180710,2115,168,-9,-103,74,2573,-105,-3,2572
48569767,7890,508970081,53931913,1020,-5186,-13,6318,293180700,2115,293180720,2115,168,-9,-55,6,2523,-57,-68,2520
48579736,7890,508970086,53931877,1020,-5185,-12,6318,293180700,2115,293180730,2115,167,-8,-104,115,2448,-106,43,2448
48590544,7890,508970090,53931841,1020,-5184,-13,6318,293180700,2115,293180740,2115,167,-8,-101,78,2552,-104,3,2552
48599620,7890,508970095,53931804,1020,-5184,-12,6318,293180700,2115,293180750,2115,167,-8,-82,61,2438,-84,-10,2437
48609874,7890,508970099,53931768,1019,-5183,-11,6318,293180700,2115,293180760,2115,167,-8,-100,78,2417,-101,7,2416
48619758,7890,508970104,53931730,1019,-5182,-11,6318,293180750,2115,293180770,2115,167,-8,-116,116,2493,-118,42,2493
48629712,7890,508970108,53931694,1019,-5181,-11,6318,293180750,2115,293180780,2115,167,-8,-90,41,2445,-91,-31,2444
48639662,7890,508970113,53931657,1019,-5181,-11,6318,293180750,2115,293180790,2115,167,-8,-69,51,2470,-70,-22,2469
48650443,7891,508970118,53931621,1019,-5180,-10,6318,293180750,2115,293180800,2115,166,-7,-110,67,2444,-112,-5,2443
48659867,7891,508970122,53931585,1018,-5179,-10,6318,293180750,2115,293180810,2115,167,-7,-83,146,2451,-84,74,2452
48669780,7891,508970127,53931547,1018,-5178,-10,6318,293180800,2115,293180820,2115,167,-8,-92,89,2529,-94,15,2529
48680594,7890,508970131,53931510,1018,-5178,-10,6318,293180800,2115,293180830,2115,168,-8,-67,8,2488,-68,-65,2485
48689635,7890,508970136,53931474,1018,-5177,-10,6318,293180800,2115,293180840,2115,168,-8,-94,53,2465,-95,-20,2463
48699624,7890,508970140,53931438,1018,-5176,-9,6318,293180800,2115,293180850,2115,168,-8,-133,111,2484,-135,36,2485
48709919,7890,508970145,53931401,1018,-5175,-9,6318,293180800,2115,293180860,2115,168,-9,-80,39,2411,-82,-33,2410
48719782,7890,508970150,53931363,1018,-5175,-9,6318,293180850,2115,293180870,2115,169,-9,-86,73,2520,-89,-2,2519
48729686,7890,508970154,53931327,1018,-5174,-9,6318,293180850,2115,293180880,2115,169,-9,-56,62,2460,-59,-11,2459
48739620,7890,508970159,53931291,1018,-5174,-8,6318,293180850,2115,293180890,2115,170,-10,-68,85,2466,-71,11,2465
48749646,7890,508970163,53931254,1018,-5173,-8,6318,293180850,2115,293180900,2115,171,-11,-76,45,2446,-79,-29,2445
48759897,7890,508970168,53931218,1018,-5172,-7,6318,293180850,2115,293180910,2115,171,-11,-88,50,2428,-91,-23,2426
48769953,7890,508970172,53931180,1017,-5172,-7,6318,293180900,2115,293180920,2115,172,-12,-92,119,2508,-95,43,2508
48779710,7890,508970177,53931144,1017,-5171,-7,6318,293180900,2115,293180930,2115,172,-13,-110,51,2460,-113,-24,2458
48789647,7890,508970182,53931108,1017,-5170,-7,6318,293180900,2115,293180940,2115,173,-13,-61,62,2530,-66,-16,2529
48800172,7890,508970186,53931071,1017,-5169,-7,6318,293180900,2115,293180950,2115,173,-14,-91,61,2507,-96,-15,2505
48810445,7890,508970191,53931035,1017,-5169,-7,6318,293180900,2115,293180960,2115,174,-15,-93,29,2498,-98,-48,2496
48819767,7890,508970195,53930997,1018,-5168,-7,6318,293180950,2115,293180970,2115,175,-15,-64,27,2509,-69,-50,2506
48829807,7890,508970200,53930961,1017,-5167,-7,6318,293180950,2115,293180980,2115,176,-16,-110,139,2471,-116,63,2472
48839642,7889,508970204,53930925,1017,-5166,-7,6318,293180950,2115,293180990,2115,176,-16,-97,78,2498,-103,0,2497
48849645,7889,508970209,53930888,1017,-5166,-7,6318,293180950,2115,293181000,2115,177,-17,-87,48,2526,-92,-31,2524
48859894,7889,508970214,53930852,1017,-5165,-7,6318,293180950,2115,293181010,2115,177,-18,-74,87,2452,-80,10,2452
48869796,7889,508970218,53930814,1017,-5165,-6,6318,293181000,2115,293181020,2115,177,-18,-56,25,2408,-62,-50,2405
48879702,7889,508970223,53930778,1017,-5163,-6,6318,293181000,2115,293181030,2115,178,-18,-133,85,2449,-139,8,2448
48889657,7889,508970227,53930742,1016,-5162,-5,6318,293181000,2115,293181040,2115,180,-18,-128,108,2427,-134,31,2427
48899617,7889,508970232,53930706,1016,-5162,-5,6318,293181000,2115,293181050,2115,182,-17,-110,71,2463,-116,-8,2462
48909882,7888,508970236,53930669,1017,-5161,-5,6318,293181000,2115,293181060,2115,184,-17,-72,-25,2520,-77,-106,2516
48919786,7888,508970241,53930632,1016,-5160,-4,6318,293181050,2115,293181070,2115,187,-16,-77,127,2447,-82,46,2448
48929683,7888,508970246,53930595,1017,-5159,-4,6318,293181050,2115,293181080,2115,189,-15,-93,-17,2472,-98,-99,2468
48939634,7888,508970250,53930559,1017,-5158,-4,6318,293181050,2115,293181090,2115,191,-14,-114,90,2488,-119,6,2488
48949632,7887,508970255,53930523,1017,-5157,-4,6318,293181050,2115,293181100,2115,192,-13,-174,47,2536,-178,-40,2534
48961024,7887,508970259,53930487,1018,-5156,-5,6318,293181050,2115,293181110,2115,194,-12,-130,-47,2592,-134,-136,2586
48969769,7887,508970264,53930449,1018,-5155,-5,6318,293181100,2115,293181120,2115,194,-11,-21,-20,2548,-24,-106,2544
48979690,7887,508970268,53930413,1018,-5155,-4,6318,293181100,2115,293181130,2115,194,-11,-24,130,2380,-27,48,2381
48989657,7887,508970273,53930377,1018,-5154,-2,6318,293181100,2115,293181140,2115,193,-10,-103,47,2262,-105,-30,2260
48999638,7888,508970278,53930340,1018,-5153,-1,6318,293181100,2115,293181150,2115,193,-9,-125,11,2308,-127,-68,2305
49009873,7888,508970282,53930304,1019,-5152,1,6318,293181100,2115,293181160,2115,194,-8,-124,41,2317,-125,-39,2315
49019770,7888,508970287,53930266,1020,-5152,1,6318,293181150,2115,293181170,2115,194,-7,-38,-47,2419,-39,-129,2414
49029712,7888,508970291,53930230,1019,-5152,2,6318,293181150,2115,293181180,2115,194,-7,-46,94,2456,-47,10,2456
49039633,7888,508970296,53930194,1019,-5151,2,6318,293181150,2115,293181190,2115,193,-7,-76,67,2424,-77,-16,2423
49049631,7888,508970301,53930158,1019,-5151,2,6318,293181150,2115,293181200,2115,193,-7,-56,134,2544,-58,48,2545
49061048,7888,508970305,53930122,1019,-5150,2,6318,293181150,2115,293181210,2115,192,-7,-113,73,2536,-114,-13,2535
49069793,7888,508970310,53930084,1019,-5148,1,6318,293181200,2115,293181220,2115,191,-7,-195,79,2585,-196,-9,2584
49079717,7888,508970314,53930048,1018,-5147,0,6318,293181200,2115,293181230,2115,190,-7,-101,126,2635,-103,38,2636
49089631,7888,508970319,53930012,1018,-5146,-1,6318,293181200,2115,293181240,2115,188,-7,-113,36,2569,-114,-50,2566
49099623,7887,508970323,53929976,1018,-5146,0,6318,293181200,2115,293181250,2115,187,-7,-57,168,2425,-59,88,2427
49109902,7887,508970328,53929939,1017,-5146,0,6318,293181200,2115,293181260,2115,185,-7,-59,111,2479,-61,30,2479
49119794,7887,508970333,53929902,1017,-5146,0,6318,293181250,2115,293181270,2115,183,-8,2,123,2556,-1,40,2557
49129731,7887,508970337,53929865,1017,-5145,-1,6318,293181250,2115,293181280,2115,182,-9,-69,112,2527,-72,31,2527
49139625,7887,508970342,53929829,1016,-5144,-1,6318,293181250,2115,293181290,2115,180,-10,-144,82,2515,-146,1,2514
49149667,7886,508970346,53929793,1016,-5143,-1,6318,293181250,2115,293181300,2115,179,-11,-150,51,2596,-153,-31,2594
49161062,7886,508970351,53929757,1016,-5142,-2,6318,293181250,2115,293181310,2115,177,-12,-107,93,2613,-111,11,2613
49169781,7886,508970355,53929719,1016,-5141,-3,6319,293181300,2115,293181320,2115,176,-13,-84,108,2579,-88,28,2579
49179726,7885,508970360,53929683,1015,-5141,-4,6319,293181300,2115,293181330,2115,175,-14,-58,122,2609,-63,42,2610
49189627,7885,508970365,53929647,1015,-5141,-5,6319,293181300,2115,293181340,2115,174,-15,-59,68,2618,-65,-13,2616
49199652,7884,508970369,53929611,1015,-5140,-6,6319,293181300,2115,293181350,2115,173,-16,-89,32,2650,-94,-49,2647
49209892,7884,508970374,53929575,1016,-5139,-7,6319,293181300,2115,293181360,2115,173,-17,-112,56,2691,-119,-26,2690
49220381,7884,508970378,53929537,1015,-5138,-8,6319,293181350,2115,293181370,2115,172,-18,-99,65,2654,-106,-16,2652
49229707,7883,508970383,53929501,1015,-5137,-10,6319,293181350,2115,293181380,2115,172,-19,-84,94,2641,-91,14,2641
49239662,7883,508970387,53929465,1015,-5137,-10,6319,293181350,2115,293181390,2115,171,-19,-79,49,2584,-86,-29,2582
49250480,7882,508970392,53929429,1015,-5136,-11,6319,293181350,2115,293181400,2115,171,-20,-100,80,2598,-108,1,2597
49259885,7882,508970397,53929393,1015,-5135,-12,6319,293181350,2115,293181410,2115,170,-21,-92,68,2672,-100,-12,2670
49269760,7882,508970401,53929355,1015,-5134,-14,6319,293181400,2115,293181420,2115,170,-22,-90,44,2675,-99,-36,2673
49279697,7881,508970406,53929319,1016,-5133,-15,6319,293181400,2115,293181430,2115,170,-22,-101,8,2638,-110,-72,2635
49289620,7881,508970410,53929283,1016,-5132,-16,6319,293181400,2115,293181440,2115,170,-23,-100,61,2613,-109,-17,2611
49299630,7881,508970415,53929247,1016,-5131,-16,6319,293181400,2115,293181450,2115,170,-23,-78,4,2538,-86,-72,2534
49309887,7881,508970419,53929211,1016,-5131,-17,6319,293181400,2115,293181460,2115,170,-23,-53,60,2602,-62,-18,2601
49319781,7880,508970424,53929173,1016,-5130,-17,6319,293181450,2115,293181470,2115,170,-23,-83,56,2569,-92,-21,2567
49329747,7880,508970429,53929137,1016,-5129,-18,6319,293181450,2115,293181480,2115,170,-23,-93,49,2600,-102,-29,2598
49339646,7880,508970433,53929101,1016,-5128,-19,6319,293181450,2115,293181490,2115,170,-23,-111,41,2619,-120,-37,2616
49349668,7880,508970438,53929065,1017,-5128,-19,6319,293181450,2115,293181500,2115,170,-24,-73,17,2523,-81,-59,2521
49359888,7880,508970442,53929029,1016,-5127,-19,6319,293181450,2115,293181510,2115,170,-24,-93,83,2503,-102,8,2502
49369811,7880,508970447,53928991,1017,-5126,-19,6319,293181500,2115,293181520,2115,170,-24,-71,26,2509,-80,-49,2506
49379706,7880,508970451,53928955,1017,-5125,-19,6319,293181500,2115,293181530,2115,170,-24,-81,23,2485,-89,-51,2483
49389640,7880,508970456,53928919,1016,-5125,-19,6319,293181500,2115,293181540,2115,170,-23,-88,113,2470,-97,39,2470
49399643,7880,508970460,53928883,1016,-5124,-18,6319,293181500,2115,293181550,2115,170,-23,-85,84,2447,-93,10,2446
49409911,7880,508970465,53928847,1016,-5123,-18,6319,293181500,2115,293181560,2115,170,-22,-88,1,2419,-96,-72,2416
49419771,7880,508970470,53928809,1016,-5122,-17,6319,293181550,2115,293181570,2115,170,-22,-94,58,2475,-101,-16,2474
49429706,7880,508970474,53928773,1016,-5122,-17,6319,293181550,2115,293181580,2115,171,-21,-73,56,2457,-81,-18,2455
49439644,7880,508970479,53928737,1016,-5121,-17,6319,293181550,2115,293181590,2115,171,-21,-72,83,2496,-80,7,2495
49449616,7880,508970483,53928701,1016,-5120,-16,6319,293181550,2115,293181600,2115,172,-20,-116,25,2440,-122,-49,2437
49459877,7880,508970488,53928665,1016,-5119,-16,6319,293181550,2115,293181610,2115,172,-19,-90,75,2453,-97,0,2452
49469771,7880,508970492,53928627,1016,-5118,-15,6319,293181600,2115,293181620,2115,173,-18,-108,105,2423,-114,31,2423
49479695,7880,508970497,53928591,1016,-5118,-14,6319,293181600,2115,293181630,2115,173,-17,-79,55,2360,-84,-17,2359
49489624,7880,508970502,53928556,1016,-5117,-13,6319,293181600,2115,293181640,2115,174,-16,-83,44,2353,-88,-28,2351
49499623,7881,508970506,53928520,1015,-5117,-12,6319,293181600,2115,293181650,2115,174,-15,-75,126,2338,-80,54,2339
49509871,7881,508970511,53928484,1015,-5116,-10,6319,293181600,2115,293181660,2115,175,-14,-73,49,2302,-77,-22,2300
49519797,7881,508970515,53928446,1016,-5115,-10,6319,293181650,2115,293181670,2115,175,-13,-85,30,2418,-89,-45,2416
49529702,7881,508970520,53928410,1015,-5114,-9,6319,293181650,2115,293181680,2115,176,-12,-105,94,2377,-109,20,2377
49539635,7881,508970524,53928374,1015,-5114,-8,6319,293181650,2115,293181690,2115,177,-11,-67,81,2375,-70,7,2374
49549648,7881,508970529,53928338,1015,-5113,-7,6319,293181650,2115,293181700,2115,178,-11,-69,87,2384,-72,12,2384
49560354,7881,508970534,53928302,1015,-5113,-5,6319,293181650,2115,293181710,2115,179,-10,-95,82,2290,-98,10,2289
49569771,7882,508970538,53928264,1014,-5112,-4,6319,293181700,2115,293181720,2115,179,-9,-104,101,2351,-107,26,2351
49579697,7882,508970543,53928228,1014,-5111,-3,6319,293181700,2115,293181730,2115,180,-9,-77,48,2336,-79,-27,2335
49589655,7882,508970547,53928193,1015,-5111,-2,6319,293181700,2115,293181740,2115,180,-9,-53,24,2419,-55,-52,2417
49599662,7882,508970552,53928157,1014,-5110,-1,6319,293181700,2115,293181750,2115,181,-8,-90,102,2424,-92,24,2424
49609880,7882,508970556,53928121,1013,-5109,0,6319,293181700,2115,293181760,2115,181,-8,-102,177,2376,-105,100,2378
49620251,7883,508970561,53928083,1014,-5108,0,6319,293181750,2115,293181770,2115,181,-9,-110,18,2417,-112,-60,2415
49629691,7883,508970565,53928047,1014,-5108,1,6319,293181750,2115,293181780,2115,182,-9,-75,62,2478,-78,-17,2477
49639638,7883,508970570,53928011,1014,-5107,1,6319,293181750,2115,293181790,2115,181,-10,-78,92,2433,-80,14,2433
49649635,7883,508970575,53927975,1013,-5107,1,6319,293181750,2115,293181800,2115,181,-11,-92,117,2484,-96,38,2485
49660497,7884,508970579,53927940,1013,-5106,2,6319,293181750,2115,293181810,2115,180,-12,-108,84,2447,-111,6,2447
49669786,7884,508970584,53927902,1013,-5105,2,6319,293181800,2115,293181820,2115,179,-12,-93,71,2473,-97,-7,2472
49679699,7884,508970588,53927866,1012,-5104,2,6319,293181800,2115,293181830,2115,178,-13,-88,119,2431,-92,42,2432
49689622,7885,508970593,53927830,1012,-5103,2,6319,293181800,2115,293181840,2115,177,-15,-141,77,2547,-146,-3,2545
49699666,7885,508970597,53927794,1013,-5102,1,6319,293181800,2115,293181850,2115,176,-16,-94,-1,2586,-99,-82,2583
49709863,7885,508970602,53927758,1012,-5102,1,6319,293181800,2115,293181860,2115,174,-18,-87,126,2561,-94,48,2561
49719781,7885,508970606,53927720,1011,-5102,-1,6319,293181850,2115,293181870,2115,171,-20,52,276,2689,44,195,2694
49729717,7886,508970611,53927685,1010,-5101,0,6319,293181850,2115,293181880,2115,168,-22,-135,143,2424,-142,70,2425
49739627,7886,508970616,53927649,1010,-5100,-1,6319,293181850,2115,293181890,2115,166,-23,-138,73,2587,-147,-3,2585
49749643,7886,508970620,53927613,1008,-5099,-1,6319,293181850,2115,293181900,2115,164,-24,-189,304,2538,-199,230,2543
49761037,7886,508970625,53927577,1009,-5097,-3,6319,293181850,2115,293181910,2115,164,-25,-171,-100,2740,-180,-180,2733
49769772,7885,508970629,53927539,1008,-5097,-5,6319,293181900,2115,293181920,2115,164,-26,-91,109,2789,-102,28,2788
49779715,7885,508970634,53927504,1006,-5097,-8,6319,293181900,2115,293181930,2115,162,-28,60,339,2876,47,257,2883
49789660,7885,508970638,53927468,1007,-5097,-8,6319,293181900,2115,293181940,2115,162,-29,-24,35,2499,-35,-36,2497
49799630,7885,508970643,53927432,1003,-5096,-9,6319,293181900,2115,293181950,2115,160,-29,-147,513,2592,-161,439,2603
49809880,7884,508970647,53927396,1008,-5093,-10,6319,293181900,2115,293181960,2115,161,-30,-249,-609,2637,-258,-684,2616
49819774,7884,508970652,53927359,1004,-5091,-11,6319,293181950,2115,293181970,2115,161,-29,-413,518,2666,-427,440,2675
49829713,7883,508970656,53927323,1002,-5092,-15,6319,293181950,2115,293181980,2115,163,-28,98,360,2956,84,276,2963
49839647,7883,508970661,53927287,1008,-5090,-15,6319,293181950,2115,293181990,2115,164,-28,2,-792,2606,-5,-867,2581
49849633,7883,508970665,53927251,1005,-5090,-16,6319,293181950,2115,293182000,2115,164,-27,-144,499,2591,-156,423,2602
49859900,7883,508970670,53927216,1000,-5091,-15,6319,293181950,2115,293182010,2115,166,-26,40,663,2301,28,596,2317
49869770,7883,508970674,53927178,1009,-5089,-16,6319,293182000,2115,293182020,2115,167,-26,-78,-1054,2691,-83,-1132,2657
49879708,7883,508970679,53927142,1007,-5088,-18,6319,293182000,2115,293182030,2115,168,-25,-94,275,2734,-106,194,2738
49889786,7883,508970683,53927106,1006,-5086,-18,6319,293182000,2115,293182040,2115,170,-25,-301,199,2539,-311,122,2541
49899642,7884,508970688,53927071,1009,-5085,-19,6319,293182000,2115,293182050,2115,172,-23,-86,-323,2637,-93,-403,2624
49910341,7884,508970693,53927035,1007,-5084,-19,6319,293182000,2115,293182060,2115,173,-22,-93,354,2477,-103,278,2484
49920254,7884,508970697,53926997,1006,-5083,-18,6319,293182050,2115,293182070,2115,176,-21,-110,131,2428,-117,56,2429
49929713,7885,508970702,53926962,1007,-5084,-19,6319,293182050,2115,293182080,2115,178,-20,76,-75,2631,69,-157,2625
49939644,7885,508970706,53926926,1008,-5083,-21,6319,293182050,2115,293182090,2115,180,-20,-11,1,2665,-18,-83,2662
49950167,7886,508970711,53926890,1009,-5082,-20,6319,293182050,2115,293182100,2115,182,-19,-113,-59,2481,-119,-138,2476
49959867,7886,508970715,53926855,1008,-5081,-20,6319,293182050,2115,293182110,2115,183,-18,-209,132,2469,-215,51,2469
49969779,7887,508970720,53926817,1008,-5079,-19,6319,293182100,2115,293182120,2115,184,-17,-164,59,2397,-169,-20,2395
49980294,7887,508970724,53926781,1007,-5079,-19,6319,293182100,2115,293182130,2115,186,-16,-76,127,2435,-81,47,2436
49989649,7888,508970729,53926745,1007,-5079,-19,6319,293182100,2115,293182140,2115,187,-15,-17,132,2490,-22,50,2491
49999654,7888,508970733,53926710,1007,-5079,-19,6319,293182100,2115,293182150,2115,188,-14,-1,81,2539,-6,-3,2538
50010002,7888,508970738,53926674,1007,-5078,-19,6319,293182100,2115,293182160,2115,188,-14,-99,111,2476,-103,28,2476
50019803,7889,508970742,53926636,1007,-5077,-18,6319,293182150,2115,293182170,2115,189,-13,-132,6,2447,-136,-76,2443
50029697,7889,508970747,53926601,1007,-5076,-18,6319,293182150,2115,293182180,2115,190,-12,-129,110,2406,-132,29,2406
50040370,7890,508970751,53926565,1006,-5075,-17,6319,293182150,2115,293182190,2115,190,-12,-76,158,2400,-80,77,2401
50049633,7890,508970756,53926530,1005,-5075,-16,6319,293182150,2115,293182200,2115,191,-11,-54,140,2390,-57,60,2391
50059884,7890,508970760,53926494,1005,-5074,-15,6319,293182150,2115,293182210,2115,192,-10,-64,75,2400,-67,-7,2400
50070124,7890,508970765,53926456,1005,-5074,-15,6319,293182200,2115,293182220,2115,193,-10,-85,173,2435,-88,90,2437
50079723,7890,508970770,53926420,1004,-5073,-14,6319,293182200,2115,293182230,2115,193,-10,-122,134,2442,-125,50,2443
50089633,7890,508970774,53926385,1004,-5072,-14,6319,293182200,2115,293182240,2115,194,-10,-77,48,2448,-79,-35,2446
50099904,7890,508970779,53926349,1004,-5071,-14,6319,293182200,2115,293182250,2115,194,-10,-124,41,2519,-126,-45,2517
50109897,7890,508970783,53926314,1004,-5071,-13,6319,293182200,2115,293182260,2115,193,-10,-87,158,2353,-90,78,2355
50119797,7890,508970788,53926276,1003,-5070,-12,6319,293182250,2115,293182270,2115,192,-11,-87,138,2362,-90,58,2363
50129710,7891,508970792,53926240,1002,-5069,-10,6319,293182250,2115,293182280,2115,191,-11,-149,148,2247,-153,71,2249
50139638,7891,508970797,53926205,1001,-5068,-8,6319,293182250,2115,293182290,2115,191,-11,-156,221,2316,-160,142,2320
50149659,7890,508970801,53926169,1001,-5067,-8,6319,293182250,2115,293182300,2115,191,-11,-153,48,2443,-156,-35,2441
50160384,7890,508970806,53926134,1001,-5066,-8,6319,293182250,2115,293182310,2115,191,-12,-108,18,2493,-111,-66,2490
50169804,7890,508970810,53926096,1001,-5065,-8,6319,293182300,2115,293182320,2115,191,-12,-145,102,2471,-149,19,2471
50179694,7890,508970815,53926060,999,-5064,-7,6319,293182300,2115,293182330,2115,190,-13,-111,248,2445,-116,166,2450
50189659,7890,508970819,53926025,999,-5063,-6,6320,293182300,2115,293182340,2115,189,-14,-177,104,2342,-181,25,2342
50199624,7890,508970824,53925989,998,-5062,-6,6320,293182300,2115,293182350,2115,188,-15,-145,154,2482,-150,72,2483
50209905,7890,508970828,53925954,998,-5059,-6,6320,293182300,2115,293182360,2115,187,-15,-280,38,2468,-285,-45,2465
50220256,7890,508970833,53925916,998,-5058,-6,6320,293182350,2115,293182370,2115,185,-16,-176,97,2582,-182,12,2581
50229700,7889,508970837,53925881,997,-5057,-6,6320,293182350,2115,293182380,2115,183,-16,-169,140,2438,-174,61,2439
50239655,7889,508970842,53925845,996,-5056,-4,6320,293182350,2115,293182390,2115,181,-17,-117,172,2352,-122,97,2354
50249811,7889,508970846,53925810,995,-5055,-3,6320,293182350,2115,293182400,2115,180,-17,-195,121,2358,-201,46,2358
50260127,7889,508970851,53925774,995,-5053,-3,6320,293182350,2115,293182410,2115,178,-17,-168,101,2425,-173,24,2424
50269803,7889,508970855,53925737,995,-5052,-3,6320,293182400,2115,293182420,2115,177,-18,-152,56,2497,-158,-22,2495
50279941,7888,508970860,53925701,995,-5050,-3,6320,293182400,2115,293182430,2115,176,-18,-182,67,2563,-189,-13,2562
50289689,7888,508970864,53925666,994,-5049,-3,6320,293182400,2115,293182440,2115,175,-18,-222,97,2474,-229,20,2473
50299646,7888,508970869,53925630,994,-5047,-3,6320,293182400,2115,293182450,2115,173,-18,-254,98,2478,-260,21,2478
50310117,7888,508970873,53925595,993,-5045,-3,6320,293182400,2115,293182460,2115,172,-17,-183,161,2503,-189,85,2504
50319813,7887,508970877,53925557,992,-5044,-1,6320,293182450,2115,293182470,2115,171,-16,-182,114,2329,-187,43,2329
50329706,7887,508970882,53925522,991,-5043,-1,6320,293182450,2115,293182480,2115,172,-15,-149,181,2493,-154,105,2495
50340104,7886,508970886,53925487,991,-5040,-1,6320,293182450,2115,293182490,2115,174,-14,-379,-33,2417,-383,-109,2412
50349630,7886,508970891,53925451,993,-5037,-3,6320,293182450,2115,293182500,2115,177,-12,-265,-153,2761,-268,-240,2752
50361036,7885,508970895,53925416,993,-5036,-2,6320,293182450,2115,293182510,2115,177,-11,-114,-18,2454,-117,-94,2450
50370263,7885,508970900,53925378,993,-5037,-3,6320,293182500,2115,293182520,2115,176,-11,37,128,2632,34,47,2633
50379701,7885,508970904,53925343,993,-5036,-2,6320,293182500,2115,293182530,2115,173,-10,-158,19,2283,-160,-51,2280
50389679,7885,508970909,53925308,992,-5034,0,6320,293182500,2115,293182540,2115,171,-9,-261,90,2274,-263,20,2274
50399905,7884,508970913,53925272,993,-5030,1,6320,293182500,2115,293182550,2115,170,-8,-454,-54,2335,-455,-126,2330
50409870,7883,508970918,53925237,993,-5027,2,6320,293182500,2115,293182560,2115,170,-6,-374,-8,2391,-374,-82,2387
50420386,7883,508970922,53925200,993,-5025,2,6320,293182550,2115,293182570,2115,171,-4,-154,10,2611,-154,-69,2608
50429839,7883,508970927,53925164,993,-5026,1,6320,293182550,2115,293182580,2115,172,-3,17,119,2613,17,40,2613
50439660,7882,508970931,53925129,992,-5026,2,6320,293182550,2115,293182590,2115,172,-4,88,191,2396,87,118,2399
50449664,7882,508970935,53925094,994,-5025,3,6320,293182550,2115,293182600,2115,172,-4,-80,-243,2330,-79,-313,2320
50460508,7882,508970940,53925059,994,-5021,4,6320,293182550,2115,293182610,2115,170,-5,-514,-44,2385,-514,-118,2381
50469797,7881,508970944,53925021,991,-5020,3,6320,293182600,2115,293182620,2115,169,-4,-269,397,2635,-270,317,2644
50479725,7881,508970949,53924986,995,-5016,1,6320,293182600,2115,293182630,2115,170,-3,-335,-407,2762,-332,-491,2747
50489644,7881,508970953,53924951,997,-5014,1,6320,293182600,2115,293182640,2115,170,-2,-244,-331,2485,-241,-406,2472
50499630,7881,508970958,53924916,994,-5013,2,6320,293182600,2115,293182650,2115,169,-2,-261,434,2407,-262,361,2417
50509905,7880,508970962,53924880,994,-5011,2,6320,293182600,2115,293182660,2115,170,-1,-206,100,2502,-205,24,2502
50520746,7880,508970967,53924843,995,-5012,2,6320,293182650,2115,293182670,2115,171,-2,120,-35,2449,122,-108,2445
50529716,7880,508970971,53924808,996,-5012,1,6320,293182650,2115,293182680,2115,170,-2,38,-113,2648,40,-192,2641
50539636,7880,508970976,53924773,996,-5009,0,6320,293182650,2115,293182690,2115,170,-2,-323,64,2626,-323,-16,2624
50550066,7881,508970980,53924738,995,-5005,0,6320,293182650,2115,293182700,2115,171,-2,-521,38,2500,-520,-40,2498
50560225,7881,508970985,53924702,997,-5002,-1,6320,293182650,2115,293182710,2115,171,-2,-349,-197,2650,-347,-278,2641
50569779,7882,508970989,53924665,994,-5001,-1,6320,293182700,2115,293182720,2115,171,-2,-179,409,2515,-180,333,2524
50580659,7882,508970994,53924630,993,-5001,-1,6320,293182700,2115,293182730,2115,172,-1,-29,172,2424,-28,98,2426
50589641,7882,508970998,53924595,994,-5001,-2,6320,293182700,2115,293182740,2115,174,-2,-32,-46,2638,-31,-126,2633
50599624,7882,508971003,53924560,995,-4999,-3,6320,293182700,2115,293182750,2115,175,-2,-231,-36,2625,-230,-117,2621
50611351,7882,508971007,53924525,995,-4997,-3,6320,293182700,2115,293182760,2115,176,-3,-255,-29,2567,-254,-110,2563
50619774,7883,508971012,53924487,995,-4994,-4,6320,293182750,2115,293182770,2115,177,-3,-324,111,2626,-323,27,2626
50629759,7883,508971016,53924452,995,-4992,-5,6320,293182750,2115,293182780,2115,178,-3,-238,55,2559,-237,-26,2557
50639653,7883,508971021,53924417,994,-4991,-5,6320,293182750,2115,293182790,2115,180,-3,-197,131,2515,-197,51,2515
50651999,7883,508971025,53924382,993,-4990,-5,6320,293182750,2115,293182800,2115,181,-4,-136,214,2566,-137,132,2569
50660194,7883,508971029,53924347,992,-4989,-6,6320,293182750,2115,293182810,2115,183,-4,-117,157,2562,-118,74,2564
50669781,7883,508971034,53924310,993,-4987,-7,6320,293182800,2115,293182820,2115,185,-5,-190,-80,2644,-190,-166,2637
50679724,7883,508971038,53924275,993,-4985,-8,6320,293182800,2115,293182830,2115,186,-6,-235,-10,2628,-236,-97,2624
50689630,7884,508971043,53924240,992,-4984,-8,6320,293182800,2115,293182840,2115,188,-6,-250,167,2546,-252,82,2548
50700356,7884,508971047,53924205,991,-4982,-8,6320,293182800,2115,293182850,2115,189,-7,-227,159,2533,-229,74,2535
50709898,7884,508971052,53924170,991,-4981,-9,6320,293182800,2115,293182860,2115,191,-8,-178,51,2529,-179,-34,2527
50719776,7884,508971056,53924133,991,-4979,-9,6320,293182850,2115,293182870,2115,192,-9,-164,96,2570,-166,8,2569
50729703,7883,508971061,53924098,991,-4978,-10,6320,293182850,2115,293182880,2115,193,-10,-195,84,2633,-198,-6,2632
50739823,7883,508971065,53924063,991,-4976,-11,6320,293182850,2115,293182890,2115,194,-11,-241,27,2604,-244,-62,2601
50749647,7883,508971070,53924028,990,-4974,-12,6320,293182850,2115,293182900,2115,194,-12,-240,88,2642,-244,-4,2641
50761096,7884,508971074,53923994,990,-4973,-13,6320,293182850,2115,293182910,2115,194,-13,-165,125,2587,-170,36,2587
50769775,7884,508971078,53923956,989,-4972,-12,6320,293182900,2115,293182920,2115,195,-14,-168,178,2390,-173,95,2392
50779698,7884,508971083,53923922,989,-4970,-12,6320,293182900,2115,293182930,2115,196,-14,-231,34,2476,-235,-53,2473
50789648,7883,508971087,53923887,989,-4968,-13,6320,293182900,2115,293182940,2115,198,-15,-195,87,2619,-200,-5,2618
50799645,7883,508971092,53923852,988,-4966,-13,6320,293182900,2115,293182950,2115,200,-16,-235,143,2564,-240,52,2564
50809887,7883,508971096,53923817,988,-4964,-15,6320,293182900,2115,293182960,2115,201,-16,-229,-23,2714,-234,-120,2709
50820731,7883,508971101,53923780,988,-4963,-16,6320,293182950,2115,293182970,2115,203,-17,-196,51,2634,-202,-44,2631
50829711,7883,508971105,53923745,987,-4962,-17,6320,293182950,2115,293182980,2115,203,-18,-168,228,2603,-175,134,2607
50839627,7883,508971110,53923710,987,-4960,-16,6320,293182950,2115,293182990,2115,204,-18,-208,91,2487,-215,1,2486
50849635,7883,508971114,53923676,987,-4958,-16,6320,293182950,2115,293183000,2115,204,-18,-245,24,2439,-251,-65,2436
50859902,7883,508971118,53923641,987,-4956,-16,6320,293182950,2115,293183010,2115,205,-18,-232,67,2547,-239,-26,2545
50869847,7883,508971123,53923604,986,-4954,-17,6320,293183000,2115,293183020,2115,205,-18,-218,136,2537,-225,44,2538
50879723,7883,508971127,53923569,985,-4953,-17,6320,293183000,2115,293183030,2115,205,-18,-114,147,2519,-121,56,2520
50889632,7884,508971132,53923534,985,-4952,-17,6320,293183000,2115,293183040,2115,204,-18,-146,141,2493,-152,50,2494
50900590,7884,508971136,53923500,984,-4951,-16,6320,293183000,2115,293183050,2115,205,-18,-196,116,2414,-202,28,2414
50909878,7884,508971141,53923465,985,-4949,-16,6320,293183000,2115,293183060,2115,205,-18,-182,-63,2492,-188,-153,2485
50919797,7884,508971145,53923428,984,-4947,-16,6320,293183050,2115,293183070,2115,205,-18,-305,120,2497,-311,29,2496
50929704,7884,508971149,53923393,982,-4946,-15,6320,293183050,2115,293183080,2115,205,-18,-200,381,2440,-207,292,2450
50939627,7884,508971154,53923358,983,-4944,-16,6320,293183050,2115,293183090,2115,205,-17,-143,-104,2567,-148,-197,2560
50949670,7884,508971158,53923324,983,-4943,-15,6320,293183050,2115,293183100,2115,205,-16,-163,81,2442,-168,-8,2441
50961024,7884,508971163,53923289,981,-4942,-14,6320,293183050,2115,293183110,2115,205,-15,-215,273,2338,-221,188,2344
50969796,7884,508971167,53923252,981,-4941,-14,6320,293183100,2115,293183120,2115,205,-14,-143,143,2459,-148,54,2461
50980423,7884,508971172,53923218,981,-4939,-14,6320,293183100,2115,293183130,2115,205,-13,-139,37,2493,-143,-53,2491
50989648,7885,508971176,53923183,981,-4938,-14,6320,293183100,2115,293183140,2115,205,-13,-204,42,2468,-208,-48,2466
50999839,7885,508971180,53923148,980,-4936,-13,6320,293183100,2115,293183150,2115,205,-12,-198,182,2456,-202,93,2459
51010807,7885,508971185,53923114,979,-4935,-12,6320,293183100,2115,293183160,2115,204,-11,-211,162,2385,-214,75,2387
51019780,7885,508971189,53923077,979,-4933,-12,6320,293183150,2115,293183170,2115,204,-10,-140,80,2455,-143,-9,2454
51029953,7885,508971194,53923042,978,-4932,-12,6320,293183150,2115,293183180,2115,204,-10,-191,98,2463,-194,8,2463
51039639,7885,508971198,53923008,978,-4931,-11,6320,293183150,2115,293183190,2115,204,-9,-128,153,2423,-131,65,2424
51049645,7885,508971202,53922973,977,-4930,-10,6320,293183150,2115,293183200,2115,203,-9,-115,163,2387,-117,77,2390
51060244,7885,508971207,53922938,977,-4929,-9,6320,293183150,2115,293183210,2115,202,-9,-165,12,2320,-167,-71,2317
51069789,7886,508971211,53922902,977,-4928,-7,6320,293183200,2115,293183220,2115,201,-8,-166,102,2305,-168,20,2306
51079725,7886,508971216,53922867,976,-4926,-6,6320,293183200,2115,293183230,2115,201,-8,-183,203,2398,-185,117,2401
51089640,7886,508971220,53922833,975,-4925,-6,6320,293183200,2115,293183240,2115,201,-8,-125,85,2433,-127,-2,2432
51099630,7886,508971224,53922798,975,-4925,-5,6320,293183200,2115,293183250,2115,200,-8,-121,101,2450,-123,14,2450
51109931,7886,508971229,53922763,975,-4923,-5,6320,293183200,2115,293183260,2115,200,-9,-143,120,2447,-145,34,2448
51119808,7887,508971233,53922727,974,-4922,-4,6320,293183250,2115,293183270,2115,200,-9,-159,127,2388,-161,43,2389
51129699,7887,508971237,53922692,973,-4921,-4,6320,293183250,2115,293183280,2115,199,-10,-189,137,2452,-192,50,2453
51140287,7887,508971242,53922658,973,-4920,-4,6320,293183250,2115,293183290,2115,199,-10,-129,76,2521,-132,-13,2520
51149654,7887,508971246,53922623,973,-4918,-4,6320,293183250,2115,293183300,2115,198,-10,-207,75,2501,-210,-13,2500
51159888,7888,508971251,53922589,973,-4917,-5,6320,293183250,2115,293183310,2115,197,-11,-155,132,2609,-158,41,2609
51169786,7888,508971255,53922552,972,-4917,-5,6320,293183300,2115,293183320,2115,196,-11,-104,180,2491,-107,93,2494
51179708,7888,508971259,53922517,971,-4916,-4,6320,293183300,2115,293183330,2115,195,-12,-84,187,2462,-88,102,2465
51189664,7889,508971264,53922483,970,-4915,-4,6320,293183300,2115,293183340,2115,193,-12,-133,109,2385,-137,28,2385
51199652,7889,508971268,53922448,970,-4913,-3,6320,293183300,2115,293183350,2115,192,-13,-210,118,2398,-214,36,2398
51210584,7890,508971272,53922414,969,-4912,-3,6321,293183300,2115,293183360,2115,192,-13,-197,117,2559,-201,30,2559
51220593,7890,508971277,53922377,969,-4911,-4,6321,293183350,2115,293183370,2115,192,-14,-126,116,2662,-131,26,2662
51229712,7890,508971281,53922343,969,-4910,-5,6321,293183350,2115,293183380,2115,191,-14,-69,71,2577,-74,-16,2576
51239658,7891,508971286,53922308,968,-4910,-5,6321,293183350,2115,293183390,2115,191,-15,-86,148,2529,-91,63,2530
51249650,7891,508971290,53922274,967,-4909,-5,6321,293183350,2115,293183400,2115,191,-16,-125,210,2468,-131,127,2471
51259890,7892,508971294,53922239,966,-4908,-4,6321,293183350,2115,293183410,2115,190,-16,-144,156,2350,-150,76,2352
51270489,7892,508971299,53922203,965,-4906,-4,6321,293183400,2115,293183420,2115,190,-16,-257,137,2567,-263,50,2568
51279736,7892,508971303,53922168,965,-4904,-6,6321,293183400,2115,293183430,2115,191,-16,-168,16,2657,-173,-74,2654
51289645,7893,508971307,53922134,965,-4904,-7,6321,293183400,2115,293183440,2115,191,-16,-52,155,2721,-58,63,2722
51299638,7893,508971312,53922100,964,-4904,-8,6321,293183400,2115,293183450,2115,191,-16,-37,188,2545,-43,102,2547
51309948,7893,508971316,53922065,964,-4903,-7,6321,293183400,2115,293183460,2115,191,-17,-83,79,2456,-88,-4,2455
51319796,7894,508971320,53922029,963,-4902,-8,6321,293183450,2115,293183470,2115,191,-17,-156,183,2538,-163,97,2541
51329707,7894,508971325,53921994,963,-4901,-8,6321,293183450,2115,293183480,2115,192,-17,-189,50,2579,-195,-38,2577
51339640,7895,508971329,53921960,963,-4899,-10,6321,293183450,2115,293183490,2115,192,-17,-174,81,2691,-181,-11,2689
51349670,7895,508971333,53921925,962,-4898,-11,6321,293183450,2115,293183500,2115,193,-17,-99,108,2671,-106,17,2671
51359892,7895,508971338,53921891,963,-4898,-11,6321,293183450,2115,293183510,2115,193,-17,-62,55,2431,-67,-28,2430
51369798,7896,508971342,53921854,962,-4897,-10,6321,293183500,2115,293183520,2115,193,-18,-69,154,2420,-75,71,2421
51380506,7896,508971346,53921820,961,-4896,-10,6321,293183500,2115,293183530,2115,193,-18,-115,103,2473,-121,19,2473
51389669,7897,508971350,53921786,960,-4896,-10,6321,293183500,2115,293183540,2115,194,-18,-95,195,2537,-102,108,2540
51399666,7897,508971355,53921751,960,-4895,-11,6321,293183500,2115,293183550,2115,194,-19,-57,150,2662,-65,59,2664
51409925,7897,508971359,53921717,961,-4894,-12,6321,293183500,2115,293183560,2115,194,-19,-135,-39,2605,-141,-129,2600
51419783,7897,508971363,53921680,961,-4893,-12,6321,293183550,2115,293183570,2115,195,-20,-174,94,2445,-181,10,2444
51429719,7898,508971368,53921646,960,-4891,-11,6321,293183550,2115,293183580,2115,195,-20,-192,136,2463,-199,50,2464
51439633,7898,508971372,53921612,959,-4891,-11,6321,293183550,2115,293183590,2115,195,-20,-83,156,2487,-90,71,2488
51450265,7898,508971376,53921578,959,-4890,-12,6321,293183550,2115,293183600,2115,195,-20,-88,111,2593,-96,21,2593
51461040,7899,508971381,53921543,958,-4890,-13,6321,293183550,2115,293183610,2115,195,-20,-55,128,2662,-62,36,2663
51469809,7899,508971385,53921507,958,-4889,-13,6321,293183600,2115,293183620,2115,195,-20,-87,149,2521,-94,63,2522
51479718,7899,508971389,53921472,958,-4888,-13,6321,293183600,2115,293183630,2115,196,-19,-159,27,2472,-166,-59,2469
51489658,7900,508971394,53921438,958,-4886,-13,6321,293183600,2115,293183640,2115,195,-19,-165,73,2469,-171,-13,2467
51500300,7900,508971398,53921404,957,-4885,-13,6321,293183600,2115,293183650,2115,195,-19,-114,223,2463,-121,138,2467
51509891,7900,508971402,53921370,956,-4885,-13,6321,293183600,2115,293183660,2115,196,-18,-62,157,2534,-69,69,2536
51519805,7900,508971407,53921333,956,-4884,-13,6321,293183650,2115,293183670,2115,197,-17,-77,57,2488,-82,-29,2486
51529714,7900,508971411,53921299,956,-4883,-12,6321,293183650,2115,293183680,2115,197,-17,-115,116,2456,-121,30,2456
51540111,7900,508971415,53921265,955,-4882,-12,6321,293183650,2115,293183690,2115,198,-16,-133,151,2467,-138,65,2468
51549679,7901,508971419,53921230,955,-4882,-12,6321,293183650,2115,293183700,2115,198,-15,-108,101,2499,-113,13,2499
51561043,7901,508971424,53921196,955,-4881,-12,6321,293183650,2115,293183710,2115,198,-14,-66,79,2464,-70,-8,2463
51569804,7901,508971428,53921160,954,-4880,-12,6321,293183700,2115,293183720,2115,199,-14,-103,119,2476,-108,32,2477
51580295,7901,508971432,53921125,953,-4879,-11,6321,293183700,2115,293183730,2115,200,-13,-113,140,2397,-117,55,2399
51589683,7901,508971437,53921091,953,-4878,-10,6321,293183700,2115,293183740,2115,201,-12,-131,122,2426,-134,36,2427
51599663,7901,508971441,53921057,953,-4878,-10,6321,293183700,2115,293183750,2115,202,-11,-104,11,2486,-107,-78,2483
51610279,7901,508971445,53921023,953,-4877,-10,6321,293183700,2115,293183760,2115,203,-10,-46,102,2418,-48,16,2418
51620383,7901,508971449,53920986,953,-4877,-9,6321,293183750,2115,293183770,2115,203,-9,-46,169,2396,-49,83,2398
51629746,7901,508971454,53920952,952,-4876,-7,6321,293183750,2115,293183780,2115,204,-8,-92,85,2321,-94,2,2321
51640081,7901,508971458,53920918,953,-4875,-6,6321,293183750,2115,293183790,2115,204,-8,-115,41,2395,-116,-45,2393
51649643,7901,508971462,53920884,952,-4874,-6,6321,293183750,2115,293183800,2115,204,-7,-118,107,2449,-120,18,2449
51661074,7902,508971467,53920849,952,-4874,-6,6321,293183750,2115,293183810,2115,205,-7,-103,111,2451,-105,23,2452
51669791,7902,508971471,53920813,952,-4873,-5,6321,293183800,2115,293183820,2115,205,-6,-73,81,2442,-74,-7,2441
51679708,7902,508971475,53920779,952,-4873,-4,6321,293183800,2115,293183830,2115,205,-5,-64,113,2396,-65,26,2397
51689662,7902,508971479,53920745,951,-4872,-3,6321,293183800,2115,293183840,2115,206,-5,-96,142,2347,-97,57,2349
51699814,7902,508971484,53920710,951,-4871,-3,6321,293183800,2115,293183850,2115,206,-4,-85,98,2434,-86,9,2434
51709948,7902,508971488,53920676,951,-4871,-2,6321,293183800,2115,293183860,2115,206,-4,-82,102,2393,-82,15,2393
51719789,7903,508971492,53920640,951,-4870,-1,6321,293183850,2115,293183870,2115,206,-4,-78,70,2447,-78,-19,2446
51730338,7903,508971496,53920606,950,-4869,-1,6321,293183850,2115,293183880,2115,205,-4,-96,118,2391,-96,31,2392
51739641,7903,508971501,53920572,950,-4869,0,6321,293183850,2115,293183890,2115,205,-4,-115,146,2393,-115,59,2395
51750137,7903,508971505,53920537,949,-4868,1,6321,293183850,2115,293183900,2115,204,-4,-92,122,2372,-93,36,2373
51760485,7904,508971509,53920503,948,-4867,2,6321,293183850,2115,293183910,2115,204,-3,-85,169,2406,-85,83,2409
51769810,7904,508971514,53920467,948,-4867,3,6321,293183900,2115,293183920,2115,204,-3,-50,83,2425,-50,-4,2425
51780343,7904,508971518,53920433,948,-4867,3,6321,293183900,2115,293183930,2115,204,-3,-70,121,2405,-70,34,2406
51790323,7904,508971522,53920399,947,-4866,4,6321,293183900,2115,293183940,2115,204,-4,-85,131,2443,-85,43,2444
51799651,7904,508971526,53920364,947,-4866,5,6321,293183900,2115,293183950,2115,204,-4,-66,139,2395,-67,53,2397
51809913,7905,508971531,53920330,947,-4864,5,6321,293183900,2115,293183960,2115,204,-4,-140,95,2466,-140,6,2466
51820584,7905,508971535,53920294,946,-4864,5,6321,293183950,2115,293183970,2115,203,-5,-83,116,2482,-83,27,2483
51829742,7905,508971539,53920260,946,-4863,6,6321,293183950,2115,293183980,2115,203,-5,-111,118,2439,-112,30,2439
51839670,7905,508971543,53920226,946,-4862,5,6321,293183950,2115,293183990,2115,203,-6,-100,130,2529,-101,40,2530
51849861,7905,508971548,53920192,945,-4862,6,6321,293183950,2115,293184000,2115,203,-6,-52,112,2423,-53,25,2423
51860706,7905,508971552,53920157,944,-4862,6,6321,293183950,2115,293184010,2115,202,-7,-14,187,2460,-16,99,2463
51869836,7906,508971556,53920121,944,-4861,7,6321,293184000,2115,293184020,2115,202,-8,-99,86,2385,-101,0,2385
51880138,7906,508971560,53920087,944,-4860,7,6321,293184000,2115,293184030,2115,203,-8,-133,93,2498,-135,3,2497
51889638,7906,508971565,53920053,945,-4859,6,6321,293184000,2115,293184040,2115,203,-9,-106,15,2578,-109,-77,2575
51899998,7906,508971569,53920019,944,-4859,6,6321,293184000,2115,293184050,2115,202,-10,-71,130,2523,-74,40,2524
51910559,7906,508971573,53919985,943,-4858,6,6321,293184000,2115,293184060,2115,202,-11,-71,176,2472,-74,88,2475
51919847,7906,508971577,53919948,943,-4858,7,6321,293184050,2115,293184070,2115,201,-12,-74,79,2469,-77,-9,2469
51929703,7907,508971582,53919914,943,-4856,7,6321,293184050,2115,293184080,2115,202,-13,-183,92,2483,-187,3,2483
51940608,7907,508971586,53919880,942,-4855,7,6321,293184050,2115,293184090,2115,203,-13,-107,184,2466,-111,95,2469
51949654,7907,508971590,53919846,941,-4855,6,6321,293184050,2115,293184100,2115,204,-13,-60,177,2698,-65,80,2700
51959905,7907,508971594,53919812,942,-4855,5,6321,293184050,2115,293184110,2115,204,-14,-29,-39,2605,-33,-132,2600
51969775,7907,508971598,53919776,942,-4854,4,6321,293184100,2115,293184120,2115,205,-14,-57,77,2590,-62,-17,2589
51979702,7908,508971603,53919742,941,-4853,4,6321,293184100,2115,293184130,2115,205,-15,-123,244,2549,-129,151,2553
51990655,7908,508971607,53919708,940,-4852,4,6321,293184100,2115,293184140,2115,206,-16,-162,148,2426,-167,59,2427
52000148,7908,508971611,53919674,941,-4851,3,6321,293184100,2115,293184150,2115,206,-16,-179,-39,2655,-184,-136,2650
52011040,7909,508971615,53919640,941,-4850,2,6321,293184100,2115,293184160,2115,206,-16,-67,91,2657,-73,-5,2656
52019779,7909,508971620,53919603,942,-4849,1,6321,293184150,2115,293184170,2115,207,-16,-56,23,2597,-61,-71,2594
52030492,7909,508971624,53919569,940,-4849,1,6321,293184150,2115,293184180,2115,207,-16,-15,247,2503,-22,155,2508
52039664,7909,508971628,53919535,939,-4849,1,6321,293184150,2115,293184190,2115,208,-16,-117,186,2468,-123,95,2471
52049684,7910,508971632,53919501,940,-4848,1,6321,293184150,2115,293184200,2115,208,-16,-64,-23,2527,-69,-116,2523
52060466,7910,508971636,53919467,940,-4847,0,6321,293184150,2115,293184210,2115,209,-17,-103,111,2633,-109,14,2633
52069845,7910,508971641,53919431,939,-4846,0,6321,293184200,2115,293184220,2115,209,-17,-104,136,2546,-110,42,2547
52079721,7911,508971645,53919397,939,-4845,-1,6321,293184200,2115,293184230,2115,210,-17,-125,80,2624,-131,-17,2623
52090139,7911,508971649,53919363,939,-4844,-2,6321,293184200,2115,293184240,2115,210,-17,-134,118,2660,-140,19,2660
52099639,7912,508971653,53919329,939,-4844,-3,6321,293184200,2115,293184250,2115,211,-17,-66,92,2564,-72,-3,2564
52109888,7912,508971658,53919295,938,-4844,-4,6321,293184200,2115,293184260,2115,211,-17,-48,205,2579,-54,110,2583
52120161,7912,508971662,53919259,937,-4843,-4,6321,293184250,2115,293184270,2115,211,-17,-86,167,2559,-92,72,2562
52129706,7913,508971666,53919225,937,-4843,-5,6321,293184250,2115,293184280,2115,212,-17,-64,88,2590,-71,-9,2589
52139649,7913,508971670,53919191,937,-4841,-5,6321,293184250,2115,293184290,2115,212,-17,-127,60,2580,-133,-37,2578
52150332,7913,508971674,53919157,937,-4841,-6,6321,293184250,2115,293184300,2115,213,-17,-106,111,2558,-112,15,2558
52159924,7914,508971679,53919123,936,-4840,-6,6321,293184250,2115,293184310,2115,213,-17,-120,125,2559,-126,29,2559
52169781,7914,508971683,53919087,935,-4839,-7,6321,293184300,2115,293184320,2115,213,-16,-64,187,2604,-70,89,2607
52182076,7914,508971687,53919053,935,-4838,-7,6321,293184300,2115,293184330,2115,214,-16,-73,100,2524,-79,5,2523
52189671,7915,508971691,53919019,935,-4838,-8,6321,293184300,2115,293184340,2115,214,-16,-73,109,2594,-79,11,2594
52199672,7915,508971695,53918985,935,-4837,-8,6321,293184300,2115,293184350,2115,214,-15,-134,133,2543,-140,37,2544
52210438,7916,508971700,53918951,934,-4836,-9,6321,293184300,2115,293184360,2115,214,-15,-104,128,2533,-109,32,2533
52220041,7916,508971704,53918915,934,-4835,-9,6321,293184350,2115,293184370,2115,214,-14,-96,118,2578,-101,21,2578
52229741,7916,508971708,53918881,934,-4835,-10,6321,293184350,2115,293184380,2115,214,-13,-72,123,2579,-77,26,2579
52240219,7917,508971712,53918847,933,-4834,-10,6322,293184350,2115,293184390,2115,214,-13,-97,163,2557,-101,67,2559
52249641,7917,508971716,53918813,933,-4833,-11,6322,293184350,2115,293184400,2115,213,-12,-71,118,2615,-75,20,2616
52262013,7918,508971720,53918779,932,-4833,-11,6322,293184350,2115,293184410,2115,213,-12,-79,180,2451,-83,88,2454
52270075,7918,508971725,53918743,932,-4832,-11,6322,293184400,2115,293184420,2115,213,-11,-106,120,2465,-110,27,2466
52279751,7918,508971729,53918709,931,-4831,-10,6322,293184400,2115,293184430,2115,213,-10,-108,105,2494,-111,11,2494
52289642,7919,508971733,53918675,931,-4831,-10,6322,293184400,2115,293184440,2115,214,-9,-75,122,2482,-77,29,2482
52300218,7919,508971737,53918642,930,-4830,-11,6322,293184400,2115,293184450,2115,214,-9,-54,167,2545,-57,71,2547
52309939,7919,508971741,53918608,930,-4830,-11,6322,293184400,2115,293184460,2115,214,-8,-58,178,2516,-61,83,2519
52319796,7919,508971746,53918572,929,-4829,-10,6322,293184450,2115,293184470,2115,214,-8,-99,91,2410,-101,0,2410
52329944,7920,508971750,53918538,929,-4828,-10,6322,293184450,2115,293184480,2115,214,-8,-120,125,2489,-122,30,2490
52339635,7920,508971754,53918504,928,-4828,-10,6322,293184450,2115,293184490,2115,214,-7,-108,158,2469,-110,65,2471
52349657,7920,508971758,53918470,927,-4827,-10,6322,293184450,2115,293184500,2115,215,-6,-83,200,2458,-85,107,2462
52360294,7921,508971762,53918436,927,-4826,-10,6322,293184450,2115,293184510,2115,215,-6,-92,79,2583,-93,-19,2582
52369792,7921,508971766,53918400,927,-4826,-10,6322,293184500,2115,293184520,2115,216,-6,-37,88,2522,-38,-8,2521
52379728,7921,508971771,53918366,927,-4826,-10,6322,293184500,2115,293184530,2115,217,-5,-86,161,2404,-87,69,2407
52390270,7921,508971775,53918332,926,-4825,-9,6322,293184500,2115,293184540,2115,217,-5,-104,222,2414,-105,129,2418
52400401,7922,508971779,53918298,926,-4824,-9,6322,293184500,2115,293184550,2115,218,-5,-134,25,2475,-134,-70,2472
52409997,7922,508971783,53918265,926,-4823,-9,6322,293184500,2115,293184560,2115,218,-5,-88,57,2509,-89,-40,2507
52420069,7922,508971787,53918229,925,-4822,-9,6322,293184550,2115,293184570,2115,219,-5,-134,206,2474,-135,110,2478
52429725,7923,508971791,53918195,924,-4822,-8,6322,293184550,2115,293184580,2115,219,-5,-54,193,2485,-56,97,2489
52439663,7923,508971795,53918161,925,-4821,-8,6322,293184550,2115,293184590,2115,220,-6,-64,-24,2447,-64,-118,2442
52450035,7923,508971800,53918127,924,-4820,-7,6322,293184550,2115,293184600,2115,220,-6,-115,143,2400,-116,50,2402
52459911,7923,508971804,53918093,923,-4820,-7,6322,293184550,2115,293184610,2115,221,-7,-105,225,2431,-107,130,2436
52469831,7924,508971808,53918057,923,-4819,-6,6322,293184600,2115,293184620,2115,222,-8,-88,146,2450,-90,50,2452
52479780,7924,508971812,53918023,923,-4818,-6,6322,293184600,2115,293184630,2115,222,-8,-87,-17,2455,-88,-113,2451
52489641,7924,508971816,53917990,923,-4817,-5,6322,293184600,2115,293184640,2115,223,-9,-144,84,2426,-146,-12,2425
52499859,7924,508971820,53917956,922,-4816,-5,6322,293184600,2115,293184650,2115,223,-10,-155,206,2481,-158,108,2485
52510592,7925,508971824,53917922,922,-4815,-5,6322,293184600,2115,293184660,2115,223,-11,-137,79,2438,-140,-17,2437
52519807,7925,508971829,53917886,922,-4814,-5,6322,293184650,2115,293184670,2115,224,-12,-90,131,2522,-94,32,2523
52529720,7925,508971833,53917852,921,-4814,-5,6322,293184650,2115,293184680,2115,224,-13,-88,124,2506,-93,25,2506
52540387,7925,508971837,53917818,921,-4813,-5,6322,293184650,2115,293184690,2115,225,-14,-118,148,2462,-123,50,2464
52549661,7926,508971841,53917785,920,-4812,-4,6322,293184650,2115,293184700,2115,225,-15,-138,111,2471,-142,12,2471
52559932,7926,508971845,53917751,920,-4811,-4,6322,293184650,2115,293184710,2115,226,-15,-164,73,2482,-169,-26,2481
52570589,7926,508971849,53917715,920,-4809,-4,6322,293184700,2115,293184720,2115,226,-16,-173,90,2476,-179,-9,2475
52579750,7926,508971853,53917681,920,-4808,-5,6322,293184700,2115,293184730,2115,226,-17,-154,142,2572,-160,39,2573
52589669,7927,508971857,53917648,919,-4807,-5,6322,293184700,2115,293184740,2115,226,-18,-121,147,2572,-128,44,2573
52599667,7927,508971862,53917614,919,-4806,-5,6322,293184700,2115,293184750,2115,225,-19,-113,132,2470,-120,34,2471
52609882,7927,508971866,53917580,919,-4805,-5,6322,293184700,2115,293184760,2115,225,-19,-125,74,2486,-132,-25,2485
52619813,7927,508971870,53917544,918,-4804,-4,6322,293184750,2115,293184770,2115,224,-20,-156,171,2445,-163,74,2447
52629720,7927,508971874,53917510,917,-4803,-4,6322,293184750,2115,293184780,2115,224,-21,-157,157,2482,-165,59,2483
52639651,7928,508971878,53917477,917,-4801,-5,6322,293184750,2115,293184790,2115,223,-21,-147,101,2597,-155,-1,2596
52649688,7928,508971882,53917443,917,-4800,-6,6322,293184750,2115,293184800,2115,223,-22,-132,83,2580,-141,-18,2579
52660865,7928,508971886,53917409,916,-4799,-6,6322,293184750,2115,293184810,2115,222,-23,-155,170,2558,-164,70,2560
52669788,7928,508971890,53917374,915,-4798,-7,6322,293184800,2115,293184820,2115,221,-23,-149,198,2594,-159,97,2597
52679727,7928,508971895,53917340,915,-4797,-7,6322,293184800,2115,293184830,2115,220,-24,-154,106,2462,-163,11,2461
52689643,7928,508971899,53917306,914,-4796,-6,6322,293184800,2115,293184840,2115,219,-24,-137,143,2496,-147,47,2497
52699736,7928,508971903,53917273,914,-4795,-7,6322,293184800,2115,293184850,2115,219,-24,-159,63,2573,-169,-37,2571
52715007,7928,508971907,53917239,914,-4793,-8,6322,293184800,2115,293184860,2115,218,-25,-137,173,2620,-147,71,2622
52719825,7928,508971911,53917203,913,-4792,-10,6322,293184850,2115,293184870,2115,218,-25,-144,147,2685,-155,44,2686
52729713,7928,508971915,53917169,913,-4791,-10,6322,293184850,2115,293184880,2115,217,-26,-114,119,2610,-124,19,2611
52739641,7928,508971919,53917136,912,-4790,-10,6322,293184850,2115,293184890,2115,217,-26,-145,91,2513,-155,-5,2512
52749647,7927,508971923,53917102,912,-4789,-11,6322,293184850,2115,293184900,2115,215,-27,-187,149,2538,-198,52,2539
52760063,7927,508971927,53917069,912,-4787,-11,6322,293184850,2115,293184910,2115,214,-27,-208,69,2555,-218,-28,2553
52769801,7927,508971931,53917033,911,-4786,-12,6322,293184900,2115,293184920,2115,213,-27,-138,169,2580,-149,72,2582
52779727,7927,508971936,53916999,911,-4785,-13,6322,293184900,2115,293184930,2115,212,-27,-111,40,2602,-122,-57,2600
52789663,7927,508971940,53916966,911,-4784,-13,6322,293184900,2115,293184940,2115,211,-27,-99,46,2566,-110,-50,2563
52799817,7927,508971944,53916932,910,-4783,-13,6322,293184900,2115,293184950,2115,211,-27,-124,171,2520,-134,77,2522
52810695,7926,508971948,53916899,910,-4782,-13,6322,293184900,2115,293184960,2115,210,-26,-194,117,2505,-204,24,2505
52819802,7926,508971952,53916863,910,-4781,-14,6322,293184950,2115,293184970,2115,210,-26,-107,20,2619,-117,-76,2616
52829716,7926,508971956,53916829,911,-4779,-15,6322,293184950,2115,293184980,2115,209,-26,-193,5,2645,-203,-92,2641
52839755,7926,508971960,53916796,910,-4778,-16,6322,293184950,2115,293184990,2115,208,-26,-175,143,2576,-185,48,2577
52849652,7925,508971964,53916762,910,-4776,-16,6322,293184950,2115,293185000,2115,207,-25,-187,139,2536,-197,46,2537
52859891,7925,508971968,53916729,909,-4775,-17,6322,293184950,2115,293185010,2115,207,-24,-146,110,2555,-155,17,2555
52870105,7925,508971972,53916693,910,-4774,-16,6322,293185000,2115,293185020,2115,207,-23,-106,2,2462,-113,-88,2458
52879725,7925,508971976,53916660,909,-4773,-16,6322,293185000,2115,293185030,2115,206,-22,-116,106,2485,-124,15,2485
52889659,7925,508971981,53916626,909,-4772,-16,6322,293185000,2115,293185040,2115,205,-21,-92,142,2547,-100,49,2548
52900026,7924,508971985,53916593,908,-4771,-16,6322,293185000,2115,293185050,2115,205,-20,-146,108,2414,-153,20,2414
52911043,7924,508971989,53916559,909,-4770,-15,6322,293185000,2115,293185060,2115,204,-19,-159,11,2464,-165,-78,2460
52919808,7924,508971993,53916524,909,-4768,-15,6322,293185050,2115,293185070,2115,204,-18,-182,56,2431,-188,-32,2429
52929716,7924,508971997,53916490,909,-4767,-15,6322,293185050,2115,293185080,2115,203,-17,-192,34,2476,-197,-55,2473
52939664,7924,508972001,53916457,909,-4766,-14,6322,293185050,2115,293185090,2115,203,-15,-130,105,2477,-135,16,2477
52949646,7924,508972005,53916423,909,-4765,-14,6322,293185050,2115,293185100,2115,203,-14,-108,72,2492,-112,-17,2491
52960000,7924,508972009,53916390,909,-4764,-14,6322,293185050,2115,293185110,2115,203,-12,-73,66,2452,-76,-21,2450
52969806,7924,508972013,53916354,908,-4763,-13,6322,293185100,2115,293185120,2115,202,-11,-108,100,2387,-111,15,2387
52979732,7924,508972017,53916321,908,-4762,-12,6322,293185100,2115,293185130,2115,202,-10,-127,133,2400,-129,48,2401
52989651,7924,508972021,53916287,908,-4761,-11,6322,293185100,2115,293185140,2115,202,-8,-119,55,2368,-121,-29,2366
52999679,7923,508972025,53916254,908,-4760,-11,6322,293185100,2115,293185150,2115,201,-7,-149,-12,2465,-150,-99,2461
53009928,7923,508972029,53916221,908,-4759,-10,6322,293185100,2115,293185160,2115,201,-7,-109,104,2400,-110,19,2401
53019794,7923,508972034,53916185,907,-4759,-10,6322,293185150,2115,293185170,2115,201,-6,-102,134,2420,-103,48,2422
53029712,7923,508972038,53916151,907,-4758,-9,6322,293185150,2115,293185180,2115,201,-5,-102,98,2370,-103,14,2370
53039673,7923,508972042,53916118,907,-4757,-7,6322,293185150,2115,293185190,2115,201,-4,-99,72,2313,-99,-10,2313
53049646,7923,508972046,53916085,907,-4757,-6,6322,293185150,2115,293185200,2115,201,-4,-80,75,2361,-80,-9,2360
53059890,7923,508972050,53916051,907,-4756,-5,6322,293185150,2115,293185210,2115,201,-3,-69,52,2366,-69,-31,2365
53069835,7923,508972054,53916016,907,-4755,-4,6322,293185200,2115,293185220,2115,200,-3,-91,59,2385,-90,-25,2383
53079746,7923,508972058,53915982,907,-4755,-4,6322,293185200,2115,293185230,2115,200,-3,-94,82,2444,-94,-4,2444
53089643,7923,508972062,53915949,907,-4754,-3,6322,293185200,2115,293185240,2115,200,-4,-125,102,2415,-125,16,2415
53100187,7923,508972066,53915916,907,-4753,-2,6322,293185200,2115,293185250,2115,200,-4,-92,71,2415,-92,-14,2414
53109940,7923,508972070,53915882,907,-4752,-2,6322,293185200,2115,293185260,2115,199,-4,-106,59,2443,-106,-27,2442
53119833,7923,508972074,53915847,906,-4751,-1,6322,293185250,2115,293185270,2115,199,-5,-110,97,2409,-110,12,2409
53129733,7923,508972078,53915813,907,-4751,-1,6322,293185250,2115,293185280,2115,199,-5,-56,51,2450,-56,-35,2448
53139679,7923,508972082,53915780,907,-4750,0,6322,293185250,2115,293185290,2115,198,-5,-76,64,2434,-76,-21,2433
53149667,7923,508972086,53915747,906,-4749,1,6322,293185250,2115,293185300,2115,198,-6,-91,129,2405,-92,45,2406
53160477,7923,508972091,53915713,906,-4749,1,6322,293185250,2115,293185310,2115,197,-7,-101,111,2476,-102,24,2476
53169789,7922,508972095,53915678,906,-4747,1,6322,293185300,2115,293185320,2115,197,-8,-105,42,2480,-106,-44,2478
53180013,7922,508972099,53915645,906,-4747,1,6322,293185300,2115,293185330,2115,196,-9,-101,89,2474,-104,3,2474
53189664,7922,508972103,53915611,906,-4746,1,6322,293185300,2115,293185340,2115,195,-10,-100,93,2510,-103,6,2509
53200300,7922,508972107,53915578,906,-4745,1,6322,293185300,2115,293185350,2115,195,-11,-98,80,2531,-101,-7,2530
53209940,7922,508972111,53915545,906,-4744,1,6322,293185300,2115,293185360,2115,195,-12,-113,76,2458,-117,-9,2457
53219794,7922,508972115,53915509,905,-4744,1,6322,293185350,2115,293185370,2115,194,-13,-86,109,2543,-90,21,2544
53229730,7922,508972119,53915476,905,-4743,1,6322,293185350,2115,293185380,2115,194,-14,-89,65,2516,-94,-21,2514
53239638,7922,508972123,53915443,905,-4742,1,6322,293185350,2115,293185390,2115,194,-16,-72,73,2515,-77,-13,2514
53249665,7922,508972127,53915409,906,-4742,1,6322,293185350,2115,293185400,2115,194,-17,-89,33,2530,-95,-54,2528
53260083,7922,508972131,53915376,906,-4741,0,6323,293185350,2115,293185410,2115,194,-18,-109,74,2561,-116,-14,2560
53269806,7922,508972135,53915341,905,-4740,0,6323,293185400,2115,293185420,2115,194,-20,-128,98,2556,-135,11,2556
53279719,7922,508972139,53915308,905,-4739,-1,6323,293185400,2115,293185430,2115,194,-21,-113,77,2620,-121,-12,2619
53289662,7921,508972143,53915274,905,-4738,-2,6323,293185400,2115,293185440,2115,194,-23,-88,42,2602,-96,-47,2600
53300389,7921,508972148,53915241,905,-4737,-3,6323,293185400,2115,293185450,2115,194,-24,-87,62,2633,-97,-28,2631
53309904,7921,508972152,53915208,905,-4736,-4,6323,293185400,2115,293185460,2115,195,-26,-110,111,2613,-121,21,2613
53319812,7921,508972156,53915172,905,-4735,-5,6323,293185450,2115,293185470,2115,195,-27,-81,31,2590,-91,-58,2588
53329747,7921,508972160,53915139,905,-4734,-5,6323,293185450,2115,293185480,2115,195,-28,-118,97,2587,-130,8,2586
53339650,7921,508972164,53915106,905,-4733,-7,6323,293185450,2115,293185490,2115,196,-30,-168,65,2691,-181,-29,2689
53349651,7921,508972168,53915073,905,-4732,-8,6323,293185450,2115,293185500,2115,197,-31,-92,45,2724,-105,-50,2721
53360119,7921,508972172,53915040,905,-4731,-10,6323,293185450,2115,293185510,2115,198,-33,-67,76,2739,-81,-19,2738
53369787,7921,508972176,53915004,905,-4731,-12,6323,293185500,2115,293185520,2115,198,-35,-63,78,2690,-78,-16,2689
53379743,7921,508972180,53914971,905,-4730,-12,6323,293185500,2115,293185530,2115,199,-36,-104,54,2543,-119,-35,2540
53389661,7920,508972184,53914938,905,-4729,-12,6323,293185500,2115,293185540,2115,200,-37,-170,90,2543,-185,0,2542
53399632,7920,508972188,53914905,905,-4727,-13,6323,293185500,2115,293185550,2115,202,-38,-154,89,2581,-169,-3,2579
53409894,7920,508972192,53914871,905,-4726,-15,6323,293185500,2115,293185560,2115,204,-38,-96,70,2738,-113,-28,2737
53419795,7920,508972196,53914836,905,-4725,-18,6323,293185550,2115,293185570,2115,206,-39,-61,3,2871,-78,-101,2866
53429751,7920,508972200,53914803,906,-4725,-19,6323,293185550,2115,293185580,2115,209,-40,-68,27,2728,-85,-74,2724
53439677,7920,508972204,53914770,906,-4724,-21,6323,293185550,2115,293185590,2115,211,-41,-66,43,2680,-84,-56,2677
53449648,7919,508972208,53914737,905,-4723,-22,6323,293185550,2115,293185600,2115,214,-41,-161,152,2633,-178,52,2633
53461072,7919,508972213,53914704,905,-4720,-23,6323,293185550,2115,293185610,2115,216,-42,-265,29,2651,-282,-73,2646
53469809,7919,508972217,53914668,906,-4719,-25,6323,293185600,2115,293185620,2115,218,-41,-119,-60,2791,-137,-167,2783
53479778,7919,508972221,53914635,907,-4718,-27,6323,293185600,2115,293185630,2115,219,-40,-96,65,2753,-114,-42,2750
53489663,7919,508972225,53914602,907,-4718,-27,6323,293185600,2115,293185640,2115,221,-39,-38,56,2494,-53,-41,2492
53499653,7919,508972229,53914569,907,-4717,-26,6323,293185600,2115,293185650,2115,222,-37,-90,81,2385,-104,-12,2384
53509900,7920,508972233,53914536,908,-4715,-25,6323,293185600,2115,293185660,2115,222,-35,-141,-34,2405,-153,-128,2400
53519796,7920,508972237,53914501,907,-4714,-25,6323,293185650,2115,293185670,2115,222,-32,-145,102,2454,-157,6,2453
53529742,7920,508972241,53914468,907,-4713,-26,6323,293185650,2115,293185680,2115,223,-30,-127,94,2583,-139,-7,2582
53539666,7921,508972245,53914435,908,-4712,-28,6323,293185650,2115,293185690,2115,223,-27,-127,5,2763,-137,-103,2758
53549654,7921,508972249,53914401,908,-4711,-28,6323,293185650,2115,293185700,2115,222,-24,-154,64,2595,-163,-38,2593
53559890,7921,508972253,53914368,908,-4709,-29,6323,293185650,2115,293185710,2115,221,-21,-112,31,2529,-120,-68,2526
53569785,7922,508972257,53914333,906,-4709,-28,6323,293185700,2115,293185720,2115,219,-17,-116,369,2440,-123,275,2450
53579734,7922,508972261,53914300,906,-4708,-26,6323,293185700,2115,293185730,2115,217,-13,-95,19,2175,-98,-64,2172
53589654,7922,508972265,53914267,907,-4707,-24,6323,293185700,2115,293185740,2115,215,-9,-148,20,2298,-150,-67,2295
53599751,7922,508972270,53914234,905,-4706,-22,6323,293185700,2115,293185750,2115,214,-4,-163,240,2238,-164,155,2244
53609947,7922,508972274,53914201,904,-4706,-21,6323,293185700,2115,293185760,2115,213,0,-34,191,2385,-33,102,2389
53619811,7922,508972278,53914166,904,-4705,-19,6323,293185750,2115,293185770,2115,212,4,-33,98,2230,-30,14,2231
53629764,7922,508972282,53914133,904,-4705,-16,6323,293185750,2115,293185780,2115,210,7,-7,71,2119,-3,-7,2118
53639686,7922,508972286,53914100,903,-4705,-13,6323,293185750,2115,293185790,2115,208,10,-73,222,2128,-69,144,2133
53649651,7922,508972290,53914067,901,-4705,-10,6323,293185750,2115,293185800,2115,205,13,-85,276,2111,-80,200,2118
53659948,7922,508972294,53914034,900,-4703,-8,6323,293185750,2115,293185810,2115,204,16,-231,169,2203,-223,89,2206
53669827,7921,508972298,53913999,900,-4702,-6,6323,293185800,2115,293185820,2115,202,18,-227,49,2231,-218,-31,2230
53679718,7921,508972302,53913966,901,-4700,-5,6323,293185800,2115,293185830,2115,200,21,-185,-21,2381,-174,-105,2378
53689674,7921,508972306,53913933,900,-4700,-2,6323,293185800,2115,293185840,2115,198,23,-16,212,2197,-6,135,2201
53699680,7920,508972310,53913900,901,-4701,1,6323,293185800,2115,293185850,2115,195,25,108,1,2134,119,-72,2130
53709928,7920,508972314,53913867,899,-4701,4,6323,293185800,2115,293185860,2115,193,25,-68,289,2016,-58,220,2024
53719821,7920,508972318,53913832,897,-4700,8,6323,293185850,2115,293185870,2115,192,26,-155,192,1992,-145,124,1996
53729739,7919,508972322,53913799,899,-4699,9,6323,293185850,2115,293185880,2115,191,26,-87,-172,2370,-73,-252,2362
53739672,7919,508972326,53913766,900,-4698,11,6323,293185850,2115,293185890,2115,189,26,-136,14,2317,-124,-64,2315
53749653,7919,508972330,53913733,899,-4697,13,6323,293185850,2115,293185900,2115,188,26,-207,178,2278,-196,102,2282
53759887,7919,508972334,53913700,898,-4696,14,6323,293185850,2115,293185910,2115,186,26,-182,94,2299,-170,18,2300
53769820,7919,508972338,53913665,898,-4695,16,6323,293185900,2115,293185920,2115,185,25,-135,130,2236,-124,57,2238
53779715,7919,508972342,53913632,897,-4694,18,6323,293185900,2115,293185930,2115,184,23,-79,151,2261,-69,78,2263
53789663,7918,508972346,53913599,897,-4694,19,6323,293185900,2115,293185940,2115,184,22,-76,76,2357,-66,0,2357
53800006,7918,508972350,53913566,897,-4693,20,6323,293185900,2115,293185950,2115,184,20,-130,8,2346,-120,-68,2344
53810407,7918,508972354,53913533,897,-4692,21,6323,293185900,2115,293185960,2115,184,19,-126,43,2371,-116,-34,2370
53819797,7918,508972358,53913498,897,-4691,22,6323,293185950,2115,293185970,2115,184,17,-141,58,2392,-132,-20,2392
53829728,7918,508972362,53913465,897,-4690,23,6323,293185950,2115,293185980,2115,184,15,-128,97,2389,-120,19,2389
53839686,7918,508972366,53913432,896,-4689,24,6323,293185950,2115,293185990,2115,185,13,-118,92,2436,-111,12,2436
53849663,7917,508972370,53913399,896,-4688,24,6323,293185950,2115,293186000,2115,185,11,-164,65,2463,-158,-16,2462
53859969,7917,508972375,53913366,897,-4687,24,6323,293185950,2115,293186010,2115,186,8,-162,21,2496,-157,-61,2494
53869825,7917,508972379,53913331,897,-4685,24,6323,293186000,2115,293186020,2115,187,6,-191,9,2516,-187,-74,2513
53879744,7917,508972383,53913298,897,-4683,23,6323,293186000,2115,293186030,2115,187,3,-178,56,2613,-175,-30,2611
53889667,7917,508972387,53913266,897,-4683,22,6323,293186000,2115,293186040,2115,188,1,-113,95,2646,-111,7,2646
53899851,7917,508972391,53913233,897,-4682,21,6323,293186000,2115,293186050,2115,189,-3,-58,22,2638,-58,-66,2635
53910004,7917,508972395,53913200,897,-4682,20,6323,293186000,2115,293186060,2115,190,-6,-49,72,2603,-50,-15,2602
53919788,7917,508972399,53913165,898,-4681,20,6323,293186050,2115,293186070,2115,191,-9,-108,14,2512,-110,-71,2509
53929885,7917,508972403,53913132,897,-4679,20,6323,293186050,2115,293186080,2115,192,-12,-230,109,2451,-234,26,2451
53939644,7917,508972407,53913099,897,-4677,20,6323,293186050,2115,293186090,2115,192,-15,-238,24,2602,-243,-65,2599
53949670,7917,508972411,53913067,897,-4676,18,6323,293186050,2115,293186100,2115,193,-17,-150,30,2697,-156,-62,2694
53960339,7918,508972415,53913034,897,-4675,15,6323,293186050,2115,293186110,2115,193,-20,-106,116,2842,-115,20,2841
53969821,7918,508972419,53912999,897,-4674,14,6323,293186100,2115,293186120,2115,193,-23,-59,84,2712,-68,-8,2711
53979718,7918,508972423,53912966,897,-4674,12,6323,293186100,2115,293186130,2115,193,-26,-52,68,2766,-63,-26,2765
53990546,7918,508972427,53912933,897,-4673,10,6323,293186100,2115,293186140,2115,193,-28,-140,124,2677,-152,32,2677
53999680,7918,508972431,53912900,896,-4670,9,6323,293186100,2115,293186150,2115,194,-30,-325,91,2632,-337,-1,2630
54009893,7918,508972435,53912868,896,-4668,6,6323,293186100,2115,293186160,2115,196,-30,-214,21,2895,-227,-80,2891
54020235,7918,508972439,53912833,896,-4666,2,6323,293186150,2115,293186170,2115,196,-31,-239,126,3002,-254,22,3002
54029778,7918,508972443,53912800,896,-4666,-2,6323,293186150,2115,293186180,2115,197,-31,-64,72,3003,-79,-32,3002
54039660,7919,508972447,53912767,895,-4665,-3,6323,293186150,2115,293186190,2115,197,-31,-61,148,2710,-75,54,2711
54049894,7919,508972451,53912735,895,-4664,-5,6323,293186150,2115,293186200,2115,198,-31,-117,147,2756,-131,51,2757
54061021,7919,508972455,53912702,894,-4663,-7,6323,293186150,2115,293186210,2115,199,-31,-135,120,2667,-148,26,2667
54069800,7919,508972459,53912667,895,-4661,-9,6323,293186200,2115,293186220,2115,199,-30,-168,-35,2820,-181,-134,2814
54080136,7919,508972463,53912634,895,-4660,-11,6323,293186200,2115,293186230,2115,200,-30,-212,107,2753,-225,9,2752
54089645,7920,508972467,53912602,894,-4658,-13,6323,293186200,2115,293186240,2115,199,-29,-172,140,2794,-185,42,2794
54100373,7920,508972471,53912569,894,-4657,-16,6323,293186200,2115,293186250,2115,199,-28,-112,111,2836,-124,12,2836
54110026,7920,508972475,53912536,893,-4657,-17,6323,293186200,2115,293186260,2115,198,-27,-24,181,2609,-35,90,2612
54119779,7921,508972479,53912502,893,-4657,-17,6323,293186250,2115,293186270,2115,198,-26,-13,103,2554,-23,14,2555
54129747,7921,508972483,53912469,893,-4656,-17,6323,293186250,2115,293186280,2115,200,-25,-74,50,2450,-83,-37,2448
54139655,7921,508972487,53912436,893,-4655,-16,6323,293186250,2115,293186290,2115,200,-24,-211,-14,2419,-219,-100,2414
54149646,7921,508972491,53912404,893,-4653,-18,6323,293186250,2115,293186300,2115,201,-22,-175,111,2703,-184,15,2703
54159952,7922,508972495,53912371,891,-4653,-20,6323,293186250,2115,293186310,2115,200,-20,-126,315,2730,-135,219,2736
54169778,7922,508972499,53912336,892,-4652,-22,6323,293186300,2115,293186320,2115,200,-19,-4,22,2792,-12,-76,2789
54179724,7923,508972503,53912303,891,-4652,-23,6323,293186300,2115,293186330,2115,199,-17,-6,164,2672,-13,71,2674
54189653,7923,508972507,53912271,890,-4652,-25,6323,293186300,2115,293186340,2115,198,-17,-53,189,2663,-60,96,2666
54200086,7923,508972511,53912238,891,-4651,-25,6323,293186300,2115,293186350,2115,198,-15,-140,-66,2521,-144,-154,2515
54209907,7924,508972515,53912206,891,-4649,-25,6323,293186300,2115,293186360,2115,198,-14,-241,107,2507,-246,19,2506
54219792,7924,508972519,53912171,890,-4647,-26,6323,293186350,2115,293186370,2115,197,-11,-216,169,2608,-220,78,2610
54230556,7924,508972523,53912138,889,-4647,-26,6323,293186350,2115,293186380,2115,195,-9,-99,217,2570,-102,128,2574
54239644,7925,508972527,53912106,889,-4647,-27,6323,293186350,2115,293186390,2115,194,-7,6,97,2586,4,9,2586
54249633,7925,508972531,53912073,888,-4648,-25,6323,293186350,2115,293186400,2115,194,-6,97,238,2273,95,161,2278
54260308,7925,508972535,53912040,889,-4648,-23,6323,293186350,2115,293186410,2115,193,-5,12,-31,2281,12,-109,2277
54269802,7926,508972539,53912006,888,-4647,-22,6323,293186400,2115,293186420,2115,192,-5,-122,130,2330,-123,51,2331
54279721,7926,508972543,53911973,887,-4645,-21,6323,293186400,2115,293186430,2115,192,-4,-188,152,2340,-189,72,2342
54289717,7926,508972547,53911940,887,-4645,-21,6324,293186400,2115,293186440,2115,190,-3,-86,94,2515,-86,9,2515
54299657,7926,508972551,53911908,886,-4644,-21,6324,293186400,2115,293186450,2115,189,-3,-108,136,2477,-108,53,2478
54309894,7926,508972555,53911875,885,-4643,-20,6324,293186400,2115,293186460,2115,187,-2,-143,195,2420,-143,115,2424
54320053,7926,508972559,53911841,884,-4643,-19,6324,293186450,2115,293186470,2115,186,-2,-87,144,2337,-86,67,2339
54329737,7926,508972563,53911808,885,-4642,-18,6324,293186450,2115,293186480,2115,185,-2,-13,23,2403,-11,-55,2400
54339643,7926,508972567,53911775,885,-4642,-17,6324,293186450,2115,293186490,2115,184,-2,-2,66,2363,-1,-11,2362
54350352,7926,508972571,53911743,884,-4642,-16,6324,293186450,2115,293186500,2115,183,-2,-44,167,2385,-44,90,2388
54360353,7926,508972575,53911710,884,-4642,-15,6324,293186450,2115,293186510,2115,182,-2,-81,127,2363,-81,51,2364
54369799,7926,508972579,53911676,883,-4641,-14,6324,293186500,2115,293186520,2115,181,-2,-84,99,2392,-83,22,2392
54380205,7926,508972583,53911643,883,-4640,-13,6324,293186500,2115,293186530,2115,180,-2,-144,84,2361,-144,8,2361
54389664,7926,508972587,53911611,883,-4639,-12,6324,293186500,2115,293186540,2115,179,-3,-129,111,2380,-128,35,2381
54399643,7926,508972591,53911578,882,-4638,-11,6324,293186500,2115,293186550,2115,179,-3,-101,66,2349,-100,-8,2348
54410149,7926,508972595,53911545,883,-4638,-10,6324,293186500,2115,293186560,2115,178,-3,-70,35,2359,-70,-39,2357
54419785,7926,508972599,53911511,882,-4637,-9,6324,293186550,2115,293186570,2115,177,-4,-64,113,2367,-64,39,2367
54429729,7926,508972602,53911478,882,-4637,-7,6324,293186550,2115,293186580,2115,177,-5,-23,131,2331,-24,58,2332
54440596,7926,508972606,53911446,881,-4637,-6,6324,293186550,2115,293186590,2115,176,-5,-40,94,2376,-41,20,2376
54449650,7925,508972610,53911413,881,-4636,-5,6324,293186550,2115,293186600,2115,176,-6,-69,67,2332,-70,-6,2331
54459924,7925,508972614,53911381,881,-4635,-4,6324,293186550,2115,293186610,2115,175,-7,-89,50,2336,-90,-23,2334
54470127,7925,508972618,53911346,881,-4635,-3,6324,293186600,2115,293186620,2115,175,-8,-118,112,2398,-120,38,2398
54479718,7925,508972622,53911313,881,-4634,-2,6324,293186600,2115,293186630,2115,174,-9,-113,75,2418,-115,1,2417
54489661,7925,508972626,53911281,881,-4633,-2,6324,293186600,2115,293186640,2115,174,-10,-85,43,2454,-88,-33,2453
54500542,7925,508972630,53911248,881,-4633,-2,6324,293186600,2115,293186650,2115,174,-11,-75,92,2462,-78,17,2461
54509934,7925,508972634,53911216,880,-4632,-1,6324,293186600,2115,293186660,2115,173,-12,-43,104,2445,-47,29,2445
54519791,7925,508972638,53911181,880,-4632,0,6324,293186650,2115,293186670,2115,173,-13,-45,66,2397,-49,-7,2396
54530281,7925,508972642,53911149,880,-4631,0,6324,293186650,2115,293186680,2115,173,-14,-71,98,2434,-76,24,2434
54539649,7925,508972646,53911116,880,-4630,1,6324,293186650,2115,293186690,2115,173,-16,-96,97,2456,-101,22,2455
54549645,7924,508972650,53911084,880,-4630,0,6324,293186650,2115,293186700,2115,173,-17,-70,29,2518,-76,-48,2516
54561310,7924,508972654,53911051,880,-4629,1,6324,293186650,2115,293186710,2115,173,-17,-107,10,2482,-112,-66,2479
54569811,7924,508972658,53911017,880,-4628,1,6324,293186700,2115,293186720,2115,173,-18,-77,117,2459,-84,42,2460
54579725,7924,508972662,53910984,879,-4628,1,6324,293186700,2115,293186730,2115,174,-19,-102,112,2470,-109,36,2470
54590330,7924,508972666,53910952,879,-4627,1,6324,293186700,2115,293186740,2115,174,-20,-84,64,2506,-91,-13,2505
54599643,7924,508972670,53910919,880,-4626,1,6324,293186700,2115,293186750,2115,174,-20,-66,15,2511,-73,-62,2508
54609904,7924,508972674,53910887,880,-4626,1,6324,293186700,2115,293186760,2115,175,-21,-65,61,2536,-73,-17,2534
54620238,7924,508972678,53910852,879,-4625,1,6324,293186750,2115,293186770,2115,175,-21,-84,124,2529,-92,46,2529
54629722,7924,508972682,53910820,879,-4624,0,6324,293186750,2115,293186780,2115,175,-21,-73,54,2513,-80,-24,2511
54639644,7924,508972685,53910787,879,-4623,0,6324,293186750,2115,293186790,2115,176,-22,-82,38,2573,-90,-42,2570
54649855,7924,508972689,53910755,879,-4623,0,6324,293186750,2115,293186800,2115,176,-22,-91,83,2497,-98,6,2497
54660464,7924,508972693,53910723,879,-4622,-1,6324,293186750,2115,293186810,2115,176,-22,-89,69,2563,-98,-10,2562
54669830,7924,508972697,53910688,879,-4621,-1,6324,293186800,2115,293186820,2115,176,-22,-84,59,2597,-92,-21,2595
54679762,7924,508972701,53910656,879,-4621,-1,6324,293186800,2115,293186830,2115,177,-22,-77,72,2523,-84,-7,2522
54689654,7924,508972705,53910623,879,-4620,-1,6324,293186800,2115,293186840,2115,177,-21,-50,67,2496,-58,-10,2495
54699651,7924,508972709,53910591,879,-4620,-2,6324,293186800,2115,293186850,2115,177,-21,-33,84,2556,-41,4,2555
54711026,7924,508972713,53910558,879,-4620,-2,6324,293186800,2115,293186860,2115,178,-21,0,42,2569,-8,-38,2568
54719823,7924,508972717,53910524,879,-4620,-3,6324,293186850,2115,293186870,2115,178,-21,-8,48,2548,-15,-32,2546
54729718,7924,508972721,53910491,879,-4619,-3,6324,293186850,2115,293186880,2115,179,-20,-62,83,2578,-70,2,2577
54739660,7925,508972725,53910459,879,-4618,-3,6324,293186850,2115,293186890,2115,179,-20,-101,46,2523,-108,-34,2521
54749660,7925,508972729,53910426,879,-4618,-4,6324,293186850,2115,293186900,2115,180,-20,-76,66,2546,-83,-15,2544
54759933,7925,508972733,53910394,880,-4617,-4,6324,293186850,2115,293186910,2115,180,-19,-65,30,2525,-72,-50,2523
54778011,7925,508972737,53910359,880,-4617,-4,6324,293186900,2115,293186920,2115,181,-19,26,47,2517,20,-32,2516
54780267,7925,508972741,53910327,880,-4617,-4,6324,293186900,2115,293186930,2115,181,-18,48,71,2541,42,-10,2540
54789647,7925,508972745,53910295,880,-4617,-5,6324,293186900,2115,293186940,2115,182,-18,-3,97,2571,-9,15,2571
54799657,7925,508972749,53910262,880,-4617,-5,6324,293186900,2115,293186950,2115,183,-18,-58,58,2487,-64,-22,2485
54809894,7925,508972753,53910230,880,-4616,-5,6324,293186900,2115,293186960,2115,183,-17,-76,53,2504,-82,-28,2503
54819791,7925,508972757,53910195,880,-4615,-5,6324,293186950,2115,293186970,2115,184,-17,-82,61,2532,-88,-21,2530
54829736,7925,508972761,53910163,881,-4615,-5,6324,293186950,2115,293186980,2115,185,-17,-16,24,2553,-22,-59,2551
54839652,7925,508972765,53910131,880,-4615,-6,6324,293186950,2115,293186990,2115,185,-17,1,124,2564,-5,41,2565
54849707,7925,508972769,53910098,880,-4615,-6,6324,293186950,2115,293187000,2115,186,-17,4,69,2558,-2,-14,2557
54861979,7925,508972772,53910066,880,-4615,-6,6324,293186950,2115,293187010,2115,187,-17,-47,69,2469,-52,-12,2468
54869839,7925,508972776,53910031,881,-4614,-7,6324,293187000,2115,293187020,2115,187,-17,-47,56,2569,-52,-29,2567
54879723,7925,508972780,53909999,881,-4614,-7,6324,293187000,2115,293187030,2115,188,-17,-26,95,2536,-32,11,2535
54889660,7925,508972784,53909967,881,-4614,-7,6324,293187000,2115,293187040,2115,189,-17,16,45,2506,10,-38,2505
54899657,7925,508972788,53909934,881,-4614,-7,6324,293187000,2115,293187050,2115,189,-18,-41,102,2553,-48,17,2553
54909918,7925,508972792,53909902,881,-4613,-7,6324,293187000,2115,293187060,2115,190,-18,-48,38,2489,-55,-45,2487
54919811,7925,508972796,53909867,881,-4613,-7,6324,293187050,2115,293187070,2115,191,-19,-46,93,2498,-53,9,2498
54929722,7925,508972800,53909835,881,-4613,-8,6324,293187050,2115,293187080,2115,191,-20,-30,100,2539,-38,15,2539
54939648,7924,508972804,53909803,881,-4612,-8,6324,293187050,2115,293187090,2115,192,-20,-15,40,2561,-22,-46,2559
54949671,7924,508972808,53909770,881,-4612,-9,6324,293187050,2115,293187100,2115,192,-21,-7,94,2596,-15,7,2596
54959908,7924,508972812,53909738,881,-4612,-9,6324,293187050,2115,293187110,2115,192,-22,1,113,2559,-7,27,2559
54969807,7924,508972816,53909703,881,-4612,-9,6324,293187100,2115,293187120,2115,192,-23,-33,85,2510,-41,0,2510
54979714,7924,508972820,53909671,881,-4612,-9,6324,293187100,2115,293187130,2115,192,-24,-14,46,2460,-23,-37,2459
54989665,7924,508972824,53909639,880,-4611,-9,6324,293187100,2115,293187140,2115,192,-24,-50,138,2536,-59,52,2537
54999661,7924,508972828,53909606,881,-4611,-10,6324,293187100,2115,293187150,2115,192,-25,-32,32,2548,-42,-54,2546
55009898,7924,508972832,53909574,881,-4611,-10,6324,293187100,2115,293187160,2115,192,-25,-34,98,2563,-44,12,2562
55019790,7924,508972836,53909539,881,-4610,-11,6324,293187150,2115,293187170,2115,191,-26,-25,79,2627,-35,-9,2626
55029721,7924,508972840,53909507,880,-4610,-11,6324,293187150,2115,293187180,2115,191,-26,-20,111,2542,-30,26,2543
55039875,7924,508972844,53909475,880,-4610,-12,6324,293187150,2115,293187190,2115,190,-26,46,108,2552,36,23,2553
55049667,7924,508972848,53909442,880,-4611,-12,6324,293187150,2115,293187200,2115,189,-27,41,94,2517,31,11,2517
55059937,7924,508972852,53909410,880,-4611,-12,6324,293187150,2115,293187210,2115,188,-27,6,121,2492,-4,39,2493
55070240,7924,508972856,53909376,880,-4610,-12,6324,293187200,2115,293187220,2115,187,-27,-46,83,2492,-56,1,2491
55079728,7924,508972860,53909343,880,-4610,-12,6324,293187200,2115,293187230,2115,186,-27,-35,88,2546,-45,4,2546
55089703,7924,508972864,53909311,879,-4610,-12,6324,293187200,2115,293187240,2115,184,-27,-1,102,2525,-12,20,2526
55100807,7924,508972868,53909278,879,-4610,-12,6324,293187200,2115,293187250,2115,183,-27,29,158,2515,19,77,2517
55110023,7923,508972872,53909246,878,-4611,-12,6324,293187200,2115,293187260,2115,182,-26,56,148,2479,45,69,2480
55119818,7923,508972876,53909212,879,-4611,-12,6324,293187250,2115,293187270,2115,181,-26,27,39,2421,18,-38,2419
55129720,7923,508972879,53909179,879,-4611,-11,6324,293187250,2115,293187280,2115,180,-26,-3,95,2434,-13,18,2434
55139646,7923,508972883,53909147,878,-4610,-11,6324,293187250,2115,293187290,2115,178,-26,-28,139,2490,-38,61,2491
55149667,7923,508972887,53909115,878,-4610,-11,6324,293187250,2115,293187300,2115,177,-26,18,91,2533,8,12,2533
55160599,7923,508972891,53909082,878,-4611,-12,6324,293187250,2115,293187310,2115,176,-25,29,125,2536,19,46,2537
55169820,7923,508972895,53909048,877,-4611,-11,6324,293187300,2115,293187320,2115,175,-25,7,101,2485,-3,25,2485
55179736,7923,508972899,53909015,877,-4611,-11,6324,293187300,2115,293187330,2115,174,-25,1,76,2444,-8,2,2443
55189671,7923,508972903,53908983,877,-4611,-10,6324,293187300,2115,293187340,2115,173,-25,-6,132,2398,-15,59,2399
55199664,7922,508972907,53908951,877,-4611,-9,6324,293187300,2115,293187350,2115,172,-25,2,50,2393,-7,-22,2391
55209885,7922,508972911,53908918,877,-4610,-9,6324,293187300,2115,293187360,2115,171,-24,-29,62,2400,-38,-10,2399
55219802,7922,508972915,53908884,877,-4610,-8,6324,293187350,2115,293187370,2115,170,-24,-3,98,2455,-12,25,2455
55229729,7922,508972919,53908852,877,-4610,-8,6324,293187350,2115,293187380,2115,169,-24,16,97,2478,7,23,2478
55239651,7922,508972923,53908819,877,-4610,-8,6324,293187350,2115,293187390,2115,169,-24,22,33,2430,14,-39,2428
55249965,7922,508972927,53908787,877,-4610,-7,6324,293187350,2115,293187400,2115,168,-24,-4,60,2442,-13,-12,2441
55259938,7922,508972931,53908754,877,-4610,-6,6324,293187350,2115,293187410,2115,167,-24,-57,115,2400,-65,44,2400
55269852,7922,508972935,53908720,877,-4609,-6,6324,293187400,2115,293187420,2115,167,-24,-36,41,2497,-45,-32,2495
55279745,7922,508972939,53908688,877,-4609,-6,6324,293187400,2115,293187430,2115,166,-24,-35,4,2521,-44,-70,2518
55289658,7922,508972943,53908655,877,-4609,-6,6324,293187400,2115,293187440,2115,166,-24,1,73,2510,-8,0,2509
55299646,7922,508972947,53908623,877,-4609,-6,6324,293187400,2115,293187450,2115,165,-25,-12,61,2503,-21,-12,2502
55310584,7922,508972951,53908591,877,-4609,-6,6325,293187400,2115,293187460,2115,165,-25,12,91,2482,3,19,2482
55319820,7922,508972954,53908556,877,-4609,-6,6325,293187450,2115,293187470,2115,165,-25,0,76,2399,-9,6,2398
55329726,7922,508972958,53908524,877,-4609,-5,6325,293187450,2115,293187480,2115,165,-25,-6,31,2476,-15,-41,2474
55340843,7922,508972962,53908491,877,-4609,-5,6325,293187450,2115,293187490,2115,165,-26,-12,101,2497,-21,29,2497
55349658,7922,508972966,53908459,877,-4608,-5,6325,293187450,2115,293187500,2115,165,-26,-34,58,2512,-44,-15,2511
55359932,7922,508972970,53908427,878,-4608,-5,6325,293187450,2115,293187510,2115,165,-27,-41,-4,2495,-51,-77,2492
55369817,7922,508972974,53908392,878,-4607,-5,6325,293187500,2115,293187520,2115,165,-28,-36,64,2482,-46,-8,2481
55379730,7922,508972978,53908360,877,-4607,-5,6325,293187500,2115,293187530,2115,165,-28,-24,110,2493,-34,38,2493
55389684,7923,508972982,53908328,877,-4607,-5,6325,293187500,2115,293187540,2115,165,-28,-17,98,2520,-28,25,2520
55399646,7923,508972986,53908295,877,-4607,-5,6325,293187500,2115,293187550,2115,165,-29,0,64,2542,-11,-10,2541
55410017,7923,508972990,53908263,877,-4607,-6,6325,293187500,2115,293187560,2115,166,-29,-6,76,2554,-18,2,2553
55419798,7923,508972994,53908229,878,-4606,-6,6325,293187550,2115,293187570,2115,166,-30,-11,7,2577,-22,-68,2574
55429736,7923,508972998,53908196,877,-4606,-7,6325,293187550,2115,293187580,2115,166,-30,-56,72,2539,-68,-2,2537
55439658,7923,508973002,53908164,877,-4605,-7,6325,293187550,2115,293187590,2115,167,-30,-82,90,2528,-94,15,2528
55449650,7923,508973006,53908132,877,-4605,-7,6325,293187550,2115,293187600,2115,167,-30,-44,64,2573,-56,-12,2571
55460167,7923,508973010,53908099,877,-4604,-8,6325,293187550,2115,293187610,2115,168,-30,-36,67,2572,-48,-9,2571
55469817,7923,508973014,53908065,877,-4604,-9,6325,293187600,2115,293187620,2115,168,-30,-30,63,2567,-42,-13,2565
55479717,7923,508973018,53908033,877,-4604,-9,6325,293187600,2115,293187630,2115,169,-30,-28,70,2536,-40,-5,2535
55489664,7923,508973022,53908000,877,-4603,-9,6325,293187600,2115,293187640,2115,169,-29,-23,65,2488,-34,-9,2487
55499655,7923,508973025,53907968,877,-4603,-9,6325,293187600,2115,293187650,2115,170,-28,-32,61,2485,-43,-13,2483
55511041,7924,508973029,53907936,877,-4603,-9,6325,293187600,2115,293187660,2115,170,-28,-9,94,2538,-19,18,2537
55519798,7924,508973033,53907901,877,-4603,-9,6325,293187650,2115,293187670,2115,170,-27,-25,80,2507,-35,5,2506
55529751,7924,508973037,53907869,877,-4602,-9,6325,293187650,2115,293187680,2115,170,-26,-51,43,2545,-61,-34,2543
55539663,7924,508973041,53907837,877,-4602,-9,6325,293187650,2115,293187690,2115,170,-25,-56,78,2523,-66,2,2522
55549684,7924,508973045,53907804,877,-4601,-9,6325,293187650,2115,293187700,2115,170,-23,-48,108,2474,-56,33,2474
55559920,7924,508973049,53907772,877,-4601,-9,6325,293187650,2115,293187710,2115,171,-22,-20,48,2506,-27,-27,2504
55569818,7924,508973053,53907738,877,-4601,-9,6325,293187700,2115,293187720,2115,171,-20,-5,66,2472,-12,-8,2471
55579739,7924,508973057,53907705,877,-4601,-9,6325,293187700,2115,293187730,2115,171,-19,-9,82,2468,-15,8,2467
55589670,7924,508973061,53907673,877,-4601,-9,6325,293187700,2115,293187740,2115,171,-17,-3,89,2479,-9,15,2479
55599663,7925,508973065,53907641,877,-4601,-8,6325,293187700,2115,293187750,2115,171,-16,2,71,2437,-3,-2,2437
55609889,7925,508973069,53907609,876,-4601,-7,6325,293187700,2115,293187760,2115,171,-15,-16,98,2417,-21,25,2417
55619808,7925,508973073,53907574,876,-4600,-7,6325,293187750,2115,293187770,2115,171,-14,-29,62,2411,-34,-10,2409
55629734,7925,508973077,53907542,876,-4600,-6,6325,293187750,2115,293187780,2115,171,-13,-25,105,2412,-29,32,2413
55639665,7925,508973081,53907510,876,-4600,-5,6325,293187750,2115,293187790,2115,171,-12,-2,53,2381,-5,-19,2379
55650527,7925,508973085,53907477,876,-4600,-4,6325,293187750,2115,293187800,2115,172,-11,-2,123,2416,-5,50,2417
55659927,7925,508973089,53907445,876,-4600,-3,6325,293187750,2115,293187810,2115,172,-10,-11,94,2373,-13,22,2373
55669825,7925,508973092,53907411,876,-4600,-3,6325,293187800,2115,293187820,2115,172,-9,17,76,2425,15,3,2424
55679819,7925,508973096,53907378,876,-4600,-2,6325,293187800,2115,293187830,2115,172,-8,2,70,2428,0,-4,2427
55689672,7925,508973100,53907346,876,-4600,-1,6325,293187800,2115,293187840,2115,172,-8,4,89,2402,2,16,2402
55699658,7925,508973104,53907314,875,-4600,-1,6325,293187800,2115,293187850,2115,172,-7,-13,88,2434,-15,15,2434
55710169,7926,508973108,53907282,875,-4600,0,6325,293187800,2115,293187860,2115,172,-7,-35,90,2449,-37,16,2448
55719823,7926,508973112,53907247,875,-4600,0,6325,293187850,2115,293187870,2115,172,-7,-14,40,2472,-16,-35,2470
55729722,7926,508973116,53907215,875,-4600,0,6325,293187850,2115,293187880,2115,172,-7,-14,72,2473,-16,-2,2473
55739919,7926,508973120,53907183,875,-4600,0,6325,293187850,2115,293187890,2115,171,-7,-16,115,2485,-18,40,2485
55749663,7926,508973124,53907150,875,-4600,0,6325,293187850,2115,293187900,2115,171,-7,0,84,2474,-2,10,2473
55760540,7925,508973128,53907118,875,-4600,1,6325,293187850,2115,293187910,2115,172,-7,36,72,2448,35,-1,2448
55770315,7925,508973132,53907084,876,-4600,1,6325,293187900,2115,293187920,2115,172,-7,39,5,2465,38,-69,2462
55779738,7925,508973136,53907051,875,-4600,2,6325,293187900,2115,293187930,2115,172,-8,17,89,2374,16,17,2374
55789673,7925,508973140,53907019,875,-4600,3,6325,293187900,2115,293187940,2115,172,-8,-46,121,2401,-48,48,2401
55799789,7925,508973144,53906987,875,-4600,3,6325,293187900,2115,293187950,2115,172,-9,-20,45,2482,-22,-30,2481
55809914,7924,508973148,53906954,876,-4600,3,6325,293187900,2115,293187960,2115,172,-9,18,16,2472,16,-58,2469
55819827,7924,508973151,53906920,876,-4600,3,6325,293187950,2115,293187970,2115,171,-10,27,76,2496,25,1,2495
55830638,7924,508973155,53906888,876,-4600,3,6325,293187950,2115,293187980,2115,171,-10,-2,78,2506,-5,3,2505
55839694,7923,508973159,53906855,876,-4600,3,6325,293187950,2115,293187990,2115,171,-11,12,46,2483,9,-28,2482
55849708,7923,508973163,53906823,876,-4600,3,6325,293187950,2115,293188000,2115,170,-12,17,73,2502,13,-2,2501
55860810,7923,508973167,53906791,876,-4600,3,6325,293187950,2115,293188010,2115,170,-13,-10,89,2503,-14,14,2502
55869831,7922,508973171,53906756,877,-4600,3,6325,293188000,2115,293188020,2115,170,-14,29,6,2514,25,-68,2511
55879730,7922,508973175,53906724,877,-4600,3,6325,293188000,2115,293188030,2115,169,-15,6,40,2569,1,-36,2567
55890135,7921,508973179,53906692,877,-4600,2,6325,293188000,2115,293188040,2115,169,-16,-24,54,2538,-29,-21,2537
55899649,7921,508973183,53906660,877,-4600,2,6325,293188000,2115,293188050,2115,168,-16,-16,47,2518,-22,-27,2517
55910304,7920,508973187,53906627,877,-4600,2,6325,293188000,2115,293188060,2115,168,-17,4,42,2541,-2,-33,2540
55919933,7920,508973191,53906593,878,-4600,2,6325,293188050,2115,293188070,2115,167,-18,22,36,2514,15,-38,2512
55929725,7919,508973195,53906561,878,-4600,2,6325,293188050,2115,293188080,2115,167,-19,23,-5,2501,16,-78,2498
55939648,7919,508973199,53906528,879,-4600,2,6325,293188050,2115,293188090,2115,166,-20,9,36,2515,2,-37,2513
55949674,7918,508973203,53906496,879,-4599,2,6325,293188050,2115,293188100,2115,166,-21,-16,59,2497,-23,-14,2496
55961093,7918,508973207,53906464,879,-4599,2,6325,293188050,2115,293188110,2115,165,-22,9,3,2550,1,-71,2547
55969840,7917,508973211,53906429,880,-4599,1,6325,293188100,2115,293188120,2115,165,-23,19,22,2608,10,-53,2606
55979729,7917,508973215,53906397,880,-4599,0,6325,293188100,2115,293188130,2115,164,-24,11,35,2547,2,-38,2545
55989700,7916,508973219,53906365,880,-4599,0,6325,293188100,2115,293188140,2115,164,-25,-16,28,2555,-25,-45,2553
55999671,7916,508973222,53906333,881,-4599,-1,6325,293188100,2115,293188150,2115,164,-25,-4,37,2583,-13,-38,2581
56009949,7915,508973226,53906300,881,-4599,-1,6325,293188100,2115,293188160,2115,164,-26,-11,20,2542,-21,-53,2540
56019800,7915,508973230,53906266,881,-4599,-2,6325,293188150,2115,293188170,2115,163,-26,26,53,2599,15,-21,2598
56029719,7914,508973234,53906234,881,-4599,-2,6325,293188150,2115,293188180,2115,163,-27,46,3,2586,36,-71,2583
56039654,7914,508973238,53906201,882,-4599,-3,6325,293188150,2115,293188190,2115,163,-28,24,48,2538,14,-25,2536
56049653,7914,508973242,53906169,882,-4599,-3,6325,293188150,2115,293188200,2115,163,-28,16,46,2546,5,-27,2545
56059936,7913,508973246,53906137,882,-4599,-3,6325,293188150,2115,293188210,2115,163,-28,-4,28,2544,-15,-45,2542
56070180,7913,508973250,53906102,883,-4598,-4,6325,293188200,2115,293188220,2115,163,-28,-5,7,2551,-15,-67,2548
56079758,7912,508973254,53906070,883,-4598,-4,6325,293188200,2115,293188230,2115,163,-28,9,42,2590,-2,-33,2588
56089684,7912,508973258,53906038,883,-4598,-5,6325,293188200,2115,293188240,2115,163,-28,8,42,2561,-3,-31,2560
56099706,7912,508973262,53906006,883,-4598,-5,6325,293188200,2115,293188250,2115,163,-28,28,55,2558,17,-18,2557
56109929,7911,508973266,53905973,884,-4598,-5,6325,293188200,2115,293188260,2115,164,-28,25,-3,2512,15,-75,2509
56119800,7911,508973270,53905939,884,-4598,-6,6325,293188250,2115,293188270,2115,164,-28,2,76,2538,-9,3,2537
56130261,7910,508973274,53905907,884,-4598,-6,6325,293188250,2115,293188280,2115,164,-27,29,26,2536,19,-47,2534
56139688,7910,508973278,53905874,885,-4599,-6,6325,293188250,2115,293188290,2115,164,-27,31,45,2566,21,-29,2564
56149659,7909,508973282,53905842,885,-4599,-6,6325,293188250,2115,293188300,2115,164,-26,24,34,2494,15,-38,2492
56160256,7909,508973286,53905810,885,-4599,-6,6325,293188250,2115,293188310,2115,164,-26,0,14,2486,-9,-58,2484
56169805,7909,508973290,53905776,885,-4598,-7,6325,293188300,2115,293188320,2115,164,-25,-1,49,2545,-10,-24,2544
56179730,7908,508973294,53905743,886,-4599,-7,6325,293188300,2115,293188330,2115,163,-24,39,21,2506,30,-50,2503
56190435,7908,508973298,53905711,886,-4599,-6,6325,293188300,2115,293188340,2115,163,-24,37,69,2493,28,-2,2492
56199649,7908,508973302,53905679,886,-4599,-6,6325,293188300,2115,293188350,2115,163,-23,58,52,2498,50,-19,2497
56209913,7907,508973306,53905646,887,-4599,-6,6325,293188300,2115,293188360,2115,163,-23,40,20,2423,32,-49,2421
56220252,7907,508973310,53905612,887,-4600,-5,6325,293188350,2115,293188370,2115,162,-22,68,-2,2448,60,-71,2445
56229801,7906,508973314,53905580,888,-4600,-5,6325,293188350,2115,293188380,2115,162,-22,63,59,2469,56,-11,2468
56239670,7906,508973318,53905548,888,-4600,-5,6325,293188350,2115,293188390,2115,161,-21,34,38,2448,26,-32,2446
56250384,7906,508973322,53905515,888,-4600,-4,6325,293188350,2115,293188400,2115,161,-20,35,14,2458,28,-55,2456
56260536,7905,508973326,53905483,889,-4600,-4,6325,293188350,2115,293188410,2115,160,-20,35,20,2474,28,-50,2472
56270132,7905,508973330,53905449,889,-4601,-3,6325,293188400,2115,293188420,2115,160,-19,38,37,2421,32,-31,2420
56280882,7904,508973334,53905416,889,-4601,-3,6325,293188400,2115,293188430,2115,159,-19,60,48,2423,54,-19,2422
56289671,7904,508973338,53905384,889,-4601,-3,6325,293188400,2115,293188440,2115,159,-19,63,52,2495,57,-18,2494
56299680,7904,508973342,53905352,890,-4602,-2,6325,293188400,2115,293188450,2115,159,-18,87,-29,2454,82,-97,2451
56310002,7903,508973346,53905319,891,-4603,-2,6325,293188400,2115,293188460,2115,159,-18,87,52,2419,81,-15,2418
56319817,7903,508973350,53905285,891,-4603,-1,6325,293188450,2115,293188470,2115,159,-18,69,35,2452,63,-34,2450
56329758,7902,508973354,53905253,891,-4604,-1,6326,293188450,2115,293188480,2115,158,-18,106,21,2429,100,-46,2427
56340111,7902,508973358,53905220,892,-4604,-1,6326,293188450,2115,293188490,2115,158,-18,96,5,2496,90,-64,2494
56349647,7901,508973362,53905188,892,-4605,0,6326,293188450,2115,293188500,2115,157,-18,49,24,2473,43,-44,2471
56361015,7901,508973366,53905156,893,-4605,0,6326,293188450,2115,293188510,2115,157,-19,67,6,2464,61,-62,2461
56369834,7901,508973370,53905121,893,-4605,0,6326,293188500,2115,293188520,2115,157,-19,74,11,2475,68,-57,2473
56379733,7900,508973374,53905089,894,-4606,0,6326,293188500,2115,293188530,2115,157,-20,102,60,2487,95,-8,2487
56389719,7900,508973378,53905057,894,-4607,0,6326,293188500,2115,293188540,2115,157,-20,113,-6,2472,107,-74,2469
56399659,7899,508973382,53905024,895,-4607,0,6326,293188500,2115,293188550,2115,157,-21,96,-24,2503,89,-93,2500
56410612,7899,508973386,53904992,896,-4608,0,6326,293188500,2115,293188560,2115,157,-22,85,29,2531,77,-40,2530
56419813,7898,508973390,53904958,896,-4609,0,6326,293188550,2115,293188570,2115,158,-23,100,54,2473,92,-14,2472
56429734,7898,508973394,53904925,896,-4609,1,6326,293188550,2115,293188580,2115,158,-24,72,15,2470,63,-53,2468
56439665,7897,508973398,53904893,897,-4610,1,6326,293188550,2115,293188590,2115,158,-26,95,-55,2499,86,-124,2495
56449666,7897,508973402,53904861,898,-4610,0,6326,293188550,2115,293188600,2115,159,-27,84,6,2525,74,-64,2523
56460510,7897,508973406,53904828,898,-4611,0,6326,293188550,2115,293188610,2115,159,-28,102,54,2583,90,-18,2582
56472016,7896,508973410,53904794,899,-4611,0,6326,293188600,2115,293188620,2115,160,-30,99,45,2545,88,-26,2544
56479730,7896,508973414,53904761,899,-4612,-1,6326,293188600,2115,293188630,2115,160,-31,81,-9,2550,69,-81,2548
56489668,7895,508973418,53904729,900,-4612,-2,6326,293188600,2115,293188640,2115,161,-32,104,17,2596,91,-56,2595
56499679,7895,508973422,53904697,901,-4613,-2,6326,293188600,2115,293188650,2115,161,-34,64,10,2609,51,-64,2607
56509906,7895,508973426,53904664,901,-4613,-3,6326,293188600,2115,293188660,2115,162,-35,83,-14,2582,69,-87,2579
56520136,7894,508973430,53904630,902,-4614,-4,6326,293188650,2115,293188670,2115,162,-36,82,31,2615,67,-43,2614
56529736,7894,508973435,53904598,902,-4614,-5,6326,293188650,2115,293188680,2115,163,-37,93,49,2618,78,-25,2617
56539647,7894,508973439,53904565,903,-4615,-6,6326,293188650,2115,293188690,2115,163,-38,93,-9,2579,78,-83,2576
56549696,7893,508973443,53904533,903,-4615,-6,6326,293188650,2115,293188700,2115,164,-39,82,55,2624,66,-20,2624
56559933,7893,508973447,53904500,903,-4616,-7,6326,293188650,2115,293188710,2115,164,-40,95,68,2531,79,-5,2531
56570970,7893,508973451,53904466,904,-4616,-7,6326,293188700,2115,293188720,2115,165,-40,111,-17,2579,95,-91,2577
56580347,7892,508973455,53904434,905,-4617,-8,6326,293188700,2115,293188730,2115,165,-41,110,8,2596,93,-67,2594
56590010,7892,508973459,53904401,905,-4617,-8,6326,293188700,2115,293188740,2115,166,-41,85,50,2572,68,-24,2571
56599680,7892,508973463,53904369,905,-4618,-9,6326,293188700,2115,293188750,2115,166,-41,75,62,2563,58,-12,2563
56610590,7891,508973467,53904336,905,-4618,-10,6326,293188700,2115,293188760,2115,166,-41,68,53,2591,51,-22,2590
56619811,7891,508973471,53904302,906,-4619,-10,6326,293188750,2115,293188770,2115,167,-41,98,2,2580,81,-73,2577
56629740,7891,508973475,53904269,906,-4619,-11,6326,293188750,2115,293188780,2115,167,-41,102,62,2621,86,-15,2620
56640527,7891,508973479,53904237,906,-4620,-12,6326,293188750,2115,293188790,2115,167,-40,100,77,2583,84,2,2583
56649664,7890,508973483,53904205,907,-4620,-12,6326,293188750,2115,293188800,2115,167,-40,99,52,2537,83,-22,2536
56660021,7890,508973487,53904172,907,-4621,-12,6326,293188750,2115,293188810,2115,167,-39,93,36,2521,78,-38,2519
56670645,7890,508973491,53904138,907,-4622,-13,6326,293188800,2115,293188820,2115,167,-39,105,67,2537,89,-7,2537
56679780,7890,508973496,53904105,908,-4622,-13,6326,293188800,2115,293188830,2115,167,-38,103,52,2494,88,-20,2493
56689694,7889,508973500,53904073,908,-4623,-12,6326,293188800,2115,293188840,2115,167,-37,91,37,2457,77,-34,2455
56699659,7889,508973504,53904040,908,-4623,-12,6326,293188800,2115,293188850,2115,166,-36,72,63,2444,59,-8,2444
56709946,7889,508973508,53904008,908,-4624,-11,6326,293188800,2115,293188860,2115,166,-35,94,48,2446,81,-23,2445
56719789,7889,508973512,53903973,909,-4625,-11,6326,293188850,2115,293188870,2115,166,-34,116,64,2489,103,-8,2489
56729730,7888,508973516,53903941,909,-4625,-11,6326,293188850,2115,293188880,2115,165,-33,109,47,2470,97,-24,2469
56739653,7888,508973520,53903908,909,-4626,-11,6326,293188850,2115,293188890,2115,165,-32,115,82,2452,103,11,2452
56749772,7888,508973524,53903876,909,-4627,-11,6326,293188850,2115,293188900,2115,165,-31,95,29,2488,84,-43,2486
56761342,7887,508973528,53903844,910,-4627,-10,6326,293188850,2115,293188910,2115,164,-30,97,28,2448,86,-43,2446
56769815,7887,508973532,53903809,910,-4628,-9,6326,293188900,2115,293188920,2115,164,-29,86,58,2415,75,-11,2414
56780111,7887,508973536,53903776,910,-4629,-9,6326,293188900,2115,293188930,2115,164,-28,88,44,2438,78,-26,2437
56789690,7887,508973540,53903744,911,-4629,-9,6326,293188900,2115,293188940,2115,163,-27,95,35,2452,86,-35,2450
56799678,7886,508973545,53903711,911,-4630,-8,6326,293188900,2115,293188950,2115,163,-26,117,74,2410,108,5,2410
56809920,7886,508973549,53903679,911,-4631,-7,6326,293188900,2115,293188960,2115,162,-25,107,73,2401,99,5,2401
56819795,7886,508973553,53903644,911,-4632,-6,6326,293188950,2115,293188970,2115,162,-24,116,50,2387,108,-18,2386
56829737,7886,508973557,53903612,912,-4632,-5,6326,293188950,2115,293188980,2115,161,-23,114,22,2398,106,-46,2396
56839660,7885,508973561,53903579,912,-4633,-4,6326,293188950,2115,293188990,2115,161,-23,104,52,2404,96,-15,2403
56850020,7885,508973565,53903547,912,-4634,-4,6326,293188950,2115,293189000,2115,161,-22,106,48,2426,98,-20,2425
56859922,7885,508973569,53903514,913,-4634,-3,6326,293188950,2115,293189010,2115,160,-22,70,23,2413,62,-45,2412
56869809,7885,508973573,53903480,913,-4635,-2,6326,293189000,2115,293189020,2115,160,-21,95,56,2417,87,-12,2416
56880226,7884,508973577,53903447,914,-4635,-2,6326,293189000,2115,293189030,2115,160,-21,94,12,2442,87,-56,2440
56889652,7884,508973581,53903415,913,-4636,-1,6326,293189000,2115,293189040,2115,159,-21,108,111,2429,101,43,2430
56899648,7884,508973586,53903382,914,-4637,-1,6326,293189000,2115,293189050,2115,159,-20,133,6,2415,126,-61,2412
56910548,7884,508973590,53903350,914,-4638,0,6326,293189000,2115,293189060,2115,159,-20,117,57,2417,110,-10,2417
56919811,7884,508973594,53903315,914,-4639,1,6326,293189050,2115,293189070,2115,159,-21,103,55,2413,96,-12,2412
56929742,7884,508973598,53903283,915,-4640,1,6326,293189050,2115,293189080,2115,159,-21,107,21,2432,100,-47,2430
56939656,7883,508973602,53903250,915,-4640,2,6326,293189050,2115,293189090,2115,159,-21,85,64,2436,78,-3,2436
56949653,7883,508973606,53903217,915,-4641,2,6326,293189050,2115,293189100,2115,159,-22,100,63,2465,93,-5,2464
56961042,7883,508973610,53903185,916,-4642,2,6326,293189050,2115,293189110,2115,159,-22,100,44,2477,92,-25,2475
56969824,7883,508973614,53903150,916,-4642,3,6326,293189100,2115,293189120,2115,159,-23,106,16,2449,98,-52,2447
56979738,7883,508973619,53903118,916,-4643,3,6326,293189100,2115,293189130,2115,159,-24,99,83,2475,90,14,2474
56989684,7883,508973623,53903085,916,-4644,3,6326,293189100,2115,293189140,2115,159,-25,119,54,2480,110,-14,2479
56999669,7883,508973627,53903052,917,-4645,3,6326,293189100,2115,293189150,2115,159,-26,123,53,2484,114,-16,2483
57009950,7883,508973631,53903020,917,-4645,3,6326,293189100,2115,293189160,2115,159,-27,121,57,2487,110,-12,2486
57019804,7883,508973635,53902985,917,-4646,3,6326,293189150,2115,293189170,2115,159,-28,104,49,2544,93,-22,2543
57029754,7883,508973639,53902953,918,-4647,3,6326,293189150,2115,293189180,2115,160,-30,99,54,2494,87,-15,2493
57039677,7883,508973643,53902920,917,-4647,3,6326,293189150,2115,293189190,2115,160,-31,72,108,2483,60,38,2483
57049681,7883,508973647,53902887,918,-4648,2,6326,293189150,2115,293189200,2115,161,-32,92,46,2604,79,-27,2603
57059911,7882,508973651,53902855,918,-4649,2,6326,293189150,2115,293189210,2115,161,-34,126,24,2586,112,-49,2584
57069847,7882,508973656,53902820,918,-4649,1,6326,293189200,2115,293189220,2115,161,-35,107,82,2532,93,10,2532
57079806,7882,508973660,53902788,918,-4650,1,6326,293189200,2115,293189230,2115,162,-37,112,67,2583,97,-6,2582
57089690,7882,508973664,53902755,919,-4651,0,6326,293189200,2115,293189240,2115,162,-38,88,43,2548,73,-29,2546
57099654,7882,508973668,53902722,919,-4651,0,6326,293189200,2115,293189250,2115,162,-40,98,69,2592,81,-5,2592
57109921,7882,508973672,53902690,919,-4652,-2,6326,293189200,2115,293189260,2115,162,-41,105,28,2657,88,-47,2656
57119831,7882,508973676,53902655,920,-4652,-3,6326,293189250,2115,293189270,2115,162,-42,92,60,2661,74,-16,2660
57129812,7882,508973680,53902622,920,-4653,-4,6326,293189250,2115,293189280,2115,162,-44,102,75,2608,84,1,2608
57139677,7882,508973685,53902590,920,-4653,-5,6326,293189250,2115,293189290,2115,162,-45,85,28,2653,66,-47,2651
57150285,7882,508973689,53902557,921,-4654,-6,6326,293189250,2115,293189300,2115,163,-46,118,69,2611,98,-5,2611
57161078,7882,508973693,53902524,921,-4655,-6,6326,293189250,2115,293189310,2115,163,-47,94,79,2562,75,6,2562
57169811,7882,508973697,53902490,920,-4655,-7,6326,293189300,2115,293189320,2115,163,-48,99,86,2646,79,10,2647
57179743,7882,508973701,53902457,921,-4656,-8,6326,293189300,2115,293189330,2115,164,-49,97,17,2639,76,-58,2637
57189656,7882,508973705,53902424,921,-4657,-9,6326,293189300,2115,293189340,2115,164,-50,112,66,2647,91,-9,2647
57199722,7882,508973709,53902392,921,-4657,-11,6326,293189300,2115,293189350,2115,164,-50,103,58,2651,81,-18,2650
57209908,7882,508973714,53902359,922,-4658,-12,6326,293189300,2115,293189360,2115,164,-51,84,52,2625,62,-24,2624
57219854,7882,508973718,53902324,921,-4658,-13,6326,293189350,2115,293189370,2115,165,-51,68,97,2633,46,21,2633
57230088,7882,508973722,53902292,921,-4658,-14,6326,293189350,2115,293189380,2115,165,-51,99,86,2648,77,10,2648
57239656,7882,508973726,53902259,922,-4659,-15,6326,293189350,2115,293189390,2115,165,-51,99,32,2602,78,-43,2600
57249700,7882,508973730,53902226,922,-4659,-15,6326,293189350,2115,293189400,2115,165,-51,92,41,2578,71,-33,2577
57259900,7882,508973734,53902193,922,-4660,-16,6326,293189350,2115,293189410,2115,165,-51,76,106,2640,54,30,2641
57269834,7882,508973738,53902159,923,-4661,-18,6326,293189400,2115,293189420,2115,166,-50,103,45,2652,81,-32,2651
57279750,7882,508973743,53902126,923,-4662,-19,6326,293189400,2115,293189430,2115,166,-50,142,69,2657,121,-8,2657
57289655,7883,508973747,53902093,923,-4663,-20,6326,293189400,2115,293189440,2115,167,-49,123,63,2599,102,-12,2599
57299673,7883,508973751,53902060,923,-4663,-20,6326,293189400,2115,293189450,2115,167,-49,77,49,2497,58,-24,2496
57310548,7883,508973755,53902028,924,-4663,-20,6326,293189400,2115,293189460,2115,168,-48,57,48,2511,38,-26,2510
57319819,7883,508973759,53901993,924,-4663,-20,6326,293189450,2115,293189470,2115,169,-47,73,77,2584,54,0,2584
57329736,7883,508973763,53901960,924,-4664,-21,6326,293189450,2115,293189480,2115,169,-46,109,86,2559,89,11,2559
57339961,7883,508973767,53901928,924,-4665,-21,6326,293189450,2115,293189490,2115,170,-45,141,43,2588,122,-33,2587
57349701,7883,508973772,53901895,924,-4666,-22,6326,293189450,2115,293189500,2115,171,-44,129,105,2532,110,29,2533
57359936,7883,508973776,53901862,924,-4667,-21,6327,293189450,2115,293189510,2115,172,-43,118,82,2472,101,8,2473
57369843,7883,508973780,53901827,925,-4668,-21,6327,293189500,2115,293189520,2115,173,-42,143,45,2501,126,-30,2500
57379739,7883,508973784,53901794,925,-4668,-21,6327,293189500,2115,293189530,2115,173,-42,78,47,2502,62,-28,2501
57389665,7883,508973788,53901762,925,-4669,-21,6327,293189500,2115,293189540,2115,174,-41,97,78,2479,81,3,2479
57399671,7884,508973792,53901729,925,-4669,-22,6327,293189500,2115,293189550,2115,175,-40,72,79,2556,56,1,2556
57409936,7884,508973797,53901696,925,-4670,-22,6327,293189500,2115,293189560,2115,175,-39,116,58,2491,101,-19,2490
57419814,7884,508973801,53901661,926,-4671,-21,6327,293189550,2115,293189570,2115,176,-38,118,64,2409,104,-10,2409
57429731,7884,508973805,53901629,926,-4672,-21,6327,293189550,2115,293189580,2115,176,-38,119,78,2495,104,1,2495
57439654,7884,508973809,53901596,926,-4673,-20,6327,293189550,2115,293189590,2115,177,-37,141,110,2462,126,34,2463
57449674,7884,508973813,53901563,926,-4674,-20,6327,293189550,2115,293189600,2115,177,-36,141,69,2452,127,-7,2452
57460637,7885,508973817,53901530,926,-4674,-20,6327,293189550,2115,293189610,2115,177,-36,110,79,2435,96,4,2435
57469834,7885,508973822,53901495,926,-4675,-19,6327,293189600,2115,293189620,2115,178,-35,71,71,2406,57,-3,2406
57479772,7885,508973826,53901462,926,-4675,-18,6327,293189600,2115,293189630,2115,178,-35,66,77,2442,53,1,2442
57489691,7885,508973830,53901430,926,-4676,-18,6327,293189600,2115,293189640,2115,178,-34,109,95,2497,96,18,2498
57499655,7885,508973834,53901397,926,-4677,-18,6327,293189600,2115,293189650,2115,178,-34,105,104,2387,93,29,2388
57509966,7885,508973838,53901364,926,-4678,-17,6327,293189600,2115,293189660,2115,178,-33,133,114,2400,121,39,2401
57519803,7886,508973842,53901329,926,-4678,-16,6327,293189650,2115,293189670,2115,178,-33,99,70,2389,87,-5,2388
57529755,7886,508973847,53901296,927,-4679,-15,6327,293189650,2115,293189680,2115,178,-33,111,72,2378,99,-2,2378
57539666,7886,508973851,53901263,926,-4680,-14,6327,293189650,2115,293189690,2115,178,-32,138,114,2444,126,38,2446
57550462,7886,508973855,53901231,926,-4681,-14,6327,293189650,2115,293189700,2115,178,-32,94,98,2419,82,23,2419
57561081,7886,508973859,53901198,927,-4681,-13,6327,293189650,2115,293189710,2115,178,-32,94,68,2422,82,-8,2422
57569802,7886,508973863,53901163,926,-4682,-12,6327,293189700,2115,293189720,2115,178,-32,73,148,2384,61,74,2386
57579742,7886,508973867,53901130,926,-4683,-11,6327,293189700,2115,293189730,2115,177,-32,90,57,2366,78,-17,2366
57589666,7886,508973872,53901097,926,-4683,-10,6327,293189700,2115,293189740,2115,177,-32,71,121,2368,59,48,2370
57599663,7886,508973876,53901064,926,-4684,-10,6327,293189700,2115,293189750,2115,176,-32,101,94,2455,89,18,2455
57609926,7886,508973880,53901031,926,-4685,-9,6327,293189700,2115,293189760,2115,176,-33,123,109,2406,110,35,2407
57619802,7886,508973884,53900996,926,-4686,-8,6327,293189750,2115,293189770,2115,175,-33,121,82,2403,108,9,2403
57630590,7886,508973888,53900964,926,-4686,-8,6327,293189750,2115,293189780,2115,175,-34,92,101,2427,80,27,2428
57639653,7886,508973892,53900931,926,-4687,-7,6327,293189750,2115,293189790,2115,174,-34,85,72,2414,73,-2,2414
57649659,7886,508973897,53900898,926,-4687,-7,6327,293189750,2115,293189800,2115,173,-35,69,99,2425,55,26,2426
57661046,7886,508973901,53900865,925,-4688,-6,6327,293189750,2115,293189810,2115,172,-36,57,156,2434,43,83,2436
57669813,7886,508973905,53900830,925,-4688,-5,6327,293189800,2115,293189820,2115,172,-37,64,118,2401,50,46,2402
57679725,7886,508973909,53900797,926,-4688,-5,6327,293189800,2115,293189830,2115,171,-37,75,21,2465,61,-53,2463
57689673,7886,508973913,53900764,925,-4689,-5,6327,293189800,2115,293189840,2115,170,-38,119,143,2463,104,69,2465
57699691,7886,508973917,53900731,925,-4690,-4,6327,293189800,2115,293189850,2115,170,-39,133,146,2408,118,74,2410
57710282,7886,508973922,53900698,925,-4691,-3,6327,293189800,2115,293189860,2115,169,-40,123,86,2425,107,14,2426
57719795,7886,508973926,53900663,925,-4692,-3,6327,293189850,2115,293189870,2115,169,-41,91,104,2446,75,31,2447
57729717,7886,508973930,53900630,924,-4692,-2,6327,293189850,2115,293189880,2115,169,-41,45,111,2425,29,39,2425
57739719,7886,508973934,53900597,924,-4692,-2,6327,293189850,2115,293189890,2115,168,-42,43,85,2489,26,11,2489
57749671,7886,508973938,53900564,925,-4693,-2,6327,293189850,2115,293189900,2115,167,-43,59,51,2532,42,-23,2531
57759917,7886,508973942,53900531,924,-4693,-2,6327,293189850,2115,293189910,2115,167,-43,54,146,2495,37,73,2497
57769813,7886,508973946,53900496,924,-4694,-3,6327,293189900,2115,293189920,2115,166,-43,82,88,2508,65,15,2508
57779731,7886,508973950,53900463,924,-4694,-3,6327,293189900,2115,293189930,2115,165,-43,90,100,2498,73,28,2499
57790170,7886,508973955,53900431,924,-4695,-2,6327,293189900,2115,293189940,2115,165,-43,86,96,2466,69,25,2467
57799646,7886,508973959,53900398,924,-4695,-3,6327,293189900,2115,293189950,2115,164,-43,102,59,2533,85,-14,2533
57809909,7886,508973963,53900365,924,-4696,-3,6327,293189900,2115,293189960,2115,163,-43,78,62,2530,61,-10,2530
57819801,7886,508973967,53900329,924,-4696,-3,6327,293189950,2115,293189970,2115,163,-42,42,99,2497,25,27,2497
57829763,7887,508973971,53900297,924,-4696,-3,6327,293189950,2115,293189980,2115,162,-42,48,88,2561,31,15,2561
57839671,7887,508973975,53900264,924,-4697,-3,6327,293189950,2115,293189990,2115,162,-41,59,22,2522,43,-49,2521
57849690,7887,508973980,53900231,924,-4697,-3,6327,293189950,2115,293190000,2115,161,-41,78,97,2507,62,26,2508
57859953,7887,508973984,53900198,924,-4698,-4,6327,293189950,2115,293190010,2115,161,-40,77,78,2543,61,6,2542
57870320,7887,508973988,53900163,924,-4698,-4,6327,293190000,2115,293190020,2115,160,-40,88,107,2522,72,37,2523
57879728,7887,508973992,53900130,925,-4699,-4,6327,293190000,2115,293190030,2115,160,-39,119,41,2480,104,-28,2479
57889686,7887,508973996,53900097,925,-4699,-4,6327,293190000,2115,293190040,2115,160,-39,80,45,2512,64,-26,2511
57899686,7887,508974000,53900064,925,-4700,-4,6327,293190000,2115,293190050,2115,160,-38,80,90,2504,65,19,2504
57910240,7887,508974004,53900031,925,-4700,-4,6327,293190000,2115,293190060,2115,161,-38,60,57,2548,45,-15,2547
57919810,7887,508974009,53899995,925,-4701,-5,6327,293190050,2115,293190070,2115,161,-37,45,99,2581,29,26,2581
57929756,7888,508974013,53899963,925,-4701,-5,6327,293190050,2115,293190080,2115,161,-37,72,68,2543,57,-4,2543
57939938,7888,508974017,53899930,925,-4702,-6,6327,293190050,2115,293190090,2115,161,-37,72,30,2569,57,-43,2567
57949721,7888,508974021,53899897,925,-4702,-6,6327,293190050,2115,293190100,2115,162,-36,49,58,2537,35,-14,2536
57959936,7888,508974025,53899864,925,-4702,-6,6327,293190050,2115,293190110,2115,162,-36,85,74,2547,70,2,2547
57970347,7888,508974029,53899828,925,-4703,-7,6327,293190100,2115,293190120,2115,162,-36,81,103,2552,66,31,2552
57980014,7888,508974033,53899795,926,-4703,-7,6327,293190100,2115,293190130,2115,163,-36,87,74,2565,73,1,2564
57989670,7889,508974038,53899762,926,-4704,-8,6327,293190100,2115,293190140,2115,163,-35,58,25,2558,44,-48,2556
58000252,7889,508974042,53899729,926,-4704,-8,6327,293190100,2115,293190150,2115,164,-35,67,90,2523,53,18,2523
58009922,7889,508974046,53899696,926,-4704,-8,6327,293190100,2115,293190160,2115,164,-35,60,84,2537,46,11,2537
58020627,7889,508974050,53899661,926,-4705,-8,6327,293190150,2115,293190170,2115,165,-34,41,51,2481,28,-21,2479
58029784,7890,508974054,53899628,926,-4705,-8,6327,293190150,2115,293190180,2115,165,-34,50,82,2544,36,8,2544
58039677,7890,508974058,53899595,926,-4705,-8,6327,293190150,2115,293190190,2115,165,-33,52,91,2518,39,18,2518
58049661,7890,508974063,53899562,926,-4706,-9,6327,293190150,2115,293190200,2115,166,-32,80,36,2565,67,-38,2563
58060079,7890,508974067,53899529,926,-4706,-9,6327,293190150,2115,293190210,2115,166,-31,60,65,2529,48,-9,2528
58069819,7890,508974071,53899494,926,-4706,-9,6327,293190200,2115,293190220,2115,166,-30,57,109,2491,45,37,2491
58079737,7891,508974075,53899461,926,-4707,-9,6327,293190200,2115,293190230,2115,167,-29,49,113,2477,38,40,2478
58089962,7891,508974079,53899428,926,-4707,-9,6327,293190200,2115,293190240,2115,167,-27,61,13,2501,51,-60,2499
58099692,7891,508974083,53899395,926,-4707,-9,6327,293190200,2115,293190250,2115,167,-26,39,89,2495,29,16,2495
58110447,7892,508974087,53899362,926,-4707,-8,6327,293190200,2115,293190260,2115,167,-25,33,133,2443,24,61,2444
58120159,7892,508974092,53899327,926,-4708,-8,6327,293190250,2115,293190270,2115,166,-23,41,32,2487,33,-41,2485
58129745,7892,508974096,53899294,926,-4708,-8,6327,293190250,2115,293190280,2115,166,-22,60,115,2456,53,43,2457
58139671,7892,508974100,53899261,926,-4709,-7,6327,293190250,2115,293190290,2115,166,-20,94,106,2415,87,36,2415
58150529,7892,508974104,53899228,926,-4709,-7,6327,293190250,2115,293190300,2115,166,-19,75,80,2440,68,9,2440
58159958,7893,508974108,53899195,926,-4710,-6,6327,293190250,2115,293190310,2115,166,-17,89,99,2387,84,30,2387
58169805,7893,508974112,53899159,926,-4711,-5,6327,293190300,2115,293190320,2115,166,-16,58,75,2366,53,6,2366
58179737,7893,508974117,53899126,925,-4711,-4,6327,293190300,2115,293190330,2115,166,-15,25,157,2341,20,89,2343
58189693,7893,508974121,53899093,925,-4711,-2,6327,293190300,2115,293190340,2115,165,-14,35,68,2350,30,0,2349
58199660,7893,508974125,53899060,925,-4712,-1,6327,293190300,2115,293190350,2115,165,-13,60,70,2378,56,1,2378
58210771,7893,508974129,53899027,925,-4712,-1,6327,293190300,2115,293190360,2115,165,-13,98,118,2406,94,49,2407
58219807,7893,508974133,53898992,924,-4713,0,6327,293190350,2115,293190370,2115,164,-12,94,147,2390,90,78,2392
58229747,7893,508974137,53898959,925,-4714,1,6327,293190350,2115,293190380,2115,164,-12,82,71,2412,79,2,2412
58240073,7893,508974141,53898926,925,-4714,1,6327,293190350,2115,293190390,2115,164,-12,56,34,2440,53,-35,2438
58249717,7894,508974146,53898893,924,-4715,2,6327,293190350,2115,293190400,2115,163,-12,24,161,2436,20,91,2438
58259921,7894,508974150,53898860,924,-4715,2,6327,293190350,2115,293190410,2115,163,-12,51,99,2447,47,29,2447
58270421,7894,508974154,53898824,925,-4715,3,6327,293190400,2115,293190420,2115,163,-12,41,27,2463,37,-43,2461
58279751,7894,508974158,53898791,924,-4716,3,6327,293190400,2115,293190430,2115,162,-12,50,146,2475,46,75,2476
58289663,7894,508974162,53898758,924,-4716,3,6327,293190400,2115,293190440,2115,162,-13,83,107,2479,79,37,2479
58299890,7894,508974166,53898725,924,-4717,3,6327,293190400,2115,293190450,2115,162,-14,90,55,2465,86,-15,2464
58311047,7894,508974171,53898692,924,-4718,4,6327,293190400,2115,293190460,2115,162,-14,84,65,2396,80,-3,2395
58319814,7894,508974175,53898657,924,-4718,4,6327,293190450,2115,293190470,2115,162,-15,71,94,2454,66,25,2454
58329975,7894,508974179,53898624,924,-4719,5,6327,293190450,2115,293190480,2115,162,-16,60,87,2475,55,17,2475
58339690,7893,508974183,53898590,925,-4719,5,6327,293190450,2115,293190490,2115,162,-17,59,48,2491,53,-23,2490
58350054,7894,508974187,53898557,924,-4719,5,6327,293190450,2115,293190500,2115,162,-18,35,119,2498,28,48,2498
58360280,7894,508974191,53898524,924,-4720,4,6327,293190450,2115,293190510,2115,162,-20,51,61,2589,44,-12,2588
58369830,7894,508974195,53898489,924,-4720,4,6327,293190500,2115,293190520,2115,162,-21,68,87,2568,60,14,2568
58379731,7894,508974200,53898456,924,-4721,3,6328,293190500,2115,293190530,2115,162,-23,72,74,2571,64,1,2571
58390247,7894,508974204,53898423,925,-4721,2,6328,293190500,2115,293190540,2115,162,-24,61,46,2591,51,-28,2589
58399663,7894,508974208,53898390,925,-4721,2,6328,293190500,2115,293190550,2115,162,-26,79,80,2572,69,8,2571
58409921,7893,508974212,53898356,925,-4722,1,6328,293190500,2115,293190560,2115,162,-28,39,77,2624,28,2,2623
58419929,7893,508974216,53898321,925,-4722,0,6328,293190550,2115,293190570,2115,162,-30,86,62,2649,74,-13,2648
58429749,7894,508974220,53898288,925,-4722,-1,6328,293190550,2115,293190580,2115,162,-32,55,42,2599,42,-31,2597
58439667,7894,508974225,53898255,925,-4723,-2,6328,293190550,2115,293190590,2115,162,-33,43,127,2589,29,53,2590
58450471,7894,508974229,53898222,925,-4723,-2,6328,293190550,2115,293190600,2115,162,-35,38,41,2564,24,-32,2563
58459954,7894,508974233,53898189,925,-4723,-3,6328,293190550,2115,293190610,2115,162,-37,84,35,2635,69,-40,2634
58469822,7894,508974237,53898153,925,-4724,-4,6328,293190600,2115,293190620,2115,162,-39,64,96,2608,48,22,2608
58480149,7894,508974241,53898120,925,-4724,-5,6328,293190600,2115,293190630,2115,162,-40,63,88,2638,46,13,2638
58489662,7894,508974245,53898087,926,-4724,-6,6328,293190600,2115,293190640,2115,163,-42,58,56,2633,41,-19,2632
58499657,7894,508974249,53898054,926,-4725,-8,6328,293190600,2115,293190650,2115,163,-43,46,75,2702,27,-2,2702
58510445,7894,508974254,53898021,926,-4725,-9,6328,293190600,2115,293190660,2115,163,-44,12,63,2636,-6,-13,2634
58519838,7894,508974258,53897985,926,-4725,-10,6328,293190650,2115,293190670,2115,163,-45,55,68,2659,35,-8,2658
58529726,7894,508974262,53897952,926,-4725,-12,6328,293190650,2115,293190680,2115,164,-46,44,83,2684,24,6,2684
58539813,7894,508974266,53897919,925,-4725,-12,6328,293190650,2115,293190690,2115,164,-47,29,90,2599,10,15,2598
58549703,7894,508974270,53897886,926,-4725,-13,6328,293190650,2115,293190700,2115,164,-47,47,66,2627,27,-10,2627
58559956,7894,508974274,53897853,926,-4726,-14,6328,293190650,2115,293190710,2115,165,-47,51,76,2639,31,0,2638
58570512,7894,508974279,53897818,926,-4726,-15,6328,293190700,2115,293190720,2115,165,-47,61,20,2585,42,-55,2583
58579737,7894,508974283,53897784,926,-4726,-16,6328,293190700,2115,293190730,2115,166,-46,75,114,2580,56,39,2581
58589667,7894,508974287,53897751,926,-4726,-16,6328,293190700,2115,293190740,2115,166,-46,43,26,2578,24,-49,2576
58600177,7894,508974291,53897718,926,-4727,-16,6328,293190700,2115,293190750,2115,167,-45,34,71,2511,16,-2,2510
58609932,7895,508974295,53897685,926,-4727,-17,6328,293190700,2115,293190760,2115,168,-44,18,49,2539,0,-25,2537
58619849,7895,508974299,53897650,927,-4726,-17,6328,293190750,2115,293190770,2115,168,-43,18,44,2567,0,-32,2566
58630643,7895,508974303,53897616,927,-4727,-17,6328,293190750,2115,293190780,2115,169,-41,39,105,2495,22,32,2495
58639672,7895,508974308,53897583,927,-4727,-17,6328,293190750,2115,293190790,2115,169,-40,51,76,2526,35,1,2526
58649666,7895,508974312,53897550,927,-4727,-17,6328,293190750,2115,293190800,2115,170,-38,65,50,2478,51,-24,2477
58660455,7895,508974316,53897517,927,-4728,-16,6328,293190750,2115,293190810,2115,171,-36,65,35,2394,51,-37,2393
58669845,7895,508974320,53897482,927,-4728,-16,6328,293190800,2115,293190820,2115,173,-34,46,93,2441,32,20,2441
58679726,7895,508974324,53897448,927,-4728,-15,6328,293190800,2115,293190830,2115,174,-32,32,68,2384,20,-5,2383
58689882,7895,508974328,53897415,927,-4728,-14,6328,293190800,2115,293190840,2115,175,-30,30,38,2371,19,-35,2369
58699654,7895,508974333,53897382,927,-4728,-13,6328,293190800,2115,293190850,2115,176,-28,32,116,2407,22,42,2407
58711113,7896,508974337,53897349,927,-4729,-12,6328,293190800,2115,293190860,2115,177,-26,33,83,2319,24,11,2318
58720234,7896,508974341,53897314,928,-4729,-10,6328,293190850,2115,293190870,2115,178,-23,54,27,2340,46,-46,2338
58729752,7896,508974345,53897280,927,-4729,-9,6328,293190850,2115,293190880,2115,179,-21,44,86,2347,37,13,2347
58739683,7896,508974349,53897247,927,-4730,-8,6328,293190850,2115,293190890,2115,180,-18,55,95,2308,49,22,2308
58749658,7896,508974353,53897214,927,-4730,-6,6328,293190850,2115,293190900,2115,181,-16,48,106,2360,43,31,2360
58759915,7896,508974358,53897181,928,-4730,-5,6328,293190850,2115,293190910,2115,183,-14,49,34,2360,45,-42,2359
58769810,7896,508974362,53897146,928,-4730,-4,6328,293190900,2115,293190920,2115,184,-12,43,50,2290,40,-24,2289
58779763,7896,508974366,53897112,927,-4731,-2,6328,293190900,2115,293190930,2115,185,-10,19,154,2248,16,81,2251
58789730,7896,508974370,53897079,927,-4731,0,6328,293190900,2115,293190940,2115,185,-8,12,67,2241,10,-6,2240
58799686,7896,508974374,53897046,928,-4731,2,6328,293190900,2115,293190950,2115,186,-6,18,27,2232,17,-46,2230
58810528,7896,508974379,53897013,928,-4731,4,6328,293190900,2115,293190960,2115,187,-5,59,89,2277,59,15,2277
58819808,7896,508974383,53896978,928,-4732,6,6328,293190950,2115,293190970,2115,188,-3,67,94,2238,67,20,2238
58830709,7896,508974387,53896944,927,-4732,8,6328,293190950,2115,293190980,2115,188,-2,63,106,2238,63,33,2239
58839660,7896,508974391,53896911,928,-4733,10,6328,293190950,2115,293190990,2115,189,-1,66,60,2289,67,-15,2289
58849651,7896,508974395,53896878,928,-4733,12,6328,293190950,2115,293191000,2115,189,-1,45,55,2255,46,-20,2254
58859907,7896,508974399,53896845,928,-4733,13,6328,293190950,2115,293191010,2115,190,0,16,98,2298,18,21,2299
58869800,7896,508974404,53896809,927,-4734,15,6328,293191000,2115,293191020,2115,190,0,-5,111,2333,-4,33,2333
58879731,7896,508974408,53896776,927,-4734,16,6328,293191000,2115,293191030,2115,190,0,12,56,2312,14,-21,2310
58889666,7896,508974412,53896743,928,-4734,17,6328,293191000,2115,293191040,2115,191,0,30,72,2371,32,-7,2370
58899677,7896,508974416,53896710,927,-4734,18,6328,293191000,2115,293191050,2115,191,-1,49,113,2409,50,33,2410
58911455,7896,508974420,53896677,927,-4735,19,6328,293191000,2115,293191060,2115,191,-1,58,105,2334,59,27,2334
58919819,7896,508974424,53896641,928,-4735,21,6328,293191050,2115,293191070,2115,192,-2,41,83,2364,41,4,2364
58929793,7896,508974429,53896608,927,-4735,21,6328,293191050,2115,293191080,2115,192,-3,20,92,2450,21,10,2450
58939666,7896,508974433,53896575,928,-4735,21,6328,293191050,2115,293191090,2115,193,-4,20,66,2433,20,-16,2432
58949665,7896,508974437,53896542,927,-4735,22,6328,293191050,2115,293191100,2115,193,-5,-9,132,2484,-9,48,2485
58959933,7896,508974441,53896508,927,-4735,21,6328,293191050,2115,293191110,2115,193,-7,6,79,2533,4,-7,2532
58969839,7896,508974445,53896473,927,-4736,22,6328,293191100,2115,293191120,2115,194,-8,11,75,2473,9,-9,2472
58979735,7896,508974449,53896440,927,-4736,21,6328,293191100,2115,293191130,2115,194,-10,19,132,2550,16,46,2551
58989679,7896,508974454,53896406,927,-4736,21,6328,293191100,2115,293191140,2115,194,-12,28,75,2529,24,-11,2528
58999687,7896,508974458,53896373,927,-4736,21,6328,293191100,2115,293191150,2115,194,-14,50,48,2545,45,-39,2544
59011133,7895,508974462,53896340,927,-4736,20,6328,293191100,2115,293191160,2115,194,-16,39,89,2591,33,1,2590
59019851,7895,508974466,53896305,927,-4736,19,6328,293191150,2115,293191170,2115,195,-19,7,106,2602,0,17,2603
59029754,7895,508974470,53896271,927,-4737,18,6328,293191150,2115,293191180,2115,195,-21,31,79,2613,23,-10,2612
59039672,7895,508974474,53896238,928,-4736,17,6328,293191150,2115,293191190,2115,195,-24,-13,72,2652,-23,-19,2651
59049676,7895,508974479,53896205,927,-4736,16,6328,293191150,2115,293191200,2115,195,-27,-1,122,2662,-12,31,2663
59059975,7895,508974483,53896172,927,-4736,14,6328,293191150,2115,293191210,2115,195,-30,16,82,2701,4,-10,2700
59069803,7895,508974487,53896136,928,-4736,12,6328,293191200,2115,293191220,2115,195,-33,31,45,2778,17,-50,2776
59079907,7895,508974491,53896103,928,-4736,10,6328,293191200,2115,293191230,2115,195,-36,6,111,2732,-9,18,2733
59089675,7895,508974495,53896070,928,-4736,8,6328,293191200,2115,293191240,2115,195,-38,6,102,2781,-11,7,2781
59099696,7895,508974500,53896037,927,-4736,6,6328,293191200,2115,293191250,2115,195,-41,9,108,2817,-9,11,2817
59110634,7895,508974504,53896003,928,-4736,3,6328,293191200,2115,293191260,2115,195,-44,29,60,2811,9,-36,2810
59119814,7895,508974508,53895968,927,-4736,0,6328,293191250,2115,293191270,2115,195,-46,0,127,2844,-22,30,2844
59129749,7895,508974512,53895935,927,-4736,-2,6328,293191250,2115,293191280,2115,195,-49,-19,85,2840,-42,-13,2839
59139683,7895,508974516,53895902,927,-4735,-5,6328,293191250,2115,293191290,2115,195,-51,-26,100,2867,-50,2,2866
59149669,7895,508974520,53895868,927,-4735,-8,6328,293191250,2115,293191300,2115,195,-53,14,99,2896,-12,0,2895
59159908,7895,508974525,53895835,927,-4735,-11,6328,293191250,2115,293191310,2115,195,-55,3,95,2886,-24,-4,2885
59169823,7895,508974529,53895800,927,-4735,-14,6328,293191300,2115,293191320,2115,195,-57,7,118,2875,-20,20,2875
59179764,7895,508974533,53895767,927,-4735,-17,6328,293191300,2115,293191330,2115,195,-59,23,88,2858,-4,-10,2857
59189683,7895,508974537,53895733,927,-4734,-20,6328,293191300,2115,293191340,2115,195,-60,-18,61,2846,-46,-36,2844
59199680,7895,508974541,53895700,927,-4734,-23,6328,293191300,2115,293191350,2115,194,-62,6,95,2912,-24,-4,2911
59209931,7895,508974545,53895667,927,-4734,-26,6328,293191300,2115,293191360,2115,194,-63,7,92,2906,-23,-6,2905
59219841,7895,508974550,53895632,927,-4734,-29,6328,293191350,2115,293191370,2115,194,-64,6,113,2860,-25,16,2860
59229755,7896,508974554,53895598,927,-4734,-31,6328,293191350,2115,293191380,2115,193,-64,1,74,2809,-29,-21,2808
59239675,7896,508974558,53895565,927,-4733,-33,6328,293191350,2115,293191390,2115,193,-65,-17,104,2774,-47,10,2774
59249679,7896,508974562,53895532,927,-4733,-36,6328,293191350,2115,293191400,2115,193,-64,-21,98,2782,-51,4,2781
59259973,7896,508974566,53895499,927,-4733,-38,6328,293191350,2115,293191410,2115,192,-64,-8,132,2793,-38,38,2794
59269814,7896,508974570,53895464,927,-4733,-40,6328,293191400,2115,293191420,2115,192,-64,33,62,2804,4,-33,2803
59279750,7896,508974575,53895430,927,-4732,-42,6328,293191400,2115,293191430,2115,192,-63,3,77,2765,-26,-16,2764
59289673,7897,508974579,53895397,927,-4732,-44,6328,293191400,2115,293191440,2115,192,-62,-11,139,2688,-39,49,2689
59299696,7897,508974583,53895364,927,-4732,-45,6328,293191400,2115,293191450,2115,192,-61,-4,73,2656,-30,-16,2655
59309923,7897,508974587,53895331,927,-4731,-46,6328,293191400,2115,293191460,2115,192,-59,-15,64,2627,-41,-24,2625
59319830,7897,508974591,53895295,927,-4731,-47,6328,293191450,2115,293191470,2115,192,-58,-29,100,2622,-54,12,2621
59329758,7898,508974595,53895262,926,-4731,-48,6328,293191450,2115,293191480,2115,191,-56,-10,131,2581,-34,44,2582
59339674,7898,508974600,53895229,926,-4731,-48,6328,293191450,2115,293191490,2115,191,-54,6,108,2602,-17,20,2602
59352654,7898,508974604,53895196,926,-4731,-49,6328,293191450,2115,293191500,2115,191,-52,35,68,2562,13,-18,2562
59360024,7898,508974608,53895163,926,-4731,-49,6328,293191450,2115,293191510,2115,191,-50,21,66,2520,1,-18,2519
59369809,7899,508974612,53895127,926,-4731,-49,6328,293191500,2115,293191520,2115,190,-48,29,167,2456,10,85,2459
59379775,7899,508974616,53895094,926,-4731,-48,6328,293191500,2115,293191530,2115,190,-46,12,100,2422,-5,19,2422
59389688,7899,508974620,53895061,926,-4731,-47,6328,293191500,2115,293191540,2115,190,-43,-1,67,2353,-17,-11,2352
59399646,7900,508974625,53895028,925,-4731,-46,6328,293191500,2115,293191550,2115,190,-41,-39,133,2331,-54,55,2332
59410248,7900,508974629,53894995,925,-4730,-45,6329,293191500,2115,293191560,2115,189,-39,-23,122,2383,-38,43,2384
59419825,7900,508974633,53894959,924,-4731,-44,6329,293191550,2115,293191570,2115,189,-36,28,126,2393,14,47,2394
59429779,7900,508974637,53894926,924,-4731,-43,6329,293191550,2115,293191580,2115,188,-34,41,79,2378,29,0,2378
59439721,7901,508974641,53894893,924,-4731,-42,6329,293191550,2115,293191590,2115,187,-32,72,115,2340,60,38,2341
59450012,7901,508974645,53894860,924,-4732,-40,6329,293191550,2115,293191600,2115,187,-30,24,108,2258,14,34,2259
59459925,7901,508974649,53894826,924,-4731,-38,6329,293191550,2115,293191610,2115,186,-29,-25,100,2231,-35,26,2231
59469815,7901,508974654,53894791,923,-4731,-37,6329,293191600,2115,293191620,2115,186,-27,-37,112,2365,-46,35,2366
59479748,7902,508974658,53894758,923,-4731,-35,6329,293191600,2115,293191630,2115,185,-26,5,77,2305,-3,2,2304
59489681,7902,508974662,53894725,923,-4731,-33,6329,293191600,2115,293191640,2115,183,-25,37,159,2261,28,86,2263
59500564,7902,508974666,53894692,923,-4732,-31,6329,293191600,2115,293191650,2115,181,-24,39,72,2213,31,1,2212
59511062,7902,508974670,53894658,922,-4732,-28,6329,293191600,2115,293191660,2115,180,-23,30,121,2160,23,52,2161
59519836,7903,508974674,53894623,922,-4732,-26,6329,293191650,2115,293191670,2115,179,-22,13,87,2160,6,19,2160
59530720,7903,508974678,53894590,922,-4732,-23,6329,293191650,2115,293191680,2115,178,-22,15,99,2187,8,31,2187
59539717,7903,508974683,53894557,922,-4733,-21,6329,293191650,2115,293191690,2115,177,-22,50,110,2250,43,40,2250
59549702,7903,508974687,53894523,921,-4733,-19,6329,293191650,2115,293191700,2115,176,-21,13,110,2254,6,40,2254
59559971,7903,508974691,53894490,921,-4733,-17,6329,293191650,2115,293191710,2115,176,-21,-17,145,2273,-24,74,2275
59569808,7903,508974695,53894455,920,-4733,-16,6329,293191700,2115,293191720,2115,176,-21,-7,119,2256,-14,50,2257
59579770,7903,508974699,53894422,920,-4732,-14,6329,293191700,2115,293191730,2115,175,-21,-7,81,2333,-14,9,2332
59589680,7904,508974703,53894388,920,-4732,-13,6329,293191700,2115,293191740,2115,175,-22,-7,74,2346,-14,2,2346
59599675,7904,508974707,53894355,920,-4733,-12,6329,293191700,2115,293191750,2115,174,-22,51,105,2370,43,32,2371
59609953,7904,508974712,53894322,920,-4733,-11,6329,293191700,2115,293191760,2115,173,-23,25,83,2326,17,13,2325
59620000,7904,508974716,53894287,920,-4733,-9,6329,293191750,2115,293191770,2115,173,-23,2,66,2255,-5,-2,2254
59629746,7904,508974720,53894253,919,-4733,-7,6329,293191750,2115,293191780,2115,173,-24,-12,204,2266,-20,135,2269
59639710,7904,508974724,53894220,919,-4733,-5,6329,293191750,2115,293191790,2115,173,-24,6,-3,2323,-2,-74,2320
59649672,7904,508974728,53894187,920,-4733,-4,6329,293191750,2115,293191800,2115,173,-25,17,-36,2334,9,-107,2331
59660378,7904,508974732,53894154,920,-4733,-2,6329,293191750,2115,293191810,2115,173,-26,18,132,2266,9,63,2268
59669832,7904,508974736,53894118,919,-4733,-1,6329,293191800,2115,293191820,2115,173,-27,-22,155,2302,-32,85,2304
59679736,7904,508974740,53894085,919,-4733,0,6329,293191800,2115,293191830,2115,173,-28,16,75,2356,6,3,2355
59689665,7904,508974745,53894052,919,-4733,1,6329,293191800,2115,293191840,2115,174,-29,40,46,2388,29,-27,2387
59699699,7904,508974749,53894019,919,-4733,2,6329,293191800,2115,293191850,2115,175,-30,1,69,2389,-9,-4,2388
59711094,7904,508974753,53893986,919,-4733,3,6329,293191800,2115,293191860,2115,175,-31,9,49,2414,-2,-26,2412
59719973,7904,508974757,53893950,920,-4733,4,6329,293191850,2115,293191870,2115,176,-31,-11,28,2432,-22,-47,2430
59729779,7904,508974761,53893917,919,-4732,4,6329,293191850,2115,293191880,2115,177,-32,-14,107,2461,-26,31,2461
59739693,7904,508974765,53893884,919,-4732,4,6329,293191850,2115,293191890,2115,178,-32,3,99,2470,-9,22,2470
59749685,7904,508974769,53893851,919,-4732,4,6329,293191850,2115,293191900,2115,178,-33,18,52,2458,5,-25,2457
59759974,7904,508974773,53893818,920,-4732,4,6329,293191850,2115,293191910,2115,179,-33,12,56,2500,-1,-23,2499
59769818,7904,508974778,53893782,920,-4732,5,6329,293191900,2115,293191920,2115,180,-34,5,63,2481,-8,-15,2480
59779744,7904,508974782,53893749,919,-4732,5,6329,293191900,2115,293191930,2115,180,-34,-5,106,2474,-18,28,2474
59789683,7904,508974786,53893716,920,-4732,4,6329,293191900,2115,293191940,2115,180,-34,-18,37,2548,-31,-44,2546
59799679,7904,508974790,53893683,920,-4732,4,6329,293191900,2115,293191950,2115,181,-34,2,46,2554,-11,-35,2552
59809923,7904,508974794,53893649,920,-4732,4,6329,293191900,2115,293191960,2115,181,-34,16,136,2522,3,56,2523
59819812,7904,508974798,53893614,920,-4732,4,6329,293191950,2115,293191970,2115,182,-34,-1,68,2493,-14,-12,2492
59829778,7905,508974802,53893581,920,-4731,4,6329,293191950,2115,293191980,2115,182,-34,-2,74,2435,-15,-4,2434
59839678,7905,508974807,53893548,920,-4731,5,6329,293191950,2115,293191990,2115,182,-34,11,70,2493,-2,-9,2492
59849681,7905,508974811,53893514,919,-4731,4,6329,293191950,2115,293192000,2115,183,-33,2,146,2588,-12,63,2589
59860508,7905,508974815,53893481,919,-4732,4,6329,293191950,2115,293192010,2115,183,-33,31,92,2524,18,11,2524
59870176,7905,508974819,53893446,919,-4732,3,6329,293192000,2115,293192020,2115,183,-33,18,74,2585,4,-9,2585
59879743,7905,508974823,53893413,919,-4732,2,6329,293192000,2115,293192030,2115,183,-33,2,72,2566,-11,-11,2565
59889703,7905,508974827,53893380,919,-4731,2,6329,293192000,2115,293192040,2115,184,-33,-13,138,2509,-26,57,2511
59899707,7905,508974831,53893346,918,-4731,2,6329,293192000,2115,293192050,2115,184,-33,-12,145,2601,-25,61,2602
59909923,7906,508974835,53893313,918,-4731,1,6329,293192000,2115,293192060,2115,184,-32,17,53,2576,4,-30,2574
59919819,7906,508974840,53893278,918,-4731,1,6329,293192050,2115,293192070,2115,184,-32,-8,108,2496,-21,27,2496
59930193,7906,508974844,53893245,918,-4731,0,6329,293192050,2115,293192080,2115,184,-31,0,137,2587,-13,53,2588
59939675,7906,508974848,53893211,918,-4731,0,6329,293192050,2115,293192090,2115,184,-31,3,79,2525,-9,-3,2525
59949672,7906,508974852,53893178,918,-4731,0,6329,293192050,2115,293192100,2115,184,-30,30,93,2576,18,10,2576
59961327,7906,508974856,53893145,918,-4731,-1,6329,293192050,2115,293192110,2115,184,-30,17,97,2598,5,13,2597
59969840,7907,508974860,53893110,917,-4731,-2,6329,293192100,2115,293192120,2115,184,-29,-2,138,2603,-14,54,2604
59979749,7907,508974864,53893077,917,-4731,-3,6329,293192100,2115,293192130,2115,184,-28,5,93,2585,-7,9,2585
59989676,7907,508974868,53893043,917,-4731,-4,6329,293192100,2115,293192140,2115,184,-27,-19,88,2629,-30,2,2628
59999658,7907,508974873,53893010,917,-4731,-4,6329,293192100,2115,293192150,2115,184,-27,-11,92,2550,-21,9,2549
