ADTF_CHUNK_TIME,INS_ANGLE_TRUE_HEADING,INS_Pos_Abs_Latitude,INS_Pos_Abs_Longitude,INS_Vel_Frame_X,INS_Vel_Frame_Y,INS_Vel_Frame_Z,System_TimeSinceInit,GPS_Time_Milliseconds,GPS_Time_Weeks,INS_Time_Milliseconds,INS_Time_Week,INS_Angle_Roll,INS_Angle_Pitch,AccelBodyX,AccelBodyY,AccelBodyZ,AccelHorizontalX,AccelHorizontalY,AccelHorizontalZ
1889,4418,507926931,55318487,4560,-4429,67,5802,292652100,2115,292652140,2115,152,39,26,89,2582,45,20,2582
11881,4419,507926952,55318456,4560,-4429,67,5802,292652100,2115,292652150,2115,152,38,28,132,2506,46,65,2507
22725,4419,507926972,55318425,4559,-4430,67,5802,292652100,2115,292652160,2115,152,38,2,139,2498,20,72,2498
32027,4419,507926993,55318392,4559,-4430,68,5802,292652150,2115,292652170,2115,151,37,-52,38,2442,-34,-28,2441
41948,4419,507927013,55318361,4559,-4429,68,5802,292652150,2115,292652180,2115,152,36,-43,76,2524,-26,8,2524
51888,4419,507927034,55318330,4559,-4429,68,5802,292652150,2115,292652190,2115,152,35,-7,56,2500,10,-10,2498
61942,4419,507927054,55318299,4559,-4430,67,5802,292652150,2115,292652200,2115,152,34,36,165,2555,53,96,2556
72151,4420,507927075,55318268,4559,-4431,66,5802,292652150,2115,292652210,2115,152,33,47,82,2587,63,13,2586
82033,4420,507927095,55318235,4559,-4431,66,5802,292652200,2115,292652220,2115,153,32,25,67,2582,41,-2,2581
91968,4420,507927116,55318204,4559,-4432,65,5802,292652200,2115,292652230,2115,153,31,-18,179,2558,-3,110,2560
101913,4420,507927136,55318173,4559,-4431,65,5802,292652200,2115,292652240,2115,154,30,-39,-2,2498,-24,-70,2496
111916,4420,507927157,55318142,4559,-4431,66,5802,292652200,2115,292652250,2115,154,29,-59,64,2431,-45,-2,2430
122181,4420,507927177,55318111,4558,-4431,66,5802,292652200,2115,292652260,2115,155,28,-30,89,2493,-16,21,2493
132030,4420,507927198,55318078,4559,-4431,65,5802,292652250,2115,292652270,2115,156,28,29,117,2612,43,46,2612
141962,4420,507927218,55318047,4559,-4432,64,5802,292652250,2115,292652280,2115,157,27,47,128,2618,61,56,2618
151894,4421,507927239,55318016,4559,-4432,63,5802,292652250,2115,292652290,2115,157,27,30,57,2652,44,-16,2651
161912,4421,507927259,55317984,4559,-4432,62,5802,292652250,2115,292652300,2115,158,26,-17,10,2588,-4,-62,2586
173262,4421,507927280,55317953,4559,-4432,62,5802,292652250,2115,292652310,2115,158,26,-75,96,2564,-62,24,2564
182735,4421,507927300,55317921,4558,-4432,61,5802,292652300,2115,292652320,2115,159,26,-66,131,2550,-53,59,2551
192008,4422,507927321,55317890,4558,-4431,61,5802,292652300,2115,292652330,2115,159,26,-11,45,2528,2,-26,2527
201907,4422,507927341,55317858,4558,-4432,60,5802,292652300,2115,292652340,2115,159,26,36,106,2581,49,34,2581
211897,4422,507927362,55317827,4558,-4433,60,5802,292652300,2115,292652350,2115,160,26,38,165,2546,50,94,2548
222178,4422,507927382,55317796,4558,-4433,60,5802,292652300,2115,292652360,2115,160,26,47,71,2575,60,-1,2574
232085,4423,507927403,55317763,4558,-4433,59,5802,292652350,2115,292652370,2115,160,25,-25,58,2537,-13,-14,2536
242666,4423,507927423,55317732,4558,-4433,59,5802,292652350,2115,292652380,2115,160,25,-49,101,2512,-36,31,2513
251892,4423,507927444,55317701,4558,-4433,59,5802,292652350,2115,292652390,2115,160,25,-25,74,2483,-13,5,2482
261895,4423,507927464,55317670,4557,-4433,59,5802,292652350,2115,292652400,2115,160,26,-12,162,2531,0,91,2532
272188,4423,507927485,55317639,4557,-4434,58,5802,292652350,2115,292652410,2115,160,26,35,138,2596,48,65,2597
282057,4424,507927505,55317606,4558,-4435,58,5802,292652400,2115,292652420,2115,160,26,32,78,2611,45,5,2610
291980,4424,507927526,55317575,4557,-4435,57,5802,292652400,2115,292652430,2115,159,27,8,129,2595,22,56,2596
301885,4424,507927546,55317544,4557,-4435,56,5802,292652400,2115,292652440,2115,159,27,-26,95,2628,-13,21,2628
311881,4424,507927567,55317513,4557,-4435,55,5802,292652400,2115,292652450,2115,159,27,-35,38,2549,-22,-33,2548
323500,4424,507927587,55317482,4557,-4435,56,5802,292652400,2115,292652460,2115,158,27,-45,162,2466,-32,93,2468
332980,4424,507927608,55317449,4556,-4435,56,5802,292652450,2115,292652470,2115,158,28,-19,117,2475,-5,48,2476
341957,4424,507927628,55317418,4556,-4436,56,5802,292652450,2115,292652480,2115,158,28,33,82,2504,47,13,2503
351884,4424,507927649,55317387,4557,-4436,55,5802,292652450,2115,292652490,2115,157,29,35,90,2585,50,19,2585
361918,4425,507927669,55317356,4557,-4436,55,5802,292652450,2115,292652500,2115,157,29,37,70,2564,52,-1,2563
372141,4425,507927689,55317325,4557,-4436,54,5802,292652450,2115,292652510,2115,157,29,-42,56,2536,-27,-14,2534
382024,4425,507927710,55317292,4556,-4436,54,5802,292652500,2115,292652520,2115,156,29,-39,98,2511,-25,29,2511
391959,4425,507927730,55317261,4556,-4436,54,5802,292652500,2115,292652530,2115,155,29,-22,96,2498,-8,27,2498
402799,4426,507927751,55317229,4556,-4437,54,5802,292652500,2115,292652540,2115,154,29,-1,208,2520,13,140,2523
411905,4426,507927771,55317198,4556,-4437,54,5802,292652500,2115,292652550,2115,153,30,22,63,2499,36,-4,2498
422214,4426,507927792,55317167,4556,-4437,54,5802,292652500,2115,292652560,2115,153,30,14,51,2527,29,-17,2525
432038,4426,507927812,55317134,4556,-4437,54,5802,292652550,2115,292652570,2115,152,30,-24,74,2526,-10,6,2526
441946,4426,507927833,55317103,4556,-4438,53,5802,292652550,2115,292652580,2115,151,29,3,119,2555,18,51,2555
451899,4427,507927853,55317072,4556,-4438,53,5802,292652550,2115,292652590,2115,150,29,-11,121,2534,3,54,2534
461908,4427,507927874,55317041,4555,-4438,53,5802,292652550,2115,292652600,2115,149,29,-5,112,2518,9,46,2519
472168,4427,507927894,55317010,4555,-4438,53,5802,292652550,2115,292652610,2115,148,29,-28,113,2494,-15,48,2494
483318,4427,507927915,55316977,4554,-4439,53,5802,292652600,2115,292652620,2115,147,29,-13,135,2477,1,71,2478
491967,4428,507927935,55316946,4554,-4439,54,5802,292652600,2115,292652630,2115,146,28,11,83,2473,25,20,2472
501884,4428,507927956,55316915,4554,-4440,53,5802,292652600,2115,292652640,2115,145,28,0,116,2516,14,51,2517
512676,4428,507927976,55316884,4554,-4439,53,5802,292652600,2115,292652650,2115,144,28,-17,53,2585,-2,-12,2583
522136,4428,507927997,55316852,4554,-4440,52,5802,292652600,2115,292652660,2115,143,28,-6,111,2649,9,45,2649
532016,4428,507928017,55316820,4554,-4441,51,5802,292652650,2115,292652670,2115,143,28,-7,180,2553,7,115,2555
542015,4428,507928038,55316788,4554,-4441,51,5802,292652650,2115,292652680,2115,143,27,16,84,2497,29,21,2496
551874,4428,507928058,55316757,4554,-4441,51,5802,292652650,2115,292652690,2115,142,27,-8,88,2462,5,26,2462
562717,4428,507928079,55316726,4553,-4441,52,5802,292652650,2115,292652700,2115,142,27,-50,57,2466,-37,-5,2465
572130,4429,507928099,55316695,4553,-4441,51,5802,292652650,2115,292652710,2115,142,27,-20,115,2551,-6,51,2552
582025,4429,507928119,55316662,4553,-4441,51,5802,292652700,2115,292652720,2115,142,27,14,35,2522,27,-28,2520
591957,4429,507928140,55316631,4553,-4442,51,5802,292652700,2115,292652730,2115,143,26,58,109,2520,72,46,2520
602220,4429,507928160,55316600,4553,-4442,51,5802,292652700,2115,292652740,2115,143,26,14,78,2473,27,16,2472
611902,4429,507928181,55316569,4553,-4442,51,5802,292652700,2115,292652750,2115,144,26,-16,71,2475,-3,8,2474
622135,4429,507928201,55316537,4553,-4442,52,5802,292652700,2115,292652760,2115,144,26,-53,66,2470,-40,3,2469
632649,4429,507928222,55316504,4553,-4442,51,5802,292652750,2115,292652770,2115,145,26,-27,37,2549,-14,-28,2548
641949,4430,507928242,55316473,4553,-4442,51,5802,292652750,2115,292652780,2115,145,26,-6,59,2532,7,-5,2531
651935,4430,507928263,55316442,4553,-4442,51,5802,292652750,2115,292652790,2115,146,26,16,68,2559,30,3,2558
662627,4430,507928283,55316411,4553,-4442,50,5802,292652750,2115,292652800,2115,147,26,60,121,2567,73,56,2567
673260,4430,507928304,55316380,4554,-4443,51,5802,292652750,2115,292652810,2115,148,26,12,61,2402,24,-1,2401
682451,4430,507928324,55316347,4553,-4443,52,5802,292652800,2115,292652820,2115,149,26,-41,119,2350,-29,57,2351
692246,4431,507928345,55316316,4553,-4442,54,5802,292652800,2115,292652830,2115,150,26,-72,-20,2303,-60,-81,2301
701902,4431,507928365,55316285,4553,-4442,54,5802,292652800,2115,292652840,2115,150,26,-31,47,2466,-18,-18,2464
711893,4431,507928385,55316253,4553,-4442,54,5802,292652800,2115,292652850,2115,150,26,26,96,2507,39,30,2507
722856,4431,507928406,55316222,4554,-4443,53,5802,292652800,2115,292652860,2115,150,26,89,87,2598,103,19,2597
732030,4432,507928426,55316189,4554,-4443,53,5802,292652850,2115,292652870,2115,150,26,52,101,2533,64,35,2532
741999,4432,507928447,55316158,4554,-4443,53,5802,292652850,2115,292652880,2115,151,26,-31,86,2535,-18,18,2534
752245,4432,507928467,55316127,4554,-4443,54,5802,292652850,2115,292652890,2115,152,26,-54,62,2332,-41,-1,2331
761888,4432,507928488,55316096,4553,-4443,55,5802,292652850,2115,292652900,2115,152,27,-111,76,2321,-98,13,2321
772169,4432,507928508,55316065,4553,-4443,57,5802,292652850,2115,292652910,2115,153,27,-59,80,2311,-46,18,2311
782786,4432,507928529,55316032,4553,-4443,57,5802,292652900,2115,292652920,2115,153,28,79,72,2513,93,4,2512
791981,4432,507928549,55316001,4553,-4444,56,5803,292652900,2115,292652930,2115,153,28,81,112,2558,95,43,2558
801884,4432,507928570,55315970,4554,-4445,56,5803,292652900,2115,292652940,2115,154,28,84,127,2532,97,59,2532
811892,4432,507928590,55315938,4553,-4445,56,5803,292652900,2115,292652950,2115,154,28,-20,92,2505,-6,24,2504
823288,4432,507928611,55315907,4553,-4444,57,5803,292652900,2115,292652960,2115,155,28,-70,-10,2426,-56,-76,2424
832041,4432,507928631,55315874,4553,-4444,58,5803,292652950,2115,292652970,2115,156,29,-99,75,2337,-85,10,2337
841948,4432,507928652,55315843,4553,-4444,59,5803,292652950,2115,292652980,2115,156,29,-17,36,2359,-3,-29,2357
851920,4432,507928672,55315812,4553,-4444,59,5803,292652950,2115,292652990,2115,156,29,26,101,2459,40,34,2459
861883,4432,507928692,55315781,4553,-4445,59,5803,292652950,2115,292653000,2115,156,29,51,88,2523,65,19,2522
872763,4432,507928713,55315750,4554,-4445,59,5803,292652950,2115,292653010,2115,156,29,86,89,2559,101,19,2558
882043,4432,507928733,55315717,4554,-4445,59,5803,292653000,2115,292653020,2115,157,29,20,-5,2525,35,-74,2522
891957,4432,507928754,55315685,4554,-4445,59,5803,292653000,2115,292653030,2115,157,28,-51,104,2462,-38,36,2462
902637,4432,507928774,55315654,4554,-4444,59,5803,292653000,2115,292653040,2115,157,28,-76,36,2436,-62,-32,2435
911896,4432,507928795,55315623,4554,-4444,60,5803,292653000,2115,292653050,2115,157,28,-48,70,2445,-35,3,2444
922149,4432,507928815,55315592,4553,-4445,60,5803,292653000,2115,292653060,2115,156,27,6,127,2493,20,59,2494
932576,4432,507928836,55315559,4554,-4445,59,5803,292653050,2115,292653070,2115,156,27,65,34,2565,78,-36,2563
941949,4432,507928856,55315528,4554,-4446,59,5803,292653050,2115,292653080,2115,156,27,62,136,2582,75,65,2582
951890,4431,507928877,55315497,4554,-4446,58,5803,292653050,2115,292653090,2115,156,26,-5,48,2566,8,-22,2564
962067,4431,507928897,55315466,4554,-4445,58,5803,292653050,2115,292653100,2115,156,26,-47,72,2578,-33,2,2577
972165,4431,507928918,55315434,4554,-4445,57,5803,292653050,2115,292653110,2115,155,25,-64,63,2552,-51,-7,2551
982043,4431,507928938,55315401,4554,-4445,57,5803,292653100,2115,292653120,2115,155,24,-21,59,2578,-8,-11,2577
992241,4431,507928959,55315370,4554,-4445,56,5803,292653100,2115,292653130,2115,155,24,20,101,2567,32,31,2567
1001877,4430,507928979,55315339,4554,-4446,56,5803,292653100,2115,292653140,2115,155,23,19,70,2541,30,1,2540
1011905,4430,507929000,55315308,4555,-4445,56,5803,292653100,2115,292653150,2115,154,22,44,-1,2546,55,-69,2543
1022148,4430,507929020,55315277,4554,-4445,55,5803,292653100,2115,292653160,2115,154,22,-40,80,2611,-29,9,2610
1032064,4430,507929040,55315244,4555,-4445,54,5803,292653150,2115,292653170,2115,154,21,-10,55,2656,2,-17,2655
1042681,4430,507929061,55315213,4555,-4445,52,5803,292653150,2115,292653180,2115,154,19,7,66,2641,18,-5,2640
1052402,4429,507929081,55315181,4555,-4446,52,5803,292653150,2115,292653190,2115,154,19,-15,83,2541,-6,14,2541
1061879,4429,507929102,55315150,4555,-4445,51,5803,292653150,2115,292653200,2115,154,18,-1,41,2608,9,-30,2606
1072137,4429,507929122,55315119,4555,-4445,51,5803,292653150,2115,292653210,2115,153,18,-19,37,2545,-10,-32,2544
1082688,4429,507929143,55315086,4555,-4445,50,5803,292653200,2115,292653220,2115,153,18,-25,28,2586,-15,-42,2584
1091952,4429,507929163,55315055,4555,-4445,50,5803,292653200,2115,292653230,2115,153,18,-30,57,2586,-20,-13,2585
1101869,4429,507929184,55315024,4555,-4444,49,5803,292653200,2115,292653240,2115,154,19,-11,21,2619,-1,-50,2617
1112023,4429,507929204,55314993,4555,-4444,47,5803,292653200,2115,292653250,2115,154,19,-5,41,2690,5,-32,2689
1122272,4428,507929225,55314961,4555,-4444,46,5803,292653200,2115,292653260,2115,154,20,-34,66,2632,-24,-5,2631
1132048,4428,507929245,55314929,4555,-4444,45,5803,292653250,2115,292653270,2115,154,21,9,62,2589,20,-8,2587
1142021,4428,507929266,55314897,4556,-4444,46,5803,292653250,2115,292653280,2115,153,22,-29,-6,2462,-18,-72,2459
1151894,4428,507929286,55314866,4555,-4443,46,5803,292653250,2115,292653290,2115,153,23,-58,81,2420,-46,16,2420
1162768,4428,507929307,55314835,4555,-4443,47,5803,292653250,2115,292653300,2115,152,24,-32,19,2438,-20,-46,2436
1172374,4428,507929327,55314804,4556,-4443,47,5803,292653250,2115,292653310,2115,152,25,39,81,2492,51,15,2492
1182033,4428,507929348,55314771,4556,-4443,48,5803,292653300,2115,292653320,2115,152,26,38,-1,2440,51,-66,2437
1191947,4428,507929368,55314740,4557,-4444,47,5803,292653300,2115,292653330,2115,152,27,37,77,2516,50,10,2515
1202522,4428,507929388,55314709,4557,-4444,48,5803,292653300,2115,292653340,2115,152,27,-16,59,2393,-3,-5,2392
1211892,4427,507929409,55314677,4557,-4443,48,5803,292653300,2115,292653350,2115,151,28,-6,18,2488,8,-48,2486
1222140,4427,507929429,55314646,4557,-4443,49,5803,292653300,2115,292653360,2115,151,29,-30,1,2402,-16,-63,2399
1232030,4427,507929450,55314613,4557,-4443,50,5803,292653350,2115,292653370,2115,150,29,-23,51,2458,-9,-14,2456
1241942,4427,507929470,55314582,4557,-4443,50,5803,292653350,2115,292653380,2115,149,30,-3,84,2450,11,20,2450
1251899,4427,507929491,55314551,4557,-4444,50,5803,292653350,2115,292653390,2115,149,30,-2,130,2518,12,64,2518
1261915,4426,507929511,55314520,4557,-4444,50,5803,292653350,2115,292653400,2115,149,30,22,30,2498,37,-35,2496
1272398,4426,507929532,55314489,4558,-4444,50,5803,292653350,2115,292653410,2115,148,30,24,30,2505,39,-36,2503
1282023,4426,507929552,55314456,4558,-4443,51,5803,292653400,2115,292653420,2115,148,30,-22,6,2310,-8,-54,2307
1292652,4426,507929573,55314425,4558,-4443,53,5803,292653400,2115,292653430,2115,147,30,-60,77,2281,-46,18,2281
1301930,4425,507929593,55314394,4557,-4443,54,5803,292653400,2115,292653440,2115,146,31,-89,97,2424,-74,34,2424
1311913,4425,507929614,55314362,4557,-4443,53,5803,292653400,2115,292653450,2115,146,31,13,14,2568,29,-52,2566
1322430,4425,507929634,55314331,4558,-4443,52,5803,292653400,2115,292653460,2115,145,31,14,64,2590,30,-3,2589
1332057,4425,507929655,55314298,4558,-4443,53,5803,292653450,2115,292653470,2115,145,31,34,72,2499,50,8,2498
1341954,4424,507929675,55314267,4558,-4443,52,5803,292653450,2115,292653480,2115,144,31,19,41,2549,35,-24,2547
1352596,4424,507929696,55314236,4558,-4443,52,5803,292653450,2115,292653490,2115,143,31,-10,42,2469,5,-21,2467
1361881,4424,507929716,55314205,4558,-4443,53,5803,292653450,2115,292653500,2115,142,31,-111,60,2385,-97,-1,2385
1372145,4424,507929737,55314174,4557,-4442,55,5803,292653450,2115,292653510,2115,141,31,-82,30,2282,-68,-27,2281
1382029,4424,507929757,55314141,4557,-4442,56,5803,292653500,2115,292653520,2115,140,30,-14,94,2394,0,35,2394
1391971,4424,507929778,55314110,4558,-4443,56,5803,292653500,2115,292653530,2115,139,30,76,23,2427,90,-36,2425
1401920,4423,507929798,55314078,4559,-4444,56,5803,292653500,2115,292653540,2115,137,29,130,101,2612,145,39,2611
1411893,4423,507929819,55314047,4559,-4444,55,5803,292653500,2115,292653550,2115,135,27,48,31,2554,62,-30,2552
1422163,4423,507929839,55314016,4559,-4443,55,5803,292653500,2115,292653560,2115,133,26,-36,11,2559,-23,-49,2557
1432014,4423,507929860,55313983,4559,-4443,55,5803,292653550,2115,292653570,2115,131,25,-142,78,2502,-129,19,2502
1441949,4423,507929880,55313952,4558,-4443,55,5803,292653550,2115,292653580,2115,129,24,-107,80,2527,-94,22,2527
1451880,4423,507929901,55313921,4557,-4443,55,5803,292653550,2115,292653590,2115,128,23,-20,120,2525,-8,63,2525
1461898,4423,507929921,55313890,4558,-4443,54,5803,292653550,2115,292653600,2115,126,22,75,32,2534,87,-24,2532
1473307,4422,507929942,55313858,4559,-4443,54,5803,292653550,2115,292653610,2115,125,21,71,6,2591,83,-51,2589
1482033,4422,507929962,55313826,4559,-4443,53,5803,292653600,2115,292653620,2115,124,20,0,14,2610,11,-43,2608
1491969,4422,507929983,55313794,4558,-4443,52,5803,292653600,2115,292653630,2115,122,19,-86,74,2549,-76,18,2548
1501889,4422,507930003,55313763,4558,-4442,51,5803,292653600,2115,292653640,2115,120,19,-92,54,2594,-82,-1,2593
1511897,4422,507930024,55313732,4558,-4442,51,5803,292653600,2115,292653650,2115,118,18,-76,68,2572,-66,14,2571
1522176,4422,507930044,55313701,4558,-4442,50,5803,292653600,2115,292653660,2115,117,18,19,30,2581,29,-24,2579
1532036,4422,507930065,55313668,4558,-4442,50,5803,292653650,2115,292653670,2115,116,18,26,35,2614,36,-18,2612
1541956,4421,507930085,55313637,4559,-4442,48,5803,292653650,2115,292653680,2115,115,18,24,12,2640,34,-42,2638
1551952,4421,507930106,55313606,4559,-4442,47,5803,292653650,2115,292653690,2115,114,18,-26,-23,2638,-16,-76,2635
1562174,4421,507930126,55313575,4559,-4441,47,5803,292653650,2115,292653700,2115,114,18,-74,40,2497,-64,-10,2496
1572139,4421,507930147,55313543,4558,-4441,48,5803,292653650,2115,292653710,2115,113,19,-59,51,2442,-49,2,2441
1582016,4421,507930167,55313511,4558,-4441,48,5803,292653700,2115,292653720,2115,112,19,-18,44,2431,-8,-4,2430
1591985,4421,507930187,55313479,4558,-4441,48,5803,292653700,2115,292653730,2115,112,19,36,88,2543,46,38,2542
1601876,4421,507930208,55313448,4559,-4441,47,5803,292653700,2115,292653740,2115,112,19,60,-52,2588,71,-103,2584
1612706,4421,507930228,55313417,4559,-4441,46,5803,292653700,2115,292653750,2115,112,19,3,21,2628,13,-31,2626
1622144,4420,507930249,55313386,4559,-4441,46,5803,292653700,2115,292653760,2115,112,19,-78,18,2502,-68,-32,2500
1632045,4420,507930269,55313353,4559,-4440,46,5803,292653750,2115,292653770,2115,112,19,-44,20,2533,-33,-31,2532
1641959,4420,507930290,55313322,4559,-4440,46,5803,292653750,2115,292653780,2115,112,19,-39,57,2486,-29,7,2485
1651896,4420,507930310,55313291,4559,-4440,46,5803,292653750,2115,292653790,2115,112,20,27,-2,2545,37,-52,2542
1661887,4420,507930331,55313260,4560,-4440,46,5803,292653750,2115,292653800,2115,112,19,21,6,2537,32,-44,2534
1672176,4420,507930351,55313229,4560,-4440,45,5803,292653750,2115,292653810,2115,112,19,-13,42,2619,-2,-10,2617
1682021,4419,507930372,55313196,4560,-4440,44,5803,292653800,2115,292653820,2115,112,19,3,26,2624,13,-26,2622
1691945,4419,507930392,55313165,4561,-4439,43,5803,292653800,2115,292653830,2115,113,18,-13,-55,2580,-2,-106,2576
1701906,4419,507930413,55313133,4561,-4439,43,5803,292653800,2115,292653840,2115,113,18,-49,34,2590,-39,-18,2589
1712061,4419,507930433,55313102,4561,-4439,43,5803,292653800,2115,292653850,2115,114,17,-33,63,2488,-24,13,2487
1722158,4418,507930454,55313071,4561,-4439,43,5803,292653800,2115,292653860,2115,116,16,7,30,2492,16,-21,2491
1732018,4418,507930474,55313038,4562,-4438,43,5803,292653850,2115,292653870,2115,117,16,21,-108,2497,30,-159,2492
1742865,4418,507930495,55313007,4562,-4438,42,5803,292653850,2115,292653880,2115,117,15,1,22,2576,9,-31,2574
1751907,4418,507930515,55312976,4562,-4438,42,5803,292653850,2115,292653890,2115,118,15,-29,26,2587,-20,-28,2585
1761867,4418,507930536,55312945,4562,-4437,41,5803,292653850,2115,292653900,2115,118,14,-38,-4,2640,-30,-59,2638
1773100,4418,507930556,55312914,4562,-4437,39,5803,292653850,2115,292653910,2115,119,14,-24,-4,2662,-15,-60,2660
1782030,4417,507930577,55312881,4563,-4436,38,5803,292653900,2115,292653920,2115,119,14,-19,-35,2688,-10,-92,2684
1791946,4417,507930598,55312850,4563,-4436,37,5803,292653900,2115,292653930,2115,120,14,-38,42,2602,-30,-13,2601
1801877,4417,507930618,55312819,4563,-4436,36,5803,292653900,2115,292653940,2115,121,14,-23,75,2580,-15,20,2579
1811882,4417,507930639,55312788,4563,-4435,36,5803,292653900,2115,292653950,2115,122,13,-15,-22,2586,-7,-77,2583
1822015,4417,507930659,55312757,4563,-4435,35,5804,292653900,2115,292653960,2115,122,13,-20,-15,2548,-12,-70,2545
1832022,4417,507930680,55312724,4563,-4435,35,5804,292653950,2115,292653970,2115,123,13,-13,110,2524,-6,56,2524
1841951,4416,507930700,55312693,4563,-4436,36,5804,292653950,2115,292653980,2115,124,12,0,64,2471,7,10,2470
1851890,4416,507930721,55312662,4563,-4435,35,5804,292653950,2115,292653990,2115,126,12,20,16,2537,27,-40,2535
1861881,4416,507930741,55312631,4563,-4436,35,5804,292653950,2115,292654000,2115,127,11,20,40,2504,27,-16,2502
1872123,4415,507930762,55312599,4563,-4435,35,5804,292653950,2115,292654010,2115,128,11,-22,36,2601,-15,-23,2599
1882025,4415,507930782,55312567,4564,-4435,34,5804,292654000,2115,292654020,2115,129,10,-37,-39,2570,-31,-98,2566
1891948,4415,507930803,55312535,4564,-4434,33,5804,292654000,2115,292654030,2115,130,10,-39,22,2629,-33,-39,2627
1901886,4415,507930823,55312504,4564,-4434,32,5804,292654000,2115,292654040,2115,131,9,-21,86,2574,-15,26,2573
1911881,4415,507930844,55312473,4564,-4434,32,5804,292654000,2115,292654050,2115,133,9,13,-24,2584,19,-84,2581
1922153,4414,507930864,55312442,4565,-4434,32,5804,292654000,2115,292654060,2115,134,9,-16,-12,2497,-10,-71,2494
1932071,4414,507930885,55312409,4564,-4433,31,5804,292654050,2115,292654070,2115,135,9,-31,46,2566,-25,-15,2565
1941941,4414,507930905,55312378,4565,-4433,31,5804,292654050,2115,292654080,2115,136,9,-25,-34,2507,-19,-94,2504
1951894,4414,507930926,55312347,4565,-4432,31,5804,292654050,2115,292654090,2115,136,9,-24,-2,2557,-18,-63,2555
1961877,4414,507930946,55312316,4565,-4432,31,5804,292654050,2115,292654100,2115,137,9,-14,56,2510,-8,-4,2509
1972345,4414,507930967,55312285,4565,-4432,31,5804,292654050,2115,292654110,2115,138,9,-16,40,2528,-10,-21,2526
1982025,4414,507930988,55312252,4565,-4432,31,5804,292654100,2115,292654120,2115,139,10,10,68,2477,16,7,2476
1991967,4414,507931008,55312221,4566,-4432,31,5804,292654100,2115,292654130,2115,139,10,-1,-13,2427,6,-73,2424
2001898,4414,507931029,55312190,4566,-4432,32,5804,292654100,2115,292654140,2115,140,11,-32,61,2417,-26,2,2416
2011894,4414,507931049,55312159,4566,-4431,33,5804,292654100,2115,292654150,2115,140,12,-34,6,2405,-27,-54,2403
2022250,4414,507931070,55312128,4566,-4431,33,5804,292654100,2115,292654160,2115,140,13,-23,41,2495,-15,-21,2493
2032031,4414,507931090,55312095,4565,-4431,33,5804,292654150,2115,292654170,2115,140,13,10,76,2447,17,16,2446
2041973,4414,507931111,55312064,4566,-4431,33,5804,292654150,2115,292654180,2115,140,14,23,70,2488,31,9,2487
2051868,4414,507931131,55312033,4566,-4431,34,5804,292654150,2115,292654190,2115,140,15,16,19,2377,25,-40,2375
2061898,4414,507931152,55312002,4566,-4431,35,5804,292654150,2115,292654200,2115,140,16,-39,48,2408,-31,-12,2407
2072150,4414,507931172,55311971,4566,-4431,36,5804,292654150,2115,292654210,2115,140,16,-10,20,2344,-1,-38,2342
2082019,4414,507931193,55311938,4566,-4431,37,5804,292654200,2115,292654220,2115,140,17,-36,38,2359,-27,-21,2358
2091999,4414,507931213,55311907,4566,-4431,39,5804,292654200,2115,292654230,2115,140,17,-2,79,2368,7,21,2367
2101878,4413,507931234,55311876,4566,-4431,39,5804,292654200,2115,292654240,2115,140,18,44,77,2415,53,18,2414
2111888,4413,507931254,55311845,4566,-4431,40,5804,292654200,2115,292654250,2115,139,18,39,65,2402,48,6,2401
2122243,4413,507931275,55311814,4566,-4432,41,5804,292654200,2115,292654260,2115,139,17,34,71,2372,43,13,2371
2132028,4413,507931295,55311781,4566,-4432,42,5804,292654250,2115,292654270,2115,140,17,-46,49,2354,-38,-9,2353
2141963,4413,507931316,55311750,4566,-4431,43,5804,292654250,2115,292654280,2115,140,17,-37,6,2395,-28,-53,2393
2151903,4413,507931336,55311719,4566,-4431,44,5804,292654250,2115,292654290,2115,141,17,-13,50,2430,-4,-10,2429
2161916,4413,507931357,55311688,4566,-4431,44,5804,292654250,2115,292654300,2115,141,16,7,91,2457,16,30,2457
2171999,4412,507931377,55311657,4566,-4432,44,5804,292654250,2115,292654310,2115,142,15,15,114,2501,23,52,2501
2182032,4412,507931398,55311624,4567,-4432,44,5804,292654300,2115,292654320,2115,142,15,32,0,2494,41,-62,2491
2192283,4412,507931418,55311593,4567,-4432,44,5804,292654300,2115,292654330,2115,143,14,6,42,2494,14,-21,2492
2201878,4412,507931439,55311562,4567,-4431,45,5804,292654300,2115,292654340,2115,144,13,-49,-5,2427,-41,-66,2424
2211870,4412,507931460,55311531,4567,-4431,45,5804,292654300,2115,292654350,2115,145,12,-65,78,2456,-59,15,2456
2222171,4411,507931480,55311499,4567,-4430,45,5804,292654300,2115,292654360,2115,146,12,-12,-9,2499,-4,-73,2496
2232027,4411,507931501,55311467,4567,-4431,45,5804,292654350,2115,292654370,2115,146,11,12,64,2507,18,0,2505
2241943,4411,507931521,55311436,4567,-4431,45,5804,292654350,2115,292654380,2115,147,11,21,106,2516,27,41,2516
2251887,4411,507931542,55311404,4568,-4431,45,5804,292654350,2115,292654390,2115,147,10,20,-28,2529,27,-93,2526
2261887,4411,507931562,55311373,4568,-4430,45,5804,292654350,2115,292654400,2115,148,9,-43,58,2501,-38,-7,2500
2271888,4411,507931583,55311342,4568,-4430,45,5804,292654350,2115,292654410,2115,148,9,-41,-24,2483,-35,-89,2480
2282037,4411,507931603,55311309,4568,-4430,45,5804,292654400,2115,292654420,2115,149,9,-29,62,2546,-23,-5,2545
2291963,4411,507931624,55311278,4567,-4430,45,5804,292654400,2115,292654430,2115,149,8,-42,141,2470,-37,76,2471
2301866,4411,507931644,55311247,4568,-4430,44,5804,292654400,2115,292654440,2115,149,8,14,46,2573,19,-21,2571
2311878,4411,507931665,55311216,4568,-4430,44,5804,292654400,2115,292654450,2115,149,8,11,4,2523,16,-62,2520
2321904,4411,507931685,55311185,4568,-4430,44,5804,292654400,2115,292654460,2115,149,8,24,31,2589,29,-37,2587
2332054,4411,507931706,55311154,4568,-4429,44,5804,292654450,2115,292654470,2115,149,8,-22,68,2487,-17,2,2486
2341964,4411,507931726,55311123,4568,-4429,44,5804,292654450,2115,292654480,2115,149,8,-62,90,2512,-57,24,2512
2351880,4411,507931747,55311092,4568,-4429,43,5804,292654450,2115,292654490,2115,148,8,-24,23,2552,-19,-44,2550
2361876,4411,507931768,55311061,4568,-4429,43,5804,292654450,2115,292654500,2115,148,8,-8,98,2520,-3,32,2519
2371916,4411,507931788,55311030,4568,-4430,43,5804,292654450,2115,292654510,2115,148,8,30,105,2516,35,39,2516
2382001,4411,507931809,55310999,4568,-4429,43,5804,292654500,2115,292654520,2115,147,8,11,14,2543,17,-52,2541
2391912,4410,507931829,55310967,4568,-4429,42,5804,292654500,2115,292654530,2115,147,8,-17,36,2557,-12,-31,2555
2401901,4410,507931850,55310936,4568,-4429,42,5804,292654500,2115,292654540,2115,147,8,-24,96,2562,-20,30,2562
2411912,4410,507931870,55310905,4568,-4429,42,5804,292654500,2115,292654550,2115,147,7,-41,32,2514,-36,-34,2512
2421905,4410,507931891,55310874,4568,-4429,41,5804,292654500,2115,292654560,2115,147,7,-30,104,2556,-25,38,2556
2431895,4410,507931911,55310843,4567,-4429,41,5804,292654550,2115,292654570,2115,147,7,-15,86,2553,-10,20,2552
2441904,4410,507931932,55310812,4568,-4429,40,5804,292654550,2115,292654580,2115,148,7,51,65,2595,56,-2,2593
2451892,4410,507931952,55310781,4568,-4429,39,5804,292654550,2115,292654590,2115,148,7,15,68,2603,19,0,2602
2461912,4410,507931973,55310750,4568,-4429,39,5804,292654550,2115,292654600,2115,148,6,7,26,2597,12,-41,2595
2471910,4410,507931993,55310719,4568,-4429,38,5804,292654600,2115,292654610,2115,149,6,-54,13,2575,-49,-55,2573
2481865,4410,507932014,55310688,4568,-4428,38,5804,292654600,2115,292654620,2115,150,6,-50,81,2533,-46,14,2533
2491904,4410,507932034,55310657,4567,-4428,37,5804,292654600,2115,292654630,2115,150,6,-26,93,2558,-21,26,2558
2501857,4410,507932055,55310626,4568,-4428,37,5804,292654600,2115,292654640,2115,150,6,16,32,2590,21,-36,2588
2511894,4410,507932076,55310595,4568,-4428,36,5804,292654600,2115,292654650,2115,151,7,38,39,2599,42,-29,2597
2521895,4410,507932096,55310564,4568,-4428,35,5804,292654600,2115,292654660,2115,151,7,-21,30,2598,-16,-39,2596
2531880,4410,507932117,55310533,4568,-4428,34,5804,292654650,2115,292654670,2115,151,7,-24,46,2607,-19,-23,2605
2541895,4410,507932137,55310501,4568,-4428,34,5804,292654650,2115,292654680,2115,151,7,-55,55,2529,-50,-13,2528
2551909,4411,507932158,55310470,4568,-4427,34,5804,292654650,2115,292654690,2115,151,8,-21,64,2551,-15,-4,2549
2561882,4411,507932178,55310439,4568,-4427,33,5804,292654650,2115,292654700,2115,151,8,-17,55,2532,-11,-12,2531
2571939,4411,507932199,55310408,4568,-4428,33,5804,292654700,2115,292654710,2115,151,9,11,105,2546,16,37,2546
2581885,4411,507932219,55310377,4568,-4428,33,5804,292654700,2115,292654720,2115,151,10,18,89,2515,24,22,2514
2591893,4411,507932240,55310346,4569,-4427,33,5804,292654700,2115,292654730,2115,151,10,-6,-40,2514,1,-107,2510
2601872,4411,507932260,55310315,4568,-4427,32,5804,292654700,2115,292654740,2115,151,10,-46,36,2582,-39,-33,2580
2611904,4411,507932281,55310284,4568,-4427,32,5804,292654700,2115,292654750,2115,150,11,-14,132,2533,-8,65,2534
2621918,4411,507932301,55310253,4568,-4428,32,5804,292654750,2115,292654760,2115,150,11,-5,114,2494,1,48,2495
2631893,4411,507932322,55310222,4568,-4428,32,5804,292654750,2115,292654770,2115,149,11,17,73,2527,23,7,2526
2641879,4411,507932342,55310191,4568,-4428,32,5804,292654750,2115,292654780,2115,148,11,30,45,2463,36,-19,2461
2651904,4411,507932363,55310160,4568,-4428,32,5804,292654750,2115,292654790,2115,148,11,22,63,2462,29,-1,2461
2661904,4411,507932384,55310129,4569,-4428,32,5804,292654750,2115,292654800,2115,148,10,-22,18,2500,-16,-47,2498
2671908,4411,507932404,55310098,4568,-4428,33,5804,292654800,2115,292654810,2115,147,10,-43,92,2457,-37,28,2457
2681878,4411,507932425,55310067,4568,-4428,32,5804,292654800,2115,292654820,2115,147,10,-22,116,2570,-17,50,2570
2691885,4410,507932445,55310036,4568,-4427,32,5804,292654800,2115,292654830,2115,147,9,10,-1,2600,16,-68,2597
2701871,4410,507932466,55310005,4568,-4428,31,5804,292654800,2115,292654840,2115,147,9,54,121,2626,60,54,2627
2712162,4410,507932486,55309973,4568,-4428,30,5804,292654800,2115,292654850,2115,146,8,9,46,2627,14,-22,2626
2721893,4410,507932507,55309942,4568,-4428,29,5804,292654850,2115,292654860,2115,146,8,-22,78,2560,-17,12,2559
2731879,4410,507932527,55309911,4568,-4427,30,5804,292654850,2115,292654870,2115,146,7,-80,2,2419,-75,-60,2416
2742129,4410,507932548,55309880,4568,-4427,29,5804,292654850,2115,292654880,2115,145,7,-43,61,2550,-38,-4,2549
2751904,4409,507932568,55309849,4568,-4427,29,5804,292654850,2115,292654890,2115,145,7,-26,92,2493,-22,28,2492
2761950,4409,507932589,55309818,4568,-4428,29,5804,292654850,2115,292654900,2115,146,7,32,138,2563,37,72,2563
2771902,4409,507932609,55309787,4568,-4427,28,5804,292654900,2115,292654910,2115,146,6,52,-53,2572,57,-119,2568
2781879,4408,507932630,55309756,4569,-4427,28,5804,292654900,2115,292654920,2115,146,6,20,-13,2592,24,-79,2589
2791873,4408,507932650,55309725,4569,-4427,28,5804,292654900,2115,292654930,2115,146,5,-37,51,2520,-33,-13,2518
2801874,4408,507932671,55309694,4568,-4427,28,5804,292654900,2115,292654940,2115,145,5,-63,140,2488,-60,76,2489
2811898,4408,507932692,55309663,4568,-4426,28,5804,292654900,2115,292654950,2115,145,5,-49,18,2475,-45,-46,2473
2821907,4408,507932712,55309632,4569,-4426,28,5804,292654950,2115,292654960,2115,145,4,4,-45,2465,8,-107,2461
2832349,4407,507932733,55309601,4569,-4426,28,5804,292654950,2115,292654970,2115,145,5,32,126,2466,35,64,2466
2841907,4407,507932753,55309570,4569,-4427,28,5805,292654950,2115,292654980,2115,144,4,39,70,2536,42,6,2536
2851892,4407,507932774,55309539,4569,-4426,28,5805,292654950,2115,292654990,2115,144,4,9,-25,2550,13,-90,2546
2861888,4406,507932794,55309508,4570,-4426,28,5805,292654950,2115,292655000,2115,143,4,-26,-4,2496,-22,-67,2494
2871888,4406,507932815,55309477,4569,-4426,28,5805,292654950,2115,292655010,2115,142,4,-65,95,2497,-62,32,2497
2881904,4406,507932835,55309446,4569,-4426,28,5805,292655000,2115,292655020,2115,141,5,-43,87,2476,-40,25,2475
2892237,4406,507932856,55309415,4569,-4426,28,5805,292655000,2115,292655030,2115,140,5,-9,65,2467,-5,4,2466
2901867,4405,507932876,55309384,4569,-4426,29,5805,292655000,2115,292655040,2115,139,5,49,6,2440,53,-54,2437
2911979,4405,507932897,55309352,4570,-4425,29,5805,292655000,2115,292655050,2115,139,5,23,8,2463,27,-52,2461
2922550,4405,507932917,55309321,4570,-4425,30,5805,292655050,2115,292655060,2115,138,6,-10,32,2438,-6,-27,2436
2931874,4404,507932938,55309290,4569,-4425,30,5805,292655050,2115,292655070,2115,137,6,-36,93,2404,-32,35,2404
2941899,4404,507932959,55309259,4570,-4425,31,5805,292655050,2115,292655080,2115,136,6,-30,0,2442,-26,-59,2440
2952752,4404,507932979,55309228,4570,-4424,31,5805,292655050,2115,292655090,2115,135,6,9,-19,2503,13,-78,2500
2961875,4404,507933000,55309197,4570,-4425,31,5805,292655050,2115,292655100,2115,134,6,0,77,2510,4,18,2509
2971904,4403,507933020,55309166,4570,-4425,31,5805,292655100,2115,292655110,2115,133,6,50,26,2486,54,-32,2484
2982137,4403,507933041,55309135,4571,-4425,31,5805,292655100,2115,292655120,2115,132,5,8,25,2522,12,-33,2520
2991874,4403,507933061,55309104,4571,-4424,31,5805,292655100,2115,292655130,2115,132,5,-10,29,2478,-6,-29,2476
3001883,4402,507933082,55309073,4571,-4424,31,5805,292655100,2115,292655140,2115,131,4,-16,22,2481,-12,-36,2479
3012168,4402,507933102,55309042,4571,-4424,32,5805,292655100,2115,292655150,2115,131,3,-49,48,2378,-46,-7,2376
3021927,4402,507933123,55309011,4571,-4424,32,5805,292655150,2115,292655160,2115,131,2,2,67,2472,5,10,2471
3031914,4402,507933143,55308980,4572,-4423,33,5805,292655150,2115,292655170,2115,130,1,44,-62,2479,47,-119,2475
3042596,4401,507933164,55308949,4572,-4424,32,5805,292655150,2115,292655180,2115,130,0,54,38,2597,56,-21,2595
3051869,4401,507933185,55308918,4572,-4423,31,5805,292655150,2115,292655190,2115,130,-1,9,13,2562,11,-45,2560
3061895,4401,507933205,55308887,4573,-4423,31,5805,292655150,2115,292655200,2115,129,-2,-26,5,2617,-25,-54,2614
3072552,4401,507933226,55308856,4572,-4422,30,5805,292655200,2115,292655210,2115,128,-3,-76,18,2550,-75,-40,2548
3081864,4401,507933246,55308825,4572,-4422,30,5805,292655200,2115,292655220,2115,128,-4,-66,61,2571,-66,3,2570
3091873,4401,507933267,55308794,4572,-4422,29,5805,292655200,2115,292655230,2115,127,-4,-10,40,2559,-11,-17,2557
3102296,4401,507933287,55308763,4573,-4421,28,5805,292655200,2115,292655240,2115,127,-5,33,-56,2602,33,-114,2598
3111866,4400,507933308,55308732,4573,-4422,28,5805,292655200,2115,292655250,2115,126,-6,24,71,2614,23,13,2613
3121920,4400,507933328,55308701,4573,-4422,27,5805,292655250,2115,292655260,2115,126,-6,-10,82,2631,-12,24,2630
3131980,4400,507933349,55308670,4573,-4421,26,5805,292655250,2115,292655270,2115,126,-7,-28,-13,2609,-29,-70,2606
3141868,4400,507933370,55308639,4573,-4421,25,5805,292655250,2115,292655280,2115,126,-7,-47,9,2554,-49,-48,2551
3151866,4400,507933390,55308608,4572,-4421,25,5805,292655250,2115,292655290,2115,126,-8,-45,85,2569,-47,28,2569
3162221,4400,507933411,55308577,4572,-4421,25,5805,292655250,2115,292655300,2115,125,-8,22,94,2512,20,38,2512
3171948,4400,507933431,55308546,4572,-4421,25,5805,292655300,2115,292655310,2115,125,-8,12,20,2522,11,-35,2520
3181871,4400,507933452,55308515,4573,-4420,24,5805,292655300,2115,292655320,2115,125,-8,13,-48,2596,12,-105,2592
3192281,4400,507933472,55308484,4573,-4420,23,5805,292655300,2115,292655330,2115,125,-8,-49,82,2580,-51,25,2579
3201867,4399,507933493,55308453,4573,-4420,22,5805,292655300,2115,292655340,2115,125,-8,-21,40,2624,-23,-18,2623
3211935,4399,507933513,55308422,4573,-4420,22,5805,292655300,2115,292655350,2115,125,-7,-8,24,2589,-9,-33,2587
3222198,4399,507933534,55308391,4573,-4419,21,5805,292655350,2115,292655360,2115,125,-7,-19,49,2571,-21,-7,2569
3231908,4399,507933554,55308360,4573,-4419,21,5805,292655350,2115,292655370,2115,125,-7,15,16,2560,13,-40,2558
3241874,4399,507933575,55308329,4573,-4419,21,5805,292655350,2115,292655380,2115,126,-7,-20,0,2506,-21,-56,2504
3252293,4399,507933596,55308298,4573,-4419,20,5805,292655350,2115,292655390,2115,127,-7,-18,43,2561,-19,-14,2560
3261881,4399,507933616,55308267,4573,-4418,20,5805,292655350,2115,292655400,2115,127,-7,-21,-4,2510,-22,-60,2507
3271912,4399,507933637,55308236,4573,-4418,20,5805,292655400,2115,292655410,2115,128,-6,-23,102,2474,-24,46,2474
3282582,4399,507933657,55308205,4573,-4418,20,5805,292655400,2115,292655420,2115,129,-6,-10,23,2534,-11,-34,2532
3291865,4399,507933678,55308174,4573,-4418,20,5805,292655400,2115,292655430,2115,129,-6,17,54,2535,16,-4,2534
3301912,4399,507933698,55308143,4573,-4418,20,5805,292655400,2115,292655440,2115,130,-6,0,55,2505,-1,-2,2504
3311999,4399,507933719,55308112,4573,-4418,19,5805,292655400,2115,292655450,2115,131,-6,-9,8,2595,-10,-52,2592
3321943,4399,507933739,55308081,4573,-4417,19,5805,292655450,2115,292655460,2115,132,-6,-41,17,2563,-41,-43,2561
3331865,4399,507933760,55308050,4573,-4417,18,5805,292655450,2115,292655470,2115,132,-5,-40,34,2530,-40,-25,2529
3341857,4399,507933781,55308019,4573,-4417,18,5805,292655450,2115,292655480,2115,133,-5,-20,96,2555,-20,36,2555
3351856,4400,507933801,55307988,4573,-4417,18,5805,292655450,2115,292655490,2115,134,-5,-20,99,2528,-21,40,2528
3361867,4400,507933822,55307957,4573,-4417,18,5805,292655450,2115,292655500,2115,134,-4,23,24,2496,23,-34,2494
3372270,4400,507933842,55307926,4574,-4417,18,5805,292655500,2115,292655510,2115,134,-4,5,-42,2425,5,-100,2421
3381872,4400,507933863,55307895,4573,-4417,19,5805,292655500,2115,292655520,2115,134,-4,-39,99,2463,-39,40,2463
3391876,4400,507933883,55307864,4572,-4417,19,5805,292655500,2115,292655530,2115,134,-3,-51,145,2505,-51,86,2506
3401875,4400,507933904,55307833,4572,-4417,18,5805,292655500,2115,292655540,2115,134,-3,-15,94,2550,-15,33,2549
3411912,4400,507933924,55307802,4573,-4417,18,5805,292655500,2115,292655550,2115,134,-3,29,-14,2527,30,-73,2525
3421933,4400,507933945,55307771,4572,-4417,18,5805,292655550,2115,292655560,2115,134,-3,13,128,2519,13,69,2519
3432310,4400,507933966,55307740,4572,-4417,18,5805,292655550,2115,292655570,2115,134,-3,2,71,2483,2,12,2482
3442243,4400,507933986,55307709,4572,-4417,18,5805,292655550,2115,292655580,2115,134,-3,-17,8,2502,-16,-51,2499
3452296,4401,507934007,55307678,4572,-4417,19,5805,292655550,2115,292655590,2115,134,-3,-57,70,2419,-57,13,2418
3461889,4401,507934027,55307647,4572,-4417,19,5805,292655550,2115,292655600,2115,133,-3,-24,107,2441,-24,50,2441
3471909,4401,507934048,55307616,4571,-4417,20,5805,292655600,2115,292655610,2115,133,-4,-24,96,2435,-24,39,2435
3481882,4401,507934068,55307585,4571,-4417,19,5805,292655600,2115,292655620,2115,132,-4,38,78,2560,37,18,2559
3491878,4401,507934089,55307554,4572,-4417,19,5805,292655600,2115,292655630,2115,132,-4,42,17,2564,42,-43,2562
3501892,4401,507934109,55307523,4572,-4418,18,5805,292655600,2115,292655640,2115,132,-5,17,106,2596,16,45,2596
3511925,4401,507934130,55307492,4571,-4417,17,5805,292655600,2115,292655650,2115,132,-6,-38,54,2568,-39,-6,2567
3521905,4401,507934151,55307461,4571,-4417,17,5805,292655650,2115,292655660,2115,132,-7,-47,57,2533,-48,-2,2532
3531894,4401,507934171,55307430,4570,-4417,17,5805,292655650,2115,292655670,2115,132,-8,-53,149,2496,-55,90,2497
3541884,4401,507934192,55307399,4570,-4417,18,5805,292655650,2115,292655680,2115,132,-8,-12,69,2431,-14,13,2430
3552158,4401,507934212,55307368,4570,-4418,18,5805,292655650,2115,292655690,2115,132,-9,21,95,2486,19,38,2486
3561867,4401,507934233,55307337,4571,-4417,18,5805,292655650,2115,292655700,2115,132,-9,30,4,2515,28,-55,2513
3571888,4401,507934253,55307306,4571,-4418,18,5805,292655700,2115,292655710,2115,131,-10,7,63,2542,4,4,2541
3582217,4401,507934274,55307275,4570,-4417,17,5805,292655700,2115,292655720,2115,131,-11,-22,62,2573,-25,2,2571
3591910,4401,507934294,55307244,4570,-4418,16,5805,292655700,2115,292655730,2115,130,-11,-30,131,2614,-34,71,2615
3601877,4401,507934315,55307213,4570,-4417,16,5805,292655700,2115,292655740,2115,130,-12,-48,31,2558,-52,-28,2556
3611895,4401,507934335,55307182,4569,-4417,15,5805,292655700,2115,292655750,2115,131,-12,-14,117,2570,-18,58,2571
3621922,4401,507934356,55307151,4570,-4417,15,5805,292655750,2115,292655760,2115,131,-12,20,-6,2502,17,-63,2499
3631898,4401,507934376,55307120,4570,-4417,15,5805,292655750,2115,292655770,2115,131,-11,-13,77,2459,-16,20,2458
3641878,4401,507934397,55307089,4569,-4417,16,5805,292655750,2115,292655780,2115,131,-11,-36,112,2453,-39,55,2453
3651888,4401,507934418,55307058,4569,-4417,16,5805,292655750,2115,292655790,2115,131,-10,-26,-24,2485,-28,-81,2482
3661864,4402,507934438,55307027,4569,-4417,16,5805,292655750,2115,292655800,2115,130,-10,-9,112,2542,-12,54,2542
3671892,4402,507934459,55306996,4569,-4417,16,5805,292655750,2115,292655810,2115,130,-9,19,69,2503,17,12,2502
3682652,4402,507934479,55306965,4568,-4418,16,5805,292655800,2115,292655820,2115,130,-8,-2,132,2459,-4,76,2460
3691872,4402,507934500,55306934,4568,-4417,16,5805,292655800,2115,292655830,2115,130,-8,-23,54,2446,-24,-2,2444
3701892,4402,507934520,55306903,4569,-4417,17,5805,292655800,2115,292655840,2115,130,-7,4,-64,2457,4,-120,2453
3711963,4402,507934541,55306872,4569,-4416,17,5805,292655800,2115,292655850,2115,129,-6,3,-2,2414,3,-57,2412
3721916,4402,507934561,55306841,4568,-4417,18,5805,292655850,2115,292655860,2115,129,-5,-28,211,2393,-29,157,2396
3731931,4402,507934582,55306810,4568,-4417,20,5805,292655850,2115,292655870,2115,129,-5,9,43,2310,9,-9,2309
3741891,4402,507934602,55306779,4569,-4417,20,5805,292655850,2115,292655880,2115,129,-4,14,-32,2429,14,-87,2426
3751924,4402,507934623,55306748,4569,-4417,21,5805,292655850,2115,292655890,2115,129,-3,4,19,2412,4,-36,2410
3761870,4402,507934643,55306717,4568,-4418,21,5805,292655850,2115,292655900,2115,128,-3,20,210,2453,20,155,2456
3771914,4402,507934664,55306686,4569,-4417,22,5805,292655900,2115,292655910,2115,128,-2,-15,-46,2375,-13,-99,2371
3781884,4402,507934685,55306655,4569,-4417,23,5805,292655900,2115,292655920,2115,128,-1,-28,25,2481,-27,-31,2479
3791854,4402,507934705,55306624,4568,-4417,23,5805,292655900,2115,292655930,2115,127,0,-39,123,2443,-38,68,2443
3801873,4402,507934726,55306593,4568,-4417,23,5805,292655900,2115,292655940,2115,127,1,-3,111,2498,-1,56,2498
3811906,4402,507934746,55306562,4568,-4417,24,5805,292655900,2115,292655950,2115,127,2,16,42,2380,18,-11,2378
3821916,4402,507934767,55306532,4568,-4417,26,5805,292655950,2115,292655960,2115,126,3,5,7,2299,8,-45,2297
3831880,4402,507934787,55306501,4568,-4417,27,5805,292655950,2115,292655970,2115,126,4,-14,97,2340,-10,45,2340
3841877,4402,507934808,55306470,4568,-4417,28,5805,292655950,2115,292655980,2115,126,5,-22,82,2383,-18,29,2382
3851876,4402,507934828,55306439,4568,-4417,28,5805,292655950,2115,292655990,2115,125,6,19,37,2435,23,-17,2434
3861870,4402,507934849,55306408,4568,-4417,29,5806,292655950,2115,292656000,2115,125,6,-3,3,2404,1,-50,2401
3871961,4401,507934869,55306377,4568,-4417,29,5806,292655950,2115,292656010,2115,125,7,8,118,2457,12,64,2457
3881894,4401,507934890,55306346,4568,-4418,31,5806,292656000,2115,292656020,2115,125,7,41,37,2347,45,-15,2345
3891870,4401,507934910,55306315,4568,-4418,31,5806,292656000,2115,292656030,2115,124,7,-2,66,2405,3,13,2404
3901862,4401,507934931,55306284,4569,-4417,33,5806,292656000,2115,292656040,2115,124,7,-6,-7,2270,-2,-56,2268
3911885,4401,507934951,55306253,4568,-4417,34,5806,292656000,2115,292656050,2115,123,7,-41,53,2413,-37,0,2411
3921890,4401,507934972,55306222,4568,-4417,35,5806,292656000,2115,292656060,2115,123,7,-4,108,2429,0,55,2429
3931969,4401,507934993,55306191,4569,-4418,34,5806,292656050,2115,292656070,2115,123,6,66,14,2569,71,-42,2567
3942698,4400,507935013,55306160,4569,-4418,34,5806,292656050,2115,292656080,2115,123,5,60,64,2541,64,9,2539
3951880,4400,507935034,55306129,4570,-4418,33,5806,292656050,2115,292656090,2115,123,4,36,-3,2542,39,-58,2539
3961871,4400,507935054,55306098,4569,-4418,34,5806,292656050,2115,292656100,2115,124,3,-28,63,2457,-25,9,2456
3971908,4400,507935075,55306067,4569,-4417,34,5806,292656050,2115,292656110,2115,124,2,-79,31,2432,-77,-23,2431
3981933,4399,507935095,55306036,4569,-4417,34,5806,292656100,2115,292656120,2115,123,1,-69,38,2483,-67,-16,2481
3991868,4399,507935116,55306005,4569,-4417,34,5806,292656100,2115,292656130,2115,123,0,16,14,2554,18,-42,2552
4002401,4399,507935136,55305974,4570,-4417,33,5806,292656100,2115,292656140,2115,123,-1,45,21,2630,47,-36,2628
4011907,4399,507935157,55305943,4570,-4417,32,5806,292656100,2115,292656150,2115,123,-2,68,37,2659,69,-21,2657
4021922,4399,507935177,55305912,4570,-4417,30,5806,292656100,2115,292656160,2115,123,-4,47,28,2711,47,-30,2709
4031896,4399,507935198,55305881,4571,-4416,29,5806,292656150,2115,292656170,2115,124,-5,-42,-38,2616,-42,-95,2613
4041875,4399,507935219,55305850,4570,-4416,29,5806,292656150,2115,292656180,2115,124,-6,-111,47,2556,-112,-10,2555
4051910,4399,507935239,55305819,4570,-4415,28,5806,292656150,2115,292656190,2115,124,-7,-83,64,2563,-85,8,2562
4061869,4399,507935260,55305788,4570,-4415,28,5806,292656150,2115,292656200,2115,125,-8,18,35,2584,16,-22,2582
4071885,4399,507935280,55305757,4570,-4415,27,5806,292656150,2115,292656210,2115,125,-8,62,19,2645,60,-39,2643
4081888,4398,507935301,55305726,4571,-4416,25,5806,292656200,2115,292656220,2115,126,-9,111,37,2698,108,-22,2696
4091889,4398,507935321,55305695,4571,-4416,24,5806,292656200,2115,292656230,2115,127,-10,-5,10,2642,-8,-49,2639
4101884,4398,507935342,55305664,4571,-4415,23,5806,292656200,2115,292656240,2115,128,-11,-53,68,2685,-56,7,2684
4111892,4398,507935362,55305633,4571,-4415,21,5806,292656200,2115,292656250,2115,129,-12,-68,7,2653,-72,-54,2651
4121878,4398,507935383,55305602,4571,-4414,20,5806,292656200,2115,292656260,2115,129,-12,-11,6,2658,-15,-54,2655
4132258,4398,507935403,55305571,4571,-4414,19,5806,292656250,2115,292656270,2115,130,-13,23,70,2622,18,10,2621
4141901,4398,507935424,55305540,4571,-4414,18,5806,292656250,2115,292656280,2115,131,-13,36,51,2613,31,-9,2612
4151886,4398,507935444,55305509,4572,-4414,17,5806,292656250,2115,292656290,2115,133,-14,19,5,2678,14,-57,2676
4161863,4398,507935465,55305478,4572,-4414,16,5806,292656250,2115,292656300,2115,134,-14,-2,-19,2644,-6,-81,2641
4171879,4398,507935486,55305447,4572,-4414,15,5806,292656250,2115,292656310,2115,136,-15,-22,54,2646,-27,-9,2645
4181882,4398,507935506,55305416,4572,-4413,14,5806,292656300,2115,292656320,2115,137,-15,-22,6,2635,-26,-57,2632
4191864,4398,507935527,55305385,4572,-4413,13,5806,292656300,2115,292656330,2115,138,-15,15,49,2652,10,-16,2650
4201886,4398,507935547,55305354,4572,-4413,12,5806,292656300,2115,292656340,2115,139,-15,16,40,2599,11,-24,2597
4211924,4398,507935568,55305323,4573,-4413,10,5806,292656300,2115,292656350,2115,140,-16,11,34,2686,5,-32,2685
4221918,4398,507935588,55305292,4573,-4412,10,5806,292656350,2115,292656360,2115,141,-16,-3,-8,2598,-8,-72,2595
4231896,4398,507935609,55305261,4573,-4412,9,5806,292656350,2115,292656370,2115,142,-16,-23,80,2593,-28,15,2593
4241869,4398,507935629,55305231,4573,-4412,8,5806,292656350,2115,292656380,2115,143,-16,-20,56,2600,-25,-9,2599
4252560,4398,507935650,55305200,4573,-4412,7,5806,292656350,2115,292656390,2115,143,-16,1,12,2638,-5,-54,2636
4261884,4398,507935671,55305169,4573,-4412,6,5806,292656350,2115,292656400,2115,144,-15,6,48,2601,1,-18,2600
4271895,4398,507935691,55305138,4573,-4412,5,5806,292656350,2115,292656410,2115,144,-15,30,142,2628,24,76,2628
4281925,4398,507935712,55305107,4573,-4412,5,5806,292656400,2115,292656420,2115,145,-15,8,30,2574,3,-35,2572
4291889,4398,507935732,55305076,4574,-4412,5,5806,292656400,2115,292656430,2115,146,-15,10,-30,2513,6,-95,2510
4301894,4398,507935753,55305045,4573,-4411,4,5806,292656400,2115,292656440,2115,146,-14,-45,41,2543,-50,-25,2541
4312514,4398,507935773,55305014,4573,-4412,4,5806,292656400,2115,292656450,2115,146,-14,-11,148,2557,-16,82,2558
4322013,4398,507935794,55304983,4573,-4412,4,5806,292656400,2115,292656460,2115,146,-13,4,105,2521,0,40,2521
4331917,4398,507935814,55304952,4573,-4412,3,5806,292656450,2115,292656470,2115,146,-13,20,14,2613,16,-53,2610
4342226,4398,507935835,55304921,4573,-4412,3,5806,292656450,2115,292656480,2115,145,-12,32,26,2538,29,-38,2536
4351897,4398,507935856,55304890,4573,-4412,3,5806,292656450,2115,292656490,2115,145,-12,7,111,2470,4,48,2471
4361868,4398,507935876,55304859,4573,-4412,3,5806,292656450,2115,292656500,2115,145,-11,29,69,2463,26,6,2462
4372250,4398,507935897,55304828,4574,-4411,4,5806,292656450,2115,292656510,2115,145,-11,-13,-23,2441,-15,-85,2438
4381882,4399,507935917,55304797,4573,-4412,4,5806,292656500,2115,292656520,2115,144,-10,-41,156,2435,-44,94,2437
4391899,4399,507935938,55304766,4572,-4412,5,5806,292656500,2115,292656530,2115,144,-9,-21,101,2407,-24,40,2407
4401870,4399,507935958,55304735,4572,-4412,5,5806,292656500,2115,292656540,2115,143,-9,35,91,2473,33,29,2473
4411898,4399,507935979,55304704,4573,-4412,5,5806,292656500,2115,292656550,2115,143,-8,46,5,2487,44,-57,2485
4421890,4399,507935999,55304673,4573,-4412,5,5806,292656500,2115,292656560,2115,143,-8,56,43,2554,54,-21,2552
4431930,4399,507936020,55304642,4573,-4413,5,5806,292656550,2115,292656570,2115,142,-7,6,119,2471,5,57,2471
4442883,4398,507936041,55304612,4572,-4413,6,5806,292656550,2115,292656580,2115,142,-7,-29,169,2414,-31,108,2415
4451856,4398,507936061,55304581,4572,-4413,7,5806,292656550,2115,292656590,2115,142,-7,-43,44,2317,-44,-14,2316
4461912,4398,507936082,55304550,4572,-4413,8,5806,292656550,2115,292656600,2115,141,-6,-9,39,2392,-10,-20,2390
4472002,4398,507936102,55304519,4572,-4413,9,5806,292656550,2115,292656610,2115,140,-6,55,88,2333,54,31,2333
4482670,4398,507936123,55304488,4573,-4414,10,5806,292656600,2115,292656620,2115,140,-6,68,85,2373,67,27,2372
4491878,4398,507936143,55304457,4573,-4414,11,5806,292656600,2115,292656630,2115,140,-5,44,114,2397,43,56,2397
4501877,4398,507936164,55304426,4573,-4414,12,5806,292656600,2115,292656640,2115,140,-5,7,16,2411,7,-43,2408
4511903,4398,507936184,55304395,4573,-4414,13,5806,292656600,2115,292656650,2115,140,-5,-44,62,2399,-44,2,2398
4521925,4398,507936205,55304364,4572,-4414,13,5806,292656600,2115,292656660,2115,140,-5,-28,115,2408,-28,55,2408
4531900,4398,507936226,55304333,4572,-4414,14,5806,292656650,2115,292656670,2115,140,-4,16,73,2406,16,14,2405
4541856,4398,507936246,55304302,4573,-4414,15,5806,292656650,2115,292656680,2115,139,-4,38,-28,2342,39,-85,2339
4552474,4398,507936267,55304271,4573,-4414,17,5806,292656650,2115,292656690,2115,139,-3,25,59,2355,25,2,2354
4566177,4398,507936287,55304240,4573,-4414,18,5806,292656650,2115,292656700,2115,139,-3,12,120,2328,13,63,2329
4571932,4398,507936308,55304209,4572,-4415,19,5806,292656650,2115,292656710,2115,139,-3,4,137,2361,4,79,2361
4582578,4398,507936328,55304178,4573,-4415,20,5806,292656700,2115,292656720,2115,139,-3,9,7,2368,9,-51,2365
4591917,4398,507936349,55304147,4573,-4415,21,5806,292656700,2115,292656730,2115,139,-2,17,46,2394,18,-13,2392
4601861,4398,507936369,55304116,4573,-4415,22,5806,292656700,2115,292656740,2115,139,-2,25,51,2322,25,-6,2320
4612494,4398,507936390,55304085,4573,-4415,23,5806,292656700,2115,292656750,2115,139,-2,29,74,2359,30,17,2358
4622093,4398,507936411,55304054,4573,-4415,25,5806,292656700,2115,292656760,2115,138,-3,26,12,2343,26,-45,2341
4631885,4399,507936431,55304023,4573,-4415,26,5806,292656750,2115,292656770,2115,138,-3,-11,68,2337,-11,11,2336
4642164,4399,507936452,55303992,4573,-4415,27,5806,292656750,2115,292656780,2115,138,-3,-27,135,2365,-27,77,2366
4651894,4398,507936472,55303961,4573,-4415,28,5806,292656750,2115,292656790,2115,138,-3,17,42,2370,17,-15,2368
4661882,4398,507936493,55303930,4573,-4416,28,5806,292656750,2115,292656800,2115,137,-3,55,50,2463,55,-9,2461
4672134,4398,507936513,55303899,4573,-4416,29,5806,292656750,2115,292656810,2115,137,-3,50,54,2398,50,-4,2397
4681887,4398,507936534,55303868,4574,-4416,30,5806,292656800,2115,292656820,2115,137,-4,30,36,2421,30,-22,2419
4691890,4398,507936554,55303837,4574,-4416,30,5806,292656800,2115,292656830,2115,137,-4,-34,36,2433,-34,-23,2431
4701894,4398,507936575,55303806,4573,-4416,31,5806,292656800,2115,292656840,2115,137,-5,-35,149,2422,-35,91,2423
4711875,4398,507936596,55303775,4573,-4416,32,5806,292656800,2115,292656850,2115,137,-5,-6,88,2409,-7,30,2409
4722141,4398,507936616,55303744,4573,-4416,32,5806,292656800,2115,292656860,2115,137,-6,35,9,2460,34,-50,2458
4732254,4398,507936637,55303713,4574,-4416,32,5806,292656850,2115,292656870,2115,137,-6,45,-48,2493,44,-108,2490
4741860,4398,507936657,55303682,4574,-4416,32,5806,292656850,2115,292656880,2115,136,-7,47,109,2464,45,50,2464
4751856,4398,507936678,55303652,4574,-4416,33,5806,292656850,2115,292656890,2115,136,-7,9,85,2466,7,26,2465
4762129,4398,507936698,55303621,4574,-4416,33,5806,292656850,2115,292656900,2115,136,-8,-22,37,2479,-23,-22,2477
4772129,4398,507936719,55303590,4574,-4416,33,5806,292656850,2115,292656910,2115,136,-8,-43,47,2458,-45,-12,2457
4781880,4398,507936739,55303559,4574,-4416,33,5806,292656900,2115,292656920,2115,136,-8,4,54,2540,2,-7,2538
4792523,4398,507936760,55303528,4574,-4416,33,5806,292656900,2115,292656930,2115,137,-8,23,100,2527,20,39,2527
4801866,4398,507936781,55303497,4574,-4416,32,5806,292656900,2115,292656940,2115,137,-8,32,42,2540,30,-19,2539
4811875,4398,507936801,55303466,4574,-4416,32,5806,292656900,2115,292656950,2115,138,-8,33,-6,2577,31,-68,2574
4822832,4398,507936822,55303435,4574,-4416,32,5806,292656950,2115,292656960,2115,139,-8,1,65,2532,-1,3,2531
4831872,4398,507936842,55303404,4574,-4416,32,5806,292656950,2115,292656970,2115,139,-8,-26,49,2520,-28,-13,2518
4841855,4397,507936863,55303373,4574,-4416,32,5806,292656950,2115,292656980,2115,140,-8,-25,89,2463,-27,28,2463
4851866,4397,507936883,55303342,4574,-4416,32,5806,292656950,2115,292656990,2115,141,-8,-7,72,2510,-9,9,2509
4861871,4397,507936904,55303311,4575,-4416,31,5806,292656950,2115,292657000,2115,142,-8,63,-24,2540,61,-87,2537
4872111,4397,507936925,55303280,4575,-4416,31,5806,292656950,2115,292657010,2115,143,-8,41,67,2568,39,3,2568
4881886,4397,507936945,55303249,4575,-4416,31,5806,292657000,2115,292657020,2115,144,-8,24,45,2521,23,-19,2519
4891882,4397,507936966,55303218,4575,-4415,30,5807,292657000,2115,292657030,2115,145,-7,-18,31,2587,-19,-35,2585
4901869,4397,507936986,55303187,4575,-4415,30,5807,292657000,2115,292657040,2115,146,-7,-41,-4,2539,-42,-70,2536
4911978,4397,507937007,55303156,4575,-4415,29,5807,292657000,2115,292657050,2115,147,-7,9,86,2620,8,18,2619
4922153,4397,507937027,55303125,4575,-4415,29,5807,292657000,2115,292657060,2115,147,-7,3,63,2514,2,-2,2513
4932013,4397,507937048,55303094,4576,-4415,28,5807,292657050,2115,292657070,2115,148,-7,53,16,2596,51,-51,2594
4942331,4397,507937068,55303063,4577,-4415,28,5807,292657050,2115,292657080,2115,148,-6,22,-29,2546,21,-96,2543
4951856,4397,507937089,55303032,4577,-4415,27,5807,292657050,2115,292657090,2115,149,-6,22,60,2572,21,-7,2571
4961866,4397,507937110,55303001,4576,-4415,27,5807,292657050,2115,292657100,2115,149,-6,-22,86,2534,-23,19,2534
4972892,4397,507937130,55302970,4576,-4414,27,5807,292657050,2115,292657110,2115,150,-6,-28,63,2555,-29,-4,2554
4982014,4397,507937151,55302939,4576,-4414,26,5807,292657100,2115,292657120,2115,150,-6,11,49,2550,10,-18,2548
4991929,4397,507937171,55302908,4577,-4414,26,5807,292657100,2115,292657130,2115,150,-5,17,49,2585,17,-20,2584
5002412,4397,507937192,55302877,4577,-4415,25,5807,292657100,2115,292657140,2115,151,-5,39,94,2589,38,26,2589
5011960,4397,507937213,55302846,4577,-4415,24,5807,292657100,2115,292657150,2115,151,-4,18,36,2596,18,-33,2594
5022242,4397,507937233,55302815,4577,-4415,23,5807,292657150,2115,292657160,2115,151,-3,-22,84,2615,-22,14,2614
5032585,4397,507937254,55302784,4577,-4414,23,5807,292657150,2115,292657170,2115,151,-2,-35,30,2541,-35,-38,2539
5041861,4397,507937274,55302753,4577,-4414,23,5807,292657150,2115,292657180,2115,151,-2,-12,86,2525,-11,19,2524
5051889,4397,507937295,55302722,4577,-4414,23,5807,292657150,2115,292657190,2115,151,-1,8,52,2519,9,-14,2517
5061908,4397,507937315,55302691,4577,-4414,22,5807,292657150,2115,292657200,2115,150,0,26,23,2541,28,-44,2539
5072678,4397,507937336,55302660,4577,-4414,22,5807,292657150,2115,292657210,2115,150,1,27,57,2480,30,-8,2479
5082020,4397,507937357,55302629,4577,-4415,22,5807,292657200,2115,292657220,2115,149,2,6,106,2509,8,40,2509
5091981,4397,507937377,55302598,4577,-4415,23,5807,292657200,2115,292657230,2115,149,2,2,52,2461,4,-13,2460
5101880,4397,507937398,55302567,4577,-4415,23,5807,292657200,2115,292657240,2115,148,3,-13,77,2482,-11,12,2482
5111869,4397,507937418,55302536,4577,-4415,23,5807,292657200,2115,292657250,2115,148,3,31,74,2459,34,10,2459
5122872,4397,507937439,55302505,4578,-4415,23,5807,292657250,2115,292657260,2115,147,4,34,39,2499,38,-25,2497
5131935,4397,507937459,55302474,4577,-4415,23,5807,292657250,2115,292657270,2115,146,4,17,110,2494,20,46,2494
5141880,4397,507937480,55302443,4577,-4416,23,5807,292657250,2115,292657280,2115,145,4,22,85,2504,25,21,2504
5151865,4397,507937501,55302412,4578,-4416,23,5807,292657250,2115,292657290,2115,145,4,5,55,2525,8,-10,2523
5161879,4396,507937521,55302382,4578,-4415,23,5807,292657250,2115,292657300,2115,144,4,10,29,2512,14,-34,2510
5172170,4396,507937542,55302351,4578,-4416,23,5807,292657250,2115,292657310,2115,143,4,-5,105,2491,-2,43,2491
5182569,4396,507937562,55302319,4577,-4416,24,5807,292657300,2115,292657320,2115,143,4,1,122,2439,4,60,2439
5191937,4396,507937583,55302288,4577,-4416,23,5807,292657300,2115,292657330,2115,142,3,32,97,2517,35,34,2517
5201861,4396,507937604,55302258,4578,-4416,24,5807,292657300,2115,292657340,2115,142,3,36,-13,2465,39,-75,2462
5211867,4396,507937624,55302227,4578,-4416,24,5807,292657300,2115,292657350,2115,142,3,26,77,2520,29,14,2519
5222121,4396,507937645,55302196,4578,-4416,24,5807,292657300,2115,292657360,2115,142,2,9,50,2482,12,-12,2480
5232000,4395,507937665,55302164,4578,-4417,24,5807,292657350,2115,292657370,2115,142,1,-16,86,2530,-14,23,2530
5241931,4395,507937686,55302134,4578,-4417,24,5807,292657350,2115,292657380,2115,143,1,-11,77,2490,-9,14,2489
5251865,4395,507937706,55302103,4578,-4416,23,5807,292657350,2115,292657390,2115,143,0,25,8,2534,27,-56,2532
5261862,4395,507937727,55302072,4578,-4417,23,5807,292657350,2115,292657400,2115,144,0,30,63,2528,31,0,2526
5272220,4395,507937748,55302041,4579,-4416,23,5807,292657350,2115,292657410,2115,144,0,32,1,2514,33,-63,2511
5282321,4394,507937768,55302009,4579,-4416,23,5807,292657400,2115,292657420,2115,145,-1,16,24,2512,17,-40,2510
5291935,4394,507937789,55301979,4579,-4416,23,5807,292657400,2115,292657430,2115,146,-2,-14,55,2500,-13,-10,2499
5302527,4394,507937809,55301948,4579,-4416,23,5807,292657400,2115,292657440,2115,146,-2,-13,75,2527,-12,10,2526
5311887,4394,507937830,55301917,4580,-4416,23,5807,292657400,2115,292657450,2115,147,-3,23,3,2478,24,-61,2476
5322078,4394,507937851,55301886,4580,-4416,23,5807,292657400,2115,292657460,2115,147,-4,27,-2,2521,27,-67,2518
5332315,4394,507937871,55301855,4580,-4416,23,5807,292657450,2115,292657470,2115,148,-5,45,65,2483,45,1,2482
5341924,4394,507937892,55301824,4580,-4416,23,5807,292657450,2115,292657480,2115,148,-5,13,86,2559,12,20,2559
5351866,4394,507937912,55301793,4581,-4416,22,5807,292657450,2115,292657490,2115,149,-6,7,9,2561,6,-58,2558
5362095,4394,507937933,55301762,4581,-4416,21,5807,292657450,2115,292657500,2115,150,-7,-10,29,2595,-11,-39,2592
5372112,4393,507937954,55301731,4581,-4416,21,5807,292657450,2115,292657510,2115,151,-8,24,88,2520,22,21,2520
5382018,4393,507937974,55301700,4581,-4416,21,5807,292657500,2115,292657520,2115,152,-9,10,54,2473,8,-12,2472
5392335,4393,507937995,55301669,4581,-4416,21,5807,292657500,2115,292657530,2115,152,-10,-16,40,2526,-19,-28,2525
5401862,4393,507938015,55301638,4581,-4415,21,5807,292657500,2115,292657540,2115,153,-11,32,-9,2605,29,-79,2602
5411887,4393,507938036,55301607,4582,-4415,20,5807,292657500,2115,292657550,2115,153,-12,19,60,2593,15,-10,2592
5423336,4393,507938057,55301576,4581,-4415,19,5807,292657550,2115,292657560,2115,154,-13,29,103,2609,24,32,2609
5431933,4393,507938077,55301545,4582,-4415,18,5807,292657550,2115,292657570,2115,154,-15,-2,15,2581,-7,-55,2579
5441865,4393,507938098,55301514,4582,-4415,17,5807,292657550,2115,292657580,2115,154,-16,-2,84,2576,-7,14,2575
5451854,4393,507938118,55301483,4582,-4414,17,5807,292657550,2115,292657590,2115,154,-16,-6,-5,2588,-11,-75,2585
5461876,4393,507938139,55301452,4582,-4414,16,5807,292657550,2115,292657600,2115,154,-17,2,71,2542,-4,2,2541
5472133,4393,507938160,55301421,4582,-4414,16,5807,292657550,2115,292657610,2115,154,-18,6,77,2532,0,9,2531
5482040,4393,507938180,55301390,4582,-4414,14,5807,292657600,2115,292657620,2115,154,-18,21,33,2631,14,-38,2629
5491948,4393,507938201,55301359,4582,-4413,13,5807,292657600,2115,292657630,2115,154,-19,17,46,2650,10,-25,2648
5501854,4393,507938221,55301328,4582,-4414,12,5807,292657600,2115,292657640,2115,153,-20,-3,131,2644,-11,59,2645
5511869,4393,507938242,55301297,4581,-4414,11,5807,292657600,2115,292657650,2115,153,-20,-2,118,2627,-10,47,2628
5522226,4393,507938263,55301266,4582,-4412,9,5807,292657650,2115,292657660,2115,152,-21,11,-29,2596,3,-98,2593
5531984,4393,507938283,55301235,4581,-4412,9,5807,292657650,2115,292657670,2115,151,-21,0,77,2528,-8,10,2527
5541861,4393,507938304,55301204,4581,-4412,9,5807,292657650,2115,292657680,2115,150,-21,2,115,2518,-6,48,2518
5551864,4393,507938324,55301173,4581,-4412,9,5807,292657650,2115,292657690,2115,149,-21,2,93,2578,-6,25,2578
5561869,4393,507938345,55301142,4581,-4413,8,5807,292657650,2115,292657700,2115,149,-20,22,78,2600,14,10,2599
5572142,4393,507938366,55301111,4581,-4413,7,5807,292657650,2115,292657710,2115,148,-20,16,70,2633,8,1,2632
5582042,4393,507938386,55301080,4581,-4411,4,5807,292657700,2115,292657720,2115,147,-21,25,44,2624,17,-24,2622
5592377,4393,507938407,55301049,4581,-4411,4,5807,292657700,2115,292657730,2115,147,-20,7,63,2564,-1,-3,2563
5602079,4393,507938427,55301018,4580,-4411,4,5807,292657700,2115,292657740,2115,147,-20,-18,84,2508,-25,19,2507
5611877,4393,507938448,55300987,4580,-4411,4,5807,292657700,2115,292657750,2115,146,-19,8,65,2506,2,1,2505
5622740,4393,507938469,55300956,4579,-4410,2,5807,292657750,2115,292657760,2115,146,-19,-6,79,2470,-12,15,2470
5631930,4393,507938489,55300925,4580,-4410,2,5807,292657750,2115,292657770,2115,146,-18,9,54,2508,2,-10,2506
5641868,4393,507938510,55300894,4579,-4410,2,5807,292657750,2115,292657780,2115,145,-18,13,89,2561,7,24,2560
5651911,4393,507938530,55300863,4580,-4410,1,5807,292657750,2115,292657790,2115,144,-17,52,77,2580,46,11,2579
5661876,4393,507938551,55300832,4580,-4410,1,5807,292657750,2115,292657800,2115,144,-17,36,11,2514,31,-53,2512
5672129,4393,507938572,55300801,4580,-4410,1,5807,292657750,2115,292657810,2115,144,-16,-4,86,2473,-9,23,2472
5682025,4393,507938592,55300770,4581,-4413,2,5807,292657800,2115,292657820,2115,145,-15,-28,77,2481,-33,14,2480
5691942,4393,507938613,55300739,4581,-4412,3,5807,292657800,2115,292657830,2115,145,-14,-9,6,2454,-13,-56,2451
5701862,4393,507938633,55300708,4581,-4412,3,5807,292657800,2115,292657840,2115,145,-13,-5,114,2473,-10,51,2473
5711866,4393,507938654,55300677,4581,-4412,4,5807,292657800,2115,292657850,2115,146,-12,33,20,2409,30,-42,2407
5722605,4392,507938675,55300646,4582,-4412,4,5807,292657800,2115,292657860,2115,146,-12,85,7,2463,82,-56,2460
5732019,4392,507938695,55300615,4586,-4415,10,5807,292657850,2115,292657870,2115,147,-10,4,45,2372,1,-17,2371
5741928,4392,507938716,55300584,4586,-4415,10,5807,292657850,2115,292657880,2115,148,-9,22,31,2478,20,-33,2476
5752036,4392,507938736,55300553,4586,-4415,11,5807,292657850,2115,292657890,2115,149,-8,-46,59,2372,-48,-3,2371
5761875,4392,507938757,55300522,4586,-4415,12,5807,292657850,2115,292657900,2115,151,-7,-29,64,2431,-30,0,2430
5772190,4392,507938778,55300491,4586,-4414,12,5807,292657850,2115,292657910,2115,152,-7,19,-8,2407,18,-72,2404
5782063,4392,507938798,55300460,4591,-4413,13,5807,292657900,2115,292657920,2115,154,-6,36,62,2450,35,-4,2449
5791943,4392,507938819,55300429,4591,-4413,13,5807,292657900,2115,292657930,2115,155,-5,56,-34,2439,56,-100,2436
5801910,4392,507938840,55300398,4592,-4412,14,5807,292657900,2115,292657940,2115,156,-4,-6,39,2425,-6,-28,2423
5811864,4392,507938860,55300367,4591,-4412,15,5807,292657900,2115,292657950,2115,158,-4,-22,83,2323,-22,18,2322
5822124,4392,507938881,55300337,4592,-4412,16,5807,292657900,2115,292657960,2115,159,-3,-21,-17,2325,-20,-82,2322
5832025,4391,507938902,55300305,4595,-4413,16,5807,292657950,2115,292657970,2115,160,-2,-9,71,2364,-8,4,2364
5841953,4391,507938922,55300274,4596,-4413,17,5807,292657950,2115,292657980,2115,161,-2,36,-31,2372,37,-98,2369
5851892,4391,507938943,55300244,4596,-4413,18,5807,292657950,2115,292657990,2115,162,-1,48,1,2457,49,-69,2455
5861860,4391,507938964,55300213,4596,-4413,19,5807,292657950,2115,292658000,2115,163,-1,23,81,2392,24,13,2391
5872141,4391,507938984,55300182,4596,-4413,19,5807,292657950,2115,292658010,2115,163,-1,1,74,2406,2,5,2405
5882002,4391,507939005,55300151,4601,-4413,27,5807,292658000,2115,292658020,2115,165,-1,-40,35,2316,-39,-32,2314
5892787,4391,507939026,55300120,4601,-4412,28,5807,292658000,2115,292658030,2115,165,0,-28,7,2405,-26,-63,2403
5901874,4391,507939046,55300089,4601,-4413,29,5807,292658000,2115,292658040,2115,165,0,12,89,2374,13,20,2374
5911893,4391,507939067,55300058,4601,-4413,29,5808,292658000,2115,292658050,2115,165,-1,46,82,2496,47,9,2495
5922329,4391,507939088,55300027,4601,-4413,29,5808,292658050,2115,292658060,2115,165,-1,46,1,2464,47,-70,2461
5931961,4391,507939108,55299996,4601,-4414,29,5808,292658050,2115,292658070,2115,165,-1,16,93,2489,17,21,2489
5941863,4390,507939129,55299965,4600,-4414,30,5808,292658050,2115,292658080,2115,165,-2,-32,102,2434,-31,31,2434
5951870,4390,507939150,55299934,4600,-4413,30,5808,292658050,2115,292658090,2115,165,-2,-40,40,2490,-39,-33,2489
5961883,4390,507939170,55299903,4600,-4413,31,5808,292658050,2115,292658100,2115,165,-3,-41,111,2433,-40,40,2433
5972130,4390,507939191,55299872,4600,-4413,31,5808,292658050,2115,292658110,2115,165,-3,26,54,2444,26,-17,2443
5982014,4390,507939212,55299841,4599,-4413,30,5808,292658100,2115,292658120,2115,164,-4,38,54,2501,38,-18,2499
5991954,4389,507939232,55299810,4599,-4413,30,5808,292658100,2115,292658130,2115,163,-4,44,62,2519,44,-10,2518
6001860,4389,507939253,55299779,4599,-4414,30,5808,292658100,2115,292658140,2115,162,-5,16,117,2520,16,45,2521
6011869,4389,507939274,55299748,4599,-4413,30,5808,292658100,2115,292658150,2115,162,-5,-20,45,2523,-21,-27,2521
6023082,4389,507939295,55299717,4599,-4413,29,5808,292658100,2115,292658160,2115,161,-6,-43,75,2522,-44,3,2521
6032017,4389,507939315,55299686,4598,-4411,28,5808,292658150,2115,292658170,2115,161,-7,-13,90,2487,-14,19,2487
6041933,4389,507939336,55299655,4598,-4411,27,5808,292658150,2115,292658180,2115,160,-7,14,97,2584,12,24,2583
6051883,4388,507939357,55299624,4598,-4411,27,5808,292658150,2115,292658190,2115,160,-8,38,4,2540,37,-67,2537
6061903,4388,507939377,55299593,4599,-4411,26,5808,292658150,2115,292658200,2115,159,-8,42,57,2558,40,-15,2557
6072111,4388,507939398,55299562,4598,-4411,26,5808,292658150,2115,292658210,2115,158,-9,-20,96,2507,-23,27,2507
6082041,4388,507939419,55299531,4596,-4412,26,5808,292658200,2115,292658220,2115,156,-10,-31,89,2541,-33,19,2540
6091980,4388,507939439,55299500,4596,-4412,26,5808,292658200,2115,292658230,2115,155,-10,-13,57,2505,-16,-12,2504
6101862,4388,507939460,55299469,4596,-4412,25,5808,292658200,2115,292658240,2115,154,-11,18,25,2610,15,-46,2608
6111885,4388,507939481,55299438,4596,-4412,25,5808,292658200,2115,292658250,2115,153,-11,21,107,2562,18,38,2562
6123251,4388,507939501,55299407,4596,-4412,24,5808,292658200,2115,292658260,2115,152,-12,35,81,2590,31,12,2589
6132024,4387,507939522,55299376,4594,-4413,23,5808,292658250,2115,292658270,2115,150,-13,3,27,2615,-1,-42,2613
6141948,4387,507939542,55299345,4594,-4412,22,5808,292658250,2115,292658280,2115,150,-13,-16,40,2669,-21,-30,2667
6151886,4387,507939563,55299314,4594,-4412,21,5808,292658250,2115,292658290,2115,149,-14,-20,89,2561,-25,22,2560
6161879,4387,507939584,55299283,4594,-4412,21,5808,292658250,2115,292658300,2115,149,-15,0,92,2477,-5,27,2477
6172161,4387,507939604,55299252,4594,-4412,21,5808,292658250,2115,292658310,2115,148,-15,-16,29,2561,-21,-38,2559
6182014,4387,507939625,55299221,4593,-4413,20,5808,292658300,2115,292658320,2115,148,-16,47,24,2656,41,-44,2653
6191939,4386,507939646,55299190,4594,-4413,19,5808,292658300,2115,292658330,2115,148,-17,45,74,2655,39,5,2654
6201890,4386,507939666,55299159,4594,-4413,19,5808,292658300,2115,292658340,2115,149,-17,33,2,2459,27,-62,2457
6212657,4386,507939687,55299128,4593,-4413,18,5808,292658300,2115,292658350,2115,149,-17,-96,77,2546,-102,10,2545
6222125,4386,507939708,55299097,4593,-4412,17,5808,292658300,2115,292658360,2115,150,-16,-65,4,2647,-71,-66,2644
6232011,4386,507939728,55299066,4594,-4413,17,5808,292658350,2115,292658370,2115,151,-16,43,28,2723,38,-44,2721
6241925,4386,507939749,55299035,4594,-4413,16,5808,292658350,2115,292658380,2115,152,-15,13,60,2608,8,-9,2607
6251928,4386,507939770,55299004,4595,-4413,15,5808,292658350,2115,292658390,2115,153,-14,45,-21,2602,41,-91,2599
6261869,4386,507939790,55298973,4595,-4412,15,5808,292658350,2115,292658400,2115,155,-14,-23,-21,2560,-27,-91,2557
6272400,4386,507939811,55298942,4595,-4412,14,5808,292658350,2115,292658410,2115,156,-12,-27,44,2564,-31,-26,2563
6282010,4386,507939831,55298911,4595,-4411,15,5808,292658400,2115,292658420,2115,158,-11,-55,73,2504,-58,3,2503
6291943,4386,507939852,55298880,4594,-4411,16,5808,292658400,2115,292658430,2115,159,-10,-10,72,2397,-13,5,2396
6301860,4386,507939873,55298849,4595,-4410,17,5808,292658400,2115,292658440,2115,160,-9,-76,-84,2396,-78,-152,2390
6311878,4386,507939893,55298818,4596,-4410,17,5808,292658400,2115,292658450,2115,161,-8,126,-56,2516,125,-127,2512
6323313,4386,507939914,55298787,4596,-4412,16,5808,292658400,2115,292658460,2115,161,-8,115,278,2573,113,205,2578
6332301,4386,507939935,55298756,4596,-4411,17,5808,292658450,2115,292658470,2115,163,-7,74,104,2371,73,36,2372
6341987,4386,507939955,55298725,4597,-4410,19,5808,292658450,2115,292658480,2115,164,-6,-74,-111,2246,-74,-176,2240
6351892,4386,507939976,55298694,4596,-4409,21,5808,292658450,2115,292658490,2115,165,-5,-175,45,2218,-175,-20,2216
6362338,4386,507939997,55298663,4595,-4409,22,5808,292658450,2115,292658500,2115,166,-3,-31,87,2376,-31,17,2375
6372514,4386,507940017,55298632,4596,-4409,22,5808,292658450,2115,292658510,2115,166,-1,54,82,2501,55,10,2500
6382012,4386,507940038,55298601,4596,-4409,19,5808,292658500,2115,292658520,2115,166,0,124,-13,2626,126,-89,2623
6392161,4386,507940059,55298570,4596,-4409,18,5808,292658500,2115,292658530,2115,165,1,66,149,2573,68,74,2575
6401879,4386,507940079,55298539,4595,-4410,18,5808,292658500,2115,292658540,2115,165,2,-12,151,2510,-10,78,2511
6411886,4386,507940100,55298508,4595,-4409,19,5808,292658500,2115,292658550,2115,165,3,-77,27,2392,-74,-43,2390
6423315,4386,507940121,55298477,4594,-4409,21,5808,292658500,2115,292658560,2115,165,4,-119,58,2245,-115,-8,2244
6432025,4386,507940141,55298446,4593,-4409,22,5808,292658550,2115,292658570,2115,165,5,-114,-7,2162,-110,-70,2159
6441941,4385,507940162,55298415,4593,-4410,23,5808,292658550,2115,292658580,2115,164,6,82,97,2319,86,30,2319
6452607,4385,507940182,55298384,4594,-4410,25,5808,292658550,2115,292658590,2115,164,7,157,73,2320,161,7,2319
6461868,4385,507940203,55298353,4595,-4412,25,5808,292658550,2115,292658600,2115,163,7,165,105,2452,170,36,2452
6472172,4385,507940224,55298322,4595,-4412,26,5808,292658550,2115,292658610,2115,162,6,-6,80,2460,-2,9,2460
6482789,4385,507940244,55298291,4594,-4412,26,5808,292658600,2115,292658620,2115,162,6,-71,117,2465,-67,46,2466
6492462,4385,507940265,55298260,4594,-4411,27,5808,292658600,2115,292658630,2115,162,6,-111,-33,2390,-107,-102,2386
6501864,4384,507940286,55298229,4594,-4410,28,5808,292658600,2115,292658640,2115,163,6,-61,37,2347,-56,-30,2345
6512110,4384,507940306,55298198,4594,-4410,29,5808,292658600,2115,292658650,2115,163,6,13,113,2416,17,44,2416
6522166,4384,507940327,55298167,4594,-4411,29,5808,292658600,2115,292658660,2115,163,6,63,65,2494,67,-6,2493
6532029,4384,507940347,55298136,4595,-4410,27,5808,292658650,2115,292658670,2115,163,6,63,51,2559,68,-22,2558
6542090,4384,507940368,55298105,4595,-4410,27,5808,292658650,2115,292658680,2115,163,5,15,-6,2478,19,-76,2475
6551870,4384,507940389,55298074,4594,-4410,28,5808,292658650,2115,292658690,2115,163,5,-69,137,2414,-66,68,2415
6561861,4383,507940409,55298043,4594,-4410,29,5808,292658650,2115,292658700,2115,163,5,-75,91,2343,-72,23,2343
6573284,4383,507940430,55298012,4595,-4409,29,5808,292658650,2115,292658710,2115,164,5,29,-39,2465,33,-110,2461
6582010,4383,507940451,55297980,4594,-4408,29,5808,292658700,2115,292658720,2115,165,5,28,62,2432,31,-8,2431
6592650,4383,507940471,55297949,4594,-4409,29,5808,292658700,2115,292658730,2115,165,5,41,89,2500,44,16,2499
6602498,4383,507940492,55297919,4594,-4409,29,5808,292658700,2115,292658740,2115,166,4,-21,45,2444,-17,-26,2443
6611879,4382,507940513,55297888,4594,-4408,30,5808,292658700,2115,292658750,2115,167,4,-39,33,2472,-36,-39,2470
6622132,4382,507940533,55297857,4594,-4408,30,5808,292658700,2115,292658760,2115,168,4,-19,49,2457,-15,-24,2456
6632684,4382,507940554,55297825,4595,-4408,32,5808,292658750,2115,292658770,2115,169,4,11,30,2471,14,-43,2469
6641943,4382,507940575,55297794,4595,-4408,33,5808,292658750,2115,292658780,2115,171,4,36,26,2405,39,-46,2403
6651876,4382,507940595,55297763,4596,-4408,33,5808,292658750,2115,292658790,2115,172,3,16,22,2458,19,-52,2456
6661863,4382,507940616,55297732,4596,-4408,34,5808,292658750,2115,292658800,2115,173,3,5,54,2474,8,-21,2472
6672105,4382,507940637,55297701,4596,-4408,34,5808,292658750,2115,292658810,2115,173,3,-2,8,2485,1,-68,2483
6682032,4381,507940657,55297670,4596,-4407,34,5808,292658800,2115,292658820,2115,174,2,-18,75,2482,-16,-1,2481
6692713,4381,507940678,55297639,4597,-4407,34,5808,292658800,2115,292658830,2115,174,2,-1,-11,2506,2,-88,2502
6701885,4381,507940699,55297608,4597,-4407,34,5808,292658800,2115,292658840,2115,175,1,37,-9,2518,39,-86,2515
6711861,4381,507940719,55297577,4597,-4407,34,5808,292658800,2115,292658850,2115,175,1,15,127,2481,16,50,2482
6722808,4381,507940740,55297546,4597,-4407,34,5808,292658800,2115,292658860,2115,175,0,-10,74,2565,-8,-5,2564
6732031,4381,507940761,55297515,4598,-4406,34,5808,292658850,2115,292658870,2115,175,-1,-26,2,2542,-24,-76,2539
6741936,4381,507940781,55297484,4598,-4406,33,5808,292658850,2115,292658880,2115,175,-1,-15,30,2554,-14,-49,2552
6751902,4381,507940802,55297453,4598,-4406,34,5808,292658850,2115,292658890,2115,175,-2,18,7,2480,19,-69,2477
6761900,4381,507940823,55297422,4598,-4406,33,5808,292658850,2115,292658900,2115,174,-3,18,92,2556,18,14,2556
6772155,4381,507940843,55297391,4598,-4406,33,5808,292658850,2115,292658910,2115,172,-4,21,95,2503,21,20,2503
6782494,4381,507940864,55297359,4599,-4405,33,5808,292658900,2115,292658920,2115,171,-5,31,46,2575,31,-31,2573
6791927,4380,507940885,55297328,4599,-4405,32,5808,292658900,2115,292658930,2115,170,-6,-13,46,2597,-15,-31,2595
6801873,4380,507940905,55297298,4599,-4405,31,5808,292658900,2115,292658940,2115,169,-7,-16,18,2591,-17,-59,2589
6812008,4380,507940926,55297267,4599,-4405,31,5808,292658900,2115,292658950,2115,167,-8,-14,153,2571,-17,78,2573
6822194,4380,507940947,55297236,4599,-4405,30,5808,292658900,2115,292658960,2115,165,-9,3,52,2575,1,-23,2574
6832028,4380,507940967,55297204,4598,-4405,28,5808,292658950,2115,292658970,2115,163,-9,20,81,2581,17,7,2580
6842317,4379,507940988,55297173,4598,-4405,28,5808,292658950,2115,292658980,2115,161,-10,-10,98,2581,-13,25,2581
6851876,4379,507941009,55297142,4598,-4405,27,5808,292658950,2115,292658990,2115,159,-10,-17,121,2665,-20,46,2665
6861905,4379,507941029,55297111,4598,-4405,25,5808,292658950,2115,292659000,2115,158,-10,-19,74,2658,-22,0,2657
6872686,4378,507941050,55297080,4598,-4405,24,5808,292658950,2115,292659010,2115,157,-10,6,90,2658,3,17,2657
6882014,4378,507941071,55297049,4597,-4405,24,5808,292659000,2115,292659020,2115,155,-9,-11,76,2571,-13,5,2570
6892946,4377,507941091,55297018,4598,-4404,23,5808,292659000,2115,292659030,2115,154,-9,3,40,2600,1,-31,2598
6901901,4377,507941112,55296987,4598,-4404,23,5808,292659000,2115,292659040,2115,153,-8,-9,78,2528,-11,10,2527
6911862,4377,507941133,55296956,4598,-4404,23,5808,292659000,2115,292659050,2115,153,-7,-4,34,2525,-6,-34,2523
6922133,4376,507941153,55296925,4598,-4404,23,5808,292659000,2115,292659060,2115,152,-6,-1,37,2502,-1,-30,2501
6932412,4376,507941174,55296893,4597,-4404,23,5808,292659050,2115,292659070,2115,152,-5,0,68,2533,0,1,2532
6941935,4375,507941195,55296863,4597,-4404,23,5809,292659050,2115,292659080,2115,152,-4,11,63,2497,11,-4,2495
6951859,4375,507941216,55296832,4598,-4403,22,5809,292659050,2115,292659090,2115,151,-3,14,-38,2558,15,-106,2555
6962431,4374,507941236,55296801,4599,-4403,22,5809,292659050,2115,292659100,2115,151,-2,17,-41,2553,18,-109,2549
6973276,4374,507941257,55296770,4599,-4403,22,5809,292659050,2115,292659110,2115,151,0,-13,60,2501,-12,-7,2500
6982003,4374,507941278,55296738,4598,-4403,21,5809,292659100,2115,292659120,2115,151,1,-13,20,2453,-10,-45,2451
6992501,4374,507941298,55296707,4598,-4403,22,5809,292659100,2115,292659130,2115,152,2,-7,-24,2416,-4,-89,2412
7001871,4373,507941319,55296676,4598,-4402,23,5809,292659100,2115,292659140,2115,152,3,-8,-7,2422,-5,-72,2419
7011876,4373,507941340,55296645,4599,-4402,24,5809,292659100,2115,292659150,2115,152,4,15,38,2385,18,-26,2383
7022671,4373,507941360,55296615,4599,-4402,24,5809,292659100,2115,292659160,2115,152,5,3,10,2520,7,-57,2518
7032066,4372,507941381,55296583,4600,-4402,24,5809,292659150,2115,292659170,2115,152,5,46,-64,2504,50,-131,2500
7041946,4372,507941402,55296552,4600,-4402,24,5809,292659150,2115,292659180,2115,153,6,19,33,2474,23,-34,2473
7052214,4372,507941422,55296521,4600,-4402,25,5809,292659150,2115,292659190,2115,153,6,-7,19,2420,-3,-47,2418
7061867,4372,507941443,55296490,4601,-4402,25,5809,292659150,2115,292659200,2115,154,7,-12,16,2480,-8,-51,2478
7072146,4371,507941464,55296459,4600,-4401,26,5809,292659150,2115,292659210,2115,154,7,-47,35,2377,-42,-30,2376
7082144,4371,507941485,55296427,4601,-4401,26,5809,292659200,2115,292659220,2115,154,7,18,-22,2457,23,-89,2454
7092136,4371,507941505,55296397,4602,-4401,26,5809,292659200,2115,292659230,2115,154,7,14,-26,2453,19,-92,2450
7101857,4371,507941526,55296366,4602,-4401,27,5809,292659200,2115,292659240,2115,154,7,20,62,2463,25,-5,2462
7112383,4371,507941547,55296335,4602,-4401,27,5809,292659200,2115,292659250,2115,154,6,17,49,2450,21,-17,2449
7123283,4370,507941567,55296304,4603,-4401,27,5809,292659200,2115,292659260,2115,154,6,4,-11,2552,8,-80,2549
7132022,4370,507941588,55296272,4603,-4400,27,5809,292659250,2115,292659270,2115,155,5,-13,-9,2509,-9,-77,2506
7142818,4370,507941609,55296241,4603,-4400,27,5809,292659250,2115,292659280,2115,155,4,-10,83,2459,-6,16,2458
7151847,4369,507941629,55296210,4603,-4400,28,5809,292659250,2115,292659290,2115,155,4,-21,67,2479,-18,-1,2478
7161886,4369,507941650,55296179,4604,-4399,27,5809,292659250,2115,292659300,2115,154,3,13,-52,2564,17,-122,2560
7172528,4369,507941671,55296149,4604,-4399,27,5809,292659250,2115,292659310,2115,154,2,16,45,2561,19,-24,2559
7182019,4369,507941692,55296117,4604,-4400,26,5809,292659300,2115,292659320,2115,154,1,10,87,2551,12,19,2551
7191937,4368,507941712,55296086,4604,-4399,26,5809,292659300,2115,292659330,2115,154,0,-14,-1,2541,-13,-69,2538
7202524,4368,507941733,55296055,4604,-4399,26,5809,292659300,2115,292659340,2115,154,-1,-26,31,2517,-25,-37,2515
7211878,4368,507941754,55296024,4604,-4399,25,5809,292659300,2115,292659350,2115,154,-2,-15,62,2593,-14,-8,2592
7222112,4367,507941774,55295993,4605,-4398,24,5809,292659300,2115,292659360,2115,153,-3,18,-33,2596,19,-103,2592
7232520,4367,507941795,55295961,4605,-4398,24,5809,292659350,2115,292659370,2115,153,-4,15,69,2573,15,0,2572
7241958,4367,507941816,55295930,4605,-4398,24,5809,292659350,2115,292659380,2115,153,-5,13,10,2548,12,-59,2545
7251884,4367,507941837,55295899,4605,-4397,23,5809,292659350,2115,292659390,2115,152,-6,-14,27,2570,-15,-42,2568
7261867,4366,507941857,55295869,4605,-4397,23,5809,292659350,2115,292659400,2115,152,-7,-42,51,2557,-44,-18,2555
7272131,4366,507941878,55295838,4605,-4397,22,5809,292659350,2115,292659410,2115,153,-8,4,35,2614,2,-35,2613
7282023,4365,507941899,55295806,4606,-4396,21,5809,292659400,2115,292659420,2115,152,-9,3,-4,2577,1,-73,2574
7292458,4365,507941920,55295775,4606,-4397,20,5809,292659400,2115,292659430,2115,152,-9,30,76,2616,27,7,2615
7301857,4365,507941940,55295744,4606,-4396,20,5809,292659400,2115,292659440,2115,152,-10,-2,-15,2576,-5,-84,2573
7311860,4365,507941961,55295713,4606,-4396,19,5809,292659400,2115,292659450,2115,151,-11,3,35,2633,0,-35,2631
7323022,4364,507941982,55295682,4606,-4396,18,5809,292659400,2115,292659460,2115,152,-11,-39,50,2579,-43,-19,2577
7332009,4364,507942003,55295651,4605,-4394,16,5809,292659450,2115,292659470,2115,152,-12,-17,17,2595,-20,-53,2592
7341932,4364,507942023,55295620,4606,-4394,16,5809,292659450,2115,292659480,2115,152,-12,-8,21,2550,-11,-47,2548
7351871,4363,507942044,55295589,4606,-4394,15,5809,292659450,2115,292659490,2115,152,-12,22,16,2607,19,-54,2605
7361880,4363,507942065,55295558,4606,-4394,15,5809,292659450,2115,292659500,2115,152,-12,19,20,2578,16,-49,2576
7372188,4363,507942086,55295527,4607,-4394,14,5809,292659450,2115,292659510,2115,152,-12,22,20,2527,19,-48,2525
7382041,4363,507942106,55295495,4607,-4393,14,5809,292659500,2115,292659520,2115,152,-12,-24,44,2503,-27,-23,2501
7392509,4362,507942127,55295464,4607,-4392,14,5809,292659500,2115,292659530,2115,152,-12,-28,-15,2516,-31,-83,2513
7401872,4362,507942148,55295434,4607,-4392,14,5809,292659500,2115,292659540,2115,153,-12,-15,74,2510,-19,7,2510
7411872,4362,507942169,55295403,4607,-4392,14,5809,292659500,2115,292659550,2115,154,-12,1,24,2503,-2,-43,2500
7422149,4361,507942189,55295372,4607,-4392,14,5809,292659500,2115,292659560,2115,155,-11,22,-23,2576,19,-93,2573
7432010,4361,507942210,55295340,4608,-4392,14,5809,292659550,2115,292659570,2115,155,-11,24,14,2576,21,-56,2574
7441942,4361,507942231,55295309,4608,-4392,13,5809,292659550,2115,292659580,2115,156,-10,12,51,2588,9,-20,2586
7452156,4361,507942251,55295278,4608,-4391,13,5809,292659550,2115,292659590,2115,157,-10,-14,-30,2442,-16,-98,2439
7461886,4361,507942272,55295248,4608,-4391,14,5809,292659550,2115,292659600,2115,157,-9,-47,42,2403,-49,-25,2401
7473109,4361,507942293,55295217,4608,-4390,15,5809,292659550,2115,292659610,2115,158,-8,-47,-23,2354,-48,-89,2350
7482034,4361,507942314,55295185,4609,-4391,16,5809,292659600,2115,292659620,2115,158,-7,20,41,2493,18,-28,2491
7491929,4360,507942334,55295154,4609,-4391,17,5809,292659600,2115,292659630,2115,158,-6,49,79,2429,48,12,2429
7502819,4360,507942355,55295123,4610,-4391,17,5809,292659600,2115,292659640,2115,158,-6,58,9,2430,57,-58,2428
7511895,4360,507942376,55295092,4610,-4391,18,5809,292659600,2115,292659650,2115,158,-5,1,-3,2370,1,-68,2368
7522168,4360,507942397,55295062,4610,-4390,19,5809,292659600,2115,292659660,2115,157,-4,-22,63,2404,-22,-4,2403
7532879,4360,507942417,55295029,4609,-4390,19,5809,292659650,2115,292659670,2115,157,-3,-51,94,2366,-51,28,2366
7541968,4360,507942438,55294999,4610,-4390,21,5809,292659650,2115,292659680,2115,156,-2,9,-10,2373,10,-76,2370
7551855,4360,507942459,55294968,4610,-4390,21,5809,292659650,2115,292659690,2115,155,0,7,58,2377,9,-7,2376
7562214,4360,507942480,55294937,4610,-4390,22,5809,292659650,2115,292659700,2115,154,1,15,71,2399,17,6,2398
7572105,4360,507942500,55294906,4610,-4390,23,5809,292659650,2115,292659710,2115,153,2,35,73,2421,37,8,2420
7582014,4360,507942521,55294874,4611,-4389,23,5809,292659700,2115,292659720,2115,152,3,13,14,2388,16,-50,2385
7592036,4360,507942542,55294843,4610,-4389,24,5809,292659700,2115,292659730,2115,151,5,-33,145,2325,-30,83,2326
7601868,4360,507942563,55294813,4610,-4389,26,5809,292659700,2115,292659740,2115,150,6,-33,8,2265,-28,-52,2262
7612817,4360,507942583,55294782,4610,-4389,28,5809,292659700,2115,292659750,2115,149,7,4,87,2319,9,26,2319
7623256,4359,507942604,55294751,4610,-4389,29,5809,292659700,2115,292659760,2115,148,8,25,86,2371,30,24,2370
7632005,4359,507942625,55294719,4610,-4391,30,5809,292659750,2115,292659770,2115,147,8,32,56,2363,37,-5,2362
7641960,4359,507942645,55294688,4610,-4391,31,5809,292659750,2115,292659780,2115,146,8,37,84,2337,42,24,2337
7651890,4359,507942666,55294657,4610,-4391,32,5809,292659750,2115,292659790,2115,145,8,24,19,2354,29,-41,2352
7661847,4359,507942687,55294626,4610,-4391,34,5809,292659750,2115,292659800,2115,144,8,-3,69,2331,2,10,2330
7672347,4359,507942708,55294596,4610,-4391,35,5809,292659750,2115,292659810,2115,143,8,-19,49,2305,-14,-9,2303
7682930,4358,507942728,55294563,4610,-4392,36,5809,292659800,2115,292659820,2115,142,8,-13,84,2359,-8,24,2358
7691953,4358,507942749,55294533,4610,-4392,37,5809,292659800,2115,292659830,2115,142,7,21,-4,2412,26,-64,2409
7701861,4358,507942770,55294502,4610,-4392,37,5809,292659800,2115,292659840,2115,142,7,25,103,2470,29,41,2470
7711849,4358,507942790,55294471,4611,-4392,37,5809,292659800,2115,292659850,2115,141,6,24,36,2487,28,-26,2486
7722111,4358,507942811,55294440,4611,-4392,37,5809,292659800,2115,292659860,2115,141,5,-10,83,2510,-6,21,2509
7732038,4358,507942832,55294408,4611,-4392,37,5809,292659850,2115,292659870,2115,141,4,-17,-2,2511,-13,-64,2508
7741939,4358,507942853,55294377,4611,-4392,37,5809,292659850,2115,292659880,2115,140,3,-46,75,2449,-44,14,2448
7751859,4358,507942873,55294346,4610,-4392,37,5809,292659850,2115,292659890,2115,139,2,-7,70,2465,-5,10,2464
7761912,4358,507942894,55294315,4610,-4393,38,5809,292659850,2115,292659900,2115,137,0,15,73,2478,17,13,2477
7772108,4358,507942915,55294285,4610,-4392,37,5809,292659850,2115,292659910,2115,136,-1,-5,48,2516,-3,-12,2515
7782018,4358,507942936,55294252,4610,-4392,37,5809,292659900,2115,292659920,2115,135,-2,12,43,2562,13,-18,2561
7791965,4358,507942956,55294222,4611,-4392,36,5809,292659900,2115,292659930,2115,133,-3,1,28,2557,2,-32,2555
7801874,4358,507942977,55294191,4610,-4392,35,5809,292659900,2115,292659940,2115,132,-4,-5,101,2615,-5,40,2615
7811871,4358,507942998,55294160,4610,-4392,35,5809,292659900,2115,292659950,2115,131,-5,-19,81,2611,-20,21,2610
7822136,4358,507943018,55294129,4610,-4392,33,5809,292659900,2115,292659960,2115,129,-6,-20,83,2636,-21,23,2635
7832013,4358,507943039,55294097,4609,-4391,33,5809,292659950,2115,292659970,2115,128,-7,-19,93,2656,-21,33,2655
7841939,4358,507943060,55294066,4609,-4391,32,5809,292659950,2115,292659980,2115,127,-7,-21,64,2614,-23,5,2613
7851875,4358,507943081,55294035,4609,-4392,31,5809,292659950,2115,292659990,2115,126,-8,-2,127,2609,-4,69,2609
7861859,4358,507943101,55294004,4609,-4391,30,5809,292659950,2115,292660000,2115,125,-8,-11,-3,2624,-13,-60,2622
7872216,4357,507943122,55293974,4609,-4391,29,5809,292659950,2115,292660010,2115,124,-8,3,88,2656,0,30,2655
7882023,4357,507943143,55293941,4609,-4391,27,5809,292660000,2115,292660020,2115,124,-8,9,28,2636,7,-29,2634
7891949,4357,507943164,55293911,4609,-4391,26,5809,292660000,2115,292660030,2115,123,-9,15,68,2687,12,9,2686
7901880,4358,507943184,55293880,4608,-4391,25,5809,292660000,2115,292660040,2115,123,-9,-23,61,2645,-25,4,2644
7911869,4358,507943205,55293849,4608,-4391,24,5809,292660000,2115,292660050,2115,123,-8,-9,63,2634,-11,6,2633
7922145,4358,507943226,55293818,4608,-4391,24,5809,292660000,2115,292660060,2115,123,-8,-23,-7,2526,-25,-62,2523
7932012,4358,507943246,55293768,4608,-4390,23,5809,292660050,2115,292660070,2115,123,-8,-15,36,2616,-16,-20,2614
7941930,4358,507943266,55293737,4609,-4390,22,5809,292660050,2115,292660080,2115,124,-7,-8,16,2557,-9,-39,2555
7952276,4358,507943287,55293707,4609,-4390,21,5809,292660050,2115,292660090,2115,124,-6,20,32,2645,19,-26,2643
7961859,4358,507943308,55293676,4609,-4390,20,5810,292660050,2115,292660100,2115,125,-5,28,79,2598,27,22,2597
7972108,4358,507943329,55293645,4609,-4390,20,5810,292660050,2115,292660110,2115,126,-4,-3,68,2568,-3,11,2567
7982618,4359,507943345,55293525,4609,-4390,20,5810,292660100,2115,292660120,2115,127,-3,-33,-22,2516,-32,-79,2513
7991932,4359,507943366,55293495,4609,-4389,20,5810,292660100,2115,292660130,2115,128,-1,-23,-31,2509,-22,-88,2506
8001895,4359,507943387,55293464,4609,-4389,20,5810,292660100,2115,292660140,2115,128,0,-35,76,2481,-34,20,2480
8011880,4359,507943407,55293433,4609,-4389,20,5810,292660100,2115,292660150,2115,129,2,21,57,2465,24,1,2464
8022126,4360,507943428,55293402,4609,-4389,21,5810,292660100,2115,292660160,2115,130,4,-7,75,2460,-4,19,2460
8031996,4360,507943446,55293317,4609,-4390,21,5810,292660150,2115,292660170,2115,130,5,27,91,2469,31,34,2468
8041978,4360,507943467,55293286,4609,-4389,21,5810,292660150,2115,292660180,2115,131,7,7,41,2463,12,-16,2461
8051874,4360,507943488,55293256,4609,-4389,22,5810,292660150,2115,292660190,2115,131,8,-14,27,2393,-9,-28,2391
8061854,4361,507943508,55293225,4609,-4389,23,5810,292660150,2115,292660200,2115,132,10,-16,69,2391,-10,13,2390
8073248,4361,507943529,55293194,4609,-4389,24,5810,292660150,2115,292660210,2115,132,11,8,57,2348,14,2,2347
8081997,4361,507943549,55293156,4609,-4390,25,5810,292660200,2115,292660220,2115,132,13,18,62,2340,25,8,2339
8091959,4361,507943570,55293126,4609,-4390,26,5810,292660200,2115,292660230,2115,132,14,24,68,2354,31,13,2353
8101869,4361,507943591,55293095,4609,-4391,28,5810,292660200,2115,292660240,2115,132,15,27,138,2358,34,83,2359
8111857,4362,507943611,55293064,4609,-4391,29,5810,292660200,2115,292660250,2115,132,16,-23,81,2312,-15,27,2311
8122219,4362,507943632,55293033,4609,-4390,30,5810,292660200,2115,292660260,2115,132,17,8,-11,2351,18,-66,2348
8132025,4362,507943653,55292999,4609,-4391,31,5810,292660250,2115,292660270,2115,131,18,6,70,2349,15,15,2348
8141940,4362,507943673,55292968,4609,-4391,33,5810,292660250,2115,292660280,2115,131,19,20,117,2362,29,63,2362
8151891,4362,507943694,55292937,4609,-4391,33,5810,292660250,2115,292660290,2115,130,20,-13,88,2385,-4,33,2385
8161900,4362,507943715,55292907,4609,-4392,34,5810,292660250,2115,292660300,2115,130,20,4,93,2382,14,38,2381
8172126,4362,507943736,55292876,4609,-4392,35,5810,292660250,2115,292660310,2115,129,20,7,65,2381,17,11,2380
8182001,4362,507943756,55292843,4609,-4392,36,5810,292660300,2115,292660320,2115,128,21,7,57,2368,17,3,2367
8191922,4362,507943777,55292812,4609,-4392,38,5810,292660300,2115,292660330,2115,127,20,-10,91,2353,-1,38,2353
8201877,4362,507943798,55292781,4609,-4392,39,5810,292660300,2115,292660340,2115,126,20,3,38,2359,13,-15,2357
8211873,4362,507943818,55292750,4609,-4393,39,5810,292660300,2115,292660350,2115,125,20,30,109,2417,40,55,2417
8222158,4362,507943839,55292720,4609,-4393,40,5810,292660300,2115,292660360,2115,124,19,36,79,2366,46,27,2365
8232009,4362,507943860,55292687,4609,-4393,41,5810,292660350,2115,292660370,2115,123,19,13,59,2388,22,7,2387
8241966,4362,507943880,55292656,4608,-4394,42,5810,292660350,2115,292660380,2115,122,18,-33,157,2383,-24,105,2385
8251877,4361,507943901,55292625,4609,-4393,43,5810,292660350,2115,292660390,2115,122,17,-15,9,2448,-6,-44,2445
8261854,4361,507943922,55292594,4609,-4393,43,5810,292660350,2115,292660400,2115,121,16,-5,33,2404,4,-18,2402
8272106,4361,507943943,55292564,4609,-4394,43,5810,292660350,2115,292660410,2115,120,16,24,85,2494,33,33,2493
8282038,4361,507943963,55292531,4609,-4394,44,5810,292660400,2115,292660420,2115,119,15,14,97,2431,22,46,2431
8291938,4361,507943984,55292500,4608,-4394,44,5810,292660400,2115,292660430,2115,118,15,-18,114,2468,-10,62,2468
8301862,4361,507944005,55292470,4608,-4394,44,5810,292660400,2115,292660440,2115,117,14,-11,13,2487,-3,-38,2485
8311894,4361,507944026,55292439,4608,-4394,45,5810,292660400,2115,292660450,2115,116,14,-6,41,2485,2,-9,2484
8322501,4361,507944046,55292408,4608,-4394,45,5810,292660400,2115,292660460,2115,115,13,-34,48,2444,-27,-2,2443
8332014,4360,507944067,55292376,4609,-4394,45,5810,292660450,2115,292660470,2115,115,13,21,26,2512,28,-25,2510
8341937,4360,507944088,55292345,4608,-4395,45,5810,292660450,2115,292660480,2115,115,12,-5,128,2468,2,78,2469
8351857,4360,507944108,55292314,4609,-4395,45,5810,292660450,2115,292660490,2115,115,12,39,18,2509,46,-32,2507
8361875,4360,507944129,55292283,4609,-4395,45,5810,292660450,2115,292660500,2115,114,11,-13,49,2484,-6,-1,2483
8373342,4360,507944150,55292252,4608,-4395,46,5810,292660450,2115,292660510,2115,114,10,-14,80,2447,-8,31,2446
8382225,4360,507944170,55292220,4609,-4394,46,5810,292660500,2115,292660520,2115,115,9,-4,4,2500,2,-47,2498
8391927,4359,507944191,55292189,4609,-4394,46,5810,292660500,2115,292660530,2115,115,8,4,-33,2513,10,-84,2510
8401885,4359,507944212,55292159,4609,-4394,45,5810,292660500,2115,292660540,2115,115,7,11,66,2560,16,15,2559
8411853,4359,507944233,55292128,4609,-4394,45,5810,292660500,2115,292660550,2115,115,6,6,63,2548,11,11,2546
8422106,4359,507944253,55292097,4609,-4395,44,5810,292660500,2115,292660560,2115,116,5,2,111,2612,6,58,2612
8432012,4359,507944274,55292065,4610,-4394,43,5810,292660550,2115,292660570,2115,116,3,-2,-87,2601,2,-140,2597
8441932,4359,507944295,55292034,4610,-4394,42,5810,292660550,2115,292660580,2115,117,2,-15,44,2644,-12,-10,2642
8451867,4359,507944316,55292003,4609,-4394,41,5810,292660550,2115,292660590,2115,117,1,-28,99,2602,-26,45,2602
8461875,4359,507944336,55291972,4610,-4394,40,5810,292660550,2115,292660600,2115,118,0,16,-12,2690,18,-68,2687
8472176,4359,507944357,55291941,4610,-4393,39,5810,292660550,2115,292660610,2115,119,-1,0,32,2635,1,-23,2633
8482026,4359,507944378,55291909,4610,-4394,37,5810,292660600,2115,292660620,2115,119,-3,2,83,2730,2,25,2729
8491938,4359,507944398,55291879,4609,-4394,35,5810,292660600,2115,292660630,2115,120,-4,-17,63,2691,-17,6,2690
8501905,4359,507944419,55291848,4610,-4393,34,5810,292660600,2115,292660640,2115,121,-5,-1,50,2712,-2,-8,2710
8511862,4360,507944440,55291817,4610,-4393,32,5810,292660600,2115,292660650,2115,123,-6,-1,4,2695,-2,-54,2693
8522112,4360,507944461,55291786,4610,-4393,31,5810,292660600,2115,292660660,2115,124,-7,-5,45,2663,-7,-13,2661
8532141,4360,507944481,55291754,4610,-4393,30,5810,292660650,2115,292660670,2115,125,-8,-24,29,2648,-25,-30,2646
8541948,4360,507944502,55291723,4610,-4393,28,5810,292660650,2115,292660680,2115,126,-8,9,43,2716,6,-17,2715
8551895,4360,507944523,55291692,4610,-4393,27,5810,292660650,2115,292660690,2115,127,-9,6,117,2718,3,57,2718
8562090,4360,507944543,55291662,4610,-4393,25,5810,292660650,2115,292660700,2115,128,-9,22,24,2728,19,-38,2726
8572103,4360,507944564,55291631,4610,-4393,23,5810,292660650,2115,292660710,2115,130,-9,-1,18,2718,-3,-44,2716
8582015,4361,507944585,55291599,4610,-4392,22,5810,292660700,2115,292660720,2115,131,-9,-16,-14,2645,-18,-75,2643
8592179,4361,507944606,55291568,4610,-4392,20,5810,292660700,2115,292660730,2115,132,-9,-8,67,2745,-11,4,2744
8601852,4361,507944626,55291537,4610,-4392,19,5810,292660700,2115,292660740,2115,132,-9,-15,71,2622,-17,10,2621
8611872,4362,507944647,55291506,4610,-4392,18,5810,292660700,2115,292660750,2115,133,-9,19,104,2643,16,42,2642
8622609,4362,507944668,55291475,4610,-4392,18,5810,292660700,2115,292660760,2115,133,-8,-7,57,2511,-9,-2,2509
8632012,4362,507944688,55291443,4610,-4392,17,5810,292660750,2115,292660770,2115,134,-8,3,70,2572,1,9,2571
8641932,4362,507944709,55291413,4610,-4392,17,5810,292660750,2115,292660780,2115,135,-7,-3,21,2561,-4,-40,2559
8652214,4363,507944730,55291382,4610,-4392,16,5810,292660750,2115,292660790,2115,136,-6,9,105,2634,7,42,2633
8661864,4363,507944751,55291351,4610,-4393,15,5810,292660750,2115,292660800,2115,137,-5,18,74,2586,17,12,2585
8672150,4363,507944771,55291320,4610,-4393,15,5810,292660750,2115,292660810,2115,137,-5,6,41,2588,5,-22,2586
8682573,4364,507944792,55291288,4610,-4393,14,5810,292660800,2115,292660820,2115,137,-4,5,117,2554,4,56,2554
8691940,4364,507944813,55291257,4610,-4393,14,5810,292660800,2115,292660830,2115,138,-3,-13,89,2547,-13,27,2547
8701854,4364,507944834,55291226,4610,-4393,14,5810,292660800,2115,292660840,2115,138,-2,4,67,2488,5,7,2487
8711903,4364,507944854,55291196,4610,-4393,14,5810,292660800,2115,292660850,2115,138,-1,14,36,2456,16,-24,2454
8722773,4365,507944875,55291165,4610,-4393,14,5810,292660800,2115,292660860,2115,138,-1,17,99,2482,18,39,2481
8731997,4365,507944896,55291133,4609,-4394,15,5810,292660850,2115,292660870,2115,137,0,6,168,2443,8,109,2445
8742727,4365,507944916,55291102,4609,-4394,15,5810,292660850,2115,292660880,2115,137,0,35,102,2524,37,41,2524
8751873,4366,507944937,55291071,4609,-4395,15,5810,292660850,2115,292660890,2115,137,1,34,67,2461,36,8,2460
8761869,4366,507944958,55291040,4609,-4395,15,5810,292660850,2115,292660900,2115,137,1,11,97,2467,13,37,2467
8772335,4366,507944979,55291009,4609,-4395,16,5810,292660850,2115,292660910,2115,138,2,7,62,2409,9,3,2408
8782013,4366,507944999,55290977,4609,-4395,17,5810,292660900,2115,292660920,2115,138,2,-25,136,2407,-23,77,2408
8791928,4367,507945020,55290947,4608,-4396,17,5810,292660900,2115,292660930,2115,139,3,-9,104,2404,-6,45,2404
8802269,4367,507945041,55290916,4608,-4396,18,5810,292660900,2115,292660940,2115,139,4,20,76,2470,23,15,2470
8811867,4367,507945061,55290885,4608,-4396,18,5810,292660900,2115,292660950,2115,140,4,34,100,2417,37,40,2417
8822334,4367,507945082,55290854,4608,-4397,19,5810,292660900,2115,292660960,2115,141,5,15,123,2465,18,62,2465
8832294,4367,507945103,55290822,4608,-4397,20,5810,292660950,2115,292660970,2115,142,6,-29,85,2378,-25,25,2378
8841933,4367,507945124,55290791,4608,-4397,20,5810,292660950,2115,292660980,2115,143,6,-6,84,2464,-2,22,2464
8851902,4367,507945144,55290760,4608,-4397,21,5810,292660950,2115,292660990,2115,145,7,-18,65,2347,-13,5,2346
8862560,4367,507945165,55290729,4608,-4397,22,5810,292660950,2115,292661000,2115,146,8,7,62,2386,12,0,2385
8872136,4367,507945186,55290699,4608,-4397,23,5810,292660950,2115,292661010,2115,148,8,22,46,2395,27,-16,2394
8882030,4367,507945206,55290667,4608,-4397,24,5810,292661000,2115,292661020,2115,150,8,31,76,2369,36,13,2369
8891924,4368,507945227,55290636,4608,-4397,25,5810,292661000,2115,292661030,2115,151,8,24,77,2309,28,15,2309
8901850,4368,507945248,55290605,4608,-4397,27,5810,292661000,2115,292661040,2115,152,7,12,12,2323,17,-50,2321
8911851,4368,507945268,55290574,4609,-4397,28,5810,292661000,2115,292661050,2115,153,7,13,59,2311,18,-3,2310
8923661,4368,507945289,55290543,4609,-4397,30,5810,292661000,2115,292661060,2115,154,7,-9,32,2280,-4,-29,2278
8931995,4368,507945310,55290511,4608,-4397,31,5810,292661050,2115,292661070,2115,155,7,-9,107,2397,-4,42,2397
8941934,4368,507945331,55290480,4608,-4398,31,5810,292661050,2115,292661080,2115,156,7,16,88,2419,20,22,2418
8952453,4368,507945351,55290449,4609,-4397,31,5810,292661050,2115,292661090,2115,157,6,18,27,2522,23,-42,2520
8961852,4368,507945372,55290418,4609,-4398,32,5810,292661050,2115,292661100,2115,158,6,6,113,2431,10,46,2431
8972111,4368,507945393,55290388,4608,-4398,32,5810,292661050,2115,292661110,2115,159,6,-6,114,2490,-2,44,2491
8982610,4368,507945414,55290356,4608,-4398,32,5811,292661100,2115,292661120,2115,160,5,-23,35,2464,-19,-35,2462
8991942,4368,507945434,55290325,4608,-4397,33,5811,292661100,2115,292661130,2115,160,5,-54,25,2376,-50,-43,2374
9001854,4368,507945455,55290294,4608,-4398,35,5811,292661100,2115,292661140,2115,161,5,-8,144,2329,-5,78,2331
9012500,4368,507945476,55290263,4608,-4398,35,5811,292661100,2115,292661150,2115,161,4,16,142,2400,19,74,2401
9023255,4368,507945496,55290232,4608,-4398,36,5811,292661100,2115,292661160,2115,161,4,17,35,2410,21,-33,2409
9032006,4368,507945517,55290200,4608,-4398,36,5811,292661150,2115,292661170,2115,161,3,37,65,2491,40,-5,2490
9042571,4368,507945538,55290169,4608,-4398,36,5811,292661150,2115,292661180,2115,161,3,1,76,2465,4,6,2464
9052282,4368,507945559,55290138,4608,-4398,36,5811,292661150,2115,292661190,2115,160,2,16,67,2498,18,-4,2497
9061870,4368,507945579,55290107,4608,-4398,37,5811,292661150,2115,292661200,2115,159,2,-37,107,2462,-35,38,2462
9072776,4368,507945600,55290077,4608,-4399,37,5811,292661150,2115,292661210,2115,159,1,-19,122,2476,-17,53,2476
9082003,4368,507945621,55290044,4608,-4399,37,5811,292661200,2115,292661220,2115,158,0,3,69,2478,5,0,2477
9091921,4367,507945641,55290014,4607,-4399,38,5811,292661200,2115,292661230,2115,156,0,-1,79,2408,1,13,2408
9102064,4367,507945662,55289983,4607,-4399,37,5811,292661200,2115,292661240,2115,155,-1,12,123,2561,13,53,2562
9111857,4367,507945683,55289952,4608,-4399,37,5811,292661200,2115,292661250,2115,154,-1,11,27,2557,12,-42,2555
9123251,4367,507945703,55289921,4608,-4399,36,5811,292661200,2115,292661260,2115,153,-2,16,92,2590,16,22,2590
9132578,4367,507945724,55289889,4607,-4399,36,5811,292661250,2115,292661270,2115,151,-3,-2,107,2547,-2,40,2547
9141936,4367,507945745,55289858,4607,-4400,35,5811,292661250,2115,292661280,2115,149,-4,-18,144,2570,-18,76,2571
9151876,4367,507945766,55289827,4607,-4400,35,5811,292661250,2115,292661290,2115,147,-5,-27,80,2516,-27,15,2515
9162279,4366,507945786,55289796,4607,-4400,35,5811,292661250,2115,292661300,2115,145,-5,-11,38,2557,-11,-27,2555
9172141,4366,507945807,55289765,4606,-4400,34,5811,292661250,2115,292661310,2115,144,-6,-11,92,2577,-12,27,2576
9182010,4366,507945828,55289733,4607,-4400,33,5811,292661300,2115,292661320,2115,142,-6,28,63,2609,26,-2,2608
9192390,4366,507945848,55289702,4606,-4400,32,5811,292661300,2115,292661330,2115,140,-7,-1,77,2666,-2,11,2665
9201895,4366,507945869,55289672,4606,-4400,31,5811,292661300,2115,292661340,2115,138,-8,-8,61,2633,-10,-3,2632
9212572,4366,507945890,55289641,4606,-4400,30,5811,292661300,2115,292661350,2115,136,-8,-5,119,2672,-8,55,2672
9222139,4365,507945911,55289610,4606,-4400,29,5811,292661300,2115,292661360,2115,135,-8,-2,128,2587,-4,66,2588
9232027,4365,507945931,55289578,4606,-4400,29,5811,292661350,2115,292661370,2115,133,-9,-17,-13,2535,-19,-73,2533
9241918,4365,507945952,55289547,4606,-4399,29,5811,292661350,2115,292661380,2115,132,-9,-35,30,2518,-36,-29,2516
9252329,4365,507945973,55289516,4605,-4399,28,5811,292661350,2115,292661390,2115,131,-8,-37,102,2573,-40,43,2573
9261853,4365,507945993,55289485,4606,-4400,27,5811,292661350,2115,292661400,2115,131,-8,36,57,2661,34,-4,2660
9272436,4365,507946014,55289454,4606,-4400,25,5811,292661350,2115,292661410,2115,130,-8,37,45,2699,35,-17,2697
9282676,4365,507946035,55289422,4606,-4400,24,5811,292661400,2115,292661420,2115,130,-8,34,69,2704,33,7,2703
9291925,4364,507946055,55289391,4606,-4400,23,5811,292661400,2115,292661430,2115,130,-7,-13,43,2611,-14,-17,2609
9301851,4364,507946076,55289360,4606,-4399,23,5811,292661400,2115,292661440,2115,131,-6,-69,19,2508,-70,-39,2505
9312053,4364,507946097,55289329,4606,-4398,23,5811,292661400,2115,292661450,2115,131,-5,-90,-19,2507,-90,-77,2504
9322159,4364,507946118,55289299,4606,-4398,22,5811,292661400,2115,292661460,2115,132,-3,-35,12,2576,-34,-48,2573
9332042,4364,507946138,55289266,4606,-4398,22,5811,292661450,2115,292661470,2115,132,-2,21,68,2551,22,9,2550
9342033,4364,507946159,55289235,4606,-4398,22,5811,292661450,2115,292661480,2115,133,-1,75,55,2487,77,-3,2486
9351895,4364,507946180,55289205,4607,-4398,21,5811,292661450,2115,292661490,2115,134,0,80,-6,2604,82,-66,2601
9361896,4364,507946200,55289174,4608,-4398,21,5811,292661450,2115,292661500,2115,135,1,-36,-58,2472,-33,-117,2468
9372838,4364,507946221,55289143,4608,-4397,22,5811,292661450,2115,292661510,2115,136,2,-62,18,2458,-59,-42,2456
9382027,4364,507946242,55289111,4607,-4397,23,5811,292661500,2115,292661520,2115,136,3,-53,38,2380,-50,-20,2378
9391970,4364,507946263,55289080,4608,-4397,23,5811,292661500,2115,292661530,2115,137,4,25,28,2396,29,-30,2394
9402204,4364,507946283,55289049,4608,-4397,24,5811,292661500,2115,292661540,2115,138,5,35,82,2404,39,24,2404
9411879,4364,507946304,55289018,4608,-4397,24,5811,292661500,2115,292661550,2115,139,6,42,4,2504,46,-58,2501
9422504,4364,507946325,55288987,4609,-4397,24,5811,292661500,2115,292661560,2115,141,7,37,-2,2541,42,-65,2538
9432962,4363,507946345,55288955,4609,-4396,24,5811,292661550,2115,292661570,2115,142,7,-30,-54,2476,-25,-116,2472
9441925,4363,507946366,55288924,4609,-4396,24,5811,292661550,2115,292661580,2115,143,8,-39,29,2469,-34,-33,2467
9452598,4363,507946387,55288893,4609,-4396,25,5811,292661550,2115,292661590,2115,144,8,-30,50,2439,-24,-12,2438
9461883,4363,507946408,55288862,4609,-4396,25,5811,292661550,2115,292661600,2115,145,8,17,48,2445,23,-15,2443
9472097,4363,507946428,55288832,4610,-4396,27,5811,292661550,2115,292661610,2115,145,8,46,11,2363,51,-49,2361
9481998,4363,507946449,55288799,4610,-4396,27,5811,292661600,2115,292661620,2115,146,9,8,52,2425,13,-11,2423
9491927,4362,507946470,55288768,4611,-4395,28,5811,292661600,2115,292661630,2115,148,9,-30,-55,2418,-24,-118,2414
9501891,4362,507946490,55288738,4611,-4394,28,5811,292661600,2115,292661640,2115,149,9,-30,25,2498,-24,-41,2496
9511850,4362,507946511,55288707,4611,-4394,28,5811,292661600,2115,292661650,2115,150,9,0,38,2484,6,-27,2483
9522661,4361,507946532,55288676,4612,-4394,28,5811,292661600,2115,292661660,2115,151,8,29,-5,2505,34,-71,2502
9532683,4361,507946553,55288644,4611,-4394,28,5811,292661650,2115,292661670,2115,151,8,-5,110,2492,0,44,2492
9541936,4361,507946573,55288613,4612,-4394,27,5811,292661650,2115,292661680,2115,151,8,-4,17,2584,1,-52,2581
9552416,4361,507946594,55288582,4612,-4393,28,5811,292661650,2115,292661690,2115,151,7,-20,-26,2474,-15,-92,2471
9561868,4360,507946615,55288551,4612,-4393,28,5811,292661650,2115,292661700,2115,152,7,-38,49,2421,-34,-16,2419
9572500,4360,507946636,55288520,4612,-4393,30,5811,292661650,2115,292661710,2115,152,7,-34,39,2323,-30,-23,2322
9582011,4359,507946656,55288488,4612,-4393,30,5811,292661700,2115,292661720,2115,152,6,14,41,2426,18,-24,2424
9591916,4359,507946677,55288457,4612,-4393,31,5811,292661700,2115,292661730,2115,151,6,38,42,2471,42,-24,2469
9602304,4359,507946698,55288426,4613,-4393,31,5811,292661700,2115,292661740,2115,151,5,54,12,2495,58,-54,2493
9611963,4358,507946719,55288396,4613,-4393,31,5811,292661700,2115,292661750,2115,151,5,-3,110,2491,0,44,2491
9622548,4358,507946739,55288365,4613,-4393,31,5811,292661700,2115,292661760,2115,151,4,-38,5,2479,-34,-61,2477
9631990,4357,507946760,55288333,4613,-4392,31,5811,292661750,2115,292661770,2115,150,4,-49,5,2494,-46,-61,2491
9641937,4356,507946781,55288302,4613,-4392,31,5811,292661750,2115,292661780,2115,150,4,-40,22,2515,-37,-44,2513
9651871,4356,507946802,55288271,4613,-4392,31,5811,292661750,2115,292661790,2115,150,4,9,92,2493,12,26,2492
9661856,4355,507946822,55288240,4613,-4392,31,5811,292661750,2115,292661800,2115,149,5,-2,53,2454,1,-12,2453
9672166,4354,507946843,55288209,4613,-4391,31,5811,292661750,2115,292661810,2115,149,5,-6,-19,2522,-2,-85,2519
9682028,4354,507946864,55288177,4614,-4391,32,5811,292661800,2115,292661820,2115,149,5,8,-8,2442,13,-72,2439
9691954,4353,507946885,55288146,4614,-4391,32,5811,292661800,2115,292661830,2115,148,6,-24,23,2441,-20,-41,2439
9702365,4352,507946905,55288115,4614,-4390,33,5811,292661800,2115,292661840,2115,148,6,-4,2,2366,1,-60,2364
9711869,4352,507946926,55288085,4615,-4390,34,5811,292661800,2115,292661850,2115,148,6,-14,-27,2386,-9,-89,2383
9722384,4351,507946947,55288054,4615,-4389,35,5811,292661800,2115,292661860,2115,148,7,4,17,2397,8,-45,2395
9732000,4351,507946968,55288021,4615,-4389,36,5811,292661850,2115,292661870,2115,148,8,-14,-23,2391,-8,-85,2387
9741944,4350,507946988,55287991,4616,-4389,36,5811,292661850,2115,292661880,2115,148,8,14,22,2440,19,-42,2438
9751856,4349,507947009,55287960,4617,-4388,37,5811,292661850,2115,292661890,2115,148,9,-6,-90,2397,1,-153,2392
9762530,4349,507947030,55287929,4617,-4387,38,5811,292661850,2115,292661900,2115,148,10,-12,-16,2419,-6,-79,2416
9772275,4348,507947051,55287898,4617,-4387,38,5811,292661850,2115,292661910,2115,148,11,-6,-1,2441,0,-64,2439
9782000,4348,507947071,55287866,4618,-4387,38,5811,292661900,2115,292661920,2115,148,11,-19,-11,2506,-12,-76,2503
9792504,4347,507947092,55287835,4618,-4386,39,5811,292661900,2115,292661930,2115,148,12,5,8,2384,12,-54,2382
9801876,4347,507947113,55287804,4618,-4386,40,5811,292661900,2115,292661940,2115,147,13,1,-10,2450,8,-73,2447
9811869,4346,507947134,55287774,4619,-4386,41,5811,292661900,2115,292661950,2115,147,13,7,2,2320,14,-58,2318
9822108,4345,507947154,55287743,4619,-4385,42,5811,292661900,2115,292661960,2115,147,14,-15,-56,2396,-7,-118,2392
9832012,4345,507947175,55287711,4620,-4384,43,5811,292661950,2115,292661970,2115,147,14,-5,-52,2338,3,-113,2334
9841959,4344,507947196,55287680,4620,-4384,44,5811,292661950,2115,292661980,2115,147,14,10,56,2416,18,-6,2415
9852163,4343,507947217,55287649,4621,-4384,44,5811,292661950,2115,292661990,2115,146,14,15,-4,2435,23,-67,2433
9861858,4343,507947237,55287618,4621,-4384,45,5811,292661950,2115,292662000,2115,145,14,49,-18,2431,57,-80,2428
9872107,4342,507947258,55287588,4622,-4384,46,5811,292661950,2115,292662010,2115,145,14,-33,11,2402,-26,-50,2399
9882074,4342,507947279,55287555,4622,-4383,46,5811,292662000,2115,292662020,2115,145,14,-14,-31,2468,-6,-94,2464
9891951,4341,507947300,55287524,4622,-4382,46,5811,292662000,2115,292662030,2115,145,14,-45,-31,2455,-37,-94,2452
9901879,4340,507947321,55287494,4623,-4382,46,5811,292662000,2115,292662040,2115,145,14,4,-21,2519,13,-85,2516
9911869,4340,507947341,55287463,4623,-4382,46,5811,292662000,2115,292662050,2115,144,14,0,10,2543,8,-54,2541
9922107,4339,507947362,55287432,4624,-4382,46,5811,292662000,2115,292662060,2115,144,14,13,21,2516,20,-43,2513
9932526,4338,507947383,55287400,4624,-4381,46,5811,292662050,2115,292662070,2115,143,14,13,-11,2533,21,-75,2530
9942771,4338,507947404,55287369,4625,-4381,46,5811,292662050,2115,292662080,2115,143,13,-1,-74,2493,7,-136,2489
9952147,4337,507947425,55287338,4625,-4380,46,5811,292662050,2115,292662090,2115,143,13,-33,16,2451,-26,-46,2449
9961883,4336,507947445,55287308,4625,-4379,47,5811,292662050,2115,292662100,2115,143,13,-30,-68,2467,-22,-130,2463
9972122,4336,507947466,55287277,4626,-4379,47,5811,292662050,2115,292662110,2115,143,12,-19,5,2487,-12,-58,2485
9982002,4335,507947487,55287245,4626,-4379,46,5811,292662100,2115,292662120,2115,142,12,33,-17,2572,41,-81,2568
9991931,4335,507947508,55287214,4627,-4378,46,5811,292662100,2115,292662130,2115,142,12,31,-29,2555,38,-92,2551
10001863,4334,507947529,55287183,4627,-4378,45,5811,292662100,2115,292662140,2115,142,11,18,37,2580,25,-27,2578
10012298,4333,507947549,55287153,4628,-4378,44,5812,292662100,2115,292662150,2115,142,11,-19,-53,2576,-12,-117,2572
10022140,4333,507947570,55287122,4628,-4377,44,5812,292662100,2115,292662160,2115,141,11,-60,-75,2510,-53,-138,2506
10032031,4332,507947591,55287089,4629,-4376,45,5812,292662150,2115,292662170,2115,141,11,-31,-14,2487,-24,-76,2484
10041937,4332,507947612,55287059,4629,-4376,44,5812,292662150,2115,292662180,2115,141,11,-18,71,2535,-11,8,2534
10051867,4331,507947633,55287028,4629,-4376,44,5812,292662150,2115,292662190,2115,140,11,28,-25,2569,35,-88,2566
10061865,4331,507947653,55286997,4630,-4375,43,5812,292662150,2115,292662200,2115,140,11,44,-73,2610,51,-137,2605
10072128,4330,507947674,55286967,4631,-4375,42,5812,292662150,2115,292662210,2115,139,11,18,3,2585,24,-60,2582
10082016,4330,507947695,55286934,4631,-4375,42,5812,292662200,2115,292662220,2115,139,10,-38,18,2558,-32,-45,2556
10092517,4329,507947716,55286904,4631,-4374,42,5812,292662200,2115,292662230,2115,138,10,-40,-51,2495,-34,-112,2492
10101854,4329,507947737,55286873,4631,-4373,42,5812,292662200,2115,292662240,2115,137,10,-45,-10,2547,-39,-72,2544
10111846,4329,507947757,55286842,4632,-4373,41,5812,292662200,2115,292662250,2115,137,10,22,-11,2570,29,-72,2567
10122141,4328,507947778,55286812,4632,-4373,40,5812,292662200,2115,292662260,2115,136,9,27,40,2613,33,-22,2611
10131992,4328,507947799,55286779,4633,-4373,40,5812,292662250,2115,292662270,2115,135,9,33,4,2589,39,-58,2586
10141952,4327,507947820,55286749,4633,-4372,39,5812,292662250,2115,292662280,2115,135,8,4,-39,2594,10,-100,2591
10151896,4327,507947841,55286718,4634,-4371,38,5812,292662250,2115,292662290,2115,134,8,-47,-36,2571,-42,-97,2568
10162010,4327,507947862,55286687,4634,-4371,38,5812,292662250,2115,292662300,2115,133,7,-24,29,2579,-19,-32,2578
10172713,4326,507947882,55286657,4634,-4371,37,5812,292662250,2115,292662310,2115,133,7,-42,-7,2603,-37,-68,2600
10182014,4326,507947903,55286624,4634,-4371,36,5812,292662300,2115,292662320,2115,133,6,25,57,2636,29,-4,2635
10191932,4325,507947924,55286594,4635,-4370,35,5812,292662300,2115,292662330,2115,132,6,27,-61,2637,32,-122,2633
10201878,4325,507947945,55286563,4635,-4370,34,5812,292662300,2115,292662340,2115,132,5,15,20,2655,19,-42,2653
10211865,4325,507947966,55286533,4635,-4370,32,5812,292662300,2115,292662350,2115,132,4,-48,5,2703,-44,-58,2700
10222132,4324,507947987,55286502,4636,-4369,31,5812,292662300,2115,292662360,2115,132,3,-23,-68,2676,-19,-131,2671
10232012,4324,507948008,55286470,4636,-4368,30,5812,292662350,2115,292662370,2115,133,3,-46,43,2655,-43,-19,2653
10241943,4323,507948028,55286439,4636,-4368,29,5812,292662350,2115,292662380,2115,133,2,-8,8,2633,-6,-54,2631
10252849,4323,507948049,55286408,4636,-4368,27,5812,292662350,2115,292662390,2115,134,1,12,-13,2696,15,-77,2693
10261860,4323,507948070,55286378,4637,-4367,26,5812,292662350,2115,292662400,2115,135,1,16,-11,2692,18,-75,2689
10272263,4322,507948091,55286347,4637,-4367,24,5812,292662350,2115,292662410,2115,136,0,3,8,2683,5,-56,2680
10282026,4322,507948112,55286315,4638,-4366,23,5812,292662400,2115,292662420,2115,137,-1,-26,-58,2623,-24,-121,2619
10291940,4322,507948133,55286284,4638,-4365,22,5812,292662400,2115,292662430,2115,139,-1,-45,-53,2599,-43,-116,2595
10301866,4322,507948153,55286254,4638,-4365,22,5812,292662400,2115,292662440,2115,140,-1,-57,-30,2586,-55,-94,2582
10311856,4321,507948174,55286223,4638,-4364,21,5812,292662400,2115,292662450,2115,142,-1,-16,-6,2634,-14,-72,2631
10323276,4321,507948195,55286192,4639,-4364,20,5812,292662400,2115,292662460,2115,143,-1,0,6,2641,1,-61,2639
10332954,4321,507948216,55286160,4640,-4363,18,5812,292662450,2115,292662470,2115,145,0,25,-41,2674,27,-109,2671
10341923,4321,507948237,55286129,4640,-4363,18,5812,292662450,2115,292662480,2115,146,0,-10,-51,2551,-8,-116,2547
10351856,4321,507948258,55286099,4641,-4362,17,5812,292662450,2115,292662490,2115,146,0,-12,-81,2670,-9,-150,2665
10361864,4321,507948279,55286068,4641,-4361,17,5812,292662450,2115,292662500,2115,147,1,-65,0,2458,-62,-64,2456
10372134,4321,507948299,55286038,4641,-4361,18,5812,292662450,2115,292662510,2115,147,2,-35,91,2441,-33,28,2441
10382013,4321,507948320,55286006,4641,-4360,18,5812,292662500,2115,292662520,2115,148,3,-55,10,2427,-52,-53,2425
10391942,4321,507948341,55285975,4641,-4360,18,5812,292662500,2115,292662530,2115,149,4,17,-17,2493,21,-82,2490
10402234,4320,507948362,55285944,4642,-4359,18,5812,292662500,2115,292662540,2115,149,5,32,-40,2508,36,-106,2504
10412297,4320,507948383,55285914,4642,-4359,18,5812,292662500,2115,292662550,2115,149,6,9,30,2485,14,-35,2483
10422101,4320,507948404,55285883,4642,-4359,18,5812,292662500,2115,292662560,2115,149,7,-14,71,2480,-10,6,2479
10432428,4320,507948425,55285851,4642,-4359,19,5812,292662550,2115,292662570,2115,149,8,-50,59,2396,-45,-4,2395
10441954,4320,507948446,55285820,4642,-4359,20,5812,292662550,2115,292662580,2115,148,10,-56,58,2420,-51,-6,2419
10451867,4319,507948466,55285790,4642,-4358,21,5812,292662550,2115,292662590,2115,148,11,-4,18,2354,3,-43,2351
10462550,4319,507948487,55285759,4642,-4359,22,5812,292662550,2115,292662600,2115,147,12,12,67,2355,18,6,2354
10472134,4319,507948508,55285729,4642,-4359,24,5812,292662550,2115,292662610,2115,147,13,2,34,2295,9,-25,2293
10482015,4318,507948529,55285696,4642,-4359,25,5812,292662600,2115,292662620,2115,147,14,0,81,2365,7,20,2364
10492587,4318,507948550,55285666,4643,-4358,26,5812,292662600,2115,292662630,2115,146,15,6,-16,2347,14,-77,2344
10501858,4318,507948571,55285635,4643,-4358,27,5812,292662600,2115,292662640,2115,146,16,-16,27,2411,-8,-34,2409
10511871,4317,507948592,55285605,4642,-4358,28,5812,292662600,2115,292662650,2115,145,16,-29,97,2320,-21,37,2320
10523664,4317,507948612,55285574,4642,-4358,29,5812,292662600,2115,292662660,2115,145,17,-21,73,2355,-12,13,2355
10532020,4316,507948633,55285542,4643,-4358,31,5812,292662650,2115,292662670,2115,145,17,11,17,2336,20,-42,2334
10542180,4316,507948654,55285511,4643,-4358,32,5812,292662650,2115,292662680,2115,144,17,10,21,2311,19,-37,2309
10552846,4315,507948675,55285481,4643,-4358,34,5812,292662650,2115,292662690,2115,144,18,-24,23,2281,-15,-35,2279
10561869,4315,507948696,55285450,4643,-4357,35,5812,292662650,2115,292662700,2115,143,19,-36,14,2378,-26,-47,2376
10572263,4314,507948717,55285420,4643,-4357,36,5812,292662650,2115,292662710,2115,143,19,-31,82,2301,-21,24,2301
10582284,4314,507948738,55285388,4643,-4357,38,5812,292662700,2115,292662720,2115,142,20,-17,-10,2387,-7,-70,2385
10591926,4313,507948759,55285357,4644,-4357,38,5812,292662700,2115,292662730,2115,143,20,0,4,2395,10,-56,2393
10601863,4313,507948779,55285326,4644,-4357,39,5812,292662700,2115,292662740,2115,143,20,22,2,2377,32,-57,2374
10612341,4312,507948800,55285296,4645,-4356,40,5812,292662700,2115,292662750,2115,142,20,-4,-27,2411,7,-88,2408
10622107,4312,507948821,55285265,4644,-4356,41,5812,292662700,2115,292662760,2115,142,20,-44,37,2322,-34,-21,2320
10632006,4311,507948842,55285233,4644,-4355,43,5812,292662750,2115,292662770,2115,141,20,-61,38,2309,-51,-20,2307
10642727,4311,507948863,55285202,4645,-4355,45,5812,292662750,2115,292662780,2115,140,20,-16,-22,2291,-6,-78,2288
10652489,4311,507948884,55285172,4645,-4355,46,5812,292662750,2115,292662790,2115,140,19,15,41,2327,25,-17,2326
10661852,4310,507948905,55285141,4645,-4355,47,5812,292662750,2115,292662800,2115,140,19,30,-15,2319,40,-72,2316
10672141,4309,507948926,55285111,4646,-4355,48,5812,292662750,2115,292662810,2115,139,18,25,22,2432,34,-38,2430
10682221,4309,507948947,55285079,4646,-4354,49,5812,292662800,2115,292662820,2115,139,18,-32,-37,2385,-23,-95,2381
10691994,4308,507948967,55285048,4646,-4354,49,5812,292662800,2115,292662830,2115,138,18,-19,25,2442,-10,-34,2440
10702483,4308,507948988,55285018,4646,-4354,50,5812,292662800,2115,292662840,2115,137,17,-65,49,2423,-56,-10,2422
10711852,4308,507949009,55284987,4647,-4353,50,5812,292662800,2115,292662850,2115,136,17,-30,-46,2471,-20,-105,2467
10722102,4307,507949030,55284956,4647,-4353,51,5812,292662800,2115,292662860,2115,135,17,-14,21,2426,-5,-36,2424
10732558,4307,507949051,55284924,4647,-4352,51,5812,292662850,2115,292662870,2115,134,17,1,9,2463,10,-49,2461
10742515,4306,507949072,55284894,4648,-4352,51,5812,292662850,2115,292662880,2115,133,16,4,-21,2485,13,-79,2482
10751849,4305,507949093,55284863,4648,-4351,52,5812,292662850,2115,292662890,2115,132,16,-51,-2,2455,-42,-60,2453
10762161,4305,507949114,55284833,4648,-4351,52,5812,292662850,2115,292662900,2115,130,16,-13,11,2499,-4,-46,2497
10772130,4304,507949135,55284802,4648,-4351,52,5812,292662850,2115,292662910,2115,129,16,-6,15,2451,3,-41,2449
10782039,4304,507949155,55284770,4648,-4351,53,5812,292662900,2115,292662920,2115,127,16,-6,16,2446,3,-39,2443
10792120,4303,507949176,55284740,4649,-4350,53,5812,292662900,2115,292662930,2115,126,15,12,-45,2461,21,-99,2457
10801872,4303,507949197,55284709,4649,-4350,53,5812,292662900,2115,292662940,2115,126,15,-18,30,2507,-10,-26,2505
10811969,4302,507949218,55284678,4649,-4350,53,5812,292662900,2115,292662950,2115,125,15,-20,19,2515,-12,-36,2513
10822733,4302,507949239,55284648,4650,-4349,52,5812,292662900,2115,292662960,2115,125,15,-14,-48,2562,-5,-104,2559
10831998,4301,507949260,55284616,4650,-4349,52,5812,292662950,2115,292662970,2115,124,14,-14,-10,2534,-5,-66,2531
10841938,4300,507949281,55284585,4650,-4348,52,5812,292662950,2115,292662980,2115,124,14,-12,-18,2522,-4,-73,2519
10852427,4300,507949302,55284555,4650,-4348,52,5812,292662950,2115,292662990,2115,124,14,-36,25,2477,-28,-30,2475
10861872,4299,507949323,55284524,4651,-4347,51,5812,292662950,2115,292663000,2115,124,14,-24,-56,2593,-15,-112,2589
10872131,4298,507949343,55284494,4651,-4346,51,5812,292662950,2115,292663010,2115,125,15,-14,-76,2569,-5,-133,2565
10882647,4298,507949364,55284462,4652,-4346,50,5812,292663000,2115,292663020,2115,126,14,-16,-16,2561,-8,-73,2559
10892862,4297,507949385,55284431,4652,-4345,50,5812,292663000,2115,292663030,2115,126,14,-26,-32,2594,-18,-90,2590
10901866,4297,507949406,55284401,4653,-4345,49,5812,292663000,2115,292663040,2115,127,14,-7,-26,2565,1,-83,2562
10912055,4296,507949427,55284370,4653,-4344,49,5812,292663000,2115,292663050,2115,129,14,-23,-60,2552,-15,-117,2548
10922088,4296,507949448,55284340,4654,-4343,48,5812,292663000,2115,292663060,2115,130,14,-20,-96,2581,-11,-155,2576
10932002,4295,507949469,55284308,4654,-4343,48,5812,292663050,2115,292663070,2115,132,14,-42,-29,2520,-33,-88,2517
10942194,4295,507949490,55284277,4655,-4342,48,5812,292663050,2115,292663080,2115,133,14,-3,-91,2518,6,-150,2513
10951858,4294,507949511,55284247,4656,-4341,47,5812,292663050,2115,292663090,2115,135,14,-21,-51,2594,-13,-112,2590
10961849,4294,507949532,55284216,4656,-4341,47,5812,292663050,2115,292663100,2115,136,14,-14,3,2568,-6,-58,2566
10972315,4293,507949553,55284186,4656,-4340,46,5812,292663050,2115,292663110,2115,137,15,8,-33,2602,17,-96,2598
10982026,4293,507949574,55284154,4657,-4339,46,5812,292663100,2115,292663120,2115,139,15,-27,-91,2543,-18,-153,2538
10991914,4292,507949595,55284123,4657,-4339,45,5812,292663100,2115,292663130,2115,140,15,-47,-15,2570,-38,-78,2567
11002549,4292,507949615,55284093,4658,-4338,45,5812,292663100,2115,292663140,2115,141,16,-50,-80,2533,-40,-143,2529
11011870,4291,507949636,55284062,4658,-4337,44,5812,292663100,2115,292663150,2115,142,16,-41,-46,2657,-31,-112,2653
11022367,4291,507949657,55284032,4659,-4336,43,5812,292663100,2115,292663160,2115,143,16,0,-22,2631,9,-88,2627
11032458,4290,507949678,55284000,4659,-4336,42,5813,292663150,2115,292663170,2115,143,16,17,5,2613,27,-61,2610
11041920,4290,507949699,55283970,4660,-4336,42,5813,292663150,2115,292663180,2115,144,16,-3,-7,2563,6,-72,2561
11051877,4289,507949720,55283939,4661,-4335,41,5813,292663150,2115,292663190,2115,144,16,-11,-81,2561,-2,-146,2556
11061939,4289,507949741,55283909,4661,-4334,41,5813,292663150,2115,292663200,2115,145,16,-51,5,2545,-42,-60,2543
11072104,4288,507949762,55283878,4661,-4333,41,5813,292663150,2115,292663210,2115,145,16,-21,-66,2483,-12,-130,2479
11082014,4288,507949783,55283846,4662,-4333,41,5813,292663200,2115,292663220,2115,144,15,-12,-16,2539,-3,-80,2535
11092143,4287,507949804,55283816,4662,-4333,40,5813,292663200,2115,292663230,2115,143,15,-2,42,2599,7,-23,2598
11101886,4287,507949825,55283785,4662,-4333,39,5813,292663200,2115,292663240,2115,142,15,-3,-7,2584,6,-72,2581
11111864,4287,507949846,55283755,4663,-4332,38,5813,292663200,2115,292663250,2115,142,14,6,0,2629,15,-66,2626
11122902,4286,507949867,55283725,4663,-4332,37,5813,292663200,2115,292663260,2115,141,14,-35,14,2630,-27,-51,2627
11131997,4285,507949888,55283693,4663,-4331,37,5813,292663250,2115,292663270,2115,140,14,-43,-49,2600,-35,-113,2596
11141942,4285,507949909,55283662,4663,-4330,36,5813,292663250,2115,292663280,2115,139,15,-61,24,2597,-53,-40,2595
11151960,4284,507949930,55283632,4663,-4330,35,5813,292663250,2115,292663290,2115,137,15,-41,30,2602,-33,-33,2600
11161855,4284,507949951,55283602,4663,-4330,34,5813,292663250,2115,292663300,2115,135,15,-11,40,2627,-3,-23,2625
11172101,4283,507949972,55283571,4663,-4330,34,5813,292663250,2115,292663310,2115,134,16,-7,49,2536,2,-11,2535
11182350,4283,507949993,55283539,4664,-4330,33,5813,292663300,2115,292663320,2115,132,17,14,-22,2589,23,-82,2586
11191930,4282,507950014,55283509,4664,-4329,33,5813,292663300,2115,292663330,2115,130,17,-29,-43,2534,-19,-102,2530
11201868,4282,507950035,55283478,4664,-4329,33,5813,292663300,2115,292663340,2115,129,18,-26,95,2482,-17,38,2482
11211988,4281,507950055,55283448,4664,-4329,33,5813,292663300,2115,292663350,2115,127,18,-41,67,2501,-31,11,2500
11223273,4280,507950076,55283418,4664,-4329,33,5813,292663300,2115,292663360,2115,125,18,3,-20,2526,13,-75,2523
11231995,4280,507950097,55283386,4665,-4328,33,5813,292663350,2115,292663370,2115,124,19,9,0,2520,19,-54,2518
11242612,4279,507950118,55283355,4665,-4328,33,5813,292663350,2115,292663380,2115,122,19,32,43,2504,42,-11,2502
11251880,4279,507950139,55283325,4665,-4328,33,5813,292663350,2115,292663390,2115,121,19,-2,8,2460,8,-45,2457
11261869,4278,507950160,55283295,4665,-4328,33,5813,292663350,2115,292663400,2115,120,19,-42,-25,2457,-31,-77,2454
11272843,4277,507950181,55283264,4666,-4327,34,5813,292663350,2115,292663410,2115,119,18,-20,21,2468,-11,-31,2466
11282009,4277,507950202,55283232,4666,-4327,34,5813,292663400,2115,292663420,2115,118,18,-7,10,2506,2,-42,2504
11291944,4276,507950223,55283202,4666,-4327,33,5813,292663400,2115,292663430,2115,118,17,15,26,2607,25,-28,2605
11301854,4276,507950244,55283172,4666,-4327,32,5813,292663400,2115,292663440,2115,118,16,16,-21,2556,25,-74,2553
11311855,4275,507950265,55283141,4667,-4327,32,5813,292663400,2115,292663450,2115,118,15,33,-23,2553,42,-76,2549
11322107,4275,507950286,55283111,4667,-4326,32,5813,292663400,2115,292663460,2115,119,14,-29,-12,2530,-21,-65,2528
11332009,4274,507950307,55283079,4667,-4326,32,5813,292663450,2115,292663470,2115,119,12,-43,-52,2529,-36,-105,2526
11341954,4273,507950328,55283048,4668,-4325,32,5813,292663450,2115,292663480,2115,120,11,-38,-33,2512,-31,-86,2509
11351847,4273,507950349,55283018,4668,-4325,31,5813,292663450,2115,292663490,2115,121,10,-20,-23,2606,-14,-79,2603
11361875,4273,507950370,55282988,4669,-4324,30,5813,292663450,2115,292663500,2115,122,8,43,-61,2646,49,-118,2642
11372833,4272,507950391,55282957,4669,-4324,29,5813,292663450,2115,292663510,2115,124,6,35,14,2601,40,-42,2599
11381992,4272,507950412,55282925,4670,-4323,28,5813,292663500,2115,292663520,2115,125,5,-12,-79,2595,-7,-136,2591
11391939,4271,507950433,55282895,4671,-4322,27,5813,292663500,2115,292663530,2115,127,3,-30,-101,2600,-26,-159,2596
11401882,4271,507950454,55282865,4671,-4321,27,5813,292663500,2115,292663540,2115,128,2,-76,-50,2511,-73,-107,2508
11411854,4271,507950475,55282835,4671,-4321,27,5813,292663500,2115,292663550,2115,130,0,-28,-30,2587,-25,-89,2584
11423660,4271,507950496,55282804,4672,-4320,26,5813,292663500,2115,292663560,2115,131,-1,-16,-43,2639,-14,-103,2635
11432009,4271,507950517,55282772,4673,-4319,24,5813,292663550,2115,292663570,2115,132,-2,41,-73,2683,42,-135,2678
11441936,4271,507950538,55282742,4673,-4319,23,5813,292663550,2115,292663580,2115,133,-4,30,-4,2654,30,-66,2651
11451884,4271,507950559,55282712,4674,-4319,22,5813,292663550,2115,292663590,2115,133,-5,14,-4,2597,13,-64,2594
11461865,4270,507950580,55282681,4674,-4318,23,5813,292663550,2115,292663600,2115,133,-6,-55,-58,2468,-55,-117,2464
11472105,4270,507950601,55282651,4674,-4316,23,5813,292663550,2115,292663610,2115,134,-6,-103,-79,2497,-103,-138,2493
11482034,4270,507950622,55282619,4674,-4316,23,5813,292663600,2115,292663620,2115,134,-6,-32,61,2524,-33,1,2523
11491948,4271,507950643,55282589,4674,-4316,22,5813,292663600,2115,292663630,2115,134,-6,10,4,2565,9,-57,2562
11501841,4270,507950664,55282559,4675,-4316,21,5813,292663600,2115,292663640,2115,133,-6,69,58,2585,68,-3,2584
11511854,4270,507950685,55282528,4676,-4316,21,5813,292663600,2115,292663650,2115,133,-6,46,-72,2534,46,-131,2530
11522153,4270,507950706,55282498,4676,-4315,21,5813,292663600,2115,292663660,2115,131,-5,-16,45,2557,-16,-14,2556
11532008,4270,507950727,55282466,4675,-4315,21,5813,292663650,2115,292663670,2115,130,-4,-84,87,2406,-84,32,2406
11541925,4270,507950748,55282436,4675,-4314,22,5813,292663650,2115,292663680,2115,129,-3,-92,11,2394,-91,-43,2391
11551853,4270,507950769,55282406,4675,-4314,23,5813,292663650,2115,292663690,2115,128,-1,-48,54,2370,-47,0,2369
11561906,4270,507950790,55282375,4675,-4314,24,5813,292663650,2115,292663700,2115,126,0,21,73,2479,22,18,2478
11572779,4270,507950811,55282345,4675,-4315,24,5813,292663650,2115,292663710,2115,125,1,98,118,2426,100,65,2426
11582361,4269,507950832,55282313,4676,-4315,25,5813,292663700,2115,292663720,2115,123,3,72,-13,2431,76,-65,2428
11591925,4269,507950853,55282283,4675,-4315,26,5813,292663700,2115,292663730,2115,122,4,-48,37,2313,-45,-12,2311
11602519,4269,507950874,55282253,4675,-4315,28,5813,292663700,2115,292663740,2115,120,6,-97,36,2210,-93,-11,2208
11611851,4268,507950895,55282222,4674,-4314,30,5813,292663700,2115,292663750,2115,119,8,-64,73,2253,-59,25,2252
11622904,4268,507950916,55282192,4674,-4315,32,5813,292663700,2115,292663760,2115,117,10,13,63,2254,18,17,2254
11631995,4267,507950937,55282160,4675,-4315,33,5813,292663750,2115,292663770,2115,116,12,81,86,2357,88,38,2356
11641943,4267,507950958,55282130,4675,-4316,34,5813,292663750,2115,292663780,2115,115,13,74,27,2369,81,-21,2367
11651865,4266,507950979,55282100,4675,-4315,35,5813,292663750,2115,292663790,2115,114,15,-13,7,2414,-5,-42,2412
11661859,4266,507951000,55282069,4675,-4315,36,5813,292663750,2115,292663800,2115,114,16,-49,-1,2360,-41,-48,2358
11672103,4265,507951021,55282039,4675,-4315,38,5813,292663750,2115,292663810,2115,113,17,-63,37,2328,-55,-9,2326
11682003,4264,507951042,55282007,4675,-4314,40,5813,292663800,2115,292663820,2115,113,18,-52,52,2245,-43,7,2244
11691924,4264,507951063,55281977,4675,-4315,41,5813,292663800,2115,292663830,2115,113,19,33,40,2340,42,-6,2339
11701855,4263,507951084,55281947,4676,-4315,42,5813,292663800,2115,292663840,2115,113,19,94,-59,2313,104,-104,2309
11711848,4263,507951105,55281916,4677,-4315,44,5813,292663800,2115,292663850,2115,113,20,46,10,2279,56,-35,2277
11722107,4262,507951126,55281886,4677,-4314,46,5813,292663800,2115,292663860,2115,112,20,-33,-46,2282,-23,-91,2279
11731989,4262,507951147,55281854,4677,-4313,47,5813,292663850,2115,292663870,2115,112,20,-51,-51,2378,-41,-98,2374
11741922,4261,507951168,55281824,4677,-4313,47,5813,292663850,2115,292663880,2115,112,19,-48,39,2443,-38,-10,2442
11751847,4260,507951189,55281794,4678,-4313,47,5813,292663850,2115,292663890,2115,112,19,13,-48,2490,24,-98,2486
11761871,4260,507951210,55281763,4678,-4313,47,5813,292663850,2115,292663900,2115,113,18,67,20,2554,77,-31,2552
11773368,4259,507951232,55281733,4679,-4312,46,5813,292663850,2115,292663910,2115,113,17,28,-79,2577,38,-130,2573
11782025,4259,507951252,55281701,4680,-4312,46,5813,292663900,2115,292663920,2115,113,15,-12,7,2572,-3,-44,2570
11791937,4258,507951274,55281671,4679,-4311,46,5813,292663900,2115,292663930,2115,113,14,-82,-2,2466,-74,-52,2464
11801859,4258,507951295,55281641,4679,-4310,47,5813,292663900,2115,292663940,2115,113,13,-96,-19,2408,-88,-68,2405
11811904,4257,507951316,55281611,4679,-4310,47,5813,292663900,2115,292663950,2115,114,12,-39,32,2430,-32,-17,2428
11822103,4257,507951337,55281580,4680,-4310,47,5813,292663900,2115,292663960,2115,115,11,53,-23,2597,60,-75,2594
11832003,4256,507951358,55281548,4681,-4310,45,5813,292663950,2115,292663970,2115,116,9,81,-34,2684,88,-89,2681
11841954,4256,507951379,55281518,4681,-4309,43,5813,292663950,2115,292663980,2115,118,8,56,-34,2756,62,-91,2753
11851893,4255,507951400,55281488,4682,-4309,41,5813,292663950,2115,292663990,2115,119,7,-19,-92,2768,-14,-150,2763
11861842,4255,507951421,55281458,4682,-4307,40,5813,292663950,2115,292664000,2115,120,5,-146,-47,2639,-142,-104,2635
11872133,4255,507951442,55281428,4681,-4307,39,5813,292663950,2115,292664010,2115,121,4,-103,43,2619,-99,-13,2618
11882021,4254,507951463,55281396,4682,-4306,38,5813,292664000,2115,292664020,2115,123,3,-17,-16,2598,-13,-72,2595
11891913,4254,507951484,55281366,4683,-4306,37,5813,292664000,2115,292664030,2115,125,3,62,-84,2656,65,-142,2652
11901858,4253,507951505,55281335,4684,-4306,36,5813,292664000,2115,292664040,2115,128,2,72,-18,2713,75,-79,2710
11911847,4253,507951526,55281305,4685,-4305,34,5813,292664000,2115,292664050,2115,131,1,21,-79,2714,24,-141,2709
11922355,4252,507951547,55281275,4685,-4304,33,5813,292664000,2115,292664060,2115,133,0,-29,-23,2621,-27,-85,2618
11932001,4252,507951568,55281243,4685,-4303,32,5813,292664050,2115,292664070,2115,136,0,-66,-70,2642,-64,-134,2638
11941910,4252,507951589,55281213,4686,-4302,31,5813,292664050,2115,292664080,2115,139,-1,-17,-60,2625,-15,-124,2621
11951849,4252,507951610,55281183,4686,-4302,30,5813,292664050,2115,292664090,2115,142,-1,-9,-24,2627,-7,-89,2623
11961848,4252,507951631,55281153,4687,-4301,29,5813,292664050,2115,292664100,2115,144,-2,11,-49,2596,13,-115,2592
11972133,4251,507951652,55281122,4687,-4301,28,5813,292664050,2115,292664110,2115,147,-2,9,30,2627,10,-38,2625
11982017,4251,507951673,55281091,4688,-4300,28,5813,292664100,2115,292664120,2115,149,-1,-6,-87,2594,-4,-156,2589
11992084,4251,507951694,55281061,4689,-4299,27,5813,292664100,2115,292664130,2115,152,-1,-4,-70,2607,-2,-139,2602
12001859,4251,507951715,55281030,4689,-4299,27,5813,292664100,2115,292664140,2115,153,0,-45,-31,2547,-43,-100,2544
12011852,4251,507951736,55281000,4689,-4298,26,5813,292664100,2115,292664150,2115,155,1,-16,55,2573,-14,-15,2571
12022184,4251,507951757,55280970,4689,-4298,25,5813,292664100,2115,292664160,2115,157,1,-9,-27,2576,-6,-98,2572
12032008,4251,507951778,55280938,4690,-4297,25,5813,292664150,2115,292664170,2115,159,2,7,7,2545,10,-63,2542
12041945,4251,507951800,55280908,4690,-4297,25,5813,292664150,2115,292664180,2115,160,3,6,12,2471,9,-57,2468
12051856,4250,507951821,55280878,4691,-4297,26,5813,292664150,2115,292664190,2115,160,4,-5,-6,2482,-1,-76,2479
12061852,4250,507951842,55280848,4691,-4296,26,5814,292664150,2115,292664200,2115,160,5,-29,20,2390,-25,-48,2388
12072104,4250,507951863,55280818,4691,-4296,27,5814,292664150,2115,292664210,2115,160,7,-18,79,2409,-14,11,2409
12081995,4250,507951884,55280786,4691,-4296,28,5814,292664200,2115,292664220,2115,160,8,-5,31,2395,0,-36,2393
12091918,4250,507951905,55280756,4691,-4296,29,5814,292664200,2115,292664230,2115,159,9,52,5,2404,57,-62,2401
12101859,4250,507951926,55280726,4691,-4296,29,5814,292664200,2115,292664240,2115,158,10,20,86,2440,26,19,2439
12111851,4249,507951947,55280696,4692,-4296,29,5814,292664200,2115,292664250,2115,157,11,-9,33,2542,-2,-38,2540
12123292,4249,507951968,55280666,4692,-4296,29,5814,292664200,2115,292664260,2115,156,12,3,8,2529,10,-61,2527
12131992,4249,507951989,55280634,4692,-4296,30,5814,292664250,2115,292664270,2115,154,13,0,78,2376,7,13,2376
12141940,4249,507952010,55280604,4692,-4296,31,5814,292664250,2115,292664280,2115,152,14,-23,113,2292,-16,51,2293
12151850,4248,507952031,55280574,4692,-4296,33,5814,292664250,2115,292664290,2115,151,15,5,7,2281,13,-53,2278
12161868,4248,507952053,55280543,4692,-4296,35,5814,292664250,2115,292664300,2115,149,17,-34,119,2311,-26,58,2311
12172130,4248,507952074,55280513,4692,-4296,35,5814,292664250,2115,292664310,2115,147,18,29,96,2386,38,34,2385
12181997,4247,507952095,55280482,4692,-4297,36,5814,292664300,2115,292664320,2115,145,19,58,26,2460,68,-37,2458
12191926,4246,507952116,55280451,4693,-4297,37,5814,292664300,2115,292664330,2115,144,19,22,44,2398,32,-17,2396
12201854,4246,507952137,55280421,4692,-4297,37,5814,292664300,2115,292664340,2115,142,20,6,93,2381,15,34,2381
12211861,4245,507952158,55280391,4692,-4297,38,5814,292664300,2115,292664350,2115,141,21,-75,68,2416,-65,8,2415
12222107,4245,507952179,55280361,4692,-4297,39,5814,292664300,2115,292664360,2115,139,22,-30,119,2375,-20,60,2375
12232034,4244,507952200,55280329,4692,-4297,41,5814,292664350,2115,292664370,2115,138,23,-9,-13,2319,2,-69,2316
12242231,4244,507952221,55280299,4693,-4296,41,5814,292664350,2115,292664380,2115,137,24,39,-1,2400,51,-59,2397
12251839,4243,507952242,55280269,4693,-4297,42,5814,292664350,2115,292664390,2115,136,24,33,51,2375,45,-6,2374
12261864,4243,507952263,55280239,4693,-4297,43,5814,292664350,2115,292664400,2115,135,24,35,47,2376,47,-9,2375
12272108,4242,507952284,55280209,4694,-4297,44,5814,292664350,2115,292664410,2115,133,24,4,3,2370,16,-52,2368
12281992,4242,507952306,55280177,4693,-4296,46,5814,292664400,2115,292664420,2115,131,24,-36,37,2312,-25,-16,2311
12291923,4241,507952327,55280147,4693,-4296,47,5814,292664400,2115,292664430,2115,130,24,-36,23,2366,-25,-31,2365
12301844,4241,507952348,55280117,4694,-4296,48,5814,292664400,2115,292664440,2115,129,23,15,-28,2377,26,-82,2373
12311844,4240,507952369,55280086,4695,-4296,48,5814,292664400,2115,292664450,2115,129,22,80,40,2471,91,-15,2469
12323075,4239,507952390,55280056,4696,-4296,48,5814,292664400,2115,292664460,2115,128,21,68,-85,2530,80,-142,2526
12331999,4239,507952411,55280025,4696,-4296,48,5814,292664450,2115,292664470,2115,127,20,5,103,2504,15,47,2504
12341945,4238,507952432,55279994,4695,-4296,48,5814,292664450,2115,292664480,2115,127,19,-58,29,2495,-48,-27,2494
12351872,4238,507952453,55279964,4695,-4296,48,5814,292664450,2115,292664490,2115,126,17,-39,18,2484,-29,-37,2482
12361987,4238,507952474,55279934,4696,-4295,49,5814,292664450,2115,292664500,2115,125,16,-31,-52,2415,-22,-105,2412
12372123,4237,507952495,55279904,4697,-4294,49,5814,292664450,2115,292664510,2115,125,15,44,-93,2544,52,-149,2540
12382006,4237,507952517,55279872,4697,-4295,48,5814,292664500,2115,292664520,2115,124,13,39,78,2582,46,22,2581
12392266,4236,507952538,55279842,4697,-4295,47,5814,292664500,2115,292664530,2115,123,11,17,28,2665,24,-29,2663
12401880,4236,507952559,55279812,4698,-4294,46,5814,292664500,2115,292664540,2115,123,9,-1,-107,2657,6,-165,2652
12411862,4235,507952580,55279782,4698,-4293,44,5814,292664500,2115,292664550,2115,122,8,-37,12,2655,-31,-45,2653
12422263,4235,507952601,55279752,4698,-4293,44,5814,292664500,2115,292664560,2115,122,6,-36,11,2597,-31,-45,2595
12431990,4234,507952622,55279720,4699,-4292,43,5814,292664550,2115,292664570,2115,122,5,-17,-29,2596,-13,-84,2593
12441925,4234,507952643,55279690,4699,-4292,42,5814,292664550,2115,292664580,2115,122,3,19,-29,2603,23,-85,2599
12451854,4233,507952664,55279660,4700,-4292,41,5814,292664550,2115,292664590,2115,122,2,14,-27,2637,17,-84,2634
12461850,4233,507952685,55279630,4700,-4291,40,5814,292664550,2115,292664600,2115,122,1,-1,22,2677,1,-35,2675
12472145,4233,507952707,55279600,4700,-4291,38,5814,292664550,2115,292664610,2115,123,-1,6,1,2667,7,-57,2664
12482008,4232,507952728,55279568,4701,-4291,37,5814,292664600,2115,292664620,2115,123,-2,-3,12,2680,-2,-46,2677
12491960,4232,507952749,55279538,4701,-4290,36,5814,292664600,2115,292664630,2115,124,-2,-22,-85,2601,-21,-142,2596
12501861,4231,507952770,55279508,4702,-4289,35,5814,292664600,2115,292664640,2115,125,-3,-11,-24,2655,-10,-82,2652
12511851,4231,507952791,55279477,4702,-4289,34,5814,292664600,2115,292664650,2115,125,-3,-30,-36,2586,-30,-93,2583
12522137,4231,507952812,55279447,4702,-4288,33,5814,292664600,2115,292664660,2115,126,-3,2,18,2716,2,-42,2714
12532016,4230,507952833,55279416,4703,-4288,32,5814,292664650,2115,292664670,2115,127,-3,-10,-16,2656,-9,-75,2653
12542356,4230,507952854,55279386,4703,-4288,30,5814,292664650,2115,292664680,2115,127,-3,28,-15,2676,29,-75,2673
12551855,4230,507952876,55279356,4704,-4287,30,5814,292664650,2115,292664690,2115,128,-2,-4,-43,2584,-3,-102,2580
12561886,4230,507952897,55279325,4704,-4286,29,5814,292664650,2115,292664700,2115,129,-2,-18,-21,2589,-17,-80,2585
12573190,4229,507952918,55279295,4704,-4286,29,5814,292664650,2115,292664710,2115,130,-1,-14,-48,2509,-12,-105,2506
12582009,4229,507952939,55279264,4705,-4285,28,5814,292664700,2115,292664720,2115,130,-1,3,-32,2594,5,-91,2591
12591939,4229,507952960,55279234,4705,-4285,28,5814,292664700,2115,292664730,2115,131,0,20,29,2565,21,-30,2563
12602315,4229,507952981,55279204,4706,-4285,27,5814,292664700,2115,292664740,2115,131,1,20,6,2556,22,-53,2553
12611863,4229,507953002,55279174,4706,-4285,27,5814,292664700,2115,292664750,2115,131,1,5,40,2562,7,-19,2561
12622483,4229,507953024,55279143,4706,-4284,27,5814,292664700,2115,292664760,2115,132,2,3,-39,2528,5,-97,2524
12632243,4228,507953045,55279112,4707,-4284,26,5814,292664750,2115,292664770,2115,132,2,10,15,2525,12,-44,2522
12641924,4228,507953066,55279082,4707,-4284,27,5814,292664750,2115,292664780,2115,132,3,-10,-18,2482,-6,-76,2479
12651889,4228,507953087,55279052,4707,-4284,26,5814,292664750,2115,292664790,2115,133,4,21,12,2530,25,-47,2527
12664178,4228,507953108,55279022,4707,-4284,26,5814,292664750,2115,292664800,2115,133,5,9,62,2505,12,3,2504
12673227,4227,507953129,55278992,4708,-4284,26,5814,292664750,2115,292664810,2115,133,5,19,45,2533,23,-14,2531
12682038,4227,507953151,55278960,4708,-4283,26,5814,292664800,2115,292664820,2115,133,6,27,-30,2468,32,-88,2465
12692569,4227,507953172,55278930,4709,-4283,26,5814,292664800,2115,292664830,2115,133,7,4,10,2536,9,-49,2534
12701853,4227,507953193,55278900,4709,-4283,27,5814,292664800,2115,292664840,2115,133,7,-11,-19,2455,-5,-77,2452
12711854,4226,507953214,55278870,4709,-4283,27,5814,292664800,2115,292664850,2115,134,8,-16,45,2446,-10,-12,2444
12722779,4226,507953235,55278840,4709,-4282,28,5814,292664800,2115,292664860,2115,134,9,-14,31,2428,-8,-27,2427
12732012,4226,507953256,55278808,4709,-4283,28,5814,292664850,2115,292664870,2115,134,10,25,41,2472,31,-17,2471
12741925,4226,507953278,55278778,4710,-4282,28,5814,292664850,2115,292664880,2115,134,11,23,-4,2439,30,-61,2436
12752084,4226,507953299,55278748,4710,-4282,28,5814,292664850,2115,292664890,2115,133,12,20,-3,2497,27,-62,2494
12761887,4225,507953320,55278718,4711,-4282,29,5814,292664850,2115,292664900,2115,133,13,32,8,2422,39,-48,2419
12772133,4225,507953341,55278688,4711,-4282,30,5814,292664850,2115,292664910,2115,133,14,-11,62,2361,-3,7,2360
12782266,4225,507953362,55278656,4711,-4282,31,5814,292664900,2115,292664920,2115,133,14,-11,11,2377,-3,-45,2375
12791940,4224,507953383,55278626,4711,-4282,32,5814,292664900,2115,292664930,2115,133,15,-6,3,2382,2,-53,2379
12801842,4224,507953405,55278596,4711,-4282,33,5814,292664900,2115,292664940,2115,133,16,30,56,2376,38,1,2375
12812317,4224,507953426,55278566,4712,-4282,34,5814,292664900,2115,292664950,2115,133,17,42,28,2353,51,-27,2351
12822160,4223,507953447,55278536,4712,-4282,35,5814,292664900,2115,292664960,2115,133,17,39,50,2402,48,-6,2401
12832025,4223,507953468,55278504,4713,-4282,36,5814,292664950,2115,292664970,2115,133,17,25,-55,2378,34,-111,2374
12842458,4223,507953489,55278474,4713,-4281,37,5814,292664950,2115,292664980,2115,133,18,-29,41,2394,-20,-15,2393
12851857,4222,507953511,55278444,4713,-4281,38,5814,292664950,2115,292664990,2115,133,18,-23,63,2381,-14,7,2380
12861845,4222,507953532,55278414,4713,-4281,38,5814,292664950,2115,292665000,2115,134,18,4,21,2434,14,-36,2432
12872474,4221,507953553,55278384,4713,-4281,39,5814,292664950,2115,292665010,2115,134,18,38,22,2377,48,-34,2375
12881995,4221,507953574,55278353,4714,-4281,40,5814,292665000,2115,292665020,2115,134,18,61,-17,2407,71,-74,2404
12891937,4220,507953595,55278323,4715,-4281,41,5814,292665000,2115,292665030,2115,135,17,39,-26,2393,48,-83,2390
12901869,4219,507953617,55278293,4715,-4281,41,5814,292665000,2115,292665040,2115,136,16,1,19,2438,10,-40,2436
12911888,4219,507953638,55278263,4716,-4280,42,5814,292665000,2115,292665050,2115,136,16,-15,-13,2384,-7,-70,2381
12922099,4218,507953659,55278232,4716,-4280,43,5814,292665000,2115,292665060,2115,137,15,-21,-8,2391,-13,-66,2388
12932042,4218,507953680,55278201,4716,-4280,44,5814,292665050,2115,292665070,2115,138,14,20,29,2426,28,-30,2424
12941941,4217,507953701,55278171,4717,-4280,44,5814,292665050,2115,292665080,2115,139,13,56,-12,2470,64,-72,2467
12951871,4217,507953722,55278141,4718,-4279,44,5814,292665050,2115,292665090,2115,140,12,48,-63,2515,56,-125,2511
12962412,4216,507953744,55278111,4719,-4279,44,5814,292665050,2115,292665100,2115,142,11,21,-37,2523,27,-100,2520
12972156,4215,507953765,55278081,4719,-4278,43,5814,292665050,2115,292665110,2115,143,10,-21,-32,2562,-14,-97,2558
12981996,4215,507953786,55278049,4719,-4278,44,5814,292665100,2115,292665120,2115,144,9,-35,-13,2473,-29,-76,2470
12993690,4214,507953807,55278019,4719,-4277,43,5814,292665100,2115,292665130,2115,146,8,-26,-4,2555,-21,-69,2552
13001885,4214,507953829,55277989,4720,-4277,43,5814,292665100,2115,292665140,2115,147,7,25,-28,2481,30,-92,2477
13011880,4213,507953850,55277959,4721,-4277,43,5814,292665100,2115,292665150,2115,147,6,31,-5,2549,36,-71,2546
13022693,4213,507953871,55277929,4722,-4276,43,5814,292665100,2115,292665160,2115,148,6,37,-82,2542,41,-147,2537
13031997,4212,507953892,55277898,4722,-4276,42,5814,292665150,2115,292665170,2115,148,5,4,-5,2556,9,-72,2553
13041944,4212,507953913,55277868,4722,-4275,42,5814,292665150,2115,292665180,2115,149,4,-12,-19,2518,-8,-85,2515
13052301,4211,507953935,55277838,4723,-4275,42,5814,292665150,2115,292665190,2115,149,4,-14,27,2501,-11,-38,2499
13061852,4211,507953956,55277808,4723,-4274,42,5814,292665150,2115,292665200,2115,149,3,0,-22,2534,4,-88,2531
13072105,4210,507953977,55277778,4724,-4274,42,5814,292665150,2115,292665210,2115,148,3,40,-33,2556,44,-99,2553
13082536,4209,507953998,55277746,4724,-4274,41,5815,292665200,2115,292665220,2115,148,3,9,16,2557,12,-51,2555
13091962,4209,507954020,55277716,4725,-4273,40,5815,292665200,2115,292665230,2115,147,3,27,-23,2580,31,-89,2577
13101867,4208,507954041,55277686,4725,-4273,40,5815,292665200,2115,292665240,2115,147,3,5,-42,2545,8,-107,2542
13112187,4207,507954062,55277656,4726,-4273,40,5815,292665200,2115,292665250,2115,146,2,10,10,2542,13,-55,2540
13122245,4207,507954083,55277626,4726,-4272,39,5815,292665200,2115,292665260,2115,145,2,6,-2,2563,9,-67,2560
13131989,4206,507954105,55277595,4726,-4272,39,5815,292665250,2115,292665270,2115,144,2,6,45,2538,9,-19,2537
13142909,4205,507954126,55277565,4727,-4272,39,5815,292665250,2115,292665280,2115,143,2,30,18,2532,33,-45,2530
13151848,4205,507954147,55277535,4728,-4271,38,5815,292665250,2115,292665290,2115,142,2,31,-106,2574,34,-170,2569
13161833,4204,507954168,55277505,4728,-4271,38,5815,292665250,2115,292665300,2115,140,2,12,28,2548,15,-34,2546
13172189,4203,507954190,55277475,4728,-4271,38,5815,292665250,2115,292665310,2115,139,2,-17,20,2540,-15,-43,2538
13181995,4203,507954211,55277443,4729,-4271,37,5815,292665300,2115,292665320,2115,138,2,9,4,2596,12,-59,2593
13191918,4202,507954232,55277413,4729,-4270,36,5815,292665300,2115,292665330,2115,137,2,13,-49,2593,16,-112,2589
13202439,4201,507954253,55277383,4730,-4270,36,5815,292665300,2115,292665340,2115,136,2,7,26,2582,10,-36,2580
13211886,4200,507954275,55277353,4730,-4270,35,5815,292665300,2115,292665350,2115,135,2,16,2,2539,19,-58,2537
13222401,4200,507954296,55277323,4731,-4269,35,5815,292665300,2115,292665360,2115,135,3,21,-60,2547,25,-120,2543
13232544,4199,507954317,55277292,4731,-4268,35,5815,292665350,2115,292665370,2115,134,3,-19,-45,2540,-16,-105,2536
13241930,4198,507954338,55277262,4731,-4268,34,5815,292665350,2115,292665380,2115,133,3,-1,7,2554,2,-52,2551
13251866,4197,507954360,55277232,4732,-4268,34,5815,292665350,2115,292665390,2115,133,3,13,-32,2555,17,-92,2552
13262392,4196,507954381,55277202,4732,-4268,33,5815,292665350,2115,292665400,2115,132,4,8,22,2576,12,-38,2574
13272104,4196,507954402,55277172,4733,-4267,33,5815,292665350,2115,292665410,2115,132,4,18,-69,2537,22,-128,2533
13282016,4195,507954423,55277140,4734,-4266,33,5815,292665400,2115,292665420,2115,132,4,25,-59,2585,29,-119,2581
13291953,4194,507954445,55277110,4735,-4266,32,5815,292665400,2115,292665430,2115,132,5,8,-32,2533,12,-91,2530
13301852,4193,507954466,55277081,4735,-4265,32,5815,292665400,2115,292665440,2115,132,5,-15,-70,2517,-10,-129,2513
13311849,4192,507954487,55277051,4736,-4265,32,5815,292665400,2115,292665450,2115,132,6,-2,-28,2500,2,-87,2497
13323051,4191,507954509,55277021,4736,-4264,32,5815,292665400,2115,292665460,2115,132,6,10,-56,2531,15,-115,2527
13332014,4191,507954530,55276989,4737,-4263,32,5815,292665450,2115,292665470,2115,132,7,9,-65,2528,14,-124,2524
13341952,4190,507954551,55276959,4738,-4263,32,5815,292665450,2115,292665480,2115,131,7,8,-55,2519,13,-113,2515
13353180,4189,507954572,55276929,4739,-4262,32,5815,292665450,2115,292665490,2115,131,8,34,-81,2522,39,-139,2517
13361871,4188,507954594,55276899,4739,-4262,32,5815,292665450,2115,292665500,2115,131,8,-5,-69,2475,1,-126,2471
13372133,4188,507954615,55276870,4740,-4261,32,5815,292665450,2115,292665510,2115,130,8,-2,-53,2525,4,-111,2521
13381982,4187,507954636,55276838,4740,-4260,32,5815,292665500,2115,292665520,2115,129,9,-6,-32,2431,0,-87,2427
13391918,4186,507954658,55276808,4741,-4260,32,5815,292665500,2115,292665530,2115,129,9,31,-25,2552,37,-83,2549
13401880,4185,507954679,55276778,4742,-4260,32,5815,292665500,2115,292665540,2115,128,9,35,-56,2458,41,-111,2454
13412627,4184,507954700,55276748,4743,-4259,32,5815,292665500,2115,292665550,2115,128,9,38,-88,2516,44,-144,2512
13422203,4183,507954722,55276719,4743,-4258,32,5815,292665500,2115,292665560,2115,127,9,-3,-93,2458,4,-148,2454
13432005,4182,507954743,55276687,4744,-4258,32,5815,292665550,2115,292665570,2115,126,9,-6,-53,2538,0,-110,2535
13441948,4182,507954764,55276657,4744,-4257,32,5815,292665550,2115,292665580,2115,125,10,-5,13,2472,1,-41,2470
13451851,4181,507954786,55276627,4745,-4257,32,5815,292665550,2115,292665590,2115,124,9,1,-72,2525,7,-127,2521
13461885,4180,507954807,55276597,4746,-4256,32,5815,292665550,2115,292665600,2115,122,9,20,-80,2505,26,-134,2501
13472099,4179,507954828,55276568,4746,-4256,32,5815,292665550,2115,292665610,2115,121,9,30,-38,2517,37,-91,2514
13482009,4177,507954850,55276536,4748,-4255,32,5815,292665600,2115,292665620,2115,120,9,32,-129,2532,39,-183,2527
13491940,4176,507954871,55276506,4748,-4254,32,5815,292665600,2115,292665630,2115,120,9,2,-89,2453,9,-140,2449
13501866,4175,507954892,55276476,4748,-4254,33,5815,292665600,2115,292665640,2115,119,9,-41,14,2459,-35,-38,2457
13511871,4174,507954914,55276447,4749,-4252,33,5815,292665600,2115,292665650,2115,118,9,-9,-134,2499,-3,-186,2494
13523291,4173,507954935,55276417,4750,-4252,32,5815,292665600,2115,292665660,2115,118,8,42,-72,2548,48,-125,2544
13532007,4172,507954956,55276385,4751,-4252,32,5815,292665650,2115,292665670,2115,117,8,50,-61,2500,56,-112,2496
13541889,4171,507954978,55276356,4752,-4251,32,5815,292665650,2115,292665680,2115,117,7,43,-106,2533,49,-158,2528
13551845,4169,507954999,55276326,4753,-4250,33,5815,292665650,2115,292665690,2115,117,7,-16,-105,2448,-11,-155,2444
13561870,4168,507955020,55276296,4754,-4249,33,5815,292665650,2115,292665700,2115,117,7,-19,-125,2503,-13,-176,2498
13572135,4167,507955042,55276266,4755,-4248,34,5815,292665650,2115,292665710,2115,117,6,-24,-71,2393,-19,-120,2389
13581979,4166,507955063,55276235,4755,-4248,34,5815,292665700,2115,292665720,2115,117,6,-24,-43,2457,-19,-94,2454
13591854,4165,507955085,55276205,4756,-4247,34,5815,292665700,2115,292665730,2115,117,6,55,-131,2517,60,-183,2511
13601862,4163,507955106,55276175,4757,-4246,33,5815,292665700,2115,292665740,2115,117,6,48,-106,2556,53,-158,2551
13612467,4162,507955127,55276145,4758,-4245,33,5815,292665700,2115,292665750,2115,118,6,32,-134,2561,37,-187,2556
13622135,4161,507955149,55276116,4759,-4244,34,5815,292665700,2115,292665760,2115,119,6,-31,-108,2442,-26,-159,2437
13631996,4160,507955170,55276084,4759,-4243,34,5815,292665750,2115,292665770,2115,119,6,-57,-33,2446,-52,-85,2443
13641880,4159,507955192,55276054,4760,-4242,35,5815,292665750,2115,292665780,2115,120,6,-15,-151,2398,-10,-201,2392
13651868,4158,507955213,55276024,4761,-4242,35,5815,292665750,2115,292665790,2115,120,7,19,-61,2429,24,-113,2425
13661855,4157,507955234,55275995,4762,-4241,36,5815,292665750,2115,292665800,2115,120,7,31,-128,2406,37,-179,2401
13672110,4155,507955256,55275965,4763,-4240,37,5815,292665750,2115,292665810,2115,121,8,28,-129,2461,34,-181,2456
13682297,4154,507955277,55275934,4764,-4239,37,5815,292665800,2115,292665820,2115,121,8,24,-79,2463,30,-132,2458
13691844,4153,507955299,55275904,4765,-4238,37,5815,292665800,2115,292665830,2115,121,9,-16,-135,2539,-10,-189,2534
13702234,4152,507955320,55275874,4766,-4237,37,5815,292665800,2115,292665840,2115,121,9,-17,-104,2414,-11,-156,2409
13711840,4151,507955341,55275844,4766,-4236,38,5815,292665800,2115,292665850,2115,121,10,3,-56,2455,10,-108,2451
13722096,4150,507955363,55275815,4767,-4236,39,5815,292665800,2115,292665860,2115,121,10,14,-92,2392,20,-143,2388
13732007,4149,507955384,55275783,4769,-4235,39,5815,292665850,2115,292665870,2115,120,11,38,-155,2413,45,-206,2407
13741847,4148,507955406,55275754,4770,-4234,40,5815,292665850,2115,292665880,2115,120,11,22,-128,2418,29,-179,2413
13751850,4147,507955427,55275724,4770,-4234,41,5815,292665850,2115,292665890,2115,119,11,19,-43,2435,26,-94,2432
13761847,4145,507955449,55275694,4771,-4233,41,5815,292665850,2115,292665900,2115,119,10,-1,-106,2431,6,-156,2427
13772092,4144,507955470,55275664,4772,-4232,41,5815,292665850,2115,292665910,2115,118,10,5,-115,2481,12,-166,2477
13782012,4143,507955492,55275633,4773,-4231,42,5815,292665900,2115,292665920,2115,117,10,24,-69,2445,30,-119,2441
13791861,4142,507955513,55275603,4774,-4230,42,5815,292665900,2115,292665930,2115,116,9,16,-105,2491,22,-156,2487
13802137,4141,507955534,55275574,4775,-4229,42,5815,292665900,2115,292665940,2115,115,9,18,-129,2543,25,-181,2538
13811857,4140,507955556,55275544,4776,-4229,42,5815,292665900,2115,292665950,2115,115,8,34,-94,2487,40,-144,2483
13823227,4139,507955577,55275514,4776,-4228,42,5815,292665900,2115,292665960,2115,114,8,-17,-82,2492,-11,-132,2488
13832436,4137,507955599,55275483,4777,-4227,42,5815,292665950,2115,292665970,2115,114,8,-36,-102,2494,-30,-153,2489
13841857,4136,507955620,55275453,4778,-4226,42,5815,292665950,2115,292665980,2115,114,8,-21,-86,2540,-15,-137,2536
13851855,4135,507955642,55275424,4779,-4225,41,5815,292665950,2115,292665990,2115,113,8,61,-189,2583,67,-240,2576
13861852,4134,507955663,55275394,4780,-4225,41,5815,292665950,2115,292666000,2115,112,8,31,-12,2547,37,-62,2544
13872111,4134,507955685,55275364,4781,-4224,41,5815,292665950,2115,292666010,2115,111,8,16,-102,2510,22,-151,2506
13882013,4133,507955706,55275333,4782,-4223,40,5815,292666000,2115,292666020,2115,110,8,-25,-140,2545,-19,-189,2540
13891883,4132,507955728,55275304,4782,-4222,40,5815,292666000,2115,292666030,2115,110,8,-56,-104,2518,-50,-153,2514
13902160,4131,507955749,55275274,4783,-4221,40,5815,292666000,2115,292666040,2115,110,9,12,-90,2506,18,-138,2502
13911835,4130,507955771,55275244,4784,-4221,41,5815,292666000,2115,292666050,2115,110,9,37,-66,2464,43,-114,2460
13922093,4129,507955792,55275215,4785,-4220,41,5815,292666000,2115,292666060,2115,111,9,49,-107,2510,56,-155,2506
13932040,4128,507955814,55275183,4786,-4219,40,5815,292666050,2115,292666070,2115,111,9,27,-152,2522,33,-201,2517
13941933,4127,507955835,55275154,4787,-4219,40,5815,292666050,2115,292666080,2115,111,9,16,-51,2521,22,-100,2518
13951861,4126,507955857,55275124,4788,-4217,41,5815,292666050,2115,292666090,2115,111,9,-18,-117,2429,-12,-165,2425
13961866,4125,507955878,55275095,4788,-4217,41,5815,292666050,2115,292666100,2115,112,9,-25,-100,2488,-18,-150,2483
13972507,4124,507955900,55275065,4789,-4216,41,5815,292666050,2115,292666110,2115,113,9,0,-91,2491,6,-140,2486
13982004,4123,507955921,55275034,4790,-4215,41,5815,292666100,2115,292666120,2115,114,9,27,-80,2572,34,-131,2568
13991930,4122,507955943,55275004,4791,-4214,40,5815,292666100,2115,292666130,2115,116,9,33,-113,2591,39,-166,2586
14002233,4121,507955964,55274975,4792,-4213,39,5815,292666100,2115,292666140,2115,118,9,38,-149,2570,45,-202,2565
14011873,4120,507955986,55274945,4793,-4212,39,5815,292666100,2115,292666150,2115,119,9,-13,-99,2528,-7,-152,2524
14022082,4119,507956008,55274916,4794,-4211,39,5815,292666100,2115,292666160,2115,121,8,-21,-111,2509,-15,-165,2504
14031986,4119,507956029,55274884,4795,-4210,39,5815,292666150,2115,292666170,2115,123,8,-22,-111,2509,-16,-165,2505
14041947,4118,507956051,55274855,4795,-4209,39,5815,292666150,2115,292666180,2115,124,8,-23,-92,2508,-17,-146,2504
14051854,4117,507956072,55274825,4796,-4209,39,5815,292666150,2115,292666190,2115,126,8,28,-72,2516,34,-128,2512
14061860,4116,507956094,55274796,4798,-4208,39,5815,292666150,2115,292666200,2115,128,8,61,-157,2564,67,-214,2558
14072110,4116,507956115,55274766,4799,-4207,38,5815,292666150,2115,292666210,2115,129,8,17,-94,2543,23,-152,2539
14082001,4115,507956137,55274735,4799,-4206,38,5815,292666200,2115,292666220,2115,131,8,-15,-132,2589,-9,-192,2584
14091944,4114,507956159,55274706,4800,-4205,37,5815,292666200,2115,292666230,2115,132,9,-35,-40,2560,-29,-100,2557
14102715,4114,507956180,55274676,4800,-4204,37,5816,292666200,2115,292666240,2115,133,9,-23,-91,2585,-16,-152,2580
14111849,4113,507956202,55274647,4801,-4203,36,5816,292666200,2115,292666250,2115,134,9,13,-107,2530,19,-167,2525
14123265,4112,507956223,55274617,4802,-4203,36,5816,292666200,2115,292666260,2115,134,10,17,-26,2540,23,-86,2537
14131994,4112,507956245,55274586,4803,-4202,36,5816,292666250,2115,292666270,2115,135,10,28,-72,2544,34,-132,2539
14141960,4111,507956266,55274557,4804,-4202,36,5816,292666250,2115,292666280,2115,135,10,24,-94,2519,31,-154,2514
14151846,4110,507956288,55274527,4804,-4201,36,5816,292666250,2115,292666290,2115,135,10,-8,-66,2492,-1,-126,2488
14161856,4110,507956310,55274498,4805,-4200,36,5816,292666250,2115,292666300,2115,135,10,-16,3,2496,-9,-56,2494
14172096,4109,507956331,55274468,4805,-4200,36,5816,292666250,2115,292666310,2115,134,10,19,-31,2527,25,-90,2524
14181997,4109,507956353,55274437,4806,-4199,36,5816,292666300,2115,292666320,2115,133,10,21,-64,2515,27,-123,2510
14191915,4108,507956374,55274408,4807,-4199,35,5816,292666300,2115,292666330,2115,132,9,56,-15,2553,62,-75,2550
14202355,4107,507956396,55274378,4807,-4199,35,5816,292666300,2115,292666340,2115,131,9,14,7,2514,20,-51,2512
14211851,4107,507956418,55274349,4808,-4198,35,5816,292666300,2115,292666350,2115,131,9,-12,-62,2488,-6,-119,2484
14222134,4106,507956439,55274319,4808,-4198,35,5816,292666300,2115,292666360,2115,130,8,-24,-5,2485,-18,-62,2482
14232004,4106,507956461,55274288,4808,-4198,35,5816,292666350,2115,292666370,2115,130,8,-17,35,2530,-12,-23,2529
14241941,4105,507956483,55274259,4809,-4198,34,5816,292666350,2115,292666380,2115,129,8,34,-6,2642,40,-66,2640
14251850,4104,507956504,55274229,4809,-4197,33,5816,292666350,2115,292666390,2115,129,8,1,-37,2625,7,-97,2621
14261866,4104,507956526,55274200,4810,-4197,32,5816,292666350,2115,292666400,2115,128,7,44,-28,2637,50,-88,2634
14273257,4103,507956547,55274170,4810,-4196,32,5816,292666350,2115,292666410,2115,128,7,-10,-22,2551,-5,-80,2548
14281987,4103,507956569,55274139,4810,-4196,31,5816,292666400,2115,292666420,2115,129,7,-36,20,2562,-31,-38,2560
14291950,4102,507956591,55274110,4810,-4195,32,5816,292666400,2115,292666430,2115,130,7,-40,-25,2413,-35,-80,2410
14301833,4102,507956612,55274080,4811,-4195,32,5816,292666400,2115,292666440,2115,130,6,18,-8,2477,22,-65,2474
14311840,4101,507956634,55274051,4812,-4195,32,5816,292666400,2115,292666450,2115,130,6,48,-66,2471,52,-123,2467
14322145,4101,507956656,55274022,4813,-4194,32,5816,292666400,2115,292666460,2115,130,5,29,-51,2553,33,-109,2549
14331986,4101,507956677,55273991,4813,-4194,32,5816,292666450,2115,292666470,2115,131,5,39,7,2529,43,-51,2527
14341914,4101,507956699,55273961,4814,-4193,31,5816,292666450,2115,292666480,2115,131,4,8,-42,2596,12,-102,2592
14352192,4101,507956720,55273932,4814,-4193,31,5816,292666450,2115,292666490,2115,131,4,-20,-54,2505,-16,-112,2501
14361865,4101,507956742,55273902,4815,-4192,31,5816,292666450,2115,292666500,2115,131,4,-19,-24,2550,-15,-83,2547
14372084,4101,507956764,55273873,4815,-4192,31,5816,292666450,2115,292666510,2115,131,4,-29,25,2473,-26,-33,2471
14382000,4100,507956785,55273842,4815,-4192,31,5816,292666500,2115,292666520,2115,131,4,-1,9,2526,3,-49,2524
14391908,4100,507956807,55273812,4815,-4191,31,5816,292666500,2115,292666530,2115,131,4,26,-43,2511,30,-100,2507
14402694,4100,507956829,55273783,4816,-4191,31,5816,292666500,2115,292666540,2115,130,4,33,-13,2533,37,-71,2530
14412464,4100,507956850,55273754,4816,-4191,31,5816,292666500,2115,292666550,2115,130,4,-1,84,2460,2,28,2459
14422177,4100,507956872,55273724,4816,-4191,31,5816,292666500,2115,292666560,2115,130,4,-17,22,2485,-13,-35,2483
14432002,4100,507956894,55273693,4816,-4191,31,5816,292666550,2115,292666570,2115,130,5,-26,50,2508,-22,-8,2507
14442350,4100,507956915,55273664,4816,-4190,31,5816,292666550,2115,292666580,2115,130,5,8,-13,2479,13,-69,2477
14451875,4100,507956937,55273634,4817,-4190,31,5816,292666550,2115,292666590,2115,130,5,52,18,2515,56,-39,2513
14461860,4099,507956959,55273605,4817,-4190,31,5816,292666550,2115,292666600,2115,130,6,8,19,2442,13,-37,2440
14472429,4099,507956980,55273576,4817,-4190,31,5816,292666550,2115,292666610,2115,129,6,-16,36,2543,-12,-22,2542
14481983,4099,507957002,55273545,4817,-4190,32,5816,292666600,2115,292666620,2115,129,6,16,54,2447,21,-2,2446
14491912,4099,507957024,55273515,4818,-4190,32,5816,292666600,2115,292666630,2115,129,6,16,33,2440,20,-22,2439
14502063,4099,507957045,55273486,4818,-4190,33,5816,292666600,2115,292666640,2115,128,7,3,19,2360,7,-34,2358
14511850,4099,507957067,55273456,4818,-4190,34,5816,292666600,2115,292666650,2115,128,7,9,50,2406,13,-4,2405
14522101,4098,507957089,55273427,4818,-4190,34,5816,292666600,2115,292666660,2115,128,7,11,22,2475,16,-34,2473
14532856,4098,507957110,55273396,4819,-4190,34,5816,292666650,2115,292666670,2115,128,7,36,-16,2532,41,-73,2529
14541915,4098,507957132,55273367,4819,-4190,34,5816,292666650,2115,292666680,2115,129,8,37,95,2521,42,38,2521
14551841,4098,507957154,55273337,4819,-4190,34,5816,292666650,2115,292666690,2115,130,8,12,30,2419,17,-25,2418
14561907,4097,507957175,55273308,4819,-4190,35,5816,292666650,2115,292666700,2115,131,8,-47,102,2443,-43,45,2443
14572157,4097,507957197,55273279,4819,-4190,35,5816,292666650,2115,292666710,2115,132,9,-1,-2,2468,5,-60,2466
14581991,4097,507957218,55273247,4819,-4190,35,5816,292666700,2115,292666720,2115,133,9,2,-2,2482,8,-60,2480
14592239,4097,507957240,55273218,4819,-4190,36,5816,292666700,2115,292666730,2115,134,10,31,46,2412,37,-11,2411
14601923,4096,507957262,55273189,4820,-4190,36,5816,292666700,2115,292666740,2115,135,10,11,22,2477,17,-37,2475
14611860,4096,507957283,55273159,4820,-4190,37,5816,292666700,2115,292666750,2115,137,10,-1,49,2409,5,-9,2408
14623456,4096,507957305,55273130,4820,-4189,37,5816,292666700,2115,292666760,2115,138,11,-8,26,2448,-2,-34,2446
14631975,4096,507957327,55273099,4821,-4189,38,5816,292666750,2115,292666770,2115,139,11,24,-65,2458,31,-125,2454
14641936,4096,507957348,55273069,4821,-4189,39,5816,292666750,2115,292666780,2115,139,12,-18,20,2380,-11,-39,2378
14652691,4096,507957370,55273040,4821,-4189,39,5816,292666750,2115,292666790,2115,140,12,7,46,2406,14,-14,2404
14661845,4097,507957392,55273011,4822,-4188,40,5816,292666750,2115,292666800,2115,141,12,35,-42,2421,43,-101,2417
14672169,4097,507957414,55272981,4822,-4188,42,5816,292666750,2115,292666810,2115,141,13,6,38,2301,13,-20,2300
14682859,4097,507957435,55272950,4822,-4188,42,5816,292666800,2115,292666820,2115,141,13,1,32,2455,8,-28,2453
14691931,4097,507957457,55272921,4822,-4188,42,5816,292666800,2115,292666830,2115,140,14,4,68,2465,12,7,2464
14702065,4098,507957479,55272892,4822,-4188,43,5816,292666800,2115,292666840,2115,139,14,-12,38,2433,-5,-22,2431
14711850,4098,507957500,55272862,4823,-4188,44,5816,292666800,2115,292666850,2115,139,14,29,78,2407,37,19,2406
14722101,4098,507957522,55272833,4823,-4188,44,5816,292666800,2115,292666860,2115,138,15,14,59,2424,21,0,2423
14731996,4098,507957544,55272802,4823,-4188,44,5816,292666850,2115,292666870,2115,138,15,17,61,2474,25,1,2473
14741927,4099,507957565,55272772,4822,-4189,45,5816,292666850,2115,292666880,2115,138,15,-33,125,2458,-25,65,2458
14751841,4099,507957587,55272743,4822,-4189,46,5816,292666850,2115,292666890,2115,137,16,9,136,2382,17,78,2383
14762148,4099,507957609,55272714,4822,-4189,47,5816,292666850,2115,292666900,2115,136,16,6,34,2393,14,-24,2391
14773232,4099,507957630,55272684,4822,-4189,47,5816,292666850,2115,292666910,2115,135,16,-2,66,2471,7,8,2470
14781995,4099,507957652,55272653,4822,-4190,47,5816,292666900,2115,292666920,2115,133,16,44,94,2452,52,36,2451
14791909,4100,507957674,55272624,4822,-4190,47,5816,292666900,2115,292666930,2115,132,16,34,106,2498,42,48,2497
14802654,4100,507957695,55272595,4822,-4191,48,5816,292666900,2115,292666940,2115,131,16,0,102,2456,8,45,2456
14811894,4100,507957717,55272565,4822,-4190,48,5816,292666900,2115,292666950,2115,131,16,-19,41,2438,-10,-16,2436
14822177,4100,507957739,55272536,4821,-4191,48,5816,292666900,2115,292666960,2115,130,15,-44,152,2501,-36,95,2502
14832391,4100,507957760,55272505,4822,-4191,48,5816,292666950,2115,292666970,2115,129,15,13,58,2516,21,1,2515
14841940,4100,507957782,55272475,4822,-4191,48,5816,292666950,2115,292666980,2115,128,14,59,-11,2544,67,-68,2541
14851838,4100,507957804,55272446,4822,-4192,47,5816,292666950,2115,292666990,2115,128,14,52,130,2534,59,73,2534
14862425,4100,507957826,55272416,4822,-4192,47,5816,292666950,2115,292667000,2115,128,13,28,116,2544,35,59,2544
14873214,4100,507957847,55272387,4822,-4192,47,5816,292666950,2115,292667010,2115,128,12,-39,47,2515,-32,-9,2513
14881986,4100,507957869,55272356,4822,-4192,47,5816,292667000,2115,292667020,2115,128,11,-47,88,2535,-40,30,2534
14892575,4100,507957891,55272327,4822,-4192,46,5816,292667000,2115,292667030,2115,128,11,11,88,2611,18,29,2611
14901833,4100,507957912,55272297,4822,-4193,45,5816,292667000,2115,292667040,2115,127,10,30,66,2608,36,8,2607
14911849,4100,507957934,55272268,4822,-4193,44,5816,292667000,2115,292667050,2115,127,9,47,48,2608,52,-10,2607
14922823,4100,507957956,55272238,4822,-4193,43,5816,292667000,2115,292667060,2115,127,9,-4,89,2614,2,31,2613
14932012,4100,507957977,55272207,4822,-4193,42,5816,292667050,2115,292667070,2115,127,8,-5,64,2635,0,5,2634
14941916,4100,507957999,55272178,4821,-4193,41,5816,292667050,2115,292667080,2115,127,7,-47,90,2629,-42,31,2628
14952489,4100,507958021,55272149,4821,-4193,40,5816,292667050,2115,292667090,2115,127,7,-24,52,2586,-20,-6,2584
14961830,4100,507958042,55272119,4822,-4193,39,5816,292667050,2115,292667100,2115,127,6,19,35,2663,24,-25,2661
14972112,4100,507958064,55272090,4822,-4193,39,5816,292667050,2115,292667110,2115,126,5,23,15,2596,27,-43,2593
14982611,4100,507958086,55272059,4822,-4193,37,5816,292667100,2115,292667120,2115,126,5,15,146,2646,18,87,2646
14991910,4101,507958107,55272029,4822,-4193,36,5816,292667100,2115,292667130,2115,126,4,16,-3,2640,20,-61,2637
15001842,4100,507958129,55272000,4822,-4193,36,5816,292667100,2115,292667140,2115,126,4,-26,98,2590,-23,41,2589
15012359,4100,507958151,55271970,4821,-4193,35,5816,292667100,2115,292667150,2115,126,3,-43,73,2542,-40,17,2541
15022110,4100,507958172,55271941,4822,-4193,34,5816,292667100,2115,292667160,2115,127,3,16,13,2722,20,-48,2720
15032002,4100,507958194,55271910,4822,-4193,32,5816,292667150,2115,292667170,2115,127,3,-15,53,2650,-12,-7,2649
15042476,4100,507958216,55271881,4822,-4193,31,5816,292667150,2115,292667180,2115,128,2,56,21,2722,59,-40,2720
15051847,4100,507958237,55271851,4823,-4193,29,5816,292667150,2115,292667190,2115,128,2,9,38,2677,12,-23,2675
15062477,4100,507958259,55271822,4822,-4193,28,5816,292667150,2115,292667200,2115,129,2,-18,66,2645,-15,6,2644
15072330,4100,507958281,55271792,4822,-4193,27,5816,292667150,2115,292667210,2115,130,1,-39,65,2631,-37,4,2630
15082003,4099,507958302,55271761,4822,-4193,26,5816,292667200,2115,292667220,2115,130,1,-8,80,2641,-6,20,2640
15091926,4099,507958324,55271732,4822,-4193,26,5816,292667200,2115,292667230,2115,131,0,-3,41,2567,-1,-18,2565
15102578,4099,507958346,55271703,4823,-4192,25,5816,292667200,2115,292667240,2115,132,0,22,-58,2614,24,-118,2610
15111846,4099,507958367,55271673,4823,-4192,24,5816,292667200,2115,292667250,2115,132,0,2,42,2587,4,-18,2586
15122202,4099,507958389,55271644,4823,-4192,23,5816,292667200,2115,292667260,2115,133,0,5,63,2629,6,2,2628
15132192,4099,507958411,55271613,4823,-4191,23,5817,292667250,2115,292667270,2115,134,-1,-15,-2,2557,-14,-62,2555
15141947,4099,507958432,55271583,4823,-4191,21,5817,292667250,2115,292667280,2115,135,-1,-33,53,2646,-32,-10,2645
15151827,4098,507958454,55271554,4823,-4191,19,5817,292667250,2115,292667290,2115,135,-1,10,39,2760,11,-27,2758
15161861,4098,507958476,55271525,4823,-4191,18,5817,292667250,2115,292667300,2115,136,-1,18,35,2653,19,-28,2651
15172134,4098,507958497,55271495,4824,-4191,18,5817,292667250,2115,292667310,2115,136,-1,10,37,2587,11,-25,2585
15181983,4098,507958519,55271464,4824,-4190,18,5817,292667300,2115,292667320,2115,136,-1,-2,-24,2487,-1,-83,2484
15192148,4098,507958541,55271435,4823,-4190,18,5817,292667300,2115,292667330,2115,136,-1,-44,141,2496,-43,81,2496
15202691,4098,507958562,55271405,4824,-4190,18,5817,292667300,2115,292667340,2115,137,-1,-24,2,2509,-22,-59,2507
15211839,4097,507958584,55271376,4824,-4190,18,5817,292667300,2115,292667350,2115,137,-1,37,41,2495,38,-18,2494
15222752,4097,507958606,55271347,4824,-4190,18,5817,292667300,2115,292667360,2115,136,0,22,25,2459,23,-34,2457
15231983,4097,507958628,55271316,4824,-4189,17,5817,292667350,2115,292667370,2115,135,0,0,3,2564,2,-58,2562
15241940,4097,507958649,55271286,4824,-4189,17,5817,292667350,2115,292667380,2115,134,1,-19,33,2474,-17,-26,2473
15252741,4096,507958671,55271257,4824,-4189,17,5817,292667350,2115,292667390,2115,133,2,-13,49,2562,-10,-11,2561
15261847,4096,507958693,55271228,4824,-4189,18,5817,292667350,2115,292667400,2115,131,4,-45,84,2425,-42,28,2425
15273269,4096,507958714,55271198,4824,-4189,18,5817,292667350,2115,292667410,2115,130,5,-22,17,2432,-17,-39,2430
15282711,4095,507958736,55271167,4825,-4189,19,5817,292667400,2115,292667420,2115,129,7,-4,44,2414,1,-11,2413
15291941,4095,507958758,55271138,4825,-4189,20,5817,292667400,2115,292667430,2115,127,9,17,33,2426,22,-21,2424
15302123,4095,507958779,55271108,4825,-4189,21,5817,292667400,2115,292667440,2115,126,10,45,70,2343,51,18,2342
15312716,4094,507958801,55271079,4825,-4189,22,5817,292667400,2115,292667450,2115,125,12,-1,31,2342,5,-20,2340
15322134,4094,507958823,55271050,4825,-4189,25,5817,292667400,2115,292667460,2115,124,13,-27,63,2167,-20,15,2166
15332002,4093,507958844,55271019,4825,-4189,27,5817,292667450,2115,292667470,2115,123,15,3,14,2210,11,-33,2208
15342668,4093,507958866,55270989,4825,-4189,30,5817,292667450,2115,292667480,2115,122,16,-10,81,2147,-2,35,2146
15351873,4092,507958888,55270960,4825,-4189,32,5817,292667450,2115,292667490,2115,122,18,17,1,2302,26,-48,2300
15361851,4091,507958909,55270931,4826,-4189,32,5817,292667450,2115,292667500,2115,121,19,41,-23,2397,51,-74,2394
15373449,4091,507958931,55270901,4826,-4189,33,5817,292667450,2115,292667510,2115,121,21,34,28,2367,45,-22,2365
15381993,4090,507958953,55270870,4826,-4189,35,5817,292667500,2115,292667520,2115,121,22,9,27,2319,19,-22,2317
15391945,4089,507958975,55270841,4827,-4189,37,5817,292667500,2115,292667530,2115,121,23,-21,-50,2279,-10,-99,2276
15401877,4089,507958996,55270811,4827,-4188,39,5817,292667500,2115,292667540,2115,122,23,-25,-4,2196,-14,-52,2194
15411862,4088,507959018,55270782,4827,-4188,42,5817,292667500,2115,292667550,2115,122,24,-22,-35,2153,-10,-82,2151
15422515,4087,507959040,55270753,4828,-4187,44,5817,292667500,2115,292667560,2115,123,24,-6,-43,2183,5,-90,2180
15431991,4087,507959061,55270722,4829,-4187,46,5817,292667550,2115,292667570,2115,124,24,38,-32,2275,50,-82,2272
15441927,4086,507959083,55270692,4830,-4187,47,5817,292667550,2115,292667580,2115,124,24,65,-59,2340,77,-110,2337
15451835,4086,507959105,55270663,4830,-4187,49,5817,292667550,2115,292667590,2115,125,23,61,42,2314,73,-9,2313
15462046,4085,507959126,55270634,4831,-4186,50,5817,292667550,2115,292667600,2115,126,22,-7,-73,2361,5,-125,2357
15472100,4084,507959148,55270604,4831,-4186,51,5817,292667550,2115,292667610,2115,127,21,-32,-72,2333,-21,-124,2329
15481992,4084,507959170,55270573,4832,-4185,52,5817,292667600,2115,292667620,2115,128,20,-51,-49,2402,-40,-104,2399
15491922,4083,507959192,55270544,4832,-4184,53,5817,292667600,2115,292667630,2115,129,19,-11,-35,2424,0,-90,2420
15501845,4083,507959213,55270515,4833,-4184,53,5817,292667600,2115,292667640,2115,129,18,27,-41,2464,37,-97,2460
15511856,4082,507959235,55270485,4834,-4183,53,5817,292667600,2115,292667650,2115,129,17,34,-26,2473,43,-81,2470
15522124,4082,507959257,55270456,4834,-4183,53,5817,292667600,2115,292667660,2115,129,15,-9,-34,2488,0,-90,2484
15531990,4081,507959279,55270425,4835,-4182,54,5817,292667650,2115,292667670,2115,129,13,-30,-24,2474,-22,-80,2471
15541927,4081,507959300,55270396,4835,-4181,54,5817,292667650,2115,292667680,2115,129,12,-24,-55,2500,-16,-112,2497
15552075,4080,507959322,55270366,4835,-4181,54,5817,292667650,2115,292667690,2115,129,11,-7,7,2502,-1,-49,2500
15561853,4079,507959344,55270337,4836,-4181,54,5817,292667650,2115,292667700,2115,129,9,6,27,2496,12,-29,2495
15572142,4079,507959366,55270308,4837,-4180,53,5817,292667650,2115,292667710,2115,129,8,29,-88,2564,35,-146,2559
15582251,4078,507959387,55270277,4837,-4180,52,5817,292667700,2115,292667720,2115,130,7,-10,29,2585,-5,-30,2583
15591944,4077,507959409,55270247,4837,-4179,51,5817,292667700,2115,292667730,2115,130,6,-15,-38,2644,-10,-98,2640
15601848,4077,507959431,55270218,4838,-4178,50,5817,292667700,2115,292667740,2115,131,5,-33,-36,2617,-29,-96,2614
15612065,4076,507959453,55270189,4838,-4178,50,5817,292667700,2115,292667750,2115,131,5,-32,-13,2608,-27,-73,2605
15622099,4075,507959474,55270160,4838,-4177,49,5817,292667700,2115,292667760,2115,131,4,-2,-30,2571,2,-90,2568
15632008,4075,507959496,55270129,4839,-4177,48,5817,292667750,2115,292667770,2115,132,3,11,-40,2648,14,-101,2645
15642701,4074,507959518,55270099,4839,-4176,47,5817,292667750,2115,292667780,2115,132,3,3,-30,2620,6,-91,2617
15651868,4073,507959540,55270070,4840,-4176,46,5817,292667750,2115,292667790,2115,132,3,11,-65,2613,14,-126,2609
15661869,4073,507959561,55270041,4840,-4175,46,5817,292667750,2115,292667800,2115,133,2,-38,-34,2552,-35,-93,2549
15672090,4072,507959583,55270012,4841,-4174,46,5817,292667750,2115,292667810,2115,133,2,-13,-59,2543,-10,-119,2539
15681998,4071,507959605,55269981,4840,-4174,44,5817,292667800,2115,292667820,2115,133,2,15,-42,2631,18,-104,2627
15691839,4071,507959627,55269951,4841,-4173,43,5817,292667800,2115,292667830,2115,133,1,15,-47,2635,18,-109,2632
15702217,4070,507959648,55269922,4842,-4173,42,5817,292667800,2115,292667840,2115,133,1,17,-22,2671,19,-85,2668
15711865,4070,507959670,55269893,4842,-4172,41,5817,292667800,2115,292667850,2115,134,1,2,-92,2646,5,-154,2641
15723275,4069,507959692,55269864,4843,-4172,39,5817,292667800,2115,292667860,2115,134,1,-30,-23,2688,-27,-86,2685
15732001,4068,507959714,55269833,4843,-4171,39,5817,292667850,2115,292667870,2115,134,1,-35,-24,2625,-32,-86,2622
15741912,4068,507959735,55269803,4843,-4171,37,5817,292667850,2115,292667880,2115,134,1,-13,5,2639,-10,-57,2636
15751840,4067,507959757,55269774,4844,-4170,37,5817,292667850,2115,292667890,2115,135,1,2,-51,2618,5,-112,2614
15762463,4067,507959779,55269745,4845,-4169,35,5817,292667850,2115,292667900,2115,135,1,19,-57,2659,21,-119,2655
15772102,4066,507959801,55269716,4845,-4169,34,5817,292667850,2115,292667910,2115,135,1,20,11,2672,23,-52,2670
15782632,4065,507959822,55269685,4846,-4168,33,5817,292667900,2115,292667920,2115,135,1,3,-54,2692,5,-117,2688
15791906,4065,507959844,55269655,4846,-4168,31,5817,292667900,2115,292667930,2115,135,1,-27,-25,2645,-25,-88,2642
15802146,4064,507959866,55269626,4847,-4167,30,5817,292667900,2115,292667940,2115,135,1,-24,-57,2671,-21,-120,2667
15811838,4063,507959888,55269597,4847,-4167,29,5817,292667900,2115,292667950,2115,135,1,-17,9,2645,-15,-54,2643
15822227,4063,507959910,55269568,4848,-4166,28,5817,292667900,2115,292667960,2115,135,1,22,-59,2643,25,-121,2639
15831981,4062,507959931,55269537,4848,-4165,27,5817,292667950,2115,292667970,2115,134,2,7,-61,2640,10,-123,2636
15841969,4062,507959953,55269508,4849,-4165,26,5817,292667950,2115,292667980,2115,134,2,-2,-15,2619,1,-77,2616
15851835,4061,507959975,55269478,4849,-4164,25,5817,292667950,2115,292667990,2115,133,2,-26,-3,2572,-23,-64,2570
15861831,4060,507959997,55269449,4849,-4164,25,5817,292667950,2115,292668000,2115,133,3,-5,-52,2616,-1,-113,2612
15872096,4059,507960019,55269420,4850,-4163,24,5817,292667950,2115,292668010,2115,132,3,-1,-48,2606,3,-108,2602
15881982,4059,507960040,55269389,4850,-4163,23,5817,292668000,2115,292668020,2115,131,4,-4,-28,2572,0,-87,2569
15891924,4058,507960062,55269360,4851,-4162,22,5817,292668000,2115,292668030,2115,131,5,13,-11,2623,17,-71,2620
15901832,4057,507960084,55269331,4851,-4161,22,5817,292668000,2115,292668040,2115,130,6,-10,-75,2537,-5,-133,2533
15911854,4057,507960106,55269302,4852,-4161,22,5817,292668000,2115,292668050,2115,129,7,9,-42,2542,15,-100,2538
15922076,4056,507960128,55269272,4852,-4160,22,5817,292668000,2115,292668060,2115,128,8,-26,-23,2480,-20,-79,2477
15932006,4055,507960149,55269242,4853,-4160,21,5817,292668050,2115,292668070,2115,127,9,2,-2,2564,8,-59,2561
15941994,4055,507960171,55269212,4853,-4160,21,5817,292668050,2115,292668080,2115,125,10,-9,-23,2484,-3,-78,2481
15951840,4054,507960193,55269183,4853,-4159,21,5817,292668050,2115,292668090,2115,124,11,20,-7,2507,27,-62,2505
15961852,4053,507960215,55269154,4854,-4159,22,5817,292668050,2115,292668100,2115,123,12,17,-24,2426,25,-77,2423
15973235,4053,507960237,55269125,4854,-4159,23,5817,292668050,2115,292668110,2115,122,13,-10,-21,2386,-2,-72,2383
15981996,4052,507960258,55269094,4854,-4158,24,5817,292668100,2115,292668120,2115,121,13,-4,10,2381,4,-41,2379
15991916,4051,507960280,55269065,4855,-4158,25,5817,292668100,2115,292668130,2115,120,14,-11,-8,2369,-3,-58,2367
16001877,4050,507960302,55269036,4855,-4158,26,5817,292668100,2115,292668140,2115,119,15,13,-25,2408,21,-75,2405
16012261,4050,507960324,55269007,4856,-4157,27,5817,292668100,2115,292668150,2115,118,16,31,-72,2372,40,-121,2369
16022171,4049,507960346,55268977,4856,-4157,27,5817,292668100,2115,292668160,2115,117,16,5,49,2412,13,-1,2410
16032000,4048,507960368,55268947,4857,-4157,28,5817,292668150,2115,292668170,2115,116,17,22,13,2454,31,-37,2452
16041939,4047,507960389,55268917,4857,-4156,29,5817,292668150,2115,292668180,2115,116,17,-21,-67,2425,-12,-117,2421
16051826,4046,507960411,55268888,4858,-4156,30,5817,292668150,2115,292668190,2115,115,18,-31,-26,2377,-22,-75,2374
16062514,4045,507960433,55268859,4858,-4155,30,5817,292668150,2115,292668200,2115,115,18,-12,-20,2417,-2,-69,2414
16072126,4045,507960455,55268830,4859,-4155,32,5817,292668150,2115,292668210,2115,115,18,27,-50,2341,37,-97,2337
16081991,4044,507960477,55268799,4859,-4155,33,5817,292668200,2115,292668220,2115,115,18,19,-32,2325,29,-79,2322
16091910,4043,507960499,55268770,4860,-4154,34,5817,292668200,2115,292668230,2115,115,18,12,-70,2319,22,-117,2315
16102195,4042,507960520,55268741,4860,-4154,36,5817,292668200,2115,292668240,2115,116,18,0,-42,2290,10,-88,2287
16111839,4041,507960542,55268712,4861,-4153,37,5817,292668200,2115,292668250,2115,116,18,-17,-83,2357,-7,-132,2353
16122135,4040,507960564,55268683,4861,-4153,38,5817,292668200,2115,292668260,2115,117,18,9,-39,2383,18,-88,2380
16131974,4039,507960586,55268652,4862,-4152,39,5817,292668250,2115,292668270,2115,118,17,0,-126,2427,10,-177,2422
16141913,4039,507960608,55268623,4863,-4151,39,5817,292668250,2115,292668280,2115,119,17,29,-115,2466,39,-166,2461
16151845,4038,507960630,55268594,4864,-4150,39,5818,292668250,2115,292668290,2115,120,17,-16,-46,2458,-7,-97,2454
16161850,4037,507960652,55268565,4864,-4149,40,5818,292668250,2115,292668300,2115,121,16,-10,-69,2433,-1,-121,2429
16172079,4037,507960673,55268535,4865,-4149,41,5818,292668250,2115,292668310,2115,122,16,-27,-59,2430,-18,-111,2426
16182534,4036,507960695,55268505,4866,-4148,42,5818,292668300,2115,292668320,2115,123,16,-9,-112,2337,-1,-163,2332
16192276,4035,507960717,55268476,4867,-4147,43,5818,292668300,2115,292668330,2115,124,15,22,-127,2391,31,-180,2386
16202812,4034,507960739,55268446,4867,-4146,44,5818,292668300,2115,292668340,2115,125,14,17,-52,2390,24,-105,2387
16211845,4034,507960761,55268417,4868,-4146,44,5818,292668300,2115,292668350,2115,126,13,39,-21,2471,46,-75,2468
16222099,4033,507960783,55268388,4869,-4145,44,5818,292668300,2115,292668360,2115,126,11,2,-166,2456,9,-221,2450
16231981,4032,507960805,55268358,4870,-4144,45,5818,292668350,2115,292668370,2115,127,10,3,-24,2484,9,-80,2481
16241949,4032,507960827,55268329,4871,-4143,45,5818,292668350,2115,292668380,2115,127,8,-1,-81,2424,5,-135,2420
16251835,4031,507960848,55268299,4871,-4143,47,5818,292668350,2115,292668390,2115,127,7,6,-61,2343,11,-113,2340
16262354,4030,507960870,55268270,4872,-4142,47,5818,292668350,2115,292668400,2115,128,6,-36,-47,2432,-32,-102,2429
16272271,4029,507960892,55268241,4872,-4141,47,5818,292668350,2115,292668410,2115,128,6,-3,-91,2509,2,-148,2504
16281993,4029,507960914,55268211,4873,-4140,47,5818,292668400,2115,292668420,2115,128,5,-14,-50,2502,-10,-107,2498
16291917,4028,507960936,55268182,4874,-4140,46,5818,292668400,2115,292668430,2115,128,5,19,-46,2600,23,-104,2597
16301867,4027,507960958,55268153,4874,-4139,46,5818,292668400,2115,292668440,2115,127,5,-9,-41,2592,-5,-99,2589
16312805,4026,507960980,55268124,4875,-4139,45,5818,292668400,2115,292668450,2115,126,4,-1,-36,2614,3,-95,2611
16322098,4026,507961002,55268095,4875,-4138,44,5818,292668400,2115,292668460,2115,126,4,-48,-40,2566,-44,-96,2563
16332000,4025,507961024,55268064,4875,-4137,44,5818,292668450,2115,292668470,2115,124,5,-31,-51,2563,-27,-107,2560
16342103,4024,507961046,55268035,4875,-4137,44,5818,292668450,2115,292668480,2115,123,5,-21,-51,2459,-17,-105,2456
16351871,4023,507961068,55268006,4876,-4136,44,5818,292668450,2115,292668490,2115,122,5,0,-90,2487,5,-143,2482
16361857,4022,507961089,55267977,4877,-4136,45,5818,292668450,2115,292668500,2115,122,4,55,21,2425,58,-31,2423
16372102,4021,507961111,55267948,4877,-4135,45,5818,292668450,2115,292668510,2115,122,4,30,-53,2485,34,-106,2481
16381991,4020,507961133,55267917,4879,-4135,45,5818,292668500,2115,292668520,2115,121,4,49,-94,2455,53,-147,2450
16391914,4019,507961155,55267888,4879,-4134,44,5818,292668500,2115,292668530,2115,120,3,-10,-21,2608,-7,-76,2606
16402303,4018,507961177,55267859,4879,-4134,44,5818,292668500,2115,292668540,2115,119,3,7,24,2620,10,-31,2618
16412267,4017,507961199,55267830,4880,-4133,43,5818,292668500,2115,292668550,2115,118,2,3,-99,2558,7,-152,2553
16423667,4017,507961221,55267801,4881,-4133,42,5818,292668500,2115,292668560,2115,118,2,13,-46,2616,16,-101,2613
16432398,4016,507961243,55267771,4881,-4132,42,5818,292668550,2115,292668570,2115,118,2,-29,-42,2529,-27,-95,2526
16441926,4015,507961265,55267742,4881,-4131,41,5818,292668550,2115,292668580,2115,118,2,-23,-30,2653,-21,-85,2650
16451856,4014,507961287,55267713,4882,-4130,40,5818,292668550,2115,292668590,2115,118,2,-23,-99,2576,-20,-153,2571
16461863,4013,507961309,55267684,4883,-4129,40,5818,292668550,2115,292668600,2115,119,3,9,-113,2621,12,-167,2616
16472133,4012,507961331,55267655,4883,-4129,39,5818,292668550,2115,292668610,2115,119,3,8,-44,2616,12,-98,2613
16481987,4011,507961353,55267624,4884,-4128,37,5818,292668600,2115,292668620,2115,120,4,11,-37,2690,15,-94,2687
16491908,4011,507961375,55267595,4884,-4128,36,5818,292668600,2115,292668630,2115,121,5,-5,-27,2684,0,-84,2681
16502865,4010,507961397,55267566,4885,-4127,35,5818,292668600,2115,292668640,2115,122,6,-26,-84,2607,-20,-140,2603
16511874,4009,507961419,55267537,4885,-4126,36,5818,292668600,2115,292668650,2115,123,8,-64,-95,2417,-58,-147,2412
16523570,4008,507961441,55267508,4886,-4125,35,5818,292668600,2115,292668660,2115,124,9,-16,-98,2621,-9,-156,2617
16532013,4008,507961463,55267478,4887,-4124,35,5818,292668650,2115,292668670,2115,124,10,13,-94,2487,20,-149,2483
16541929,4007,507961484,55267449,4888,-4124,35,5818,292668650,2115,292668680,2115,124,12,57,-62,2463,64,-116,2459
16551850,4007,507961506,55267420,4888,-4123,36,5818,292668650,2115,292668690,2115,125,13,4,-38,2390,11,-91,2386
16561856,4006,507961528,55267391,4889,-4123,36,5818,292668650,2115,292668700,2115,126,14,27,-42,2453,35,-96,2450
16572106,4005,507961550,55267362,4890,-4122,36,5818,292668650,2115,292668710,2115,128,15,-1,-123,2511,8,-179,2506
16582783,4005,507961572,55267332,4891,-4121,36,5818,292668700,2115,292668720,2115,129,16,-22,-110,2560,-13,-168,2555
16591906,4004,507961594,55267303,4891,-4121,36,5818,292668700,2115,292668730,2115,129,16,39,-14,2483,48,-70,2480
16601862,4004,507961616,55267274,4893,-4120,37,5818,292668700,2115,292668740,2115,129,17,51,-100,2439,60,-155,2434
16612628,4003,507961638,55267245,4893,-4119,37,5818,292668700,2115,292668750,2115,129,17,0,-73,2470,10,-129,2466
16623277,4003,507961660,55267216,4894,-4118,37,5818,292668700,2115,292668760,2115,129,17,-21,-82,2437,-12,-137,2432
16631983,4002,507961682,55267186,4894,-4118,38,5818,292668750,2115,292668770,2115,129,17,-43,85,2480,-34,28,2480
16642467,4002,507961704,55267157,4894,-4118,38,5818,292668750,2115,292668780,2115,129,17,15,-35,2429,24,-90,2425
16651889,4001,507961726,55267128,4895,-4118,38,5818,292668750,2115,292668790,2115,128,17,31,-55,2571,41,-112,2567
16662371,4001,507961748,55267099,4896,-4117,37,5818,292668750,2115,292668800,2115,128,16,47,-93,2543,56,-150,2538
16672652,4000,507961770,55267070,4896,-4117,37,5818,292668750,2115,292668810,2115,127,16,13,14,2556,22,-43,2554
16681986,4000,507961792,55267040,4896,-4116,37,5818,292668800,2115,292668820,2115,126,15,-32,5,2519,-23,-51,2517
16691921,3999,507961814,55267011,4897,-4116,37,5818,292668800,2115,292668830,2115,125,15,-42,-33,2496,-33,-88,2493
16701883,3999,507961837,55266982,4897,-4115,37,5818,292668800,2115,292668840,2115,125,14,-45,14,2475,-37,-41,2473
16711843,3998,507961859,55266953,4897,-4115,37,5818,292668800,2115,292668850,2115,124,14,18,-28,2512,26,-82,2509
16722145,3998,507961881,55266924,4898,-4115,37,5818,292668800,2115,292668860,2115,123,13,26,-2,2582,34,-58,2579
16732074,3997,507961903,55266894,4899,-4114,36,5818,292668850,2115,292668870,2115,122,12,38,-39,2594,46,-95,2591
16742466,3997,507961925,55266865,4899,-4114,35,5818,292668850,2115,292668880,2115,121,12,-18,-5,2602,-11,-60,2600
16751839,3996,507961947,55266836,4899,-4114,34,5818,292668850,2115,292668890,2115,120,11,-55,31,2602,-49,-24,2600
16762029,3996,507961969,55266807,4899,-4113,33,5818,292668850,2115,292668900,2115,119,10,2,4,2607,9,-51,2605
16772888,3995,507961991,55266778,4899,-4113,34,5818,292668850,2115,292668910,2115,119,9,13,-1,2498,18,-53,2496
16781976,3994,507962013,55266748,4900,-4113,33,5818,292668900,2115,292668920,2115,118,7,20,-19,2574,25,-73,2571
16792778,3994,507962035,55266719,4900,-4112,33,5818,292668900,2115,292668930,2115,118,6,7,-22,2520,12,-74,2517
16801874,3993,507962057,55266690,4901,-4112,32,5818,292668900,2115,292668940,2115,118,5,14,15,2530,18,-38,2528
16811874,3993,507962079,55266662,4901,-4112,33,5818,292668900,2115,292668950,2115,118,4,5,-24,2468,9,-75,2465
16822600,3992,507962101,55266633,4901,-4111,33,5818,292668900,2115,292668960,2115,118,4,-19,-7,2509,-16,-60,2507
16831998,3992,507962123,55266603,4901,-4111,33,5818,292668950,2115,292668970,2115,118,3,-45,-42,2519,-41,-94,2516
16841932,3991,507962145,55266574,4902,-4110,31,5818,292668950,2115,292668980,2115,119,3,-4,-66,2766,-1,-124,2762
16852831,3990,507962167,55266545,4903,-4109,29,5818,292668950,2115,292668990,2115,119,3,36,-90,2757,40,-148,2752
16862226,3990,507962189,55266516,4903,-4109,27,5818,292668950,2115,292669000,2115,119,2,20,46,2751,23,-11,2750
16872489,3990,507962211,55266487,4903,-4108,26,5818,292668950,2115,292669010,2115,119,2,-29,-73,2603,-26,-128,2599
16882736,3989,507962233,55266457,4903,-4108,26,5818,292669000,2115,292669020,2115,119,3,-68,-30,2437,-65,-82,2434
16891930,3989,507962255,55266428,4903,-4107,27,5818,292669000,2115,292669030,2115,120,3,-77,-43,2400,-73,-94,2397
16902571,3988,507962277,55266399,4904,-4106,28,5818,292669000,2115,292669040,2115,121,3,-7,-87,2341,-3,-136,2337
16912155,3988,507962299,55266371,4905,-4106,29,5818,292669000,2115,292669050,2115,121,4,40,12,2401,43,-39,2399
16922127,3987,507962321,55266342,4906,-4106,29,5818,292669000,2115,292669060,2115,122,4,76,-63,2478,79,-116,2474
16931987,3987,507962343,55266312,4907,-4105,29,5818,292669050,2115,292669070,2115,122,4,72,-41,2598,76,-96,2594
16942023,3986,507962366,55266283,4907,-4105,28,5818,292669050,2115,292669080,2115,123,4,22,-29,2613,26,-85,2609
16951870,3986,507962388,55266254,4907,-4104,28,5818,292669050,2115,292669090,2115,123,4,-57,-7,2526,-54,-62,2524
16961859,3985,507962410,55266225,4907,-4103,29,5818,292669050,2115,292669100,2115,124,4,-95,-26,2402,-91,-78,2399
16972734,3985,507962432,55266196,4907,-4103,29,5818,292669050,2115,292669110,2115,124,4,-35,-42,2416,-31,-95,2412
16982002,3984,507962454,55266166,4908,-4102,30,5818,292669100,2115,292669120,2115,124,5,18,-76,2452,22,-129,2448
16991919,3984,507962476,55266137,4909,-4102,30,5818,292669100,2115,292669130,2115,124,5,41,-28,2520,46,-83,2517
17001947,3983,507962498,55266109,4909,-4102,29,5818,292669100,2115,292669140,2115,124,5,39,-22,2513,43,-77,2510
17011857,3983,507962520,55266080,4910,-4101,30,5818,292669100,2115,292669150,2115,123,5,22,6,2460,26,-48,2458
17022087,3982,507962542,55266051,4910,-4101,30,5818,292669100,2115,292669160,2115,123,6,-19,-29,2501,-14,-83,2498
17032206,3982,507962564,55266021,4911,-4100,30,5818,292669150,2115,292669170,2115,123,6,-22,-45,2432,-17,-98,2429
17042534,3981,507962586,55265992,4911,-4100,31,5818,292669150,2115,292669180,2115,123,6,-26,-25,2419,-21,-78,2416
17051845,3980,507962608,55265963,4911,-4099,32,5818,292669150,2115,292669190,2115,122,6,-2,-11,2446,2,-64,2443
17062402,3980,507962630,55265935,4912,-4099,32,5818,292669150,2115,292669200,2115,121,7,-10,-29,2442,-5,-81,2439
17072791,3979,507962653,55265906,4912,-4098,32,5818,292669150,2115,292669210,2115,120,7,20,-31,2449,25,-83,2445
17081988,3978,507962675,55265876,4913,-4098,32,5818,292669200,2115,292669220,2115,119,7,-3,-7,2501,2,-59,2498
17092340,3978,507962697,55265847,4913,-4098,33,5818,292669200,2115,292669230,2115,118,7,10,-5,2456,15,-56,2454
17101832,3977,507962719,55265818,4913,-4097,33,5818,292669200,2115,292669240,2115,116,7,-2,-29,2457,3,-79,2454
17111845,3976,507962741,55265789,4914,-4096,33,5818,292669200,2115,292669250,2115,115,7,-9,-76,2458,-3,-126,2454
17122337,3975,507962763,55265761,4914,-4097,34,5818,292669200,2115,292669260,2115,114,7,1,96,2463,6,47,2463
17131984,3974,507962785,55265730,4914,-4096,34,5818,292669250,2115,292669270,2115,112,7,0,-99,2448,5,-147,2444
17142387,3973,507962807,55265702,4915,-4096,35,5818,292669250,2115,292669280,2115,111,7,16,-18,2459,21,-66,2456
17152225,3972,507962829,55265673,4915,-4095,35,5818,292669250,2115,292669290,2115,110,7,1,-26,2443,6,-74,2440
17161836,3971,507962851,55265644,4916,-4095,35,5818,292669250,2115,292669300,2115,109,7,20,-45,2481,25,-93,2477
17172141,3970,507962874,55265616,4917,-4094,36,5818,292669250,2115,292669310,2115,108,6,-14,-96,2454,-9,-143,2450
17182379,3968,507962896,55265585,4917,-4094,36,5819,292669300,2115,292669320,2115,107,6,7,-35,2523,11,-82,2520
17191835,3967,507962918,55265557,4918,-4093,36,5819,292669300,2115,292669330,2115,106,6,-2,-54,2481,3,-100,2478
17201854,3966,507962940,55265528,4918,-4092,36,5819,292669300,2115,292669340,2115,105,6,-26,-35,2496,-21,-82,2493
17211873,3965,507962962,55265499,4919,-4091,36,5819,292669300,2115,292669350,2115,105,6,-13,-115,2509,-8,-161,2504
17223125,3964,507962984,55265471,4919,-4091,36,5819,292669300,2115,292669360,2115,105,6,-17,-74,2499,-12,-121,2496
17231988,3963,507963006,55265440,4920,-4090,36,5819,292669350,2115,292669370,2115,105,5,13,-76,2517,17,-122,2513
17242625,3961,507963028,55265412,4921,-4089,36,5819,292669350,2115,292669380,2115,106,5,-4,-137,2470,0,-183,2466
17251843,3960,507963051,55265383,4921,-4088,36,5819,292669350,2115,292669390,2115,106,5,-22,-87,2477,-17,-133,2474
17261876,3959,507963073,55265354,4922,-4087,36,5819,292669350,2115,292669400,2115,106,6,-29,-90,2476,-24,-136,2472
17272937,3958,507963095,55265326,4923,-4086,36,5819,292669350,2115,292669410,2115,106,6,-15,-117,2495,-10,-164,2490
17282002,3957,507963117,55265295,4923,-4085,37,5819,292669400,2115,292669420,2115,106,7,-17,-80,2443,-12,-126,2439
17291848,3956,507963139,55265267,4924,-4084,37,5819,292669400,2115,292669430,2115,107,7,-13,-158,2510,-7,-205,2504
17301878,3955,507963161,55265238,4925,-4083,37,5819,292669400,2115,292669440,2115,107,7,2,-66,2499,8,-113,2495
17311840,3954,507963183,55265210,4926,-4082,37,5819,292669400,2115,292669450,2115,108,8,18,-133,2553,24,-181,2548
17323193,3953,507963205,55265181,4927,-4081,37,5819,292669400,2115,292669460,2115,108,8,2,-195,2472,8,-242,2466
17332024,3952,507963228,55265151,4927,-4080,37,5819,292669450,2115,292669470,2115,108,8,-21,-75,2426,-16,-122,2423
17342052,3951,507963250,55265122,4928,-4079,38,5819,292669450,2115,292669480,2115,108,8,-33,-102,2405,-27,-148,2401
17351870,3950,507963272,55265094,4928,-4078,39,5819,292669450,2115,292669490,2115,108,8,0,-53,2448,6,-100,2444
17362110,3949,507963294,55265065,4929,-4077,39,5819,292669450,2115,292669500,2115,108,8,1,-140,2416,7,-186,2411
17372104,3948,507963316,55265036,4931,-4076,39,5819,292669450,2115,292669510,2115,109,8,43,-140,2592,49,-189,2587
17382646,3948,507963338,55265006,4932,-4076,39,5819,292669500,2115,292669520,2115,109,8,18,-78,2502,24,-125,2498
17392218,3947,507963361,55264978,4932,-4075,38,5819,292669500,2115,292669530,2115,109,8,-21,-22,2559,-15,-72,2556
17401861,3946,507963383,55264949,4932,-4074,38,5819,292669500,2115,292669540,2115,109,8,-52,-93,2482,-46,-141,2478
17411844,3945,507963405,55264920,4933,-4073,38,5819,292669500,2115,292669550,2115,110,8,-32,-131,2506,-26,-179,2501
17422493,3944,507963427,55264892,4934,-4072,39,5819,292669500,2115,292669560,2115,110,8,-22,-81,2461,-16,-129,2458
17431980,3942,507963449,55264862,4934,-4071,39,5819,292669550,2115,292669570,2115,110,8,-18,-112,2543,-12,-161,2538
17441823,3941,507963471,55264833,4935,-4070,38,5819,292669550,2115,292669580,2115,111,8,13,-82,2523,19,-131,2519
17452599,3940,507963494,55264805,4936,-4070,38,5819,292669550,2115,292669590,2115,112,7,7,-101,2554,12,-152,2550
17461833,3940,507963516,55264776,4936,-4069,37,5819,292669550,2115,292669600,2115,112,7,-5,-74,2572,0,-124,2569
17472148,3939,507963538,55264748,4937,-4068,37,5819,292669550,2115,292669610,2115,113,7,-15,-151,2522,-9,-201,2516
17482361,3938,507963560,55264718,4938,-4067,38,5819,292669600,2115,292669620,2115,113,7,-54,-59,2477,-49,-108,2473
17491916,3937,507963582,55264689,4938,-4066,38,5819,292669600,2115,292669630,2115,113,7,-31,-86,2430,-25,-134,2426
17501837,3936,507963605,55264661,4939,-4065,38,5819,292669600,2115,292669640,2115,113,7,-8,-140,2548,-2,-191,2543
17511850,3935,507963627,55264632,4940,-4064,37,5819,292669600,2115,292669650,2115,114,8,20,-123,2566,26,-174,2561
17523274,3934,507963649,55264604,4941,-4063,36,5819,292669600,2115,292669660,2115,114,8,24,-62,2629,30,-114,2625
17531983,3933,507963671,55264573,4941,-4063,36,5819,292669650,2115,292669670,2115,114,8,-9,-38,2542,-3,-89,2539
17541944,3932,507963694,55264545,4942,-4062,36,5819,292669650,2115,292669680,2115,114,8,-22,-33,2570,-16,-85,2566
17551832,3932,507963716,55264516,4942,-4061,36,5819,292669650,2115,292669690,2115,115,8,-41,-172,2450,-35,-222,2444
17561862,3931,507963738,55264488,4943,-4059,36,5819,292669650,2115,292669700,2115,115,8,-39,-104,2470,-34,-154,2466
17572080,3930,507963760,55264460,4944,-4059,36,5819,292669650,2115,292669710,2115,115,8,-7,-66,2528,-1,-117,2525
17581987,3929,507963782,55264430,4945,-4058,35,5819,292669700,2115,292669720,2115,115,8,43,-81,2577,49,-133,2573
17591918,3928,507963805,55264401,4945,-4058,35,5819,292669700,2115,292669730,2115,115,8,13,-28,2579,18,-81,2576
17601850,3928,507963827,55264373,4946,-4057,34,5819,292669700,2115,292669740,2115,115,8,-6,-50,2582,0,-103,2579
17611856,3927,507963849,55264344,4946,-4056,33,5819,292669700,2115,292669750,2115,116,8,-18,-119,2616,-12,-172,2611
17622827,3926,507963871,55264316,4947,-4055,33,5819,292669700,2115,292669760,2115,116,7,-50,-132,2541,-45,-184,2536
17632006,3925,507963894,55264286,4948,-4054,33,5819,292669750,2115,292669770,2115,116,7,-24,-72,2586,-18,-125,2582
17641936,3925,507963916,55264257,4948,-4053,32,5819,292669750,2115,292669780,2115,116,7,12,-79,2512,18,-130,2508
17651851,3924,507963938,55264229,4948,-4053,32,5819,292669750,2115,292669790,2115,115,7,-4,13,2542,1,-38,2540
17661871,3923,507963960,55264200,4949,-4052,32,5819,292669750,2115,292669800,2115,115,7,0,-69,2474,6,-119,2470
17672087,3923,507963983,55264172,4950,-4052,32,5819,292669750,2115,292669810,2115,115,7,9,-70,2566,15,-122,2563
17681996,3922,507964005,55264142,4950,-4051,31,5819,292669800,2115,292669820,2115,115,8,-13,-109,2556,-7,-161,2551
17691936,3921,507964027,55264114,4951,-4050,31,5819,292669800,2115,292669830,2115,116,8,-22,-26,2590,-16,-79,2587
17702500,3920,507964049,55264085,4951,-4049,30,5819,292669800,2115,292669840,2115,116,8,-15,-45,2607,-10,-98,2604
17711835,3920,507964072,55264057,4952,-4048,29,5819,292669800,2115,292669850,2115,116,8,-6,-123,2613,0,-177,2608
17722091,3919,507964094,55264028,4952,-4048,29,5819,292669800,2115,292669860,2115,115,8,-3,-24,2567,2,-76,2564
17731987,3918,507964116,55263998,4953,-4048,28,5819,292669850,2115,292669870,2115,115,8,29,15,2515,35,-36,2513
17741934,3918,507964138,55263970,4953,-4047,29,5819,292669850,2115,292669880,2115,116,8,-27,-89,2418,-22,-138,2414
17751874,3917,507964161,55263942,4954,-4046,30,5819,292669850,2115,292669890,2115,116,9,-53,-111,2370,-47,-159,2365
17761837,3916,507964183,55263913,4954,-4045,31,5819,292669850,2115,292669900,2115,116,9,-45,-52,2448,-39,-102,2444
17772103,3915,507964205,55263885,4955,-4045,30,5819,292669850,2115,292669910,2115,116,9,33,8,2564,39,-44,2562
17782024,3914,507964227,55263855,4956,-4044,30,5819,292669900,2115,292669920,2115,116,9,67,-59,2566,73,-112,2563
17792640,3914,507964250,55263827,4957,-4043,29,5819,292669900,2115,292669930,2115,116,9,39,-153,2584,46,-205,2579
17801828,3913,507964272,55263798,4957,-4043,29,5819,292669900,2115,292669940,2115,116,10,-32,-53,2471,-26,-104,2468
17811845,3912,507964294,55263770,4957,-4041,30,5819,292669900,2115,292669950,2115,115,10,-97,-87,2410,-91,-137,2406
17822136,3911,507964317,55263741,4957,-4041,31,5819,292669900,2115,292669960,2115,115,10,-69,-18,2443,-63,-68,2441
17832007,3911,507964339,55263712,4958,-4040,31,5819,292669950,2115,292669970,2115,115,10,14,-79,2443,20,-128,2439
17842033,3910,507964361,55263683,4959,-4039,31,5819,292669950,2115,292669980,2115,114,11,64,-106,2476,71,-156,2472
17851877,3909,507964383,55263655,4960,-4039,32,5819,292669950,2115,292669990,2115,114,10,24,5,2473,31,-45,2471
17861854,3908,507964406,55263627,4960,-4039,31,5819,292669950,2115,292670000,2115,113,10,20,-63,2537,26,-114,2533
17872948,3907,507964428,55263598,4961,-4038,31,5819,292669950,2115,292670010,2115,113,10,-29,-79,2511,-23,-129,2507
17881998,3906,507964450,55263568,4961,-4037,31,5819,292670000,2115,292670020,2115,113,9,-38,-43,2471,-32,-93,2468
17891915,3905,507964473,55263540,4962,-4036,32,5819,292670000,2115,292670030,2115,113,9,-20,-85,2464,-13,-134,2460
17902134,3905,507964495,55263512,4962,-4036,32,5819,292670000,2115,292670040,2115,113,9,-27,8,2493,-21,-42,2491
17911865,3904,507964517,55263483,4962,-4035,32,5819,292670000,2115,292670050,2115,113,8,9,-50,2529,15,-101,2525
17922104,3903,507964540,55263455,4963,-4035,31,5819,292670000,2115,292670060,2115,113,8,28,-89,2574,34,-140,2570
17932021,3902,507964562,55263425,4964,-4034,31,5819,292670050,2115,292670070,2115,113,7,16,-56,2531,21,-106,2528
17941909,3900,507964584,55263397,4964,-4034,31,5819,292670050,2115,292670080,2115,114,7,-21,-42,2496,-16,-93,2493
17951840,3899,507964607,55263369,4965,-4032,31,5819,292670050,2115,292670090,2115,114,7,-60,-101,2499,-55,-152,2495
17961854,3898,507964629,55263340,4965,-4031,31,5819,292670050,2115,292670100,2115,115,7,-47,-120,2569,-41,-172,2564
17972376,3897,507964651,55263312,4966,-4030,30,5819,292670050,2115,292670110,2115,116,7,1,-102,2526,7,-153,2521
17983147,3896,507964673,55263282,4966,-4030,30,5819,292670100,2115,292670120,2115,117,6,14,22,2516,19,-29,2514
17991932,3895,507964696,55263254,4967,-4029,30,5819,292670100,2115,292670130,2115,117,6,-10,-135,2557,-4,-188,2552
18001826,3894,507964718,55263226,4968,-4028,30,5819,292670100,2115,292670140,2115,119,6,-15,-161,2523,-10,-214,2517
18011879,3893,507964740,55263198,4969,-4027,30,5819,292670100,2115,292670150,2115,120,6,-39,-79,2427,-34,-131,2423
18022112,3892,507964763,55263169,4969,-4026,31,5819,292670100,2115,292670160,2115,120,6,-22,-115,2411,-17,-166,2407
18032017,3891,507964785,55263139,4970,-4025,31,5819,292670150,2115,292670170,2115,121,6,-3,-90,2486,2,-143,2481
18041947,3891,507964807,55263111,4971,-4024,31,5819,292670150,2115,292670180,2115,122,6,20,-104,2483,24,-157,2478
18051864,3890,507964830,55263083,4972,-4023,31,5819,292670150,2115,292670190,2115,122,5,10,-86,2502,15,-139,2498
18061857,3889,507964852,55263055,4972,-4022,32,5819,292670150,2115,292670200,2115,122,5,-15,-64,2464,-11,-117,2460
18072098,3888,507964875,55263027,4973,-4021,32,5819,292670150,2115,292670210,2115,122,5,-13,-102,2502,-9,-155,2498
18081988,3887,507964897,55262997,4973,-4020,32,5819,292670200,2115,292670220,2115,122,6,-73,-139,2430,-68,-192,2425
18091946,3886,507964919,55262969,4974,-4019,33,5819,292670200,2115,292670230,2115,122,6,-27,-20,2467,-23,-73,2465
18101851,3886,507964942,55262940,4974,-4019,33,5819,292670200,2115,292670240,2115,122,6,-19,-61,2484,-14,-114,2481
18111867,3885,507964964,55262912,4975,-4018,33,5819,292670200,2115,292670250,2115,122,7,13,-21,2528,18,-75,2525
18122101,3884,507964986,55262884,4976,-4017,33,5819,292670200,2115,292670260,2115,121,7,0,-122,2519,6,-176,2514
18132047,3883,507965009,55262854,4976,-4017,33,5819,292670250,2115,292670270,2115,121,7,-29,-26,2484,-24,-79,2481
18141917,3882,507965031,55262826,4976,-4016,34,5819,292670250,2115,292670280,2115,120,7,-41,-46,2380,-36,-97,2377
18151862,3882,507965053,55262798,4977,-4015,34,5819,292670250,2115,292670290,2115,119,8,-25,-74,2413,-19,-125,2409
18161829,3881,507965076,55262770,4977,-4014,35,5819,292670250,2115,292670300,2115,119,8,-16,-35,2410,-11,-86,2407
18172097,3880,507965098,55262742,4978,-4014,35,5819,292670250,2115,292670310,2115,118,8,3,-57,2512,9,-109,2509
18181980,3879,507965121,55262712,4978,-4014,35,5819,292670300,2115,292670320,2115,117,8,10,35,2478,16,-16,2476
18191924,3878,507965143,55262684,4978,-4013,35,5819,292670300,2115,292670330,2115,116,9,14,-20,2490,20,-70,2487
18201846,3877,507965165,55262656,4979,-4012,36,5820,292670300,2115,292670340,2115,115,9,-17,-134,2465,-11,-185,2460
18211893,3877,507965188,55262627,4979,-4011,36,5820,292670300,2115,292670350,2115,114,9,-25,-58,2471,-19,-108,2467
18222477,3876,507965210,55262599,4980,-4011,36,5820,292670300,2115,292670360,2115,113,9,-29,-12,2514,-23,-62,2511
18231975,3875,507965232,55262570,4980,-4010,36,5820,292670350,2115,292670370,2115,112,9,-3,-73,2521,3,-123,2517
18241926,3874,507965255,55262542,4980,-4010,36,5820,292670350,2115,292670380,2115,112,9,-30,-21,2496,-24,-70,2493
18251854,3873,507965277,55262513,4981,-4009,36,5820,292670350,2115,292670390,2115,111,9,13,-94,2489,19,-142,2485
18261833,3872,507965300,55262485,4982,-4008,36,5820,292670350,2115,292670400,2115,111,8,10,-65,2517,16,-114,2513
18272119,3872,507965322,55262457,4982,-4008,36,5820,292670350,2115,292670410,2115,110,8,-14,-70,2465,-8,-118,2461
18282049,3871,507965344,55262427,4983,-4007,36,5820,292670400,2115,292670420,2115,109,8,-15,-57,2462,-9,-104,2459
18291943,3870,507965367,55262399,4983,-4006,37,5820,292670400,2115,292670430,2115,108,8,-26,-106,2485,-20,-153,2481
18301845,3870,507965389,55262371,4984,-4005,36,5820,292670400,2115,292670440,2115,107,8,-10,-55,2539,-5,-103,2536
18311840,3869,507965412,55262343,4984,-4005,36,5820,292670400,2115,292670450,2115,106,8,4,-59,2553,10,-107,2550
18322097,3868,507965434,55262315,4985,-4005,36,5820,292670400,2115,292670460,2115,105,8,30,-26,2520,35,-73,2517
18331989,3868,507965456,55262285,4985,-4004,36,5820,292670450,2115,292670470,2115,105,8,-9,-76,2467,-3,-121,2463
18341898,3867,507965479,55262257,4986,-4002,36,5820,292670450,2115,292670480,2115,104,8,-51,-130,2506,-45,-176,2501
18351855,3866,507965501,55262229,4986,-4002,36,5820,292670450,2115,292670490,2115,104,8,-32,-36,2440,-27,-81,2437
18361853,3866,507965524,55262201,4986,-4001,37,5820,292670450,2115,292670500,2115,103,9,-45,-39,2449,-39,-84,2446
18373226,3865,507965546,55262173,4987,-4001,37,5820,292670450,2115,292670510,2115,102,9,16,4,2491,22,-41,2489
18381988,3865,507965568,55262144,4988,-4000,37,5820,292670500,2115,292670520,2115,102,9,36,-82,2531,42,-127,2527
18391927,3864,507965591,55262115,4989,-4000,36,5820,292670500,2115,292670530,2115,102,9,11,-88,2571,18,-134,2567
18401861,3863,507965613,55262087,4989,-3999,37,5820,292670500,2115,292670540,2115,101,10,-13,-72,2460,-7,-116,2456
18411856,3862,507965636,55262059,4989,-3998,37,5820,292670500,2115,292670550,2115,101,10,-35,-18,2458,-28,-62,2456
18422285,3862,507965658,55262031,4989,-3998,38,5820,292670500,2115,292670560,2115,100,10,-30,-53,2419,-23,-96,2416
18432000,3861,507965681,55262002,4990,-3997,38,5820,292670550,2115,292670570,2115,100,11,-9,-81,2474,-2,-125,2471
18441953,3861,507965703,55261974,4991,-3997,38,5820,292670550,2115,292670580,2115,100,11,25,-29,2444,32,-72,2441
18452384,3860,507965725,55261946,4991,-3996,38,5820,292670550,2115,292670590,2115,101,12,16,-27,2476,23,-71,2473
18461852,3859,507965748,55261918,4992,-3995,39,5820,292670550,2115,292670600,2115,101,12,-15,-79,2450,-8,-123,2447
18472097,3858,507965770,55261890,4992,-3995,39,5820,292670550,2115,292670610,2115,101,12,-23,-90,2491,-16,-134,2488
18482124,3858,507965793,55261860,4993,-3994,40,5820,292670600,2115,292670620,2115,101,13,-40,-67,2407,-32,-110,2404
18491910,3857,507965815,55261832,4993,-3993,40,5820,292670600,2115,292670630,2115,101,13,-8,-28,2472,0,-72,2470
18501830,3857,507965838,55261804,4993,-3993,41,5820,292670600,2115,292670640,2115,101,14,-38,-27,2348,-30,-69,2346
18512221,3856,507965860,55261776,4994,-3992,41,5820,292670600,2115,292670650,2115,102,15,-6,-41,2512,3,-86,2510
18522406,3855,507965883,55261748,4995,-3991,41,5820,292670600,2115,292670660,2115,103,16,23,-122,2479,32,-167,2474
18531977,3854,507965905,55261718,4995,-3991,41,5820,292670650,2115,292670670,2115,103,16,-12,-67,2495,-3,-112,2491
18542074,3854,507965927,55261690,4995,-3990,42,5820,292670650,2115,292670680,2115,104,16,-16,-61,2436,-7,-105,2433
18551835,3853,507965950,55261662,4996,-3989,43,5820,292670650,2115,292670690,2115,104,17,-20,-48,2417,-10,-93,2413
18561852,3853,507965972,55261634,4996,-3989,43,5820,292670650,2115,292670700,2115,105,17,-29,-52,2455,-19,-98,2452
18572915,3852,507965995,55261607,4997,-3988,44,5820,292670650,2115,292670710,2115,106,18,-5,-84,2448,5,-130,2444
18581982,3851,507966017,55261577,4997,-3988,44,5820,292670700,2115,292670720,2115,107,18,25,8,2455,35,-39,2453
18591913,3851,507966040,55261549,4998,-3987,44,5820,292670700,2115,292670730,2115,109,18,-14,-95,2452,-4,-142,2448
18602489,3850,507966062,55261521,4999,-3986,44,5820,292670700,2115,292670740,2115,110,18,-2,-94,2511,8,-143,2507
18611868,3849,507966085,55261493,4999,-3986,44,5820,292670700,2115,292670750,2115,110,18,7,-85,2489,17,-133,2485
18622107,3849,507966107,55261465,5000,-3985,44,5820,292670700,2115,292670760,2115,111,18,-24,-29,2530,-14,-78,2527
18632561,3849,507966130,55261436,5000,-3984,44,5820,292670750,2115,292670770,2115,111,18,-22,-11,2473,-12,-60,2471
18641919,3848,507966152,55261408,5001,-3984,45,5820,292670750,2115,292670780,2115,112,18,-13,-89,2471,-3,-138,2467
18651848,3847,507966175,55261380,5001,-3983,45,5820,292670750,2115,292670790,2115,113,18,0,-52,2489,10,-101,2486
18662108,3847,507966197,55261352,5002,-3982,44,5820,292670750,2115,292670800,2115,114,18,-3,-48,2550,7,-99,2547
18672774,3846,507966220,55261324,5003,-3982,45,5820,292670750,2115,292670810,2115,115,18,-1,-107,2479,9,-157,2475
18681989,3845,507966242,55261294,5003,-3981,44,5820,292670800,2115,292670820,2115,115,17,-31,-29,2521,-21,-80,2518
18692440,3845,507966265,55261266,5003,-3980,44,5820,292670800,2115,292670830,2115,116,17,-31,-49,2562,-22,-101,2559
18701856,3844,507966287,55261239,5004,-3980,44,5820,292670800,2115,292670840,2115,116,16,18,-49,2554,28,-102,2551
18711859,3844,507966310,55261211,5004,-3980,44,5820,292670800,2115,292670850,2115,117,16,12,42,2462,21,-8,2461
18722107,3843,507966332,55261183,5005,-3979,44,5820,292670800,2115,292670860,2115,118,15,0,-62,2514,8,-114,2510
18731987,3842,507966355,55261153,5005,-3978,44,5820,292670850,2115,292670870,2115,119,14,-14,-129,2524,-5,-182,2519
18741919,3842,507966377,55261125,5006,-3978,44,5820,292670850,2115,292670880,2115,120,14,-31,-37,2503,-22,-90,2500
18751829,3841,507966400,55261097,5006,-3977,43,5820,292670850,2115,292670890,2115,120,13,-13,-36,2646,-4,-92,2642
18761848,3841,507966422,55261069,5007,-3977,42,5820,292670850,2115,292670900,2115,121,12,19,-17,2543,26,-71,2540
18772128,3840,507966445,55261042,5007,-3976,41,5820,292670850,2115,292670910,2115,122,11,9,-39,2608,17,-95,2605
18781977,3839,507966467,55261012,5008,-3975,41,5820,292670900,2115,292670920,2115,122,10,0,-97,2578,7,-153,2574
18791913,3839,507966490,55260984,5008,-3975,40,5820,292670900,2115,292670930,2115,123,9,-22,-5,2609,-16,-61,2606
18801849,3838,507966512,55260956,5008,-3974,40,5820,292670900,2115,292670940,2115,124,8,-44,-46,2520,-39,-101,2517
18811872,3838,507966535,55260929,5009,-3973,39,5820,292670900,2115,292670950,2115,124,8,-11,-54,2578,-5,-111,2574
18822086,3837,507966557,55260901,5010,-3973,39,5820,292670900,2115,292670960,2115,124,7,-7,-59,2555,-2,-115,2551
18831986,3837,507966580,55260871,5010,-3972,38,5820,292670950,2115,292670970,2115,124,6,28,0,2591,33,-57,2588
18842027,3836,507966602,55260843,5010,-3972,38,5820,292670950,2115,292670980,2115,124,5,-1,43,2574,3,-13,2572
18851841,3836,507966625,55260815,5010,-3972,37,5820,292670950,2115,292670990,2115,125,5,10,-35,2646,14,-93,2642
18861829,3835,507966647,55260788,5011,-3971,35,5820,292670950,2115,292671000,2115,125,5,-36,-96,2644,-32,-154,2639
18872696,3835,507966670,55260760,5011,-3970,34,5820,292670950,2115,292671010,2115,125,4,-60,-14,2637,-56,-72,2634
18881995,3834,507966692,55260730,5011,-3970,34,5820,292671000,2115,292671020,2115,125,4,-7,44,2605,-4,-13,2603
18891897,3834,507966715,55260703,5012,-3970,34,5820,292671000,2115,292671030,2115,125,4,30,19,2513,33,-36,2511
18902054,3833,507966737,55260675,5012,-3969,34,5820,292671000,2115,292671040,2115,124,5,-3,0,2493,1,-54,2491
18911827,3833,507966760,55260647,5012,-3969,34,5820,292671000,2115,292671050,2115,124,6,-6,-59,2467,-1,-113,2464
18923539,3832,507966783,55260619,5012,-3968,35,5820,292671000,2115,292671060,2115,124,7,-62,84,2423,-58,30,2422
18932228,3832,507966805,55260590,5012,-3968,35,5820,292671050,2115,292671070,2115,124,8,-35,-80,2485,-29,-134,2481
18941951,3831,507966828,55260562,5013,-3967,33,5820,292671050,2115,292671080,2115,123,9,8,-42,2685,14,-101,2681
18951826,3831,507966850,55260534,5014,-3967,32,5820,292671050,2115,292671090,2115,123,10,42,-21,2630,49,-78,2627
18962153,3830,507966873,55260506,5014,-3967,32,5820,292671050,2115,292671100,2115,122,11,15,64,2534,22,9,2533
18972723,3830,507966895,55260478,5014,-3967,33,5820,292671050,2115,292671110,2115,122,13,-17,-15,2442,-9,-67,2440
18982000,3829,507966918,55260449,5014,-3966,33,5820,292671100,2115,292671120,2115,121,14,-30,-61,2381,-22,-112,2378
18992456,3829,507966940,55260421,5014,-3965,35,5820,292671100,2115,292671130,2115,121,15,-86,-54,2317,-77,-104,2314
19001836,3828,507966963,55260393,5014,-3964,36,5820,292671100,2115,292671140,2115,121,16,-6,31,2315,2,-19,2314
19011850,3828,507966985,55260366,5015,-3964,38,5820,292671100,2115,292671150,2115,120,17,73,-35,2327,82,-84,2324
19022695,3827,507967008,55260338,5016,-3964,38,5820,292671100,2115,292671160,2115,120,17,105,-23,2450,114,-75,2447
19032015,3826,507967030,55260308,5017,-3965,39,5820,292671150,2115,292671170,2115,120,17,51,26,2464,60,-26,2462
19041903,3826,507967053,55260281,5017,-3964,38,5820,292671150,2115,292671180,2115,120,17,8,-42,2511,17,-95,2508
19052019,3825,507967076,55260253,5017,-3963,39,5820,292671150,2115,292671190,2115,121,17,-88,-45,2447,-78,-97,2444
19061835,3825,507967098,55260225,5017,-3963,40,5820,292671150,2115,292671200,2115,121,16,-78,-28,2414,-69,-80,2411
19072088,3824,507967121,55260197,5018,-3962,40,5820,292671150,2115,292671210,2115,121,16,-7,-32,2424,2,-84,2421
19082178,3823,507967143,55260168,5018,-3962,40,5820,292671200,2115,292671220,2115,122,16,16,-64,2520,26,-118,2516
19091903,3823,507967166,55260140,5019,-3962,39,5820,292671200,2115,292671230,2115,122,16,31,10,2561,40,-45,2559
19101835,3822,507967188,55260112,5019,-3961,39,5820,292671200,2115,292671240,2115,123,15,31,5,2559,40,-50,2557
19112545,3822,507967211,55260084,5020,-3960,39,5820,292671200,2115,292671250,2115,124,15,-30,-104,2495,-21,-159,2490
19122100,3821,507967234,55260057,5021,-3959,39,5820,292671200,2115,292671260,2115,124,14,-48,-103,2498,-39,-158,2494
19132015,3821,507967256,55260027,5021,-3959,40,5820,292671250,2115,292671270,2115,125,14,-50,14,2435,-42,-40,2433
19142414,3820,507967279,55260000,5021,-3958,40,5820,292671250,2115,292671280,2115,126,13,0,-16,2516,8,-71,2513
19151867,3820,507967301,55259972,5021,-3958,39,5820,292671250,2115,292671290,2115,126,12,11,16,2537,19,-41,2535
19161840,3819,507967324,55259944,5022,-3957,39,5820,292671250,2115,292671300,2115,127,11,31,-90,2513,38,-146,2508
19172884,3819,507967346,55259916,5023,-3957,39,5820,292671250,2115,292671310,2115,127,11,-8,-15,2510,-1,-71,2508
19181990,3818,507967369,55259887,5023,-3956,40,5820,292671300,2115,292671320,2115,127,10,-41,-50,2491,-35,-106,2487
19191930,3817,507967392,55259859,5023,-3956,39,5820,292671300,2115,292671330,2115,127,9,-26,-5,2540,-20,-62,2537
19202528,3817,507967414,55259832,5024,-3955,39,5820,292671300,2115,292671340,2115,127,8,11,-60,2587,17,-117,2583
19211862,3817,507967437,55259804,5024,-3955,38,5820,292671300,2115,292671350,2115,126,7,21,-4,2597,27,-61,2595
19222343,3816,507967459,55259776,5024,-3955,37,5821,292671300,2115,292671360,2115,124,6,2,44,2584,6,-13,2583
19232028,3816,507967482,55259747,5024,-3954,36,5821,292671350,2115,292671370,2115,123,5,-18,5,2557,-13,-51,2555
19241895,3815,507967504,55259719,5024,-3953,36,5821,292671350,2115,292671380,2115,122,5,-40,-5,2550,-36,-60,2547
19251832,3815,507967527,55259691,5025,-3952,36,5821,292671350,2115,292671390,2115,121,4,-34,-82,2515,-30,-136,2511
19261991,3814,507967550,55259664,5025,-3952,36,5821,292671350,2115,292671400,2115,119,3,-17,-4,2498,-14,-57,2496
19273219,3814,507967572,55259636,5025,-3952,35,5821,292671350,2115,292671410,2115,118,3,21,27,2601,24,-27,2599
19281996,3813,507967595,55259607,5025,-3952,34,5821,292671400,2115,292671420,2115,116,2,12,73,2639,15,19,2638
19292681,3812,507967617,55259579,5026,-3952,33,5821,292671400,2115,292671430,2115,115,1,-2,-10,2642,1,-64,2639
19301827,3812,507967640,55259551,5026,-3951,32,5821,292671400,2115,292671440,2115,114,1,-16,4,2617,-14,-48,2615
19311834,3811,507967663,55259524,5026,-3951,31,5821,292671400,2115,292671450,2115,114,1,-43,3,2629,-41,-50,2627
19322092,3810,507967685,55259496,5026,-3950,32,5821,292671400,2115,292671460,2115,113,0,-29,-54,2481,-27,-104,2478
19331981,3810,507967708,55259467,5026,-3950,32,5821,292671450,2115,292671470,2115,112,0,-27,-11,2522,-25,-61,2519
19341899,3809,507967730,55259439,5026,-3950,31,5821,292671450,2115,292671480,2115,112,0,-18,55,2578,-16,4,2577
19351854,3809,507967753,55259411,5027,-3950,31,5821,292671450,2115,292671490,2115,111,0,19,-35,2501,21,-84,2498
19361835,3808,507967776,55259384,5027,-3949,31,5821,292671450,2115,292671500,2115,110,0,-1,-53,2531,2,-103,2528
19372146,3808,507967798,55259356,5027,-3949,30,5821,292671450,2115,292671510,2115,110,0,-6,-31,2541,-4,-81,2538
19383387,3807,507967821,55259327,5028,-3948,30,5821,292671500,2115,292671520,2115,110,1,-19,-56,2584,-17,-106,2581
19391901,3807,507967843,55259299,5028,-3947,30,5821,292671500,2115,292671530,2115,110,1,-29,-72,2514,-26,-120,2510
19401830,3807,507967866,55259271,5029,-3946,29,5821,292671500,2115,292671540,2115,110,2,6,-26,2606,9,-76,2603
19411832,3806,507967889,55259244,5029,-3946,29,5821,292671500,2115,292671550,2115,110,2,-17,-17,2501,-14,-66,2499
19422083,3806,507967911,55259216,5029,-3946,29,5821,292671500,2115,292671560,2115,110,3,-12,57,2499,-9,8,2498
19432001,3806,507967934,55259187,5030,-3945,29,5821,292671550,2115,292671570,2115,111,4,-7,-48,2455,-3,-96,2452
19442636,3805,507967956,55259159,5030,-3945,30,5821,292671550,2115,292671580,2115,111,5,-12,-67,2463,-7,-116,2460
19451866,3805,507967979,55259131,5030,-3944,30,5821,292671550,2115,292671590,2115,111,6,-13,-28,2404,-8,-75,2402
19461826,3804,507968002,55259104,5031,-3944,31,5821,292671550,2115,292671600,2115,112,7,12,6,2437,16,-42,2435
19472087,3804,507968024,55259076,5031,-3944,31,5821,292671550,2115,292671610,2115,112,8,2,0,2499,8,-49,2497
19481989,3804,507968047,55259047,5031,-3943,31,5821,292671600,2115,292671620,2115,111,9,-4,-10,2456,1,-59,2454
19491901,3804,507968069,55259019,5031,-3943,31,5821,292671600,2115,292671630,2115,111,10,-2,35,2478,4,-13,2477
19501826,3803,507968092,55258991,5032,-3942,32,5821,292671600,2115,292671640,2115,111,10,-7,-71,2429,-1,-119,2426
19511879,3803,507968115,55258964,5032,-3942,32,5821,292671600,2115,292671650,2115,112,11,-8,-76,2432,-1,-123,2428
19522956,3802,507968137,55258936,5032,-3941,34,5821,292671600,2115,292671660,2115,112,12,-20,17,2345,-13,-30,2343
19531989,3802,507968160,55258907,5033,-3941,34,5821,292671650,2115,292671670,2115,112,12,2,43,2459,9,-6,2457
19541896,3802,507968183,55258879,5033,-3941,35,5821,292671650,2115,292671680,2115,113,13,13,-30,2395,20,-77,2392
19551828,3801,507968205,55258852,5034,-3941,35,5821,292671650,2115,292671690,2115,113,13,30,-7,2455,37,-55,2452
19561833,3801,507968228,55258824,5034,-3941,36,5821,292671650,2115,292671700,2115,114,13,22,-31,2357,29,-78,2354
19572125,3800,507968250,55258796,5034,-3940,37,5821,292671650,2115,292671710,2115,114,13,-27,-30,2423,-19,-79,2420
19581975,3800,507968273,55258767,5034,-3939,38,5821,292671700,2115,292671720,2115,114,13,-38,-37,2384,-30,-85,2381
19591899,3799,507968296,55258740,5035,-3939,38,5821,292671700,2115,292671730,2115,115,13,-17,-47,2485,-9,-97,2482
19601885,3799,507968318,55258712,5035,-3939,38,5821,292671700,2115,292671740,2115,115,13,8,43,2469,16,-7,2468
19612692,3798,507968341,55258684,5035,-3939,38,5821,292671700,2115,292671750,2115,115,13,16,18,2538,24,-34,2536
19622854,3798,507968364,55258657,5036,-3938,38,5821,292671700,2115,292671760,2115,116,13,-18,-39,2489,-10,-90,2485
19631974,3797,507968386,55258627,5036,-3938,38,5821,292671750,2115,292671770,2115,117,13,-9,-33,2490,-1,-84,2487
19641923,3797,507968409,55258600,5036,-3937,38,5821,292671750,2115,292671780,2115,118,13,-27,-85,2477,-20,-137,2473
19652491,3796,507968431,55258572,5036,-3936,39,5821,292671750,2115,292671790,2115,118,13,-26,-6,2438,-18,-57,2436
19661856,3796,507968454,55258545,5037,-3936,39,5821,292671750,2115,292671800,2115,119,13,-15,14,2473,-7,-37,2471
19672676,3795,507968477,55258517,5037,-3936,40,5821,292671750,2115,292671810,2115,119,12,5,24,2433,12,-27,2431
19682007,3795,507968499,55258488,5037,-3935,40,5821,292671800,2115,292671820,2115,120,12,16,-31,2494,23,-84,2491
19691901,3794,507968522,55258460,5038,-3934,40,5821,292671800,2115,292671830,2115,120,11,-8,-108,2481,-1,-161,2476
19701853,3793,507968544,55258433,5038,-3934,40,5821,292671800,2115,292671840,2115,121,11,-9,-38,2453,-3,-90,2450
19711871,3793,507968567,55258405,5039,-3933,41,5821,292671800,2115,292671850,2115,121,10,-28,-16,2403,-21,-67,2400
19722127,3792,507968590,55258377,5039,-3933,41,5821,292671800,2115,292671860,2115,122,10,5,-5,2522,11,-59,2519
19731975,3792,507968612,55258348,5040,-3932,42,5821,292671850,2115,292671870,2115,122,10,-12,-5,2428,-5,-57,2426
19741894,3791,507968635,55258321,5040,-3932,41,5821,292671850,2115,292671880,2115,122,10,-11,-43,2569,-4,-98,2565
19751839,3791,507968658,55258293,5040,-3932,41,5821,292671850,2115,292671890,2115,122,9,-10,2,2524,-4,-52,2522
19761867,3790,507968680,55258265,5041,-3931,41,5821,292671850,2115,292671900,2115,122,9,-15,-23,2520,-9,-77,2517
19772083,3790,507968703,55258238,5041,-3930,41,5821,292671850,2115,292671910,2115,122,9,-9,-70,2488,-3,-123,2484
19781984,3789,507968726,55258209,5041,-3930,41,5821,292671900,2115,292671920,2115,121,8,-34,-17,2494,-28,-70,2491
19791921,3789,507968748,55258181,5042,-3929,41,5821,292671900,2115,292671930,2115,121,8,-21,-11,2488,-16,-64,2486
19801843,3788,507968771,55258153,5041,-3929,41,5821,292671900,2115,292671940,2115,120,8,-12,48,2502,-7,-5,2500
19811852,3788,507968794,55258126,5042,-3929,41,5821,292671900,2115,292671950,2115,120,8,-12,9,2502,-7,-43,2500
19822082,3787,507968816,55258098,5042,-3928,41,5821,292671900,2115,292671960,2115,119,8,-5,-72,2538,1,-125,2534
19831990,3787,507968839,55258069,5043,-3928,41,5821,292671950,2115,292671970,2115,119,8,-1,-27,2525,4,-80,2522
19841918,3786,507968861,55258042,5043,-3927,41,5821,292671950,2115,292671980,2115,119,8,-1,-11,2519,4,-63,2516
19851835,3785,507968884,55258014,5043,-3927,40,5821,292671950,2115,292671990,2115,119,8,-53,37,2541,-48,-17,2539
19861872,3785,507968907,55257987,5043,-3927,40,5821,292671950,2115,292672000,2115,119,8,-17,9,2504,-12,-44,2502
19872687,3784,507968929,55257959,5043,-3926,40,5821,292671950,2115,292672010,2115,120,8,-25,-39,2512,-20,-92,2509
19882009,3784,507968952,55257930,5043,-3926,41,5821,292672000,2115,292672020,2115,120,8,4,-12,2426,10,-63,2424
19891954,3783,507968975,55257902,5044,-3925,41,5821,292672000,2115,292672030,2115,121,9,-20,-1,2529,-14,-55,2526
19902175,3782,507968997,55257875,5045,-3924,40,5821,292672000,2115,292672040,2115,121,9,-21,-154,2546,-14,-208,2540
19911825,3782,507969020,55257847,5045,-3924,40,5821,292672000,2115,292672050,2115,121,10,1,61,2548,7,7,2547
19923241,3781,507969043,55257820,5045,-3923,40,5821,292672000,2115,292672060,2115,121,10,-25,-14,2501,-18,-68,2499
19932278,3781,507969065,55257791,5045,-3923,40,5821,292672050,2115,292672070,2115,121,11,-17,-26,2500,-11,-80,2497
19941895,3780,507969088,55257763,5045,-3922,40,5821,292672050,2115,292672080,2115,121,11,-41,-24,2477,-34,-77,2474
19951856,3780,507969111,55257736,5046,-3922,40,5821,292672050,2115,292672090,2115,122,12,-11,-13,2491,-4,-67,2488
19961857,3779,507969133,55257708,5046,-3921,40,5821,292672050,2115,292672100,2115,123,12,-6,-74,2494,2,-128,2490
19972130,3779,507969156,55257681,5047,-3920,41,5821,292672050,2115,292672110,2115,123,13,12,-84,2430,19,-137,2426
19981975,3778,507969179,55257651,5047,-3920,41,5821,292672100,2115,292672120,2115,124,13,-17,-29,2482,-9,-83,2479
19991905,3778,507969201,55257624,5048,-3919,41,5821,292672100,2115,292672130,2115,123,14,-26,-8,2475,-18,-62,2472
20001844,3778,507969224,55257596,5048,-3919,41,5821,292672100,2115,292672140,2115,123,14,0,22,2564,8,-34,2562
20011871,3777,507969247,55257569,5048,-3919,41,5821,292672100,2115,292672150,2115,123,14,-1,-8,2455,7,-61,2453
20022090,3777,507969270,55257541,5049,-3918,42,5821,292672100,2115,292672160,2115,123,15,-5,-55,2474,3,-109,2471
20031986,3776,507969292,55257512,5049,-3917,42,5821,292672150,2115,292672170,2115,124,15,-30,-86,2457,-21,-139,2453
20041943,3776,507969315,55257485,5049,-3917,42,5821,292672150,2115,292672180,2115,124,15,-25,56,2490,-16,2,2489
20051826,3775,507969338,55257457,5049,-3917,42,5821,292672150,2115,292672190,2115,124,15,-2,-25,2542,7,-80,2539
20061842,3775,507969360,55257430,5050,-3916,42,5821,292672150,2115,292672200,2115,124,16,0,-12,2509,9,-67,2506
20072088,3774,507969383,55257402,5050,-3916,42,5821,292672150,2115,292672210,2115,124,16,19,-39,2518,28,-94,2515
20081999,3774,507969406,55257373,5051,-3915,41,5821,292672200,2115,292672220,2115,124,16,-28,-16,2525,-19,-71,2522
20091909,3774,507969428,55257346,5051,-3915,41,5821,292672200,2115,292672230,2115,124,15,-50,-32,2493,-41,-87,2490
20101857,3773,507969451,55257319,5051,-3914,41,5821,292672200,2115,292672240,2115,124,15,-28,-22,2510,-20,-77,2507
20111835,3773,507969474,55257291,5052,-3914,41,5821,292672200,2115,292672250,2115,124,15,5,-43,2521,13,-98,2517
20122135,3772,507969496,55257264,5052,-3914,41,5821,292672200,2115,292672260,2115,124,15,16,57,2550,24,1,2549
20131982,3772,507969519,55257235,5052,-3913,41,5821,292672250,2115,292672270,2115,124,14,-16,-38,2504,-7,-92,2501
20141901,3771,507969542,55257207,5053,-3913,40,5821,292672250,2115,292672280,2115,124,14,14,-44,2560,23,-100,2557
20151835,3771,507969565,55257180,5053,-3912,40,5821,292672250,2115,292672290,2115,124,13,-28,-30,2503,-20,-85,2500
20161837,3770,507969587,55257152,5054,-3911,40,5821,292672250,2115,292672300,2115,124,12,9,-57,2527,17,-112,2524
20172080,3769,507969610,55257125,5054,-3911,40,5821,292672250,2115,292672310,2115,124,12,-30,3,2522,-23,-52,2520
20181970,3769,507969633,55257096,5054,-3910,39,5821,292672300,2115,292672320,2115,123,11,-24,4,2608,-17,-52,2605
20191927,3769,507969655,55257068,5054,-3910,39,5821,292672300,2115,292672330,2115,122,10,0,50,2579,6,-6,2577
20201842,3768,507969678,55257041,5054,-3910,38,5821,292672300,2115,292672340,2115,122,10,-14,-33,2577,-7,-89,2574
20211831,3767,507969701,55257014,5055,-3910,37,5821,292672300,2115,292672350,2115,122,9,1,4,2618,7,-52,2615
20222130,3767,507969724,55256986,5055,-3909,37,5821,292672300,2115,292672360,2115,122,9,-25,-59,2569,-19,-114,2565
20231999,3766,507969746,55256957,5055,-3908,36,5821,292672350,2115,292672370,2115,121,8,-28,19,2582,-23,-36,2580
20241899,3765,507969769,55256930,5055,-3908,36,5821,292672350,2115,292672380,2115,121,8,-25,-35,2558,-19,-90,2555
20251835,3765,507969792,55256902,5055,-3907,35,5822,292672350,2115,292672390,2115,120,8,-34,23,2565,-29,-32,2563
20261988,3764,507969814,55256875,5056,-3907,34,5822,292672350,2115,292672400,2115,119,7,-2,21,2578,3,-33,2576
20272101,3764,507969837,55256848,5056,-3907,33,5822,292672350,2115,292672410,2115,118,7,-2,-29,2629,4,-84,2626
20281985,3763,507969860,55256819,5056,-3906,32,5822,292672400,2115,292672420,2115,118,6,13,-5,2581,18,-58,2578
20291905,3762,507969883,55256791,5056,-3905,32,5822,292672400,2115,292672430,2115,117,6,-15,-24,2580,-11,-78,2577
20301827,3762,507969905,55256764,5056,-3905,32,5822,292672400,2115,292672440,2115,117,6,-40,-2,2501,-35,-53,2498
20311866,3761,507969928,55256736,5057,-3904,31,5822,292672400,2115,292672450,2115,116,6,-25,-14,2574,-20,-67,2572
20322129,3760,507969951,55256709,5057,-3904,31,5822,292672400,2115,292672460,2115,115,6,-2,-16,2552,3,-68,2549
20331979,3760,507969973,55256680,5058,-3904,31,5822,292672450,2115,292672470,2115,114,6,22,3,2573,27,-49,2571
20341909,3759,507969996,55256653,5058,-3904,30,5822,292672450,2115,292672480,2115,114,6,19,-21,2567,23,-72,2564
20352377,3759,507970019,55256625,5059,-3903,30,5822,292672450,2115,292672490,2115,113,6,-4,-58,2525,0,-108,2521
20361818,3758,507970042,55256598,5059,-3903,30,5822,292672450,2115,292672500,2115,112,6,-49,-45,2507,-44,-95,2504
20372125,3757,507970064,55256571,5059,-3902,30,5822,292672450,2115,292672510,2115,112,6,-35,27,2534,-31,-23,2532
20382477,3757,507970087,55256542,5059,-3902,29,5822,292672500,2115,292672520,2115,112,6,-5,-13,2571,0,-63,2569
20391918,3756,507970110,55256514,5060,-3902,29,5822,292672500,2115,292672530,2115,111,5,21,-69,2605,26,-120,2601
20401867,3755,507970133,55256487,5060,-3901,29,5822,292672500,2115,292672540,2115,111,5,20,-7,2496,24,-56,2493
20411829,3755,507970155,55256460,5060,-3901,29,5822,292672500,2115,292672550,2115,111,5,-22,-25,2486,-18,-74,2483
20422132,3754,507970178,55256432,5061,-3900,28,5822,292672500,2115,292672560,2115,112,5,-39,-73,2561,-34,-124,2558
20431973,3753,507970201,55256403,5061,-3899,28,5822,292672550,2115,292672570,2115,112,5,-23,-81,2485,-19,-130,2481
20442624,3753,507970224,55256376,5061,-3899,28,5822,292672550,2115,292672580,2115,113,5,-2,-2,2528,3,-53,2526
20451834,3752,507970246,55256349,5062,-3898,28,5822,292672550,2115,292672590,2115,113,5,8,-50,2454,13,-99,2451
20461865,3752,507970269,55256321,5062,-3897,28,5822,292672550,2115,292672600,2115,114,5,-2,-44,2568,2,-95,2565
20472768,3751,507970292,55256294,5063,-3897,28,5822,292672550,2115,292672610,2115,115,5,2,-83,2534,6,-134,2530
20481988,3751,507970314,55256265,5063,-3896,28,5822,292672600,2115,292672620,2115,115,4,-12,-44,2502,-8,-95,2498
20491922,3750,507970337,55256238,5064,-3895,29,5822,292672600,2115,292672630,2115,116,4,-16,-58,2409,-12,-108,2406
20501994,3750,507970360,55256210,5064,-3894,29,5822,292672600,2115,292672640,2115,117,4,-29,-102,2469,-25,-153,2464
20511836,3749,507970383,55256183,5065,-3894,29,5822,292672600,2115,292672650,2115,117,5,-22,-21,2438,-18,-71,2435
20522132,3749,507970406,55256156,5065,-3893,29,5822,292672600,2115,292672660,2115,118,5,-16,-12,2558,-12,-65,2555
20531974,3748,507970428,55256127,5066,-3892,29,5822,292672650,2115,292672670,2115,119,5,18,-50,2484,22,-102,2480
20541906,3748,507970451,55256100,5066,-3892,29,5822,292672650,2115,292672680,2115,120,5,5,-53,2496,10,-106,2492
20551864,3747,507970474,55256072,5067,-3891,29,5822,292672650,2115,292672690,2115,121,5,-47,-130,2525,-42,-184,2520
20561828,3747,507970497,55256045,5067,-3890,29,5822,292672650,2115,292672700,2115,122,6,-28,18,2466,-23,-35,2464
20572073,3746,507970519,55256018,5067,-3890,29,5822,292672650,2115,292672710,2115,123,6,-37,24,2464,-32,-30,2462
20581965,3745,507970542,55255989,5067,-3889,30,5822,292672700,2115,292672720,2115,124,6,-1,-47,2421,4,-100,2418
20591887,3745,507970565,55255962,5068,-3889,31,5822,292672700,2115,292672730,2115,126,6,-6,-29,2435,-1,-83,2432
20601833,3744,507970588,55255934,5069,-3888,31,5822,292672700,2115,292672740,2115,127,6,15,-67,2454,20,-121,2450
20611827,3744,507970611,55255907,5069,-3888,31,5822,292672700,2115,292672750,2115,128,6,-5,-16,2477,0,-71,2474
20623501,3743,507970633,55255880,5070,-3887,32,5822,292672700,2115,292672760,2115,129,6,4,-76,2437,9,-131,2433
20631976,3743,507970656,55255851,5070,-3886,32,5822,292672750,2115,292672770,2115,129,6,-4,-31,2458,0,-87,2455
20641915,3742,507970679,55255824,5070,-3886,32,5822,292672750,2115,292672780,2115,130,6,-22,23,2436,-18,-33,2434
20651840,3742,507970702,55255796,5070,-3886,33,5822,292672750,2115,292672790,2115,131,6,-18,-26,2477,-14,-83,2474
20661816,3741,507970724,55255769,5071,-3885,33,5822,292672750,2115,292672800,2115,132,6,18,-105,2510,23,-163,2505
20672101,3741,507970747,55255742,5071,-3884,32,5822,292672750,2115,292672810,2115,133,5,-9,23,2529,-5,-36,2527
20682047,3740,507970770,55255713,5072,-3884,32,5822,292672800,2115,292672820,2115,134,5,0,-60,2516,4,-119,2512
20691904,3739,507970793,55255686,5073,-3883,33,5822,292672800,2115,292672830,2115,135,5,-11,-100,2472,-6,-159,2467
20701837,3739,507970816,55255659,5073,-3882,32,5822,292672800,2115,292672840,2115,135,5,-43,6,2566,-39,-55,2564
20712255,3738,507970839,55255631,5073,-3882,32,5822,292672800,2115,292672850,2115,136,5,-7,9,2516,-3,-51,2514
20722105,3738,507970861,55255604,5073,-3881,32,5822,292672800,2115,292672860,2115,136,5,-11,-24,2494,-7,-84,2491
20731976,3737,507970884,55255575,5074,-3881,33,5822,292672850,2115,292672870,2115,137,5,-11,-65,2451,-7,-124,2447
20742279,3736,507970907,55255548,5074,-3880,33,5822,292672850,2115,292672880,2115,137,5,-4,-52,2457,0,-112,2453
20751818,3736,507970930,55255521,5075,-3879,34,5822,292672850,2115,292672890,2115,137,5,-16,-56,2431,-12,-115,2427
20761848,3735,507970953,55255494,5075,-3879,33,5822,292672850,2115,292672900,2115,137,5,-10,-13,2525,-6,-74,2522
20772532,3735,507970975,55255467,5075,-3878,33,5822,292672850,2115,292672910,2115,137,5,3,14,2501,7,-46,2499
20781981,3734,507970998,55255438,5076,-3878,33,5822,292672900,2115,292672920,2115,137,5,-6,-44,2516,-2,-105,2512
20791908,3734,507971021,55255411,5076,-3877,33,5822,292672900,2115,292672930,2115,136,6,-5,-12,2496,0,-72,2493
20802500,3733,507971044,55255383,5076,-3877,33,5822,292672900,2115,292672940,2115,136,6,-17,4,2524,-13,-57,2522
20811827,3733,507971067,55255356,5077,-3876,33,5822,292672900,2115,292672950,2115,136,7,-24,-45,2485,-19,-105,2481
20822079,3732,507971089,55255329,5077,-3876,33,5822,292672900,2115,292672960,2115,135,7,-18,-20,2502,-13,-79,2499
20832005,3731,507971112,55255300,5077,-3875,34,5822,292672950,2115,292672970,2115,134,8,-38,-33,2448,-32,-91,2445
20841915,3731,507971135,55255273,5078,-3874,34,5822,292672950,2115,292672980,2115,134,8,19,-32,2444,24,-89,2441
20851845,3730,507971158,55255246,5078,-3874,35,5822,292672950,2115,292672990,2115,132,9,-9,39,2406,-3,-17,2404
20861897,3730,507971181,55255219,5078,-3874,35,5822,292672950,2115,292673000,2115,132,9,13,20,2461,19,-37,2459
20872785,3729,507971204,55255192,5079,-3873,35,5822,292672950,2115,292673010,2115,131,10,-19,-55,2492,-13,-112,2489
20881981,3728,507971226,55255163,5079,-3873,36,5822,292673000,2115,292673020,2115,130,10,7,-26,2450,13,-82,2447
20892598,3727,507971249,55255136,5079,-3872,36,5822,292673000,2115,292673030,2115,129,10,-12,-17,2481,-5,-74,2478
20901819,3726,507971272,55255109,5079,-3873,36,5822,292673000,2115,292673040,2115,128,11,1,57,2459,7,1,2457
20911833,3726,507971295,55255081,5080,-3872,36,5822,292673000,2115,292673050,2115,128,11,-19,-48,2488,-12,-104,2485
20923272,3725,507971318,55255054,5080,-3871,37,5822,292673000,2115,292673060,2115,127,11,11,-50,2476,18,-105,2472
20931991,3724,507971341,55255026,5080,-3872,37,5822,292673050,2115,292673070,2115,127,11,-10,117,2444,-4,63,2445
20942205,3723,507971363,55254998,5081,-3871,38,5822,292673050,2115,292673080,2115,126,11,-5,-96,2460,2,-150,2455
20952514,3722,507971386,55254971,5081,-3870,38,5822,292673050,2115,292673090,2115,126,11,-7,-95,2464,0,-149,2459
20961821,3721,507971409,55254944,5082,-3869,38,5822,292673050,2115,292673100,2115,126,10,-12,-68,2495,-5,-123,2491
20972082,3721,507971432,55254917,5082,-3869,38,5822,292673050,2115,292673110,2115,125,10,2,74,2493,8,19,2493
20982410,3720,507971455,55254888,5082,-3869,38,5822,292673100,2115,292673120,2115,125,10,-23,1,2520,-17,-55,2518
20991910,3719,507971478,55254861,5083,-3868,37,5822,292673100,2115,292673130,2115,125,9,5,-144,2584,11,-200,2578
21001831,3718,507971500,55254834,5084,-3867,37,5822,292673100,2115,292673140,2115,125,9,-14,-106,2534,-7,-162,2529
21012388,3717,507971523,55254807,5084,-3866,37,5822,292673100,2115,292673150,2115,125,9,-22,16,2531,-16,-39,2529
21022096,3716,507971546,55254780,5085,-3865,37,5822,292673100,2115,292673160,2115,125,8,-28,-101,2480,-22,-156,2475
21031997,3716,507971569,55254751,5085,-3865,37,5822,292673150,2115,292673170,2115,125,8,-30,-41,2549,-25,-97,2546
21042407,3715,507971592,55254724,5085,-3864,36,5822,292673150,2115,292673180,2115,124,8,2,-34,2548,7,-90,2544
21051824,3714,507971615,55254697,5086,-3864,36,5822,292673150,2115,292673190,2115,124,7,19,2,2556,24,-54,2553
21061868,3714,507971638,55254670,5086,-3863,36,5822,292673150,2115,292673200,2115,124,7,-9,-26,2512,-4,-81,2509
21072172,3713,507971660,55254643,5087,-3862,35,5822,292673150,2115,292673210,2115,124,7,0,-173,2554,6,-228,2548
21081999,3712,507971683,55254614,5088,-3861,35,5822,292673200,2115,292673220,2115,124,6,-24,-39,2517,-19,-94,2514
21091890,3712,507971706,55254587,5088,-3861,35,5822,292673200,2115,292673230,2115,123,6,-26,52,2520,-21,-3,2519
21102419,3711,507971729,55254560,5088,-3860,35,5822,292673200,2115,292673240,2115,123,6,10,-72,2582,15,-128,2578
21111850,3711,507971752,55254533,5089,-3860,34,5822,292673200,2115,292673250,2115,123,6,-1,-83,2563,4,-138,2559
21122121,3710,507971775,55254506,5089,-3859,34,5822,292673200,2115,292673260,2115,122,5,7,-9,2570,11,-65,2568
21132912,3709,507971798,55254477,5090,-3858,33,5822,292673250,2115,292673270,2115,122,5,-10,-47,2550,-6,-102,2546
21141912,3709,507971821,55254450,5090,-3857,33,5822,292673250,2115,292673280,2115,122,5,-12,-62,2544,-8,-116,2540
21151975,3708,507971843,55254423,5091,-3857,33,5822,292673250,2115,292673290,2115,122,5,-19,-77,2530,-15,-132,2526
21162396,3708,507971866,55254396,5091,-3857,32,5822,292673250,2115,292673300,2115,121,5,-5,54,2607,-1,-2,2606
21172329,3707,507971889,55254369,5091,-3856,31,5822,292673250,2115,292673310,2115,121,4,-9,-91,2581,-5,-146,2576
21181984,3707,507971912,55254340,5092,-3855,31,5822,292673300,2115,292673320,2115,120,4,18,-47,2569,22,-101,2565
21192487,3706,507971935,55254313,5092,-3855,31,5822,292673300,2115,292673330,2115,120,4,7,-17,2513,10,-70,2510
21201829,3705,507971958,55254286,5093,-3854,30,5822,292673300,2115,292673340,2115,121,3,-7,-72,2552,-3,-126,2549
21211827,3705,507971981,55254259,5093,-3853,30,5822,292673300,2115,292673350,2115,121,3,-10,-49,2489,-6,-102,2485
21222682,3704,507972004,55254232,5094,-3853,30,5822,292673300,2115,292673360,2115,121,3,-20,-60,2536,-17,-114,2533
21231993,3704,507972027,55254204,5094,-3852,30,5822,292673350,2115,292673370,2115,121,3,-2,11,2483,1,-42,2481
21241925,3703,507972049,55254177,5094,-3852,30,5822,292673350,2115,292673380,2115,121,3,16,-42,2526,19,-96,2523
21252789,3703,507972072,55254150,5095,-3851,30,5822,292673350,2115,292673390,2115,122,4,7,-47,2530,11,-102,2527
21261819,3702,507972095,55254123,5096,-3850,29,5822,292673350,2115,292673400,2115,123,4,-10,-109,2591,-6,-165,2587
21272081,3701,507972118,55254096,5096,-3850,29,5823,292673350,2115,292673410,2115,123,4,-26,-49,2561,-22,-104,2557
21281972,3701,507972141,55254067,5096,-3849,28,5823,292673400,2115,292673420,2115,124,5,-8,-52,2534,-4,-108,2531
21291904,3700,507972164,55254040,5097,-3848,29,5823,292673400,2115,292673430,2115,125,5,-8,-26,2454,-3,-80,2451
21301828,3699,507972187,55254013,5097,-3848,29,5823,292673400,2115,292673440,2115,125,6,-3,-22,2480,1,-77,2477
21311820,3699,507972210,55253986,5098,-3847,29,5823,292673400,2115,292673450,2115,126,6,-18,-110,2479,-13,-165,2474
21322090,3698,507972233,55253959,5098,-3846,30,5823,292673400,2115,292673460,2115,126,7,-2,-49,2427,3,-103,2424
21332010,3698,507972256,55253931,5099,-3846,30,5823,292673450,2115,292673470,2115,127,8,10,-10,2423,15,-64,2420
21341909,3697,507972279,55253904,5099,-3845,31,5823,292673450,2115,292673480,2115,128,9,15,-56,2383,21,-110,2379
21351848,3696,507972301,55253877,5100,-3844,32,5823,292673450,2115,292673490,2115,129,9,-14,-58,2470,-7,-114,2466
21361844,3696,507972324,55253850,5100,-3844,32,5823,292673450,2115,292673500,2115,130,10,-21,-55,2447,-14,-110,2443
21372085,3695,507972347,55253823,5101,-3843,32,5823,292673450,2115,292673510,2115,130,11,2,8,2537,9,-51,2535
21381991,3695,507972370,55253794,5101,-3843,33,5823,292673500,2115,292673520,2115,131,12,16,-64,2408,23,-119,2404
21391910,3694,507972393,55253767,5102,-3842,33,5823,292673500,2115,292673530,2115,132,13,3,-78,2437,11,-135,2433
21401843,3693,507972416,55253740,5102,-3841,34,5823,292673500,2115,292673540,2115,133,13,-33,-40,2374,-26,-95,2371
21411858,3692,507972439,55253714,5103,-3841,35,5823,292673500,2115,292673550,2115,134,14,-22,-61,2447,-13,-119,2443
21422123,3692,507972462,55253687,5103,-3840,36,5823,292673500,2115,292673560,2115,134,15,-9,4,2361,-1,-52,2359
21432354,3691,507972485,55253658,5104,-3840,36,5823,292673550,2115,292673570,2115,135,15,19,-60,2424,28,-118,2420
21441947,3690,507972508,55253631,5104,-3839,37,5823,292673550,2115,292673580,2115,136,15,8,-21,2463,17,-80,2460
21451864,3689,507972531,55253604,5105,-3839,37,5823,292673550,2115,292673590,2115,136,15,26,5,2471,35,-54,2469
21462609,3689,507972554,55253577,5106,-3838,37,5823,292673550,2115,292673600,2115,137,15,20,-103,2473,29,-163,2468
21472067,3688,507972577,55253550,5106,-3837,38,5823,292673550,2115,292673610,2115,138,14,-17,-87,2377,-9,-145,2372
21481999,3687,507972600,55253522,5106,-3837,39,5823,292673600,2115,292673620,2115,138,14,-68,9,2383,-60,-50,2381
21492036,3687,507972623,55253495,5107,-3836,40,5823,292673600,2115,292673630,2115,139,14,-14,-41,2452,-6,-100,2449
21502129,3686,507972646,55253468,5107,-3835,39,5823,292673600,2115,292673640,2115,139,13,11,-31,2529,19,-92,2526
21511825,3685,507972668,55253441,5108,-3835,39,5823,292673600,2115,292673650,2115,139,13,55,-55,2554,63,-117,2550
21522149,3685,507972691,55253414,5109,-3835,39,5823,292673600,2115,292673660,2115,138,12,17,-21,2521,24,-83,2518
21531987,3684,507972714,55253386,5109,-3834,39,5823,292673650,2115,292673670,2115,138,11,-36,2,2441,-29,-57,2439
21541900,3683,507972737,55253359,5109,-3833,39,5823,292673650,2115,292673680,2115,138,11,-49,-77,2544,-42,-139,2539
21552124,3682,507972760,55253332,5109,-3832,39,5823,292673650,2115,292673690,2115,137,11,-62,-55,2490,-55,-115,2486
21561857,3682,507972783,55253305,5110,-3832,39,5823,292673650,2115,292673700,2115,136,10,-4,20,2489,2,-40,2487
21572685,3681,507972806,55253278,5110,-3832,40,5823,292673650,2115,292673710,2115,135,10,4,-5,2479,10,-64,2476
21581972,3680,507972829,55253250,5110,-3831,39,5823,292673700,2115,292673720,2115,134,9,20,-8,2581,26,-68,2578
21591903,3680,507972852,55253223,5111,-3830,39,5823,292673700,2115,292673730,2115,132,9,10,-86,2484,17,-144,2479
21602693,3679,507972875,55253196,5112,-3830,40,5823,292673700,2115,292673740,2115,130,9,-21,-50,2419,-15,-106,2415
21611830,3678,507972898,55253170,5111,-3829,40,5823,292673700,2115,292673750,2115,128,10,-107,22,2406,-101,-33,2404
21622088,3677,507972921,55253143,5111,-3829,40,5823,292673700,2115,292673760,2115,126,10,-45,22,2521,-39,-34,2519
21631969,3677,507972944,55253114,5111,-3828,40,5823,292673750,2115,292673770,2115,125,10,-11,-2,2527,-5,-58,2525
21641915,3676,507972967,55253087,5112,-3828,39,5823,292673750,2115,292673780,2115,123,11,63,-78,2592,70,-133,2588
21651836,3675,507972990,55253061,5113,-3828,39,5823,292673750,2115,292673790,2115,122,11,32,13,2590,39,-42,2588
21661828,3674,507973013,55253034,5113,-3827,39,5823,292673750,2115,292673800,2115,120,11,-20,-32,2495,-13,-85,2492
21672092,3673,507973036,55253007,5113,-3826,39,5823,292673750,2115,292673810,2115,119,11,-80,-71,2417,-73,-122,2414
21682006,3673,507973059,55252979,5113,-3825,40,5823,292673800,2115,292673820,2115,117,12,-81,-6,2390,-74,-56,2387
21691904,3672,507973082,55252952,5113,-3825,41,5823,292673800,2115,292673830,2115,116,12,-20,39,2406,-13,-11,2404
21701834,3671,507973105,55252925,5114,-3825,42,5823,292673800,2115,292673840,2115,115,12,42,-80,2440,49,-129,2436
21711836,3670,507973128,55252898,5115,-3825,41,5823,292673800,2115,292673850,2115,113,12,77,-12,2571,85,-63,2568
21722079,3670,507973151,55252871,5115,-3824,40,5823,292673800,2115,292673860,2115,112,12,22,-80,2598,29,-131,2594
21731995,3669,507973174,55252843,5116,-3823,40,5823,292673850,2115,292673870,2115,111,11,-40,0,2543,-33,-50,2540
21741902,3668,507973197,55252816,5116,-3822,40,5823,292673850,2115,292673880,2115,111,11,-76,-109,2521,-69,-159,2516
21751829,3667,507973220,55252789,5116,-3821,40,5823,292673850,2115,292673890,2115,111,11,-66,-122,2460,-59,-171,2456
21761844,3666,507973243,55252763,5116,-3821,40,5823,292673850,2115,292673900,2115,111,11,-33,41,2515,-26,-8,2513
21772088,3665,507973266,55252736,5117,-3820,40,5823,292673850,2115,292673910,2115,111,11,23,-15,2576,30,-65,2573
21781992,3664,507973289,55252707,5118,-3819,39,5823,292673900,2115,292673920,2115,112,11,37,-166,2643,45,-218,2637
21791933,3663,507973312,55252681,5119,-3818,38,5823,292673900,2115,292673930,2115,112,10,7,-96,2617,14,-148,2613
21801850,3662,507973335,55252654,5119,-3817,37,5823,292673900,2115,292673940,2115,113,10,-53,-119,2555,-45,-170,2550
21811829,3662,507973358,55252627,5119,-3816,37,5823,292673900,2115,292673950,2115,114,10,-71,-33,2483,-64,-83,2480
21822153,3661,507973381,55252600,5119,-3815,37,5823,292673900,2115,292673960,2115,115,10,-67,-46,2506,-60,-97,2503
21831997,3660,507973404,55252572,5120,-3814,37,5823,292673950,2115,292673970,2115,116,10,17,-130,2581,24,-182,2576
21841938,3659,507973427,55252545,5121,-3814,36,5823,292673950,2115,292673980,2115,117,11,-2,-76,2578,6,-129,2574
21852092,3659,507973450,55252519,5122,-3812,36,5823,292673950,2115,292673990,2115,118,11,-14,-153,2566,-6,-206,2561
21861837,3658,507973473,55252492,5122,-3812,35,5823,292673950,2115,292674000,2115,119,11,-16,-59,2608,-9,-114,2605
21873231,3657,507973496,55252465,5123,-3810,35,5823,292673950,2115,292674010,2115,120,12,-46,-160,2539,-38,-214,2534
21882023,3657,507973519,55252437,5123,-3809,35,5823,292674000,2115,292674020,2115,121,12,-31,-57,2487,-23,-110,2484
21891907,3656,507973542,55252410,5124,-3808,35,5823,292674000,2115,292674030,2115,122,13,-38,-40,2507,-30,-94,2504
21901846,3655,507973565,55252384,5124,-3808,35,5823,292674000,2115,292674040,2115,122,13,-19,-65,2507,-11,-119,2503
21911832,3655,507973588,55252357,5125,-3806,34,5823,292674000,2115,292674050,2115,123,14,8,-144,2558,17,-199,2552
21922140,3654,507973611,55252330,5126,-3806,34,5823,292674000,2115,292674060,2115,123,14,12,-90,2520,21,-145,2515
21931989,3653,507973634,55252302,5126,-3805,34,5823,292674050,2115,292674070,2115,123,15,-11,-16,2501,-3,-70,2498
21941921,3653,507973657,55252275,5126,-3805,34,5823,292674050,2115,292674080,2115,123,15,-27,-18,2475,-19,-71,2472
21952138,3652,507973680,55252249,5127,-3804,35,5823,292674050,2115,292674090,2115,123,16,-18,-34,2419,-9,-86,2416
21961848,3652,507973703,55252222,5127,-3803,36,5823,292674050,2115,292674100,2115,122,16,-8,-80,2450,1,-133,2446
21972133,3651,507973726,55252195,5128,-3803,36,5823,292674050,2115,292674110,2115,122,16,0,-29,2492,9,-83,2489
21981985,3650,507973749,55252167,5129,-3802,36,5823,292674100,2115,292674120,2115,121,17,8,-43,2492,18,-96,2489
21991904,3650,507973772,55252140,5129,-3802,36,5823,292674100,2115,292674130,2115,121,17,2,-28,2462,11,-81,2459
22001835,3649,507973796,55252114,5129,-3801,36,5823,292674100,2115,292674140,2115,120,17,-27,-22,2489,-18,-74,2486
22011828,3648,507973819,55252087,5130,-3801,36,5823,292674100,2115,292674150,2115,119,17,-22,-60,2502,-13,-112,2499
22022132,3648,507973842,55252060,5130,-3800,36,5823,292674100,2115,292674160,2115,118,17,-15,-3,2463,-6,-54,2460
22031979,3647,507973865,55252032,5130,-3800,37,5823,292674150,2115,292674170,2115,117,17,-17,-6,2480,-8,-57,2478
22042134,3646,507973888,55252006,5130,-3799,37,5823,292674150,2115,292674180,2115,117,17,-1,-45,2421,9,-95,2418
22051821,3645,507973911,55251979,5131,-3799,37,5823,292674150,2115,292674190,2115,116,17,-18,-12,2494,-8,-63,2491
22061876,3645,507973934,55251952,5131,-3798,37,5823,292674150,2115,292674200,2115,116,17,1,-81,2495,11,-132,2491
22072127,3644,507973957,55251926,5132,-3798,37,5823,292674150,2115,292674210,2115,116,17,12,-9,2490,22,-60,2488
22081984,3643,507973980,55251898,5132,-3797,38,5823,292674200,2115,292674220,2115,116,17,-29,-84,2386,-20,-132,2382
22091912,3642,507974003,55251871,5132,-3797,39,5823,292674200,2115,292674230,2115,115,16,-12,28,2439,-3,-22,2438
22101841,3642,507974026,55251844,5133,-3796,40,5823,292674200,2115,292674240,2115,115,16,-37,-21,2408,-28,-69,2405
22112423,3641,507974049,55251818,5133,-3795,40,5823,292674200,2115,292674250,2115,115,16,-20,-116,2476,-11,-166,2471
22122267,3640,507974072,55251791,5134,-3794,40,5823,292674200,2115,292674260,2115,114,16,5,-65,2455,14,-115,2452
22131978,3640,507974095,55251763,5134,-3794,40,5823,292674250,2115,292674270,2115,114,15,0,-33,2488,9,-83,2485
22141901,3639,507974118,55251736,5134,-3794,40,5823,292674250,2115,292674280,2115,114,15,-46,11,2566,-38,-40,2564
22151853,3639,507974141,55251710,5134,-3793,39,5823,292674250,2115,292674290,2115,113,14,-28,-46,2588,-19,-98,2584
22161874,3638,507974165,55251683,5135,-3792,38,5823,292674250,2115,292674300,2115,113,13,-23,-52,2627,-15,-104,2624
22173220,3637,507974188,55251657,5136,-3791,37,5823,292674250,2115,292674310,2115,113,12,41,-91,2620,49,-142,2616
22181989,3637,507974211,55251628,5136,-3792,38,5823,292674300,2115,292674320,2115,113,10,60,49,2452,66,0,2450
22192577,3636,507974234,55251602,5137,-3791,40,5823,292674300,2115,292674330,2115,113,10,-35,-55,2204,-29,-99,2201
22201834,3636,507974257,55251575,5137,-3790,42,5823,292674300,2115,292674340,2115,114,9,-94,-44,2327,-88,-92,2324
22211820,3635,507974280,55251549,5136,-3789,42,5823,292674300,2115,292674350,2115,114,9,-147,-12,2478,-141,-63,2475
22222136,3634,507974303,55251522,5136,-3789,41,5823,292674300,2115,292674360,2115,115,9,0,-39,2652,7,-93,2649
22231976,3634,507974326,55251494,5137,-3788,38,5823,292674350,2115,292674370,2115,115,8,111,-48,2788,117,-104,2785
22241904,3633,507974349,55251467,5139,-3788,36,5823,292674350,2115,292674380,2115,116,8,98,-83,2790,104,-139,2786
22251834,3632,507974372,55251441,5139,-3787,33,5823,292674350,2115,292674390,2115,117,7,-8,-36,2832,-3,-94,2829
22261836,3632,507974395,55251414,5139,-3786,32,5823,292674350,2115,292674400,2115,118,7,-118,-1,2641,-112,-57,2639
22272133,3631,507974419,55251388,5138,-3785,34,5823,292674350,2115,292674410,2115,119,8,-195,-76,2332,-190,-126,2328
22281985,3631,507974442,55251360,5137,-3784,35,5823,292674400,2115,292674420,2115,120,9,-154,13,2285,-149,-36,2284
22291910,3630,507974465,55251333,5138,-3782,37,5823,292674400,2115,292674430,2115,121,9,-26,-143,2320,-19,-193,2314
22301826,3629,507974488,55251307,5140,-3782,36,5824,292674400,2115,292674440,2115,123,9,171,-159,2580,178,-214,2574
22311917,3629,507974511,55251280,5142,-3783,35,5824,292674400,2115,292674450,2115,125,9,219,15,2682,225,-42,2679
22322133,3628,507974534,55251254,5143,-3782,34,5824,292674400,2115,292674460,2115,126,9,118,-81,2677,124,-140,2673
22331991,3628,507974557,55251226,5143,-3781,34,5824,292674450,2115,292674470,2115,128,9,-152,9,2489,-147,-48,2487
22341909,3627,507974580,55251199,5142,-3779,34,5824,292674450,2115,292674480,2115,129,9,-212,-126,2494,-206,-183,2489
22352794,3627,507974603,55251173,5142,-3778,34,5824,292674450,2115,292674490,2115,130,9,-126,-89,2436,-120,-145,2432
22361849,3626,507974626,55251146,5142,-3777,35,5824,292674450,2115,292674500,2115,131,9,-29,-51,2444,-23,-108,2440
22372101,3626,507974650,55251120,5143,-3777,35,5824,292674450,2115,292674510,2115,132,9,103,-33,2519,109,-91,2516
22381984,3625,507974673,55251092,5145,-3777,34,5824,292674500,2115,292674520,2115,133,9,103,-72,2632,110,-133,2627
22391913,3624,507974696,55251065,5145,-3776,33,5824,292674500,2115,292674530,2115,134,8,17,-46,2566,23,-106,2563
22401853,3624,507974719,55251039,5145,-3776,33,5824,292674500,2115,292674540,2115,134,8,-42,14,2498,-37,-45,2496
22412023,3623,507974742,55251012,5145,-3775,33,5824,292674500,2115,292674550,2115,135,8,-92,-21,2484,-87,-80,2481
22422081,3623,507974765,55250986,5145,-3774,34,5824,292674500,2115,292674560,2115,135,8,-62,-71,2463,-57,-130,2458
22432304,3622,507974788,55250958,5146,-3773,33,5824,292674550,2115,292674570,2115,135,8,-3,-42,2516,3,-102,2512
22441937,3622,507974811,55250931,5146,-3773,33,5824,292674550,2115,292674580,2115,135,9,34,20,2547,40,-41,2544
22451849,3621,507974835,55250905,5147,-3773,32,5824,292674550,2115,292674590,2115,135,9,3,-47,2588,10,-108,2585
22462635,3620,507974858,55250878,5147,-3772,32,5824,292674550,2115,292674600,2115,134,9,-14,3,2582,-8,-58,2579
22472105,3620,507974881,55250852,5147,-3771,32,5824,292674550,2115,292674610,2115,134,9,-49,-16,2527,-43,-75,2524
22481980,3619,507974904,55250824,5147,-3771,32,5824,292674600,2115,292674620,2115,133,10,-36,-8,2475,-29,-66,2473
22492162,3618,507974927,55250798,5147,-3771,33,5824,292674600,2115,292674630,2115,133,10,-13,69,2382,-7,14,2381
22501832,3618,507974950,55250771,5148,-3770,34,5824,292674600,2115,292674640,2115,133,11,-11,-75,2408,-4,-131,2404
22511850,3617,507974973,55250745,5148,-3769,34,5824,292674600,2115,292674650,2115,132,11,0,-44,2476,7,-102,2473
22523048,3616,507974997,55250718,5149,-3769,33,5824,292674600,2115,292674660,2115,132,12,-5,-42,2561,3,-102,2558
22531992,3616,507975020,55250690,5149,-3769,34,5824,292674650,2115,292674670,2115,131,12,2,19,2484,10,-38,2482
22541946,3615,507975043,55250664,5149,-3769,34,5824,292674650,2115,292674680,2115,130,13,-21,85,2463,-15,28,2463
22551936,3614,507975066,55250638,5149,-3768,34,5824,292674650,2115,292674690,2115,130,13,-16,-69,2430,-8,-124,2426
22561836,3614,507975089,55250611,5150,-3767,34,5824,292674650,2115,292674700,2115,129,13,-2,-55,2495,6,-111,2491
22573217,3613,507975112,55250585,5150,-3767,35,5824,292674650,2115,292674710,2115,129,13,-20,2,2416,-13,-53,2413
22582205,3612,507975135,55250557,5150,-3766,35,5824,292674700,2115,292674720,2115,129,14,1,-24,2507,9,-81,2504
22591916,3611,507975159,55250530,5151,-3766,36,5824,292674700,2115,292674730,2115,129,14,-11,-44,2349,-3,-98,2345
22601844,3611,507975182,55250504,5151,-3766,36,5824,292674700,2115,292674740,2115,129,14,9,27,2469,17,-29,2467
22612530,3610,507975205,55250478,5152,-3765,37,5824,292674700,2115,292674750,2115,129,14,-8,-77,2437,0,-132,2433
22623216,3609,507975228,55250451,5152,-3765,37,5824,292674700,2115,292674760,2115,129,14,8,10,2510,16,-47,2508
22631981,3609,507975251,55250423,5152,-3764,37,5824,292674750,2115,292674770,2115,129,14,-35,-63,2481,-27,-119,2477
22642612,3608,507975274,55250397,5153,-3763,37,5824,292674750,2115,292674780,2115,129,14,-6,-43,2507,2,-99,2503
22651832,3608,507975297,55250370,5153,-3763,37,5824,292674750,2115,292674790,2115,130,14,-29,-15,2472,-21,-72,2469
22661837,3607,507975321,55250344,5154,-3762,38,5824,292674750,2115,292674800,2115,130,13,10,-76,2436,18,-131,2432
22672198,3606,507975344,55250318,5154,-3761,38,5824,292674750,2115,292674810,2115,130,13,-22,-61,2489,-14,-118,2485
22681976,3606,507975367,55250290,5155,-3761,38,5824,292674800,2115,292674820,2115,130,13,5,18,2475,12,-39,2473
22691925,3605,507975390,55250263,5155,-3761,39,5824,292674800,2115,292674830,2115,130,12,-1,-36,2469,7,-92,2466
22701986,3605,507975413,55250237,5156,-3760,39,5824,292674800,2115,292674840,2115,130,12,4,-85,2446,11,-141,2441
22712343,3604,507975436,55250211,5156,-3759,39,5824,292674800,2115,292674850,2115,131,12,-36,-69,2504,-28,-126,2500
22722067,3603,507975460,55250184,5156,-3758,39,5824,292674800,2115,292674860,2115,131,11,-9,11,2503,-2,-47,2501
22732399,3603,507975483,55250156,5157,-3758,39,5824,292674850,2115,292674870,2115,131,11,-19,-10,2555,-12,-69,2552
22741918,3602,507975506,55250130,5157,-3757,38,5824,292674850,2115,292674880,2115,132,10,24,-77,2546,31,-136,2541
22752393,3602,507975529,55250104,5158,-3757,38,5824,292674850,2115,292674890,2115,132,10,-9,-26,2546,-2,-85,2543
22761878,3601,507975552,55250077,5158,-3756,38,5824,292674850,2115,292674900,2115,131,9,-31,-57,2513,-25,-116,2509
22772081,3601,507975576,55250051,5158,-3755,38,5824,292674850,2115,292674910,2115,131,9,-17,-26,2527,-11,-84,2524
22781983,3600,507975599,55250023,5159,-3754,38,5824,292674900,2115,292674920,2115,131,9,-22,-70,2472,-16,-127,2468
22791923,3600,507975622,55249997,5159,-3754,38,5824,292674900,2115,292674930,2115,130,9,20,39,2490,26,-18,2488
22801831,3599,507975645,55249970,5159,-3754,38,5824,292674900,2115,292674940,2115,130,8,-29,10,2483,-23,-47,2480
22812534,3599,507975668,55249944,5160,-3753,38,5824,292674900,2115,292674950,2115,129,8,17,-22,2555,23,-80,2552
22822352,3598,507975691,55249918,5160,-3753,37,5824,292674900,2115,292674960,2115,129,8,13,-94,2597,19,-153,2593
22832530,3598,507975715,55249890,5161,-3752,37,5824,292674950,2115,292674970,2115,129,8,-6,27,2550,0,-31,2548
22841940,3597,507975738,55249864,5161,-3752,36,5824,292674950,2115,292674980,2115,128,8,-16,-6,2556,-10,-64,2554
22852477,3597,507975761,55249837,5161,-3751,36,5824,292674950,2115,292674990,2115,129,8,-28,-14,2548,-22,-72,2545
22861823,3596,507975784,55249811,5161,-3751,36,5824,292674950,2115,292675000,2115,129,8,6,16,2530,12,-41,2528
22873268,3596,507975807,55249785,5162,-3751,36,5824,292674950,2115,292675010,2115,128,8,-6,21,2503,0,-35,2501
22882599,3596,507975831,55249757,5162,-3751,35,5824,292675000,2115,292675020,2115,128,8,-2,32,2558,3,-25,2556
22891913,3595,507975854,55249731,5162,-3750,35,5824,292675000,2115,292675030,2115,128,8,6,-94,2532,12,-150,2527
22901846,3595,507975877,55249704,5163,-3750,35,5824,292675000,2115,292675040,2115,128,8,28,-21,2577,34,-78,2574
22911847,3594,507975900,55249678,5163,-3749,34,5824,292675000,2115,292675050,2115,128,8,2,-10,2544,8,-67,2541
22922138,3594,507975923,55249652,5163,-3749,34,5824,292675000,2115,292675060,2115,128,8,-17,47,2553,-12,-11,2552
22931973,3593,507975947,55249624,5163,-3749,33,5824,292675050,2115,292675070,2115,128,7,0,8,2539,5,-49,2536
22942400,3593,507975970,55249598,5164,-3748,33,5824,292675050,2115,292675080,2115,128,7,23,-12,2578,28,-70,2575
22951826,3593,507975993,55249571,5165,-3748,32,5824,292675050,2115,292675090,2115,128,7,20,-80,2561,25,-138,2556
22962146,3592,507976016,55249545,5165,-3747,32,5824,292675050,2115,292675100,2115,128,6,3,6,2544,7,-51,2542
22972497,3592,507976040,55249519,5165,-3747,32,5824,292675050,2115,292675110,2115,128,6,-4,-5,2527,0,-62,2525
22981990,3592,507976063,55249491,5166,-3747,31,5824,292675100,2115,292675120,2115,128,5,-19,-34,2559,-14,-92,2555
22992403,3591,507976086,55249465,5166,-3746,31,5824,292675100,2115,292675130,2115,128,4,-10,5,2571,-6,-53,2568
23002373,3591,507976109,55249438,5166,-3746,30,5824,292675100,2115,292675140,2115,128,4,26,18,2615,30,-41,2613
23012702,3590,507976132,55249412,5167,-3746,30,5824,292675100,2115,292675150,2115,128,3,-10,12,2561,-7,-46,2559
23022084,3590,507976156,55249386,5167,-3745,29,5824,292675100,2115,292675160,2115,128,3,23,-42,2611,27,-101,2608
23032081,3590,507976179,55249358,5167,-3745,28,5824,292675150,2115,292675170,2115,128,2,-24,-24,2545,-21,-81,2542
23041946,3589,507976202,55249332,5167,-3744,28,5824,292675150,2115,292675180,2115,128,2,-32,-27,2545,-29,-84,2542
23051823,3589,507976225,55249306,5167,-3744,28,5824,292675150,2115,292675190,2115,128,2,-20,27,2552,-17,-30,2550
23061907,3589,507976248,55249279,5167,-3744,27,5824,292675150,2115,292675200,2115,128,2,-3,34,2583,-1,-25,2581
23072395,3588,507976272,55249253,5168,-3743,26,5824,292675150,2115,292675210,2115,128,2,34,-34,2628,36,-93,2625
23081976,3588,507976295,55249225,5169,-3742,25,5824,292675200,2115,292675220,2115,128,1,7,-25,2586,10,-84,2583
23091915,3588,507976318,55249199,5169,-3742,25,5824,292675200,2115,292675230,2115,128,1,-18,14,2532,-16,-43,2530
23101840,3588,507976341,55249173,5169,-3741,25,5824,292675200,2115,292675240,2115,128,2,-27,-48,2464,-24,-104,2461
23111830,3587,507976365,55249147,5169,-3741,26,5824,292675200,2115,292675250,2115,128,2,-27,32,2451,-25,-24,2449
23122850,3587,507976388,55249120,5169,-3741,26,5824,292675200,2115,292675260,2115,128,2,-4,11,2490,-1,-45,2488
23131984,3587,507976411,55249093,5170,-3741,26,5824,292675250,2115,292675270,2115,128,3,23,-2,2550,26,-59,2548
23141927,3586,507976434,55249066,5170,-3741,26,5824,292675250,2115,292675280,2115,127,3,34,69,2510,37,13,2509
23152215,3586,507976458,55249040,5170,-3740,25,5824,292675250,2115,292675290,2115,127,3,22,-54,2540,26,-111,2537
23161821,3586,507976481,55249014,5171,-3740,26,5824,292675250,2115,292675300,2115,126,4,-6,-23,2448,-3,-77,2445
23173235,3586,507976504,55248988,5171,-3740,26,5824,292675250,2115,292675310,2115,126,5,-24,59,2420,-21,5,2419
23184323,3585,507976527,55248960,5171,-3739,27,5824,292675300,2115,292675320,2115,125,5,-16,45,2370,-12,-7,2369
23191907,3585,507976551,55248934,5171,-3739,28,5824,292675300,2115,292675330,2115,125,6,-21,18,2464,-17,-37,2462
23201872,3585,507976574,55248908,5171,-3739,28,5824,292675300,2115,292675340,2115,124,7,4,74,2468,8,20,2467
23212197,3584,507976597,55248881,5171,-3739,28,5824,292675300,2115,292675350,2115,123,7,46,11,2515,51,-43,2512
23222071,3584,507976620,55248855,5171,-3739,28,5824,292675300,2115,292675360,2115,122,7,12,37,2461,16,-15,2459
23232586,3584,507976643,55248827,5172,-3739,29,5824,292675350,2115,292675370,2115,121,8,13,6,2452,18,-46,2450
23242135,3584,507976667,55248801,5172,-3739,30,5824,292675350,2115,292675380,2115,119,8,-15,25,2367,-9,-25,2365
23251857,3583,507976690,55248775,5172,-3739,31,5824,292675350,2115,292675390,2115,118,8,-25,71,2337,-20,23,2336
23262700,3583,507976713,55248749,5172,-3739,32,5824,292675350,2115,292675400,2115,117,8,1,48,2401,6,-1,2400
23272404,3583,507976736,55248722,5172,-3739,32,5824,292675350,2115,292675410,2115,115,8,23,19,2411,28,-29,2409
23282026,3582,507976760,55248695,5172,-3739,33,5824,292675400,2115,292675420,2115,114,8,42,-33,2480,48,-82,2477
23291900,3582,507976783,55248669,5173,-3739,33,5824,292675400,2115,292675430,2115,113,8,31,24,2460,37,-25,2458
23301891,3581,507976806,55248642,5173,-3739,33,5824,292675400,2115,292675440,2115,112,8,5,61,2439,10,13,2438
23312169,3581,507976829,55248616,5173,-3738,34,5824,292675400,2115,292675450,2115,111,8,-48,-37,2385,-42,-84,2382
23322133,3580,507976853,55248590,5173,-3738,35,5825,292675400,2115,292675460,2115,110,8,-42,19,2479,-36,-29,2477
23332913,3580,507976876,55248562,5173,-3738,35,5825,292675450,2115,292675470,2115,109,8,-9,-12,2479,-4,-60,2477
23341906,3580,507976899,55248536,5173,-3738,35,5825,292675450,2115,292675480,2115,108,8,36,45,2488,41,-3,2487
23351828,3579,507976922,55248510,5174,-3738,35,5825,292675450,2115,292675490,2115,108,8,28,15,2497,33,-32,2495
23361820,3579,507976946,55248483,5175,-3737,35,5825,292675450,2115,292675500,2115,107,8,38,-130,2535,44,-178,2530
23372221,3578,507976969,55248457,5175,-3736,36,5825,292675450,2115,292675510,2115,107,9,-61,3,2368,-56,-42,2366
23381965,3578,507976992,55248430,5174,-3736,36,5825,292675500,2115,292675520,2115,106,9,-42,37,2421,-36,-9,2419
23391914,3578,507977015,55248403,5174,-3735,37,5825,292675500,2115,292675530,2115,106,9,-19,16,2361,-13,-28,2359
23401859,3577,507977039,55248377,5175,-3735,38,5825,292675500,2115,292675540,2115,106,10,-6,-37,2437,0,-83,2434
23412380,3577,507977062,55248351,5175,-3734,38,5825,292675500,2115,292675550,2115,105,10,38,-70,2482,45,-116,2479
23422090,3576,507977085,55248325,5176,-3734,38,5825,292675500,2115,292675560,2115,105,11,29,38,2473,36,-8,2471
23431986,3576,507977108,55248297,5176,-3734,39,5825,292675550,2115,292675570,2115,105,11,-37,13,2419,-30,-32,2417
23441890,3576,507977132,55248271,5176,-3733,39,5825,292675550,2115,292675580,2115,105,12,-59,-69,2422,-52,-114,2419
23451826,3575,507977155,55248245,5176,-3733,40,5825,292675550,2115,292675590,2115,106,12,-39,17,2440,-32,-29,2438
23461843,3575,507977178,55248219,5176,-3733,41,5825,292675550,2115,292675600,2115,106,13,-34,22,2416,-27,-24,2414
23472720,3574,507977202,55248192,5176,-3732,41,5825,292675550,2115,292675610,2115,107,13,-14,-60,2431,-6,-105,2428
23481971,3574,507977225,55248165,5177,-3732,42,5825,292675600,2115,292675620,2115,107,14,-11,-39,2423,-3,-85,2420
23491913,3573,507977248,55248139,5177,-3731,42,5825,292675600,2115,292675630,2115,108,14,-42,-9,2491,-34,-56,2489
23501825,3573,507977271,55248113,5177,-3731,43,5825,292675600,2115,292675640,2115,108,14,-46,-17,2418,-38,-64,2415
23512352,3572,507977295,55248086,5177,-3730,43,5825,292675600,2115,292675650,2115,109,14,-31,4,2478,-22,-44,2476
23522153,3571,507977318,55248060,5177,-3729,44,5825,292675600,2115,292675660,2115,109,14,-34,-75,2439,-25,-122,2435
23531966,3571,507977341,55248033,5177,-3729,44,5825,292675650,2115,292675670,2115,110,14,-39,-22,2480,-31,-71,2478
23541922,3571,507977364,55248006,5178,-3728,44,5825,292675650,2115,292675680,2115,111,14,-19,-29,2466,-11,-77,2463
23552733,3570,507977388,55247980,5178,-3728,44,5825,292675650,2115,292675690,2115,111,14,-13,-38,2531,-5,-88,2528
23561859,3570,507977411,55247954,5178,-3727,44,5825,292675650,2115,292675700,2115,112,13,-68,-22,2449,-61,-71,2446
23573251,3569,507977434,55247928,5178,-3726,45,5825,292675650,2115,292675710,2115,112,13,-77,-73,2469,-69,-122,2465
23582363,3569,507977457,55247900,5178,-3725,44,5825,292675700,2115,292675720,2115,113,13,-85,19,2512,-77,-31,2510
23591911,3568,507977481,55247874,5178,-3724,44,5825,292675700,2115,292675730,2115,113,13,-46,-53,2580,-38,-105,2577
23601846,3568,507977504,55247848,5178,-3724,43,5825,292675700,2115,292675740,2115,114,12,-53,-39,2551,-45,-90,2548
23611831,3567,507977527,55247822,5178,-3723,43,5825,292675700,2115,292675750,2115,114,12,-45,-43,2590,-37,-95,2587
23622564,3567,507977551,55247796,5178,-3722,42,5825,292675700,2115,292675760,2115,115,12,-79,-44,2620,-71,-97,2617
23631972,3566,507977574,55247768,5178,-3721,41,5825,292675750,2115,292675770,2115,115,12,-101,-26,2552,-94,-78,2549
23641915,3566,507977597,55247742,5177,-3721,41,5825,292675750,2115,292675780,2115,115,11,-91,19,2545,-84,-34,2543
23651846,3565,507977620,55247716,5178,-3719,41,5825,292675750,2115,292675790,2115,116,11,-58,-109,2535,-51,-161,2531
23662385,3565,507977644,55247690,5178,-3719,40,5825,292675750,2115,292675800,2115,116,11,-58,-19,2586,-51,-72,2583
23672104,3564,507977667,55247664,5178,-3718,39,5825,292675750,2115,292675810,2115,116,11,-43,-5,2587,-36,-58,2584
23681977,3564,507977690,55247636,5178,-3718,39,5825,292675800,2115,292675820,2115,116,10,-36,-27,2581,-30,-80,2578
23691901,3563,507977713,55247610,5178,-3717,38,5825,292675800,2115,292675830,2115,116,10,-73,-58,2624,-66,-111,2621
23701827,3563,507977737,55247584,5178,-3716,37,5825,292675800,2115,292675840,2115,116,10,-97,-35,2582,-90,-88,2579
23711816,3562,507977760,55247558,5177,-3715,37,5825,292675800,2115,292675850,2115,116,10,-117,-5,2557,-110,-57,2555
23722793,3562,507977783,55247532,5177,-3714,36,5825,292675800,2115,292675860,2115,116,11,-91,2,2577,-85,-51,2574
23732037,3561,507977807,55247505,5177,-3713,35,5825,292675850,2115,292675870,2115,116,11,-91,8,2599,-84,-45,2597
23741901,3561,507977830,55247479,5177,-3712,34,5825,292675850,2115,292675880,2115,117,12,-79,-64,2638,-71,-119,2635
23751839,3560,507977853,55247452,5177,-3711,34,5825,292675850,2115,292675890,2115,117,13,-108,21,2580,-101,-33,2578
23761827,3560,507977876,55247426,5176,-3711,34,5825,292675850,2115,292675900,2115,118,14,-136,3,2535,-128,-50,2533
23772136,3559,507977900,55247400,5176,-3709,33,5825,292675850,2115,292675910,2115,118,15,-125,-48,2595,-116,-103,2592
23782008,3558,507977923,55247373,5175,-3708,32,5825,292675900,2115,292675920,2115,118,15,-110,3,2585,-101,-51,2583
23791886,3558,507977946,55247347,5174,-3708,32,5825,292675900,2115,292675930,2115,119,16,-110,83,2558,-101,29,2557
23801844,3557,507977969,55247321,5174,-3707,32,5825,292675900,2115,292675940,2115,119,17,-89,-79,2529,-79,-133,2525
23811829,3557,507977993,55247295,5174,-3706,32,5825,292675900,2115,292675950,2115,120,18,-124,0,2474,-114,-53,2472
23823080,3556,507978016,55247269,5173,-3705,32,5825,292675900,2115,292675960,2115,121,19,-135,11,2437,-125,-42,2436
23831994,3556,507978039,55247242,5173,-3705,33,5825,292675950,2115,292675970,2115,122,20,-103,10,2445,-93,-43,2443
23841916,3555,507978062,55247216,5173,-3704,33,5825,292675950,2115,292675980,2115,123,21,-93,-34,2544,-82,-90,2541
23851848,3555,507978086,55247190,5173,-3703,32,5825,292675950,2115,292675990,2115,124,21,-79,-88,2558,-67,-144,2554
23861839,3554,507978109,55247164,5173,-3702,32,5825,292675950,2115,292676000,2115,125,22,-122,-27,2498,-111,-83,2496
23872073,3553,507978132,55247138,5173,-3701,32,5825,292675950,2115,292676010,2115,126,22,-104,-7,2522,-93,-63,2520
23881977,3553,507978155,55247110,5172,-3699,32,5825,292676000,2115,292676020,2115,127,22,-133,-47,2484,-121,-104,2481
23891899,3552,507978179,55247084,5172,-3698,33,5825,292676000,2115,292676030,2115,129,23,-136,-63,2399,-124,-118,2396
23901835,3552,507978202,55247058,5171,-3697,33,5825,292676000,2115,292676040,2115,130,23,-152,-26,2437,-140,-82,2435
23911834,3551,507978225,55247032,5171,-3696,33,5825,292676000,2115,292676050,2115,130,24,-137,-6,2458,-125,-63,2456
23922122,3550,507978248,55247007,5170,-3695,34,5825,292676000,2115,292676060,2115,131,24,-124,-23,2483,-112,-80,2481
23931981,3550,507978271,55246979,5170,-3693,33,5825,292676050,2115,292676070,2115,132,24,-127,-109,2527,-114,-168,2523
23941949,3549,507978295,55246953,5170,-3692,33,5825,292676050,2115,292676080,2115,132,25,-147,-17,2533,-134,-76,2531
23951832,3549,507978318,55246927,5169,-3691,33,5825,292676050,2115,292676090,2115,132,25,-171,-41,2490,-158,-100,2487
23961845,3549,507978341,55246901,5168,-3690,34,5825,292676050,2115,292676100,2115,133,25,-163,41,2435,-151,-17,2434
23972100,3548,507978364,55246876,5168,-3689,34,5825,292676050,2115,292676110,2115,133,26,-161,-83,2425,-148,-140,2422
23981988,3548,507978388,55246848,5168,-3687,35,5825,292676100,2115,292676120,2115,134,26,-159,-85,2432,-145,-143,2428
23991911,3547,507978411,55246822,5167,-3686,36,5825,292676100,2115,292676130,2115,134,27,-170,31,2398,-157,-27,2397
24001825,3547,507978434,55246797,5166,-3685,36,5825,292676100,2115,292676140,2115,134,27,-140,-10,2460,-127,-69,2458
24011871,3546,507978457,55246771,5166,-3684,37,5825,292676100,2115,292676150,2115,135,27,-168,-75,2441,-154,-134,2437
24022128,3546,507978481,55246745,5165,-3683,37,5825,292676100,2115,292676160,2115,135,27,-179,23,2451,-165,-37,2449
24032559,3545,507978504,55246718,5165,-3681,37,5825,292676150,2115,292676170,2115,136,27,-174,-20,2472,-161,-80,2470
24041937,3545,507978527,55246692,5164,-3680,38,5825,292676150,2115,292676180,2115,136,27,-138,-15,2471,-125,-74,2469
24051810,3544,507978550,55246666,5163,-3679,38,5825,292676150,2115,292676190,2115,136,27,-182,44,2431,-169,-15,2431
24061832,3543,507978573,55246640,5162,-3678,39,5825,292676150,2115,292676200,2115,137,27,-184,-23,2400,-171,-82,2398
24072544,3543,507978597,55246615,5162,-3677,40,5825,292676150,2115,292676210,2115,137,27,-198,-49,2423,-184,-109,2420
24081975,3542,507978620,55246587,5161,-3676,40,5825,292676200,2115,292676220,2115,138,27,-226,3,2422,-213,-57,2421
24091888,3541,507978643,55246561,5160,-3675,41,5825,292676200,2115,292676230,2115,139,26,-169,24,2481,-156,-37,2480
24101817,3541,507978666,55246536,5160,-3673,41,5825,292676200,2115,292676240,2115,139,26,-167,-117,2490,-154,-178,2485
24112803,3540,507978689,55246510,5159,-3672,40,5825,292676200,2115,292676250,2115,140,25,-158,-1,2581,-145,-66,2579
24122784,3539,507978712,55246484,5158,-3670,40,5825,292676200,2115,292676260,2115,140,25,-208,-11,2490,-195,-73,2488
24131979,3538,507978736,55246457,5157,-3669,39,5825,292676250,2115,292676270,2115,140,24,-186,-11,2578,-173,-76,2576
24141915,3538,507978759,55246431,5156,-3667,39,5825,292676250,2115,292676280,2115,141,24,-227,-85,2496,-215,-148,2492
24151852,3537,507978782,55246406,5156,-3665,39,5825,292676250,2115,292676290,2115,141,23,-200,-36,2520,-187,-99,2517
24161824,3536,507978805,55246380,5155,-3664,40,5825,292676250,2115,292676300,2115,141,23,-182,-36,2459,-170,-98,2456
24172077,3535,507978828,55246354,5154,-3663,39,5825,292676250,2115,292676310,2115,141,22,-171,55,2537,-159,-9,2536
24181982,3534,507978851,55246327,5154,-3662,39,5825,292676300,2115,292676320,2115,141,22,-160,-51,2504,-148,-114,2501
24192763,3533,507978875,55246301,5154,-3660,39,5825,292676300,2115,292676330,2115,141,21,-150,-111,2605,-138,-176,2600
24201848,3533,507978898,55246276,5153,-3659,38,5825,292676300,2115,292676340,2115,141,21,-213,-15,2540,-202,-79,2538
24212196,3532,507978921,55246250,5152,-3658,38,5825,292676300,2115,292676350,2115,141,20,-193,-36,2556,-182,-100,2553
24222090,3531,507978944,55246224,5151,-3656,38,5825,292676300,2115,292676360,2115,141,20,-188,-11,2545,-177,-74,2543
24231987,3530,507978967,55246197,5150,-3655,38,5825,292676350,2115,292676370,2115,140,20,-198,-37,2510,-187,-100,2507
24241914,3529,507978990,55246172,5150,-3653,37,5825,292676350,2115,292676380,2115,140,20,-151,-79,2584,-140,-143,2580
24251823,3528,507979014,55246146,5150,-3652,36,5825,292676350,2115,292676390,2115,140,20,-155,-35,2645,-144,-100,2642
24261836,3527,507979037,55246120,5149,-3651,35,5825,292676350,2115,292676400,2115,139,20,-144,-23,2574,-133,-87,2571
24272110,3526,507979060,55246095,5148,-3649,35,5825,292676350,2115,292676410,2115,139,20,-201,-47,2489,-190,-108,2486
24281974,3525,507979083,55246068,5148,-3648,35,5825,292676400,2115,292676420,2115,139,20,-185,-55,2559,-174,-118,2556
24291895,3524,507979106,55246042,5147,-3646,35,5825,292676400,2115,292676430,2115,139,20,-152,-64,2451,-141,-125,2447
24302338,3523,507979129,55246017,5147,-3645,35,5825,292676400,2115,292676440,2115,138,21,-161,7,2508,-150,-55,2506
24311829,3522,507979152,55245991,5147,-3643,35,5825,292676400,2115,292676450,2115,138,21,-162,-148,2531,-150,-211,2525
24322092,3521,507979175,55245966,5146,-3642,34,5825,292676400,2115,292676460,2115,138,22,-136,-32,2607,-124,-96,2604
24332023,3520,507979199,55245939,5146,-3640,34,5825,292676450,2115,292676470,2115,137,22,-152,-47,2517,-140,-108,2514
24341934,3519,507979222,55245913,5146,-3639,33,5826,292676450,2115,292676480,2115,137,23,-154,-79,2575,-141,-142,2571
24351821,3518,507979245,55245888,5145,-3637,34,5826,292676450,2115,292676490,2115,137,23,-126,-87,2454,-114,-146,2450
24361827,3517,507979268,55245862,5145,-3636,35,5826,292676450,2115,292676500,2115,137,24,-130,-110,2381,-118,-167,2376
24372449,3516,507979291,55245837,5145,-3635,35,5826,292676450,2115,292676510,2115,137,25,-163,-11,2409,-151,-70,2407
24382004,3515,507979314,55245810,5144,-3634,36,5826,292676500,2115,292676520,2115,136,26,-129,-14,2393,-116,-72,2391
24392478,3514,507979337,55245784,5145,-3632,37,5826,292676500,2115,292676530,2115,136,27,-118,-146,2488,-104,-206,2483
24401836,3513,507979360,55245759,5145,-3630,37,5826,292676500,2115,292676540,2115,136,28,-108,-121,2409,-94,-180,2404
24411817,3512,507979383,55245733,5144,-3629,38,5826,292676500,2115,292676550,2115,137,29,-151,-7,2438,-137,-67,2436
24422621,3512,507979407,55245708,5144,-3628,38,5826,292676500,2115,292676560,2115,137,30,-153,-61,2472,-138,-122,2468
24431997,3511,507979430,55245681,5144,-3627,38,5826,292676550,2115,292676570,2115,138,31,-135,-68,2488,-119,-129,2485
24441909,3510,507979453,55245655,5144,-3625,39,5826,292676550,2115,292676580,2115,138,32,-116,-123,2471,-99,-184,2466
24452021,3509,507979476,55245630,5143,-3624,39,5826,292676550,2115,292676590,2115,138,33,-123,-18,2433,-107,-77,2431
24461871,3508,507979499,55245605,5143,-3623,40,5826,292676550,2115,292676600,2115,139,33,-132,-113,2357,-116,-171,2352
24472105,3507,507979522,55245579,5143,-3621,41,5826,292676550,2115,292676610,2115,139,34,-142,-80,2412,-126,-140,2408
24482887,3507,507979545,55245552,5143,-3620,42,5826,292676600,2115,292676620,2115,139,34,-139,-63,2393,-123,-122,2389
24491911,3506,507979568,55245527,5144,-3619,43,5826,292676600,2115,292676630,2115,139,34,-76,-95,2380,-60,-154,2376
24501824,3505,507979592,55245502,5143,-3618,44,5826,292676600,2115,292676640,2115,139,33,-113,-35,2349,-98,-93,2347
24512075,3504,507979615,55245476,5143,-3617,45,5826,292676600,2115,292676650,2115,139,33,-105,-29,2350,-89,-87,2347
24522742,3504,507979638,55245451,5143,-3615,46,5826,292676600,2115,292676660,2115,138,32,-130,-83,2443,-114,-143,2439
24532018,3503,507979661,55245424,5143,-3614,46,5826,292676650,2115,292676670,2115,137,31,-120,-90,2471,-105,-151,2467
24542350,3502,507979684,55245399,5143,-3613,46,5826,292676650,2115,292676680,2115,137,29,-70,-36,2546,-55,-98,2543
24551837,3501,507979707,55245373,5143,-3612,46,5826,292676650,2115,292676690,2115,137,28,-97,-42,2468,-83,-102,2465
24561836,3500,507979730,55245348,5143,-3611,46,5826,292676650,2115,292676700,2115,138,27,-161,-14,2458,-148,-75,2456
24573228,3499,507979753,55245323,5142,-3610,46,5826,292676650,2115,292676710,2115,138,26,-134,-19,2546,-121,-81,2544
24581973,3498,507979776,55245296,5141,-3609,45,5826,292676700,2115,292676720,2115,138,25,-156,-7,2599,-143,-71,2596
24591904,3497,507979800,55245271,5141,-3607,44,5826,292676700,2115,292676730,2115,138,24,-129,-105,2659,-115,-170,2655
24601830,3496,507979823,55245245,5141,-3606,43,5826,292676700,2115,292676740,2115,138,23,-128,-47,2689,-115,-113,2686
24611816,3495,507979846,55245220,5141,-3605,41,5826,292676700,2115,292676750,2115,137,22,-112,-41,2673,-100,-106,2669
24622086,3494,507979869,55245195,5140,-3604,40,5826,292676700,2115,292676760,2115,137,20,-135,27,2653,-123,-37,2651
24631975,3493,507979892,55245168,5140,-3602,39,5826,292676750,2115,292676770,2115,136,19,-147,-78,2656,-135,-142,2652
24641899,3493,507979915,55245143,5140,-3600,38,5826,292676750,2115,292676780,2115,137,18,-137,-160,2548,-126,-221,2542
24651863,3492,507979938,55245118,5139,-3599,39,5826,292676750,2115,292676790,2115,137,18,-185,39,2462,-176,-22,2461
24662089,3491,507979961,55245092,5139,-3598,39,5826,292676750,2115,292676800,2115,137,17,-129,-63,2446,-119,-122,2442
24672093,3490,507979984,55245067,5140,-3597,38,5826,292676750,2115,292676810,2115,137,16,-86,-114,2723,-76,-180,2718
24681982,3489,507980007,55245040,5140,-3595,36,5826,292676800,2115,292676820,2115,137,15,-56,-165,2764,-46,-231,2757
24692564,3489,507980031,55245015,5140,-3594,34,5826,292676800,2115,292676830,2115,137,14,-85,10,2661,-77,-55,2659
24701831,3488,507980054,55244990,5139,-3593,33,5826,292676800,2115,292676840,2115,137,13,-189,-8,2726,-181,-75,2724
24711843,3487,507980077,55244965,5139,-3591,31,5826,292676800,2115,292676850,2115,138,12,-145,-80,2716,-137,-147,2712
24722349,3486,507980100,55244940,5138,-3589,30,5826,292676800,2115,292676860,2115,138,12,-172,-106,2601,-164,-170,2596
24731970,3486,507980123,55244913,5138,-3588,30,5826,292676850,2115,292676870,2115,138,11,-131,-14,2569,-124,-77,2566
24741917,3485,507980146,55244888,5138,-3587,29,5826,292676850,2115,292676880,2115,138,11,-96,-64,2550,-89,-127,2546
24752263,3484,507980169,55244863,5139,-3585,28,5826,292676850,2115,292676890,2115,139,11,-61,-142,2636,-53,-206,2630
24761842,3483,507980192,55244838,5138,-3584,27,5826,292676850,2115,292676900,2115,139,10,-116,-45,2652,-110,-110,2649
24772073,3483,507980215,55244812,5138,-3583,25,5826,292676850,2115,292676910,2115,139,9,-121,2,2734,-115,-66,2731
24782587,3482,507980238,55244786,5138,-3582,24,5826,292676900,2115,292676920,2115,140,9,-127,-57,2718,-120,-124,2714
24791891,3481,507980262,55244761,5138,-3581,22,5826,292676900,2115,292676930,2115,140,9,-123,-106,2673,-117,-172,2668
24801826,3481,507980285,55244736,5137,-3579,22,5826,292676900,2115,292676940,2115,141,10,-122,-30,2582,-115,-95,2578
24812759,3480,507980308,55244711,5137,-3578,22,5826,292676900,2115,292676950,2115,142,10,-157,-58,2525,-150,-122,2521
24822734,3480,507980331,55244685,5137,-3577,21,5826,292676900,2115,292676960,2115,143,11,-137,-47,2560,-129,-112,2556
24831977,3479,507980354,55244659,5137,-3576,21,5826,292676950,2115,292676970,2115,143,12,-93,-73,2569,-86,-138,2565
24841961,3479,507980377,55244634,5137,-3574,19,5826,292676950,2115,292676980,2115,144,13,-75,-72,2685,-67,-140,2681
24851836,3478,507980400,55244609,5137,-3573,19,5826,292676950,2115,292676990,2115,144,14,-81,-30,2588,-73,-96,2584
24861833,3478,507980423,55244584,5137,-3572,18,5826,292676950,2115,292677000,2115,145,15,-121,-49,2557,-112,-114,2553
24872885,3477,507980446,55244559,5136,-3571,19,5826,292676950,2115,292677010,2115,146,17,-117,-58,2397,-108,-120,2393
24881987,3476,507980469,55244532,5136,-3570,20,5826,292677000,2115,292677020,2115,147,18,-118,-53,2396,-109,-115,2392
24891904,3476,507980492,55244507,5136,-3569,20,5826,292677000,2115,292677030,2115,148,20,-105,-11,2413,-95,-74,2411
24902429,3475,507980516,55244482,5136,-3568,21,5826,292677000,2115,292677040,2115,148,21,-69,-51,2444,-58,-115,2440
24911831,3475,507980539,55244457,5136,-3567,22,5826,292677000,2115,292677050,2115,149,23,-82,-17,2400,-70,-80,2397
24922077,3474,507980562,55244432,5136,-3566,22,5826,292677000,2115,292677060,2115,150,24,-90,-70,2456,-78,-135,2452
24932166,3473,507980585,55244406,5136,-3565,22,5826,292677050,2115,292677070,2115,150,25,-62,-14,2498,-49,-80,2495
24941902,3473,507980608,55244381,5136,-3564,23,5826,292677050,2115,292677080,2115,151,26,-80,-81,2445,-67,-146,2440
24951862,3472,507980631,55244356,5136,-3563,24,5826,292677050,2115,292677090,2115,152,27,-99,-1,2360,-86,-65,2358
24962348,3471,507980654,55244331,5136,-3562,26,5826,292677050,2115,292677100,2115,153,28,-102,21,2252,-89,-40,2251
24972080,3471,507980677,55244306,5136,-3561,27,5826,292677050,2115,292677110,2115,154,29,-93,-71,2357,-79,-135,2353
24981992,3470,507980700,55244279,5136,-3560,28,5826,292677100,2115,292677120,2115,154,29,-54,-88,2349,-40,-152,2345
24991890,3469,507980723,55244254,5136,-3559,29,5826,292677100,2115,292677130,2115,155,30,-63,13,2361,-48,-52,2359
25001852,3469,507980746,55244229,5136,-3559,30,5826,292677100,2115,292677140,2115,155,30,-47,2,2436,-32,-65,2433
25011842,3468,507980769,55244204,5137,-3558,30,5826,292677100,2115,292677150,2115,156,30,-65,-88,2424,-50,-154,2419
25022452,3467,507980793,55244180,5137,-3556,32,5826,292677100,2115,292677160,2115,157,30,-109,-71,2342,-95,-136,2338
25031982,3466,507980816,55244153,5136,-3556,33,5826,292677150,2115,292677170,2115,157,29,-91,-8,2339,-77,-73,2337
25041906,3465,507980839,55244128,5136,-3555,34,5826,292677150,2115,292677180,2115,158,29,-97,5,2373,-83,-61,2371
25051968,3464,507980862,55244103,5136,-3554,35,5826,292677150,2115,292677190,2115,158,29,-54,-65,2414,-39,-132,2409
25061842,3464,507980885,55244078,5137,-3553,35,5826,292677150,2115,292677200,2115,158,28,-50,-6,2410,-36,-74,2408
25072088,3463,507980908,55244053,5137,-3552,36,5826,292677150,2115,292677210,2115,159,28,-35,-37,2402,-22,-104,2398
25082385,3462,507980931,55244027,5137,-3552,37,5826,292677200,2115,292677220,2115,159,27,-66,-35,2421,-52,-103,2417
25091950,3461,507980954,55244002,5137,-3551,37,5826,292677200,2115,292677230,2115,159,26,-77,-15,2436,-64,-84,2433
25101847,3460,507980977,55243977,5137,-3550,38,5826,292677200,2115,292677240,2115,159,25,-69,30,2415,-57,-38,2414
25112629,3459,507981000,55243952,5137,-3549,39,5826,292677200,2115,292677250,2115,160,24,-89,-52,2429,-77,-121,2425
25122103,3459,507981023,55243927,5137,-3548,39,5826,292677200,2115,292677260,2115,160,23,-73,-83,2447,-61,-152,2442
25131977,3458,507981047,55243901,5137,-3547,39,5826,292677250,2115,292677270,2115,160,22,-64,-21,2445,-53,-90,2442
25142537,3457,507981070,55243876,5137,-3546,40,5826,292677250,2115,292677280,2115,159,21,-54,-2,2446,-44,-70,2443
25151847,3456,507981093,55243851,5137,-3545,40,5826,292677250,2115,292677290,2115,159,19,-29,-65,2447,-18,-134,2442
25161870,3455,507981116,55243827,5138,-3544,41,5826,292677250,2115,292677300,2115,159,18,-82,-71,2465,-72,-140,2461
25172447,3454,507981139,55243802,5138,-3543,41,5826,292677250,2115,292677310,2115,158,17,-66,2,2496,-57,-68,2494
25181976,3453,507981162,55243775,5137,-3542,41,5826,292677300,2115,292677320,2115,158,16,-102,-29,2439,-93,-97,2435
25191900,3452,507981185,55243751,5137,-3541,41,5826,292677300,2115,292677330,2115,157,15,-67,-34,2580,-58,-105,2577
25201857,3452,507981208,55243726,5138,-3540,41,5826,292677300,2115,292677340,2115,156,14,-34,-101,2511,-26,-170,2506
25211822,3451,507981231,55243701,5138,-3539,40,5826,292677300,2115,292677350,2115,155,13,-60,-5,2593,-52,-76,2590
25222070,3450,507981254,55243676,5138,-3539,40,5826,292677300,2115,292677360,2115,155,12,-66,4,2543,-59,-65,2541
25232848,3449,507981277,55243650,5138,-3538,39,5826,292677350,2115,292677370,2115,154,10,-50,-65,2552,-44,-135,2548
25241895,3448,507981300,55243625,5138,-3537,39,5826,292677350,2115,292677380,2115,155,9,-87,-52,2563,-81,-122,2558
25251823,3447,507981324,55243600,5139,-3536,38,5826,292677350,2115,292677390,2115,154,7,-58,-43,2571,-53,-113,2567
25261824,3446,507981347,55243575,5139,-3535,39,5826,292677350,2115,292677400,2115,153,6,-17,-16,2465,-13,-82,2462
25272081,3446,507981370,55243551,5139,-3534,39,5826,292677350,2115,292677410,2115,151,5,-32,-34,2428,-28,-99,2424
25281993,3445,507981393,55243525,5139,-3533,39,5826,292677400,2115,292677420,2115,150,4,-63,-26,2568,-59,-95,2565
25292872,3444,507981416,55243500,5140,-3532,38,5826,292677400,2115,292677430,2115,150,4,-58,-73,2580,-54,-141,2575
25301823,3444,507981439,55243475,5140,-3531,36,5826,292677400,2115,292677440,2115,149,3,-89,-50,2735,-85,-122,2731
25311819,3443,507981462,55243450,5140,-3530,34,5826,292677400,2115,292677450,2115,149,3,-67,-22,2744,-63,-94,2741
25323159,3442,507981485,55243425,5140,-3530,32,5826,292677400,2115,292677460,2115,149,3,17,-24,2739,20,-96,2735
25331964,3441,507981508,55243399,5140,-3529,31,5826,292677450,2115,292677470,2115,148,3,-54,-52,2656,-51,-121,2652
25341898,3441,507981532,55243375,5140,-3527,31,5826,292677450,2115,292677480,2115,147,4,-119,-40,2602,-116,-108,2598
25351823,3440,507981555,55243350,5139,-3526,31,5826,292677450,2115,292677490,2115,147,4,-109,-18,2455,-105,-82,2452
25361853,3439,507981578,55243325,5139,-3526,31,5826,292677450,2115,292677500,2115,146,6,-73,79,2430,-69,16,2430
25373205,3438,507981601,55243300,5140,-3525,32,5827,292677450,2115,292677510,2115,146,7,-37,-126,2443,-31,-189,2437
25381988,3437,507981624,55243274,5140,-3524,32,5827,292677500,2115,292677520,2115,146,8,-8,-100,2527,-2,-165,2522
25391912,3437,507981647,55243250,5140,-3524,31,5827,292677500,2115,292677530,2115,146,9,9,64,2571,15,-2,2570
25401829,3436,507981670,55243225,5141,-3523,31,5827,292677500,2115,292677540,2115,146,11,33,-68,2566,40,-134,2561
25411876,3435,507981693,55243200,5141,-3522,31,5827,292677500,2115,292677550,2115,146,12,-62,-69,2493,-54,-134,2489
25422096,3434,507981716,55243175,5141,-3521,32,5827,292677500,2115,292677560,2115,146,14,-127,-85,2394,-119,-147,2390
25431988,3434,507981739,55243149,5141,-3520,33,5827,292677550,2115,292677570,2115,146,15,-109,-5,2399,-100,-67,2396
25441887,3433,507981763,55243125,5141,-3519,33,5827,292677550,2115,292677580,2115,146,17,-40,-52,2432,-31,-115,2428
25451856,3432,507981786,55243100,5142,-3518,33,5827,292677550,2115,292677590,2115,146,19,12,-59,2463,22,-123,2458
25461845,3431,507981809,55243075,5142,-3518,34,5827,292677550,2115,292677600,2115,147,20,2,-49,2439,12,-112,2435
25472583,3431,507981832,55243051,5143,-3517,34,5827,292677550,2115,292677610,2115,147,21,8,-83,2487,20,-147,2482
25481960,3430,507981855,55243025,5144,-3516,35,5827,292677600,2115,292677620,2115,147,22,-45,-52,2391,-33,-113,2387
25491906,3429,507981878,55243000,5144,-3515,36,5827,292677600,2115,292677630,2115,147,23,-75,-45,2397,-63,-108,2394
25502562,3428,507981901,55242975,5144,-3514,37,5827,292677600,2115,292677640,2115,147,24,-70,-95,2334,-58,-155,2329
25511824,3428,507981924,55242951,5144,-3513,38,5827,292677600,2115,292677650,2115,147,25,-49,-12,2406,-37,-75,2403
25522086,3427,507981947,55242926,5144,-3512,39,5827,292677600,2115,292677660,2115,147,25,-10,-14,2414,3,-76,2411
25532314,3426,507981971,55242900,5145,-3512,39,5827,292677650,2115,292677670,2115,147,26,15,-41,2473,28,-104,2469
25541917,3425,507981994,55242875,5146,-3511,39,5827,292677650,2115,292677680,2115,147,26,-24,-72,2496,-10,-136,2491
25551820,3424,507982017,55242851,5146,-3510,39,5827,292677650,2115,292677690,2115,147,26,-16,-85,2467,-3,-149,2462
25561820,3424,507982040,55242826,5146,-3509,40,5827,292677650,2115,292677700,2115,147,26,-71,-37,2410,-59,-100,2407
25572077,3423,507982063,55242801,5146,-3508,41,5827,292677650,2115,292677710,2115,148,25,-70,-37,2381,-58,-99,2377
25581990,3422,507982086,55242775,5147,-3508,41,5827,292677700,2115,292677720,2115,148,25,-55,-24,2430,-42,-87,2427
25591905,3421,507982109,55242751,5147,-3507,42,5827,292677700,2115,292677730,2115,148,25,-15,-30,2493,-2,-95,2490
25601835,3420,507982133,55242726,5148,-3507,41,5827,292677700,2115,292677740,2115,148,24,34,-41,2581,47,-108,2577
25612274,3420,507982156,55242702,5148,-3506,41,5827,292677700,2115,292677750,2115,148,23,-3,-86,2510,9,-151,2505
25622159,3419,507982179,55242677,5149,-3505,41,5827,292677700,2115,292677760,2115,149,22,-54,-39,2485,-42,-104,2482
25631977,3418,507982202,55242651,5149,-3504,42,5827,292677750,2115,292677770,2115,149,21,-62,-72,2440,-51,-136,2435
25641900,3417,507982225,55242626,5149,-3503,41,5827,292677750,2115,292677780,2115,149,20,-30,-62,2527,-19,-129,2523
25651829,3416,507982248,55242602,5150,-3502,41,5827,292677750,2115,292677790,2115,149,19,-38,-51,2520,-28,-118,2517
25661819,3415,507982271,55242577,5150,-3502,41,5827,292677750,2115,292677800,2115,150,18,-16,10,2550,-6,-57,2548
25672067,3415,507982295,55242553,5150,-3501,40,5827,292677750,2115,292677810,2115,150,17,1,-49,2573,11,-117,2569
25681968,3414,507982318,55242527,5152,-3499,40,5827,292677800,2115,292677820,2115,151,16,-1,-202,2579,9,-270,2571
25691895,3413,507982341,55242502,5152,-3498,39,5827,292677800,2115,292677830,2115,151,14,-50,0,2558,-41,-69,2555
25701835,3412,507982364,55242478,5151,-3498,39,5827,292677800,2115,292677840,2115,152,14,-54,30,2543,-46,-38,2541
25711823,3411,507982387,55242453,5152,-3497,39,5827,292677800,2115,292677850,2115,152,13,-42,-44,2549,-34,-113,2545
25722380,3410,507982410,55242429,5153,-3496,39,5827,292677800,2115,292677860,2115,152,12,-21,-135,2538,-13,-202,2532
25731980,3410,507982434,55242403,5153,-3495,38,5827,292677850,2115,292677870,2115,152,11,-14,-5,2589,-7,-75,2586
25741903,3409,507982457,55242378,5153,-3494,37,5827,292677850,2115,292677880,2115,152,10,6,-55,2567,13,-124,2562
25751861,3408,507982480,55242354,5154,-3493,37,5827,292677850,2115,292677890,2115,152,10,9,-95,2583,16,-163,2578
25761821,3407,507982503,55242329,5154,-3493,36,5827,292677850,2115,292677900,2115,151,9,-28,-16,2573,-22,-84,2570
25772716,3407,507982526,55242305,5154,-3492,36,5827,292677850,2115,292677910,2115,151,8,-49,8,2570,-44,-60,2568
25781992,3406,507982549,55242279,5155,-3492,35,5827,292677900,2115,292677920,2115,150,8,-47,15,2587,-42,-53,2585
25791911,3405,507982573,55242254,5155,-3491,34,5827,292677900,2115,292677930,2115,150,7,-7,-85,2608,-2,-153,2603
25801835,3404,507982596,55242230,5156,-3490,33,5827,292677900,2115,292677940,2115,149,7,24,-64,2608,30,-133,2604
25811821,3404,507982619,55242206,5156,-3490,33,5827,292677900,2115,292677950,2115,149,6,21,47,2572,25,-21,2571
25822096,3403,507982642,55242181,5156,-3490,32,5827,292677900,2115,292677960,2115,148,6,-15,51,2566,-10,-16,2565
25831966,3402,507982665,55242155,5157,-3488,32,5827,292677950,2115,292677970,2115,148,5,-20,-123,2531,-15,-189,2525
25841889,3401,507982689,55242131,5157,-3488,32,5827,292677950,2115,292677980,2115,147,5,-39,-4,2543,-34,-70,2540
25851836,3401,507982712,55242106,5157,-3487,31,5827,292677950,2115,292677990,2115,147,5,-4,-18,2555,0,-84,2552
25861833,3400,507982735,55242082,5158,-3487,30,5827,292677950,2115,292678000,2115,146,4,-2,-18,2673,2,-87,2669
25872068,3399,507982758,55242057,5158,-3486,29,5827,292677950,2115,292678010,2115,146,4,25,-62,2608,29,-129,2603
25881970,3398,507982781,55242032,5159,-3486,28,5827,292678000,2115,292678020,2115,146,4,27,-46,2649,31,-114,2645
25892516,3398,507982805,55242007,5159,-3485,27,5827,292678000,2115,292678030,2115,146,3,-35,11,2597,-31,-56,2594
25901840,3397,507982828,55241983,5159,-3484,27,5827,292678000,2115,292678040,2115,146,3,-29,-49,2592,-25,-116,2588
25911834,3396,507982851,55241958,5159,-3483,26,5827,292678000,2115,292678050,2115,146,3,-50,-27,2534,-47,-92,2531
25922145,3396,507982874,55241934,5160,-3482,26,5827,292678000,2115,292678060,2115,145,3,-8,-74,2599,-5,-140,2595
25931970,3395,507982897,55241908,5161,-3482,25,5827,292678050,2115,292678070,2115,145,2,41,-47,2568,45,-112,2564
25941911,3395,507982920,55241884,5162,-3482,25,5827,292678050,2115,292678080,2115,145,2,24,-25,2560,27,-90,2557
25952500,3394,507982944,55241859,5162,-3481,24,5827,292678050,2115,292678090,2115,146,2,13,-5,2580,16,-71,2577
25961833,3393,507982967,55241835,5163,-3480,23,5827,292678050,2115,292678100,2115,146,2,-6,-130,2594,-3,-196,2588
25972463,3393,507982990,55241810,5163,-3479,22,5827,292678050,2115,292678110,2115,146,1,-40,-31,2632,-38,-99,2629
25981978,3392,507983013,55241785,5163,-3478,22,5827,292678100,2115,292678120,2115,146,1,-30,-41,2555,-27,-106,2551
25991901,3392,507983037,55241760,5163,-3478,21,5827,292678100,2115,292678130,2115,145,1,-16,-8,2560,-13,-74,2557
26001803,3391,507983060,55241736,5164,-3477,21,5827,292678100,2115,292678140,2115,145,2,21,-73,2580,24,-139,2575
26011811,3391,507983083,55241711,5165,-3476,21,5827,292678100,2115,292678150,2115,145,2,12,-25,2533,15,-89,2529
26023065,3390,507983106,55241687,5165,-3476,21,5827,292678100,2115,292678160,2115,144,2,15,11,2522,18,-53,2519
26031965,3390,507983129,55241661,5165,-3476,20,5827,292678150,2115,292678170,2115,144,2,2,-30,2517,5,-94,2513
26041896,3389,507983153,55241637,5166,-3475,20,5827,292678150,2115,292678180,2115,143,3,-17,-37,2507,-14,-100,2504
26051814,3389,507983176,55241612,5166,-3474,21,5827,292678150,2115,292678190,2115,143,3,-15,-53,2500,-12,-116,2496
26061821,3389,507983199,55241588,5166,-3474,21,5827,292678150,2115,292678200,2115,142,4,5,38,2464,8,-24,2463
26072745,3388,507983222,55241564,5167,-3474,21,5827,292678150,2115,292678210,2115,141,4,25,-16,2450,29,-77,2447
26082025,3388,507983246,55241538,5167,-3473,21,5827,292678200,2115,292678220,2115,141,5,14,11,2482,18,-50,2480
26091935,3387,507983269,55241514,5168,-3472,22,5827,292678200,2115,292678230,2115,141,6,10,-27,2446,15,-87,2443
26101849,3387,507983292,55241489,5168,-3472,22,5827,292678200,2115,292678240,2115,140,7,1,5,2484,6,-56,2482
26113125,3386,507983315,55241465,5168,-3472,22,5827,292678200,2115,292678250,2115,139,7,-8,23,2431,-3,-37,2429
26122095,3386,507983338,55241441,5169,-3471,23,5827,292678200,2115,292678260,2115,139,8,14,-6,2439,20,-66,2437
26131985,3386,507983362,55241415,5169,-3471,24,5827,292678250,2115,292678270,2115,138,9,10,3,2351,15,-55,2348
26141904,3385,507983385,55241391,5169,-3471,25,5827,292678250,2115,292678280,2115,138,10,11,-1,2385,17,-59,2383
26151831,3385,507983408,55241366,5170,-3471,26,5827,292678250,2115,292678290,2115,138,11,24,21,2344,31,-36,2342
26161813,3384,507983431,55241342,5170,-3471,27,5827,292678250,2115,292678300,2115,138,12,13,-11,2366,20,-69,2363
26172087,3383,507983455,55241318,5170,-3470,28,5827,292678250,2115,292678310,2115,138,12,7,-4,2407,14,-62,2404
26181996,3383,507983478,55241292,5171,-3470,29,5827,292678300,2115,292678320,2115,138,13,6,-24,2405,13,-83,2402
26191900,3382,507983501,55241268,5171,-3470,30,5827,292678300,2115,292678330,2115,137,13,-7,47,2397,0,-11,2395
26202681,3382,507983524,55241243,5171,-3469,31,5827,292678300,2115,292678340,2115,138,13,49,-41,2365,56,-98,2361
26211825,3381,507983548,55241219,5172,-3469,32,5827,292678300,2115,292678350,2115,138,13,4,19,2358,11,-39,2356
26222069,3381,507983571,55241195,5172,-3469,33,5827,292678300,2115,292678360,2115,139,14,6,-5,2346,14,-62,2343
26232008,3380,507983594,55241169,5173,-3469,34,5827,292678350,2115,292678370,2115,140,14,14,-17,2356,22,-75,2353
26241894,3380,507983617,55241145,5173,-3468,35,5827,292678350,2115,292678380,2115,141,13,-11,-1,2394,-3,-60,2392
26251831,3379,507983641,55241120,5173,-3468,36,5827,292678350,2115,292678390,2115,141,13,35,-38,2438,42,-99,2434
26261852,3379,507983664,55241096,5174,-3467,36,5827,292678350,2115,292678400,2115,142,13,17,-21,2392,25,-81,2388
26272098,3378,507983687,55241072,5175,-3467,37,5827,292678350,2115,292678410,2115,143,13,43,-25,2459,51,-87,2456
26281974,3378,507983710,55241046,5175,-3466,38,5827,292678400,2115,292678420,2115,144,12,-10,-33,2407,-2,-94,2403
26291890,3377,507983734,55241022,5176,-3466,39,5827,292678400,2115,292678430,2115,145,12,-1,-22,2377,6,-82,2374
26301825,3376,507983757,55240997,5176,-3465,39,5827,292678400,2115,292678440,2115,146,12,-3,-19,2427,4,-81,2424
26311853,3376,507983780,55240973,5176,-3465,40,5827,292678400,2115,292678450,2115,147,11,6,-36,2465,13,-100,2462
26322737,3376,507983803,55240949,5177,-3464,40,5827,292678400,2115,292678460,2115,147,11,34,-2,2496,40,-67,2493
26331947,3375,507983827,55240923,5178,-3464,40,5827,292678450,2115,292678470,2115,148,10,44,-40,2502,50,-104,2498
26341902,3375,507983850,55240899,5178,-3463,40,5827,292678450,2115,292678480,2115,148,10,19,-24,2459,25,-88,2456
26351813,3374,507983873,55240875,5179,-3463,41,5827,292678450,2115,292678490,2115,149,10,1,-40,2400,7,-103,2397
26361832,3374,507983897,55240850,5179,-3462,41,5827,292678450,2115,292678500,2115,150,9,-9,0,2415,-3,-63,2412
26372727,3373,507983920,55240826,5179,-3462,42,5827,292678450,2115,292678510,2115,150,9,10,5,2433,16,-59,2431
26381984,3373,507983943,55240800,5180,-3461,42,5827,292678500,2115,292678520,2115,151,9,39,-70,2494,45,-136,2490
26391895,3372,507983966,55240776,5181,-3461,42,5828,292678500,2115,292678530,2115,151,8,35,20,2519,40,-46,2516
26401845,3372,507983990,55240752,5181,-3461,42,5828,292678500,2115,292678540,2115,151,8,52,-17,2546,57,-84,2543
26411928,3371,507984013,55240728,5182,-3461,42,5828,292678500,2115,292678550,2115,151,7,5,-9,2508,11,-76,2505
26422101,3371,507984036,55240703,5182,-3460,42,5828,292678500,2115,292678560,2115,151,6,-5,-28,2508,0,-95,2504
26431984,3370,507984060,55240678,5183,-3460,42,5828,292678550,2115,292678570,2115,151,6,1,22,2478,6,-44,2476
26441895,3370,507984083,55240653,5183,-3460,42,5828,292678550,2115,292678580,2115,151,6,11,31,2497,15,-36,2495
26451820,3369,507984106,55240629,5184,-3459,42,5828,292678550,2115,292678590,2115,151,5,14,-65,2548,18,-133,2543
26461876,3369,507984129,55240605,5184,-3458,42,5828,292678550,2115,292678600,2115,151,5,34,-37,2506,38,-104,2502
26472923,3368,507984153,55240581,5185,-3458,41,5828,292678550,2115,292678610,2115,151,5,67,-13,2573,71,-81,2570
26481967,3368,507984176,55240555,5185,-3458,41,5828,292678600,2115,292678620,2115,151,4,32,33,2524,35,-34,2523
26491891,3367,507984199,55240531,5186,-3458,40,5828,292678600,2115,292678630,2115,151,4,0,3,2585,4,-65,2583
26502217,3366,507984223,55240506,5186,-3457,40,5828,292678600,2115,292678640,2115,151,3,3,-64,2587,7,-133,2583
26511820,3366,507984246,55240482,5186,-3457,39,5828,292678600,2115,292678650,2115,151,3,0,37,2600,3,-32,2598
26522133,3365,507984269,55240458,5187,-3456,38,5828,292678600,2115,292678660,2115,151,3,-9,7,2554,-6,-61,2551
26532088,3364,507984293,55240432,5187,-3456,38,5828,292678650,2115,292678670,2115,151,2,43,-35,2577,46,-103,2573
26541963,3364,507984316,55240408,5188,-3455,37,5828,292678650,2115,292678680,2115,151,2,45,-44,2594,48,-113,2590
26551819,3363,507984339,55240384,5189,-3455,37,5828,292678650,2115,292678690,2115,152,2,33,22,2530,36,-45,2528
26562234,3362,507984363,55240360,5189,-3455,37,5828,292678650,2115,292678700,2115,152,2,-15,27,2537,-12,-41,2535
26572131,3361,507984386,55240335,5189,-3454,36,5828,292678650,2115,292678710,2115,153,2,-10,-45,2539,-7,-113,2535
26581986,3361,507984409,55240310,5190,-3453,35,5828,292678700,2115,292678720,2115,153,2,8,-55,2613,11,-125,2609
26592451,3360,507984433,55240286,5190,-3453,35,5828,292678700,2115,292678730,2115,153,2,26,-40,2574,29,-109,2570
26601828,3359,507984456,55240261,5191,-3452,34,5828,292678700,2115,292678740,2115,153,3,51,8,2663,54,-63,2661
26611824,3358,507984479,55240237,5192,-3452,33,5828,292678700,2115,292678750,2115,153,3,28,-43,2590,32,-113,2586
26622497,3358,507984503,55240213,5192,-3451,33,5828,292678700,2115,292678760,2115,153,4,7,-37,2531,10,-105,2528
26631974,3357,507984526,55240188,5193,-3450,33,5828,292678750,2115,292678770,2115,153,4,-34,-76,2464,-30,-143,2459
26641895,3356,507984549,55240163,5193,-3450,33,5828,292678750,2115,292678780,2115,153,6,-15,15,2462,-11,-51,2459
26651892,3356,507984573,55240139,5193,-3449,33,5828,292678750,2115,292678790,2115,153,7,12,-51,2552,17,-120,2548
26661814,3355,507984596,55240115,5194,-3449,32,5828,292678750,2115,292678800,2115,153,8,62,-43,2596,67,-112,2592
26672108,3354,507984619,55240091,5195,-3449,32,5828,292678750,2115,292678810,2115,152,9,69,19,2572,75,-50,2570
26682009,3354,507984643,55240065,5196,-3448,32,5828,292678800,2115,292678820,2115,152,9,51,3,2492,57,-64,2489
26691887,3353,507984666,55240041,5196,-3448,32,5828,292678800,2115,292678830,2115,152,10,-14,-30,2474,-8,-97,2471
26701841,3352,507984689,55240017,5197,-3447,33,5828,292678800,2115,292678840,2115,152,11,11,-116,2410,18,-180,2404
26712327,3351,507984713,55239993,5197,-3447,33,5828,292678800,2115,292678850,2115,152,12,-6,78,2448,0,13,2447
26722324,3350,507984736,55239968,5198,-3446,34,5828,292678800,2115,292678860,2115,152,13,32,-24,2421,40,-88,2417
26731988,3350,507984759,55239943,5199,-3446,34,5828,292678850,2115,292678870,2115,152,14,69,-27,2486,77,-93,2482
26742231,3349,507984783,55239919,5199,-3446,34,5828,292678850,2115,292678880,2115,152,14,66,-32,2447,74,-97,2444
26751843,3348,507984806,55239895,5200,-3446,34,5828,292678850,2115,292678890,2115,152,15,63,-20,2521,72,-87,2517
26761827,3347,507984830,55239870,5201,-3445,34,5828,292678850,2115,292678900,2115,152,15,8,-20,2470,16,-86,2467
26773398,3346,507984853,55239846,5201,-3444,34,5828,292678850,2115,292678910,2115,152,15,0,-50,2514,9,-117,2510
26781966,3345,507984876,55239821,5202,-3444,35,5828,292678900,2115,292678920,2115,153,15,17,-27,2477,26,-93,2473
26791909,3344,507984900,55239797,5203,-3443,35,5828,292678900,2115,292678930,2115,154,15,52,-30,2477,60,-97,2473
26801821,3344,507984923,55239773,5203,-3443,35,5828,292678900,2115,292678940,2115,155,15,59,9,2491,68,-58,2489
26811820,3343,507984946,55239748,5204,-3443,35,5828,292678900,2115,292678950,2115,156,14,56,-69,2491,65,-137,2486
26822140,3342,507984970,55239724,5205,-3442,35,5828,292678900,2115,292678960,2115,157,14,22,-76,2514,30,-145,2509
26831982,3341,507984993,55239699,5206,-3442,35,5828,292678950,2115,292678970,2115,158,13,42,-23,2544,50,-94,2541
26841918,3340,507985017,55239675,5207,-3441,35,5828,292678950,2115,292678980,2115,159,12,44,-105,2490,51,-175,2484
26851811,3339,507985040,55239651,5208,-3440,35,5828,292678950,2115,292678990,2115,160,11,50,-110,2444,57,-179,2438
26862441,3338,507985063,55239626,5209,-3440,35,5828,292678950,2115,292679000,2115,160,10,22,35,2522,28,-35,2520
26872066,3338,507985087,55239602,5210,-3439,35,5828,292678950,2115,292679010,2115,160,9,55,-100,2524,61,-170,2519
26881961,3337,507985110,55239577,5211,-3438,35,5828,292679000,2115,292679020,2115,160,8,62,-80,2504,68,-150,2499
26891988,3336,507985134,55239553,5211,-3437,35,5828,292679000,2115,292679030,2115,161,8,0,-62,2535,6,-134,2530
26901854,3335,507985157,55239529,5212,-3437,35,5828,292679000,2115,292679040,2115,162,7,19,-57,2522,24,-129,2518
26911831,3334,507985181,55239504,5213,-3436,34,5828,292679000,2115,292679050,2115,162,6,41,-115,2567,47,-188,2561
26922684,3334,507985204,55239480,5214,-3435,33,5828,292679000,2115,292679060,2115,162,6,5,-20,2645,10,-96,2642
26931959,3333,507985227,55239455,5215,-3435,32,5828,292679050,2115,292679070,2115,162,5,71,-5,2626,75,-79,2623
26941892,3332,507985251,55239431,5215,-3435,32,5828,292679050,2115,292679080,2115,162,5,41,-9,2493,45,-79,2490
26951929,3332,507985274,55239407,5216,-3434,33,5828,292679050,2115,292679090,2115,161,5,-13,-83,2472,-8,-153,2467
26961830,3331,507985298,55239383,5216,-3433,33,5828,292679050,2115,292679100,2115,161,5,18,-29,2420,22,-98,2417
26972078,3330,507985321,55239359,5217,-3433,33,5828,292679050,2115,292679110,2115,161,5,32,30,2490,36,-40,2488
26982347,3330,507985345,55239333,5218,-3432,33,5828,292679100,2115,292679120,2115,160,5,79,-64,2533,83,-135,2528
26991892,3329,507985368,55239309,5218,-3432,33,5828,292679100,2115,292679130,2115,159,4,71,6,2518,75,-64,2516
27001827,3328,507985392,55239285,5219,-3432,33,5828,292679100,2115,292679140,2115,159,4,45,-32,2529,48,-103,2525
27012606,3328,507985415,55239261,5220,-3432,32,5828,292679100,2115,292679150,2115,158,3,61,-5,2566,65,-76,2563
27023272,3327,507985439,55239237,5221,-3431,32,5828,292679100,2115,292679160,2115,158,3,33,-46,2519,37,-115,2515
27031969,3326,507985462,55239211,5222,-3430,32,5828,292679150,2115,292679170,2115,157,2,37,-62,2488,41,-131,2483
27041905,3326,507985485,55239187,5222,-3430,32,5828,292679150,2115,292679180,2115,157,2,10,17,2459,13,-51,2457
27051822,3325,507985509,55239163,5223,-3430,32,5828,292679150,2115,292679190,2115,156,1,43,2,2497,45,-66,2494
27061824,3324,507985532,55239139,5223,-3430,32,5828,292679150,2115,292679200,2115,156,1,62,12,2504,65,-56,2502
27072855,3324,507985556,55239115,5224,-3429,32,5828,292679150,2115,292679210,2115,156,1,52,-33,2595,55,-103,2591
27082001,3323,507985579,55239090,5225,-3429,31,5828,292679200,2115,292679220,2115,156,1,55,2,2567,58,-68,2564
27091884,3322,507985603,55239066,5225,-3428,31,5828,292679200,2115,292679230,2115,156,1,26,-45,2510,28,-114,2506
27102109,3321,507985626,55239042,5226,-3428,31,5828,292679200,2115,292679240,2115,156,1,26,-13,2535,28,-82,2532
27111819,3321,507985650,55239018,5226,-3427,31,5828,292679200,2115,292679250,2115,156,1,-8,-32,2500,-6,-101,2497
27122073,3320,507985673,55238994,5226,-3427,30,5828,292679200,2115,292679260,2115,156,2,-6,18,2571,-3,-52,2569
27132373,3319,507985697,55238968,5227,-3427,31,5828,292679250,2115,292679270,2115,156,2,60,-39,2463,63,-107,2459
27141938,3319,507985720,55238944,5228,-3426,31,5828,292679250,2115,292679280,2115,156,3,54,-33,2480,57,-101,2477
27151825,3318,507985744,55238920,5229,-3426,31,5828,292679250,2115,292679290,2115,156,3,84,-43,2459,88,-110,2455
27161839,3318,507985767,55238896,5230,-3426,32,5828,292679250,2115,292679300,2115,156,4,46,-29,2417,49,-95,2414
27172104,3317,507985791,55238872,5230,-3425,33,5828,292679250,2115,292679310,2115,157,4,13,-13,2412,17,-80,2409
27181980,3316,507985814,55238847,5231,-3424,33,5828,292679300,2115,292679320,2115,157,5,31,-84,2426,35,-151,2421
27192504,3316,507985838,55238823,5232,-3424,34,5828,292679300,2115,292679330,2115,157,6,41,-24,2352,46,-89,2348
27201811,3315,507985861,55238799,5233,-3423,35,5828,292679300,2115,292679340,2115,157,6,49,-30,2384,53,-95,2380
27211824,3315,507985885,55238775,5234,-3423,36,5828,292679300,2115,292679350,2115,157,7,62,-27,2469,67,-95,2465
27222922,3314,507985908,55238751,5234,-3423,37,5828,292679300,2115,292679360,2115,156,8,84,24,2386,89,-41,2384
27231959,3314,507985932,55238725,5235,-3423,37,5828,292679350,2115,292679370,2115,156,8,35,-35,2439,41,-101,2436
27241886,3313,507985956,55238701,5235,-3422,38,5828,292679350,2115,292679380,2115,156,9,2,-7,2412,8,-73,2409
27252258,3313,507985979,55238677,5236,-3422,38,5828,292679350,2115,292679390,2115,155,9,28,-36,2448,34,-103,2444
27261837,3313,507986003,55238653,5237,-3421,39,5828,292679350,2115,292679400,2115,155,10,48,-3,2443,54,-69,2440
27272127,3312,507986026,55238629,5238,-3421,39,5828,292679350,2115,292679410,2115,154,11,75,8,2412,82,-57,2409
27282823,3312,507986050,55238604,5238,-3421,41,5828,292679400,2115,292679420,2115,154,11,61,-6,2373,67,-69,2370
27291895,3311,507986073,55238580,5239,-3421,42,5828,292679400,2115,292679430,2115,153,11,2,13,2381,9,-51,2379
27301831,3310,507986097,55238556,5239,-3421,42,5828,292679400,2115,292679440,2115,153,12,29,-23,2469,36,-89,2465
27312157,3310,507986120,55238532,5240,-3420,42,5828,292679400,2115,292679450,2115,152,12,60,-51,2462,68,-117,2457
27322387,3309,507986144,55238508,5241,-3420,42,5828,292679400,2115,292679460,2115,151,12,35,5,2480,42,-60,2477
27331969,3309,507986167,55238483,5241,-3420,42,5828,292679450,2115,292679470,2115,150,12,58,20,2496,65,-46,2494
27342383,3308,507986191,55238459,5242,-3420,42,5828,292679450,2115,292679480,2115,150,11,47,21,2486,54,-44,2484
27351818,3308,507986215,55238435,5242,-3420,43,5828,292679450,2115,292679490,2115,150,11,15,-9,2448,22,-73,2445
27361866,3307,507986238,55238411,5243,-3419,43,5828,292679450,2115,292679500,2115,149,11,46,-17,2457,53,-81,2454
27373290,3306,507986262,55238387,5243,-3419,44,5828,292679450,2115,292679510,2115,149,11,11,8,2423,18,-55,2420
27381975,3306,507986285,55238361,5243,-3419,43,5828,292679500,2115,292679520,2115,149,10,27,40,2512,34,-25,2511
27391895,3305,507986309,55238337,5244,-3418,43,5828,292679500,2115,292679530,2115,148,10,45,-127,2499,52,-192,2493
27401817,3305,507986332,55238313,5245,-3418,42,5828,292679500,2115,292679540,2115,148,9,84,-15,2650,90,-83,2646
27411808,3304,507986356,55238289,5245,-3418,42,5828,292679500,2115,292679550,2115,148,9,-13,23,2512,-7,-43,2510
27422577,3303,507986380,55238265,5245,-3418,42,5829,292679500,2115,292679560,2115,149,8,28,81,2551,33,14,2550
27431965,3303,507986403,55238240,5246,-3417,43,5829,292679550,2115,292679570,2115,150,8,-19,-97,2447,-13,-161,2442
27441899,3302,507986427,55238216,5247,-3416,43,5829,292679550,2115,292679580,2115,150,8,-24,-91,2498,-18,-157,2493
27451828,3302,507986450,55238192,5247,-3415,43,5829,292679550,2115,292679590,2115,150,8,-11,10,2499,-6,-56,2497
27461872,3301,507986474,55238168,5248,-3415,42,5829,292679550,2115,292679600,2115,150,8,40,5,2639,45,-64,2636
27473215,3301,507986497,55238144,5249,-3415,41,5829,292679550,2115,292679610,2115,150,7,63,-23,2587,68,-91,2583
27481972,3300,507986521,55238119,5249,-3414,40,5829,292679600,2115,292679620,2115,150,7,61,-6,2565,66,-73,2562
27491905,3300,507986545,55238095,5250,-3414,40,5829,292679600,2115,292679630,2115,151,7,-14,1,2606,-9,-68,2603
27501822,3299,507986568,55238071,5250,-3413,39,5829,292679600,2115,292679640,2115,151,7,-17,-96,2576,-11,-164,2571
27511819,3299,507986592,55238047,5250,-3413,39,5829,292679600,2115,292679650,2115,151,7,-43,72,2522,-38,5,2521
27523197,3299,507986615,55238023,5250,-3412,39,5829,292679600,2115,292679660,2115,150,6,-6,-50,2510,-1,-116,2506
27532001,3298,507986639,55237998,5251,-3412,38,5829,292679650,2115,292679670,2115,150,6,61,-13,2584,66,-81,2581
27541883,3298,507986663,55237974,5251,-3412,38,5829,292679650,2115,292679680,2115,149,6,52,90,2556,56,24,2556
27551815,3298,507986686,55237950,5252,-3412,37,5829,292679650,2115,292679690,2115,149,6,47,-37,2591,51,-104,2587
27561807,3297,507986710,55237926,5253,-3410,36,5829,292679650,2115,292679700,2115,148,5,1,-130,2593,6,-197,2587
27572097,3297,507986733,55237902,5253,-3410,37,5829,292679650,2115,292679710,2115,148,5,-55,78,2492,-51,13,2491
27581983,3296,507986757,55237877,5253,-3410,36,5829,292679700,2115,292679720,2115,147,5,-50,42,2583,-46,-25,2581
27591892,3296,507986781,55237853,5253,-3410,35,5829,292679700,2115,292679730,2115,146,6,-10,25,2602,-5,-41,2600
27602466,3295,507986804,55237829,5253,-3409,34,5829,292679700,2115,292679740,2115,145,6,2,0,2613,7,-67,2610
27611814,3295,507986828,55237805,5254,-3409,33,5829,292679700,2115,292679750,2115,144,6,34,-18,2627,39,-85,2624
27622108,3294,507986852,55237781,5254,-3408,32,5829,292679700,2115,292679760,2115,144,7,-24,38,2613,-19,-28,2611
27631981,3294,507986875,55237756,5254,-3408,32,5829,292679750,2115,292679770,2115,144,7,-33,-20,2571,-27,-85,2568
27641886,3293,507986899,55237732,5253,-3407,31,5829,292679750,2115,292679780,2115,144,8,-72,22,2573,-66,-43,2571
27651817,3292,507986922,55237708,5253,-3406,31,5829,292679750,2115,292679790,2115,143,9,-59,-5,2567,-53,-69,2564
27661854,3292,507986946,55237684,5254,-3406,30,5829,292679750,2115,292679800,2115,143,9,13,-6,2584,19,-70,2581
27672060,3292,507986970,55237661,5254,-3406,30,5829,292679750,2115,292679810,2115,143,10,5,1,2498,11,-62,2495
27681974,3291,507986993,55237635,5254,-3405,30,5829,292679800,2115,292679820,2115,143,11,4,12,2528,11,-52,2525
27691909,3291,507987017,55237611,5255,-3404,30,5829,292679800,2115,292679830,2115,143,12,-30,-74,2477,-23,-137,2473
27701975,3290,507987040,55237588,5255,-3404,30,5829,292679800,2115,292679840,2115,144,12,-71,5,2542,-63,-60,2540
27711813,3289,507987064,55237564,5255,-3403,30,5829,292679800,2115,292679850,2115,145,13,-54,-34,2551,-46,-99,2548
27722157,3289,507987088,55237540,5255,-3403,30,5829,292679800,2115,292679860,2115,145,14,-29,15,2479,-21,-48,2477
27732297,3289,507987111,55237515,5255,-3402,30,5829,292679850,2115,292679870,2115,145,15,-36,-31,2464,-27,-94,2461
27741884,3288,507987135,55237491,5255,-3401,30,5829,292679850,2115,292679880,2115,146,16,-42,-77,2492,-33,-141,2487
27751863,3288,507987159,55237467,5255,-3401,30,5829,292679850,2115,292679890,2115,147,17,-64,21,2500,-55,-44,2498
27761834,3287,507987182,55237443,5255,-3400,30,5829,292679850,2115,292679900,2115,147,18,-52,-16,2459,-42,-80,2456
27773196,3287,507987206,55237419,5255,-3399,31,5829,292679850,2115,292679910,2115,148,19,-64,-29,2445,-54,-92,2442
27781985,3286,507987229,55237394,5255,-3398,32,5829,292679900,2115,292679920,2115,148,20,-49,-28,2375,-39,-90,2372
27791933,3286,507987253,55237370,5255,-3398,32,5829,292679900,2115,292679930,2115,148,21,-32,15,2491,-21,-50,2488
27801825,3286,507987277,55237346,5256,-3397,32,5829,292679900,2115,292679940,2115,148,21,-31,14,2481,-19,-50,2479
27811840,3285,507987300,55237322,5256,-3397,32,5829,292679900,2115,292679950,2115,148,22,11,-20,2483,22,-85,2480
27822098,3285,507987324,55237299,5256,-3396,34,5829,292679900,2115,292679960,2115,149,23,-22,-64,2331,-11,-125,2327
27831971,3284,507987348,55237273,5256,-3396,34,5829,292679950,2115,292679970,2115,149,23,-50,13,2411,-39,-50,2408
27841933,3284,507987371,55237250,5256,-3395,35,5829,292679950,2115,292679980,2115,149,24,-77,54,2375,-65,-8,2374
27851832,3283,507987395,55237226,5256,-3395,36,5829,292679950,2115,292679990,2115,149,24,-28,-29,2401,-15,-92,2397
27861827,3283,507987418,55237202,5257,-3394,36,5829,292679950,2115,292680000,2115,149,24,-16,9,2504,-3,-57,2501
27872073,3283,507987442,55237178,5257,-3394,36,5829,292679950,2115,292680010,2115,149,24,15,-42,2462,28,-106,2458
27881977,3282,507987466,55237153,5257,-3393,37,5829,292680000,2115,292680020,2115,149,24,-16,42,2430,-4,-22,2428
27891880,3281,507987489,55237129,5258,-3393,38,5829,292680000,2115,292680030,2115,149,24,-28,-46,2392,-16,-108,2388
27901855,3281,507987513,55237105,5257,-3392,38,5829,292680000,2115,292680040,2115,149,24,-80,66,2431,-68,2,2431
27911815,3280,507987537,55237082,5257,-3392,39,5829,292680000,2115,292680050,2115,149,23,-46,-37,2420,-34,-101,2416
27922328,3280,507987560,55237058,5257,-3391,39,5829,292680000,2115,292680060,2115,150,23,-33,-5,2472,-21,-70,2469
27931968,3279,507987584,55237033,5258,-3390,39,5829,292680050,2115,292680070,2115,150,22,19,-43,2513,31,-109,2509
27941893,3279,507987607,55237009,5258,-3390,39,5829,292680050,2115,292680080,2115,150,21,28,43,2510,39,-24,2508
27952476,3278,507987631,55236985,5259,-3390,39,5829,292680050,2115,292680090,2115,151,20,-15,0,2441,-5,-64,2439
27961884,3277,507987655,55236961,5259,-3389,40,5829,292680050,2115,292680100,2115,151,19,-15,-48,2429,-5,-112,2425
27972082,3277,507987678,55236938,5259,-3389,41,5829,292680050,2115,292680110,2115,151,18,-99,28,2394,-90,-37,2392
27982269,3276,507987702,55236913,5259,-3388,41,5829,292680100,2115,292680120,2115,151,17,-72,-25,2455,-63,-90,2452
27991904,3276,507987726,55236889,5259,-3387,40,5829,292680100,2115,292680130,2115,151,16,-50,-56,2621,-40,-126,2617
28001815,3276,507987749,55236865,5259,-3387,40,5829,292680100,2115,292680140,2115,151,15,5,81,2570,14,13,2569
28011860,3275,507987773,55236841,5260,-3387,39,5829,292680100,2115,292680150,2115,151,14,58,-2,2624,66,-71,2621
28022071,3274,507987796,55236818,5260,-3386,39,5829,292680100,2115,292680160,2115,151,13,-19,-67,2536,-11,-134,2531
28031982,3274,507987820,55236793,5260,-3385,39,5829,292680150,2115,292680170,2115,152,12,-79,46,2503,-72,-21,2501
28041890,3273,507987844,55236769,5259,-3384,39,5829,292680150,2115,292680180,2115,152,12,-144,-20,2419,-137,-85,2416
28051812,3273,507987867,55236745,5259,-3383,39,5829,292680150,2115,292680190,2115,151,11,-84,-13,2523,-77,-80,2520
28061833,3272,507987891,55236721,5259,-3383,39,5829,292680150,2115,292680200,2115,150,11,-37,-40,2525,-30,-107,2521
28073216,3272,507987915,55236698,5260,-3383,39,5829,292680150,2115,292680210,2115,149,10,28,54,2576,34,-14,2575
28081962,3271,507987938,55236673,5260,-3383,38,5829,292680200,2115,292680220,2115,149,10,9,98,2551,15,32,2551
28091898,3271,507987962,55236649,5260,-3382,38,5829,292680200,2115,292680230,2115,148,10,4,-84,2594,11,-152,2589
28101818,3270,507987986,55236625,5260,-3381,38,5829,292680200,2115,292680240,2115,148,10,-99,-27,2505,-92,-93,2502
28111845,3270,507988009,55236601,5259,-3380,38,5829,292680200,2115,292680250,2115,147,10,-124,36,2405,-118,-27,2403
28122056,3269,507988033,55236578,5259,-3379,38,5829,292680200,2115,292680260,2115,147,10,-75,-29,2493,-69,-93,2490
28131954,3269,507988056,55236553,5260,-3379,38,5829,292680250,2115,292680270,2115,145,10,-12,-37,2518,-5,-102,2515
28141913,3268,507988080,55236529,5260,-3379,38,5829,292680250,2115,292680280,2115,144,10,51,47,2588,57,-18,2587
28151836,3268,507988104,55236505,5260,-3379,37,5829,292680250,2115,292680290,2115,144,10,2,70,2552,8,5,2551
28161853,3267,507988127,55236482,5260,-3378,36,5829,292680250,2115,292680300,2115,143,10,-57,-10,2600,-50,-76,2597
28173262,3266,507988151,55236458,5260,-3377,36,5829,292680250,2115,292680310,2115,143,11,-100,-54,2517,-93,-118,2514
28181973,3266,507988175,55236433,5260,-3376,36,5829,292680300,2115,292680320,2115,143,11,-92,8,2540,-85,-56,2538
28191906,3265,507988198,55236409,5260,-3376,36,5829,292680300,2115,292680330,2115,142,12,-45,19,2490,-39,-43,2488
28201814,3265,507988222,55236386,5260,-3375,35,5829,292680300,2115,292680340,2115,142,12,-11,4,2580,-3,-60,2577
28211830,3265,507988246,55236362,5260,-3375,35,5829,292680300,2115,292680350,2115,142,12,-2,-24,2561,6,-88,2558
28222081,3264,507988269,55236338,5260,-3374,35,5829,292680300,2115,292680360,2115,142,13,-24,0,2560,-16,-64,2557
28231954,3264,507988293,55236313,5260,-3374,34,5829,292680350,2115,292680370,2115,142,13,-54,27,2519,-47,-36,2517
28241897,3263,507988317,55236289,5260,-3373,35,5829,292680350,2115,292680380,2115,141,13,-56,-49,2485,-48,-111,2481
28251848,3263,507988340,55236266,5260,-3373,35,5829,292680350,2115,292680390,2115,141,14,-64,1,2453,-57,-60,2450
28261808,3263,507988364,55236242,5260,-3372,35,5829,292680350,2115,292680400,2115,142,14,-32,-8,2539,-24,-72,2536
28272159,3262,507988387,55236218,5260,-3372,34,5829,292680350,2115,292680410,2115,142,14,-31,15,2586,-23,-50,2584
28281985,3262,507988411,55236193,5261,-3371,34,5829,292680400,2115,292680420,2115,143,15,7,10,2537,16,-53,2534
28291899,3261,507988435,55236170,5261,-3370,33,5829,292680400,2115,292680430,2115,143,15,-24,-61,2557,-15,-125,2553
28301838,3261,507988458,55236146,5261,-3370,32,5829,292680400,2115,292680440,2115,144,15,-75,1,2605,-66,-66,2603
28312011,3260,507988482,55236123,5261,-3369,32,5829,292680400,2115,292680450,2115,144,15,-66,-29,2529,-57,-94,2526
28322065,3260,507988506,55236099,5261,-3368,33,5829,292680400,2115,292680460,2115,145,15,-34,-15,2446,-25,-78,2443
28331960,3260,507988529,55236074,5261,-3368,32,5829,292680450,2115,292680470,2115,145,15,-24,12,2568,-15,-54,2566
28342128,3259,507988553,55236050,5262,-3367,32,5829,292680450,2115,292680480,2115,146,16,-12,-34,2501,-3,-98,2497
28351884,3259,507988577,55236027,5262,-3367,32,5829,292680450,2115,292680490,2115,146,16,-23,2,2547,-14,-64,2545
28362204,3258,507988600,55236003,5262,-3366,32,5829,292680450,2115,292680500,2115,147,16,-41,-32,2536,-32,-97,2533
28372198,3258,507988624,55235979,5262,-3365,31,5829,292680450,2115,292680510,2115,147,15,-38,-27,2577,-29,-93,2573
28381972,3257,507988648,55235955,5262,-3364,31,5829,292680500,2115,292680520,2115,147,15,-64,-3,2525,-55,-69,2522
28391893,3257,507988671,55235931,5263,-3364,30,5829,292680500,2115,292680530,2115,147,14,-5,-39,2567,4,-106,2563
28402381,3257,507988695,55235907,5263,-3363,30,5829,292680500,2115,292680540,2115,147,14,-28,31,2532,-21,-35,2530
28411813,3256,507988719,55235884,5263,-3363,30,5829,292680500,2115,292680550,2115,148,13,-13,-27,2531,-5,-93,2527
28422075,3256,507988742,55235860,5264,-3362,30,5829,292680500,2115,292680560,2115,148,13,-24,-24,2519,-17,-89,2515
28432507,3255,507988766,55235835,5264,-3362,30,5829,292680550,2115,292680570,2115,148,12,-27,-26,2502,-20,-92,2499
28441885,3255,507988790,55235812,5264,-3361,30,5830,292680550,2115,292680580,2115,148,12,-33,27,2539,-26,-40,2537
28451816,3254,507988813,55235788,5264,-3360,30,5830,292680550,2115,292680590,2115,148,11,-47,-48,2512,-40,-114,2508
28462752,3254,507988837,55235765,5264,-3360,29,5830,292680550,2115,292680600,2115,147,10,-16,25,2622,-9,-43,2620
28473232,3253,507988861,55235741,5264,-3360,28,5830,292680550,2115,292680610,2115,147,10,-30,34,2525,-24,-32,2523
28481961,3253,507988884,55235716,5264,-3360,28,5830,292680600,2115,292680620,2115,146,10,-20,62,2605,-14,-5,2603
28492871,3252,507988908,55235693,5264,-3359,27,5830,292680600,2115,292680630,2115,146,10,-33,-17,2583,-26,-83,2580
28501832,3252,507988932,55235669,5264,-3358,27,5830,292680600,2115,292680640,2115,145,9,-38,-27,2546,-32,-92,2543
28511829,3251,507988955,55235645,5264,-3358,26,5830,292680600,2115,292680650,2115,145,9,-57,5,2553,-51,-60,2550
28522396,3251,507988979,55235622,5264,-3357,26,5830,292680600,2115,292680660,2115,144,9,-41,22,2562,-35,-43,2560
28531970,3251,507989003,55235597,5264,-3357,25,5830,292680650,2115,292680670,2115,143,9,-29,55,2552,-23,-9,2551
28541899,3250,507989026,55235573,5264,-3357,25,5830,292680650,2115,292680680,2115,142,9,1,-1,2487,7,-63,2484
28552248,3250,507989050,55235550,5264,-3357,25,5830,292680650,2115,292680690,2115,142,9,-18,79,2546,-12,16,2545
28561840,3249,507989074,55235526,5265,-3356,25,5830,292680650,2115,292680700,2115,141,9,5,-16,2481,11,-77,2478
28572086,3249,507989097,55235503,5265,-3356,25,5830,292680650,2115,292680710,2115,141,9,-29,4,2490,-23,-57,2488
28582346,3248,507989121,55235478,5265,-3355,26,5830,292680700,2115,292680720,2115,140,9,-38,-14,2440,-32,-75,2437
28591940,3248,507989144,55235454,5265,-3355,26,5830,292680700,2115,292680730,2115,139,9,-1,29,2482,5,-32,2480
28602746,3247,507989168,55235431,5265,-3355,27,5830,292680700,2115,292680740,2115,139,9,-3,15,2430,2,-45,2428
28611815,3247,507989192,55235407,5265,-3355,27,5830,292680700,2115,292680750,2115,138,9,11,28,2413,16,-31,2411
28622066,3246,507989215,55235384,5265,-3354,27,5830,292680700,2115,292680760,2115,138,9,-21,21,2503,-15,-40,2501
28631957,3245,507989239,55235359,5266,-3354,27,5830,292680750,2115,292680770,2115,138,9,-18,-15,2518,-12,-76,2516
28641882,3245,507989263,55235335,5266,-3353,28,5830,292680750,2115,292680780,2115,137,8,-5,-85,2466,1,-144,2461
28651834,3244,507989286,55235312,5266,-3352,28,5830,292680750,2115,292680790,2115,137,8,-12,15,2483,-6,-45,2481
28661850,3244,507989310,55235288,5266,-3352,28,5830,292680750,2115,292680800,2115,136,8,-13,64,2474,-8,4,2473
28673004,3243,507989334,55235265,5267,-3352,28,5830,292680750,2115,292680810,2115,136,8,-10,-2,2434,-4,-61,2431
28682026,3243,507989357,55235240,5266,-3352,29,5830,292680800,2115,292680820,2115,135,9,-24,45,2426,-18,-13,2425
28691877,3243,507989381,55235217,5267,-3351,30,5830,292680800,2115,292680830,2115,135,9,19,-82,2431,25,-140,2426
28702492,3242,507989405,55235193,5268,-3351,30,5830,292680800,2115,292680840,2115,135,9,-2,-17,2464,4,-75,2461
28711830,3242,507989428,55235170,5268,-3350,31,5830,292680800,2115,292680850,2115,135,9,-29,-27,2417,-23,-84,2414
28722151,3241,507989452,55235146,5268,-3350,31,5830,292680800,2115,292680860,2115,135,10,-19,12,2412,-13,-45,2410
28732335,3241,507989476,55235121,5268,-3349,32,5830,292680850,2115,292680870,2115,135,11,-23,-1,2442,-17,-59,2439
28741874,3241,507989499,55235098,5269,-3349,32,5830,292680850,2115,292680880,2115,134,12,22,-57,2425,29,-115,2421
28751814,3240,507989523,55235074,5269,-3348,34,5830,292680850,2115,292680890,2115,134,13,-12,-4,2346,-5,-59,2343
28762187,3240,507989547,55235051,5269,-3348,34,5830,292680850,2115,292680900,2115,134,14,-30,32,2427,-22,-25,2425
28772100,3240,507989571,55235027,5269,-3347,35,5830,292680850,2115,292680910,2115,133,16,-9,-29,2388,0,-85,2385
28781974,3239,507989594,55235002,5269,-3347,36,5830,292680900,2115,292680920,2115,133,17,-1,-16,2357,8,-72,2354
28792514,3239,507989618,55234979,5270,-3346,37,5830,292680900,2115,292680930,2115,132,18,8,-8,2391,17,-64,2389
28801811,3239,507989642,55234955,5270,-3347,39,5830,292680900,2115,292680940,2115,132,19,-13,61,2323,-3,7,2322
28811803,3238,507989665,55234932,5270,-3346,40,5830,292680900,2115,292680950,2115,131,20,8,22,2305,18,-31,2303
28822719,3238,507989689,55234908,5271,-3346,42,5830,292680900,2115,292680960,2115,131,21,18,-36,2320,28,-90,2317
28831969,3238,507989713,55234884,5271,-3346,43,5830,292680950,2115,292680970,2115,131,21,21,36,2351,31,-18,2349
28842675,3237,507989736,55234860,5271,-3345,45,5830,292680950,2115,292680980,2115,131,22,8,-34,2270,19,-86,2267
28851855,3237,507989760,55234837,5272,-3345,45,5830,292680950,2115,292680990,2115,131,22,14,30,2411,25,-25,2409
28861836,3236,507989784,55234813,5272,-3345,47,5830,292680950,2115,292681000,2115,131,22,12,-7,2352,23,-61,2349
28872081,3236,507989807,55234790,5273,-3345,47,5830,292680950,2115,292681010,2115,131,22,26,9,2408,37,-46,2406
28881957,3235,507989831,55234765,5273,-3345,48,5830,292681000,2115,292681020,2115,130,21,-2,3,2403,9,-52,2400
28891885,3235,507989855,55234742,5273,-3344,49,5830,292681000,2115,292681030,2115,131,21,15,-33,2406,26,-88,2403
28901809,3234,507989879,55234718,5273,-3344,50,5830,292681000,2115,292681040,2115,132,20,-27,10,2417,-16,-46,2415
28912055,3233,507989902,55234695,5274,-3343,50,5830,292681000,2115,292681050,2115,132,20,-27,-46,2504,-16,-104,2501
28922702,3232,507989926,55234671,5274,-3343,50,5830,292681000,2115,292681060,2115,133,19,7,-34,2505,17,-92,2502
28931983,3232,507989950,55234646,5275,-3342,49,5830,292681050,2115,292681070,2115,133,18,21,-32,2511,31,-91,2508
28942297,3231,507989973,55234623,5275,-3342,49,5830,292681050,2115,292681080,2115,133,17,8,69,2542,18,10,2541
28951837,3231,507989997,55234600,5275,-3341,49,5830,292681050,2115,292681090,2115,134,16,-28,-75,2492,-18,-134,2487
28961801,3230,507990021,55234576,5275,-3341,49,5830,292681050,2115,292681100,2115,135,15,-46,-23,2530,-38,-84,2527
28973412,3230,507990045,55234553,5276,-3340,49,5830,292681050,2115,292681110,2115,136,15,-23,-49,2536,-14,-110,2532
28981995,3229,507990068,55234528,5276,-3340,48,5830,292681100,2115,292681120,2115,137,14,3,39,2548,11,-22,2546
28991886,3228,507990092,55234505,5277,-3339,47,5830,292681100,2115,292681130,2115,138,13,28,-73,2653,36,-137,2648
29002471,3228,507990116,55234481,5278,-3338,46,5830,292681100,2115,292681140,2115,138,12,40,-99,2613,48,-163,2608
29011823,3228,507990139,55234458,5278,-3338,46,5830,292681100,2115,292681150,2115,139,12,-15,70,2581,-8,7,2580
29022457,3227,507990163,55234434,5278,-3338,45,5830,292681100,2115,292681160,2115,139,11,-5,-16,2612,2,-80,2609
29032005,3227,507990187,55234410,5278,-3337,44,5830,292681150,2115,292681170,2115,140,10,-26,-48,2557,-19,-111,2553
29041898,3226,507990211,55234386,5279,-3335,44,5830,292681150,2115,292681180,2115,140,10,-37,-112,2547,-30,-175,2541
29051825,3226,507990234,55234363,5279,-3335,44,5830,292681150,2115,292681190,2115,141,10,20,55,2587,26,-9,2585
29062392,3225,507990258,55234339,5280,-3335,42,5830,292681150,2115,292681200,2115,141,9,31,15,2655,37,-51,2653
29072726,3225,507990282,55234316,5280,-3335,41,5830,292681150,2115,292681210,2115,141,9,37,16,2665,43,-50,2662
29082783,3224,507990305,55234291,5281,-3334,40,5830,292681200,2115,292681220,2115,141,9,0,-48,2627,6,-113,2623
29092111,3224,507990329,55234268,5281,-3334,39,5830,292681200,2115,292681230,2115,141,8,-6,8,2664,-1,-58,2661
29101846,3223,507990353,55234245,5281,-3333,38,5830,292681200,2115,292681240,2115,141,8,-28,-41,2595,-22,-106,2591
29111861,3223,507990377,55234221,5281,-3333,37,5830,292681200,2115,292681250,2115,141,8,-13,-17,2629,-8,-82,2626
29122098,3222,507990400,55234198,5282,-3333,36,5830,292681200,2115,292681260,2115,142,8,19,46,2604,24,-19,2603
29131961,3222,507990424,55234173,5282,-3332,35,5830,292681250,2115,292681270,2115,142,7,24,-6,2648,29,-72,2645
29141890,3222,507990448,55234150,5283,-3332,35,5830,292681250,2115,292681280,2115,142,7,25,-23,2593,30,-87,2590
29152286,3221,507990472,55234126,5283,-3331,33,5830,292681250,2115,292681290,2115,143,7,15,-44,2640,21,-110,2636
29162598,3221,507990495,55234103,5283,-3331,33,5830,292681250,2115,292681300,2115,143,7,10,13,2614,15,-52,2612
29172174,3220,507990519,55234080,5284,-3330,32,5830,292681250,2115,292681310,2115,144,7,7,-82,2587,13,-148,2583
29182660,3220,507990543,55234055,5284,-3330,31,5830,292681300,2115,292681320,2115,144,6,-9,-1,2610,-4,-67,2607
29191894,3219,507990567,55234032,5285,-3329,30,5830,292681300,2115,292681330,2115,145,6,19,10,2657,24,-58,2654
29201815,3219,507990590,55234008,5285,-3329,29,5830,292681300,2115,292681340,2115,146,6,6,82,2623,10,14,2622
29212599,3218,507990614,55233985,5286,-3329,28,5830,292681300,2115,292681350,2115,147,6,48,-83,2627,53,-150,2622
29222107,3218,507990638,55233962,5287,-3328,27,5830,292681300,2115,292681360,2115,149,6,12,-92,2623,17,-161,2618
29231990,3217,507990662,55233937,5286,-3328,27,5830,292681350,2115,292681370,2115,150,7,-22,57,2487,-18,-9,2486
29241993,3217,507990685,55233914,5287,-3327,27,5830,292681350,2115,292681380,2115,151,7,-14,3,2567,-9,-65,2564
29251815,3216,507990709,55233890,5287,-3327,26,5830,292681350,2115,292681390,2115,153,7,20,-44,2551,25,-113,2547
29262562,3216,507990733,55233867,5288,-3326,26,5830,292681350,2115,292681400,2115,154,8,35,-51,2598,40,-121,2594
29272111,3216,507990757,55233844,5288,-3326,25,5830,292681350,2115,292681410,2115,155,8,7,32,2543,12,-37,2541
29281962,3215,507990780,55233819,5289,-3325,25,5830,292681400,2115,292681420,2115,156,8,17,21,2547,23,-49,2545
29291890,3215,507990804,55233796,5289,-3324,25,5830,292681400,2115,292681430,2115,158,9,11,-96,2497,17,-165,2492
29305611,3215,507990828,55233772,5290,-3324,25,5830,292681400,2115,292681440,2115,159,9,15,-8,2456,21,-76,2453
29311837,3214,507990852,55233749,5290,-3324,26,5830,292681400,2115,292681450,2115,160,9,-9,43,2454,-4,-26,2452
29322486,3214,507990876,55233726,5291,-3323,26,5830,292681400,2115,292681460,2115,161,10,21,-14,2443,27,-83,2440
29331960,3214,507990899,55233701,5291,-3323,26,5830,292681450,2115,292681470,2115,162,10,19,0,2500,26,-71,2498
29341908,3213,507990923,55233678,5292,-3323,26,5830,292681450,2115,292681480,2115,162,10,44,1,2470,50,-70,2467
29352162,3213,507990947,55233654,5292,-3323,27,5830,292681450,2115,292681490,2115,163,10,24,32,2463,31,-38,2461
29361809,3213,507990971,55233631,5293,-3322,27,5830,292681450,2115,292681500,2115,163,10,37,4,2421,43,-65,2419
29372059,3212,507990994,55233608,5293,-3322,28,5830,292681450,2115,292681510,2115,164,10,0,-29,2424,6,-99,2420
29381964,3212,507991018,55233583,5293,-3321,28,5830,292681500,2115,292681520,2115,164,10,-30,14,2444,-24,-57,2441
29391885,3211,507991042,55233560,5294,-3321,29,5830,292681500,2115,292681530,2115,164,10,27,46,2442,32,-24,2441
29402259,3211,507991066,55233537,5294,-3321,29,5830,292681500,2115,292681540,2115,164,9,41,15,2456,47,-56,2453
29411822,3210,507991090,55233513,5295,-3321,30,5830,292681500,2115,292681550,2115,164,9,56,82,2456,62,12,2455
29422132,3210,507991113,55233490,5295,-3321,30,5830,292681500,2115,292681560,2115,164,8,17,-27,2479,23,-98,2475
29431959,3209,507991137,55233465,5295,-3320,30,5830,292681550,2115,292681570,2115,164,7,0,0,2484,5,-71,2481
29441888,3209,507991161,55233442,5296,-3320,30,5830,292681550,2115,292681580,2115,163,7,-15,3,2455,-10,-68,2452
29451808,3208,507991185,55233419,5296,-3320,31,5830,292681550,2115,292681590,2115,163,6,23,24,2475,28,-47,2473
29461886,3208,507991209,55233396,5296,-3320,31,5831,292681550,2115,292681600,2115,162,5,0,58,2456,4,-12,2455
29472055,3208,507991232,55233372,5296,-3319,31,5831,292681550,2115,292681610,2115,161,4,4,-7,2519,8,-78,2516
29482383,3207,507991256,55233348,5297,-3319,31,5831,292681600,2115,292681620,2115,160,4,30,54,2518,33,-17,2516
29492084,3207,507991280,55233324,5297,-3319,31,5831,292681600,2115,292681630,2115,160,3,13,-5,2508,17,-75,2505
29501838,3206,507991304,55233301,5297,-3318,31,5831,292681600,2115,292681640,2115,159,3,5,1,2512,8,-69,2509
29512310,3205,507991328,55233278,5297,-3318,31,5831,292681600,2115,292681650,2115,158,2,-34,31,2479,-31,-38,2477
29522056,3205,507991352,55233255,5298,-3318,30,5831,292681600,2115,292681660,2115,156,2,7,37,2592,10,-34,2590
29531992,3205,507991375,55233230,5298,-3318,30,5831,292681650,2115,292681670,2115,155,2,4,52,2574,6,-18,2572
29542510,3204,507991399,55233207,5298,-3318,29,5831,292681650,2115,292681680,2115,154,2,-7,24,2543,-4,-44,2540
29551815,3204,507991423,55233183,5298,-3317,29,5831,292681650,2115,292681690,2115,153,1,15,16,2499,17,-51,2497
29562214,3203,507991447,55233160,5298,-3317,29,5831,292681650,2115,292681700,2115,152,1,-19,38,2484,-17,-28,2482
29573248,3203,507991471,55233137,5298,-3316,30,5831,292681650,2115,292681710,2115,151,1,-14,-10,2483,-11,-76,2480
29582184,3202,507991494,55233112,5298,-3316,30,5831,292681700,2115,292681720,2115,149,1,-1,15,2461,1,-50,2459
29591919,3201,507991518,55233089,5299,-3316,29,5831,292681700,2115,292681730,2115,148,1,20,78,2565,22,12,2564
29601809,3201,507991542,55233066,5299,-3316,30,5831,292681700,2115,292681740,2115,147,1,25,-2,2463,27,-65,2461
29611813,3200,507991566,55233043,5299,-3316,30,5831,292681700,2115,292681750,2115,146,1,20,52,2446,22,-11,2445
29622669,3200,507991590,55233019,5299,-3315,31,5831,292681700,2115,292681760,2115,145,2,-17,3,2424,-14,-59,2421
29631972,3199,507991613,55232995,5299,-3315,31,5831,292681750,2115,292681770,2115,145,2,-40,11,2512,-37,-54,2510
29642318,3198,507991637,55232972,5299,-3314,31,5831,292681750,2115,292681780,2115,145,3,-43,-24,2508,-40,-88,2504
29651814,3197,507991661,55232948,5300,-3314,30,5831,292681750,2115,292681790,2115,145,3,-2,-8,2573,2,-73,2571
29661831,3197,507991685,55232925,5300,-3314,30,5831,292681750,2115,292681800,2115,145,4,31,28,2540,34,-36,2538
29672078,3196,507991709,55232902,5301,-3313,30,5831,292681750,2115,292681810,2115,144,4,12,-8,2519,16,-71,2516
29681962,3196,507991733,55232877,5300,-3313,30,5831,292681800,2115,292681820,2115,144,5,-31,8,2490,-27,-55,2488
29691890,3195,507991756,55232854,5301,-3312,30,5831,292681800,2115,292681830,2115,145,6,-21,-49,2456,-17,-111,2452
29701827,3194,507991780,55232831,5301,-3311,31,5831,292681800,2115,292681840,2115,146,6,-50,-14,2361,-45,-74,2359
29711805,3194,507991804,55232808,5301,-3310,32,5831,292681800,2115,292681850,2115,147,7,-33,-90,2371,-28,-151,2366
29722698,3193,507991828,55232784,5302,-3310,32,5831,292681800,2115,292681860,2115,147,8,27,8,2487,32,-56,2485
29732442,3193,507991852,55232760,5302,-3310,33,5831,292681850,2115,292681870,2115,148,8,31,-20,2496,36,-84,2493
29741898,3192,507991875,55232737,5303,-3309,32,5831,292681850,2115,292681880,2115,148,8,24,-67,2585,30,-134,2580
29751851,3192,507991899,55232713,5304,-3308,32,5831,292681850,2115,292681890,2115,148,8,25,-69,2544,31,-135,2539
29761813,3191,507991923,55232690,5304,-3308,32,5831,292681850,2115,292681900,2115,149,8,-60,43,2469,-55,-22,2467
29773213,3190,507991947,55232667,5304,-3307,33,5831,292681850,2115,292681910,2115,149,9,-57,-76,2386,-51,-139,2381
29781973,3190,507991971,55232642,5304,-3306,34,5831,292681900,2115,292681920,2115,150,9,-60,-21,2325,-54,-83,2322
29791940,3189,507991995,55232619,5304,-3305,35,5831,292681900,2115,292681930,2115,151,9,-10,-11,2348,-4,-74,2345
29802735,3189,507992019,55232596,5305,-3305,35,5831,292681900,2115,292681940,2115,152,10,12,-47,2564,19,-115,2560
29811804,3188,507992042,55232573,5305,-3304,35,5831,292681900,2115,292681950,2115,153,10,34,-9,2504,41,-76,2501
29823201,3188,507992066,55232550,5306,-3304,34,5831,292681900,2115,292681960,2115,154,10,9,-66,2566,16,-136,2561
29832314,3187,507992090,55232525,5306,-3303,34,5831,292681950,2115,292681970,2115,154,10,-69,-34,2567,-62,-104,2563
29841881,3186,507992114,55232502,5306,-3302,34,5831,292681950,2115,292681980,2115,155,11,-94,-18,2530,-87,-88,2527
29851810,3185,507992138,55232479,5306,-3301,34,5831,292681950,2115,292681990,2115,156,12,-81,-55,2487,-74,-124,2483
29861829,3185,507992162,55232456,5306,-3300,34,5831,292681950,2115,292682000,2115,157,13,-48,-40,2458,-40,-108,2454
29872129,3184,507992186,55232433,5306,-3299,35,5831,292681950,2115,292682010,2115,158,14,-20,13,2461,-13,-56,2458
29882743,3184,507992209,55232408,5307,-3299,35,5831,292682000,2115,292682020,2115,159,14,37,-58,2446,45,-126,2441
29891884,3183,507992233,55232385,5307,-3298,35,5831,292682000,2115,292682030,2115,160,15,-14,-37,2492,-5,-107,2488
29901849,3182,507992257,55232362,5308,-3297,35,5831,292682000,2115,292682040,2115,162,15,-16,-71,2498,-7,-142,2494
29911809,3181,507992281,55232339,5308,-3296,36,5831,292682000,2115,292682050,2115,162,15,-40,-25,2448,-31,-95,2445
29922046,3181,507992305,55232316,5308,-3295,36,5831,292682000,2115,292682060,2115,163,16,-41,-42,2401,-32,-111,2397
29933674,3180,507992329,55232291,5308,-3295,37,5831,292682050,2115,292682070,2115,164,16,-49,36,2430,-40,-34,2428
29941922,3180,507992352,55232268,5308,-3294,38,5831,292682050,2115,292682080,2115,165,17,-25,26,2418,-16,-44,2416
29951850,3179,507992376,55232245,5309,-3293,38,5831,292682050,2115,292682090,2115,165,18,-20,-118,2472,-10,-189,2466
29962967,3179,507992400,55232222,5309,-3293,38,5831,292682050,2115,292682100,2115,166,18,-42,17,2480,-32,-56,2478
29973644,3178,507992424,55232199,5309,-3292,39,5831,292682050,2115,292682110,2115,166,19,-12,-68,2456,-2,-139,2451
29981957,3177,507992448,55232175,5310,-3291,39,5831,292682100,2115,292682120,2115,166,19,-42,-24,2492,-32,-97,2489
29991886,3177,507992472,55232151,5310,-3290,39,5831,292682100,2115,292682130,2115,165,20,-62,8,2486,-51,-64,2484
30001827,3176,507992496,55232128,5310,-3290,39,5831,292682100,2115,292682140,2115,164,21,-36,38,2427,-25,-32,2425
30011825,3176,507992520,55232105,5310,-3289,40,5831,292682100,2115,292682150,2115,164,22,-58,-1,2462,-47,-72,2459
30023060,3175,507992543,55232082,5310,-3289,40,5831,292682100,2115,292682160,2115,163,23,-34,-1,2456,-22,-72,2453
30031994,3174,507992567,55232058,5310,-3288,41,5831,292682150,2115,292682170,2115,162,24,-21,-56,2353,-9,-124,2348
30041880,3173,507992591,55232035,5310,-3287,42,5831,292682150,2115,292682180,2115,161,25,-26,-27,2397,-13,-95,2394
30051823,3173,507992615,55232012,5310,-3287,42,5831,292682150,2115,292682190,2115,160,25,-40,24,2462,-27,-45,2460
30061984,3172,507992639,55231989,5311,-3287,43,5831,292682150,2115,292682200,2115,159,26,-28,38,2469,-15,-31,2468
30072062,3171,507992663,55231966,5311,-3286,43,5831,292682150,2115,292682210,2115,157,26,-46,-18,2451,-33,-86,2448
30081958,3171,507992687,55231941,5311,-3285,43,5831,292682200,2115,292682220,2115,156,27,-14,-37,2494,0,-106,2491
30091903,3170,507992711,55231918,5311,-3285,44,5831,292682200,2115,292682230,2115,155,27,-18,32,2453,-5,-35,2451
30101820,3169,507992734,55231895,5312,-3284,44,5831,292682200,2115,292682240,2115,154,26,14,-58,2452,27,-125,2448
30111837,3168,507992758,55231872,5312,-3284,44,5831,292682200,2115,292682250,2115,153,26,-27,-1,2458,-14,-67,2455
30122081,3167,507992782,55231849,5312,-3283,46,5831,292682200,2115,292682260,2115,151,26,-65,18,2324,-53,-44,2322
30131964,3167,507992806,55231825,5312,-3283,46,5831,292682250,2115,292682270,2115,150,25,-32,-9,2418,-19,-72,2415
30141894,3166,507992830,55231802,5312,-3282,47,5831,292682250,2115,292682280,2115,149,25,-49,-6,2440,-37,-70,2438
30151803,3165,507992854,55231779,5313,-3281,46,5831,292682250,2115,292682290,2115,148,24,13,-94,2556,27,-161,2551
30162046,3164,507992878,55231756,5313,-3280,45,5831,292682250,2115,292682300,2115,148,23,4,-25,2644,17,-94,2640
30172049,3163,507992902,55231733,5313,-3280,45,5831,292682250,2115,292682310,2115,147,23,-47,10,2596,-35,-58,2593
30182385,3162,507992925,55231709,5314,-3279,44,5831,292682300,2115,292682320,2115,146,22,-53,-95,2569,-41,-161,2564
30191871,3161,507992949,55231686,5313,-3278,43,5831,292682300,2115,292682330,2115,145,21,-113,-26,2627,-101,-94,2624
30201821,3160,507992973,55231663,5313,-3277,43,5831,292682300,2115,292682340,2115,145,21,-100,-22,2486,-88,-86,2483
30211817,3159,507992997,55231640,5313,-3276,43,5831,292682300,2115,292682350,2115,145,20,-34,-13,2517,-24,-77,2514
30222396,3158,507993021,55231617,5314,-3275,43,5831,292682300,2115,292682360,2115,145,20,4,-114,2507,15,-178,2502
30231970,3157,507993045,55231592,5314,-3275,43,5831,292682350,2115,292682370,2115,145,19,-23,3,2467,-13,-60,2464
30241805,3156,507993069,55231569,5315,-3274,43,5831,292682350,2115,292682380,2115,145,18,-5,-55,2588,6,-121,2584
30251805,3155,507993093,55231546,5315,-3272,42,5831,292682350,2115,292682390,2115,145,17,-55,-156,2648,-44,-224,2642
30261806,3154,507993116,55231523,5315,-3272,41,5831,292682350,2115,292682400,2115,145,17,-57,34,2576,-48,-31,2575
30272096,3153,507993140,55231501,5315,-3271,41,5831,292682350,2115,292682410,2115,145,16,-65,-71,2537,-56,-135,2533
30282279,3152,507993164,55231476,5316,-3270,40,5831,292682400,2115,292682420,2115,145,15,-58,-59,2609,-49,-125,2605
30291810,3151,507993188,55231453,5316,-3268,39,5831,292682400,2115,292682430,2115,146,14,-6,-94,2595,2,-160,2589
30302025,3150,507993212,55231430,5317,-3268,38,5831,292682400,2115,292682440,2115,148,13,-31,-60,2620,-23,-128,2615
30311834,3148,507993236,55231408,5317,-3267,38,5831,292682400,2115,292682450,2115,149,13,-47,-48,2552,-39,-115,2548
30322138,3147,507993260,55231385,5318,-3265,38,5831,292682400,2115,292682460,2115,150,12,-41,-172,2581,-33,-240,2573
30332200,3146,507993284,55231360,5318,-3264,36,5831,292682450,2115,292682470,2115,151,11,-50,-90,2664,-43,-160,2659
30341804,3146,507993308,55231338,5318,-3263,35,5831,292682450,2115,292682480,2115,152,10,-29,-62,2664,-22,-133,2659
30351827,3145,507993331,55231315,5319,-3262,34,5831,292682450,2115,292682490,2115,154,9,-14,-16,2629,-8,-87,2625
30362316,3144,507993355,55231292,5319,-3261,33,5831,292682450,2115,292682500,2115,155,9,-63,-119,2594,-57,-189,2588
30372401,3143,507993379,55231269,5319,-3259,33,5831,292682450,2115,292682510,2115,157,8,-83,-152,2573,-76,-223,2567
30381973,3142,507993403,55231245,5320,-3257,33,5831,292682500,2115,292682520,2115,158,8,-90,-118,2530,-84,-189,2524
30391884,3141,507993427,55231222,5320,-3256,32,5831,292682500,2115,292682530,2115,160,9,-39,-48,2620,-33,-122,2615
30401813,3140,507993451,55231199,5320,-3255,31,5831,292682500,2115,292682540,2115,161,9,-13,-72,2601,-7,-146,2596
30411815,3140,507993475,55231176,5321,-3254,30,5831,292682500,2115,292682550,2115,161,9,-11,-102,2624,-5,-176,2618
30422059,3139,507993499,55231153,5322,-3253,29,5831,292682500,2115,292682560,2115,162,9,-39,-90,2587,-33,-164,2581
30431981,3139,507993523,55231129,5321,-3252,29,5831,292682550,2115,292682570,2115,163,10,-85,-14,2563,-79,-88,2560
30441880,3138,507993547,55231107,5322,-3251,29,5831,292682550,2115,292682580,2115,164,10,-76,-90,2482,-69,-162,2476
30451804,3137,507993571,55231084,5322,-3249,29,5831,292682550,2115,292682590,2115,164,11,-70,-94,2472,-62,-165,2467
30461809,3137,507993595,55231061,5322,-3248,29,5831,292682550,2115,292682600,2115,165,12,-33,-45,2502,-25,-118,2498
30472081,3136,507993618,55231038,5322,-3248,29,5831,292682550,2115,292682610,2115,164,13,-6,-9,2492,2,-81,2489
30482575,3136,507993642,55231014,5323,-3247,29,5831,292682600,2115,292682620,2115,164,13,-17,-21,2545,-9,-94,2541
30491885,3135,507993666,55230991,5323,-3246,29,5832,292682600,2115,292682630,2115,164,14,-41,-77,2480,-33,-148,2475
30501797,3135,507993690,55230969,5323,-3245,30,5832,292682600,2115,292682640,2115,164,15,-76,-38,2457,-67,-109,2453
30512059,3134,507993714,55230946,5323,-3244,30,5832,292682600,2115,292682650,2115,163,16,-47,-60,2414,-38,-129,2410
30522061,3133,507993738,55230923,5323,-3244,31,5832,292682600,2115,292682660,2115,163,17,-66,62,2440,-57,-8,2439
30531963,3133,507993762,55230899,5323,-3243,31,5832,292682650,2115,292682670,2115,162,17,-46,-36,2478,-37,-107,2474
30542022,3132,507993786,55230876,5324,-3242,31,5832,292682650,2115,292682680,2115,161,18,-13,3,2550,-3,-70,2547
30551810,3132,507993810,55230854,5324,-3242,31,5832,292682650,2115,292682690,2115,160,18,-13,8,2476,-3,-62,2474
30561808,3131,507993834,55230831,5324,-3241,31,5832,292682650,2115,292682700,2115,160,18,-59,-20,2495,-48,-90,2491
30572652,3130,507993858,55230808,5324,-3240,32,5832,292682650,2115,292682710,2115,159,19,-71,-35,2379,-61,-102,2375
30581989,3130,507993882,55230784,5324,-3240,33,5832,292682700,2115,292682720,2115,159,19,-66,14,2362,-56,-52,2360
30591890,3129,507993906,55230761,5323,-3239,34,5832,292682700,2115,292682730,2115,158,19,-63,39,2394,-53,-28,2393
30602559,3128,507993929,55230739,5324,-3239,34,5832,292682700,2115,292682740,2115,158,20,-31,-20,2503,-21,-90,2500
30611827,3128,507993953,55230716,5323,-3238,34,5832,292682700,2115,292682750,2115,158,20,-50,34,2541,-39,-37,2539
30622372,3127,507993977,55230693,5324,-3237,33,5832,292682700,2115,292682760,2115,158,19,-3,-58,2514,7,-127,2509
30632664,3126,507994001,55230669,5324,-3237,34,5832,292682750,2115,292682770,2115,158,19,-71,9,2469,-60,-60,2467
30641875,3126,507994025,55230647,5324,-3236,35,5832,292682750,2115,292682780,2115,158,19,-98,-20,2376,-88,-86,2373
30651815,3125,507994049,55230624,5323,-3235,35,5832,292682750,2115,292682790,2115,158,20,-110,27,2483,-99,-42,2481
30661973,3124,507994073,55230601,5323,-3234,35,5832,292682750,2115,292682800,2115,159,20,-92,8,2449,-82,-61,2447
30673204,3124,507994097,55230579,5323,-3234,35,5832,292682750,2115,292682810,2115,159,20,-14,-1,2538,-4,-72,2535
30681990,3123,507994121,55230555,5324,-3233,35,5832,292682800,2115,292682820,2115,160,19,-3,-84,2509,8,-154,2504
30692204,3122,507994145,55230532,5324,-3232,35,5832,292682800,2115,292682830,2115,161,19,-35,9,2532,-24,-63,2529
30701825,3122,507994169,55230509,5324,-3231,35,5832,292682800,2115,292682840,2115,162,18,-79,-59,2495,-68,-131,2491
30711810,3121,507994193,55230487,5324,-3230,35,5832,292682800,2115,292682850,2115,163,18,-104,0,2479,-94,-72,2476
30722643,3121,507994217,55230464,5323,-3230,36,5832,292682800,2115,292682860,2115,164,18,-107,41,2397,-98,-29,2396
30731954,3120,507994240,55230440,5323,-3229,36,5832,292682850,2115,292682870,2115,165,17,-48,-45,2421,-38,-115,2417
30741903,3120,507994264,55230417,5323,-3228,36,5832,292682850,2115,292682880,2115,165,17,-55,-20,2522,-46,-94,2519
30752198,3120,507994288,55230395,5323,-3227,36,5832,292682850,2115,292682890,2115,166,17,1,-43,2568,11,-118,2563
30761827,3119,507994312,55230372,5323,-3227,35,5832,292682850,2115,292682900,2115,167,16,-48,30,2588,-39,-47,2586
30772052,3119,507994336,55230350,5323,-3225,35,5832,292682850,2115,292682910,2115,168,16,-81,-67,2481,-72,-140,2476
30782531,3118,507994360,55230326,5323,-3224,35,5832,292682900,2115,292682920,2115,169,16,-116,-1,2487,-108,-76,2485
30791892,3118,507994384,55230303,5323,-3223,36,5832,292682900,2115,292682930,2115,170,16,-126,5,2456,-117,-69,2454
30801843,3118,507994408,55230280,5323,-3222,35,5832,292682900,2115,292682940,2115,171,15,-64,-33,2543,-55,-110,2539
30812043,3118,507994432,55230258,5323,-3222,35,5832,292682900,2115,292682950,2115,171,15,-53,18,2520,-44,-58,2517
30822144,3117,507994456,55230235,5323,-3222,35,5832,292682900,2115,292682960,2115,172,15,-16,47,2537,-7,-30,2535
30831963,3117,507994480,55230211,5323,-3220,35,5832,292682950,2115,292682970,2115,172,15,-70,-101,2518,-61,-178,2512
30841881,3116,507994503,55230189,5323,-3219,35,5832,292682950,2115,292682980,2115,172,15,-91,-27,2438,-82,-101,2435
30851807,3116,507994527,55230166,5322,-3219,36,5832,292682950,2115,292682990,2115,171,15,-108,70,2461,-99,-4,2461
30861821,3116,507994551,55230144,5322,-3218,36,5832,292682950,2115,292683000,2115,171,15,-103,-5,2416,-95,-78,2413
30873027,3116,507994575,55230121,5322,-3217,37,5832,292682950,2115,292683010,2115,171,16,-64,43,2448,-56,-30,2447
30881950,3115,507994599,55230097,5322,-3217,37,5832,292683000,2115,292683020,2115,171,16,-43,-36,2547,-34,-113,2543
30891866,3115,507994623,55230075,5322,-3216,37,5832,292683000,2115,292683030,2115,171,17,-45,37,2487,-35,-38,2485
30902162,3114,507994647,55230052,5322,-3216,37,5832,292683000,2115,292683040,2115,171,17,-83,2,2464,-74,-73,2461
30911801,3114,507994671,55230030,5321,-3214,37,5832,292683000,2115,292683050,2115,171,18,-99,-21,2553,-89,-98,2550
30923237,3114,507994695,55230007,5321,-3213,37,5832,292683000,2115,292683060,2115,171,18,-97,-29,2470,-87,-103,2467
30932373,3113,507994719,55229983,5321,-3213,37,5832,292683050,2115,292683070,2115,171,19,-77,73,2476,-67,-2,2476
30941896,3113,507994743,55229961,5320,-3213,37,5832,292683050,2115,292683080,2115,170,19,-67,88,2457,-58,14,2457
30951809,3113,507994767,55229938,5321,-3212,38,5832,292683050,2115,292683090,2115,170,20,-26,-1,2456,-16,-75,2453
30962469,3112,507994790,55229916,5320,-3212,38,5832,292683050,2115,292683100,2115,170,20,-83,59,2484,-73,-15,2483
30972095,3112,507994814,55229893,5320,-3211,38,5832,292683050,2115,292683110,2115,169,20,-63,-35,2538,-53,-110,2534
30981961,3111,507994838,55229869,5320,-3210,38,5832,292683100,2115,292683120,2115,169,20,-66,-24,2473,-56,-97,2469
30992492,3111,507994862,55229847,5320,-3210,38,5832,292683100,2115,292683130,2115,169,20,-80,69,2464,-70,-5,2463
31001816,3110,507994886,55229824,5319,-3210,38,5832,292683100,2115,292683140,2115,168,20,-81,80,2466,-71,6,2465
31011827,3110,507994910,55229802,5319,-3209,38,5832,292683100,2115,292683150,2115,167,20,-80,71,2504,-69,-3,2503
31022324,3110,507994934,55229779,5319,-3209,38,5832,292683100,2115,292683160,2115,167,20,-50,3,2602,-39,-73,2599
31031947,3109,507994958,55229756,5319,-3208,37,5832,292683150,2115,292683170,2115,167,20,-67,-21,2556,-57,-96,2553
31041897,3109,507994982,55229733,5318,-3208,37,5832,292683150,2115,292683180,2115,166,20,-94,66,2506,-84,-8,2505
31051894,3108,507995006,55229711,5318,-3207,37,5832,292683150,2115,292683190,2115,166,20,-92,20,2466,-81,-52,2464
31061829,3108,507995030,55229688,5318,-3206,37,5832,292683150,2115,292683200,2115,165,20,-76,-21,2514,-65,-94,2511
31072139,3107,507995053,55229666,5318,-3206,37,5832,292683150,2115,292683210,2115,164,20,-75,70,2545,-65,-4,2545
31082906,3107,507995077,55229642,5317,-3206,37,5832,292683200,2115,292683220,2115,164,20,-66,90,2524,-56,17,2524
31091875,3106,507995101,55229619,5317,-3205,36,5832,292683200,2115,292683230,2115,164,20,-71,-39,2551,-60,-112,2547
31101845,3106,507995125,55229597,5318,-3203,36,5832,292683200,2115,292683240,2115,163,20,-58,-112,2567,-47,-186,2561
31111885,3105,507995149,55229574,5317,-3203,36,5832,292683200,2115,292683250,2115,163,19,-93,93,2506,-83,21,2506
31122308,3105,507995173,55229552,5316,-3203,36,5832,292683200,2115,292683260,2115,162,19,-70,94,2479,-60,23,2479
31131969,3104,507995197,55229528,5317,-3202,37,5832,292683250,2115,292683270,2115,161,19,-75,-66,2431,-64,-135,2427
31142422,3104,507995221,55229506,5316,-3201,37,5832,292683250,2115,292683280,2115,161,19,-111,43,2491,-102,-28,2489
31151822,3103,507995245,55229483,5316,-3200,37,5832,292683250,2115,292683290,2115,161,19,-67,-5,2524,-57,-76,2521
31161816,3103,507995268,55229461,5316,-3200,37,5832,292683250,2115,292683300,2115,160,19,-61,57,2501,-52,-14,2500
31173036,3102,507995292,55229438,5316,-3199,36,5832,292683250,2115,292683310,2115,160,18,-79,-46,2535,-69,-118,2531
31181956,3102,507995316,55229415,5316,-3198,36,5832,292683300,2115,292683320,2115,160,18,-69,-48,2580,-59,-120,2576
31191891,3102,507995340,55229392,5315,-3198,35,5832,292683300,2115,292683330,2115,160,18,-102,86,2564,-92,13,2564
31202455,3101,507995364,55229370,5314,-3197,35,5832,292683300,2115,292683340,2115,159,18,-103,70,2556,-93,-1,2555
31211811,3101,507995388,55229347,5314,-3196,35,5832,292683300,2115,292683350,2115,158,18,-79,-22,2507,-69,-92,2504
31223185,3100,507995412,55229325,5314,-3195,35,5832,292683300,2115,292683360,2115,158,18,-87,-24,2530,-77,-94,2527
31231981,3100,507995436,55229301,5314,-3195,35,5832,292683350,2115,292683370,2115,158,17,-69,-23,2522,-60,-94,2519
31241870,3099,507995460,55229279,5314,-3194,35,5832,292683350,2115,292683380,2115,158,17,-77,63,2487,-68,-6,2486
31251824,3099,507995483,55229257,5313,-3193,35,5832,292683350,2115,292683390,2115,157,17,-89,-23,2503,-79,-92,2500
31262705,3098,507995507,55229234,5313,-3193,34,5832,292683350,2115,292683400,2115,156,16,-73,-9,2545,-63,-79,2542
31272054,3098,507995531,55229212,5313,-3192,34,5832,292683350,2115,292683410,2115,156,16,-103,48,2564,-94,-22,2563
31281956,3098,507995555,55229188,5313,-3191,33,5832,292683400,2115,292683420,2115,155,15,-76,5,2623,-67,-67,2620
31292726,3097,507995579,55229166,5313,-3190,32,5832,292683400,2115,292683430,2115,154,15,-69,-22,2561,-60,-92,2558
31301832,3097,507995603,55229143,5313,-3189,32,5832,292683400,2115,292683440,2115,154,15,-85,-50,2606,-76,-121,2602
31311828,3096,507995627,55229121,5312,-3189,32,5832,292683400,2115,292683450,2115,154,14,-100,62,2500,-92,-7,2499
31322249,3096,507995651,55229099,5312,-3188,31,5832,292683400,2115,292683460,2115,154,14,-76,28,2594,-67,-42,2592
31331972,3095,507995674,55229075,5311,-3188,30,5832,292683450,2115,292683470,2115,153,14,-97,-6,2602,-88,-77,2600
31341902,3095,507995698,55229053,5311,-3187,29,5832,292683450,2115,292683480,2115,153,13,-76,-12,2614,-67,-82,2611
31352479,3095,507995722,55229030,5311,-3186,29,5832,292683450,2115,292683490,2115,152,13,-90,-13,2554,-82,-82,2551
31361803,3094,507995746,55229008,5310,-3186,28,5832,292683450,2115,292683500,2115,152,13,-95,65,2574,-87,-4,2573
31372161,3094,507995770,55228986,5310,-3185,28,5832,292683450,2115,292683510,2115,152,13,-66,-24,2578,-58,-93,2575
31381961,3093,507995794,55228962,5310,-3183,27,5832,292683500,2115,292683520,2115,151,13,-92,-50,2544,-84,-118,2540
31391887,3093,507995818,55228940,5310,-3183,27,5832,292683500,2115,292683530,2115,151,13,-117,60,2573,-110,-9,2572
31401799,3093,507995841,55228917,5309,-3182,26,5832,292683500,2115,292683540,2115,150,13,-78,17,2556,-70,-51,2553
31411800,3093,507995865,55228895,5309,-3182,26,5832,292683500,2115,292683550,2115,149,13,-86,28,2560,-78,-39,2558
31422106,3092,507995889,55228873,5309,-3181,26,5832,292683500,2115,292683560,2115,149,13,-49,-20,2564,-41,-87,2561
31432014,3092,507995913,55228849,5309,-3181,25,5832,292683550,2115,292683570,2115,148,13,-77,19,2518,-70,-46,2516
31441882,3091,507995937,55228827,5308,-3180,25,5832,292683550,2115,292683580,2115,147,13,-94,65,2487,-87,0,2487
31451843,3091,507995961,55228805,5308,-3179,26,5832,292683550,2115,292683590,2115,146,14,-94,-37,2435,-86,-100,2431
31461812,3091,507995985,55228782,5307,-3179,26,5832,292683550,2115,292683600,2115,145,14,-127,72,2472,-119,9,2471
31472092,3090,507996008,55228760,5307,-3178,27,5832,292683550,2115,292683610,2115,144,15,-65,17,2445,-57,-45,2443
31481966,3090,507996032,55228736,5307,-3178,26,5832,292683600,2115,292683620,2115,142,15,-55,3,2534,-46,-61,2532
31491884,3089,507996056,55228714,5307,-3177,26,5832,292683600,2115,292683630,2115,142,16,-64,47,2495,-55,-16,2494
31501827,3089,507996080,55228692,5306,-3177,26,5832,292683600,2115,292683640,2115,141,16,-82,60,2507,-74,-3,2506
31511847,3088,507996104,55228670,5306,-3176,27,5833,292683600,2115,292683650,2115,141,16,-95,-72,2464,-86,-133,2460
31522781,3088,507996128,55228647,5306,-3175,27,5833,292683600,2115,292683660,2115,140,17,-87,4,2433,-78,-56,2430
31532811,3087,507996151,55228624,5305,-3175,28,5833,292683650,2115,292683670,2115,139,17,-88,43,2368,-79,-15,2367
31541895,3087,507996175,55228602,5305,-3174,29,5833,292683650,2115,292683680,2115,139,18,-82,57,2440,-72,-3,2439
31552505,3087,507996199,55228579,5305,-3174,29,5833,292683650,2115,292683690,2115,139,18,-81,-19,2460,-72,-79,2458
31561820,3086,507996223,55228557,5304,-3173,30,5833,292683650,2115,292683700,2115,139,18,-42,23,2444,-33,-37,2442
31572222,3086,507996247,55228535,5304,-3172,30,5833,292683650,2115,292683710,2115,139,18,-95,-20,2482,-85,-81,2479
31581963,3085,507996271,55228511,5304,-3172,30,5833,292683700,2115,292683720,2115,140,18,-109,-14,2415,-100,-75,2413
31591889,3084,507996295,55228489,5303,-3171,31,5833,292683700,2115,292683730,2115,141,18,-121,29,2430,-112,-32,2428
31601806,3084,507996318,55228467,5303,-3170,32,5833,292683700,2115,292683740,2115,142,18,-91,-9,2408,-81,-69,2405
31612361,3083,507996342,55228445,5303,-3170,32,5833,292683700,2115,292683750,2115,143,18,-48,7,2468,-38,-55,2465
31622892,3083,507996366,55228422,5303,-3169,33,5833,292683700,2115,292683760,2115,144,19,-71,-30,2429,-61,-92,2426
31631959,3082,507996390,55228399,5302,-3168,32,5833,292683750,2115,292683770,2115,146,18,-81,10,2507,-71,-54,2505
31641880,3082,507996414,55228377,5302,-3167,33,5833,292683750,2115,292683780,2115,147,18,-97,-69,2446,-87,-133,2442
31651824,3081,507996437,55228354,5302,-3166,33,5833,292683750,2115,292683790,2115,148,18,-90,-39,2480,-80,-104,2477
31661813,3081,507996461,55228332,5302,-3165,34,5833,292683750,2115,292683800,2115,149,18,-127,23,2440,-117,-42,2439
31672058,3081,507996485,55228310,5302,-3164,34,5833,292683750,2115,292683810,2115,150,18,-92,-50,2431,-82,-115,2428
31681989,3080,507996509,55228287,5301,-3163,35,5833,292683800,2115,292683820,2115,151,18,-86,-6,2444,-76,-71,2442
31691880,3080,507996533,55228264,5302,-3162,35,5833,292683800,2115,292683830,2115,151,18,-65,-66,2405,-55,-131,2401
31701812,3080,507996557,55228242,5301,-3161,37,5833,292683800,2115,292683840,2115,152,19,-87,40,2365,-78,-23,2364
31711806,3079,507996580,55228220,5301,-3161,37,5833,292683800,2115,292683850,2115,153,19,-85,-10,2381,-75,-75,2378
31722052,3079,507996604,55228198,5301,-3159,38,5833,292683800,2115,292683860,2115,153,19,-104,-55,2484,-93,-122,2480
31731970,3079,507996628,55228174,5301,-3159,38,5833,292683850,2115,292683870,2115,153,19,-72,6,2501,-62,-62,2499
31742362,3078,507996652,55228152,5301,-3158,38,5833,292683850,2115,292683880,2115,152,19,-57,26,2535,-47,-42,2533
31751816,3078,507996676,55228130,5300,-3158,38,5833,292683850,2115,292683890,2115,151,19,-93,22,2472,-83,-44,2470
31761815,3078,507996700,55228108,5300,-3157,38,5833,292683850,2115,292683900,2115,150,19,-104,47,2526,-94,-20,2525
31772973,3077,507996723,55228086,5299,-3157,38,5833,292683850,2115,292683910,2115,149,19,-103,0,2486,-93,-66,2483
31781963,3077,507996747,55228062,5299,-3155,38,5833,292683900,2115,292683920,2115,148,19,-99,-56,2455,-89,-120,2452
31791887,3077,507996771,55228040,5298,-3156,39,5833,292683900,2115,292683930,2115,147,18,-88,144,2435,-79,80,2436
31801842,3076,507996795,55228018,5298,-3155,39,5833,292683900,2115,292683940,2115,146,18,-87,-5,2445,-78,-68,2443
31811813,3076,507996819,55227996,5298,-3154,39,5833,292683900,2115,292683950,2115,144,17,-67,20,2567,-57,-45,2565
31822333,3076,507996843,55227974,5298,-3153,38,5833,292683900,2115,292683960,2115,142,17,-47,-28,2549,-37,-92,2546
31831968,3075,507996866,55227951,5297,-3153,38,5833,292683950,2115,292683970,2115,140,16,-74,125,2547,-66,62,2548
31841884,3075,507996890,55227929,5297,-3153,37,5833,292683950,2115,292683980,2115,139,15,-115,16,2546,-107,-47,2544
31853202,3074,507996914,55227906,5296,-3152,37,5833,292683950,2115,292683990,2115,137,14,-137,22,2523,-129,-39,2522
31861807,3074,507996938,55227884,5295,-3151,37,5833,292683950,2115,292684000,2115,136,14,-123,18,2521,-115,-43,2519
31873238,3073,507996962,55227862,5295,-3150,37,5833,292683950,2115,292684010,2115,135,13,-87,1,2559,-79,-60,2557
31881962,3073,507996985,55227839,5294,-3151,36,5833,292684000,2115,292684020,2115,134,13,-93,98,2599,-86,36,2599
31891893,3072,507997009,55227817,5294,-3150,35,5833,292684000,2115,292684030,2115,133,13,-76,-12,2645,-68,-74,2642
31901833,3071,507997033,55227795,5294,-3149,33,5833,292684000,2115,292684040,2115,133,12,-103,28,2687,-96,-35,2685
31911821,3071,507997057,55227773,5293,-3148,32,5833,292684000,2115,292684050,2115,132,12,-87,-19,2637,-80,-81,2634
31922051,3070,507997081,55227750,5293,-3147,31,5833,292684000,2115,292684060,2115,133,11,-119,5,2652,-112,-57,2649
31931989,3069,507997104,55227727,5292,-3146,30,5833,292684050,2115,292684070,2115,133,11,-125,-18,2570,-117,-79,2567
31941910,3068,507997128,55227705,5292,-3146,30,5833,292684050,2115,292684080,2115,134,11,-99,-11,2542,-92,-71,2540
31951802,3068,507997152,55227683,5291,-3145,30,5833,292684050,2115,292684090,2115,135,11,-134,-22,2586,-126,-84,2583
31961811,3067,507997176,55227661,5292,-3144,28,5833,292684050,2115,292684100,2115,135,11,-59,-51,2651,-52,-115,2647
31972073,3066,507997199,55227639,5291,-3143,28,5833,292684050,2115,292684110,2115,136,11,-80,-3,2608,-73,-66,2606
31981961,3066,507997223,55227616,5292,-3142,27,5833,292684100,2115,292684120,2115,138,11,-53,-56,2586,-45,-119,2582
31991900,3065,507997247,55227594,5291,-3141,27,5833,292684100,2115,292684130,2115,139,11,-94,-80,2507,-87,-141,2502
32001805,3065,507997271,55227572,5291,-3139,27,5833,292684100,2115,292684140,2115,140,12,-122,-43,2473,-115,-105,2469
32011805,3064,507997295,55227550,5290,-3138,27,5833,292684100,2115,292684150,2115,141,12,-170,-19,2555,-163,-83,2552
32022283,3064,507997318,55227528,5290,-3137,25,5833,292684100,2115,292684160,2115,142,13,-137,-62,2743,-128,-131,2739
32032246,3064,507997342,55227504,5290,-3136,24,5833,292684150,2115,292684170,2115,142,13,-28,-5,2638,-20,-71,2635
32041910,3063,507997366,55227482,5291,-3135,23,5833,292684150,2115,292684180,2115,143,13,2,-47,2608,10,-113,2604
32051806,3063,507997390,55227460,5290,-3134,22,5833,292684150,2115,292684190,2115,143,13,-87,-43,2603,-79,-109,2600
32061804,3062,507997413,55227438,5290,-3133,23,5833,292684150,2115,292684200,2115,143,13,-123,-52,2462,-115,-114,2458
32072092,3062,507997437,55227416,5289,-3132,23,5833,292684150,2115,292684210,2115,143,14,-203,20,2404,-195,-41,2403
32081959,3062,507997461,55227393,5288,-3132,24,5833,292684200,2115,292684220,2115,143,15,-148,147,2412,-141,86,2414
32091891,3061,507997485,55227371,5289,-3131,24,5833,292684200,2115,292684230,2115,142,15,-31,-148,2552,-22,-211,2546
32101817,3061,507997509,55227349,5288,-3130,23,5833,292684200,2115,292684240,2115,141,16,-30,55,2529,-22,-8,2527
32111804,3061,507997532,55227327,5288,-3130,22,5833,292684200,2115,292684250,2115,140,16,-26,33,2638,-17,-32,2636
32122077,3060,507997556,55227305,5288,-3130,21,5833,292684200,2115,292684260,2115,139,15,-55,43,2625,-46,-21,2624
32131958,3060,507997580,55227282,5288,-3129,21,5833,292684250,2115,292684270,2115,138,16,-148,-42,2516,-139,-104,2513
32142743,3059,507997604,55227260,5287,-3127,22,5833,292684250,2115,292684280,2115,137,16,-184,-7,2437,-175,-67,2435
32151807,3059,507997627,55227238,5286,-3127,22,5833,292684250,2115,292684290,2115,136,17,-175,88,2409,-166,29,2409
32162488,3058,507997651,55227216,5285,-3127,23,5833,292684250,2115,292684300,2115,134,17,-85,45,2445,-76,-13,2444
32172729,3058,507997675,55227195,5285,-3126,23,5833,292684250,2115,292684310,2115,133,18,-20,-30,2512,-10,-89,2509
32181993,3057,507997699,55227171,5286,-3125,22,5833,292684300,2115,292684320,2115,132,18,-15,-34,2584,-5,-94,2580
32191892,3056,507997722,55227149,5286,-3125,22,5833,292684300,2115,292684330,2115,131,18,-54,16,2546,-44,-43,2544
32201810,3056,507997746,55227128,5285,-3124,22,5833,292684300,2115,292684340,2115,131,18,-172,36,2480,-163,-22,2479
32211826,3055,507997770,55227106,5284,-3123,23,5833,292684300,2115,292684350,2115,131,19,-137,-29,2407,-127,-85,2404
32222587,3054,507997794,55227084,5284,-3122,24,5833,292684300,2115,292684360,2115,131,19,-127,-14,2378,-117,-69,2375
32231951,3054,507997817,55227061,5283,-3122,24,5833,292684350,2115,292684370,2115,130,19,-82,8,2441,-71,-48,2439
32241891,3053,507997841,55227039,5283,-3121,25,5833,292684350,2115,292684380,2115,130,19,-60,-54,2453,-49,-110,2450
32251824,3053,507997865,55227017,5283,-3120,24,5833,292684350,2115,292684390,2115,130,20,-47,-39,2552,-36,-98,2549
32261820,3052,507997889,55226995,5283,-3119,25,5833,292684350,2115,292684400,2115,130,20,-57,-25,2423,-47,-81,2420
32272073,3051,507997912,55226973,5283,-3118,25,5833,292684350,2115,292684410,2115,130,20,-138,11,2457,-127,-46,2456
32281989,3051,507997936,55226950,5282,-3117,26,5833,292684400,2115,292684420,2115,131,20,-122,-65,2384,-111,-120,2380
32292692,3051,507997960,55226928,5282,-3116,27,5833,292684400,2115,292684430,2115,132,20,-124,6,2389,-113,-50,2387
32301813,3050,507997984,55226906,5281,-3116,28,5833,292684400,2115,292684440,2115,133,20,-96,29,2368,-86,-27,2367
32311812,3049,507998007,55226884,5281,-3114,28,5833,292684400,2115,292684450,2115,134,21,-69,-104,2482,-57,-163,2477
32322225,3049,507998031,55226863,5281,-3113,29,5833,292684400,2115,292684460,2115,136,21,-88,-73,2447,-77,-132,2443
32331966,3048,507998055,55226840,5282,-3112,29,5833,292684450,2115,292684470,2115,137,21,-67,-49,2444,-56,-108,2441
32341881,3048,507998079,55226818,5282,-3111,30,5833,292684450,2115,292684480,2115,138,21,-112,0,2412,-101,-59,2410
32352161,3047,507998102,55226796,5281,-3111,31,5833,292684450,2115,292684490,2115,139,21,-101,-25,2359,-90,-83,2356
32361815,3047,507998126,55226774,5281,-3109,32,5833,292684450,2115,292684500,2115,140,21,-114,-68,2393,-103,-127,2389
32372097,3046,507998150,55226752,5281,-3109,33,5833,292684450,2115,292684510,2115,141,22,-94,21,2384,-83,-39,2382
32382486,3046,507998174,55226729,5281,-3108,34,5833,292684500,2115,292684520,2115,142,22,-78,-48,2427,-67,-109,2423
32391878,3045,507998197,55226707,5281,-3106,35,5833,292684500,2115,292684530,2115,144,22,-91,-91,2352,-80,-151,2347
32401821,3044,507998221,55226686,5280,-3106,36,5833,292684500,2115,292684540,2115,145,22,-73,-7,2400,-62,-69,2397
32411923,3044,507998245,55226664,5280,-3105,37,5833,292684500,2115,292684550,2115,146,21,-77,-10,2378,-66,-71,2376
32422859,3043,507998269,55226642,5280,-3104,37,5833,292684500,2115,292684560,2115,147,21,-105,-37,2423,-93,-100,2419
32431955,3043,507998292,55226619,5280,-3103,37,5833,292684550,2115,292684570,2115,147,21,-76,-58,2470,-65,-122,2466
32442475,3042,507998316,55226597,5280,-3102,38,5833,292684550,2115,292684580,2115,148,21,-102,-18,2388,-92,-81,2385
32451824,3042,507998340,55226576,5279,-3101,39,5833,292684550,2115,292684590,2115,148,20,-106,7,2431,-95,-57,2429
32461817,3041,507998363,55226554,5279,-3100,40,5833,292684550,2115,292684600,2115,149,20,-94,-77,2379,-84,-140,2375
32472659,3040,507998387,55226532,5279,-3099,40,5833,292684550,2115,292684610,2115,150,20,-101,-36,2428,-90,-100,2424
32481952,3040,507998411,55226509,5279,-3098,41,5833,292684600,2115,292684620,2115,150,20,-91,-11,2437,-80,-76,2434
32491880,3039,507998435,55226487,5278,-3098,41,5833,292684600,2115,292684630,2115,150,20,-89,45,2466,-79,-21,2465
32501980,3038,507998458,55226466,5278,-3096,41,5833,292684600,2115,292684640,2115,150,20,-90,-99,2499,-78,-166,2494
32511811,3038,507998482,55226444,5278,-3095,41,5833,292684600,2115,292684650,2115,150,20,-110,7,2493,-99,-59,2490
32522646,3037,507998506,55226422,5278,-3094,42,5833,292684600,2115,292684660,2115,150,20,-108,-13,2477,-97,-79,2474
32531982,3036,507998530,55226399,5277,-3094,42,5833,292684650,2115,292684670,2115,150,20,-85,-1,2399,-75,-65,2397
32541885,3036,507998553,55226378,5277,-3093,43,5834,292684650,2115,292684680,2115,150,20,-108,33,2379,-98,-30,2377
32551820,3035,507998577,55226356,5277,-3092,44,5834,292684650,2115,292684690,2115,150,21,-93,-44,2456,-82,-109,2453
32562282,3034,507998601,55226334,5276,-3091,44,5834,292684650,2115,292684700,2115,149,21,-116,-10,2536,-105,-77,2533
32572402,3033,507998624,55226313,5276,-3090,43,5834,292684650,2115,292684710,2115,149,21,-79,-1,2514,-68,-67,2511
32581980,3033,507998648,55226290,5276,-3090,43,5834,292684700,2115,292684720,2115,148,21,-70,42,2533,-59,-24,2532
32592446,3032,507998672,55226268,5276,-3089,43,5834,292684700,2115,292684730,2115,148,20,-78,-50,2551,-67,-117,2547
32601814,3031,507998696,55226246,5276,-3088,42,5834,292684700,2115,292684740,2115,147,20,-93,-45,2561,-82,-111,2558
32611798,3030,507998719,55226225,5275,-3087,42,5834,292684700,2115,292684750,2115,146,19,-134,75,2510,-123,10,2510
32623195,3029,507998743,55226203,5275,-3086,43,5834,292684700,2115,292684760,2115,145,19,-100,-30,2455,-90,-93,2452
32632006,3029,507998767,55226180,5274,-3085,43,5834,292684750,2115,292684770,2115,144,19,-126,-52,2457,-116,-115,2454
32641894,3028,507998790,55226159,5274,-3084,43,5834,292684750,2115,292684780,2115,144,18,-76,10,2528,-66,-54,2526
32651861,3027,507998814,55226137,5274,-3084,42,5834,292684750,2115,292684790,2115,143,17,-59,-1,2612,-49,-67,2609
32661794,3026,507998838,55226115,5274,-3083,41,5834,292684750,2115,292684800,2115,142,17,-32,-10,2610,-23,-75,2607
32672071,3025,507998862,55226094,5274,-3082,40,5834,292684750,2115,292684810,2115,141,16,-97,-73,2621,-88,-138,2617
32681943,3025,507998885,55226071,5273,-3081,39,5834,292684800,2115,292684820,2115,141,15,-149,-5,2583,-140,-70,2581
32691869,3024,507998909,55226049,5272,-3080,38,5834,292684800,2115,292684830,2115,140,15,-162,39,2625,-154,-26,2623
32701815,3023,507998933,55226028,5272,-3079,37,5834,292684800,2115,292684840,2115,139,14,-106,-88,2701,-96,-155,2696
32712322,3022,507998956,55226006,5272,-3078,36,5834,292684800,2115,292684850,2115,138,14,-125,-5,2571,-117,-69,2568
32722055,3022,507998980,55225985,5272,-3077,36,5834,292684800,2115,292684860,2115,138,15,-85,-8,2577,-77,-70,2574
32731958,3021,507999004,55225962,5271,-3076,35,5834,292684850,2115,292684870,2115,138,15,-110,-98,2613,-101,-162,2609
32742030,3020,507999027,55225940,5271,-3075,33,5834,292684850,2115,292684880,2115,138,16,-92,-15,2701,-82,-80,2699
32751811,3019,507999051,55225919,5271,-3073,33,5834,292684850,2115,292684890,2115,138,16,-117,-74,2582,-107,-137,2578
32761803,3018,507999075,55225897,5271,-3072,31,5834,292684850,2115,292684900,2115,138,17,-104,-13,2679,-94,-79,2676
32772509,3018,507999098,55225876,5270,-3072,31,5834,292684850,2115,292684910,2115,139,17,-125,-14,2527,-116,-76,2525
32781991,3017,507999122,55225853,5270,-3070,30,5834,292684900,2115,292684920,2115,139,18,-119,-52,2681,-108,-118,2678
32791910,3016,507999146,55225831,5270,-3069,29,5834,292684900,2115,292684930,2115,140,18,-72,-95,2605,-61,-159,2600
32802516,3016,507999170,55225810,5270,-3068,29,5834,292684900,2115,292684940,2115,140,18,-69,-94,2498,-59,-156,2493
32811797,3015,507999193,55225788,5270,-3067,30,5834,292684900,2115,292684950,2115,141,19,-106,-18,2369,-96,-77,2366
32823075,3015,507999217,55225767,5269,-3066,31,5834,292684900,2115,292684960,2115,141,20,-137,-19,2364,-126,-78,2361
32832690,3014,507999241,55225744,5269,-3065,31,5834,292684950,2115,292684970,2115,142,21,-134,-25,2475,-123,-87,2472
32841873,3014,507999264,55225723,5270,-3063,30,5834,292684950,2115,292684980,2115,142,22,-32,-174,2652,-19,-240,2645
32851814,3013,507999288,55225701,5269,-3062,29,5834,292684950,2115,292684990,2115,143,23,-81,14,2650,-68,-53,2648
32861944,3013,507999312,55225680,5270,-3062,28,5834,292684950,2115,292685000,2115,143,23,-45,-21,2579,-32,-86,2576
32873206,3012,507999335,55225658,5269,-3060,28,5834,292684950,2115,292685010,2115,143,24,-133,-95,2623,-119,-162,2618
32881946,3012,507999359,55225635,5269,-3059,28,5834,292685000,2115,292685020,2115,144,25,-155,10,2470,-142,-53,2468
32892222,3011,507999383,55225614,5268,-3058,28,5834,292685000,2115,292685030,2115,144,26,-129,-8,2421,-116,-70,2419
32901819,3011,507999406,55225593,5267,-3057,30,5834,292685000,2115,292685040,2115,144,28,-160,-23,2353,-147,-83,2351
32911808,3010,507999430,55225571,5267,-3056,30,5834,292685000,2115,292685050,2115,145,29,-56,-23,2419,-42,-85,2416
32922185,3009,507999454,55225550,5268,-3056,31,5834,292685000,2115,292685060,2115,144,30,-30,-29,2465,-15,-92,2462
32931952,3009,507999477,55225527,5268,-3055,31,5834,292685050,2115,292685070,2115,144,30,-8,-2,2439,7,-64,2437
32941891,3008,507999501,55225506,5269,-3054,31,5834,292685050,2115,292685080,2115,144,31,-51,-92,2477,-35,-155,2473
32952254,3007,507999525,55225484,5268,-3053,32,5834,292685050,2115,292685090,2115,144,31,-137,16,2402,-122,-46,2401
32961813,3007,507999548,55225463,5267,-3053,33,5834,292685050,2115,292685100,2115,144,31,-157,61,2329,-143,1,2329
32972056,3006,507999572,55225441,5267,-3051,35,5834,292685050,2115,292685110,2115,144,32,-134,-65,2337,-119,-124,2334
32982486,3006,507999596,55225419,5267,-3050,35,5834,292685100,2115,292685120,2115,143,32,-75,-64,2425,-59,-126,2422
32991874,3005,507999619,55225397,5267,-3050,36,5834,292685100,2115,292685130,2115,143,32,-40,34,2423,-24,-27,2422
33001815,3004,507999643,55225376,5267,-3049,36,5834,292685100,2115,292685140,2115,142,32,-42,-36,2475,-26,-98,2472
33012479,3004,507999667,55225355,5267,-3048,37,5834,292685100,2115,292685150,2115,141,32,-88,-37,2440,-73,-98,2437
33022092,3003,507999691,55225333,5267,-3047,37,5834,292685100,2115,292685160,2115,141,32,-124,-63,2398,-109,-123,2394
33031982,3003,507999714,55225311,5266,-3047,38,5834,292685150,2115,292685170,2115,140,31,-121,59,2379,-106,0,2378
33043208,3002,507999738,55225289,5265,-3046,39,5834,292685150,2115,292685180,2115,139,31,-125,74,2375,-110,15,2375
33051822,3001,507999762,55225268,5265,-3046,40,5834,292685150,2115,292685190,2115,139,30,-87,34,2479,-72,-27,2477
33061828,3001,507999785,55225247,5265,-3044,40,5834,292685150,2115,292685200,2115,139,29,-30,-158,2437,-15,-217,2431
33072098,3000,507999809,55225225,5265,-3044,40,5834,292685150,2115,292685210,2115,138,28,-74,35,2473,-60,-25,2472
33081968,2999,507999833,55225203,5265,-3043,41,5834,292685200,2115,292685220,2115,138,27,-104,20,2420,-91,-39,2418
33091915,2999,507999856,55225181,5264,-3043,41,5834,292685200,2115,292685230,2115,137,26,-118,-4,2519,-105,-65,2516
33102397,2998,507999880,55225160,5264,-3042,42,5834,292685200,2115,292685240,2115,136,25,-105,-6,2429,-92,-65,2427
33111805,2998,507999904,55225139,5264,-3041,42,5834,292685200,2115,292685250,2115,135,24,-102,-51,2492,-89,-111,2489
33122622,2997,507999927,55225117,5263,-3040,42,5834,292685200,2115,292685260,2115,134,23,-91,17,2508,-79,-43,2506
33132825,2996,507999951,55225095,5263,-3039,41,5834,292685250,2115,292685270,2115,133,21,-81,-50,2567,-69,-111,2563
33141901,2996,507999974,55225074,5263,-3038,41,5834,292685250,2115,292685280,2115,132,19,-113,16,2556,-102,-44,2554
33151802,2995,507999998,55225052,5263,-3037,40,5834,292685250,2115,292685290,2115,131,18,-82,-61,2581,-72,-121,2577
33162162,2994,508000022,55225031,5262,-3036,39,5834,292685250,2115,292685300,2115,130,16,-107,-78,2623,-97,-138,2619
33172662,2994,508000045,55225010,5262,-3036,40,5834,292685250,2115,292685310,2115,129,15,-104,35,2436,-96,-21,2435
33181973,2993,508000069,55224987,5261,-3035,39,5834,292685300,2115,292685320,2115,128,13,-147,7,2528,-139,-51,2526
33191901,2993,508000093,55224966,5261,-3034,38,5834,292685300,2115,292685330,2115,127,12,-113,-24,2644,-106,-83,2641
33201816,2992,508000116,55224945,5261,-3032,37,5834,292685300,2115,292685340,2115,127,11,-58,-86,2653,-50,-146,2648
33211810,2991,508000140,55224923,5261,-3032,36,5834,292685300,2115,292685350,2115,126,9,-78,-33,2686,-71,-93,2683
33223167,2991,508000164,55224902,5260,-3031,35,5834,292685300,2115,292685360,2115,126,8,-107,-10,2664,-102,-70,2661
33231955,2990,508000187,55224880,5260,-3030,34,5834,292685350,2115,292685370,2115,125,7,-117,2,2591,-112,-56,2589
33241897,2989,508000211,55224858,5259,-3029,32,5834,292685350,2115,292685380,2115,124,6,-126,-61,2674,-121,-120,2670
33252766,2989,508000235,55224837,5259,-3027,31,5834,292685350,2115,292685390,2115,124,5,-131,-42,2733,-127,-102,2730
33261827,2988,508000258,55224816,5258,-3027,29,5834,292685350,2115,292685400,2115,123,4,-112,24,2680,-109,-34,2678
33272060,2988,508000282,55224795,5258,-3026,27,5834,292685350,2115,292685410,2115,123,3,-96,12,2785,-93,-49,2783
33282814,2987,508000305,55224772,5258,-3025,26,5834,292685400,2115,292685420,2115,123,2,-43,-132,2664,-40,-190,2659
33291875,2986,508000329,55224751,5258,-3024,25,5834,292685400,2115,292685430,2115,123,1,-67,-15,2631,-65,-73,2628
33301816,2986,508000353,55224730,5258,-3023,24,5834,292685400,2115,292685440,2115,123,0,-111,7,2578,-110,-49,2575
33311845,2986,508000376,55224709,5257,-3022,23,5834,292685400,2115,292685450,2115,123,-1,-176,26,2660,-174,-33,2658
33322885,2985,508000400,55224687,5256,-3021,21,5834,292685400,2115,292685460,2115,123,-2,-143,-63,2732,-142,-122,2728
33331954,2984,508000424,55224665,5256,-3020,19,5834,292685450,2115,292685470,2115,123,-2,-85,-47,2793,-84,-107,2789
33341892,2984,508000447,55224644,5256,-3019,17,5834,292685450,2115,292685480,2115,123,-4,-36,-11,2777,-36,-71,2774
33351831,2983,508000471,55224623,5256,-3018,15,5834,292685450,2115,292685490,2115,123,-5,-16,-77,2762,-16,-136,2758
33361787,2982,508000494,55224602,5256,-3017,13,5834,292685450,2115,292685500,2115,124,-6,-137,-11,2732,-138,-71,2729
33373287,2982,508000518,55224580,5255,-3016,12,5834,292685450,2115,292685510,2115,123,-6,-161,19,2604,-162,-39,2602
33381958,2981,508000542,55224558,5254,-3015,11,5834,292685500,2115,292685520,2115,123,-6,-156,-65,2698,-156,-124,2694
33391882,2981,508000565,55224537,5254,-3014,10,5834,292685500,2115,292685530,2115,123,-6,-124,-45,2587,-125,-101,2583
33401812,2980,508000589,55224516,5253,-3013,9,5834,292685500,2115,292685540,2115,122,-6,-77,-48,2639,-78,-105,2635
33411809,2980,508000613,55224495,5253,-3012,6,5834,292685500,2115,292685550,2115,121,-7,-57,-31,2852,-58,-92,2848
33422065,2979,508000636,55224473,5254,-3011,4,5834,292685500,2115,292685560,2115,121,-7,5,-13,2840,3,-73,2837
33431955,2978,508000660,55224451,5253,-3010,3,5834,292685550,2115,292685570,2115,121,-7,-100,-26,2640,-101,-82,2637
33441895,2978,508000683,55224430,5253,-3009,3,5834,292685550,2115,292685580,2115,122,-6,-200,-97,2509,-200,-152,2504
33451816,2977,508000707,55224409,5251,-3007,2,5834,292685550,2115,292685590,2115,122,-4,-226,-45,2571,-226,-101,2567
33461825,2977,508000731,55224388,5251,-3006,2,5834,292685550,2115,292685600,2115,123,-3,-135,24,2550,-134,-31,2548
33472081,2976,508000754,55224367,5251,-3005,1,5834,292685550,2115,292685610,2115,122,-1,-47,-45,2564,-45,-100,2560
33481966,2976,508000778,55224345,5251,-3004,1,5834,292685600,2115,292685620,2115,122,1,1,-65,2575,3,-120,2571
33491893,2975,508000801,55224323,5251,-3004,0,5834,292685600,2115,292685630,2115,122,3,-28,62,2571,-25,6,2570
33501802,2975,508000825,55224302,5251,-3003,0,5834,292685600,2115,292685640,2115,123,5,-143,-90,2495,-138,-145,2491
33511853,2974,508000849,55224281,5250,-3001,1,5834,292685600,2115,292685650,2115,123,8,-166,-111,2439,-160,-165,2435
33522852,2974,508000872,55224260,5249,-3001,2,5834,292685600,2115,292685660,2115,123,10,-148,105,2375,-143,53,2375
33531989,2974,508000896,55224238,5248,-3000,3,5834,292685650,2115,292685670,2115,124,13,-112,19,2317,-105,-32,2315
33541904,2973,508000919,55224217,5248,-3000,5,5834,292685650,2115,292685680,2115,124,16,-72,-4,2254,-64,-53,2252
33552037,2973,508000943,55224196,5248,-2999,7,5834,292685650,2115,292685690,2115,125,18,-55,-99,2257,-45,-149,2252
33561797,2972,508000966,55224175,5249,-2998,9,5835,292685650,2115,292685700,2115,127,21,1,-39,2274,11,-90,2271
33573247,2972,508000990,55224154,5248,-2998,12,5835,292685650,2115,292685710,2115,127,23,-73,70,2147,-62,21,2146
33582041,2971,508001014,55224132,5247,-2998,14,5835,292685700,2115,292685720,2115,128,26,-126,109,2144,-115,60,2145
33591871,2971,508001037,55224111,5247,-2997,16,5835,292685700,2115,292685730,2115,129,28,-114,-91,2257,-101,-143,2253
33602557,2970,508001061,55224090,5247,-2996,19,5835,292685700,2115,292685740,2115,129,30,-105,-65,2206,-92,-115,2203
33611811,2969,508001084,55224069,5247,-2995,21,5835,292685700,2115,292685750,2115,130,32,-64,27,2201,-50,-24,2199
33623201,2969,508001108,55224048,5247,-2994,23,5835,292685700,2115,292685760,2115,130,34,-54,-53,2243,-39,-105,2240
33631956,2968,508001132,55224025,5247,-2993,25,5835,292685750,2115,292685770,2115,131,35,-79,-46,2253,-63,-98,2250
33641885,2968,508001155,55224004,5247,-2993,28,5835,292685750,2115,292685780,2115,132,37,-84,46,2156,-68,-4,2156
33651803,2967,508001179,55223983,5246,-2992,31,5835,292685750,2115,292685790,2115,133,38,-100,-3,2058,-84,-52,2057
33661806,2966,508001202,55223962,5246,-2991,34,5835,292685750,2115,292685800,2115,133,39,-128,-76,2079,-111,-126,2076
33672089,2966,508001226,55223941,5246,-2990,37,5835,292685750,2115,292685810,2115,134,39,-104,-42,2190,-86,-94,2187
33681950,2965,508001250,55223919,5246,-2990,39,5835,292685800,2115,292685820,2115,134,39,-34,-15,2255,-17,-68,2253
33691876,2964,508001273,55223898,5246,-2989,41,5835,292685800,2115,292685830,2115,135,39,-5,-35,2256,12,-89,2252
33701825,2964,508001297,55223877,5247,-2988,43,5835,292685800,2115,292685840,2115,136,38,-64,-55,2267,-47,-110,2264
33711819,2963,508001320,55223856,5246,-2988,46,5835,292685800,2115,292685850,2115,137,38,-147,15,2125,-131,-37,2123
33722048,2962,508001344,55223835,5245,-2987,48,5835,292685800,2115,292685860,2115,138,38,-163,7,2230,-146,-48,2229
33731954,2962,508001367,55223813,5245,-2985,50,5835,292685850,2115,292685870,2115,139,37,-118,-137,2259,-100,-193,2254
33741901,2961,508001391,55223792,5244,-2985,51,5835,292685850,2115,292685880,2115,140,37,-78,93,2336,-61,35,2336
33751812,2960,508001415,55223771,5245,-2984,52,5835,292685850,2115,292685890,2115,141,36,-38,-82,2358,-21,-140,2353
33761823,2960,508001438,55223750,5245,-2983,53,5835,292685850,2115,292685900,2115,141,35,-15,-127,2411,2,-187,2405
33772107,2959,508001462,55223729,5245,-2982,53,5835,292685850,2115,292685910,2115,142,34,-80,-5,2446,-63,-66,2443
33781969,2959,508001485,55223707,5245,-2981,55,5835,292685900,2115,292685920,2115,143,32,-115,10,2353,-100,-50,2352
33791866,2958,508001509,55223686,5244,-2980,56,5835,292685900,2115,292685930,2115,144,31,-171,-13,2309,-156,-72,2307
33801817,2957,508001532,55223666,5244,-2979,57,5835,292685900,2115,292685940,2115,144,30,-132,-84,2330,-117,-143,2326
33811818,2957,508001556,55223645,5244,-2978,58,5835,292685900,2115,292685950,2115,144,29,-65,-11,2440,-51,-73,2437
33823495,2956,508001580,55223624,5244,-2977,58,5835,292685900,2115,292685960,2115,144,28,-48,-20,2432,-34,-82,2429
33831957,2956,508001603,55223602,5244,-2976,58,5835,292685950,2115,292685970,2115,145,26,-41,-67,2504,-27,-131,2499
33841879,2955,508001627,55223581,5244,-2976,59,5835,292685950,2115,292685980,2115,145,25,-68,22,2497,-55,-42,2495
33851827,2955,508001650,55223560,5243,-2975,58,5835,292685950,2115,292685990,2115,145,24,-84,14,2530,-72,-51,2528
33861815,2954,508001674,55223539,5243,-2974,59,5835,292685950,2115,292686000,2115,145,23,-150,-19,2477,-138,-83,2474
33872059,2954,508001697,55223518,5242,-2973,59,5835,292685950,2115,292686010,2115,144,22,-131,-22,2472,-120,-85,2470
33881947,2954,508001721,55223496,5242,-2973,59,5835,292686000,2115,292686020,2115,144,21,-116,60,2507,-106,-4,2506
33891898,2953,508001744,55223475,5242,-2972,58,5835,292686000,2115,292686030,2115,143,20,-72,-56,2569,-61,-121,2565
33901814,2953,508001768,55223454,5242,-2971,57,5835,292686000,2115,292686040,2115,143,19,-51,-37,2647,-40,-103,2644
33911813,2952,508001792,55223434,5241,-2971,56,5835,292686000,2115,292686050,2115,142,18,-71,83,2621,-61,17,2621
33922059,2952,508001815,55223413,5241,-2970,55,5835,292686000,2115,292686060,2115,142,17,-106,22,2691,-96,-46,2689
33931956,2951,508001839,55223391,5240,-2969,54,5835,292686050,2115,292686070,2115,141,16,-108,-4,2613,-99,-69,2611
33941913,2951,508001862,55223370,5240,-2968,52,5835,292686050,2115,292686080,2115,140,16,-128,10,2697,-119,-57,2695
33951856,2950,508001886,55223349,5239,-2968,51,5835,292686050,2115,292686090,2115,140,15,-98,59,2645,-89,-6,2644
33961823,2950,508001909,55223328,5239,-2967,51,5835,292686050,2115,292686100,2115,139,14,-82,-29,2578,-74,-92,2575
33972456,2949,508001933,55223308,5239,-2966,49,5835,292686050,2115,292686110,2115,139,14,-80,-77,2660,-71,-142,2656
33981970,2948,508001956,55223286,5239,-2965,48,5835,292686100,2115,292686120,2115,138,13,-68,-16,2681,-60,-82,2678
33991909,2948,508001980,55223265,5238,-2965,47,5835,292686100,2115,292686130,2115,138,12,-87,79,2658,-79,14,2657
34001802,2947,508002004,55223244,5238,-2964,45,5835,292686100,2115,292686140,2115,138,12,-99,6,2730,-92,-60,2728
34011802,2947,508002027,55223223,5238,-2963,43,5835,292686100,2115,292686150,2115,138,11,-128,-30,2732,-120,-97,2729
34022094,2946,508002051,55223202,5237,-2962,41,5835,292686100,2115,292686160,2115,137,11,-91,-8,2773,-84,-76,2770
34031966,2945,508002074,55223180,5237,-2961,39,5835,292686150,2115,292686170,2115,137,11,-116,-35,2764,-108,-102,2760
34041883,2945,508002098,55223160,5237,-2960,37,5835,292686150,2115,292686180,2115,137,11,-87,-65,2774,-80,-132,2770
34052100,2944,508002121,55223139,5237,-2959,35,5835,292686150,2115,292686190,2115,137,11,-93,-20,2704,-86,-86,2701
34061825,2944,508002145,55223118,5236,-2958,33,5835,292686150,2115,292686200,2115,138,11,-94,14,2753,-86,-53,2751
34072064,2943,508002168,55223097,5236,-2957,31,5835,292686150,2115,292686210,2115,138,11,-111,-14,2764,-104,-81,2761
34081972,2942,508002192,55223075,5235,-2956,30,5835,292686200,2115,292686220,2115,138,12,-110,-10,2741,-102,-77,2738
34091905,2942,508002215,55223055,5235,-2955,27,5835,292686200,2115,292686230,2115,138,12,-90,-64,2769,-82,-132,2765
34101987,2941,508002239,55223034,5235,-2954,26,5835,292686200,2115,292686240,2115,138,12,-84,-5,2681,-77,-71,2679
34111804,2941,508002262,55223013,5235,-2953,26,5835,292686200,2115,292686250,2115,138,13,-83,-28,2576,-76,-91,2573
34122372,2940,508002286,55222993,5235,-2952,24,5835,292686200,2115,292686260,2115,138,13,-94,-32,2656,-85,-97,2653
34131954,2940,508002309,55222971,5235,-2951,23,5835,292686250,2115,292686270,2115,139,14,-96,-19,2687,-88,-85,2685
34141890,2939,508002333,55222950,5234,-2950,22,5835,292686250,2115,292686280,2115,139,15,-81,-47,2668,-72,-113,2665
34151817,2939,508002356,55222929,5234,-2950,20,5835,292686250,2115,292686290,2115,139,16,-107,34,2663,-97,-32,2661
34161816,2938,508002380,55222909,5234,-2948,19,5835,292686250,2115,292686300,2115,139,17,-93,-76,2627,-83,-140,2623
34173244,2937,508002404,55222888,5234,-2947,18,5835,292686250,2115,292686310,2115,139,18,-96,-59,2643,-86,-124,2639
34181949,2937,508002427,55222866,5234,-2946,17,5835,292686300,2115,292686320,2115,140,19,-86,-53,2609,-75,-117,2605
34191875,2936,508002451,55222845,5234,-2946,17,5835,292686300,2115,292686330,2115,140,20,-74,-3,2566,-64,-67,2564
34201834,2935,508002474,55222825,5233,-2945,17,5835,292686300,2115,292686340,2115,140,20,-92,6,2520,-81,-56,2518
34211820,2935,508002498,55222804,5233,-2944,16,5835,292686300,2115,292686350,2115,140,21,-90,-41,2547,-79,-104,2544
34222079,2934,508002521,55222783,5233,-2943,16,5835,292686300,2115,292686360,2115,141,22,-102,8,2527,-91,-55,2525
34231965,2933,508002545,55222762,5232,-2943,16,5835,292686350,2115,292686370,2115,141,22,-73,-28,2520,-61,-91,2517
34241877,2932,508002568,55222741,5233,-2941,16,5835,292686350,2115,292686380,2115,142,23,-65,-102,2495,-53,-164,2490
34252231,2931,508002592,55222720,5233,-2940,17,5835,292686350,2115,292686390,2115,143,23,-62,-78,2429,-50,-140,2425
34261836,2931,508002615,55222700,5233,-2939,17,5835,292686350,2115,292686400,2115,143,23,-83,-26,2497,-71,-89,2494
34272057,2930,508002639,55222679,5233,-2938,17,5835,292686350,2115,292686410,2115,143,24,-85,-27,2427,-73,-89,2424
34281952,2929,508002662,55222657,5233,-2937,17,5835,292686400,2115,292686420,2115,143,24,-91,-48,2509,-78,-112,2505
34291886,2928,508002686,55222637,5232,-2937,17,5835,292686400,2115,292686430,2115,144,24,-83,11,2525,-70,-53,2523
34301819,2927,508002709,55222616,5232,-2936,17,5835,292686400,2115,292686440,2115,144,24,-62,-46,2471,-50,-109,2468
34312063,2926,508002733,55222596,5232,-2935,18,5835,292686400,2115,292686450,2115,145,24,-77,-41,2426,-65,-104,2423
34322126,2925,508002756,55222575,5232,-2933,19,5835,292686400,2115,292686460,2115,146,24,-93,-114,2397,-80,-176,2392
34331945,2924,508002780,55222553,5232,-2932,19,5835,292686450,2115,292686470,2115,147,24,-121,-15,2425,-109,-78,2423
34341890,2923,508002803,55222533,5231,-2931,20,5835,292686450,2115,292686480,2115,147,24,-110,35,2414,-99,-28,2413
34351805,2923,508002827,55222512,5231,-2930,20,5835,292686450,2115,292686490,2115,147,24,-80,-68,2459,-68,-132,2454
34361855,2922,508002850,55222492,5232,-2929,21,5835,292686450,2115,292686500,2115,147,24,-70,-79,2419,-57,-142,2414
34373191,2921,508002874,55222471,5231,-2928,22,5835,292686450,2115,292686510,2115,147,24,-108,-72,2417,-96,-134,2413
34381995,2920,508002897,55222449,5232,-2927,22,5835,292686500,2115,292686520,2115,146,24,-73,-33,2434,-61,-96,2431
34391890,2919,508002921,55222429,5231,-2926,24,5835,292686500,2115,292686530,2115,145,24,-77,33,2336,-65,-28,2335
34401820,2918,508002944,55222408,5231,-2926,25,5835,292686500,2115,292686540,2115,145,24,-88,-15,2346,-76,-76,2344
34411823,2917,508002968,55222388,5231,-2925,26,5835,292686500,2115,292686550,2115,144,24,-80,-44,2343,-67,-104,2340
34422101,2916,508002991,55222367,5231,-2924,27,5835,292686500,2115,292686560,2115,143,24,-85,-23,2369,-73,-83,2366
34431942,2915,508003015,55222346,5231,-2923,29,5835,292686550,2115,292686570,2115,142,24,-74,-86,2306,-62,-144,2301
34441893,2915,508003038,55222325,5231,-2922,30,5835,292686550,2115,292686580,2115,141,24,-85,-20,2418,-73,-80,2415
34451813,2914,508003062,55222305,5230,-2921,31,5835,292686550,2115,292686590,2115,140,23,-74,0,2318,-63,-58,2316
34461811,2913,508003086,55222284,5230,-2920,32,5835,292686550,2115,292686600,2115,139,23,-83,-38,2315,-71,-95,2311
34472069,2912,508003109,55222264,5230,-2919,34,5835,292686550,2115,292686610,2115,138,23,-109,-85,2348,-97,-143,2343
34481954,2911,508003133,55222242,5230,-2918,35,5835,292686600,2115,292686620,2115,136,22,-60,-8,2383,-49,-65,2381
34491885,2910,508003156,55222221,5230,-2918,36,5835,292686600,2115,292686630,2115,135,22,-80,14,2344,-69,-42,2342
34501822,2910,508003180,55222201,5230,-2917,37,5835,292686600,2115,292686640,2115,133,22,-84,-35,2369,-73,-90,2366
34511814,2909,508003203,55222181,5229,-2916,37,5835,292686600,2115,292686650,2115,132,21,-98,-40,2468,-87,-98,2465
34523285,2908,508003227,55222160,5229,-2915,38,5835,292686600,2115,292686660,2115,131,21,-78,9,2410,-68,-47,2408
34531980,2907,508003250,55222138,5229,-2915,39,5835,292686650,2115,292686670,2115,130,20,-73,2,2407,-62,-54,2405
34541922,2906,508003274,55222118,5229,-2914,39,5835,292686650,2115,292686680,2115,129,20,-81,-100,2427,-70,-155,2422
34551831,2906,508003297,55222098,5229,-2913,39,5835,292686650,2115,292686690,2115,129,19,-90,-10,2466,-80,-66,2464
34561821,2905,508003321,55222077,5228,-2912,40,5835,292686650,2115,292686700,2115,128,18,-88,17,2426,-79,-38,2424
34572075,2904,508003344,55222057,5228,-2911,41,5835,292686650,2115,292686710,2115,127,17,-91,-74,2424,-82,-129,2420
34582113,2903,508003368,55222035,5228,-2910,41,5836,292686700,2115,292686720,2115,127,16,-85,3,2438,-76,-52,2436
34591905,2903,508003391,55222015,5228,-2909,42,5836,292686700,2115,292686730,2115,126,16,-74,-67,2404,-66,-121,2401
34601812,2902,508003415,55221994,5227,-2909,42,5836,292686700,2115,292686740,2115,126,15,-79,28,2449,-71,-27,2447
34612263,2901,508003438,55221974,5227,-2908,43,5836,292686700,2115,292686750,2115,126,14,-76,-83,2480,-68,-138,2476
34622145,2901,508003462,55221954,5227,-2907,42,5836,292686700,2115,292686760,2115,126,13,-36,-24,2535,-28,-81,2532
34631932,2900,508003485,55221932,5227,-2906,43,5836,292686750,2115,292686770,2115,126,13,-95,-42,2457,-87,-97,2454
34642637,2899,508003508,55221911,5227,-2905,42,5836,292686750,2115,292686780,2115,127,12,-132,-88,2549,-124,-146,2544
34651839,2899,508003532,55221891,5226,-2904,42,5836,292686750,2115,292686790,2115,127,12,-100,-20,2566,-93,-77,2563
34661838,2898,508003555,55221871,5227,-2903,41,5836,292686750,2115,292686800,2115,127,12,-59,-83,2578,-51,-141,2574
34672056,2898,508003579,55221850,5227,-2901,41,5836,292686750,2115,292686810,2115,128,11,-71,-87,2583,-64,-146,2579
34681957,2897,508003602,55221829,5227,-2900,40,5836,292686800,2115,292686820,2115,128,11,-85,-46,2547,-78,-103,2544
34691897,2897,508003626,55221808,5226,-2900,40,5836,292686800,2115,292686830,2115,129,11,-88,35,2551,-82,-24,2549
34702509,2896,508003649,55221788,5226,-2899,40,5836,292686800,2115,292686840,2115,129,11,-101,-64,2548,-94,-122,2544
34711802,2896,508003673,55221768,5226,-2897,39,5836,292686800,2115,292686850,2115,130,11,-81,-87,2603,-74,-147,2599
34722091,2895,508003696,55221747,5226,-2896,39,5836,292686800,2115,292686860,2115,130,11,-70,-57,2546,-63,-115,2542
34732125,2895,508003720,55221726,5226,-2895,38,5836,292686850,2115,292686870,2115,131,11,-53,-40,2560,-46,-99,2557
34741914,2895,508003743,55221706,5226,-2895,38,5836,292686850,2115,292686880,2115,131,11,-73,-26,2563,-66,-85,2560
34751802,2894,508003767,55221685,5226,-2894,37,5836,292686850,2115,292686890,2115,131,11,-79,-37,2586,-72,-97,2583
34762565,2894,508003790,55221665,5226,-2893,36,5836,292686850,2115,292686900,2115,132,12,-82,2,2599,-75,-59,2597
34772503,2894,508003814,55221645,5225,-2892,35,5836,292686850,2115,292686910,2115,133,12,-94,-44,2612,-86,-105,2609
34781936,2893,508003837,55221623,5225,-2891,35,5836,292686900,2115,292686920,2115,133,13,-114,-22,2573,-106,-83,2570
34792523,2893,508003861,55221603,5225,-2890,34,5836,292686900,2115,292686930,2115,133,13,-86,-36,2581,-78,-97,2578
34801813,2893,508003884,55221583,5225,-2889,34,5836,292686900,2115,292686940,2115,134,14,-51,-54,2558,-42,-115,2554
34811827,2892,508003908,55221562,5225,-2888,33,5836,292686900,2115,292686950,2115,134,14,-58,-20,2566,-50,-81,2563
34822962,2892,508003931,55221542,5225,-2888,32,5836,292686900,2115,292686960,2115,134,15,-61,-2,2621,-52,-64,2619
34831963,2891,508003955,55221521,5224,-2887,32,5836,292686950,2115,292686970,2115,134,15,-80,23,2558,-71,-37,2556
34841885,2891,508003978,55221500,5224,-2886,32,5836,292686950,2115,292686980,2115,134,16,-103,-30,2504,-94,-90,2501
34851893,2890,508004002,55221480,5224,-2885,32,5836,292686950,2115,292686990,2115,135,16,-110,-32,2539,-100,-93,2536
34861803,2890,508004025,55221460,5224,-2884,31,5836,292686950,2115,292687000,2115,136,16,-61,-55,2538,-52,-116,2534
34872108,2889,508004049,55221440,5224,-2884,31,5836,292686950,2115,292687010,2115,136,17,-35,-30,2595,-26,-92,2592
34882003,2889,508004072,55221418,5224,-2883,30,5836,292687000,2115,292687020,2115,137,17,-51,-8,2561,-41,-70,2558
34891891,2888,508004096,55221398,5224,-2882,29,5836,292687000,2115,292687030,2115,138,17,-74,-1,2624,-64,-65,2621
34901804,2888,508004119,55221378,5223,-2882,29,5836,292687000,2115,292687040,2115,138,18,-98,20,2558,-88,-43,2556
34911967,2887,508004143,55221358,5223,-2881,28,5836,292687000,2115,292687050,2115,139,18,-112,-14,2622,-102,-79,2620
34923020,2887,508004166,55221337,5223,-2880,27,5836,292687000,2115,292687060,2115,140,19,-76,-54,2626,-65,-119,2622
34931950,2886,508004190,55221316,5223,-2879,27,5836,292687050,2115,292687070,2115,140,19,-60,-34,2539,-50,-97,2536
34942430,2886,508004213,55221296,5223,-2878,26,5836,292687050,2115,292687080,2115,141,19,-55,9,2551,-45,-55,2548
34951821,2885,508004237,55221276,5223,-2878,26,5836,292687050,2115,292687090,2115,142,19,-48,-8,2499,-38,-71,2496
34961869,2884,508004260,55221256,5223,-2877,26,5836,292687050,2115,292687100,2115,142,20,-74,-8,2547,-63,-72,2545
34972673,2884,508004283,55221235,5222,-2876,26,5836,292687050,2115,292687110,2115,143,20,-96,-20,2492,-85,-83,2489
34981985,2884,508004307,55221214,5222,-2875,25,5836,292687100,2115,292687120,2115,143,20,-85,-15,2579,-74,-80,2577
34991865,2883,508004330,55221194,5222,-2874,25,5836,292687100,2115,292687130,2115,143,20,-89,-38,2555,-78,-102,2551
35002554,2883,508004354,55221174,5222,-2874,25,5836,292687100,2115,292687140,2115,143,20,-42,15,2545,-31,-50,2543
35011820,2882,508004377,55221154,5222,-2873,24,5836,292687100,2115,292687150,2115,143,20,-47,6,2570,-36,-59,2568
35022132,2882,508004401,55221133,5222,-2872,24,5836,292687100,2115,292687160,2115,143,20,-51,-26,2504,-40,-89,2501
35032677,2881,508004424,55221112,5222,-2872,24,5836,292687150,2115,292687170,2115,143,20,-109,6,2493,-98,-57,2491
35041886,2881,508004448,55221092,5221,-2871,24,5836,292687150,2115,292687180,2115,143,21,-115,0,2465,-104,-62,2463
35051842,2880,508004471,55221072,5221,-2870,24,5836,292687150,2115,292687190,2115,142,21,-64,16,2544,-53,-48,2542
35062636,2880,508004495,55221052,5221,-2869,24,5836,292687150,2115,292687200,2115,141,21,-60,-35,2508,-48,-98,2505
35072436,2879,508004518,55221031,5221,-2869,24,5836,292687150,2115,292687210,2115,141,21,-47,24,2505,-36,-38,2503
35081954,2879,508004542,55221010,5221,-2869,24,5836,292687200,2115,292687220,2115,140,21,-52,14,2490,-41,-48,2488
35091900,2878,508004565,55220990,5221,-2868,24,5836,292687200,2115,292687230,2115,140,21,-67,-22,2488,-55,-84,2485
35101836,2877,508004589,55220970,5220,-2867,25,5836,292687200,2115,292687240,2115,139,21,-100,42,2451,-89,-19,2450
35111787,2877,508004612,55220950,5220,-2867,26,5836,292687200,2115,292687250,2115,138,22,-64,11,2384,-53,-48,2382
35122275,2876,508004635,55220930,5220,-2866,26,5836,292687200,2115,292687260,2115,138,22,-81,15,2429,-70,-44,2427
35131962,2876,508004659,55220908,5220,-2865,27,5836,292687250,2115,292687270,2115,137,22,-36,-47,2458,-24,-106,2454
35141878,2875,508004682,55220888,5220,-2865,27,5836,292687250,2115,292687280,2115,136,22,-43,10,2508,-31,-50,2506
35151803,2875,508004706,55220868,5220,-2865,26,5836,292687250,2115,292687290,2115,136,21,-16,24,2522,-5,-36,2521
35161792,2874,508004729,55220848,5220,-2864,27,5836,292687250,2115,292687300,2115,136,21,-60,-43,2416,-49,-101,2412
35172091,2873,508004753,55220828,5220,-2863,27,5836,292687250,2115,292687310,2115,135,21,-89,-11,2482,-78,-70,2479
35182585,2873,508004776,55220807,5219,-2863,28,5836,292687300,2115,292687320,2115,134,20,-75,27,2415,-65,-31,2414
35191891,2872,508004800,55220787,5219,-2862,28,5836,292687300,2115,292687330,2115,133,20,-92,44,2472,-82,-15,2471
35201806,2872,508004823,55220767,5219,-2861,28,5836,292687300,2115,292687340,2115,133,19,-53,-21,2466,-43,-79,2463
35211843,2871,508004847,55220747,5219,-2861,29,5836,292687300,2115,292687350,2115,132,18,-15,-29,2485,-5,-87,2482
35222084,2871,508004870,55220727,5219,-2861,29,5836,292687300,2115,292687360,2115,132,17,-42,22,2450,-33,-35,2448
35231992,2870,508004894,55220705,5219,-2860,29,5836,292687350,2115,292687370,2115,131,17,-48,9,2465,-39,-48,2462
35242790,2870,508004917,55220685,5219,-2859,29,5836,292687350,2115,292687380,2115,131,16,-91,-38,2464,-82,-96,2461
35251821,2869,508004940,55220665,5219,-2859,30,5836,292687350,2115,292687390,2115,130,15,-64,18,2444,-56,-38,2442
35262189,2869,508004964,55220645,5218,-2858,30,5836,292687350,2115,292687400,2115,130,15,-76,35,2489,-68,-22,2488
35272961,2868,508004987,55220625,5218,-2858,30,5836,292687350,2115,292687410,2115,129,14,-59,-14,2486,-50,-71,2483
35281975,2868,508005011,55220604,5218,-2857,30,5836,292687400,2115,292687420,2115,128,14,-61,13,2535,-53,-45,2533
35291880,2867,508005034,55220584,5218,-2857,30,5836,292687400,2115,292687430,2115,128,13,-43,-13,2524,-35,-70,2522
35302266,2867,508005058,55220564,5218,-2856,30,5836,292687400,2115,292687440,2115,127,13,-25,13,2493,-17,-43,2491
35311854,2866,508005081,55220544,5218,-2856,30,5836,292687400,2115,292687450,2115,126,12,-66,-7,2515,-59,-64,2512
35322506,2866,508005105,55220524,5218,-2855,30,5836,292687400,2115,292687460,2115,125,12,-53,-24,2491,-46,-79,2488
35332284,2865,508005128,55220503,5217,-2855,31,5836,292687450,2115,292687470,2115,124,12,-69,45,2425,-63,-8,2424
35341894,2865,508005151,55220483,5217,-2854,31,5836,292687450,2115,292687480,2115,123,11,-72,-51,2455,-65,-105,2451
35351815,2864,508005175,55220463,5217,-2853,31,5836,292687450,2115,292687490,2115,122,11,-44,24,2477,-37,-30,2475
35362319,2864,508005198,55220443,5217,-2853,32,5836,292687450,2115,292687500,2115,122,12,-25,-16,2428,-18,-69,2425
35372584,2863,508005222,55220423,5217,-2852,32,5836,292687450,2115,292687510,2115,121,12,-25,12,2504,-18,-42,2502
35381946,2863,508005245,55220401,5217,-2852,32,5836,292687500,2115,292687520,2115,121,12,-51,-11,2477,-43,-64,2475
35392367,2862,508005269,55220381,5217,-2851,32,5836,292687500,2115,292687530,2115,120,12,-48,-2,2481,-40,-55,2478
35401827,2862,508005292,55220361,5216,-2851,32,5836,292687500,2115,292687540,2115,119,12,-85,43,2512,-78,-10,2510
35411817,2862,508005316,55220341,5216,-2850,32,5836,292687500,2115,292687550,2115,118,13,-66,-42,2522,-58,-94,2518
35422961,2861,508005339,55220321,5216,-2849,32,5836,292687500,2115,292687560,2115,117,13,-55,-28,2464,-47,-79,2461
35431947,2861,508005362,55220300,5216,-2849,33,5836,292687550,2115,292687570,2115,117,13,-48,-4,2421,-41,-55,2419
35441883,2860,508005386,55220280,5216,-2848,33,5836,292687550,2115,292687580,2115,117,14,-12,-8,2449,-4,-59,2447
35451815,2860,508005409,55220260,5216,-2848,33,5836,292687550,2115,292687590,2115,116,14,-25,20,2467,-17,-31,2465
35461794,2859,508005433,55220240,5216,-2847,34,5836,292687550,2115,292687600,2115,116,14,-39,-24,2492,-31,-75,2489
35472185,2859,508005456,55220220,5216,-2847,34,5836,292687550,2115,292687610,2115,115,14,-56,-7,2461,-48,-57,2459
35481979,2859,508005480,55220199,5216,-2846,34,5836,292687600,2115,292687620,2115,115,15,-55,-11,2453,-47,-61,2451
35491893,2858,508005503,55220179,5216,-2846,35,5836,292687600,2115,292687630,2115,115,15,-49,-16,2471,-41,-66,2469
35501824,2857,508005527,55220159,5217,-2845,35,5836,292687600,2115,292687640,2115,115,15,-12,-43,2494,-3,-94,2490
35511803,2857,508005550,55220139,5217,-2845,35,5836,292687600,2115,292687650,2115,116,15,-20,20,2476,-11,-31,2474
35523246,2856,508005573,55220119,5217,-2844,35,5836,292687600,2115,292687660,2115,116,16,-38,-44,2447,-30,-94,2444
35531991,2856,508005597,55220098,5217,-2843,35,5836,292687650,2115,292687670,2115,117,16,-57,-17,2480,-48,-69,2478
35541887,2855,508005620,55220078,5217,-2843,35,5836,292687650,2115,292687680,2115,117,16,-38,14,2521,-29,-38,2519
35551799,2855,508005644,55220058,5217,-2842,35,5836,292687650,2115,292687690,2115,118,16,-52,-43,2502,-42,-95,2499
35561795,2854,508005667,55220038,5217,-2841,35,5836,292687650,2115,292687700,2115,119,16,-41,-48,2534,-31,-101,2530
35572059,2853,508005691,55220019,5218,-2840,35,5836,292687650,2115,292687710,2115,120,16,-15,-90,2532,-5,-144,2528
35581958,2853,508005714,55219997,5217,-2840,35,5836,292687700,2115,292687720,2115,121,16,-24,-7,2514,-14,-61,2512
35591901,2852,508005738,55219978,5218,-2839,35,5836,292687700,2115,292687730,2115,123,16,-40,-42,2487,-30,-96,2484
35601798,2851,508005761,55219958,5218,-2839,35,5836,292687700,2115,292687740,2115,124,16,-31,-47,2511,-21,-101,2508
35611801,2851,508005785,55219938,5218,-2838,35,5837,292687700,2115,292687750,2115,125,16,-54,-44,2536,-44,-100,2533
35622689,2850,508005808,55219918,5218,-2837,34,5837,292687700,2115,292687760,2115,126,16,-22,-50,2539,-12,-107,2536
35631940,2850,508005831,55219897,5218,-2836,34,5837,292687750,2115,292687770,2115,128,16,-27,-102,2503,-18,-158,2499
35641919,2849,508005855,55219877,5219,-2835,34,5837,292687750,2115,292687780,2115,130,15,-26,-95,2526,-17,-152,2522
35651817,2848,508005878,55219857,5219,-2834,34,5837,292687750,2115,292687790,2115,132,15,-38,-16,2492,-29,-74,2489
35661827,2848,508005902,55219837,5219,-2833,34,5837,292687750,2115,292687800,2115,133,15,-32,-51,2524,-24,-110,2520
35672053,2847,508005925,55219817,5219,-2832,34,5837,292687750,2115,292687810,2115,135,15,-37,-61,2558,-29,-122,2554
35681972,2846,508005949,55219796,5220,-2831,33,5837,292687800,2115,292687820,2115,136,15,-55,-43,2525,-47,-104,2522
35691910,2846,508005972,55219777,5220,-2830,33,5837,292687800,2115,292687830,2115,137,14,-39,-26,2584,-31,-89,2581
35701798,2845,508005996,55219757,5220,-2829,32,5837,292687800,2115,292687840,2115,138,14,-23,-91,2557,-14,-153,2552
35711793,2845,508006019,55219737,5221,-2828,32,5837,292687800,2115,292687850,2115,139,14,-22,-65,2549,-13,-127,2545
35723057,2844,508006043,55219717,5221,-2828,32,5837,292687800,2115,292687860,2115,139,14,-28,8,2538,-20,-54,2535
35731956,2844,508006066,55219696,5221,-2828,32,5837,292687850,2115,292687870,2115,140,14,-36,49,2475,-28,-12,2474
35741876,2843,508006089,55219676,5221,-2827,32,5837,292687850,2115,292687880,2115,139,14,-28,-97,2493,-20,-159,2488
35752084,2843,508006113,55219656,5221,-2826,32,5837,292687850,2115,292687890,2115,139,14,-45,-15,2590,-36,-79,2587
35761820,2842,508006136,55219637,5221,-2826,31,5837,292687850,2115,292687900,2115,139,14,-9,29,2536,-1,-33,2534
35772049,2842,508006160,55219617,5222,-2825,31,5837,292687850,2115,292687910,2115,139,13,18,-35,2506,26,-96,2503
35782386,2841,508006183,55219596,5222,-2825,31,5837,292687900,2115,292687920,2115,139,13,-8,-26,2495,0,-87,2492
35791892,2840,508006207,55219576,5222,-2824,32,5837,292687900,2115,292687930,2115,138,13,-47,10,2436,-39,-49,2434
35801814,2840,508006230,55219556,5222,-2824,32,5837,292687900,2115,292687940,2115,137,14,-30,24,2510,-22,-37,2508
35811816,2839,508006254,55219536,5222,-2823,31,5837,292687900,2115,292687950,2115,136,14,-61,-12,2599,-53,-74,2596
35822489,2838,508006277,55219517,5222,-2823,30,5837,292687900,2115,292687960,2115,135,14,-7,39,2585,1,-23,2584
35831943,2838,508006301,55219496,5222,-2822,29,5837,292687950,2115,292687970,2115,133,13,-23,5,2627,-15,-56,2625
35841892,2837,508006324,55219476,5223,-2822,29,5837,292687950,2115,292687980,2115,132,13,34,-37,2592,42,-97,2589
35851825,2836,508006348,55219456,5223,-2822,28,5837,292687950,2115,292687990,2115,130,13,-24,-1,2549,-16,-60,2546
35861789,2835,508006371,55219436,5223,-2821,28,5837,292687950,2115,292688000,2115,130,13,-17,16,2508,-9,-41,2506
35872074,2835,508006395,55219417,5223,-2821,29,5837,292687950,2115,292688010,2115,129,13,-61,69,2387,-54,14,2386
35881971,2834,508006418,55219396,5223,-2820,30,5837,292688000,2115,292688020,2115,128,13,-47,-59,2415,-39,-114,2411
35891892,2833,508006442,55219376,5223,-2820,30,5837,292688000,2115,292688030,2115,127,13,5,-13,2540,13,-70,2537
35901822,2833,508006465,55219356,5224,-2820,29,5837,292688000,2115,292688040,2115,126,13,40,-19,2550,47,-76,2547
35911817,2832,508006488,55219336,5224,-2819,29,5837,292688000,2115,292688050,2115,126,12,47,-16,2549,54,-72,2546
35922063,2831,508006512,55219317,5224,-2819,28,5837,292688000,2115,292688060,2115,125,12,-21,-14,2580,-14,-71,2578
35931976,2830,508006535,55219296,5224,-2818,28,5837,292688050,2115,292688070,2115,125,12,-65,-12,2520,-57,-68,2518
35941877,2829,508006559,55219276,5224,-2817,27,5837,292688050,2115,292688080,2115,125,13,-81,6,2582,-73,-51,2580
35951820,2829,508006582,55219256,5224,-2817,28,5837,292688050,2115,292688090,2115,125,13,-16,-4,2440,-8,-58,2438
35961812,2828,508006606,55219236,5225,-2816,28,5837,292688050,2115,292688100,2115,125,14,0,-44,2507,8,-99,2503
35972294,2828,508006629,55219217,5225,-2816,28,5837,292688050,2115,292688110,2115,125,14,-5,-55,2494,3,-110,2490
35981967,2827,508006653,55219196,5226,-2815,28,5837,292688100,2115,292688120,2115,125,14,32,-37,2528,40,-93,2524
35991863,2826,508006676,55219176,5226,-2815,28,5837,292688100,2115,292688130,2115,125,15,21,5,2437,29,-48,2434
36001779,2826,508006700,55219156,5226,-2814,29,5837,292688100,2115,292688140,2115,125,15,-20,-73,2398,-11,-125,2394
36011810,2825,508006723,55219137,5226,-2814,30,5837,292688100,2115,292688150,2115,125,16,-39,8,2408,-31,-45,2406
36022290,2825,508006747,55219117,5227,-2813,31,5837,292688100,2115,292688160,2115,125,17,-16,-48,2379,-7,-101,2376
36031946,2824,508006770,55219096,5227,-2812,31,5837,292688150,2115,292688170,2115,125,17,-15,-48,2501,-5,-103,2497
36041921,2824,508006794,55219076,5227,-2812,31,5837,292688150,2115,292688180,2115,125,18,-2,-62,2446,8,-115,2442
36051819,2823,508006817,55219056,5228,-2811,31,5837,292688150,2115,292688190,2115,125,19,37,-10,2476,47,-64,2474
36061812,2823,508006841,55219037,5228,-2811,32,5837,292688150,2115,292688200,2115,125,19,10,11,2455,20,-43,2453
36072616,2822,508006864,55219017,5229,-2810,32,5837,292688150,2115,292688210,2115,125,20,17,-107,2451,28,-160,2446
36081969,2822,508006888,55218996,5229,-2809,33,5837,292688200,2115,292688220,2115,125,20,-1,-26,2397,10,-79,2394
36091877,2821,508006911,55218977,5230,-2809,35,5837,292688200,2115,292688230,2115,124,21,-18,-41,2247,-8,-90,2244
36101859,2821,508006935,55218957,5230,-2809,36,5837,292688200,2115,292688240,2115,124,21,-23,57,2363,-12,6,2362
36111804,2820,508006958,55218937,5230,-2808,37,5837,292688200,2115,292688250,2115,124,21,0,-37,2435,12,-90,2432
36122078,2820,508006982,55218917,5231,-2808,37,5837,292688200,2115,292688260,2115,123,21,67,-70,2518,78,-125,2514
36131971,2819,508007005,55218897,5232,-2807,37,5837,292688250,2115,292688270,2115,123,21,54,6,2434,64,-47,2432
36141911,2819,508007029,55218877,5232,-2807,38,5837,292688250,2115,292688280,2115,123,20,24,-21,2414,35,-73,2411
36151788,2818,508007052,55218857,5232,-2807,39,5837,292688250,2115,292688290,2115,123,19,-22,-18,2421,-12,-70,2418
36161781,2818,508007076,55218838,5233,-2806,39,5837,292688250,2115,292688300,2115,123,19,-29,-49,2475,-18,-103,2472
36172090,2817,508007099,55218818,5233,-2806,39,5837,292688250,2115,292688310,2115,123,18,5,25,2503,14,-30,2501
36181956,2816,508007123,55218797,5233,-2805,39,5837,292688300,2115,292688320,2115,124,17,13,-16,2498,22,-71,2495
36191866,2816,508007146,55218777,5234,-2805,39,5837,292688300,2115,292688330,2115,124,15,39,-54,2487,48,-108,2483
36201789,2815,508007170,55218758,5235,-2804,39,5837,292688300,2115,292688340,2115,125,14,51,-57,2494,59,-111,2490
36211830,2815,508007193,55218738,5235,-2804,39,5837,292688300,2115,292688350,2115,125,12,26,9,2539,33,-47,2537
36222084,2814,508007217,55218718,5235,-2804,38,5837,292688300,2115,292688360,2115,126,11,7,18,2570,14,-39,2568
36231937,2813,508007240,55218698,5236,-2803,38,5837,292688350,2115,292688370,2115,127,9,10,-88,2505,16,-144,2501
36241866,2813,508007264,55218678,5236,-2802,38,5837,292688350,2115,292688380,2115,128,8,-22,-17,2601,-16,-76,2598
36251820,2812,508007288,55218658,5236,-2802,37,5837,292688350,2115,292688390,2115,129,6,-2,-1,2565,3,-59,2563
36261846,2812,508007311,55218639,5237,-2801,36,5837,292688350,2115,292688400,2115,130,5,27,-69,2633,32,-129,2629
36272056,2811,508007335,55218619,5238,-2801,35,5837,292688350,2115,292688410,2115,131,4,23,-71,2578,27,-130,2574
36281956,2811,508007358,55218598,5238,-2800,34,5837,292688400,2115,292688420,2115,132,3,30,-62,2638,34,-123,2634
36291867,2810,508007382,55218579,5239,-2799,34,5837,292688400,2115,292688430,2115,132,2,1,-3,2581,3,-63,2578
36301816,2810,508007405,55218559,5239,-2799,33,5837,292688400,2115,292688440,2115,133,1,12,-32,2613,14,-93,2610
36311791,2810,508007429,55218539,5239,-2798,32,5837,292688400,2115,292688450,2115,134,0,-40,-25,2593,-37,-86,2590
36322049,2809,508007452,55218520,5239,-2797,31,5837,292688400,2115,292688460,2115,134,0,3,-46,2614,5,-107,2610
36331934,2809,508007476,55218499,5240,-2797,30,5837,292688450,2115,292688470,2115,134,-1,12,-26,2640,14,-88,2637
36341889,2808,508007499,55218479,5241,-2796,30,5837,292688450,2115,292688480,2115,134,-1,53,-28,2591,54,-89,2588
36351815,2808,508007523,55218460,5241,-2796,29,5837,292688450,2115,292688490,2115,134,-1,37,-37,2553,38,-97,2550
36362154,2808,508007547,55218440,5241,-2795,29,5837,292688450,2115,292688500,2115,134,-1,16,3,2508,17,-56,2506
36373174,2807,508007570,55218421,5241,-2795,29,5837,292688450,2115,292688510,2115,133,-1,-8,57,2542,-7,-3,2541
36381957,2807,508007594,55218400,5242,-2795,29,5837,292688500,2115,292688520,2115,133,-1,-4,66,2524,-3,7,2523
36392284,2807,508007617,55218380,5242,-2795,28,5837,292688500,2115,292688530,2115,133,-1,18,-63,2574,20,-123,2570
36401818,2806,508007641,55218361,5242,-2794,27,5837,292688500,2115,292688540,2115,132,0,27,18,2621,28,-43,2619
36411861,2806,508007664,55218341,5243,-2794,27,5837,292688500,2115,292688550,2115,132,0,54,22,2585,55,-38,2583
36422481,2805,508007688,55218322,5243,-2794,26,5837,292688500,2115,292688560,2115,131,0,44,43,2556,46,-16,2555
36431959,2805,508007711,55218301,5244,-2794,26,5837,292688550,2115,292688570,2115,131,1,-2,-25,2526,0,-83,2523
36441898,2804,508007735,55218281,5244,-2794,26,5837,292688550,2115,292688580,2115,131,1,-5,22,2510,-3,-35,2508
36452558,2804,508007759,55218262,5244,-2793,26,5837,292688550,2115,292688590,2115,130,2,-2,28,2482,1,-29,2480
36461822,2803,508007782,55218242,5244,-2793,25,5837,292688550,2115,292688600,2115,130,2,20,3,2561,23,-55,2559
36472670,2803,508007806,55218222,5245,-2793,25,5837,292688550,2115,292688610,2115,129,3,60,-3,2521,63,-60,2518
36482666,2802,508007829,55218202,5245,-2793,25,5837,292688600,2115,292688620,2115,129,3,39,30,2510,43,-27,2508
36491861,2802,508007853,55218182,5246,-2793,25,5837,292688600,2115,292688630,2115,129,3,38,-3,2516,41,-60,2514
36501791,2801,508007876,55218163,5246,-2792,25,5837,292688600,2115,292688640,2115,129,4,4,-50,2486,7,-106,2483
36512037,2800,508007900,55218143,5246,-2792,26,5837,292688600,2115,292688650,2115,129,4,-27,31,2465,-23,-25,2463
36522044,2800,508007924,55218123,5246,-2792,26,5837,292688600,2115,292688660,2115,129,4,6,45,2493,10,-12,2492
36531963,2799,508007947,55218103,5247,-2791,25,5837,292688650,2115,292688670,2115,130,5,44,-54,2551,48,-112,2547
36542111,2799,508007971,55218083,5248,-2791,25,5837,292688650,2115,292688680,2115,130,5,64,-50,2540,68,-108,2537
36552098,2798,508007994,55218064,5248,-2791,25,5837,292688650,2115,292688690,2115,130,5,34,6,2522,38,-52,2520
36561820,2797,508008018,55218044,5249,-2790,25,5837,292688650,2115,292688700,2115,131,5,23,-26,2467,28,-82,2464
36572159,2797,508008042,55218024,5249,-2790,26,5837,292688650,2115,292688710,2115,132,5,4,-34,2418,8,-90,2415
36581949,2796,508008065,55218004,5250,-2789,26,5837,292688700,2115,292688720,2115,132,6,11,-20,2455,15,-77,2452
36591868,2796,508008089,55217984,5250,-2789,26,5837,292688700,2115,292688730,2115,132,6,0,-2,2483,4,-59,2480
36602284,2796,508008112,55217965,5250,-2788,26,5837,292688700,2115,292688740,2115,132,6,40,-59,2510,45,-117,2506
36611836,2795,508008136,55217945,5251,-2788,27,5837,292688700,2115,292688750,2115,132,7,53,-11,2466,58,-68,2463
36622051,2795,508008160,55217925,5252,-2787,26,5837,292688700,2115,292688760,2115,132,7,36,-6,2529,41,-64,2526
36632632,2794,508008183,55217905,5252,-2787,26,5838,292688750,2115,292688770,2115,132,8,15,-63,2499,21,-121,2495
36641890,2794,508008207,55217885,5253,-2786,27,5838,292688750,2115,292688780,2115,132,9,26,0,2447,31,-57,2445
36651790,2793,508008230,55217866,5253,-2786,27,5838,292688750,2115,292688790,2115,132,10,16,-25,2441,22,-81,2438
36661816,2793,508008254,55217846,5253,-2786,28,5838,292688750,2115,292688800,2115,131,10,9,16,2379,15,-39,2377
36672037,2792,508008278,55217827,5254,-2785,29,5838,292688750,2115,292688810,2115,131,11,8,-32,2380,14,-86,2377
36681942,2792,508008301,55217806,5254,-2785,30,5838,292688800,2115,292688820,2115,130,11,49,16,2445,56,-40,2443
36691872,2791,508008325,55217787,5255,-2785,30,5838,292688800,2115,292688830,2115,130,12,69,-16,2452,76,-72,2449
36701791,2791,508008348,55217767,5256,-2785,31,5838,292688800,2115,292688840,2115,130,12,67,9,2433,74,-46,2431
36711796,2790,508008372,55217748,5256,-2784,31,5838,292688800,2115,292688850,2115,129,12,38,-15,2409,45,-69,2406
36722220,2790,508008396,55217728,5256,-2784,33,5838,292688800,2115,292688860,2115,129,12,6,41,2358,12,-12,2357
36731940,2789,508008419,55217707,5257,-2785,33,5838,292688850,2115,292688870,2115,128,13,14,39,2452,21,-16,2450
36741870,2789,508008443,55217688,5257,-2784,33,5838,292688850,2115,292688880,2115,127,13,15,-11,2457,22,-66,2454
36752297,2788,508008467,55217668,5258,-2784,34,5838,292688850,2115,292688890,2115,127,13,55,-19,2442,62,-73,2439
36761802,2788,508008490,55217649,5258,-2784,34,5838,292688850,2115,292688900,2115,126,13,39,27,2450,46,-28,2448
36773563,2787,508008514,55217629,5259,-2784,34,5838,292688850,2115,292688910,2115,126,12,67,-19,2479,74,-73,2476
36782300,2787,508008537,55217609,5259,-2784,35,5838,292688900,2115,292688920,2115,126,12,49,39,2451,56,-16,2449
36791887,2786,508008561,55217589,5260,-2784,35,5838,292688900,2115,292688930,2115,126,11,16,0,2438,22,-54,2436
36801787,2785,508008585,55217570,5260,-2783,36,5838,292688900,2115,292688940,2115,126,10,-12,-6,2467,-5,-60,2465
36812333,2785,508008608,55217550,5260,-2782,36,5838,292688900,2115,292688950,2115,126,10,4,-48,2444,10,-102,2440
36823213,2784,508008632,55217531,5261,-2782,36,5838,292688900,2115,292688960,2115,126,9,23,-13,2480,29,-67,2477
36831943,2784,508008656,55217510,5261,-2782,36,5838,292688950,2115,292688970,2115,126,9,52,46,2516,58,-9,2514
36842110,2783,508008679,55217491,5262,-2782,36,5838,292688950,2115,292688980,2115,126,8,62,-16,2488,68,-71,2485
36851813,2782,508008703,55217471,5263,-2781,36,5838,292688950,2115,292688990,2115,127,8,21,-64,2526,27,-120,2522
36861809,2782,508008727,55217452,5263,-2781,36,5838,292688950,2115,292689000,2115,128,7,11,-60,2487,16,-116,2484
36872769,2781,508008750,55217432,5263,-2780,36,5838,292688950,2115,292689010,2115,128,7,-14,15,2537,-9,-43,2535
36881954,2781,508008774,55217412,5263,-2779,36,5838,292689000,2115,292689020,2115,128,7,-29,-21,2497,-24,-78,2494
36891903,2781,508008798,55217392,5264,-2779,36,5838,292689000,2115,292689030,2115,129,7,-1,-44,2517,4,-101,2513
36902070,2780,508008821,55217373,5264,-2778,36,5838,292689000,2115,292689040,2115,129,7,44,-29,2477,49,-85,2473
36912749,2780,508008845,55217353,5265,-2778,36,5838,292689000,2115,292689050,2115,130,7,55,-47,2486,60,-104,2482
36922095,2779,508008869,55217334,5265,-2778,36,5838,292689000,2115,292689060,2115,130,7,19,32,2490,24,-25,2488
36932238,2779,508008892,55217313,5266,-2777,36,5838,292689050,2115,292689070,2115,130,8,30,-29,2500,35,-87,2497
36941876,2778,508008916,55217294,5266,-2777,36,5838,292689050,2115,292689080,2115,131,8,-14,-26,2539,-8,-85,2536
36951808,2778,508008940,55217274,5267,-2776,36,5838,292689050,2115,292689090,2115,132,8,15,-29,2483,21,-86,2480
36962343,2777,508008963,55217255,5267,-2776,36,5838,292689050,2115,292689100,2115,133,9,5,-36,2522,11,-94,2519
36972079,2777,508008987,55217235,5267,-2775,36,5838,292689050,2115,292689110,2115,133,9,21,-5,2519,27,-63,2516
36981956,2776,508009011,55217215,5268,-2775,36,5838,292689100,2115,292689120,2115,133,10,31,1,2505,37,-58,2503
36992416,2776,508009034,55217195,5268,-2775,36,5838,292689100,2115,292689130,2115,134,10,34,47,2487,40,-11,2485
37001789,2775,508009058,55217176,5269,-2774,37,5838,292689100,2115,292689140,2115,134,10,10,-52,2455,17,-110,2451
37011806,2775,508009082,55217156,5269,-2774,36,5838,292689100,2115,292689150,2115,135,11,9,-22,2564,16,-83,2561
37022583,2774,508009105,55217137,5270,-2773,36,5838,292689100,2115,292689160,2115,135,10,34,-17,2471,41,-75,2468
37031933,2774,508009129,55217116,5270,-2773,36,5838,292689150,2115,292689170,2115,135,10,29,-4,2514,36,-63,2511
37041861,2773,508009153,55217097,5271,-2773,37,5838,292689150,2115,292689180,2115,135,10,25,23,2446,31,-35,2444
37051896,2772,508009176,55217078,5271,-2773,37,5838,292689150,2115,292689190,2115,136,10,50,-27,2446,57,-85,2443
37061819,2772,508009200,55217058,5272,-2772,37,5838,292689150,2115,292689200,2115,136,10,11,-26,2501,18,-86,2498
37072462,2771,508009224,55217039,5273,-2772,37,5838,292689150,2115,292689210,2115,136,10,64,-62,2561,71,-123,2556
37082159,2771,508009248,55217018,5273,-2772,36,5838,292689200,2115,292689220,2115,135,9,37,41,2554,43,-19,2553
37091895,2770,508009271,55216999,5274,-2771,36,5838,292689200,2115,292689230,2115,135,9,28,-6,2578,34,-67,2575
37101799,2769,508009295,55216979,5274,-2771,35,5838,292689200,2115,292689240,2115,134,8,18,-51,2642,24,-113,2638
37111860,2769,508009319,55216960,5275,-2770,34,5838,292689200,2115,292689250,2115,133,8,45,-19,2574,50,-79,2571
37122030,2768,508009342,55216940,5276,-2770,33,5838,292689200,2115,292689260,2115,133,7,44,-38,2611,50,-99,2608
37131966,2767,508009366,55216920,5276,-2769,33,5838,292689250,2115,292689270,2115,132,6,31,-2,2529,35,-60,2526
37141883,2767,508009390,55216901,5277,-2769,33,5838,292689250,2115,292689280,2115,131,5,39,-23,2536,43,-81,2532
37151797,2766,508009414,55216881,5277,-2769,32,5838,292689250,2115,292689290,2115,130,5,33,33,2568,37,-26,2566
37161835,2766,508009437,55216862,5278,-2769,31,5838,292689250,2115,292689300,2115,129,4,69,-31,2595,73,-89,2592
37172337,2765,508009461,55216842,5278,-2768,30,5838,292689250,2115,292689310,2115,128,3,50,-13,2635,53,-72,2632
37181970,2764,508009485,55216822,5279,-2768,30,5838,292689300,2115,292689320,2115,126,2,61,-11,2599,64,-69,2596
37191866,2764,508009508,55216802,5280,-2768,29,5838,292689300,2115,292689330,2115,125,1,42,-36,2592,44,-93,2589
37202506,2763,508009532,55216783,5280,-2767,28,5838,292689300,2115,292689340,2115,124,0,26,-1,2629,28,-58,2626
37211779,2763,508009556,55216764,5280,-2767,27,5838,292689300,2115,292689350,2115,123,-1,43,19,2659,44,-38,2656
37222134,2762,508009580,55216744,5281,-2767,26,5838,292689300,2115,292689360,2115,122,-2,34,-18,2669,35,-75,2666
37232687,2761,508009603,55216724,5282,-2767,24,5838,292689350,2115,292689370,2115,121,-3,53,-29,2678,53,-85,2675
37241869,2761,508009627,55216704,5282,-2766,23,5838,292689350,2115,292689380,2115,120,-4,48,21,2641,48,-34,2639
37251795,2760,508009651,55216685,5283,-2766,22,5838,292689350,2115,292689390,2115,119,-5,76,-21,2625,76,-75,2622
37261799,2759,508009675,55216665,5284,-2766,21,5838,292689350,2115,292689400,2115,118,-6,77,4,2622,76,-51,2619
37272207,2759,508009698,55216646,5284,-2766,20,5838,292689350,2115,292689410,2115,118,-6,44,-39,2595,44,-92,2592
37281931,2758,508009722,55216626,5285,-2765,20,5838,292689400,2115,292689420,2115,117,-7,28,-14,2570,27,-67,2567
37292821,2757,508009746,55216606,5285,-2765,19,5838,292689400,2115,292689430,2115,117,-8,37,-1,2592,36,-54,2590
37301805,2757,508009770,55216587,5286,-2765,19,5838,292689400,2115,292689440,2115,116,-9,53,-21,2594,51,-74,2591
37311822,2756,508009793,55216567,5287,-2764,17,5838,292689400,2115,292689450,2115,116,-9,93,-29,2686,91,-83,2683
37322776,2755,508009817,55216548,5288,-2764,16,5838,292689400,2115,292689460,2115,115,-10,82,-63,2628,80,-116,2624
37331939,2754,508009841,55216528,5288,-2764,15,5838,292689450,2115,292689470,2115,116,-10,46,-59,2613,44,-112,2610
37341866,2754,508009865,55216508,5289,-2763,15,5838,292689450,2115,292689480,2115,116,-10,28,-9,2504,25,-60,2501
37351793,2753,508009888,55216489,5289,-2763,14,5838,292689450,2115,292689490,2115,116,-10,40,-34,2585,37,-87,2582
37361798,2752,508009912,55216469,5290,-2762,14,5838,292689450,2115,292689500,2115,117,-10,20,-15,2550,17,-67,2547
37372068,2752,508009936,55216450,5290,-2762,14,5838,292689450,2115,292689510,2115,118,-10,26,-68,2563,24,-121,2559
37381939,2751,508009960,55216430,5291,-2761,13,5838,292689500,2115,292689520,2115,118,-9,65,-77,2530,63,-129,2526
37391857,2750,508009983,55216410,5292,-2760,13,5838,292689500,2115,292689530,2115,119,-8,95,-84,2524,94,-136,2520
37401784,2750,508010007,55216391,5293,-2760,13,5838,292689500,2115,292689540,2115,120,-7,109,-32,2479,108,-84,2477
37411824,2749,508010031,55216371,5294,-2760,14,5838,292689500,2115,292689550,2115,121,-6,109,-67,2463,108,-119,2459
37422295,2749,508010055,55216352,5295,-2760,14,5838,292689500,2115,292689560,2115,122,-5,40,-14,2465,40,-66,2462
37431922,2748,508010079,55216332,5296,-2758,15,5838,292689550,2115,292689570,2115,123,-4,64,-96,2399,65,-147,2395
37441884,2748,508010102,55216312,5297,-2757,16,5838,292689550,2115,292689580,2115,123,-2,79,-134,2410,80,-186,2405
37451810,2747,508010126,55216293,5298,-2757,16,5838,292689550,2115,292689590,2115,124,-1,111,-43,2402,112,-95,2399
37461802,2746,508010150,55216274,5299,-2758,18,5838,292689550,2115,292689600,2115,124,1,158,20,2367,160,-31,2365
37474498,2746,508010174,55216254,5301,-2757,19,5838,292689550,2115,292689610,2115,124,2,123,-40,2319,126,-90,2316
37481945,2745,508010198,55216234,5302,-2757,21,5838,292689600,2115,292689620,2115,125,4,119,-58,2268,122,-108,2265
37491875,2744,508010222,55216215,5303,-2757,23,5838,292689600,2115,292689630,2115,125,5,91,-28,2251,95,-77,2248
37501806,2744,508010245,55216195,5304,-2757,24,5838,292689600,2115,292689640,2115,125,7,104,-19,2326,109,-70,2324
37511806,2743,508010269,55216176,5305,-2757,26,5838,292689600,2115,292689650,2115,125,8,145,-34,2305,150,-84,2302
37522079,2742,508010293,55216157,5307,-2757,27,5838,292689600,2115,292689660,2115,125,9,144,-65,2319,150,-115,2315
37532314,2742,508010317,55216136,5308,-2757,29,5838,292689650,2115,292689670,2115,125,11,132,11,2287,138,-38,2285
37541873,2741,508010341,55216117,5309,-2757,31,5838,292689650,2115,292689680,2115,125,12,133,-35,2234,140,-84,2230
37551789,2740,508010365,55216098,5310,-2757,33,5838,292689650,2115,292689690,2115,125,13,121,-38,2246,128,-86,2242
37561978,2739,508010389,55216078,5311,-2756,35,5838,292689650,2115,292689700,2115,125,13,99,-47,2300,106,-97,2296
37572095,2738,508010412,55216059,5312,-2757,37,5838,292689650,2115,292689710,2115,124,14,125,2,2251,132,-46,2248
37581933,2737,508010436,55216038,5314,-2756,38,5838,292689700,2115,292689720,2115,124,14,128,-61,2283,136,-110,2279
37592296,2737,508010460,55216019,5315,-2756,40,5838,292689700,2115,292689730,2115,123,14,139,-50,2313,147,-100,2309
37601799,2736,508010484,55216000,5317,-2756,41,5838,292689700,2115,292689740,2115,123,14,167,13,2314,175,-37,2311
37612569,2735,508010508,55215980,5318,-2756,43,5838,292689700,2115,292689750,2115,123,14,163,-5,2316,170,-55,2313
37622056,2734,508010532,55215961,5319,-2756,44,5838,292689700,2115,292689760,2115,123,14,138,-75,2332,146,-125,2328
37631945,2733,508010556,55215941,5320,-2756,46,5838,292689750,2115,292689770,2115,123,13,82,-42,2254,89,-90,2250
37641889,2732,508010580,55215921,5322,-2756,48,5838,292689750,2115,292689780,2115,124,13,95,-57,2326,102,-107,2322
37651814,2731,508010604,55215902,5323,-2755,49,5838,292689750,2115,292689790,2115,124,12,91,-75,2297,98,-125,2293
37661796,2730,508010628,55215883,5324,-2755,50,5839,292689750,2115,292689800,2115,124,12,181,-87,2423,188,-139,2418
37672084,2729,508010651,55215863,5326,-2755,50,5839,292689750,2115,292689810,2115,123,11,177,-41,2462,183,-94,2459
37681950,2728,508010675,55215843,5328,-2755,51,5839,292689800,2115,292689820,2115,123,10,164,-62,2453,170,-114,2449
37691871,2727,508010699,55215824,5329,-2755,51,5839,292689800,2115,292689830,2115,124,8,106,-63,2423,112,-115,2419
37701785,2726,508010723,55215804,5330,-2754,52,5839,292689800,2115,292689840,2115,124,7,72,-48,2464,77,-101,2460
37711787,2725,508010747,55215785,5331,-2754,52,5839,292689800,2115,292689850,2115,124,6,85,-77,2463,90,-130,2459
37723219,2724,508010771,55215766,5332,-2753,52,5839,292689800,2115,292689860,2115,124,5,127,-121,2441,131,-174,2436
37731940,2723,508010795,55215745,5334,-2752,53,5839,292689850,2115,292689870,2115,124,4,125,-59,2443,129,-111,2440
37742561,2722,508010819,55215726,5335,-2752,53,5839,292689850,2115,292689880,2115,125,3,154,-53,2454,157,-106,2451
37751804,2721,508010843,55215707,5337,-2752,53,5839,292689850,2115,292689890,2115,125,1,164,-108,2495,167,-162,2490
37761805,2720,508010867,55215688,5338,-2751,53,5839,292689850,2115,292689900,2115,125,0,130,-73,2496,132,-127,2492
37773214,2719,508010891,55215668,5339,-2751,53,5839,292689850,2115,292689910,2115,125,-1,94,-78,2555,96,-133,2550
37781954,2719,508010915,55215648,5340,-2750,52,5839,292689900,2115,292689920,2115,125,-2,66,-46,2565,67,-102,2562
37791856,2718,508010939,55215629,5341,-2750,52,5839,292689900,2115,292689930,2115,125,-3,80,-74,2527,81,-129,2523
37801794,2717,508010963,55215609,5343,-2749,51,5839,292689900,2115,292689940,2115,125,-4,151,-76,2637,151,-133,2633
37811835,2716,508010987,55215590,5344,-2749,51,5839,292689900,2115,292689950,2115,125,-5,139,-87,2569,139,-143,2565
37822053,2715,508011011,55215571,5346,-2748,50,5839,292689900,2115,292689960,2115,125,-6,137,-87,2650,136,-144,2645
37831964,2714,508011035,55215550,5347,-2748,49,5839,292689950,2115,292689970,2115,125,-7,136,-93,2591,136,-149,2587
37841861,2713,508011059,55215531,5348,-2747,49,5839,292689950,2115,292689980,2115,125,-8,61,-43,2554,60,-99,2550
37851792,2712,508011083,55215512,5349,-2747,48,5839,292689950,2115,292689990,2115,125,-9,99,-87,2595,98,-144,2591
37861801,2711,508011107,55215493,5350,-2746,47,5839,292689950,2115,292690000,2115,125,-9,91,-68,2568,89,-124,2565
37872094,2710,508011131,55215473,5352,-2746,46,5839,292689950,2115,292690010,2115,125,-10,139,-77,2659,137,-135,2655
37881960,2709,508011155,55215453,5353,-2745,45,5839,292690000,2115,292690020,2115,125,-10,128,-13,2638,125,-70,2635
37891864,2708,508011179,55215434,5354,-2745,43,5839,292690000,2115,292690030,2115,125,-11,120,-101,2711,118,-160,2707
37901781,2707,508011204,55215414,5355,-2744,42,5839,292690000,2115,292690040,2115,125,-11,117,-120,2627,114,-177,2623
37911789,2706,508011228,55215395,5356,-2743,41,5839,292690000,2115,292690050,2115,125,-11,70,-53,2710,67,-112,2707
37922090,2705,508011252,55215376,5357,-2743,39,5839,292690000,2115,292690060,2115,125,-12,87,13,2708,83,-47,2706
37931976,2704,508011276,55215356,5358,-2742,39,5839,292690050,2115,292690070,2115,126,-11,96,-146,2543,93,-202,2538
37941894,2703,508011300,55215336,5359,-2742,38,5839,292690050,2115,292690080,2115,126,-11,87,-52,2644,85,-110,2640
37952087,2702,508011324,55215317,5361,-2741,36,5839,292690050,2115,292690090,2115,127,-10,121,-74,2674,119,-133,2670
37961832,2701,508011348,55215298,5362,-2741,35,5839,292690050,2115,292690100,2115,128,-9,157,-93,2727,155,-153,2723
37972082,2700,508011372,55215279,5364,-2740,34,5839,292690050,2115,292690110,2115,128,-9,114,-128,2612,112,-187,2607
37981960,2699,508011396,55215259,5365,-2739,32,5839,292690100,2115,292690120,2115,129,-8,70,-36,2730,68,-97,2726
37991851,2699,508011420,55215239,5365,-2739,31,5839,292690100,2115,292690130,2115,129,-7,72,-33,2653,71,-93,2649
38001801,2698,508011444,55215220,5367,-2738,30,5839,292690100,2115,292690140,2115,130,-6,88,-110,2668,88,-171,2663
38011835,2697,508011469,55215201,5368,-2737,28,5839,292690100,2115,292690150,2115,130,-5,116,-117,2637,116,-177,2631
38022471,2696,508011493,55215182,5369,-2737,28,5839,292690100,2115,292690160,2115,131,-3,128,-71,2533,129,-129,2529
38031947,2695,508011517,55215161,5371,-2736,27,5839,292690150,2115,292690170,2115,132,-2,128,-150,2614,130,-210,2608
38041855,2695,508011541,55215142,5372,-2736,28,5839,292690150,2115,292690180,2115,133,-1,135,-42,2486,137,-99,2482
38051802,2694,508011565,55215123,5373,-2736,28,5839,292690150,2115,292690190,2115,133,0,44,50,2453,45,-7,2452
38061809,2693,508011589,55215104,5374,-2735,28,5839,292690150,2115,292690200,2115,133,2,85,-145,2499,88,-203,2493
38073204,2692,508011613,55215085,5376,-2734,27,5839,292690150,2115,292690210,2115,134,3,117,-170,2596,121,-230,2589
38081953,2692,508011638,55215064,5377,-2734,27,5839,292690200,2115,292690220,2115,134,4,198,1,2501,202,-57,2498
38091898,2691,508011662,55215045,5379,-2734,27,5839,292690200,2115,292690230,2115,134,5,122,-4,2503,126,-62,2500
38101793,2690,508011686,55215026,5380,-2734,27,5839,292690200,2115,292690240,2115,135,6,126,-37,2536,131,-96,2533
38111808,2689,508011710,55215007,5381,-2733,27,5839,292690200,2115,292690250,2115,135,7,105,-103,2508,110,-161,2503
38122053,2689,508011734,55214988,5382,-2733,27,5839,292690200,2115,292690260,2115,135,8,55,20,2562,60,-40,2560
38131976,2688,508011758,55214968,5383,-2733,27,5839,292690250,2115,292690270,2115,135,9,108,-12,2470,114,-70,2467
38141872,2687,508011783,55214948,5385,-2732,27,5839,292690250,2115,292690280,2115,136,9,147,-120,2502,153,-179,2497
38151791,2686,508011807,55214929,5387,-2731,28,5839,292690250,2115,292690290,2115,137,9,168,-144,2393,175,-200,2387
38161796,2685,508011831,55214910,5387,-2732,28,5839,292690250,2115,292690300,2115,138,9,93,56,2432,99,-3,2430
38172367,2685,508011855,55214891,5388,-2732,30,5839,292690250,2115,292690310,2115,139,10,115,39,2343,120,-17,2341
38181948,2684,508011880,55214871,5389,-2731,30,5839,292690300,2115,292690320,2115,139,10,91,-118,2419,98,-176,2413
38191867,2683,508011904,55214852,5390,-2730,31,5839,292690300,2115,292690330,2115,140,10,70,-126,2413,77,-185,2408
38201834,2682,508011928,55214832,5391,-2730,31,5839,292690300,2115,292690340,2115,140,10,118,-11,2521,124,-72,2518
38211800,2682,508011952,55214813,5393,-2730,31,5839,292690300,2115,292690350,2115,141,10,127,-50,2504,133,-112,2500
38222071,2681,508011976,55214794,5395,-2729,31,5839,292690300,2115,292690360,2115,142,9,152,-131,2486,159,-192,2480
38231953,2680,508012001,55214774,5396,-2729,31,5839,292690350,2115,292690370,2115,143,9,90,-44,2547,97,-108,2543
38241864,2679,508012025,55214755,5397,-2729,31,5839,292690350,2115,292690380,2115,144,9,80,-3,2427,85,-64,2424
38251782,2678,508012049,55214736,5398,-2728,32,5839,292690350,2115,292690390,2115,145,9,80,-115,2467,86,-177,2461
38261809,2678,508012073,55214716,5399,-2727,32,5839,292690350,2115,292690400,2115,145,8,74,-133,2404,80,-194,2398
38272672,2677,508012098,55214697,5400,-2727,33,5839,292690350,2115,292690410,2115,146,7,105,75,2397,109,14,2396
38281967,2676,508012122,55214677,5401,-2727,34,5839,292690400,2115,292690420,2115,146,7,127,-77,2430,132,-139,2425
38291875,2675,508012146,55214658,5403,-2726,34,5839,292690400,2115,292690430,2115,147,6,136,-106,2485,141,-170,2479
38301806,2675,508012171,55214639,5404,-2726,35,5839,292690400,2115,292690440,2115,147,5,109,16,2421,113,-46,2419
38311793,2674,508012195,55214620,5405,-2726,36,5839,292690400,2115,292690450,2115,148,4,101,-29,2398,105,-91,2394
38323407,2673,508012219,55214601,5406,-2725,36,5839,292690400,2115,292690460,2115,148,4,65,-63,2445,69,-127,2441
38331959,2672,508012243,55214580,5407,-2724,37,5839,292690450,2115,292690470,2115,148,3,72,-129,2445,76,-193,2438
38341898,2671,508012268,55214561,5408,-2724,37,5839,292690450,2115,292690480,2115,148,2,106,0,2504,109,-65,2502
38352368,2671,508012292,55214542,5409,-2723,36,5839,292690450,2115,292690490,2115,148,2,101,-54,2529,104,-119,2524
38361795,2670,508012316,55214523,5410,-2723,36,5839,292690450,2115,292690500,2115,148,1,115,-11,2538,118,-76,2535
38372058,2669,508012341,55214504,5411,-2723,36,5839,292690450,2115,292690510,2115,148,0,81,-52,2483,83,-116,2479
38381959,2668,508012365,55214484,5413,-2722,36,5839,292690500,2115,292690520,2115,148,-1,118,-46,2505,120,-110,2502
38391871,2667,508012389,55214465,5414,-2722,36,5839,292690500,2115,292690530,2115,148,-1,81,-49,2491,83,-113,2487
38401792,2666,508012414,55214446,5415,-2721,37,5839,292690500,2115,292690540,2115,147,-2,73,-36,2475,75,-100,2472
38412483,2665,508012438,55214427,5416,-2721,37,5839,292690500,2115,292690550,2115,147,-3,81,-34,2503,82,-98,2500
38422756,2664,508012462,55214408,5417,-2720,37,5839,292690500,2115,292690560,2115,146,-4,104,-65,2494,105,-128,2489
38431942,2663,508012487,55214387,5418,-2721,36,5839,292690550,2115,292690570,2115,145,-5,119,15,2580,119,-50,2578
38441912,2662,508012511,55214368,5419,-2720,36,5839,292690550,2115,292690580,2115,143,-6,116,-25,2553,116,-89,2550
38451796,2661,508012535,55214349,5420,-2720,35,5839,292690550,2115,292690590,2115,143,-6,113,-79,2561,112,-143,2557
38461780,2660,508012560,55214330,5421,-2719,34,5839,292690550,2115,292690600,2115,142,-7,51,-33,2611,49,-98,2608
38472127,2659,508012584,55214311,5422,-2719,34,5839,292690550,2115,292690610,2115,142,-8,73,-34,2589,72,-99,2586
38481934,2658,508012609,55214291,5422,-2718,33,5839,292690600,2115,292690620,2115,141,-9,80,-55,2561,78,-118,2557
38491803,2657,508012633,55214272,5423,-2718,33,5839,292690600,2115,292690630,2115,139,-10,92,-8,2577,89,-71,2575
38501831,2656,508012657,55214253,5424,-2718,32,5839,292690600,2115,292690640,2115,138,-10,111,-41,2543,109,-102,2539
38511796,2655,508012682,55214234,5425,-2717,32,5839,292690600,2115,292690650,2115,137,-10,104,-74,2587,101,-136,2583
38522041,2654,508012706,55214215,5426,-2717,30,5839,292690600,2115,292690660,2115,136,-11,105,-68,2648,102,-131,2644
38531941,2653,508012730,55214195,5427,-2717,29,5839,292690650,2115,292690670,2115,135,-11,81,-20,2607,78,-81,2604
38541865,2652,508012755,55214175,5428,-2716,28,5839,292690650,2115,292690680,2115,133,-12,94,-34,2628,91,-95,2625
38551786,2651,508012779,55214156,5429,-2716,27,5839,292690650,2115,292690690,2115,132,-12,68,-64,2640,65,-125,2636
38562462,2650,508012804,55214137,5430,-2715,27,5839,292690650,2115,292690700,2115,130,-11,76,-49,2552,73,-107,2548
38572087,2650,508012828,55214118,5431,-2714,27,5839,292690650,2115,292690710,2115,128,-11,81,-121,2500,78,-177,2495
38581957,2649,508012852,55214098,5432,-2714,27,5839,292690700,2115,292690720,2115,126,-10,99,-15,2541,97,-71,2538
38592518,2648,508012877,55214079,5433,-2713,26,5839,292690700,2115,292690730,2115,124,-9,79,-58,2568,77,-113,2564
38601798,2647,508012901,55214060,5434,-2713,25,5839,292690700,2115,292690740,2115,122,-9,107,-1,2597,105,-57,2594
38611789,2646,508012926,55214041,5434,-2713,25,5839,292690700,2115,292690750,2115,120,-8,86,7,2605,84,-48,2603
38622634,2646,508012950,55214022,5435,-2713,24,5839,292690700,2115,292690760,2115,119,-7,71,-51,2618,70,-105,2615
38631931,2645,508012974,55214002,5437,-2712,23,5839,292690750,2115,292690770,2115,118,-6,126,-67,2563,126,-120,2559
38641861,2644,508012999,55213983,5438,-2712,23,5839,292690750,2115,292690780,2115,118,-5,93,-49,2492,93,-100,2489
38652520,2643,508013023,55213964,5438,-2712,24,5839,292690750,2115,292690790,2115,118,-4,83,-25,2400,83,-74,2397
38661801,2642,508013048,55213945,5439,-2711,26,5839,292690750,2115,292690800,2115,117,-3,54,-23,2329,54,-70,2327
38672048,2641,508013072,55213926,5440,-2711,26,5839,292690750,2115,292690810,2115,117,-2,84,-30,2411,85,-79,2408
38682018,2640,508013097,55213906,5441,-2711,26,5840,292690800,2115,292690820,2115,117,0,98,-76,2509,100,-127,2505
38691891,2639,508013121,55213887,5443,-2710,26,5840,292690800,2115,292690830,2115,117,0,135,-71,2536,137,-123,2532
38701791,2639,508013146,55213868,5444,-2710,26,5840,292690800,2115,292690840,2115,118,1,159,-41,2527,161,-92,2523
38712074,2638,508013170,55213849,5445,-2709,26,5840,292690800,2115,292690850,2115,119,2,94,-107,2512,97,-159,2507
38722099,2637,508013194,55213830,5447,-2708,26,5840,292690800,2115,292690860,2115,120,3,58,-140,2486,62,-193,2480
38731953,2636,508013219,55213810,5447,-2708,27,5840,292690850,2115,292690870,2115,122,4,13,-65,2388,16,-116,2385
38742222,2635,508013243,55213791,5448,-2707,28,5840,292690850,2115,292690880,2115,123,5,34,-83,2338,39,-133,2334
38751806,2635,508013268,55213772,5449,-2706,29,5840,292690850,2115,292690890,2115,124,6,70,-129,2361,75,-180,2356
38761819,2634,508013292,55213753,5451,-2705,30,5840,292690850,2115,292690900,2115,126,7,144,-149,2459,150,-203,2453
38772481,2633,508013317,55213734,5452,-2705,31,5840,292690850,2115,292690910,2115,128,7,149,-53,2417,155,-107,2413
38781958,2633,508013341,55213714,5453,-2704,31,5840,292690900,2115,292690920,2115,129,8,118,-42,2450,124,-97,2446
38791888,2632,508013366,55213695,5455,-2703,32,5840,292690900,2115,292690930,2115,131,9,71,-142,2392,77,-197,2387
38802378,2631,508013391,55213676,5455,-2703,33,5840,292690900,2115,292690940,2115,133,9,-6,-65,2342,0,-120,2338
38811832,2631,508013415,55213657,5456,-2702,34,5840,292690900,2115,292690950,2115,134,10,29,-76,2340,35,-131,2336
38822037,2630,508013440,55213638,5457,-2701,35,5840,292690900,2115,292690960,2115,135,11,60,-85,2377,67,-141,2373
38831959,2629,508013464,55213618,5458,-2700,37,5840,292690950,2115,292690970,2115,137,12,103,-98,2333,110,-153,2328
38841887,2629,508013489,55213599,5459,-2700,38,5840,292690950,2115,292690980,2115,138,13,141,-97,2404,149,-154,2398
38851803,2628,508013513,55213580,5461,-2700,38,5840,292690950,2115,292690990,2115,139,14,125,-2,2443,133,-61,2440
38861935,2627,508013538,55213561,5462,-2699,39,5840,292690950,2115,292691000,2115,140,14,112,-118,2383,120,-176,2377
38872097,2627,508013562,55213542,5463,-2698,40,5840,292690950,2115,292691010,2115,141,14,59,-58,2390,67,-117,2386
38881932,2626,508013587,55213522,5464,-2698,42,5840,292691000,2115,292691020,2115,141,14,31,-27,2279,39,-83,2276
38892417,2625,508013611,55213503,5464,-2697,43,5840,292691000,2115,292691030,2115,141,15,43,-72,2296,51,-128,2292
38901820,2625,508013636,55213484,5465,-2697,44,5840,292691000,2115,292691040,2115,141,15,96,-51,2350,105,-109,2346
38911787,2624,508013661,55213465,5467,-2696,45,5840,292691000,2115,292691050,2115,141,15,113,-49,2424,122,-109,2420
38922363,2623,508013685,55213447,5468,-2697,46,5840,292691000,2115,292691060,2115,141,15,148,24,2402,156,-35,2399
38931978,2622,508013710,55213427,5470,-2696,47,5840,292691050,2115,292691070,2115,141,14,121,-114,2433,130,-174,2427
38941881,2621,508013734,55213408,5471,-2695,47,5840,292691050,2115,292691080,2115,142,13,76,-29,2434,83,-89,2430
38951792,2621,508013759,55213389,5471,-2695,49,5840,292691050,2115,292691090,2115,141,13,20,-14,2333,27,-72,2330
38961786,2620,508013783,55213370,5471,-2695,49,5840,292691050,2115,292691100,2115,141,12,27,-16,2449,34,-77,2446
38972147,2619,508013808,55213351,5472,-2694,49,5840,292691050,2115,292691110,2115,141,12,86,-33,2454,93,-93,2450
38982280,2618,508013833,55213331,5474,-2694,50,5840,292691100,2115,292691120,2115,140,11,137,12,2511,143,-49,2509
38991847,2617,508013857,55213312,5475,-2694,50,5840,292691100,2115,292691130,2115,140,10,144,-11,2490,150,-72,2487
39001808,2616,508013882,55213293,5476,-2694,49,5840,292691100,2115,292691140,2115,140,8,91,-26,2528,97,-88,2524
39011886,2615,508013907,55213274,5477,-2693,49,5840,292691100,2115,292691150,2115,140,7,64,-134,2548,69,-196,2542
39022443,2614,508013931,55213255,5478,-2693,49,5840,292691100,2115,292691160,2115,140,6,19,-11,2546,24,-73,2543
39031943,2613,508013956,55213236,5478,-2693,48,5840,292691150,2115,292691170,2115,140,5,16,13,2524,20,-49,2521
39041961,2612,508013980,55213217,5479,-2692,48,5840,292691150,2115,292691180,2115,140,3,95,-53,2507,99,-114,2503
39051791,2611,508014005,55213198,5480,-2692,48,5840,292691150,2115,292691190,2115,141,2,131,-76,2590,134,-139,2585
39061850,2610,508014030,55213179,5482,-2691,47,5840,292691150,2115,292691200,2115,141,1,126,-59,2531,129,-121,2527
39072827,2609,508014054,55213160,5482,-2691,47,5840,292691150,2115,292691210,2115,141,0,85,-25,2589,87,-89,2586
39082252,2609,508014079,55213140,5483,-2690,46,5840,292691200,2115,292691220,2115,140,-2,37,-66,2568,39,-129,2564
39091865,2608,508014104,55213121,5484,-2689,45,5840,292691200,2115,292691230,2115,140,-2,21,-68,2644,22,-133,2639
39102069,2607,508014128,55213102,5485,-2689,44,5840,292691200,2115,292691240,2115,139,-3,69,-39,2653,70,-103,2650
39111821,2606,508014153,55213083,5486,-2689,42,5840,292691200,2115,292691250,2115,138,-4,123,-5,2656,123,-69,2653
39122061,2606,508014178,55213065,5487,-2688,41,5840,292691200,2115,292691260,2115,138,-5,103,-78,2681,103,-142,2677
39132255,2605,508014202,55213045,5488,-2687,40,5840,292691250,2115,292691270,2115,138,-6,95,-115,2680,95,-180,2675
39141866,2604,508014227,55213026,5488,-2687,39,5840,292691250,2115,292691280,2115,138,-6,23,17,2616,22,-46,2614
39151784,2603,508014252,55213007,5489,-2686,39,5840,292691250,2115,292691290,2115,138,-6,37,-42,2549,36,-104,2546
39162275,2603,508014276,55212988,5490,-2686,38,5840,292691250,2115,292691300,2115,137,-6,44,-30,2557,44,-91,2554
39172038,2602,508014301,55212969,5491,-2685,37,5840,292691250,2115,292691310,2115,135,-6,95,-74,2666,95,-137,2662
39181927,2601,508014326,55212949,5492,-2685,36,5840,292691300,2115,292691320,2115,134,-7,135,7,2650,134,-55,2647
39192529,2601,508014350,55212931,5493,-2685,34,5840,292691300,2115,292691330,2115,133,-7,124,-56,2681,123,-118,2677
39201794,2600,508014375,55212912,5494,-2684,33,5840,292691300,2115,292691340,2115,132,-7,78,-39,2638,77,-100,2634
39211791,2599,508014400,55212893,5495,-2684,32,5840,292691300,2115,292691350,2115,131,-7,40,-42,2670,39,-104,2667
39222094,2599,508014424,55212874,5495,-2684,31,5840,292691300,2115,292691360,2115,130,-7,-8,50,2591,-9,-9,2590
39231942,2598,508014449,55212854,5495,-2683,31,5840,292691350,2115,292691370,2115,129,-6,61,-23,2583,60,-81,2580
39241867,2598,508014474,55212835,5497,-2682,30,5840,292691350,2115,292691380,2115,128,-6,127,-161,2585,127,-218,2579
39251798,2597,508014498,55212817,5498,-2682,29,5840,292691350,2115,292691390,2115,127,-6,118,32,2596,118,-26,2594
39261808,2596,508014523,55212798,5499,-2682,29,5840,292691350,2115,292691400,2115,126,-6,120,2,2571,119,-55,2568
39272071,2596,508014548,55212779,5500,-2682,27,5840,292691350,2115,292691410,2115,126,-6,89,-15,2681,88,-74,2679
39282761,2595,508014573,55212759,5500,-2681,27,5840,292691400,2115,292691420,2115,126,-6,29,-74,2571,29,-131,2567
39291870,2594,508014597,55212740,5501,-2681,26,5840,292691400,2115,292691430,2115,125,-5,39,0,2596,39,-57,2594
39301788,2594,508014622,55212721,5501,-2681,25,5840,292691400,2115,292691440,2115,125,-5,64,21,2592,64,-36,2590
39311782,2593,508014647,55212703,5502,-2680,25,5840,292691400,2115,292691450,2115,124,-4,78,-114,2607,78,-171,2602
39322055,2593,508014671,55212684,5503,-2680,24,5840,292691400,2115,292691460,2115,124,-4,99,-30,2584,99,-86,2581
39331955,2592,508014696,55212664,5504,-2680,24,5840,292691450,2115,292691470,2115,124,-3,97,-11,2510,97,-65,2507
39342516,2591,508014721,55212645,5505,-2680,24,5840,292691450,2115,292691480,2115,124,-2,81,25,2549,82,-30,2547
39351802,2591,508014746,55212626,5506,-2679,24,5840,292691450,2115,292691490,2115,124,-1,57,-72,2496,59,-126,2492
39361786,2590,508014770,55212608,5507,-2678,23,5840,292691450,2115,292691500,2115,125,-1,47,-92,2563,49,-148,2559
39372406,2590,508014795,55212589,5508,-2678,23,5840,292691450,2115,292691510,2115,125,0,79,-37,2470,81,-90,2467
39381983,2589,508014820,55212569,5508,-2678,23,5840,292691500,2115,292691520,2115,125,1,83,7,2509,85,-48,2506
39391883,2589,508014845,55212550,5509,-2678,23,5840,292691500,2115,292691530,2115,125,2,102,-34,2507,105,-89,2504
39402138,2588,508014869,55212531,5510,-2677,24,5840,292691500,2115,292691540,2115,125,3,79,-38,2466,82,-92,2463
39411806,2588,508014894,55212513,5511,-2677,23,5840,292691500,2115,292691550,2115,126,4,68,-21,2538,72,-77,2535
39422326,2587,508014919,55212494,5512,-2677,24,5840,292691500,2115,292691560,2115,127,4,120,-27,2469,124,-81,2465
39432365,2586,508014944,55212474,5513,-2677,25,5840,292691550,2115,292691570,2115,127,4,85,-55,2334,89,-107,2331
39441894,2586,508014969,55212455,5514,-2676,26,5840,292691550,2115,292691580,2115,127,5,71,-27,2303,75,-78,2300
39451782,2586,508014993,55212437,5514,-2676,27,5840,292691550,2115,292691590,2115,127,5,41,36,2403,45,-18,2401
39461818,2585,508015018,55212418,5515,-2676,28,5840,292691550,2115,292691600,2115,128,6,99,-41,2407,104,-94,2404
39472621,2585,508015043,55212399,5517,-2676,28,5840,292691550,2115,292691610,2115,129,6,120,-55,2555,125,-112,2552
39481941,2584,508015068,55212379,5518,-2675,28,5840,292691600,2115,292691620,2115,129,6,96,-50,2486,100,-106,2483
39491859,2583,508015092,55212360,5519,-2675,28,5840,292691600,2115,292691630,2115,130,5,94,14,2496,98,-43,2494
39501785,2583,508015117,55212342,5519,-2675,28,5840,292691600,2115,292691640,2115,130,5,59,-19,2509,63,-76,2506
39511812,2582,508015142,55212323,5520,-2674,28,5840,292691600,2115,292691650,2115,130,4,81,-87,2537,85,-145,2532
39522148,2582,508015167,55212304,5521,-2674,28,5840,292691600,2115,292691660,2115,131,4,52,-40,2422,55,-96,2419
39531953,2581,508015192,55212284,5522,-2674,30,5840,292691650,2115,292691670,2115,132,3,69,-7,2331,72,-61,2328
39541901,2581,508015217,55212266,5523,-2673,30,5840,292691650,2115,292691680,2115,133,2,83,-29,2389,86,-84,2386
39551814,2580,508015241,55212247,5524,-2673,31,5840,292691650,2115,292691690,2115,133,1,125,9,2490,128,-49,2488
39561790,2580,508015266,55212228,5525,-2673,30,5840,292691650,2115,292691700,2115,134,0,155,-50,2555,157,-110,2551
39572737,2579,508015291,55212209,5527,-2672,30,5840,292691650,2115,292691710,2115,135,-1,103,-83,2483,105,-141,2478
39581942,2579,508015316,55212190,5527,-2672,31,5840,292691700,2115,292691720,2115,135,-2,22,16,2360,23,-39,2358
39591851,2578,508015341,55212171,5527,-2672,31,5840,292691700,2115,292691730,2115,134,-3,-13,48,2564,-12,-13,2563
39602724,2578,508015366,55212152,5527,-2672,31,5840,292691700,2115,292691740,2115,134,-4,26,1,2545,26,-59,2543
39611787,2577,508015390,55212133,5529,-2671,30,5840,292691700,2115,292691750,2115,135,-4,152,-64,2537,152,-124,2533
39622052,2577,508015415,55212115,5530,-2671,30,5840,292691700,2115,292691760,2115,136,-4,133,-5,2533,134,-65,2531
39632312,2576,508015440,55212095,5530,-2671,30,5840,292691750,2115,292691770,2115,137,-4,46,-10,2458,46,-69,2456
39641848,2576,508015465,55212076,5531,-2671,30,5840,292691750,2115,292691780,2115,137,-4,65,-36,2537,65,-96,2533
39651801,2576,508015490,55212057,5531,-2670,30,5840,292691750,2115,292691790,2115,138,-3,19,19,2523,20,-41,2521
39661801,2575,508015515,55212039,5532,-2670,30,5840,292691750,2115,292691800,2115,137,-3,91,10,2487,92,-50,2484
39672057,2575,508015539,55212020,5533,-2671,31,5840,292691750,2115,292691810,2115,137,-2,128,56,2410,128,-2,2409
39681936,2574,508015564,55212000,5534,-2671,31,5840,292691800,2115,292691820,2115,137,-2,70,18,2458,71,-42,2456
39691874,2574,508015589,55211981,5535,-2670,31,5840,292691800,2115,292691830,2115,138,-2,137,-130,2479,139,-189,2474
39701805,2574,508015614,55211962,5536,-2670,31,5841,292691800,2115,292691840,2115,138,-1,75,4,2508,76,-57,2506
39711786,2573,508015639,55211944,5536,-2671,32,5841,292691800,2115,292691850,2115,138,-1,37,214,2444,38,155,2447
39722036,2573,508015664,55211925,5537,-2670,33,5841,292691800,2115,292691860,2115,138,0,24,-118,2295,27,-174,2290
39732432,2573,508015689,55211905,5538,-2669,34,5841,292691850,2115,292691870,2115,138,0,87,-145,2460,90,-204,2454
39741901,2572,508015713,55211886,5539,-2670,34,5841,292691850,2115,292691880,2115,137,0,142,93,2428,143,35,2428
39751832,2572,508015738,55211868,5540,-2670,35,5841,292691850,2115,292691890,2115,137,0,167,90,2458,169,32,2458
39761797,2572,508015763,55211849,5541,-2670,35,5841,292691850,2115,292691900,2115,137,0,119,-31,2502,121,-91,2499
39772073,2571,508015788,55211830,5542,-2669,35,5841,292691850,2115,292691910,2115,137,0,40,-104,2500,42,-164,2495
39781943,2571,508015813,55211810,5542,-2670,35,5841,292691900,2115,292691920,2115,137,-1,21,126,2459,22,67,2459
39791996,2571,508015838,55211792,5542,-2670,35,5841,292691900,2115,292691930,2115,136,-1,79,61,2461,80,2,2460
39801796,2570,508015863,55211773,5544,-2669,35,5841,292691900,2115,292691940,2115,136,-2,100,-132,2490,102,-191,2484
39811801,2570,508015888,55211754,5545,-2669,36,5841,292691900,2115,292691950,2115,136,-2,125,-30,2459,126,-88,2456
39823353,2569,508015913,55211735,5545,-2669,36,5841,292691900,2115,292691960,2115,136,-2,75,100,2513,75,40,2513
39831932,2569,508015937,55211716,5546,-2669,35,5841,292691950,2115,292691970,2115,136,-3,64,22,2541,64,-39,2539
39841863,2569,508015962,55211697,5547,-2669,35,5841,292691950,2115,292691980,2115,135,-3,60,-59,2535,61,-119,2531
39851805,2568,508015987,55211678,5547,-2668,35,5841,292691950,2115,292691990,2115,135,-4,78,2,2534,78,-58,2531
39861793,2568,508016012,55211660,5548,-2669,35,5841,292691950,2115,292692000,2115,134,-4,80,85,2525,80,26,2525
39872050,2568,508016037,55211641,5549,-2669,35,5841,292691950,2115,292692010,2115,134,-4,90,-13,2499,90,-72,2497
39881949,2568,508016062,55211621,5550,-2668,35,5841,292692000,2115,292692020,2115,133,-4,68,-55,2502,68,-113,2499
39891889,2567,508016087,55211602,5550,-2668,34,5841,292692000,2115,292692030,2115,133,-4,27,9,2554,27,-51,2551
39901815,2567,508016112,55211584,5550,-2668,34,5841,292692000,2115,292692040,2115,133,-4,73,80,2523,73,22,2522
39911796,2567,508016137,55211565,5551,-2668,33,5841,292692000,2115,292692050,2115,133,-4,85,10,2657,85,-52,2655
39922100,2566,508016162,55211546,5552,-2668,33,5841,292692000,2115,292692060,2115,133,-4,132,-18,2540,133,-77,2537
39931943,2566,508016187,55211526,5553,-2668,32,5841,292692050,2115,292692070,2115,133,-4,107,55,2583,107,-5,2582
39941883,2565,508016212,55211508,5554,-2668,32,5841,292692050,2115,292692080,2115,133,-4,79,-6,2478,80,-64,2476
39951786,2565,508016237,55211489,5555,-2668,33,5841,292692050,2115,292692090,2115,133,-4,54,10,2450,54,-47,2448
39961789,2564,508016262,55211470,5555,-2668,33,5841,292692050,2115,292692100,2115,134,-3,37,-7,2420,37,-64,2418
39972060,2564,508016287,55211451,5556,-2668,34,5841,292692050,2115,292692110,2115,134,-2,74,0,2429,75,-57,2427
39981958,2564,508016311,55211432,5557,-2668,34,5841,292692100,2115,292692120,2115,134,-2,114,34,2521,115,-25,2519
39991868,2563,508016336,55211413,5558,-2668,33,5841,292692100,2115,292692130,2115,134,-1,137,5,2613,138,-56,2610
40001773,2563,508016361,55211394,5559,-2668,32,5841,292692100,2115,292692140,2115,135,-1,119,11,2627,121,-51,2625
40011864,2562,508016386,55211375,5560,-2668,31,5841,292692100,2115,292692150,2115,135,-1,89,-48,2638,91,-110,2634
40022140,2562,508016411,55211357,5560,-2667,30,5841,292692100,2115,292692160,2115,136,0,5,13,2567,7,-48,2565
40031926,2562,508016436,55211337,5560,-2667,31,5841,292692150,2115,292692170,2115,136,0,26,-21,2402,29,-78,2399
40041876,2561,508016461,55211318,5561,-2667,32,5841,292692150,2115,292692180,2115,136,1,56,-25,2428,59,-83,2424
40051793,2561,508016486,55211300,5562,-2667,32,5841,292692150,2115,292692190,2115,137,1,90,2,2451,93,-57,2448
40061841,2561,508016511,55211281,5563,-2667,32,5841,292692150,2115,292692200,2115,137,1,139,58,2488,141,-1,2487
40073254,2560,508016536,55211262,5564,-2667,32,5841,292692150,2115,292692210,2115,137,1,143,-5,2515,146,-65,2512
40081977,2560,508016561,55211242,5565,-2666,32,5841,292692200,2115,292692220,2115,138,1,96,-38,2508,98,-98,2505
40091888,2560,508016586,55211224,5566,-2666,32,5841,292692200,2115,292692230,2115,138,1,83,-26,2501,85,-87,2498
40101807,2559,508016611,55211205,5566,-2666,33,5841,292692200,2115,292692240,2115,137,1,41,56,2454,43,-3,2453
40111790,2559,508016636,55211186,5567,-2666,32,5841,292692200,2115,292692250,2115,137,0,32,18,2523,34,-43,2520
40122043,2559,508016661,55211168,5568,-2666,32,5841,292692200,2115,292692260,2115,136,0,75,7,2551,77,-53,2549
40132130,2559,508016686,55211148,5569,-2666,32,5841,292692250,2115,292692270,2115,135,0,126,14,2569,128,-47,2567
40141873,2558,508016711,55211129,5570,-2666,31,5841,292692250,2115,292692280,2115,135,0,146,26,2555,148,-34,2553
40151804,2558,508016736,55211110,5571,-2666,31,5841,292692250,2115,292692290,2115,134,-1,102,31,2567,103,-29,2565
40161791,2558,508016761,55211092,5571,-2666,31,5841,292692250,2115,292692300,2115,133,-1,60,-25,2517,62,-84,2514
40172094,2557,508016787,55211073,5572,-2666,31,5841,292692250,2115,292692310,2115,132,-1,47,19,2507,48,-39,2505
40181953,2557,508016811,55211053,5572,-2667,31,5841,292692300,2115,292692320,2115,131,-1,57,118,2480,58,62,2480
40191858,2557,508016837,55211035,5573,-2667,30,5841,292692300,2115,292692330,2115,130,-2,118,-10,2530,119,-67,2528
40201789,2556,508016862,55211016,5574,-2667,30,5841,292692300,2115,292692340,2115,129,-2,135,-7,2531,136,-63,2528
40211781,2556,508016887,55210997,5575,-2667,30,5841,292692300,2115,292692350,2115,127,-2,74,73,2526,74,17,2525
40222087,2556,508016912,55210978,5575,-2667,29,5841,292692300,2115,292692360,2115,127,-2,79,55,2615,79,-3,2614
40231943,2555,508016937,55210959,5576,-2667,29,5841,292692350,2115,292692370,2115,126,-3,72,-24,2540,73,-79,2537
40241871,2555,508016962,55210940,5577,-2667,29,5841,292692350,2115,292692380,2115,124,-3,72,6,2503,73,-49,2501
40251793,2554,508016987,55210921,5577,-2667,29,5841,292692350,2115,292692390,2115,123,-3,83,50,2435,83,-3,2434
40261810,2554,508017012,55210903,5578,-2668,29,5841,292692350,2115,292692400,2115,122,-3,113,45,2539,114,-9,2538
40272047,2554,508017037,55210884,5579,-2668,29,5841,292692350,2115,292692410,2115,121,-3,116,-8,2499,117,-61,2497
40281937,2553,508017062,55210864,5580,-2668,29,5841,292692400,2115,292692420,2115,120,-3,103,47,2523,104,-6,2522
40291863,2553,508017087,55210845,5581,-2668,29,5841,292692400,2115,292692430,2115,120,-3,93,-25,2473,94,-77,2470
40301820,2552,508017112,55210827,5582,-2668,29,5841,292692400,2115,292692440,2115,119,-3,84,-29,2463,85,-81,2460
40311792,2552,508017137,55210808,5582,-2668,29,5841,292692400,2115,292692450,2115,118,-3,49,58,2482,50,6,2481
40323317,2551,508017162,55210789,5583,-2668,29,5841,292692400,2115,292692460,2115,118,-2,85,17,2557,86,-36,2555
40332100,2551,508017187,55210769,5584,-2668,29,5841,292692450,2115,292692470,2115,118,-2,114,13,2516,115,-39,2514
40341870,2550,508017212,55210751,5585,-2668,29,5841,292692450,2115,292692480,2115,118,-2,153,-33,2486,155,-84,2483
40351792,2550,508017238,55210732,5585,-2668,29,5841,292692450,2115,292692490,2115,118,-2,72,54,2493,72,3,2492
40361779,2549,508017263,55210713,5586,-2668,30,5841,292692450,2115,292692500,2115,118,-2,72,-14,2422,73,-64,2420
40372175,2549,508017288,55210694,5587,-2667,30,5841,292692450,2115,292692510,2115,119,-2,78,-69,2414,80,-119,2411
40381954,2548,508017313,55210675,5588,-2667,31,5841,292692500,2115,292692520,2115,119,-2,70,-6,2424,72,-57,2422
40391875,2548,508017338,55210656,5589,-2667,31,5841,292692500,2115,292692530,2115,120,-1,116,18,2425,118,-32,2423
40402500,2548,508017363,55210637,5590,-2667,32,5841,292692500,2115,292692540,2115,120,-1,117,2,2464,118,-49,2462
40411808,2547,508017388,55210619,5591,-2667,31,5841,292692500,2115,292692550,2115,121,-1,137,-72,2546,139,-125,2542
40422055,2547,508017413,55210600,5592,-2667,31,5841,292692500,2115,292692560,2115,121,-1,87,-17,2507,88,-70,2504
40432341,2547,508017438,55210580,5592,-2666,31,5841,292692550,2115,292692570,2115,122,-1,67,-2,2467,69,-54,2465
40441880,2546,508017463,55210561,5593,-2666,32,5841,292692550,2115,292692580,2115,122,-1,60,-47,2451,62,-99,2448
40451812,2546,508017489,55210543,5594,-2665,32,5841,292692550,2115,292692590,2115,123,-1,66,-17,2430,68,-70,2428
40462436,2546,508017514,55210524,5595,-2665,33,5841,292692550,2115,292692600,2115,123,0,88,-9,2429,90,-61,2426
40472282,2546,508017539,55210505,5596,-2665,33,5841,292692550,2115,292692610,2115,124,0,119,-40,2441,122,-93,2438
40481941,2545,508017564,55210486,5597,-2665,34,5841,292692600,2115,292692620,2115,124,1,128,4,2457,130,-49,2455
40492704,2545,508017589,55210467,5598,-2665,34,5841,292692600,2115,292692630,2115,125,1,100,11,2450,102,-43,2448
40501828,2545,508017614,55210448,5599,-2665,34,5841,292692600,2115,292692640,2115,126,1,55,-5,2503,58,-60,2501
40511781,2544,508017639,55210430,5600,-2664,35,5841,292692600,2115,292692650,2115,126,2,69,-99,2448,72,-153,2443
40522062,2544,508017665,55210411,5600,-2665,35,5841,292692600,2115,292692660,2115,126,2,85,60,2424,87,7,2423
40532471,2544,508017690,55210391,5601,-2665,36,5841,292692650,2115,292692670,2115,126,2,98,75,2374,101,23,2373
40541868,2544,508017715,55210372,5602,-2665,37,5841,292692650,2115,292692680,2115,127,3,121,-7,2387,124,-60,2385
40552246,2543,508017740,55210354,5603,-2665,38,5841,292692650,2115,292692690,2115,128,3,94,-18,2424,97,-72,2422
40561785,2543,508017765,55210335,5604,-2665,38,5841,292692650,2115,292692700,2115,128,3,92,-14,2487,95,-70,2484
40572045,2543,508017790,55210316,5604,-2665,38,5841,292692650,2115,292692710,2115,128,3,88,25,2464,91,-30,2463
40582309,2542,508017816,55210297,5605,-2665,39,5841,292692700,2115,292692720,2115,129,2,92,0,2445,95,-55,2442
40591863,2542,508017841,55210278,5606,-2665,39,5841,292692700,2115,292692730,2115,129,2,89,2,2478,92,-54,2476
40601784,2542,508017866,55210259,5607,-2665,39,5841,292692700,2115,292692740,2115,129,2,98,43,2451,100,-12,2450
40612254,2542,508017891,55210240,5608,-2665,39,5841,292692700,2115,292692750,2115,129,2,100,12,2513,103,-45,2510
40622430,2542,508017917,55210222,5609,-2665,39,5841,292692700,2115,292692760,2115,129,1,100,-12,2487,102,-68,2484
40632452,2541,508017942,55210202,5609,-2665,39,5841,292692750,2115,292692770,2115,129,1,82,51,2509,84,-5,2508
40642566,2541,508017967,55210183,5610,-2665,39,5841,292692750,2115,292692780,2115,129,0,86,15,2519,88,-42,2517
40651814,2541,508017992,55210165,5611,-2665,39,5841,292692750,2115,292692790,2115,130,-1,113,1,2551,115,-56,2548
40661813,2541,508018017,55210146,5612,-2665,39,5841,292692750,2115,292692800,2115,130,-1,117,-8,2514,118,-65,2511
40671969,2540,508018043,55210127,5613,-2666,38,5841,292692750,2115,292692810,2115,130,-2,99,58,2541,100,1,2539
40681924,2540,508018068,55210107,5613,-2666,39,5841,292692800,2115,292692820,2115,130,-3,84,37,2490,84,-19,2488
40692166,2540,508018093,55210089,5614,-2665,39,5841,292692800,2115,292692830,2115,130,-4,82,-37,2499,83,-94,2496
40701808,2540,508018118,55210070,5615,-2665,38,5841,292692800,2115,292692840,2115,130,-5,63,35,2553,63,-23,2551
40711790,2540,508018144,55210051,5616,-2666,38,5841,292692800,2115,292692850,2115,130,-5,113,37,2558,112,-21,2556
40722069,2539,508018169,55210032,5617,-2666,37,5841,292692800,2115,292692860,2115,129,-6,121,61,2559,120,3,2558
40732611,2539,508018194,55210013,5618,-2666,36,5842,292692850,2115,292692870,2115,130,-7,89,-28,2632,88,-87,2629
40741804,2539,508018219,55209994,5618,-2666,36,5842,292692850,2115,292692880,2115,130,-7,72,29,2594,71,-30,2593
40751781,2539,508018245,55209975,5619,-2666,35,5842,292692850,2115,292692890,2115,130,-7,56,37,2589,55,-22,2588
40761867,2538,508018270,55209957,5619,-2666,34,5842,292692850,2115,292692900,2115,130,-7,61,39,2562,59,-19,2561
40772034,2538,508018295,55209938,5620,-2666,34,5842,292692850,2115,292692910,2115,130,-7,82,33,2542,80,-24,2541
40781944,2538,508018320,55209918,5621,-2666,33,5842,292692900,2115,292692920,2115,130,-7,115,-53,2583,114,-111,2579
40792912,2538,508018346,55209900,5622,-2666,33,5842,292692900,2115,292692930,2115,130,-7,93,23,2546,91,-35,2544
40801795,2537,508018371,55209881,5622,-2666,32,5842,292692900,2115,292692940,2115,130,-7,93,64,2588,91,5,2587
40811786,2537,508018396,55209862,5623,-2666,32,5842,292692900,2115,292692950,2115,130,-7,98,6,2543,97,-52,2541
40822568,2537,508018421,55209843,5624,-2666,32,5842,292692900,2115,292692960,2115,131,-7,65,28,2577,64,-31,2576
40831935,2536,508018447,55209824,5624,-2666,31,5842,292692950,2115,292692970,2115,131,-7,97,-19,2516,96,-76,2513
40841859,2536,508018472,55209805,5625,-2666,31,5842,292692950,2115,292692980,2115,130,-6,114,1,2545,113,-57,2543
40852519,2536,508018497,55209786,5626,-2666,31,5842,292692950,2115,292692990,2115,130,-6,109,36,2513,108,-21,2511
40861801,2536,508018522,55209768,5627,-2666,31,5842,292692950,2115,292693000,2115,129,-6,79,51,2514,78,-6,2512
40872498,2536,508018548,55209749,5628,-2666,30,5842,292692950,2115,292693010,2115,129,-6,102,42,2546,101,-16,2544
40882099,2535,508018573,55209729,5628,-2666,30,5842,292693000,2115,292693020,2115,128,-6,102,31,2524,102,-25,2522
40891874,2535,508018598,55209711,5629,-2666,30,5842,292693000,2115,292693030,2115,128,-6,94,-15,2587,93,-73,2584
40901805,2535,508018623,55209692,5630,-2666,29,5842,292693000,2115,292693040,2115,128,-6,94,-13,2544,94,-70,2541
40912214,2534,508018649,55209673,5630,-2666,29,5842,292693000,2115,292693050,2115,128,-6,49,83,2547,48,26,2547
40922028,2534,508018674,55209655,5631,-2667,29,5842,292693000,2115,292693060,2115,127,-5,77,80,2509,76,24,2509
40932341,2534,508018699,55209635,5632,-2667,28,5842,292693050,2115,292693070,2115,126,-5,90,6,2583,89,-51,2581
40942369,2533,508018725,55209616,5633,-2667,28,5842,292693050,2115,292693080,2115,126,-4,110,-5,2493,110,-60,2490
40951787,2533,508018750,55209598,5633,-2667,28,5842,292693050,2115,292693090,2115,126,-4,92,91,2529,92,35,2529
40961793,2532,508018775,55209579,5634,-2667,28,5842,292693050,2115,292693100,2115,126,-4,81,-8,2494,82,-63,2492
40972217,2532,508018800,55209560,5635,-2667,28,5842,292693050,2115,292693110,2115,125,-4,77,-24,2516,77,-79,2513
40981972,2532,508018826,55209541,5635,-2666,28,5842,292693100,2115,292693120,2115,125,-3,64,5,2531,65,-50,2528
40991848,2531,508018851,55209522,5636,-2666,28,5842,292693100,2115,292693130,2115,124,-3,91,17,2476,92,-36,2474
41002535,2531,508018876,55209503,5637,-2667,28,5842,292693100,2115,292693140,2115,123,-2,64,65,2448,65,13,2447
41011792,2531,508018902,55209484,5638,-2666,29,5842,292693100,2115,292693150,2115,122,-1,84,-49,2466,85,-102,2463
41023207,2530,508018927,55209466,5638,-2666,29,5842,292693100,2115,292693160,2115,122,-1,76,-53,2530,77,-107,2527
41032799,2530,508018952,55209446,5639,-2666,29,5842,292693150,2115,292693170,2115,121,0,63,28,2435,64,-24,2433
41041902,2530,508018978,55209427,5640,-2666,29,5842,292693150,2115,292693180,2115,121,1,72,46,2462,74,-6,2461
41051786,2530,508019003,55209409,5640,-2666,30,5842,292693150,2115,292693190,2115,120,2,106,11,2466,108,-40,2464
41062582,2529,508019028,55209390,5641,-2666,30,5842,292693150,2115,292693200,2115,119,2,64,15,2471,67,-36,2469
41073061,2529,508019054,55209371,5642,-2666,31,5842,292693150,2115,292693210,2115,118,3,68,-8,2422,72,-58,2419
41081923,2529,508019079,55209352,5643,-2666,31,5842,292693200,2115,292693220,2115,117,4,81,18,2447,84,-32,2445
41092369,2529,508019104,55209333,5643,-2666,32,5842,292693200,2115,292693230,2115,116,5,89,56,2420,93,7,2419
41101782,2528,508019130,55209314,5644,-2667,33,5842,292693200,2115,292693240,2115,115,5,114,58,2402,118,10,2400
41111778,2528,508019155,55209296,5645,-2667,33,5842,292693200,2115,292693250,2115,115,5,94,-7,2456,98,-56,2454
41122444,2527,508019180,55209277,5646,-2667,34,5842,292693200,2115,292693260,2115,115,6,73,4,2408,77,-44,2406
41132069,2527,508019206,55209257,5646,-2668,34,5842,292693250,2115,292693270,2115,114,6,78,95,2396,81,47,2396
41141883,2527,508019231,55209239,5647,-2668,35,5842,292693250,2115,292693280,2115,113,6,111,18,2388,116,-29,2386
41151824,2526,508019256,55209220,5648,-2668,36,5842,292693250,2115,292693290,2115,113,6,73,-16,2433,77,-64,2431
41161807,2526,508019282,55209201,5648,-2667,37,5842,292693250,2115,292693300,2115,113,6,65,-9,2405,69,-56,2402
41172621,2525,508019307,55209182,5649,-2668,37,5842,292693250,2115,292693310,2115,112,5,74,75,2497,78,25,2496
41182354,2525,508019332,55209163,5649,-2668,37,5842,292693300,2115,292693320,2115,112,5,65,30,2476,69,-19,2475
41192082,2524,508019358,55209144,5650,-2668,37,5842,292693300,2115,292693330,2115,113,4,85,-21,2500,89,-71,2497
41201789,2524,508019383,55209125,5651,-2668,37,5842,292693300,2115,292693340,2115,114,4,108,40,2436,112,-8,2435
41212547,2524,508019409,55209107,5651,-2668,38,5842,292693300,2115,292693350,2115,115,3,59,-29,2479,63,-79,2476
41221938,2523,508019434,55209088,5652,-2667,38,5842,292693300,2115,292693360,2115,116,2,42,-36,2500,45,-87,2497
41232722,2523,508019459,55209068,5653,-2667,38,5842,292693350,2115,292693370,2115,117,1,63,-36,2505,66,-88,2501
41241982,2522,508019485,55209049,5654,-2667,38,5842,292693350,2115,292693380,2115,117,0,69,-4,2512,71,-56,2510
41252257,2522,508019510,55209031,5655,-2667,38,5842,292693350,2115,292693390,2115,118,-1,112,-16,2490,113,-67,2487
41261802,2521,508019536,55209012,5655,-2666,37,5842,292693350,2115,292693400,2115,118,-2,66,-1,2543,67,-54,2540
41272784,2521,508019561,55208993,5656,-2666,37,5842,292693350,2115,292693410,2115,119,-3,58,-54,2541,59,-107,2537
41281953,2521,508019586,55208974,5657,-2665,37,5842,292693400,2115,292693420,2115,120,-4,6,-46,2530,7,-99,2526
41291849,2520,508019612,55208955,5657,-2665,37,5842,292693400,2115,292693430,2115,121,-5,29,-6,2515,28,-60,2513
41302756,2520,508019637,55208936,5658,-2665,36,5842,292693400,2115,292693440,2115,122,-5,72,-33,2564,72,-88,2561
41311811,2520,508019663,55208917,5659,-2664,36,5842,292693400,2115,292693450,2115,123,-6,48,-65,2569,48,-120,2565
41322044,2519,508019688,55208899,5659,-2664,35,5842,292693400,2115,292693460,2115,123,-6,115,79,2624,113,23,2623
41332628,2519,508019714,55208879,5659,-2664,34,5842,292693450,2115,292693470,2115,124,-6,14,32,2634,14,-25,2632
41341882,2519,508019739,55208860,5660,-2664,33,5842,292693450,2115,292693480,2115,126,-6,60,-29,2554,59,-85,2551
41351795,2518,508019764,55208842,5661,-2663,33,5842,292693450,2115,292693490,2115,127,-6,24,-58,2521,24,-115,2518
41361790,2518,508019790,55208823,5661,-2663,33,5842,292693450,2115,292693500,2115,129,-6,44,-12,2507,44,-69,2504
41372059,2517,508019815,55208804,5662,-2663,33,5842,292693450,2115,292693510,2115,130,-6,105,0,2497,104,-57,2494
41381937,2517,508019841,55208785,5663,-2662,33,5842,292693500,2115,292693520,2115,131,-5,51,15,2493,51,-42,2491
41391809,2517,508019866,55208766,5663,-2662,33,5842,292693500,2115,292693530,2115,132,-5,60,-69,2570,60,-129,2566
41401781,2516,508019892,55208748,5664,-2661,33,5842,292693500,2115,292693540,2115,133,-5,61,-31,2524,61,-89,2521
41412658,2516,508019917,55208729,5665,-2661,32,5842,292693500,2115,292693550,2115,133,-5,65,56,2543,65,-4,2542
41421837,2516,508019943,55208710,5665,-2661,32,5842,292693500,2115,292693560,2115,134,-5,80,-5,2530,80,-64,2527
41431926,2515,508019968,55208691,5666,-2661,32,5842,292693550,2115,292693570,2115,135,-5,71,-65,2542,71,-125,2538
41441792,2515,508019993,55208672,5667,-2661,32,5842,292693550,2115,292693580,2115,135,-5,42,-18,2479,42,-76,2476
41451829,2515,508020019,55208653,5667,-2660,33,5842,292693550,2115,292693590,2115,135,-4,2,-1,2395,2,-58,2392
41461805,2514,508020044,55208635,5667,-2660,33,5842,292693550,2115,292693600,2115,134,-4,28,45,2464,28,-13,2463
41472032,2514,508020070,55208616,5668,-2660,33,5842,292693550,2115,292693610,2115,133,-4,79,-27,2587,79,-87,2584
41481950,2514,508020095,55208596,5669,-2660,32,5842,292693600,2115,292693620,2115,133,-3,74,18,2554,75,-41,2552
41492696,2513,508020121,55208578,5670,-2660,31,5842,292693600,2115,292693630,2115,132,-3,113,17,2606,113,-43,2603
41501785,2513,508020146,55208559,5670,-2660,31,5842,292693600,2115,292693640,2115,131,-3,23,56,2569,23,-3,2567
41511779,2512,508020172,55208540,5670,-2660,31,5842,292693600,2115,292693650,2115,130,-3,-5,15,2533,-4,-43,2531
41522061,2512,508020197,55208522,5670,-2659,30,5842,292693600,2115,292693660,2115,129,-2,14,-14,2575,15,-72,2573
41531932,2511,508020223,55208502,5671,-2659,30,5842,292693650,2115,292693670,2115,127,-2,37,48,2508,38,-7,2506
41541879,2511,508020248,55208484,5671,-2660,30,5842,292693650,2115,292693680,2115,125,-2,75,94,2504,76,39,2504
41551783,2510,508020274,55208465,5672,-2660,30,5842,292693650,2115,292693690,2115,124,-2,83,32,2499,84,-22,2497
41561846,2509,508020299,55208446,5673,-2659,30,5842,292693650,2115,292693700,2115,123,-2,63,-32,2520,65,-86,2517
41572566,2509,508020325,55208428,5673,-2659,30,5842,292693650,2115,292693710,2115,121,-1,32,-18,2507,33,-72,2504
41581941,2508,508020350,55208408,5673,-2659,30,5842,292693700,2115,292693720,2115,120,-1,36,74,2455,37,22,2454
41591859,2507,508020376,55208389,5674,-2659,30,5842,292693700,2115,292693730,2115,119,-1,43,20,2502,44,-32,2500
41602528,2507,508020401,55208371,5674,-2659,30,5842,292693700,2115,292693740,2115,117,-1,66,-27,2539,68,-79,2536
41611806,2506,508020427,55208352,5675,-2659,30,5842,292693700,2115,292693750,2115,116,0,44,6,2537,46,-46,2535
41621827,2505,508020452,55208333,5675,-2659,29,5842,292693700,2115,292693760,2115,115,0,53,31,2606,55,-21,2605
41631961,2504,508020478,55208314,5676,-2658,28,5842,292693750,2115,292693770,2115,115,0,25,-20,2582,27,-72,2579
41641869,2503,508020503,55208295,5676,-2657,28,5842,292693750,2115,292693780,2115,114,0,36,-98,2516,39,-149,2512
41652339,2503,508020529,55208277,5677,-2657,28,5842,292693750,2115,292693790,2115,114,1,28,-12,2482,30,-62,2480
41661781,2502,508020554,55208258,5677,-2657,28,5842,292693750,2115,292693800,2115,113,1,15,39,2478,17,-10,2476
41671791,2501,508020580,55208239,5678,-2657,29,5842,292693750,2115,292693810,2115,112,1,64,-45,2497,67,-94,2494
41681931,2500,508020605,55208220,5679,-2656,29,5842,292693800,2115,292693820,2115,112,1,63,-75,2468,66,-124,2464
41691850,2499,508020631,55208201,5679,-2655,29,5842,292693800,2115,292693830,2115,112,1,31,-60,2463,34,-108,2459
41701784,2499,508020656,55208183,5680,-2655,29,5842,292693800,2115,292693840,2115,112,1,44,-56,2459,47,-104,2455
41711794,2498,508020682,55208164,5680,-2655,30,5842,292693800,2115,292693850,2115,111,1,34,-16,2445,37,-64,2442
41721794,2497,508020707,55208145,5681,-2654,30,5842,292693800,2115,292693860,2115,111,1,28,-58,2477,31,-106,2473
41732367,2496,508020733,55208126,5682,-2653,30,5842,292693850,2115,292693870,2115,111,1,74,-102,2521,77,-151,2516
41741914,2495,508020758,55208107,5682,-2653,30,5842,292693850,2115,292693880,2115,110,1,32,-30,2522,35,-79,2520
41751802,2494,508020784,55208089,5683,-2652,30,5843,292693850,2115,292693890,2115,110,2,41,-66,2518,44,-115,2514
41761804,2493,508020809,55208070,5684,-2651,30,5843,292693850,2115,292693900,2115,111,2,34,-91,2514,37,-140,2510
41771906,2492,508020835,55208052,5685,-2650,30,5843,292693850,2115,292693910,2115,112,2,21,-106,2488,24,-155,2483
41781950,2492,508020860,55208032,5685,-2649,30,5843,292693900,2115,292693920,2115,112,2,13,-64,2422,16,-112,2418
41791842,2491,508020886,55208014,5686,-2649,31,5843,292693900,2115,292693930,2115,112,2,41,-51,2447,44,-100,2444
41801804,2490,508020912,55207995,5687,-2648,31,5843,292693900,2115,292693940,2115,113,2,68,-83,2514,71,-133,2510
41812470,2489,508020937,55207976,5688,-2647,31,5843,292693900,2115,292693950,2115,113,2,38,-113,2489,41,-162,2484
41821806,2488,508020963,55207958,5688,-2646,31,5843,292693900,2115,292693960,2115,114,2,57,-112,2528,61,-162,2523
41831953,2487,508020988,55207938,5689,-2645,31,5843,292693950,2115,292693970,2115,114,2,25,-77,2469,28,-127,2466
41841855,2486,508021014,55207920,5690,-2644,31,5843,292693950,2115,292693980,2115,114,2,36,-85,2474,40,-135,2470
41851780,2485,508021039,55207901,5691,-2644,32,5843,292693950,2115,292693990,2115,115,2,47,-87,2402,50,-136,2398
41861813,2484,508021065,55207883,5691,-2643,32,5843,292693950,2115,292694000,2115,115,3,35,-68,2462,39,-118,2459
41872449,2484,508021091,55207864,5692,-2642,33,5843,292693950,2115,292694010,2115,115,3,29,-108,2428,33,-157,2423
41881928,2483,508021116,55207845,5693,-2641,33,5843,292694000,2115,292694020,2115,116,3,18,-55,2480,22,-105,2476
41892409,2482,508021142,55207826,5693,-2641,34,5843,292694000,2115,292694030,2115,117,3,38,-72,2467,42,-122,2463
41901835,2481,508021167,55207808,5694,-2639,34,5843,292694000,2115,292694040,2115,117,4,55,-159,2497,59,-210,2492
41911780,2480,508021193,55207789,5695,-2639,34,5843,292694000,2115,292694050,2115,117,4,64,-37,2433,68,-87,2430
41921809,2479,508021218,55207771,5696,-2638,34,5843,292694000,2115,292694060,2115,117,4,16,-43,2470,20,-94,2466
41931957,2478,508021244,55207751,5696,-2637,35,5843,292694050,2115,292694070,2115,117,5,-15,-60,2470,-11,-111,2466
41941847,2477,508021270,55207733,5697,-2636,35,5843,292694050,2115,292694080,2115,117,5,25,-138,2425,30,-188,2420
41951775,2476,508021295,55207714,5697,-2635,36,5843,292694050,2115,292694090,2115,117,6,36,-75,2436,41,-125,2432
41961811,2475,508021321,55207696,5698,-2635,37,5843,292694050,2115,292694100,2115,117,6,49,-26,2409,54,-76,2406
41972602,2474,508021346,55207677,5699,-2634,37,5843,292694050,2115,292694110,2115,118,6,67,-82,2467,72,-133,2463
41981963,2473,508021372,55207658,5700,-2633,37,5843,292694100,2115,292694120,2115,118,6,43,-136,2461,49,-186,2456
41991859,2472,508021398,55207639,5700,-2633,38,5843,292694100,2115,292694130,2115,117,6,16,-37,2405,21,-87,2402
42001792,2471,508021423,55207621,5701,-2632,39,5843,292694100,2115,292694140,2115,117,7,27,-86,2420,33,-135,2416
42011781,2470,508021449,55207603,5701,-2631,40,5843,292694100,2115,292694150,2115,117,7,16,-37,2400,21,-86,2397
42022178,2469,508021475,55207584,5702,-2630,40,5843,292694100,2115,292694160,2115,117,7,8,-96,2442,14,-146,2438
42031953,2468,508021500,55207565,5703,-2629,40,5843,292694150,2115,292694170,2115,117,7,71,-104,2469,76,-155,2464
42041786,2467,508021526,55207546,5704,-2629,41,5843,292694150,2115,292694180,2115,117,7,49,-78,2462,54,-129,2458
42052535,2466,508021551,55207528,5705,-2628,41,5843,292694150,2115,292694190,2115,117,7,26,-101,2480,31,-152,2476
42061775,2465,508021577,55207509,5705,-2627,41,5843,292694150,2115,292694200,2115,117,7,25,-33,2494,30,-84,2491
42071839,2464,508021603,55207491,5706,-2626,41,5843,292694150,2115,292694210,2115,117,8,10,-95,2512,15,-147,2508
42081932,2463,508021628,55207472,5706,-2625,41,5843,292694200,2115,292694220,2115,117,8,17,-117,2505,22,-169,2500
42092628,2462,508021654,55207453,5707,-2624,41,5843,292694200,2115,292694230,2115,117,8,18,-167,2444,24,-217,2438
42101805,2460,508021680,55207435,5708,-2623,42,5843,292694200,2115,292694240,2115,117,8,21,-74,2468,27,-125,2464
42111789,2459,508021705,55207416,5708,-2622,42,5843,292694200,2115,292694250,2115,117,8,24,-41,2457,30,-91,2454
42121918,2458,508021731,55207398,5710,-2621,42,5843,292694200,2115,292694260,2115,118,8,88,-148,2505,94,-199,2499
42132758,2457,508021757,55207379,5711,-2620,42,5843,292694250,2115,292694270,2115,117,7,32,-167,2472,38,-218,2466
42141777,2456,508021782,55207360,5711,-2619,42,5843,292694250,2115,292694280,2115,118,7,-8,-11,2537,-3,-64,2534
42152216,2455,508021808,55207342,5712,-2618,42,5843,292694250,2115,292694290,2115,118,7,30,-169,2487,36,-220,2481
42161803,2453,508021834,55207324,5713,-2617,42,5843,292694250,2115,292694300,2115,118,7,32,-107,2520,37,-159,2516
42172098,2452,508021859,55207305,5713,-2616,42,5843,292694250,2115,292694310,2115,119,6,28,-110,2520,33,-163,2516
42181947,2451,508021885,55207286,5714,-2615,42,5843,292694300,2115,292694320,2115,119,6,63,-130,2537,69,-183,2532
42191786,2450,508021911,55207268,5715,-2614,41,5843,292694300,2115,292694330,2115,119,6,15,-84,2528,20,-137,2524
42202152,2449,508021936,55207249,5716,-2613,41,5843,292694300,2115,292694340,2115,119,5,19,-131,2586,24,-185,2581
42211809,2447,508021962,55207231,5716,-2612,40,5843,292694300,2115,292694350,2115,120,5,14,-71,2563,18,-125,2559
42222033,2446,508021988,55207213,5717,-2610,40,5843,292694300,2115,292694360,2115,120,4,10,-137,2529,15,-190,2524
42231971,2445,508022013,55207193,5718,-2609,40,5843,292694350,2115,292694370,2115,120,4,32,-133,2578,36,-187,2573
42241803,2443,508022039,55207175,5719,-2608,39,5843,292694350,2115,292694380,2115,121,3,45,-117,2622,49,-172,2617
42251799,2442,508022065,55207157,5720,-2607,38,5843,292694350,2115,292694390,2115,122,3,71,-126,2644,75,-182,2639
42261781,2441,508022090,55207138,5720,-2606,38,5843,292694350,2115,292694400,2115,122,2,14,-73,2514,17,-127,2510
42273189,2439,508022116,55207120,5721,-2605,37,5843,292694350,2115,292694410,2115,123,1,0,-97,2510,3,-151,2505
42281917,2438,508022142,55207101,5721,-2604,37,5843,292694400,2115,292694420,2115,124,1,-34,-153,2564,-31,-209,2558
42291821,2437,508022168,55207083,5722,-2602,36,5843,292694400,2115,292694430,2115,125,1,32,-144,2641,35,-202,2635
42302078,2435,508022193,55207064,5724,-2601,35,5843,292694400,2115,292694440,2115,127,0,83,-170,2606,86,-228,2600
42311777,2434,508022219,55207046,5725,-2600,35,5843,292694400,2115,292694450,2115,128,0,82,-133,2582,84,-190,2576
42322430,2433,508022245,55207028,5725,-2599,34,5843,292694400,2115,292694460,2115,128,0,-3,-74,2616,-1,-133,2612
42332180,2432,508022270,55207009,5726,-2597,33,5843,292694450,2115,292694470,2115,129,0,-17,-183,2601,-14,-242,2594
42341790,2430,508022296,55206991,5726,-2596,32,5843,292694450,2115,292694480,2115,129,1,-15,-157,2663,-12,-218,2657
42351793,2429,508022322,55206972,5727,-2594,32,5843,292694450,2115,292694490,2115,130,1,-7,-148,2527,-4,-206,2521
42362301,2428,508022348,55206954,5728,-2593,32,5843,292694450,2115,292694500,2115,131,2,42,-138,2516,45,-196,2510
42372544,2427,508022373,55206936,5729,-2591,31,5843,292694450,2115,292694510,2115,131,2,33,-157,2530,37,-216,2524
42381933,2425,508022399,55206917,5730,-2590,31,5843,292694500,2115,292694520,2115,132,3,58,-121,2598,62,-181,2592
42392541,2424,508022425,55206899,5731,-2589,31,5843,292694500,2115,292694530,2115,132,4,74,-117,2515,78,-175,2509
42401802,2423,508022451,55206880,5732,-2588,30,5843,292694500,2115,292694540,2115,132,4,5,-155,2524,10,-214,2518
42411816,2422,508022476,55206862,5732,-2587,31,5843,292694500,2115,292694550,2115,131,5,-41,-104,2434,-36,-161,2429
42423404,2421,508022502,55206844,5733,-2586,32,5843,292694500,2115,292694560,2115,131,5,21,-91,2434,25,-146,2430
42431921,2420,508022528,55206825,5734,-2585,32,5843,292694550,2115,292694570,2115,130,6,76,-126,2490,81,-182,2484
42441770,2419,508022554,55206807,5735,-2584,32,5843,292694550,2115,292694580,2115,129,7,85,-120,2469,91,-176,2464
42451779,2417,508022579,55206789,5736,-2583,32,5843,292694550,2115,292694590,2115,128,7,40,-97,2493,45,-153,2488
42461799,2416,508022605,55206771,5737,-2581,32,5843,292694550,2115,292694600,2115,127,8,8,-128,2525,14,-184,2520
42472049,2415,508022631,55206753,5737,-2581,32,5843,292694550,2115,292694610,2115,125,8,-6,-63,2515,0,-118,2511
42481935,2414,508022657,55206733,5738,-2580,32,5843,292694600,2115,292694620,2115,123,9,47,-97,2529,54,-152,2524
42491777,2413,508022683,55206715,5739,-2579,32,5843,292694600,2115,292694630,2115,122,9,51,-101,2498,57,-155,2493
42501795,2412,508022708,55206697,5739,-2578,32,5843,292694600,2115,292694640,2115,120,9,27,-60,2421,33,-111,2418
42511826,2410,508022734,55206679,5740,-2578,33,5843,292694600,2115,292694650,2115,118,9,45,-1,2438,51,-51,2436
42522053,2409,508022760,55206661,5741,-2577,33,5843,292694600,2115,292694660,2115,116,10,16,-94,2430,23,-143,2426
42531948,2408,508022786,55206642,5742,-2576,33,5843,292694650,2115,292694670,2115,114,10,31,-152,2514,38,-202,2509
42542007,2407,508022812,55206624,5742,-2575,33,5843,292694650,2115,292694680,2115,111,10,25,-85,2497,31,-134,2493
42551832,2405,508022837,55206606,5743,-2574,34,5843,292694650,2115,292694690,2115,109,10,43,-15,2485,49,-63,2482
42561792,2404,508022863,55206588,5743,-2574,34,5843,292694650,2115,292694700,2115,106,10,42,-76,2437,49,-121,2433
42573203,2403,508022889,55206570,5744,-2573,34,5843,292694650,2115,292694710,2115,104,9,41,-136,2504,47,-182,2499
42581930,2401,508022915,55206551,5745,-2572,35,5843,292694700,2115,292694720,2115,102,9,31,-58,2446,38,-102,2442
42591798,2400,508022941,55206533,5745,-2572,35,5843,292694700,2115,292694730,2115,100,10,3,-3,2399,9,-45,2397
42602405,2399,508022966,55206515,5746,-2570,36,5843,292694700,2115,292694740,2115,98,10,2,-153,2451,9,-195,2447
42611767,2397,508022992,55206497,5747,-2569,36,5843,292694700,2115,292694750,2115,95,10,28,-160,2504,35,-202,2499
42622135,2396,508023018,55206479,5747,-2568,36,5843,292694700,2115,292694760,2115,93,10,48,-70,2528,55,-111,2524
42632386,2394,508023044,55206459,5748,-2568,35,5843,292694750,2115,292694770,2115,91,9,79,-88,2538,86,-128,2534
42641782,2393,508023070,55206441,5749,-2567,35,5843,292694750,2115,292694780,2115,90,9,19,-123,2511,25,-162,2506
42651815,2392,508023096,55206423,5750,-2565,36,5843,292694750,2115,292694790,2115,88,9,-16,-128,2468,-10,-167,2464
42662151,2390,508023121,55206405,5750,-2564,36,5843,292694750,2115,292694800,2115,86,9,-9,-108,2435,-3,-145,2432
42672040,2389,508023147,55206387,5751,-2563,36,5843,292694750,2115,292694810,2115,85,9,-1,-112,2461,5,-148,2457
42681929,2387,508023173,55206368,5751,-2562,37,5843,292694800,2115,292694820,2115,83,9,38,-135,2447,45,-171,2443
42692105,2386,508023199,55206350,5753,-2561,37,5843,292694800,2115,292694830,2115,82,9,96,-187,2492,102,-222,2487
42701818,2385,508023225,55206332,5754,-2560,36,5843,292694800,2115,292694840,2115,80,8,57,-180,2596,63,-216,2591
42711798,2383,508023251,55206314,5755,-2558,36,5843,292694800,2115,292694850,2115,79,8,23,-165,2540,30,-200,2536
42722369,2382,508023277,55206296,5755,-2558,36,5843,292694800,2115,292694860,2115,79,7,3,-74,2511,9,-109,2508
42731939,2381,508023302,55206277,5756,-2556,36,5843,292694850,2115,292694870,2115,78,7,-12,-186,2540,-6,-222,2536
42741790,2379,508023328,55206259,5757,-2554,35,5843,292694850,2115,292694880,2115,78,6,4,-222,2526,10,-257,2521
42752305,2378,508023354,55206241,5757,-2553,36,5843,292694850,2115,292694890,2115,78,6,20,-120,2489,25,-154,2485
42761784,2377,508023380,55206223,5758,-2552,35,5843,292694850,2115,292694900,2115,78,5,60,-156,2548,64,-191,2544
42772879,2375,508023406,55206205,5760,-2551,35,5843,292694850,2115,292694910,2115,78,4,61,-208,2517,65,-243,2512
42782462,2374,508023432,55206186,5760,-2550,35,5844,292694900,2115,292694920,2115,77,4,31,-127,2511,35,-161,2507
42791776,2373,508023458,55206168,5761,-2548,34,5844,292694900,2115,292694930,2115,77,3,16,-120,2620,20,-156,2616
42801787,2372,508023483,55206150,5762,-2547,34,5844,292694900,2115,292694940,2115,77,2,5,-217,2559,9,-252,2554
42811786,2370,508023509,55206132,5763,-2545,33,5844,292694900,2115,292694950,2115,77,1,26,-201,2594,29,-236,2589
42822051,2369,508023535,55206114,5764,-2544,33,5844,292694900,2115,292694960,2115,78,1,9,-174,2515,12,-209,2511
42831974,2368,508023561,55206095,5764,-2542,33,5844,292694950,2115,292694970,2115,78,1,19,-151,2563,22,-186,2558
42842062,2367,508023587,55206077,5766,-2541,32,5844,292694950,2115,292694980,2115,78,1,39,-213,2544,42,-248,2539
42851819,2366,508023613,55206059,5766,-2540,32,5844,292694950,2115,292694990,2115,78,0,25,-124,2576,27,-159,2572
42861792,2364,508023639,55206042,5767,-2538,31,5844,292694950,2115,292695000,2115,78,0,-4,-140,2567,-1,-175,2563
42872177,2363,508023665,55206024,5767,-2537,31,5844,292694950,2115,292695010,2115,78,0,31,-122,2588,34,-157,2584
42881942,2362,508023691,55206005,5768,-2536,30,5844,292695000,2115,292695020,2115,78,0,25,-202,2541,28,-237,2536
42891797,2361,508023717,55205987,5769,-2534,30,5844,292695000,2115,292695030,2115,79,0,27,-198,2559,30,-234,2554
42902330,2359,508023743,55205969,5770,-2533,30,5844,292695000,2115,292695040,2115,79,1,26,-165,2506,29,-200,2502
42911782,2358,508023769,55205951,5771,-2532,30,5844,292695000,2115,292695050,2115,80,1,12,-104,2439,15,-138,2436
42922044,2357,508023794,55205934,5771,-2531,30,5844,292695000,2115,292695060,2115,80,1,-2,-84,2496,1,-119,2492
42932180,2355,508023820,55205915,5772,-2529,30,5844,292695050,2115,292695070,2115,80,2,58,-244,2518,62,-279,2512
42941796,2354,508023846,55205897,5774,-2528,30,5844,292695050,2115,292695080,2115,81,2,51,-209,2557,55,-245,2552
42951790,2353,508023872,55205879,5774,-2527,30,5844,292695050,2115,292695090,2115,81,2,14,-117,2481,17,-152,2477
42961833,2351,508023898,55205862,5775,-2526,30,5844,292695050,2115,292695100,2115,81,2,26,-91,2502,29,-127,2499
42972034,2350,508023924,55205844,5776,-2524,31,5844,292695050,2115,292695110,2115,81,3,18,-237,2452,22,-272,2447
42981926,2349,508023950,55205825,5776,-2523,31,5844,292695100,2115,292695120,2115,82,3,-8,-131,2476,-4,-166,2472
42992289,2347,508023976,55205807,5777,-2522,31,5844,292695100,2115,292695130,2115,82,4,31,-142,2497,36,-178,2493
43001776,2346,508024002,55205790,5778,-2520,31,5844,292695100,2115,292695140,2115,83,4,34,-122,2531,38,-159,2527
43011792,2344,508024028,55205772,5779,-2519,31,5844,292695100,2115,292695150,2115,83,4,29,-210,2509,33,-247,2504
43022323,2343,508024054,55205754,5780,-2517,31,5844,292695100,2115,292695160,2115,84,4,33,-172,2511,37,-209,2507
43031923,2342,508024080,55205735,5780,-2516,31,5844,292695150,2115,292695170,2115,85,5,18,-142,2453,23,-178,2448
43041789,2340,508024106,55205718,5781,-2515,32,5844,292695150,2115,292695180,2115,86,5,29,-188,2439,34,-225,2434
43051916,2339,508024132,55205700,5782,-2514,32,5844,292695150,2115,292695190,2115,86,5,19,-151,2440,23,-189,2435
43061796,2337,508024158,55205682,5783,-2512,33,5844,292695150,2115,292695200,2115,87,6,10,-163,2438,15,-200,2434
43072039,2336,508024184,55205665,5784,-2511,33,5844,292695150,2115,292695210,2115,88,6,5,-174,2467,10,-212,2462
43082211,2335,508024210,55205646,5784,-2510,33,5844,292695200,2115,292695220,2115,88,6,44,-128,2453,49,-166,2449
43091800,2333,508024236,55205628,5785,-2509,33,5844,292695200,2115,292695230,2115,89,7,39,-155,2531,45,-194,2527
43101801,2332,508024262,55205611,5786,-2507,33,5844,292695200,2115,292695240,2115,89,7,32,-210,2459,38,-248,2453
43112199,2331,508024288,55205593,5787,-2506,34,5844,292695200,2115,292695250,2115,89,8,6,-131,2437,12,-169,2433
43122029,2329,508024314,55205576,5788,-2504,34,5844,292695200,2115,292695260,2115,89,8,-8,-178,2440,-2,-217,2435
43131952,2328,508024340,55205557,5788,-2503,34,5844,292695250,2115,292695270,2115,89,9,-14,-112,2508,-8,-152,2504
43141834,2327,508024366,55205539,5789,-2501,35,5844,292695250,2115,292695280,2115,89,9,29,-171,2475,36,-210,2471
43151776,2325,508024392,55205522,5790,-2500,35,5844,292695250,2115,292695290,2115,89,9,54,-150,2411,61,-188,2406
43164362,2324,508024418,55205504,5791,-2499,36,5844,292695250,2115,292695300,2115,89,9,15,-143,2389,22,-180,2385
43173283,2323,508024444,55205487,5792,-2498,37,5844,292695250,2115,292695310,2115,90,10,22,-142,2395,29,-180,2390
43181938,2321,508024470,55205468,5792,-2497,38,5844,292695300,2115,292695320,2115,89,10,-5,-109,2371,2,-147,2367
43192517,2320,508024496,55205451,5792,-2495,39,5844,292695300,2115,292695330,2115,89,11,-15,-136,2452,-8,-175,2448
43202568,2318,508024522,55205433,5793,-2494,39,5844,292695300,2115,292695340,2115,89,11,10,-128,2439,17,-166,2435
43211793,2317,508024548,55205416,5794,-2493,39,5844,292695300,2115,292695350,2115,88,11,45,-146,2494,52,-184,2490
43222053,2315,508024574,55205398,5795,-2492,39,5844,292695300,2115,292695360,2115,88,12,28,-133,2474,36,-171,2470
43232748,2314,508024600,55205380,5796,-2491,40,5844,292695350,2115,292695370,2115,88,12,25,-136,2394,33,-173,2390
43241775,2313,508024626,55205362,5796,-2490,41,5844,292695350,2115,292695380,2115,88,13,-26,-148,2434,-18,-186,2430
43251783,2311,508024652,55205345,5797,-2488,41,5844,292695350,2115,292695390,2115,88,13,1,-127,2427,9,-165,2423
43261824,2310,508024678,55205327,5797,-2487,42,5844,292695350,2115,292695400,2115,88,13,-19,-131,2477,-11,-169,2473
43272073,2308,508024704,55205310,5798,-2486,42,5844,292695350,2115,292695410,2115,88,13,31,-164,2498,40,-203,2493
43281929,2307,508024730,55205291,5799,-2484,42,5844,292695400,2115,292695420,2115,88,13,38,-175,2532,47,-214,2528
43291812,2305,508024756,55205274,5800,-2483,42,5844,292695400,2115,292695430,2115,88,13,47,-188,2477,55,-227,2472
43301785,2304,508024783,55205256,5801,-2481,42,5844,292695400,2115,292695440,2115,89,13,-10,-181,2514,-2,-220,2509
43311786,2302,508024809,55205239,5801,-2480,42,5844,292695400,2115,292695450,2115,89,13,-33,-150,2469,-25,-189,2465
43323464,2301,508024835,55205222,5802,-2479,42,5844,292695400,2115,292695460,2115,89,12,-8,-125,2474,0,-164,2469
43331932,2300,508024861,55205203,5802,-2477,42,5844,292695450,2115,292695470,2115,89,12,16,-169,2517,24,-209,2512
43341779,2299,508024887,55205186,5803,-2476,42,5844,292695450,2115,292695480,2115,89,12,26,-181,2550,34,-221,2545
43351789,2297,508024913,55205168,5804,-2475,41,5844,292695450,2115,292695490,2115,90,11,25,-157,2633,33,-199,2628
43361781,2296,508024939,55205151,5805,-2473,40,5844,292695450,2115,292695500,2115,90,10,22,-171,2604,30,-213,2599
43372446,2295,508024965,55205134,5806,-2472,39,5844,292695450,2115,292695510,2115,91,9,-10,-134,2595,-3,-175,2590
43382573,2293,508024991,55205115,5806,-2470,39,5844,292695500,2115,292695520,2115,91,9,-8,-189,2585,-1,-230,2579
43391784,2292,508025017,55205098,5807,-2469,38,5844,292695500,2115,292695530,2115,91,8,-12,-159,2558,-6,-200,2553
43401781,2291,508025043,55205081,5807,-2468,38,5844,292695500,2115,292695540,2115,91,8,-9,-129,2576,-3,-170,2572
43412357,2290,508025069,55205063,5808,-2466,37,5844,292695500,2115,292695550,2115,91,7,6,-136,2565,12,-177,2561
43422660,2288,508025096,55205046,5809,-2465,36,5844,292695500,2115,292695560,2115,91,7,27,-216,2608,33,-257,2602
43431939,2287,508025122,55205028,5810,-2463,35,5844,292695550,2115,292695570,2115,91,7,5,-176,2649,11,-218,2644
43441796,2286,508025148,55205010,5810,-2462,34,5844,292695550,2115,292695580,2115,91,6,30,-95,2623,35,-137,2620
43451806,2285,508025174,55204993,5811,-2461,33,5844,292695550,2115,292695590,2115,91,6,2,-142,2657,8,-184,2653
43461782,2284,508025200,55204976,5811,-2459,32,5844,292695550,2115,292695600,2115,91,6,-40,-167,2627,-34,-209,2623
43472910,2282,508025226,55204959,5812,-2458,32,5844,292695550,2115,292695610,2115,91,6,-28,-157,2575,-23,-198,2570
43481937,2281,508025252,55204940,5812,-2456,31,5844,292695600,2115,292695620,2115,92,7,-17,-128,2567,-12,-169,2563
43491786,2280,508025278,55204923,5813,-2455,31,5844,292695600,2115,292695630,2115,92,7,33,-192,2529,39,-233,2524
43501820,2279,508025304,55204906,5814,-2453,31,5844,292695600,2115,292695640,2115,93,7,33,-161,2513,39,-202,2508
43511768,2277,508025331,55204889,5815,-2452,31,5844,292695600,2115,292695650,2115,93,7,44,-119,2484,50,-160,2479
43522082,2276,508025357,55204872,5815,-2452,30,5844,292695600,2115,292695660,2115,93,7,7,-69,2586,13,-111,2583
43531941,2275,508025383,55204853,5816,-2450,30,5844,292695650,2115,292695670,2115,94,7,-1,-208,2546,5,-250,2541
43541835,2273,508025409,55204836,5817,-2449,30,5844,292695650,2115,292695680,2115,94,7,3,-184,2501,9,-226,2496
43551782,2272,508025435,55204819,5817,-2447,30,5844,292695650,2115,292695690,2115,94,7,-10,-167,2491,-4,-209,2486
43561794,2271,508025461,55204802,5818,-2446,31,5844,292695650,2115,292695700,2115,95,7,16,-102,2473,21,-143,2469
43573194,2269,508025487,55204785,5819,-2444,31,5844,292695650,2115,292695710,2115,95,7,23,-202,2484,29,-244,2479
43581928,2268,508025513,55204766,5820,-2443,30,5844,292695700,2115,292695720,2115,96,7,28,-157,2601,34,-201,2596
43591812,2267,508025540,55204749,5820,-2442,29,5844,292695700,2115,292695730,2115,96,7,-9,-101,2579,-3,-145,2575
43602237,2265,508025566,55204732,5821,-2440,29,5844,292695700,2115,292695740,2115,97,7,8,-151,2555,14,-194,2550
43612670,2264,508025592,55204715,5821,-2439,29,5844,292695700,2115,292695750,2115,97,7,-10,-184,2441,-4,-226,2436
43622040,2263,508025618,55204698,5822,-2437,30,5844,292695700,2115,292695760,2115,97,7,7,-167,2452,12,-209,2447
43631920,2261,508025644,55204680,5823,-2436,30,5844,292695750,2115,292695770,2115,98,7,23,-138,2448,28,-180,2443
43641790,2260,508025670,55204663,5823,-2435,31,5844,292695750,2115,292695780,2115,98,7,-10,-101,2453,-5,-144,2449
43651783,2259,508025697,55204646,5824,-2434,31,5844,292695750,2115,292695790,2115,98,8,-13,-133,2489,-7,-176,2484
43661791,2257,508025723,55204629,5825,-2432,31,5844,292695750,2115,292695800,2115,98,8,20,-182,2519,26,-225,2514
43672042,2256,508025749,55204611,5825,-2432,31,5844,292695750,2115,292695810,2115,98,8,3,-85,2527,9,-129,2523
43681932,2255,508025775,55204593,5826,-2430,30,5844,292695800,2115,292695820,2115,98,9,20,-164,2512,26,-207,2507
43691783,2253,508025801,55204576,5827,-2429,31,5844,292695800,2115,292695830,2115,98,9,24,-155,2469,31,-197,2464
43701772,2252,508025828,55204559,5827,-2427,32,5844,292695800,2115,292695840,2115,97,10,-11,-130,2365,-4,-171,2361
43711809,2250,508025854,55204542,5828,-2426,33,5844,292695800,2115,292695850,2115,97,10,-26,-106,2411,-20,-147,2407
43723207,2249,508025880,55204525,5828,-2425,33,5844,292695800,2115,292695860,2115,96,11,-4,-104,2417,3,-145,2413
43731932,2247,508025906,55204507,5829,-2424,33,5844,292695850,2115,292695870,2115,95,12,18,-165,2482,26,-206,2477
43741791,2246,508025932,55204490,5830,-2422,34,5844,292695850,2115,292695880,2115,94,12,36,-195,2474,44,-236,2469
43751776,2244,508025959,55204473,5831,-2421,34,5844,292695850,2115,292695890,2115,94,12,41,-100,2449,49,-140,2445
43761826,2243,508025985,55204456,5831,-2420,35,5844,292695850,2115,292695900,2115,93,13,7,-140,2374,15,-179,2370
43772086,2241,508026011,55204439,5832,-2419,36,5844,292695850,2115,292695910,2115,92,13,-9,-141,2386,-1,-179,2382
43781932,2240,508026037,55204421,5832,-2418,37,5844,292695900,2115,292695920,2115,91,13,-23,-135,2369,-14,-173,2365
43791782,2238,508026063,55204404,5833,-2416,37,5844,292695900,2115,292695930,2115,89,14,-5,-172,2505,4,-211,2501
43801812,2236,508026090,55204387,5833,-2415,38,5845,292695900,2115,292695940,2115,88,14,4,-114,2453,13,-152,2449
43811773,2235,508026116,55204370,5834,-2413,38,5845,292695900,2115,292695950,2115,87,14,42,-194,2452,51,-231,2447
43822020,2233,508026142,55204353,5835,-2413,38,5845,292695900,2115,292695960,2115,87,14,61,-123,2456,69,-160,2452
43832027,2231,508026168,55204335,5836,-2411,39,5845,292695950,2115,292695970,2115,87,13,-16,-145,2404,-7,-182,2400
43841783,2230,508026194,55204319,5836,-2410,40,5845,292695950,2115,292695980,2115,86,13,-24,-178,2446,-16,-216,2441
43851815,2228,508026221,55204302,5837,-2408,40,5845,292695950,2115,292695990,2115,87,13,-42,-182,2404,-34,-219,2399
43861780,2226,508026247,55204285,5837,-2407,41,5845,292695950,2115,292696000,2115,87,13,-5,-142,2441,3,-179,2437
43872075,2225,508026273,55204268,5838,-2406,41,5845,292695950,2115,292696010,2115,87,13,52,-154,2494,60,-192,2490
43881927,2223,508026299,55204250,5840,-2404,41,5845,292696000,2115,292696020,2115,88,12,73,-202,2543,81,-241,2538
43891810,2221,508026326,55204233,5840,-2402,41,5845,292696000,2115,292696030,2115,88,12,-11,-269,2478,-3,-308,2472
43901810,2220,508026352,55204216,5841,-2401,41,5845,292696000,2115,292696040,2115,89,11,-12,-114,2500,-5,-153,2496
43911794,2218,508026378,55204199,5841,-2399,41,5845,292696000,2115,292696050,2115,90,11,-30,-195,2498,-22,-235,2493
43923203,2217,508026404,55204183,5842,-2397,41,5845,292696000,2115,292696060,2115,91,11,-33,-204,2536,-26,-245,2530
43931937,2215,508026431,55204165,5843,-2395,41,5845,292696050,2115,292696070,2115,92,10,14,-195,2504,21,-235,2499
43941811,2214,508026457,55204148,5844,-2394,41,5845,292696050,2115,292696080,2115,92,10,64,-206,2517,72,-246,2512
43951779,2213,508026483,55204131,5845,-2392,41,5845,292696050,2115,292696090,2115,93,10,6,-178,2434,13,-218,2429
43961800,2211,508026509,55204114,5846,-2390,42,5845,292696050,2115,292696100,2115,94,10,-10,-203,2470,-3,-243,2464
43972054,2210,508026536,55204098,5846,-2389,42,5845,292696050,2115,292696110,2115,94,10,-19,-157,2481,-12,-198,2476
43981947,2209,508026562,55204080,5847,-2387,42,5845,292696100,2115,292696120,2115,95,10,-3,-233,2505,4,-275,2499
43991779,2207,508026588,55204063,5848,-2386,41,5845,292696100,2115,292696130,2115,95,10,22,-111,2569,29,-154,2564
44001818,2206,508026615,55204046,5848,-2385,41,5845,292696100,2115,292696140,2115,95,10,28,-129,2560,35,-172,2555
44011781,2205,508026641,55204030,5849,-2383,41,5845,292696100,2115,292696150,2115,95,10,16,-219,2529,24,-261,2523
44022081,2204,508026667,55204013,5850,-2381,41,5845,292696100,2115,292696160,2115,95,10,-5,-200,2514,2,-242,2509
44031943,2202,508026693,55203995,5850,-2380,40,5845,292696150,2115,292696170,2115,94,10,-23,-128,2543,-16,-171,2539
44041778,2201,508026720,55203978,5851,-2378,41,5845,292696150,2115,292696180,2115,94,10,1,-179,2418,8,-219,2413
44051873,2200,508026746,55203962,5851,-2377,41,5845,292696150,2115,292696190,2115,94,10,-9,-111,2544,-2,-153,2540
44061769,2199,508026772,55203945,5852,-2376,41,5845,292696150,2115,292696200,2115,93,10,53,-158,2502,60,-199,2497
44072323,2197,508026799,55203928,5853,-2375,41,5845,292696150,2115,292696210,2115,93,10,31,-195,2506,38,-236,2500
44081927,2196,508026825,55203911,5854,-2373,41,5845,292696200,2115,292696220,2115,92,10,7,-138,2434,14,-177,2429
44091783,2195,508026851,55203894,5855,-2372,41,5845,292696200,2115,292696230,2115,92,10,-1,-162,2503,6,-203,2499
44101799,2193,508026878,55203877,5855,-2371,41,5845,292696200,2115,292696240,2115,91,10,-9,-108,2477,-2,-148,2473
44111782,2192,508026904,55203861,5856,-2369,41,5845,292696200,2115,292696250,2115,91,10,31,-167,2542,38,-207,2537
44122021,2191,508026930,55203844,5857,-2368,40,5845,292696200,2115,292696260,2115,91,11,12,-153,2606,20,-195,2602
44131957,2189,508026956,55203827,5857,-2367,40,5845,292696250,2115,292696270,2115,91,11,-10,-118,2490,-3,-158,2486
44141789,2188,508026983,55203810,5857,-2366,40,5845,292696250,2115,292696280,2115,91,11,-27,-127,2555,-19,-169,2551
44151784,2187,508027009,55203793,5858,-2364,40,5845,292696250,2115,292696290,2115,92,12,11,-190,2526,19,-231,2520
44161787,2185,508027035,55203777,5859,-2363,40,5845,292696250,2115,292696300,2115,93,12,-3,-148,2502,5,-189,2498
44172038,2184,508027062,55203760,5859,-2362,40,5845,292696250,2115,292696310,2115,93,12,9,-145,2467,17,-186,2462
44181938,2183,508027088,55203743,5860,-2361,40,5845,292696300,2115,292696320,2115,94,13,19,-102,2531,27,-144,2527
44191802,2181,508027114,55203726,5861,-2359,40,5845,292696300,2115,292696330,2115,95,13,8,-182,2495,16,-224,2490
44202419,2180,508027141,55203710,5862,-2358,40,5845,292696300,2115,292696340,2115,96,13,22,-130,2561,31,-174,2557
44211813,2179,508027167,55203693,5862,-2357,40,5845,292696300,2115,292696350,2115,97,13,27,-135,2490,35,-177,2485
44222255,2177,508027193,55203676,5863,-2355,40,5845,292696300,2115,292696360,2115,98,12,32,-171,2505,40,-214,2499
44231945,2176,508027220,55203659,5864,-2354,41,5845,292696350,2115,292696370,2115,99,12,20,-132,2395,27,-174,2391
44241782,2175,508027246,55203642,5865,-2353,41,5845,292696350,2115,292696380,2115,100,12,20,-146,2485,28,-190,2480
44251788,2173,508027272,55203626,5865,-2352,41,5845,292696350,2115,292696390,2115,101,12,-27,-101,2461,-20,-145,2457
44262411,2172,508027299,55203609,5866,-2350,40,5845,292696350,2115,292696400,2115,103,12,-1,-157,2596,8,-204,2591
44273158,2171,508027325,55203593,5867,-2348,40,5845,292696350,2115,292696410,2115,104,12,28,-240,2569,37,-287,2562
44281937,2169,508027352,55203576,5868,-2347,39,5845,292696400,2115,292696420,2115,105,12,74,-128,2642,82,-177,2637
44291779,2168,508027378,55203559,5868,-2345,39,5845,292696400,2115,292696430,2115,106,11,-65,-110,2543,-57,-157,2539
44301804,2167,508027404,55203543,5869,-2344,38,5845,292696400,2115,292696440,2115,107,11,5,-213,2592,13,-262,2585
44311782,2166,508027431,55203526,5869,-2342,37,5845,292696400,2115,292696450,2115,108,11,-12,-154,2582,-4,-203,2577
44322064,2164,508027457,55203510,5870,-2341,37,5845,292696400,2115,292696460,2115,108,10,-20,-140,2597,-12,-190,2592
44331955,2163,508027483,55203492,5870,-2339,37,5845,292696450,2115,292696470,2115,109,10,3,-149,2494,10,-197,2488
44341806,2162,508027510,55203476,5871,-2338,38,5845,292696450,2115,292696480,2115,110,10,31,-188,2388,38,-234,2382
44351786,2161,508027536,55203460,5872,-2337,38,5845,292696450,2115,292696490,2115,110,9,10,-113,2425,16,-160,2421
44361785,2159,508027563,55203443,5873,-2335,38,5845,292696450,2115,292696500,2115,110,9,52,-218,2542,59,-267,2535
44372071,2158,508027589,55203427,5873,-2334,38,5845,292696450,2115,292696510,2115,111,8,32,-89,2494,38,-138,2490
44381930,2157,508027615,55203409,5874,-2332,37,5845,292696500,2115,292696520,2115,111,8,-36,-179,2596,-29,-230,2590
44392099,2156,508027642,55203393,5874,-2331,36,5845,292696500,2115,292696530,2115,112,8,-39,-154,2629,-33,-205,2624
44401834,2155,508027668,55203377,5875,-2330,36,5845,292696500,2115,292696540,2115,112,8,15,-100,2605,21,-151,2601
44412063,2154,508027695,55203360,5876,-2328,34,5845,292696500,2115,292696550,2115,112,8,25,-158,2659,32,-210,2653
44422062,2152,508027721,55203344,5876,-2327,34,5845,292696500,2115,292696560,2115,113,9,12,-130,2565,18,-181,2560
44431945,2151,508027747,55203327,5877,-2326,35,5845,292696550,2115,292696570,2115,113,9,-30,-96,2429,-23,-145,2425
44441983,2150,508027774,55203310,5877,-2325,35,5845,292696550,2115,292696580,2115,114,10,-51,-99,2514,-44,-149,2510
44451793,2149,508027800,55203294,5877,-2323,35,5845,292696550,2115,292696590,2115,114,11,7,-133,2510,15,-183,2505
44461786,2147,508027827,55203278,5878,-2322,34,5845,292696550,2115,292696600,2115,115,11,27,-143,2509,35,-194,2503
44473094,2146,508027853,55203262,5879,-2321,35,5845,292696550,2115,292696610,2115,116,12,32,-158,2458,40,-208,2453
44481936,2145,508027879,55203244,5880,-2320,35,5845,292696600,2115,292696620,2115,116,13,10,-91,2414,18,-140,2410
44491796,2144,508027906,55203228,5880,-2318,36,5845,292696600,2115,292696630,2115,117,13,6,-168,2450,14,-218,2445
44502201,2142,508027932,55203212,5881,-2317,37,5845,292696600,2115,292696640,2115,118,14,1,-143,2403,10,-193,2398
44511788,2141,508027959,55203196,5881,-2316,37,5845,292696600,2115,292696650,2115,118,15,-26,-99,2408,-18,-150,2404
44522064,2140,508027985,55203179,5882,-2314,38,5845,292696600,2115,292696660,2115,119,16,4,-121,2422,14,-172,2417
44532110,2139,508028012,55203162,5882,-2313,39,5845,292696650,2115,292696670,2115,120,17,-5,-135,2435,4,-186,2430
44541780,2137,508028038,55203146,5883,-2312,39,5845,292696650,2115,292696680,2115,121,18,53,-134,2417,63,-185,2412
44551774,2136,508028064,55203130,5884,-2311,40,5845,292696650,2115,292696690,2115,121,19,29,-148,2456,39,-201,2451
44562425,2135,508028091,55203114,5885,-2310,40,5845,292696650,2115,292696700,2115,122,20,3,-118,2416,14,-169,2411
44572042,2133,508028117,55203097,5885,-2308,41,5845,292696650,2115,292696710,2115,122,21,-37,-101,2392,-25,-152,2388
44581939,2132,508028144,55203080,5885,-2307,42,5845,292696700,2115,292696720,2115,122,22,-31,-148,2402,-19,-199,2397
44592525,2131,508028170,55203064,5886,-2306,43,5845,292696700,2115,292696730,2115,123,22,-3,-38,2415,8,-90,2411
44601768,2129,508028197,55203048,5887,-2304,44,5845,292696700,2115,292696740,2115,123,23,27,-228,2425,40,-281,2418
44611794,2128,508028223,55203032,5888,-2303,44,5845,292696700,2115,292696750,2115,124,23,71,-101,2384,83,-153,2379
44622704,2126,508028250,55203016,5888,-2302,46,5845,292696700,2115,292696760,2115,124,23,7,-95,2345,19,-146,2341
44631938,2125,508028276,55202998,5889,-2301,46,5845,292696750,2115,292696770,2115,125,23,4,-170,2435,17,-223,2429
44641770,2124,508028302,55202982,5889,-2300,48,5845,292696750,2115,292696780,2115,124,23,-35,-122,2344,-23,-173,2339
44651850,2122,508028329,55202966,5890,-2298,49,5845,292696750,2115,292696790,2115,124,23,-9,-88,2403,3,-141,2399
44661812,2121,508028355,55202950,5891,-2297,49,5845,292696750,2115,292696800,2115,124,23,33,-132,2437,46,-185,2431
44673140,2120,508028382,55202934,5892,-2296,49,5845,292696750,2115,292696810,2115,125,23,63,-120,2465,76,-174,2460
44682317,2118,508028408,55202917,5893,-2294,50,5845,292696800,2115,292696820,2115,125,23,27,-203,2480,40,-257,2473
44691803,2117,508028435,55202901,5894,-2293,50,5845,292696800,2115,292696830,2115,126,23,2,-151,2466,14,-205,2460
44701791,2115,508028461,55202885,5894,-2292,50,5845,292696800,2115,292696840,2115,126,23,-33,-70,2435,-21,-124,2431
44711802,2114,508028488,55202869,5894,-2291,51,5845,292696800,2115,292696850,2115,127,22,-36,-120,2476,-23,-176,2471
44722039,2113,508028514,55202853,5895,-2289,51,5845,292696800,2115,292696860,2115,127,22,-21,-132,2511,-9,-188,2505
44731948,2111,508028541,55202836,5896,-2288,50,5845,292696850,2115,292696870,2115,128,22,46,-177,2533,59,-233,2526
44741784,2110,508028567,55202820,5896,-2287,51,5845,292696850,2115,292696880,2115,128,22,48,-91,2467,60,-147,2462
44751779,2109,508028594,55202804,5897,-2286,51,5845,292696850,2115,292696890,2115,129,22,24,-139,2449,36,-194,2444
44761799,2107,508028620,55202788,5898,-2284,51,5845,292696850,2115,292696900,2115,130,21,-14,-123,2453,-3,-179,2448
44772028,2106,508028647,55202772,5898,-2283,51,5845,292696850,2115,292696910,2115,130,21,-32,-162,2505,-20,-220,2499
44781952,2105,508028673,55202755,5899,-2281,51,5845,292696900,2115,292696920,2115,131,20,7,-152,2519,18,-210,2513
44791799,2104,508028700,55202739,5900,-2280,52,5845,292696900,2115,292696930,2115,132,20,43,-116,2427,54,-172,2422
44801868,2103,508028726,55202723,5900,-2279,52,5845,292696900,2115,292696940,2115,132,19,3,-113,2454,13,-170,2449
44811830,2101,508028753,55202707,5901,-2278,53,5845,292696900,2115,292696950,2115,133,19,28,-162,2471,38,-220,2464
44822112,2100,508028779,55202691,5902,-2276,53,5846,292696900,2115,292696960,2115,133,19,28,-108,2515,39,-167,2510
44832103,2099,508028806,55202674,5902,-2275,52,5846,292696950,2115,292696970,2115,134,18,-28,-118,2540,-17,-177,2535
44841782,2098,508028832,55202658,5903,-2274,52,5846,292696950,2115,292696980,2115,134,18,5,-76,2540,15,-136,2535
44851793,2097,508028859,55202642,5903,-2272,52,5846,292696950,2115,292696990,2115,135,18,-35,-130,2525,-24,-190,2519
44862192,2095,508028886,55202626,5904,-2271,51,5846,292696950,2115,292697000,2115,135,17,13,-156,2576,24,-217,2570
44872107,2094,508028912,55202610,5905,-2270,51,5846,292696950,2115,292697010,2115,136,17,21,-118,2529,31,-178,2523
44881929,2093,508028939,55202593,5905,-2268,51,5846,292697000,2115,292697020,2115,137,17,19,-106,2534,29,-166,2528
44891892,2092,508028965,55202577,5906,-2267,51,5846,292697000,2115,292697030,2115,137,17,3,-131,2524,13,-192,2518
44901800,2091,508028992,55202561,5906,-2266,51,5846,292697000,2115,292697040,2115,137,17,-33,-118,2501,-23,-178,2495
44911800,2090,508029018,55202546,5907,-2264,50,5846,292697000,2115,292697050,2115,137,17,-2,-118,2560,8,-180,2554
44923102,2089,508029045,55202530,5907,-2263,50,5846,292697000,2115,292697060,2115,137,17,7,-72,2515,17,-132,2511
44931943,2088,508029071,55202513,5908,-2263,50,5846,292697050,2115,292697070,2115,137,17,30,-128,2535,40,-189,2529
44941778,2087,508029098,55202497,5909,-2261,50,5846,292697050,2115,292697080,2115,138,17,17,-131,2493,27,-192,2488
44952406,2086,508029124,55202481,5909,-2261,50,5846,292697050,2115,292697090,2115,139,17,-19,-31,2500,-9,-92,2497
44961769,2085,508029151,55202465,5910,-2259,50,5846,292697050,2115,292697100,2115,139,18,12,-165,2491,22,-226,2484
44972496,2084,508029178,55202449,5911,-2258,50,5846,292697050,2115,292697110,2115,140,18,21,-112,2604,31,-175,2598
44981952,2083,508029204,55202433,5911,-2257,49,5846,292697100,2115,292697120,2115,140,18,3,-82,2508,13,-144,2503
44991786,2082,508029231,55202417,5912,-2256,49,5846,292697100,2115,292697130,2115,141,18,0,-70,2537,10,-133,2533
45001779,2081,508029257,55202401,5912,-2255,49,5846,292697100,2115,292697140,2115,143,18,-2,-76,2524,9,-139,2520
45011875,2080,508029284,55202385,5913,-2254,49,5846,292697100,2115,292697150,2115,144,18,34,-109,2564,44,-174,2559
45022047,2080,508029310,55202369,5913,-2253,48,5846,292697100,2115,292697160,2115,146,19,9,-130,2557,20,-196,2551
45031933,2079,508029337,55202353,5914,-2252,48,5846,292697150,2115,292697170,2115,148,19,7,-37,2535,17,-103,2531
45042026,2078,508029364,55202337,5914,-2251,48,5846,292697150,2115,292697180,2115,150,19,-11,-65,2563,0,-132,2559
45051787,2077,508029390,55202321,5915,-2249,47,5846,292697150,2115,292697190,2115,152,19,-12,-108,2540,-1,-176,2534
45061790,2076,508029417,55202305,5915,-2248,47,5846,292697150,2115,292697200,2115,154,19,21,-74,2581,32,-143,2576
45072287,2075,508029443,55202290,5916,-2247,47,5846,292697150,2115,292697210,2115,156,19,39,-106,2469,50,-173,2464
45081944,2075,508029470,55202273,5917,-2246,47,5846,292697200,2115,292697220,2115,158,18,18,-45,2501,28,-114,2497
45091784,2074,508029496,55202257,5917,-2245,47,5846,292697200,2115,292697230,2115,160,18,-2,-41,2489,8,-111,2485
45101789,2073,508029523,55202241,5918,-2244,46,5846,292697200,2115,292697240,2115,162,18,13,-120,2614,23,-194,2608
45111805,2073,508029550,55202226,5918,-2243,46,5846,292697200,2115,292697250,2115,163,17,12,-93,2527,22,-165,2521
45122019,2072,508029576,55202210,5919,-2242,46,5846,292697200,2115,292697260,2115,165,17,14,5,2571,23,-69,2568
45132303,2072,508029603,55202193,5919,-2242,45,5846,292697250,2115,292697270,2115,167,16,-19,-44,2551,-9,-119,2547
45141769,2071,508029629,55202178,5920,-2240,44,5846,292697250,2115,292697280,2115,169,16,28,-111,2604,37,-188,2598
45151789,2070,508029656,55202162,5920,-2240,44,5846,292697250,2115,292697290,2115,171,15,7,-16,2590,16,-94,2586
45161778,2070,508029683,55202146,5921,-2239,43,5846,292697250,2115,292697300,2115,173,14,12,11,2665,20,-70,2662
45173173,2069,508029709,55202130,5921,-2238,42,5846,292697250,2115,292697310,2115,174,13,-17,-82,2614,-8,-162,2609
45181921,2069,508029736,55202114,5922,-2237,41,5846,292697300,2115,292697320,2115,175,12,30,-36,2551,38,-114,2547
45191813,2068,508029762,55202098,5922,-2236,41,5846,292697300,2115,292697330,2115,176,12,-43,-73,2504,-35,-151,2499
45201776,2068,508029789,55202083,5922,-2235,42,5846,292697300,2115,292697340,2115,176,11,-19,-17,2479,-12,-94,2475
45211802,2067,508029816,55202067,5922,-2235,42,5846,292697300,2115,292697350,2115,176,11,16,89,2496,22,12,2495
45223082,2067,508029842,55202051,5923,-2235,41,5846,292697300,2115,292697360,2115,176,11,16,-28,2631,24,-109,2627
45231933,2066,508029869,55202035,5923,-2234,39,5846,292697350,2115,292697370,2115,175,11,1,-59,2674,8,-141,2669
45241800,2066,508029896,55202019,5923,-2232,37,5846,292697350,2115,292697380,2115,175,10,-8,-97,2718,0,-181,2712
45251921,2066,508029922,55202003,5923,-2232,36,5846,292697350,2115,292697390,2115,175,10,-2,81,2687,5,-2,2686
45261806,2065,508029949,55201988,5923,-2232,36,5846,292697350,2115,292697400,2115,174,10,-37,23,2561,-31,-55,2559
45272104,2065,508029975,55201972,5923,-2232,36,5846,292697350,2115,292697410,2115,174,10,24,78,2492,30,2,2492
45282892,2065,508030002,55201955,5923,-2231,36,5846,292697400,2115,292697420,2115,173,11,-49,-49,2434,-43,-123,2429
45291798,2064,508030029,55201940,5923,-2231,36,5846,292697400,2115,292697430,2115,171,11,-18,61,2477,-11,-14,2476
45301791,2064,508030055,55201924,5924,-2231,36,5846,292697400,2115,292697440,2115,170,11,40,15,2531,47,-61,2529
45311774,2064,508030082,55201908,5925,-2230,35,5846,292697400,2115,292697450,2115,169,11,72,-2,2688,79,-81,2685
45322023,2064,508030109,55201893,5925,-2230,34,5846,292697400,2115,292697460,2115,168,11,63,44,2564,69,-31,2562
45331924,2063,508030135,55201876,5925,-2230,34,5846,292697450,2115,292697470,2115,167,10,-36,113,2488,-30,39,2489
45341786,2063,508030162,55201861,5925,-2230,34,5846,292697450,2115,292697480,2115,166,11,-61,43,2517,-54,-31,2515
45351802,2063,508030188,55201845,5925,-2228,34,5846,292697450,2115,292697490,2115,165,11,-4,-116,2534,3,-190,2528
45361768,2063,508030215,55201829,5925,-2229,34,5846,292697450,2115,292697500,2115,164,11,-34,111,2506,-27,39,2506
45372022,2063,508030242,55201814,5925,-2229,34,5846,292697450,2115,292697510,2115,163,12,51,111,2546,58,38,2546
45381928,2062,508030268,55201797,5925,-2229,33,5846,292697500,2115,292697520,2115,162,12,-4,76,2535,3,4,2535
45391854,2062,508030295,55201782,5926,-2229,33,5846,292697500,2115,292697530,2115,161,12,30,-9,2525,38,-81,2522
45401787,2062,508030321,55201766,5926,-2229,33,5846,292697500,2115,292697540,2115,161,12,17,105,2573,24,32,2573
45411776,2062,508030348,55201750,5926,-2230,33,5846,292697500,2115,292697550,2115,160,13,-15,110,2459,-9,40,2459
45422036,2061,508030375,55201735,5926,-2228,34,5846,292697500,2115,292697560,2115,160,13,-13,-83,2435,-6,-152,2430
45431962,2061,508030401,55201718,5926,-2228,34,5846,292697550,2115,292697570,2115,159,13,-19,3,2428,-12,-65,2425
45441865,2061,508030428,55201703,5926,-2229,34,5846,292697550,2115,292697580,2115,159,13,-41,183,2485,-34,114,2487
45451787,2061,508030455,55201687,5926,-2229,34,5846,292697550,2115,292697590,2115,158,14,13,48,2497,21,-21,2496
45461800,2060,508030481,55201671,5927,-2228,34,5846,292697550,2115,292697600,2115,158,14,67,-16,2485,75,-84,2482
45472038,2060,508030508,55201656,5927,-2228,35,5846,292697550,2115,292697610,2115,158,14,23,-13,2458,31,-82,2455
45481930,2060,508030535,55201639,5927,-2228,36,5846,292697600,2115,292697620,2115,157,14,-32,53,2382,-25,-13,2381
45491868,2060,508030561,55201623,5927,-2228,36,5846,292697600,2115,292697630,2115,157,14,-40,70,2499,-32,1,2499
45501797,2059,508030588,55201608,5927,-2227,36,5846,292697600,2115,292697640,2115,156,15,-35,-79,2505,-27,-148,2500
45511794,2059,508030614,55201592,5927,-2227,35,5846,292697600,2115,292697650,2115,156,15,12,54,2533,20,-16,2531
45523185,2059,508030641,55201577,5927,-2227,36,5846,292697600,2115,292697660,2115,156,15,21,85,2458,29,18,2457
45531926,2059,508030668,55201560,5928,-2226,36,5846,292697650,2115,292697670,2115,156,15,29,-24,2468,38,-92,2464
45541851,2058,508030694,55201544,5928,-2226,37,5846,292697650,2115,292697680,2115,156,15,-2,-12,2385,6,-77,2382
45551774,2058,508030721,55201529,5928,-2226,37,5846,292697650,2115,292697690,2115,156,16,-20,90,2456,-12,22,2456
45561779,2058,508030748,55201513,5928,-2225,38,5846,292697650,2115,292697700,2115,155,16,-28,-80,2428,-19,-146,2423
45572136,2058,508030774,55201498,5928,-2224,38,5846,292697650,2115,292697710,2115,155,16,-25,27,2501,-16,-41,2499
45581909,2058,508030801,55201481,5928,-2224,38,5846,292697700,2115,292697720,2115,154,16,25,68,2430,34,3,2429
45591872,2057,508030828,55201466,5928,-2224,39,5846,292697700,2115,292697730,2115,154,16,16,49,2458,25,-17,2457
45602606,2057,508030854,55201450,5928,-2224,39,5846,292697700,2115,292697740,2115,154,15,-8,9,2468,0,-58,2465
45612505,2057,508030881,55201434,5929,-2223,39,5846,292697700,2115,292697750,2115,154,15,32,-20,2455,40,-86,2451
45622074,2057,508030907,55201419,5928,-2223,40,5846,292697700,2115,292697760,2115,154,15,-56,40,2442,-47,-27,2440
45631927,2056,508030934,55201402,5929,-2223,40,5846,292697750,2115,292697770,2115,155,15,-31,50,2465,-22,-17,2464
45642231,2056,508030961,55201387,5929,-2223,41,5846,292697750,2115,292697780,2115,155,15,-12,72,2427,-4,5,2427
45651867,2056,508030988,55201371,5929,-2222,41,5846,292697750,2115,292697790,2115,155,16,14,-51,2455,22,-118,2451
45661795,2056,508031014,55201356,5929,-2222,41,5846,292697750,2115,292697800,2115,156,16,29,52,2470,38,-15,2468
45672802,2055,508031041,55201340,5930,-2222,42,5846,292697750,2115,292697810,2115,156,16,22,61,2459,31,-7,2457
45681944,2055,508031068,55201324,5930,-2221,42,5846,292697800,2115,292697820,2115,157,16,-16,11,2515,-7,-58,2513
45691875,2055,508031094,55201308,5930,-2221,42,5846,292697800,2115,292697830,2115,157,16,-50,-17,2445,-42,-85,2441
45701790,2055,508031121,55201292,5929,-2221,42,5846,292697800,2115,292697840,2115,158,16,-42,143,2473,-34,74,2474
45711793,2054,508031148,55201277,5929,-2221,43,5846,292697800,2115,292697850,2115,158,16,-24,10,2473,-15,-59,2471
45722033,2054,508031174,55201261,5930,-2220,43,5846,292697800,2115,292697860,2115,158,16,27,-15,2485,36,-84,2482
45731960,2054,508031201,55201245,5930,-2220,44,5846,292697850,2115,292697870,2115,159,16,36,12,2365,45,-53,2363
45741887,2054,508031228,55201229,5930,-2220,44,5846,292697850,2115,292697880,2115,159,17,21,21,2411,29,-46,2408
45751807,2054,508031254,55201214,5930,-2220,45,5846,292697850,2115,292697890,2115,159,17,-54,88,2373,-45,21,2373
45761792,2053,508031281,55201198,5930,-2219,45,5846,292697850,2115,292697900,2115,158,18,-29,9,2497,-19,-60,2494
45772046,2053,508031307,55201183,5930,-2219,45,5846,292697850,2115,292697910,2115,158,18,-36,63,2519,-27,-7,2518
45781925,2053,508031334,55201166,5930,-2219,45,5846,292697900,2115,292697920,2115,158,18,21,49,2493,30,-20,2492
45791846,2053,508031361,55201151,5931,-2219,46,5846,292697900,2115,292697930,2115,157,18,70,1,2445,80,-67,2442
45801816,2053,508031388,55201135,5931,-2219,46,5846,292697900,2115,292697940,2115,157,19,5,42,2469,15,-26,2467
45811803,2053,508031414,55201119,5931,-2219,48,5846,292697900,2115,292697950,2115,157,19,-45,118,2303,-36,54,2304
45822037,2053,508031441,55201104,5930,-2219,48,5846,292697900,2115,292697960,2115,156,20,-40,36,2420,-30,-30,2419
45831912,2053,508031468,55201087,5931,-2218,48,5846,292697950,2115,292697970,2115,155,20,-22,2,2475,-12,-66,2473
45841848,2053,508031494,55201072,5931,-2218,49,5846,292697950,2115,292697980,2115,154,20,6,23,2485,16,-44,2483
45851784,2053,508031521,55201056,5931,-2219,49,5847,292697950,2115,292697990,2115,153,20,42,158,2495,51,91,2496
45861771,2052,508031548,55201041,5932,-2219,49,5847,292697950,2115,292698000,2115,152,20,51,20,2498,61,-47,2495
45872049,2052,508031574,55201025,5932,-2219,49,5847,292697950,2115,292698010,2115,151,19,8,69,2481,18,3,2480
45881963,2052,508031601,55201009,5931,-2218,49,5847,292698000,2115,292698020,2115,151,19,-68,40,2459,-58,-26,2457
45891853,2052,508031628,55200993,5931,-2218,50,5847,292698000,2115,292698030,2115,150,19,-61,64,2425,-52,0,2424
45901817,2052,508031654,55200978,5931,-2218,50,5847,292698000,2115,292698040,2115,149,19,-41,100,2474,-32,35,2474
45911776,2052,508031681,55200962,5931,-2218,50,5847,292698000,2115,292698050,2115,148,18,45,62,2553,55,-4,2551
45922052,2052,508031708,55200947,5932,-2219,49,5847,292698000,2115,292698060,2115,148,18,106,34,2531,115,-32,2529
45931931,2052,508031734,55200930,5932,-2219,49,5847,292698050,2115,292698070,2115,148,17,5,76,2547,14,9,2547
45941839,2052,508031761,55200915,5932,-2219,48,5847,292698050,2115,292698080,2115,148,16,-18,44,2586,-9,-23,2585
45951800,2052,508031788,55200899,5932,-2218,48,5847,292698050,2115,292698090,2115,149,15,-70,49,2533,-62,-18,2532
45961801,2052,508031814,55200883,5931,-2218,47,5847,292698050,2115,292698100,2115,149,14,-56,69,2637,-48,0,2637
45972021,2052,508031841,55200868,5932,-2218,46,5847,292698050,2115,292698110,2115,149,14,12,7,2599,20,-60,2596
45981932,2052,508031868,55200851,5932,-2218,45,5847,292698100,2115,292698120,2115,149,12,41,52,2684,48,-18,2682
45991858,2052,508031894,55200836,5932,-2218,44,5847,292698100,2115,292698130,2115,150,11,42,49,2604,49,-19,2603
46001762,2051,508031921,55200820,5932,-2218,43,5847,292698100,2115,292698140,2115,151,10,32,71,2640,38,1,2639
46013001,2051,508031948,55200805,5932,-2217,42,5847,292698100,2115,292698150,2115,152,9,-37,-13,2583,-31,-82,2580
46022068,2051,508031974,55200789,5932,-2217,41,5847,292698100,2115,292698160,2115,153,8,-42,28,2637,-36,-43,2635
46031931,2051,508032001,55200773,5933,-2217,40,5847,292698150,2115,292698170,2115,154,7,-35,61,2607,-30,-10,2605
46041838,2051,508032028,55200757,5933,-2217,39,5847,292698150,2115,292698180,2115,155,7,10,47,2676,15,-25,2674
46051830,2051,508032054,55200742,5933,-2216,38,5847,292698150,2115,292698190,2115,156,6,35,43,2660,40,-29,2658
46062596,2051,508032081,55200726,5934,-2216,36,5847,292698150,2115,292698200,2115,157,5,49,34,2734,53,-41,2732
46072042,2051,508032108,55200711,5934,-2216,35,5847,292698150,2115,292698210,2115,158,4,-22,25,2631,-18,-48,2628
46081928,2051,508032134,55200694,5933,-2216,34,5847,292698200,2115,292698220,2115,158,3,-40,80,2668,-37,6,2668
46091858,2051,508032161,55200679,5933,-2215,33,5847,292698200,2115,292698230,2115,159,3,-43,19,2582,-40,-54,2580
46101796,2051,508032188,55200663,5933,-2215,32,5847,292698200,2115,292698240,2115,160,3,-12,23,2660,-8,-52,2658
46111795,2051,508032214,55200648,5933,-2215,31,5847,292698200,2115,292698250,2115,160,3,-2,53,2613,1,-21,2612
46122725,2051,508032241,55200632,5934,-2215,30,5847,292698200,2115,292698260,2115,161,3,64,71,2641,67,-3,2640
46131953,2051,508032268,55200616,5934,-2215,29,5847,292698250,2115,292698270,2115,161,3,40,69,2569,43,-3,2568
46141876,2051,508032294,55200600,5934,-2214,29,5847,292698250,2115,292698280,2115,161,3,-31,-15,2585,-27,-88,2581
46151775,2051,508032321,55200585,5933,-2214,28,5847,292698250,2115,292698290,2115,161,4,-66,67,2562,-63,-6,2561
46161789,2051,508032348,55200569,5933,-2214,28,5847,292698250,2115,292698300,2115,161,5,-31,113,2540,-28,41,2540
46173165,2051,508032374,55200553,5933,-2214,27,5847,292698250,2115,292698310,2115,161,6,-7,66,2591,-3,-7,2590
46181927,2051,508032401,55200537,5933,-2214,27,5847,292698300,2115,292698320,2115,161,7,56,45,2527,60,-26,2525
46191853,2051,508032428,55200522,5934,-2214,27,5847,292698300,2115,292698330,2115,161,8,59,93,2511,64,22,2511
46201768,2051,508032454,55200506,5934,-2214,27,5847,292698300,2115,292698340,2115,161,9,3,59,2431,9,-10,2430
46211790,2050,508032481,55200491,5934,-2214,28,5847,292698300,2115,292698350,2115,161,10,-42,62,2404,-36,-6,2403
46222068,2050,508032508,55200475,5934,-2214,29,5847,292698300,2115,292698360,2115,161,12,-26,26,2434,-19,-43,2432
46231914,2050,508032534,55200459,5933,-2214,29,5847,292698350,2115,292698370,2115,161,13,-12,138,2413,-5,70,2414
46241847,2050,508032561,55200443,5933,-2215,30,5847,292698350,2115,292698380,2115,160,15,25,71,2385,33,4,2384
46251888,2050,508032588,55200428,5934,-2214,31,5847,292698350,2115,292698390,2115,160,16,74,27,2410,83,-40,2408
46261795,2050,508032614,55200412,5934,-2215,32,5847,292698350,2115,292698400,2115,160,17,30,62,2408,39,-6,2407
46272023,2050,508032641,55200397,5934,-2215,33,5847,292698350,2115,292698410,2115,160,19,5,74,2317,15,9,2316
46281965,2050,508032668,55200380,5935,-2214,35,5847,292698400,2115,292698420,2115,160,20,-27,86,2294,-18,21,2294
46291866,2050,508032694,55200365,5935,-2214,36,5847,292698400,2115,292698430,2115,159,22,-33,34,2314,-22,-31,2312
46301794,2050,508032721,55200349,5935,-2214,37,5847,292698400,2115,292698440,2115,158,23,-18,35,2323,-7,-29,2321
46312055,2050,508032748,55200334,5935,-2215,39,5847,292698400,2115,292698450,2115,158,25,34,120,2326,46,56,2327
46322077,2049,508032774,55200318,5936,-2215,40,5847,292698400,2115,292698460,2115,157,26,57,63,2332,69,-1,2331
46331923,2049,508032801,55200302,5936,-2215,42,5847,292698450,2115,292698470,2115,156,27,58,-12,2278,71,-74,2275
46342163,2049,508032828,55200286,5936,-2215,44,5847,292698450,2115,292698480,2115,156,28,-15,91,2283,-3,28,2282
46351768,2049,508032854,55200271,5936,-2214,46,5847,292698450,2115,292698490,2115,154,29,-59,25,2224,-46,-35,2222
46361776,2049,508032881,55200255,5935,-2215,48,5847,292698450,2115,292698500,2115,153,29,-54,118,2271,-41,56,2271
46373400,2049,508032908,55200240,5936,-2215,49,5847,292698450,2115,292698510,2115,151,30,31,38,2288,45,-23,2286
46381949,2049,508032934,55200223,5936,-2215,51,5847,292698500,2115,292698520,2115,150,31,74,59,2329,88,-2,2328
46391860,2048,508032961,55200208,5936,-2216,52,5847,292698500,2115,292698530,2115,149,31,51,111,2308,64,51,2308
46402399,2048,508032988,55200192,5937,-2216,53,5847,292698500,2115,292698540,2115,148,31,33,39,2369,48,-22,2367
46411787,2048,508033015,55200176,5936,-2216,55,5847,292698500,2115,292698550,2115,147,31,-50,60,2301,-36,0,2300
46422054,2048,508033041,55200161,5936,-2216,56,5847,292698500,2115,292698560,2115,146,31,-51,110,2347,-37,49,2348
46432557,2048,508033068,55200145,5936,-2216,57,5847,292698550,2115,292698570,2115,144,31,-13,36,2387,2,-25,2385
46441839,2048,508033095,55200129,5936,-2216,58,5847,292698550,2115,292698580,2115,143,30,22,78,2339,36,19,2338
46451793,2047,508033121,55200113,5937,-2216,59,5847,292698550,2115,292698590,2115,142,30,36,79,2426,50,19,2426
46462512,2047,508033148,55200098,5937,-2216,60,5847,292698550,2115,292698600,2115,141,29,76,74,2425,90,13,2424
46472005,2047,508033175,55200082,5938,-2217,60,5847,292698550,2115,292698610,2115,141,27,9,85,2459,23,24,2458
46481914,2047,508033201,55200066,5937,-2217,61,5847,292698600,2115,292698620,2115,141,26,-54,19,2384,-41,-41,2383
46492036,2046,508033228,55200050,5937,-2217,61,5847,292698600,2115,292698630,2115,141,25,-37,101,2492,-25,39,2492
46501808,2046,508033255,55200035,5937,-2217,61,5847,292698600,2115,292698640,2115,141,23,-8,30,2482,4,-32,2480
46511822,2046,508033281,55200019,5938,-2216,60,5847,292698600,2115,292698650,2115,141,21,50,10,2577,62,-54,2574
46522347,2046,508033308,55200004,5938,-2217,60,5847,292698600,2115,292698660,2115,141,20,51,63,2525,62,0,2524
46531934,2045,508033335,55199987,5938,-2217,59,5847,292698650,2115,292698670,2115,142,18,36,46,2604,46,-19,2603
46541855,2045,508033361,55199972,5938,-2216,59,5847,292698650,2115,292698680,2115,143,16,-28,-11,2581,-19,-76,2578
46551779,2045,508033388,55199956,5938,-2216,58,5847,292698650,2115,292698690,2115,144,14,-37,26,2623,-29,-40,2621
46561773,2045,508033415,55199941,5938,-2215,57,5847,292698650,2115,292698700,2115,145,12,-42,43,2619,-34,-24,2617
46573206,2044,508033441,55199925,5938,-2215,56,5847,292698650,2115,292698710,2115,145,10,-8,3,2664,-1,-65,2661
46582466,2044,508033468,55199909,5939,-2214,55,5847,292698700,2115,292698720,2115,147,8,27,-19,2640,33,-87,2637
46591856,2044,508033495,55199893,5939,-2214,53,5847,292698700,2115,292698730,2115,148,7,42,-7,2694,47,-77,2691
46601795,2044,508033522,55199878,5939,-2213,52,5847,292698700,2115,292698740,2115,149,5,-10,20,2658,-5,-49,2656
46612564,2044,508033548,55199862,5939,-2213,50,5847,292698700,2115,292698750,2115,149,4,-18,4,2670,-14,-67,2667
46622035,2044,508033575,55199847,5939,-2212,49,5847,292698700,2115,292698760,2115,150,3,-40,26,2717,-37,-46,2714
46631917,2044,508033602,55199830,5940,-2212,47,5847,292698750,2115,292698770,2115,150,2,-14,8,2732,-11,-65,2729
46641865,2044,508033628,55199815,5940,-2212,45,5847,292698750,2115,292698780,2115,151,1,16,50,2719,18,-22,2717
46651779,2044,508033655,55199799,5940,-2212,43,5847,292698750,2115,292698790,2115,151,0,69,46,2748,70,-27,2746
46661783,2044,508033682,55199784,5941,-2211,42,5847,292698750,2115,292698800,2115,151,-1,42,7,2685,43,-64,2683
46672792,2044,508033708,55199768,5941,-2211,41,5847,292698750,2115,292698810,2115,151,-2,-43,53,2627,-42,-17,2625
46681924,2044,508033735,55199752,5941,-2211,40,5847,292698800,2115,292698820,2115,151,-2,-27,39,2675,-26,-32,2673
46691856,2044,508033762,55199736,5940,-2210,39,5847,292698800,2115,292698830,2115,150,-2,-45,-12,2617,-44,-81,2614
46702595,2044,508033789,55199721,5940,-2210,37,5847,292698800,2115,292698840,2115,149,-2,-10,46,2666,-9,-24,2664
46711773,2044,508033815,55199705,5941,-2210,36,5847,292698800,2115,292698850,2115,148,-2,67,108,2693,68,38,2693
46722024,2044,508033842,55199690,5941,-2211,34,5847,292698800,2115,292698860,2115,146,-2,69,112,2705,70,43,2705
46732424,2044,508033869,55199673,5941,-2210,32,5847,292698850,2115,292698870,2115,144,-1,22,-39,2777,24,-110,2773
46741848,2044,508033895,55199658,5941,-2210,30,5847,292698850,2115,292698880,2115,142,-1,-41,133,2700,-40,65,2700
46751773,2044,508033922,55199642,5940,-2211,29,5847,292698850,2115,292698890,2115,141,0,-54,126,2629,-53,61,2630
46762311,2044,508033949,55199627,5940,-2211,29,5847,292698850,2115,292698900,2115,139,1,-19,65,2613,-17,0,2611
46772035,2044,508033975,55199611,5941,-2211,29,5847,292698850,2115,292698910,2115,139,2,34,56,2511,37,-5,2510
46781918,2044,508034002,55199595,5941,-2211,29,5847,292698900,2115,292698920,2115,138,4,36,28,2499,39,-32,2497
46792451,2044,508034029,55199580,5941,-2212,29,5847,292698900,2115,292698930,2115,136,5,28,190,2473,31,130,2475
46802138,2043,508034056,55199564,5941,-2212,28,5847,292698900,2115,292698940,2115,135,6,33,61,2568,37,0,2567
46811776,2043,508034082,55199549,5941,-2212,27,5847,292698900,2115,292698950,2115,134,7,1,24,2636,6,-38,2634
46822565,2043,508034109,55199533,5941,-2212,27,5847,292698900,2115,292698960,2115,132,8,-20,109,2548,-15,49,2548
46831999,2043,508034136,55199517,5941,-2213,27,5847,292698950,2115,292698970,2115,132,10,-6,148,2520,-1,89,2521
46841834,2042,508034162,55199501,5941,-2212,26,5847,292698950,2115,292698980,2115,131,11,5,29,2552,11,-30,2550
46851902,2042,508034189,55199486,5941,-2213,26,5847,292698950,2115,292698990,2115,132,12,19,53,2492,26,-5,2490
46861798,2042,508034216,55199470,5941,-2212,27,5847,292698950,2115,292699000,2115,132,14,24,2,2460,32,-55,2457
46872024,2041,508034242,55199455,5941,-2212,27,5848,292698950,2115,292699010,2115,132,15,0,52,2490,8,-6,2488
46882069,2041,508034269,55199438,5941,-2213,27,5848,292699000,2115,292699020,2115,132,15,-17,96,2429,-9,39,2429
46891841,2041,508034296,55199423,5942,-2212,27,5848,292699000,2115,292699030,2115,133,16,27,-77,2503,36,-135,2498
46901772,2041,508034323,55199407,5942,-2212,28,5848,292699000,2115,292699040,2115,133,16,26,72,2437,34,15,2436
46912236,2040,508034349,55199392,5942,-2212,28,5848,292699000,2115,292699050,2115,133,17,20,14,2432,29,-43,2430
46922035,2040,508034376,55199376,5943,-2212,29,5848,292699000,2115,292699060,2115,134,17,26,37,2391,35,-19,2389
46931927,2040,508034403,55199360,5943,-2212,30,5848,292699050,2115,292699070,2115,135,17,-34,60,2421,-25,3,2420
46942040,2040,508034429,55199344,5943,-2211,30,5848,292699050,2115,292699080,2115,135,18,-7,-53,2443,3,-112,2440
46951766,2039,508034456,55199329,5943,-2210,30,5848,292699050,2115,292699090,2115,136,18,6,-13,2493,16,-72,2490
46961770,2039,508034483,55199313,5944,-2211,30,5848,292699050,2115,292699100,2115,136,18,44,71,2542,54,10,2541
46972042,2039,508034510,55199298,5944,-2210,31,5848,292699050,2115,292699110,2115,137,18,-4,26,2413,6,-32,2411
46981924,2039,508034536,55199281,5944,-2210,32,5848,292699100,2115,292699120,2115,137,18,-5,17,2404,5,-41,2402
46991844,2039,508034563,55199266,5944,-2209,33,5848,292699100,2115,292699130,2115,138,18,-14,-36,2395,-4,-94,2391
47001933,2038,508034590,55199250,5944,-2209,33,5848,292699100,2115,292699140,2115,138,18,-27,6,2499,-18,-55,2497
47011815,2038,508034616,55199235,5944,-2208,33,5848,292699100,2115,292699150,2115,138,17,-2,-19,2468,8,-79,2465
47022026,2038,508034643,55199219,5945,-2209,33,5848,292699100,2115,292699160,2115,139,17,31,78,2505,40,17,2505
47032344,2038,508034670,55199203,5945,-2208,33,5848,292699150,2115,292699170,2115,140,16,0,20,2420,9,-39,2418
47041839,2038,508034697,55199187,5945,-2208,34,5848,292699150,2115,292699180,2115,141,15,45,-23,2462,54,-84,2459
47051764,2037,508034723,55199172,5946,-2208,35,5848,292699150,2115,292699190,2115,143,14,32,14,2299,40,-44,2297
47061953,2037,508034750,55199156,5945,-2208,36,5848,292699150,2115,292699200,2115,144,14,-36,76,2348,-29,16,2347
47072515,2037,508034777,55199141,5945,-2208,37,5848,292699150,2115,292699210,2115,145,13,-40,37,2386,-33,-24,2385
47081920,2037,508034803,55199125,5946,-2206,37,5848,292699200,2115,292699220,2115,145,13,1,-81,2519,8,-145,2515
47092132,2037,508034830,55199109,5946,-2206,37,5848,292699200,2115,292699230,2115,146,12,44,15,2541,51,-51,2539
47101784,2037,508034857,55199094,5947,-2206,37,5848,292699200,2115,292699240,2115,147,11,25,45,2514,32,-20,2513
47111808,2037,508034884,55199078,5947,-2206,36,5848,292699200,2115,292699250,2115,149,10,2,64,2560,9,-3,2559
47122423,2037,508034910,55199063,5947,-2205,37,5848,292699200,2115,292699260,2115,151,10,-40,-33,2475,-34,-98,2472
47131929,2037,508034937,55199046,5946,-2205,37,5848,292699250,2115,292699270,2115,152,9,-54,32,2419,-48,-33,2417
47141876,2037,508034964,55199031,5946,-2205,38,5848,292699250,2115,292699280,2115,153,9,-41,59,2410,-36,-6,2409
47152330,2037,508034990,55199015,5946,-2204,38,5848,292699250,2115,292699290,2115,154,8,-3,42,2479,2,-25,2477
47161766,2037,508035017,55199000,5947,-2205,39,5848,292699250,2115,292699300,2115,155,8,36,85,2432,41,19,2431
47172127,2037,508035044,55198985,5947,-2204,38,5848,292699250,2115,292699310,2115,156,8,67,6,2535,72,-63,2532
47182645,2036,508035071,55198968,5947,-2205,39,5848,292699300,2115,292699320,2115,157,7,25,85,2434,30,18,2433
47191839,2036,508035097,55198953,5947,-2205,40,5848,292699300,2115,292699330,2115,157,7,-24,114,2417,-20,47,2418
47201766,2036,508035124,55198937,5947,-2205,40,5848,292699300,2115,292699340,2115,158,7,-39,-34,2475,-34,-102,2471
47211796,2036,508035151,55198922,5947,-2204,40,5848,292699300,2115,292699350,2115,158,7,-36,42,2509,-31,-28,2507
47222032,2036,508035178,55198906,5947,-2204,40,5848,292699300,2115,292699360,2115,158,7,-18,67,2526,-14,-3,2525
47231927,2036,508035204,55198890,5947,-2204,39,5848,292699350,2115,292699370,2115,158,7,45,91,2533,49,21,2533
47242616,2036,508035231,55198875,5947,-2204,40,5848,292699350,2115,292699380,2115,159,7,32,35,2447,37,-33,2445
47251768,2035,508035258,55198859,5948,-2203,40,5848,292699350,2115,292699390,2115,159,7,23,-37,2465,28,-106,2461
47261778,2035,508035284,55198844,5948,-2203,41,5848,292699350,2115,292699400,2115,159,7,-35,97,2442,-31,28,2442
47273013,2035,508035311,55198828,5947,-2204,41,5848,292699350,2115,292699410,2115,159,7,-33,101,2466,-29,32,2467
47281919,2035,508035338,55198812,5948,-2203,41,5848,292699400,2115,292699420,2115,159,7,-13,27,2488,-8,-42,2486
47291862,2035,508035365,55198796,5948,-2203,41,5848,292699400,2115,292699430,2115,159,7,16,30,2486,21,-39,2484
47301781,2035,508035391,55198781,5948,-2203,41,5848,292699400,2115,292699440,2115,158,7,29,81,2523,33,11,2522
47311777,2034,508035418,55198766,5948,-2203,41,5848,292699400,2115,292699450,2115,158,7,31,36,2476,36,-32,2475
47322026,2034,508035445,55198750,5948,-2203,41,5848,292699400,2115,292699460,2115,158,7,-12,79,2512,-8,10,2511
47331939,2034,508035472,55198734,5948,-2202,41,5848,292699450,2115,292699470,2115,158,7,-32,-22,2506,-27,-92,2502
47341838,2034,508035498,55198718,5948,-2203,41,5848,292699450,2115,292699480,2115,157,7,-50,111,2527,-45,41,2527
47351780,2034,508035525,55198703,5948,-2202,41,5848,292699450,2115,292699490,2115,157,7,-18,49,2493,-13,-19,2492
47361778,2034,508035552,55198687,5948,-2202,40,5848,292699450,2115,292699500,2115,156,7,33,44,2555,38,-26,2553
47373161,2033,508035579,55198672,5948,-2202,40,5848,292699450,2115,292699510,2115,156,7,31,57,2533,36,-12,2532
47381940,2033,508035605,55198656,5949,-2202,40,5848,292699500,2115,292699520,2115,156,8,36,34,2495,42,-34,2493
47391843,2033,508035632,55198640,5949,-2202,40,5848,292699500,2115,292699530,2115,156,8,-44,22,2529,-39,-48,2526
47401777,2033,508035659,55198625,5948,-2201,40,5848,292699500,2115,292699540,2115,156,8,-64,27,2483,-58,-42,2481
47411775,2033,508035685,55198609,5948,-2201,40,5848,292699500,2115,292699550,2115,156,9,-10,80,2513,-5,11,2513
47422602,2032,508035712,55198594,5948,-2201,40,5848,292699500,2115,292699560,2115,156,9,10,63,2503,16,-5,2502
47431927,2032,508035739,55198578,5949,-2201,40,5848,292699550,2115,292699570,2115,156,10,21,30,2578,27,-41,2576
47441827,2032,508035766,55198562,5949,-2201,39,5848,292699550,2115,292699580,2115,156,10,48,20,2531,54,-49,2528
47452189,2032,508035792,55198547,5949,-2201,40,5848,292699550,2115,292699590,2115,156,11,-7,75,2490,-1,7,2489
47461792,2032,508035819,55198531,5949,-2201,40,5848,292699550,2115,292699600,2115,156,11,-34,25,2464,-27,-42,2462
47472125,2031,508035846,55198516,5949,-2201,40,5848,292699550,2115,292699610,2115,156,12,-13,58,2516,-6,-11,2515
47482279,2031,508035873,55198500,5949,-2200,39,5848,292699600,2115,292699620,2115,156,12,-15,41,2523,-8,-28,2521
47491903,2031,508035899,55198484,5949,-2200,39,5848,292699600,2115,292699630,2115,156,12,20,58,2552,27,-12,2551
47501980,2031,508035926,55198469,5950,-2200,38,5848,292699600,2115,292699640,2115,156,13,50,-6,2548,57,-76,2545
47511778,2030,508035953,55198453,5950,-2199,38,5848,292699600,2115,292699650,2115,157,13,30,16,2487,37,-53,2485
47522281,2030,508035980,55198438,5950,-2200,39,5848,292699600,2115,292699660,2115,157,13,-42,130,2412,-36,64,2412
47531980,2030,508036006,55198422,5950,-2199,40,5848,292699650,2115,292699670,2115,157,13,-29,-15,2459,-21,-83,2456
47542374,2030,508036033,55198406,5950,-2199,40,5848,292699650,2115,292699680,2115,157,14,-22,-23,2507,-14,-92,2504
47551798,2029,508036060,55198391,5950,-2199,39,5848,292699650,2115,292699690,2115,157,14,0,41,2541,8,-29,2539
47561811,2029,508036087,55198375,5951,-2199,39,5848,292699650,2115,292699700,2115,157,15,36,85,2543,44,15,2542
47572056,2029,508036113,55198360,5951,-2199,39,5848,292699650,2115,292699710,2115,157,15,57,33,2497,65,-36,2495
47582090,2029,508036140,55198344,5951,-2198,39,5848,292699700,2115,292699720,2115,157,15,-16,12,2551,-8,-59,2549
47591887,2028,508036167,55198328,5951,-2197,38,5848,292699700,2115,292699730,2115,158,15,-39,-36,2555,-30,-107,2552
47601757,2028,508036194,55198313,5951,-2198,38,5848,292699700,2115,292699740,2115,158,15,-49,123,2492,-41,54,2492
47611778,2028,508036220,55198297,5951,-2197,39,5848,292699700,2115,292699750,2115,157,16,-55,33,2434,-46,-35,2432
47622507,2028,508036247,55198282,5951,-2197,39,5848,292699700,2115,292699760,2115,157,16,35,29,2449,44,-38,2447
47631916,2028,508036274,55198266,5951,-2197,39,5848,292699750,2115,292699770,2115,157,17,41,13,2524,50,-57,2522
47641861,2027,508036301,55198250,5952,-2197,39,5848,292699750,2115,292699780,2115,157,17,51,101,2559,60,30,2558
47651773,2027,508036327,55198235,5952,-2197,39,5848,292699750,2115,292699790,2115,157,17,-6,52,2453,3,-16,2451
47662406,2027,508036354,55198219,5952,-2197,39,5848,292699750,2115,292699800,2115,157,17,-8,-15,2474,1,-84,2470
47672030,2027,508036381,55198204,5952,-2196,40,5848,292699750,2115,292699810,2115,156,17,-64,51,2430,-55,-16,2429
47681922,2026,508036408,55198188,5951,-2196,40,5848,292699800,2115,292699820,2115,155,17,-34,87,2497,-25,19,2497
47691881,2026,508036434,55198172,5952,-2196,40,5848,292699800,2115,292699830,2115,155,17,40,51,2461,49,-16,2460
47701786,2026,508036461,55198157,5952,-2196,40,5848,292699800,2115,292699840,2115,154,18,34,13,2467,43,-53,2464
47711806,2026,508036488,55198141,5953,-2196,41,5848,292699800,2115,292699850,2115,153,18,24,28,2477,33,-39,2475
47722071,2026,508036515,55198126,5953,-2196,41,5848,292699800,2115,292699860,2115,152,18,-14,59,2486,-5,-7,2485
47731926,2025,508036541,55198110,5952,-2196,41,5848,292699850,2115,292699870,2115,151,18,-42,96,2452,-33,31,2451
47742112,2025,508036568,55198094,5953,-2195,41,5848,292699850,2115,292699880,2115,149,18,-23,6,2538,-13,-61,2536
47751786,2025,508036595,55198079,5953,-2195,41,5848,292699850,2115,292699890,2115,148,18,13,60,2525,23,-6,2524
47761798,2025,508036622,55198064,5953,-2195,41,5848,292699850,2115,292699900,2115,147,18,23,44,2466,32,-20,2465
47772522,2024,508036648,55198048,5953,-2195,41,5848,292699850,2115,292699910,2115,146,18,33,18,2519,43,-46,2516
47781934,2024,508036675,55198032,5953,-2195,41,5848,292699900,2115,292699920,2115,145,18,0,78,2492,9,15,2492
47791841,2024,508036702,55198017,5954,-2195,41,5848,292699900,2115,292699930,2115,145,18,-17,10,2496,-7,-54,2494
47801768,2024,508036729,55198001,5953,-2195,41,5848,292699900,2115,292699940,2115,144,17,-27,73,2469,-18,10,2469
47811784,2023,508036755,55197986,5954,-2195,41,5848,292699900,2115,292699950,2115,144,17,1,45,2546,10,-19,2545
47822518,2023,508036782,55197970,5954,-2194,41,5848,292699900,2115,292699960,2115,143,17,21,1,2506,30,-62,2504
47831911,2023,508036809,55197954,5954,-2195,41,5848,292699950,2115,292699970,2115,143,16,25,72,2475,34,9,2474
47842612,2022,508036836,55197939,5954,-2195,41,5848,292699950,2115,292699980,2115,143,16,35,42,2473,43,-21,2472
47851788,2022,508036863,55197923,5955,-2194,41,5848,292699950,2115,292699990,2115,144,15,-17,-32,2562,-8,-97,2558
47861776,2022,508036889,55197908,5955,-2194,40,5848,292699950,2115,292700000,2115,145,15,-28,52,2545,-19,-13,2544
47872461,2021,508036916,55197893,5955,-2194,40,5848,292699950,2115,292700010,2115,145,14,12,25,2547,20,-40,2545
47881917,2021,508036943,55197876,5955,-2194,40,5848,292700000,2115,292700020,2115,146,14,-23,50,2500,-15,-14,2499
47891891,2021,508036970,55197861,5955,-2193,40,5848,292700000,2115,292700030,2115,147,13,8,-24,2485,16,-88,2481
47902557,2021,508036996,55197845,5955,-2193,40,5849,292700000,2115,292700040,2115,148,13,38,-4,2512,46,-69,2509
47911765,2020,508037023,55197830,5956,-2193,40,5849,292700000,2115,292700050,2115,150,12,10,57,2487,17,-9,2486
47922031,2020,508037050,55197815,5955,-2192,40,5849,292700000,2115,292700060,2115,151,12,-42,24,2593,-35,-45,2591
47931923,2020,508037077,55197798,5956,-2192,39,5849,292700050,2115,292700070,2115,153,11,-8,36,2533,-1,-32,2531
47942147,2019,508037103,55197783,5956,-2191,38,5849,292700050,2115,292700080,2115,154,11,-2,-27,2592,5,-97,2588
47951807,2019,508037130,55197768,5956,-2191,39,5849,292700050,2115,292700090,2115,156,10,-7,7,2501,0,-62,2498
47961778,2019,508037157,55197752,5956,-2191,38,5849,292700050,2115,292700100,2115,157,10,4,52,2551,10,-19,2549
47972008,2019,508037184,55197737,5957,-2190,38,5849,292700050,2115,292700110,2115,159,9,13,-3,2538,19,-74,2535
47982801,2019,508037211,55197721,5957,-2189,38,5849,292700100,2115,292700120,2115,160,9,-15,-18,2529,-9,-89,2525
47991838,2018,508037237,55197705,5957,-2189,38,5849,292700100,2115,292700130,2115,161,9,-7,29,2505,-1,-41,2503
48001785,2018,508037264,55197690,5957,-2188,37,5849,292700100,2115,292700140,2115,162,8,-8,-15,2573,-2,-88,2569
48011773,2018,508037291,55197675,5957,-2188,37,5849,292700100,2115,292700150,2115,163,8,-21,21,2472,-16,-50,2469
48022058,2018,508037318,55197659,5957,-2188,37,5849,292700100,2115,292700160,2115,164,8,11,11,2583,17,-63,2580
48031911,2018,508037344,55197643,5958,-2188,37,5849,292700150,2115,292700170,2115,164,8,13,40,2532,18,-33,2530
48042028,2018,508037371,55197628,5958,-2187,37,5849,292700150,2115,292700180,2115,165,8,2,24,2495,7,-49,2492
48051780,2018,508037398,55197612,5958,-2186,37,5849,292700150,2115,292700190,2115,166,8,-28,-19,2512,-23,-92,2508
48061899,2018,508037425,55197597,5958,-2186,36,5849,292700150,2115,292700200,2115,166,8,-28,51,2575,-23,-24,2574
48072544,2018,508037452,55197582,5958,-2186,36,5849,292700150,2115,292700210,2115,166,8,-1,62,2541,4,-12,2539
48081922,2018,508037478,55197566,5958,-2186,35,5849,292700200,2115,292700220,2115,166,9,37,47,2599,42,-28,2597
48091859,2018,508037505,55197550,5958,-2186,34,5849,292700200,2115,292700230,2115,166,9,15,72,2566,21,-3,2565
48101776,2017,508037532,55197535,5959,-2185,35,5849,292700200,2115,292700240,2115,166,9,7,-26,2469,13,-99,2465
48111768,2017,508037559,55197520,5959,-2185,35,5849,292700200,2115,292700250,2115,167,9,-15,86,2502,-10,12,2501
48123180,2017,508037585,55197504,5959,-2186,35,5849,292700200,2115,292700260,2115,166,9,-2,73,2471,3,1,2470
48131951,2017,508037612,55197488,5959,-2185,34,5849,292700250,2115,292700270,2115,166,9,-3,-1,2550,3,-75,2547
48141842,2017,508037639,55197473,5959,-2185,34,5849,292700250,2115,292700280,2115,165,9,-3,80,2489,2,8,2489
48151768,2017,508037666,55197457,5959,-2185,34,5849,292700250,2115,292700290,2115,164,10,46,99,2559,52,25,2559
48161796,2017,508037693,55197442,5959,-2185,34,5849,292700250,2115,292700300,2115,164,9,38,91,2500,44,19,2500
48172026,2016,508037719,55197427,5960,-2185,34,5849,292700250,2115,292700310,2115,163,10,16,23,2517,22,-49,2515
48181911,2016,508037746,55197411,5960,-2185,34,5849,292700300,2115,292700320,2115,163,10,-12,-5,2453,-6,-75,2450
48191833,2016,508037773,55197395,5960,-2185,35,5849,292700300,2115,292700330,2115,162,10,-41,122,2467,-35,51,2467
48201834,2016,508037800,55197380,5959,-2185,35,5849,292700300,2115,292700340,2115,161,10,-10,120,2530,-4,48,2531
48211800,2016,508037827,55197365,5960,-2185,34,5849,292700300,2115,292700350,2115,161,10,21,37,2558,27,-35,2556
48222333,2015,508037853,55197349,5960,-2185,34,5849,292700300,2115,292700360,2115,161,10,21,86,2508,27,15,2508
48231922,2015,508037880,55197333,5960,-2185,34,5849,292700350,2115,292700370,2115,160,9,37,3,2514,43,-68,2511
48242518,2015,508037907,55197318,5960,-2185,34,5849,292700350,2115,292700380,2115,160,9,-13,107,2536,-7,36,2536
48251772,2014,508037934,55197302,5960,-2185,34,5849,292700350,2115,292700390,2115,160,9,-12,36,2504,-7,-34,2502
48261769,2014,508037960,55197287,5960,-2185,34,5849,292700350,2115,292700400,2115,159,9,-43,60,2491,-38,-9,2490
48272807,2014,508037987,55197272,5960,-2185,34,5849,292700350,2115,292700410,2115,158,9,-3,53,2496,3,-17,2495
48281917,2014,508038014,55197256,5960,-2185,33,5849,292700400,2115,292700420,2115,158,9,37,36,2542,43,-35,2540
48291837,2014,508038041,55197240,5961,-2185,33,5849,292700400,2115,292700430,2115,158,9,28,42,2498,33,-27,2497
48302265,2013,508038068,55197225,5961,-2185,34,5849,292700400,2115,292700440,2115,158,9,15,107,2476,21,39,2477
48311782,2013,508038094,55197210,5961,-2184,34,5849,292700400,2115,292700450,2115,157,9,-23,-39,2470,-18,-108,2466
48322491,2013,508038121,55197194,5961,-2184,34,5849,292700400,2115,292700460,2115,157,9,-27,22,2506,-21,-47,2503
48331930,2012,508038148,55197178,5961,-2184,34,5849,292700450,2115,292700470,2115,157,9,-20,83,2495,-15,14,2494
48342618,2012,508038175,55197163,5961,-2184,34,5849,292700450,2115,292700480,2115,156,9,22,53,2517,28,-16,2516
48351761,2012,508038202,55197147,5961,-2183,34,5849,292700450,2115,292700490,2115,156,9,13,32,2487,19,-36,2485
48361801,2012,508038228,55197132,5962,-2183,34,5849,292700450,2115,292700500,2115,156,10,64,-8,2494,70,-75,2491
48373234,2012,508038255,55197117,5962,-2183,34,5849,292700450,2115,292700510,2115,155,10,-18,66,2513,-12,-3,2512
48382545,2011,508038282,55197101,5962,-2183,34,5849,292700500,2115,292700520,2115,155,10,-23,29,2482,-17,-39,2480
48391846,2011,508038309,55197085,5962,-2183,34,5849,292700500,2115,292700530,2115,155,10,-27,24,2465,-21,-43,2462
48401785,2011,508038336,55197070,5962,-2183,35,5849,292700500,2115,292700540,2115,154,11,-1,63,2408,5,-2,2407
48411872,2011,508038362,55197055,5962,-2183,35,5849,292700500,2115,292700550,2115,154,11,0,50,2485,7,-17,2483
48422778,2011,508038389,55197039,5962,-2182,36,5849,292700500,2115,292700560,2115,153,11,49,-1,2404,56,-65,2401
48431911,2010,508038416,55197023,5963,-2182,37,5849,292700550,2115,292700570,2115,153,12,23,69,2389,30,5,2388
48441849,2010,508038443,55197008,5963,-2182,38,5849,292700550,2115,292700580,2115,152,12,-31,12,2384,-24,-52,2382
48452739,2010,508038470,55196993,5963,-2182,38,5849,292700550,2115,292700590,2115,151,12,-10,79,2459,-3,13,2459
48462484,2010,508038496,55196977,5963,-2181,38,5849,292700550,2115,292700600,2115,150,13,-1,-40,2515,7,-106,2512
48472547,2010,508038523,55196962,5963,-2181,38,5849,292700550,2115,292700610,2115,149,13,1,101,2443,9,37,2443
48481920,2010,508038550,55196946,5963,-2181,39,5849,292700600,2115,292700620,2115,147,13,4,72,2415,11,9,2414
48491900,2010,508038577,55196931,5963,-2181,39,5849,292700600,2115,292700630,2115,146,14,34,2,2480,42,-62,2477
48501779,2009,508038604,55196915,5963,-2181,40,5849,292700600,2115,292700640,2115,145,14,-33,30,2344,-26,-30,2342
48512063,2009,508038630,55196900,5963,-2181,41,5849,292700600,2115,292700650,2115,144,15,-17,108,2444,-9,46,2444
48522838,2009,508038657,55196885,5963,-2181,41,5849,292700600,2115,292700660,2115,143,15,4,64,2426,12,3,2425
48531992,2009,508038684,55196868,5963,-2181,43,5849,292700650,2115,292700670,2115,141,16,5,-12,2352,13,-70,2349
48542076,2009,508038711,55196853,5964,-2181,43,5849,292700650,2115,292700680,2115,140,16,4,57,2465,13,-4,2463
48551796,2008,508038738,55196838,5964,-2181,43,5849,292700650,2115,292700690,2115,138,16,23,139,2471,32,79,2471
48561801,2008,508038764,55196823,5964,-2182,43,5849,292700650,2115,292700700,2115,137,17,36,56,2475,45,-4,2473
48572062,2008,508038791,55196807,5964,-2181,44,5849,292700650,2115,292700710,2115,136,17,-21,-59,2474,-12,-119,2470
48581919,2007,508038818,55196791,5964,-2181,44,5849,292700700,2115,292700720,2115,135,17,-19,124,2477,-10,65,2478
48591850,2007,508038845,55196776,5964,-2181,44,5849,292700700,2115,292700730,2115,134,17,-15,5,2449,-6,-53,2447
48601786,2007,508038872,55196761,5964,-2181,45,5849,292700700,2115,292700740,2115,133,17,-5,92,2457,3,34,2457
48611771,2007,508038898,55196745,5964,-2181,45,5849,292700700,2115,292700750,2115,132,17,33,36,2481,42,-22,2479
48622028,2006,508038925,55196730,5965,-2180,45,5849,292700700,2115,292700760,2115,131,17,63,-14,2496,72,-71,2493
48632209,2006,508038952,55196714,5965,-2180,45,5849,292700750,2115,292700770,2115,131,16,-10,19,2434,-1,-37,2432
48641879,2006,508038979,55196698,5965,-2180,45,5849,292700750,2115,292700780,2115,130,16,-10,28,2499,-1,-29,2497
48651775,2005,508039006,55196683,5965,-2180,45,5849,292700750,2115,292700790,2115,130,16,-18,11,2510,-9,-46,2508
48662252,2005,508039032,55196668,5965,-2180,45,5849,292700750,2115,292700800,2115,130,16,-16,49,2518,-7,-9,2517
48672054,2005,508039059,55196653,5965,-2179,45,5849,292700750,2115,292700810,2115,130,15,20,11,2551,29,-47,2549
48682052,2004,508039086,55196636,5966,-2180,45,5849,292700800,2115,292700820,2115,130,15,13,69,2520,22,11,2519
48692091,2004,508039113,55196621,5966,-2179,45,5849,292700800,2115,292700830,2115,130,15,-11,-7,2503,-3,-64,2501
48701766,2003,508039140,55196606,5966,-2178,44,5849,292700800,2115,292700840,2115,131,15,27,-62,2598,36,-122,2594
48711760,2003,508039166,55196591,5966,-2178,44,5849,292700800,2115,292700850,2115,131,14,-12,50,2539,-4,-8,2538
48722355,2003,508039193,55196575,5967,-2178,43,5849,292700800,2115,292700860,2115,132,14,-6,-50,2523,2,-108,2519
48731939,2002,508039220,55196559,5967,-2177,43,5849,292700850,2115,292700870,2115,132,14,-8,33,2560,0,-27,2558
48742061,2002,508039247,55196544,5967,-2177,43,5849,292700850,2115,292700880,2115,133,13,16,-34,2563,24,-94,2560
48752257,2002,508039274,55196529,5967,-2176,42,5849,292700850,2115,292700890,2115,134,13,15,9,2585,23,-52,2582
48761827,2002,508039301,55196513,5968,-2176,42,5849,292700850,2115,292700900,2115,134,12,8,-30,2534,16,-90,2530
48772339,2001,508039327,55196498,5968,-2175,41,5849,292700850,2115,292700910,2115,136,12,3,-27,2579,10,-89,2576
48782567,2001,508039354,55196482,5968,-2174,41,5849,292700900,2115,292700920,2115,137,11,-38,-15,2485,-31,-75,2483
48791860,2001,508039381,55196467,5968,-2174,40,5849,292700900,2115,292700930,2115,138,11,1,23,2603,8,-40,2601
48801756,2000,508039408,55196451,5969,-2174,40,5849,292700900,2115,292700940,2115,139,10,15,-22,2560,21,-84,2557
48811811,2000,508039435,55196436,5969,-2173,39,5849,292700900,2115,292700950,2115,140,10,15,8,2640,22,-57,2637
48823171,2000,508039461,55196421,5970,-2173,38,5849,292700900,2115,292700960,2115,141,10,32,-10,2564,38,-73,2561
48831913,2000,508039488,55196405,5970,-2172,38,5849,292700950,2115,292700970,2115,142,9,-20,-10,2595,-13,-75,2593
48842490,1999,508039515,55196390,5969,-2172,38,5849,292700950,2115,292700980,2115,143,9,-65,13,2507,-59,-50,2504
48851803,1999,508039542,55196374,5969,-2171,37,5849,292700950,2115,292700990,2115,143,9,-16,7,2593,-10,-59,2591
48861759,1999,508039569,55196359,5969,-2172,37,5849,292700950,2115,292701000,2115,144,9,6,116,2569,12,51,2569
48872358,1999,508039596,55196344,5970,-2171,36,5849,292700950,2115,292701010,2115,144,9,26,-43,2532,32,-107,2529
48881914,1999,508039622,55196328,5970,-2171,35,5849,292701000,2115,292701020,2115,145,9,19,-3,2589,25,-68,2586
48891832,1998,508039649,55196313,5970,-2171,35,5849,292701000,2115,292701030,2115,145,9,-11,64,2546,-5,-1,2545
48902436,1998,508039676,55196297,5970,-2170,34,5849,292701000,2115,292701040,2115,146,9,-16,-8,2600,-10,-75,2597
48911797,1998,508039703,55196282,5970,-2169,34,5849,292701000,2115,292701050,2115,147,9,-6,-31,2516,0,-96,2512
48922520,1998,508039730,55196267,5970,-2169,34,5850,292701000,2115,292701060,2115,147,9,-2,57,2542,3,-9,2541
48932191,1997,508039757,55196251,5970,-2169,34,5850,292701050,2115,292701070,2115,147,10,-25,50,2512,-19,-15,2511
48942313,1997,508039783,55196236,5970,-2169,33,5850,292701050,2115,292701080,2115,148,10,5,57,2566,11,-9,2565
48951767,1997,508039810,55196221,5971,-2168,34,5850,292701050,2115,292701090,2115,148,10,39,-54,2489,46,-118,2485
48962276,1996,508039837,55196205,5971,-2168,33,5850,292701050,2115,292701100,2115,149,10,5,-9,2537,11,-75,2534
48972039,1996,508039864,55196190,5971,-2167,33,5850,292701050,2115,292701110,2115,149,10,-31,41,2532,-24,-26,2530
48981923,1996,508039891,55196174,5971,-2167,33,5850,292701100,2115,292701120,2115,149,10,11,32,2498,17,-34,2496
48992449,1996,508039918,55196159,5971,-2167,33,5850,292701100,2115,292701130,2115,150,10,-7,44,2513,-1,-22,2512
49001807,1995,508039944,55196144,5972,-2167,32,5850,292701100,2115,292701140,2115,150,10,-1,-6,2599,6,-75,2596
49011760,1995,508039971,55196129,5972,-2166,32,5850,292701100,2115,292701150,2115,150,10,27,31,2494,34,-35,2492
49022842,1995,508039998,55196113,5972,-2166,32,5850,292701100,2115,292701160,2115,150,10,2,35,2512,8,-32,2510
49031903,1994,508040025,55196097,5973,-2166,32,5850,292701150,2115,292701170,2115,150,10,17,-34,2534,23,-101,2530
49042624,1994,508040052,55196082,5973,-2165,32,5850,292701150,2115,292701180,2115,151,9,-7,35,2531,-1,-32,2529
49052053,1993,508040079,55196067,5973,-2166,31,5850,292701150,2115,292701190,2115,152,9,-7,73,2568,-2,4,2567
49061786,1993,508040105,55196052,5973,-2165,31,5850,292701150,2115,292701200,2115,152,9,13,7,2504,19,-60,2502
49072145,1993,508040132,55196036,5973,-2165,31,5850,292701150,2115,292701210,2115,152,8,-19,76,2521,-13,8,2521
49082192,1992,508040159,55196020,5974,-2165,31,5850,292701200,2115,292701220,2115,153,8,35,-18,2543,40,-86,2540
49091839,1992,508040186,55196005,5974,-2164,31,5850,292701200,2115,292701230,2115,153,7,17,2,2493,22,-65,2490
49101779,1991,508040213,55195990,5974,-2164,31,5850,292701200,2115,292701240,2115,154,7,-5,53,2482,0,-14,2481
49112194,1991,508040240,55195975,5974,-2164,31,5850,292701200,2115,292701250,2115,154,7,-23,44,2503,-19,-24,2502
49122005,1991,508040267,55195960,5974,-2164,31,5850,292701200,2115,292701260,2115,155,6,-11,39,2560,-7,-31,2558
49131935,1990,508040293,55195944,5974,-2163,30,5850,292701250,2115,292701270,2115,156,6,22,-8,2584,26,-79,2581
49142361,1990,508040320,55195928,5975,-2163,30,5850,292701250,2115,292701280,2115,156,5,25,23,2509,29,-46,2506
49151763,1989,508040347,55195913,5975,-2163,30,5850,292701250,2115,292701290,2115,157,5,-7,56,2526,-3,-14,2524
49161796,1989,508040374,55195898,5975,-2162,30,5850,292701250,2115,292701300,2115,158,5,-4,-15,2542,0,-85,2538
49172026,1989,508040401,55195883,5975,-2161,30,5850,292701250,2115,292701310,2115,158,4,-13,-11,2495,-9,-81,2492
49181907,1988,508040428,55195867,5975,-2161,30,5850,292701300,2115,292701320,2115,159,4,-29,57,2496,-26,-13,2495
49191824,1988,508040455,55195852,5975,-2161,30,5850,292701300,2115,292701330,2115,159,4,-7,64,2517,-4,-6,2516
49201764,1988,508040481,55195837,5975,-2161,30,5850,292701300,2115,292701340,2115,159,4,16,-4,2517,20,-75,2514
49211779,1987,508040508,55195822,5976,-2160,29,5850,292701300,2115,292701350,2115,159,4,11,-71,2557,15,-142,2552
49222031,1987,508040535,55195806,5976,-2159,29,5850,292701300,2115,292701360,2115,159,3,3,33,2517,6,-37,2515
49232878,1986,508040562,55195790,5975,-2159,29,5850,292701350,2115,292701370,2115,159,4,-15,57,2485,-12,-13,2484
49241837,1986,508040589,55195775,5976,-2159,29,5850,292701350,2115,292701380,2115,159,4,-27,-39,2515,-23,-110,2511
49251766,1986,508040616,55195760,5976,-2158,30,5850,292701350,2115,292701390,2115,159,4,-30,-3,2402,-26,-71,2399
49262491,1986,508040642,55195745,5976,-2158,29,5850,292701350,2115,292701400,2115,159,5,-18,45,2528,-14,-25,2526
49272030,1985,508040669,55195730,5976,-2158,30,5850,292701350,2115,292701410,2115,158,5,13,24,2455,17,-44,2453
49281905,1985,508040696,55195714,5976,-2157,30,5850,292701400,2115,292701420,2115,157,6,13,23,2476,17,-45,2474
49292544,1985,508040723,55195699,5976,-2156,30,5850,292701400,2115,292701430,2115,157,7,12,-57,2473,17,-125,2469
49301780,1985,508040750,55195684,5976,-2156,30,5850,292701400,2115,292701440,2115,156,7,-20,85,2490,-16,17,2489
49311762,1984,508040777,55195668,5976,-2156,31,5850,292701400,2115,292701450,2115,155,8,-35,46,2403,-29,-19,2402
49322096,1984,508040804,55195653,5976,-2156,31,5850,292701400,2115,292701460,2115,154,9,-17,27,2452,-11,-40,2450
49331911,1984,508040830,55195637,5976,-2156,32,5850,292701450,2115,292701470,2115,153,10,-11,57,2497,-5,-10,2496
49342093,1984,508040857,55195622,5977,-2155,32,5850,292701450,2115,292701480,2115,151,10,42,3,2447,48,-62,2445
49351756,1984,508040884,55195607,5977,-2155,33,5850,292701450,2115,292701490,2115,150,11,59,44,2408,66,-20,2407
49361765,1983,508040911,55195592,5977,-2155,34,5850,292701450,2115,292701500,2115,149,12,-15,53,2363,-9,-9,2362
49373146,1983,508040938,55195577,5977,-2155,35,5850,292701450,2115,292701510,2115,148,12,-36,66,2338,-29,5,2337
49381915,1983,508040965,55195561,5977,-2155,36,5850,292701500,2115,292701520,2115,146,13,-36,46,2350,-29,-14,2349
49391838,1982,508040992,55195546,5977,-2155,37,5850,292701500,2115,292701530,2115,145,14,3,58,2388,10,-3,2387
49401774,1982,508041018,55195531,5977,-2155,38,5850,292701500,2115,292701540,2115,144,14,19,41,2364,26,-19,2362
49411791,1982,508041045,55195516,5977,-2155,38,5850,292701500,2115,292701550,2115,143,15,48,80,2473,56,18,2472
49422978,1981,508041072,55195500,5978,-2155,38,5850,292701500,2115,292701560,2115,142,16,5,-11,2473,13,-73,2470
49432226,1981,508041099,55195484,5977,-2155,39,5850,292701550,2115,292701570,2115,141,16,-30,87,2479,-21,26,2479
49441845,1980,508041126,55195469,5977,-2155,39,5850,292701550,2115,292701580,2115,141,17,-43,-5,2445,-33,-65,2442
49451781,1980,508041153,55195454,5977,-2154,40,5850,292701550,2115,292701590,2115,141,18,-25,36,2404,-16,-24,2403
49461766,1979,508041180,55195439,5977,-2154,41,5850,292701550,2115,292701600,2115,140,18,0,15,2363,10,-43,2361
49473917,1979,508041206,55195424,5978,-2154,42,5850,292701550,2115,292701610,2115,140,18,44,-10,2363,53,-68,2360
49481915,1978,508041233,55195408,5978,-2154,43,5850,292701600,2115,292701620,2115,140,18,19,20,2341,29,-38,2339
49491828,1978,508041260,55195393,5979,-2153,44,5850,292701600,2115,292701630,2115,141,19,5,20,2359,15,-39,2357
49501796,1977,508041287,55195378,5979,-2152,46,5850,292701600,2115,292701640,2115,141,19,-14,-55,2331,-4,-113,2327
49511767,1977,508041314,55195363,5979,-2152,47,5850,292701600,2115,292701650,2115,141,19,-19,15,2399,-9,-45,2397
49523194,1976,508041341,55195348,5979,-2152,47,5850,292701600,2115,292701660,2115,141,19,0,-13,2398,9,-73,2395
49531913,1976,508041368,55195332,5980,-2151,48,5850,292701650,2115,292701670,2115,142,19,41,-20,2494,51,-82,2491
49541828,1975,508041395,55195317,5980,-2151,47,5850,292701650,2115,292701680,2115,143,18,7,4,2531,17,-59,2528
49551785,1975,508041421,55195302,5981,-2150,47,5850,292701650,2115,292701690,2115,143,18,18,-54,2536,28,-118,2532
49561776,1974,508041448,55195286,5981,-2150,48,5850,292701650,2115,292701700,2115,144,18,-19,15,2450,-10,-47,2448
49572022,1974,508041475,55195271,5981,-2149,48,5850,292701650,2115,292701710,2115,145,18,-50,-27,2420,-41,-89,2416
49581912,1974,508041502,55195255,5981,-2148,49,5850,292701700,2115,292701720,2115,146,17,-16,15,2447,-7,-48,2445
49591847,1973,508041529,55195240,5981,-2148,49,5850,292701700,2115,292701730,2115,146,17,34,-54,2486,44,-118,2481
49601763,1973,508041556,55195225,5982,-2147,49,5850,292701700,2115,292701740,2115,147,16,22,20,2504,31,-45,2502
49612442,1972,508041583,55195210,5982,-2147,49,5850,292701700,2115,292701750,2115,148,15,21,45,2512,30,-20,2510
49622051,1972,508041610,55195195,5983,-2147,48,5850,292701700,2115,292701760,2115,149,14,39,-39,2553,47,-106,2550
49631942,1972,508041636,55195179,5983,-2146,48,5850,292701750,2115,292701770,2115,150,13,-14,-62,2549,-6,-130,2545
49641840,1971,508041663,55195164,5983,-2146,48,5850,292701750,2115,292701780,2115,151,12,-36,21,2542,-28,-47,2540
49652494,1971,508041690,55195149,5983,-2145,47,5850,292701750,2115,292701790,2115,151,12,-29,-30,2550,-22,-98,2547
49661765,1971,508041717,55195134,5983,-2144,47,5850,292701750,2115,292701800,2115,152,11,5,10,2592,12,-59,2589
49672077,1970,508041744,55195119,5983,-2144,46,5850,292701750,2115,292701810,2115,152,10,14,24,2576,20,-45,2574
49682439,1970,508041771,55195103,5984,-2143,45,5850,292701800,2115,292701820,2115,153,9,43,-63,2647,49,-134,2643
49692710,1969,508041798,55195088,5984,-2143,44,5850,292701800,2115,292701830,2115,154,7,-5,46,2668,0,-26,2667
49701768,1969,508041825,55195073,5984,-2142,43,5850,292701800,2115,292701840,2115,155,7,-18,-65,2631,-13,-137,2627
49712661,1968,508041852,55195058,5984,-2141,42,5850,292701800,2115,292701850,2115,155,6,-19,22,2610,-15,-49,2607
49722021,1968,508041878,55195043,5984,-2141,41,5850,292701800,2115,292701860,2115,155,5,-18,6,2599,-14,-65,2596
49731924,1968,508041905,55195027,5985,-2141,40,5850,292701850,2115,292701870,2115,154,4,-26,44,2600,-22,-26,2599
49741836,1967,508041932,55195012,5985,-2140,39,5850,292701850,2115,292701880,2115,154,4,12,-3,2639,16,-74,2636
49751781,1967,508041959,55194997,5985,-2140,38,5850,292701850,2115,292701890,2115,153,3,37,5,2663,40,-66,2661
49761786,1967,508041986,55194982,5986,-2139,37,5850,292701850,2115,292701900,2115,153,3,-13,4,2657,-9,-68,2655
49773171,1966,508042013,55194967,5985,-2139,36,5850,292701850,2115,292701910,2115,153,3,-30,58,2642,-27,-14,2641
49781919,1966,508042040,55194951,5985,-2138,34,5850,292701900,2115,292701920,2115,153,3,-26,-24,2640,-23,-95,2636
49791837,1966,508042067,55194936,5985,-2138,33,5850,292701900,2115,292701930,2115,152,3,8,35,2684,11,-36,2682
49801769,1966,508042094,55194921,5986,-2138,32,5850,292701900,2115,292701940,2115,152,3,11,53,2613,14,-17,2612
49811773,1965,508042121,55194906,5986,-2137,31,5850,292701900,2115,292701950,2115,152,3,10,-3,2608,13,-72,2605
49822020,1965,508042147,55194891,5986,-2137,31,5850,292701900,2115,292701960,2115,151,3,-1,44,2576,2,-24,2575
49831957,1964,508042174,55194876,5986,-2137,30,5850,292701950,2115,292701970,2115,151,3,-25,7,2598,-21,-62,2595
49842425,1964,508042201,55194861,5986,-2137,29,5850,292701950,2115,292701980,2115,151,3,18,80,2580,21,11,2580
49851774,1964,508042228,55194846,5986,-2136,29,5850,292701950,2115,292701990,2115,151,3,3,2,2541,6,-65,2538
49861755,1963,508042255,55194831,5986,-2136,29,5850,292701950,2115,292702000,2115,151,4,21,23,2567,24,-45,2564
49872007,1963,508042282,55194816,5987,-2136,28,5850,292701950,2115,292702010,2115,151,4,4,26,2626,8,-44,2623
49881954,1962,508042309,55194800,5987,-2135,27,5850,292702000,2115,292702020,2115,152,5,11,7,2584,15,-62,2582
49891863,1962,508042336,55194785,5987,-2135,27,5850,292702000,2115,292702030,2115,152,5,-11,7,2542,-7,-61,2540
49901760,1962,508042363,55194770,5987,-2135,27,5850,292702000,2115,292702040,2115,153,6,-35,21,2517,-30,-47,2515
49911762,1961,508042390,55194755,5987,-2134,26,5850,292702000,2115,292702050,2115,154,6,5,-22,2522,10,-90,2519
49922012,1961,508042416,55194740,5988,-2134,26,5850,292702000,2115,292702060,2115,155,7,10,33,2569,14,-36,2567
49931930,1961,508042443,55194724,5988,-2133,26,5850,292702050,2115,292702070,2115,155,7,27,0,2486,32,-67,2483
49941834,1960,508042470,55194709,5988,-2133,26,5851,292702050,2115,292702080,2115,156,8,9,-7,2535,15,-76,2532
49951782,1960,508042497,55194694,5988,-2132,26,5851,292702050,2115,292702090,2115,157,8,-20,3,2428,-15,-64,2426
49961783,1960,508042524,55194679,5988,-2132,26,5851,292702050,2115,292702100,2115,158,9,2,36,2501,8,-33,2499
49972096,1959,508042551,55194664,5988,-2132,27,5851,292702050,2115,292702110,2115,159,10,-36,8,2475,-30,-61,2472
49981911,1959,508042578,55194648,5989,-2131,27,5851,292702100,2115,292702120,2115,159,11,0,-5,2448,6,-73,2445
49991839,1959,508042605,55194634,5989,-2131,27,5851,292702100,2115,292702130,2115,160,11,32,70,2458,39,1,2457
50001796,1959,508042632,55194619,5989,-2131,28,5851,292702100,2115,292702140,2115,161,12,15,13,2484,22,-57,2482
50011769,1959,508042659,55194604,5990,-2130,28,5851,292702100,2115,292702150,2115,161,12,-5,-38,2429,2,-106,2426
50022050,1958,508042686,55194589,5990,-2130,29,5851,292702100,2115,292702160,2115,162,13,-14,50,2425,-7,-19,2424
50031925,1958,508042712,55194573,5989,-2129,29,5851,292702150,2115,292702170,2115,162,14,-10,22,2405,-3,-47,2403
50041870,1958,508042739,55194558,5990,-2129,30,5851,292702150,2115,292702180,2115,163,14,9,-15,2391,17,-83,2387
50051783,1958,508042766,55194543,5990,-2129,31,5851,292702150,2115,292702190,2115,163,15,-5,34,2420,3,-35,2418
50061787,1957,508042793,55194528,5990,-2128,32,5851,292702150,2115,292702200,2115,163,15,7,30,2398,15,-39,2396
50072037,1957,508042820,55194513,5990,-2128,32,5851,292702150,2115,292702210,2115,164,16,11,0,2503,19,-72,2500
50082028,1957,508042847,55194497,5991,-2128,32,5851,292702200,2115,292702220,2115,164,16,18,7,2411,26,-62,2409
50091848,1957,508042874,55194482,5991,-2127,33,5851,292702200,2115,292702230,2115,164,16,19,-13,2459,28,-84,2455
50101790,1956,508042901,55194468,5991,-2127,34,5851,292702200,2115,292702240,2115,165,16,-32,80,2372,-24,11,2371
50111775,1956,508042928,55194453,5991,-2127,34,5851,292702200,2115,292702250,2115,165,16,-9,21,2453,0,-50,2451
50122048,1956,508042955,55194438,5991,-2127,35,5851,292702200,2115,292702260,2115,165,16,30,15,2435,38,-55,2433
50131934,1955,508042982,55194422,5991,-2127,35,5851,292702250,2115,292702270,2115,166,16,2,60,2388,10,-10,2387
50141843,1955,508043009,55194407,5992,-2126,36,5851,292702250,2115,292702280,2115,166,15,-12,7,2379,-4,-63,2377
50151818,1955,508043035,55194392,5992,-2126,37,5851,292702250,2115,292702290,2115,167,15,13,3,2413,21,-68,2410
50161772,1954,508043062,55194377,5992,-2125,38,5851,292702250,2115,292702300,2115,167,15,-10,26,2416,-2,-45,2414
50172030,1954,508043089,55194362,5992,-2125,38,5851,292702250,2115,292702310,2115,167,15,10,64,2488,18,-9,2487
50181919,1954,508043116,55194347,5993,-2125,38,5851,292702300,2115,292702320,2115,167,14,22,53,2469,29,-19,2468
50191834,1954,508043143,55194332,5993,-2125,39,5851,292702300,2115,292702330,2115,167,14,-2,16,2441,6,-56,2439
50201794,1953,508043170,55194317,5993,-2124,39,5851,292702300,2115,292702340,2115,167,13,-37,20,2490,-29,-53,2488
50211812,1953,508043197,55194302,5993,-2124,39,5851,292702300,2115,292702350,2115,167,13,24,34,2456,31,-38,2454
50222621,1953,508043224,55194287,5993,-2124,40,5851,292702300,2115,292702360,2115,167,13,-3,37,2447,4,-35,2445
50232003,1952,508043251,55194271,5993,-2124,41,5851,292702350,2115,292702370,2115,167,12,-11,53,2423,-5,-18,2422
50242649,1952,508043278,55194256,5994,-2124,41,5851,292702350,2115,292702380,2115,166,12,7,58,2463,13,-14,2462
50251797,1952,508043305,55194241,5994,-2123,42,5851,292702350,2115,292702390,2115,165,11,-1,38,2444,6,-33,2442
50261967,1951,508043332,55194226,5994,-2124,42,5851,292702350,2115,292702400,2115,165,11,-4,117,2462,2,46,2462
50272074,1951,508043359,55194212,5994,-2123,42,5851,292702350,2115,292702410,2115,164,11,0,-52,2473,7,-123,2469
50281922,1950,508043386,55194196,5994,-2123,42,5851,292702400,2115,292702420,2115,164,10,-16,56,2495,-10,-16,2494
50291861,1950,508043413,55194181,5994,-2122,42,5851,292702400,2115,292702430,2115,163,10,-26,66,2452,-20,-4,2451
50301794,1949,508043440,55194166,5994,-2122,42,5851,292702400,2115,292702440,2115,162,10,26,51,2534,32,-21,2532
50311769,1949,508043466,55194151,5995,-2122,42,5851,292702400,2115,292702450,2115,161,10,18,32,2527,25,-40,2525
50322024,1949,508043493,55194136,5995,-2122,42,5851,292702400,2115,292702460,2115,160,10,-13,35,2522,-7,-36,2520
50331921,1948,508043520,55194121,5995,-2122,42,5851,292702450,2115,292702470,2115,159,10,-12,65,2464,-6,-5,2463
50341839,1948,508043547,55194106,5995,-2121,42,5851,292702450,2115,292702480,2115,159,10,-17,-30,2504,-11,-100,2500
50352261,1947,508043574,55194091,5995,-2121,42,5851,292702450,2115,292702490,2115,158,10,-21,-3,2457,-14,-71,2454
50361796,1947,508043601,55194076,5995,-2121,43,5851,292702450,2115,292702500,2115,158,10,33,62,2415,39,-5,2414
50372028,1946,508043628,55194061,5995,-2121,43,5851,292702450,2115,292702510,2115,157,10,-31,62,2515,-25,-8,2514
50382090,1946,508043655,55194045,5995,-2120,42,5851,292702500,2115,292702520,2115,156,10,13,0,2563,19,-70,2560
50391828,1946,508043682,55194031,5995,-2119,42,5851,292702500,2115,292702530,2115,156,10,20,15,2538,26,-54,2536
50401772,1945,508043709,55194016,5996,-2119,41,5851,292702500,2115,292702540,2115,155,10,-3,-40,2569,4,-110,2566
50412626,1945,508043736,55194001,5996,-2118,41,5851,292702500,2115,292702550,2115,155,9,-4,34,2559,2,-35,2557
50423165,1944,508043763,55193986,5996,-2118,41,5851,292702500,2115,292702560,2115,154,9,7,8,2493,13,-59,2490
50431907,1944,508043790,55193970,5996,-2118,41,5851,292702550,2115,292702570,2115,154,9,-13,33,2519,-7,-35,2517
50442738,1944,508043817,55193956,5996,-2117,40,5851,292702550,2115,292702580,2115,154,9,-13,-32,2562,-7,-101,2559
50451784,1943,508043844,55193941,5996,-2117,40,5851,292702550,2115,292702590,2115,153,9,9,42,2515,15,-26,2514
50461768,1943,508043871,55193926,5997,-2117,40,5851,292702550,2115,292702600,2115,153,9,24,12,2580,30,-57,2577
50472543,1942,508043898,55193911,5997,-2116,39,5851,292702550,2115,292702610,2115,153,8,-4,8,2571,2,-61,2568
50481936,1942,508043925,55193895,5997,-2116,39,5851,292702600,2115,292702620,2115,153,8,3,-14,2562,9,-82,2559
50491855,1941,508043951,55193880,5997,-2115,38,5851,292702600,2115,292702630,2115,153,8,-13,21,2545,-8,-47,2543
50501991,1941,508043978,55193866,5997,-2115,38,5851,292702600,2115,292702640,2115,153,7,-19,43,2559,-14,-26,2557
50511777,1941,508044005,55193851,5997,-2115,37,5851,292702600,2115,292702650,2115,153,7,5,23,2603,10,-47,2601
50522077,1940,508044032,55193836,5997,-2114,36,5851,292702600,2115,292702660,2115,153,7,3,18,2614,8,-52,2611
50532344,1940,508044059,55193820,5998,-2113,35,5851,292702650,2115,292702670,2115,153,6,9,-77,2643,14,-147,2638
50541841,1939,508044086,55193806,5998,-2113,34,5851,292702650,2115,292702680,2115,153,6,-5,59,2609,-1,-11,2608
50551793,1939,508044113,55193791,5998,-2113,33,5851,292702650,2115,292702690,2115,153,5,17,29,2654,21,-42,2652
50561787,1938,508044140,55193776,5999,-2112,33,5851,292702650,2115,292702700,2115,153,5,-2,-13,2578,2,-82,2575
50572105,1938,508044167,55193761,5999,-2111,32,5851,292702650,2115,292702710,2115,153,4,-23,-37,2608,-19,-107,2604
50581911,1938,508044194,55193745,5999,-2111,31,5851,292702700,2115,292702720,2115,153,3,-6,51,2617,-3,-19,2615
50591827,1937,508044221,55193731,5999,-2111,30,5851,292702700,2115,292702730,2115,153,3,-30,42,2572,-28,-27,2571
50601805,1937,508044248,55193716,5999,-2110,29,5851,292702700,2115,292702740,2115,154,2,17,-31,2627,20,-102,2623
50611782,1936,508044275,55193701,6000,-2109,28,5851,292702700,2115,292702750,2115,154,2,37,-63,2617,40,-134,2612
50622239,1935,508044302,55193686,6000,-2109,27,5851,292702700,2115,292702760,2115,154,1,-5,18,2652,-3,-54,2650
50631908,1935,508044329,55193671,6000,-2109,26,5851,292702750,2115,292702770,2115,154,1,-8,27,2683,-6,-46,2681
50641865,1934,508044356,55193656,6000,-2109,24,5851,292702750,2115,292702780,2115,154,0,-14,39,2661,-12,-33,2659
50652619,1934,508044383,55193641,6000,-2108,23,5851,292702750,2115,292702790,2115,154,0,-28,-11,2653,-26,-83,2650
50661785,1934,508044410,55193626,6000,-2107,22,5851,292702750,2115,292702800,2115,154,0,-24,-89,2639,-22,-161,2634
50673181,1933,508044437,55193612,6000,-2107,21,5851,292702750,2115,292702810,2115,155,0,-1,64,2606,1,-7,2605
50682054,1933,508044464,55193596,6000,-2106,21,5851,292702800,2115,292702820,2115,155,-1,15,-46,2625,17,-117,2621
50691848,1932,508044491,55193581,6001,-2105,20,5851,292702800,2115,292702830,2115,155,-1,-16,-22,2570,-14,-92,2566
50701767,1932,508044518,55193566,6001,-2105,20,5851,292702800,2115,292702840,2115,156,-1,4,-24,2574,5,-94,2571
50712308,1931,508044545,55193552,6001,-2104,19,5851,292702800,2115,292702850,2115,156,-1,15,7,2587,17,-64,2585
50722052,1931,508044572,55193537,6001,-2104,18,5851,292702800,2115,292702860,2115,155,-1,-23,3,2558,-21,-67,2555
50731913,1931,508044598,55193521,6001,-2103,18,5851,292702850,2115,292702870,2115,155,0,-2,-16,2559,0,-86,2556
50742265,1930,508044625,55193507,6002,-2102,18,5851,292702850,2115,292702880,2115,155,0,19,-18,2497,21,-86,2494
50751768,1930,508044652,55193492,6002,-2102,18,5851,292702850,2115,292702890,2115,154,0,-21,-18,2519,-19,-86,2516
50761772,1929,508044679,55193477,6002,-2101,18,5851,292702850,2115,292702900,2115,154,1,1,26,2536,3,-43,2534
50772276,1929,508044706,55193462,6002,-2101,17,5851,292702850,2115,292702910,2115,153,2,9,-4,2558,12,-73,2555
50781916,1928,508044733,55193447,6002,-2100,17,5851,292702900,2115,292702920,2115,153,2,-17,-16,2522,-14,-84,2518
50791854,1928,508044760,55193432,6003,-2100,17,5851,292702900,2115,292702930,2115,152,3,3,6,2468,6,-60,2466
50802442,1928,508044787,55193417,6003,-2099,18,5851,292702900,2115,292702940,2115,151,4,14,14,2429,17,-51,2426
50811772,1927,508044814,55193403,6003,-2099,18,5851,292702900,2115,292702950,2115,150,4,6,-6,2443,10,-70,2440
50822036,1927,508044841,55193388,6003,-2099,20,5851,292702900,2115,292702960,2115,149,5,-3,43,2343,1,-18,2342
50832658,1926,508044868,55193372,6003,-2098,20,5851,292702950,2115,292702970,2115,148,6,11,9,2405,16,-54,2403
50841843,1926,508044895,55193358,6003,-2098,21,5851,292702950,2115,292702980,2115,147,6,-10,5,2388,-5,-57,2385
50851761,1925,508044922,55193343,6003,-2098,22,5851,292702950,2115,292702990,2115,146,7,7,72,2425,11,9,2424
50861971,1925,508044949,55193328,6004,-2098,23,5851,292702950,2115,292703000,2115,146,8,28,37,2402,33,-24,2400
50872019,1924,508044976,55193314,6004,-2097,23,5851,292702950,2115,292703010,2115,145,8,18,-20,2386,23,-80,2383
50881912,1924,508045003,55193298,6004,-2097,25,5851,292703000,2115,292703020,2115,145,9,3,15,2304,8,-44,2302
50891870,1923,508045030,55193283,6004,-2097,26,5851,292703000,2115,292703030,2115,144,9,-21,-1,2366,-16,-61,2364
50901755,1923,508045057,55193269,6004,-2097,27,5851,292703000,2115,292703040,2115,143,10,-11,69,2375,-6,9,2374
50911751,1922,508045084,55193254,6004,-2097,28,5851,292703000,2115,292703050,2115,143,11,1,45,2311,7,-13,2310
50922364,1922,508045111,55193239,6005,-2096,29,5851,292703000,2115,292703060,2115,143,11,22,-45,2445,29,-106,2441
50931912,1921,508045138,55193224,6005,-2095,30,5851,292703050,2115,292703070,2115,142,11,26,-5,2368,33,-64,2365
50941830,1920,508045165,55193209,6005,-2095,31,5851,292703050,2115,292703080,2115,142,12,-8,20,2373,-1,-39,2371
50952090,1920,508045192,55193194,6006,-2095,33,5851,292703050,2115,292703090,2115,142,12,5,29,2312,11,-29,2310
50961798,1919,508045219,55193180,6006,-2094,34,5851,292703050,2115,292703100,2115,141,12,-27,-12,2370,-20,-71,2368
50973140,1919,508045246,55193165,6006,-2094,35,5852,292703050,2115,292703110,2115,141,12,-26,-30,2329,-19,-88,2326
50982479,1918,508045273,55193149,6006,-2093,36,5852,292703100,2115,292703120,2115,140,12,15,8,2432,21,-52,2429
50991851,1917,508045300,55193135,6006,-2093,37,5852,292703100,2115,292703130,2115,140,11,19,43,2359,26,-15,2357
51001756,1917,508045327,55193120,6007,-2093,37,5852,292703100,2115,292703140,2115,140,11,35,-52,2426,42,-112,2423
51011765,1916,508045354,55193105,6007,-2092,38,5852,292703100,2115,292703150,2115,139,11,-8,-49,2393,-2,-108,2389
51022020,1915,508045381,55193091,6007,-2091,39,5852,292703100,2115,292703160,2115,139,10,-19,-11,2397,-12,-69,2394
51031899,1915,508045408,55193075,6007,-2091,40,5852,292703150,2115,292703170,2115,138,10,-51,57,2329,-45,0,2328
51042501,1914,508045435,55193061,6007,-2091,41,5852,292703150,2115,292703180,2115,138,10,-8,-14,2460,-2,-74,2457
51051773,1914,508045462,55193046,6007,-2090,41,5852,292703150,2115,292703190,2115,138,10,4,-83,2483,11,-143,2478
51061762,1913,508045489,55193031,6008,-2090,41,5852,292703150,2115,292703200,2115,138,9,25,10,2440,31,-49,2438
51072356,1913,508045516,55193017,6008,-2089,41,5852,292703150,2115,292703210,2115,138,9,24,-28,2511,30,-88,2508
51081909,1912,508045543,55193001,6008,-2088,42,5852,292703200,2115,292703220,2115,137,8,-18,-45,2455,-13,-104,2451
51091844,1912,508045570,55192986,6008,-2088,42,5852,292703200,2115,292703230,2115,137,8,-48,21,2446,-43,-39,2444
51102146,1911,508045597,55192972,6008,-2087,43,5852,292703200,2115,292703240,2115,137,8,-10,-71,2465,-5,-131,2461
51111780,1911,508045624,55192957,6008,-2086,42,5852,292703200,2115,292703250,2115,137,8,-36,-37,2538,-31,-98,2534
51122051,1910,508045651,55192943,6009,-2085,42,5852,292703200,2115,292703260,2115,136,7,13,-18,2488,18,-78,2485
51131921,1910,508045678,55192927,6009,-2085,42,5852,292703250,2115,292703270,2115,136,7,18,-18,2532,23,-78,2529
51141843,1909,508045705,55192913,6010,-2084,42,5852,292703250,2115,292703280,2115,136,7,18,-21,2527,23,-81,2524
51151764,1909,508045732,55192898,6010,-2083,42,5852,292703250,2115,292703290,2115,135,6,-14,-63,2495,-9,-122,2491
51162423,1908,508045759,55192883,6010,-2083,42,5852,292703250,2115,292703300,2115,134,6,-34,16,2468,-29,-42,2466
51172050,1908,508045786,55192869,6010,-2082,42,5852,292703250,2115,292703310,2115,134,7,-26,-3,2503,-21,-62,2500
51181915,1908,508045813,55192853,6010,-2082,42,5852,292703300,2115,292703320,2115,133,7,-10,-22,2568,-5,-82,2565
51192641,1907,508045840,55192839,6010,-2081,41,5852,292703300,2115,292703330,2115,133,7,23,-13,2547,28,-72,2544
51201789,1907,508045867,55192824,6010,-2081,41,5852,292703300,2115,292703340,2115,133,7,17,-25,2594,22,-86,2591
51211763,1906,508045894,55192809,6011,-2080,40,5852,292703300,2115,292703350,2115,133,7,4,-10,2555,9,-69,2552
51222397,1905,508045921,55192795,6011,-2080,40,5852,292703300,2115,292703360,2115,133,8,-35,10,2579,-30,-51,2577
51231941,1905,508045948,55192779,6011,-2079,39,5852,292703350,2115,292703370,2115,133,8,-17,-64,2517,-11,-122,2513
51241840,1904,508045975,55192765,6010,-2079,40,5852,292703350,2115,292703380,2115,133,8,-50,38,2486,-45,-21,2484
51251775,1904,508046002,55192750,6011,-2078,39,5852,292703350,2115,292703390,2115,133,9,7,-33,2533,13,-92,2529
51261760,1903,508046029,55192736,6012,-2078,39,5852,292703350,2115,292703400,2115,133,9,66,-20,2569,72,-80,2566
51272031,1903,508046056,55192721,6012,-2077,39,5852,292703350,2115,292703410,2115,134,9,21,-28,2490,27,-86,2487
51281943,1902,508046083,55192706,6012,-2076,39,5852,292703400,2115,292703420,2115,134,9,8,-35,2490,14,-93,2487
51291871,1902,508046110,55192691,6012,-2076,39,5852,292703400,2115,292703430,2115,135,10,-38,-23,2514,-32,-83,2511
51301758,1901,508046137,55192677,6012,-2075,39,5852,292703400,2115,292703440,2115,136,10,-34,-20,2503,-27,-80,2500
51311774,1900,508046164,55192662,6013,-2074,39,5852,292703400,2115,292703450,2115,136,10,6,-36,2553,13,-97,2550
51322030,1900,508046191,55192648,6013,-2074,38,5852,292703400,2115,292703460,2115,137,10,22,-30,2560,28,-92,2557
51331944,1899,508046218,55192632,6014,-2073,38,5852,292703450,2115,292703470,2115,138,11,23,-64,2547,30,-126,2543
51341841,1898,508046245,55192618,6014,-2072,37,5852,292703450,2115,292703480,2115,139,11,1,-21,2554,8,-83,2551
51351778,1898,508046272,55192603,6014,-2072,37,5852,292703450,2115,292703490,2115,139,12,-14,45,2519,-7,-16,2517
51361772,1897,508046299,55192589,6014,-2071,37,5852,292703450,2115,292703500,2115,140,12,-27,-68,2526,-19,-130,2521
51372036,1897,508046326,55192574,6014,-2070,37,5852,292703450,2115,292703510,2115,141,12,-44,-68,2481,-36,-129,2476
51381927,1896,508046353,55192559,6015,-2070,37,5852,292703500,2115,292703520,2115,141,12,21,-43,2521,28,-106,2517
51391847,1896,508046380,55192544,6015,-2070,37,5852,292703500,2115,292703530,2115,142,12,26,40,2551,33,-23,2550
51401779,1895,508046407,55192530,6015,-2069,36,5852,292703500,2115,292703540,2115,142,12,24,-53,2576,31,-117,2572
51411794,1895,508046434,55192515,6016,-2068,36,5852,292703500,2115,292703550,2115,142,12,27,-75,2531,35,-138,2527
51422011,1894,508046461,55192501,6016,-2067,36,5852,292703500,2115,292703560,2115,142,12,-37,-4,2491,-30,-67,2489
51431906,1894,508046488,55192485,6016,-2066,36,5852,292703550,2115,292703570,2115,142,12,-40,-30,2473,-32,-92,2470
51441899,1893,508046515,55192471,6016,-2066,36,5852,292703550,2115,292703580,2115,142,12,-21,-13,2505,-14,-76,2503
51452075,1893,508046543,55192456,6017,-2065,36,5852,292703550,2115,292703590,2115,142,12,25,7,2534,32,-56,2531
51462000,1892,508046570,55192442,6017,-2064,35,5852,292703550,2115,292703600,2115,142,12,31,-66,2616,39,-132,2612
51472034,1891,508046597,55192427,6018,-2064,34,5852,292703550,2115,292703610,2115,142,12,30,5,2586,37,-59,2583
51481934,1891,508046624,55192412,6018,-2064,34,5852,292703600,2115,292703620,2115,142,12,-12,-12,2504,-5,-74,2501
51492619,1890,508046651,55192398,6018,-2063,34,5852,292703600,2115,292703630,2115,142,12,-41,2,2541,-33,-61,2538
51501766,1890,508046678,55192383,6018,-2062,34,5852,292703600,2115,292703640,2115,142,12,-47,-22,2499,-40,-85,2496
51511746,1889,508046705,55192369,6018,-2062,34,5852,292703600,2115,292703650,2115,142,12,-16,-4,2523,-9,-67,2520
51522577,1889,508046732,55192354,6018,-2061,34,5852,292703600,2115,292703660,2115,142,12,35,6,2558,42,-58,2556
51531959,1888,508046759,55192339,6019,-2061,33,5852,292703650,2115,292703670,2115,142,11,37,-59,2586,44,-123,2582
51541840,1887,508046786,55192325,6019,-2060,32,5852,292703650,2115,292703680,2115,141,11,33,2,2564,40,-61,2561
51551775,1887,508046813,55192310,6019,-2060,32,5852,292703650,2115,292703690,2115,141,11,-55,3,2543,-48,-60,2540
51561823,1886,508046840,55192296,6019,-2059,32,5852,292703650,2115,292703700,2115,141,11,-28,0,2520,-21,-63,2517
51572112,1886,508046867,55192281,6019,-2059,32,5852,292703650,2115,292703710,2115,140,11,-13,-36,2488,-6,-97,2484
51581907,1885,508046894,55192266,6019,-2058,32,5852,292703700,2115,292703720,2115,140,11,9,0,2523,15,-63,2520
51591836,1884,508046921,55192252,6020,-2058,32,5852,292703700,2115,292703730,2115,140,11,22,-39,2509,29,-101,2505
51602369,1884,508046948,55192237,6020,-2058,31,5852,292703700,2115,292703740,2115,140,11,28,65,2560,34,2,2559
51611772,1883,508046975,55192223,6021,-2057,31,5852,292703700,2115,292703750,2115,140,11,11,-78,2544,18,-141,2540
51623176,1882,508047002,55192208,6021,-2056,31,5852,292703700,2115,292703760,2115,140,10,-34,-40,2559,-27,-103,2555
51631911,1882,508047029,55192193,6020,-2056,31,5852,292703750,2115,292703770,2115,139,10,-31,39,2472,-25,-22,2470
51641872,1881,508047056,55192179,6021,-2055,31,5852,292703750,2115,292703780,2115,139,10,-11,-12,2543,-5,-75,2540
51651773,1880,508047083,55192164,6021,-2055,31,5852,292703750,2115,292703790,2115,139,10,7,17,2475,13,-44,2473
51661767,1880,508047111,55192150,6021,-2054,31,5852,292703750,2115,292703800,2115,140,10,29,-67,2524,35,-129,2520
51672010,1879,508047138,55192135,6022,-2053,31,5852,292703750,2115,292703810,2115,140,9,36,-61,2498,42,-122,2494
51681907,1878,508047165,55192120,6022,-2053,31,5852,292703800,2115,292703820,2115,140,9,-14,22,2467,-8,-38,2465
51691849,1878,508047192,55192106,6022,-2052,31,5852,292703800,2115,292703830,2115,140,9,-20,3,2483,-14,-58,2480
51701782,1877,508047219,55192091,6022,-2051,31,5852,292703800,2115,292703840,2115,140,8,-26,-128,2536,-20,-191,2530
51711767,1876,508047246,55192077,6022,-2051,31,5852,292703800,2115,292703850,2115,140,8,-11,20,2517,-6,-42,2515
51722038,1876,508047273,55192063,6023,-2050,31,5852,292703800,2115,292703860,2115,140,8,26,-52,2513,32,-114,2509
51731931,1875,508047300,55192047,6023,-2049,31,5852,292703850,2115,292703870,2115,140,8,-27,-22,2464,-21,-83,2461
51741850,1874,508047327,55192033,6024,-2048,31,5852,292703850,2115,292703880,2115,141,8,0,-119,2521,6,-181,2515
51751776,1874,508047354,55192019,6024,-2047,31,5852,292703850,2115,292703890,2115,141,8,-21,-26,2517,-16,-88,2513
51761796,1873,508047381,55192004,6024,-2047,31,5852,292703850,2115,292703900,2115,141,8,-41,23,2465,-36,-38,2463
51772025,1873,508047408,55191990,6024,-2046,31,5852,292703850,2115,292703910,2115,141,8,3,-47,2486,9,-108,2482
51781917,1872,508047435,55191975,6024,-2045,32,5852,292703900,2115,292703920,2115,141,9,15,-38,2447,21,-99,2444
51791821,1871,508047462,55191960,6024,-2045,32,5852,292703900,2115,292703930,2115,141,9,8,-63,2481,14,-125,2476
51801807,1871,508047489,55191946,6025,-2044,33,5852,292703900,2115,292703940,2115,142,9,2,-36,2410,8,-96,2407
51811777,1870,508047517,55191932,6025,-2043,33,5852,292703900,2115,292703950,2115,142,9,-12,18,2434,-6,-43,2432
51822009,1870,508047544,55191917,6025,-2043,34,5852,292703900,2115,292703960,2115,142,10,-35,-31,2461,-29,-93,2457
51831920,1869,508047571,55191902,6025,-2042,34,5852,292703950,2115,292703970,2115,142,10,-1,-67,2499,5,-129,2495
51841885,1869,508047598,55191888,6026,-2041,34,5852,292703950,2115,292703980,2115,143,10,-3,7,2462,3,-55,2460
51851801,1868,508047625,55191874,6026,-2041,34,5852,292703950,2115,292703990,2115,143,11,31,-61,2501,38,-124,2497
51861770,1867,508047652,55191859,6026,-2040,35,5852,292703950,2115,292704000,2115,143,11,1,-9,2425,7,-70,2422
51872140,1867,508047679,55191845,6026,-2039,35,5852,292703950,2115,292704010,2115,143,12,-21,-26,2436,-14,-87,2432
51881934,1866,508047706,55191830,6027,-2039,35,5852,292704000,2115,292704020,2115,144,12,-1,9,2487,6,-54,2485
51891870,1865,508047733,55191815,6027,-2038,36,5852,292704000,2115,292704030,2115,143,12,-30,-25,2440,-22,-86,2437
51901802,1865,508047760,55191801,6027,-2037,36,5852,292704000,2115,292704040,2115,144,13,-13,-61,2444,-5,-122,2440
51912426,1864,508047787,55191787,6027,-2037,37,5852,292704000,2115,292704050,2115,144,13,6,-8,2443,13,-70,2440
51923141,1863,508047814,55191773,6028,-2036,37,5852,292704000,2115,292704060,2115,144,13,27,-3,2450,34,-65,2447
51931939,1862,508047842,55191758,6028,-2035,37,5852,292704050,2115,292704070,2115,145,13,31,-70,2460,39,-133,2456
51941875,1862,508047869,55191743,6028,-2035,38,5852,292704050,2115,292704080,2115,145,13,-40,-13,2449,-32,-76,2446
51951761,1861,508047896,55191729,6028,-2034,39,5852,292704050,2115,292704090,2115,145,13,-25,-2,2399,-17,-63,2397
51961774,1860,508047923,55191715,6029,-2033,39,5852,292704050,2115,292704100,2115,145,13,-20,-63,2478,-12,-126,2474
51972046,1860,508047950,55191700,6029,-2033,38,5852,292704050,2115,292704110,2115,145,13,14,-34,2558,22,-99,2554
51981918,1859,508047977,55191685,6030,-2032,38,5852,292704100,2115,292704120,2115,144,13,39,-50,2510,47,-114,2506
51991829,1859,508048004,55191671,6030,-2031,39,5853,292704100,2115,292704130,2115,144,13,-5,-39,2440,2,-100,2436
52001763,1858,508048031,55191657,6030,-2031,39,5853,292704100,2115,292704140,2115,143,13,-30,12,2461,-22,-50,2459
52011808,1857,508048058,55191643,6030,-2031,40,5853,292704100,2115,292704150,2115,143,13,-39,27,2438,-31,-35,2436
52022016,1857,508048085,55191628,6030,-2030,40,5853,292704100,2115,292704160,2115,143,13,-34,-37,2467,-27,-99,2463
52031916,1856,508048113,55191613,6030,-2029,40,5853,292704150,2115,292704170,2115,142,13,1,-65,2518,9,-128,2514
52041948,1855,508048140,55191599,6030,-2028,40,5853,292704150,2115,292704180,2115,142,13,24,-13,2499,32,-75,2496
52051773,1855,508048167,55191585,6031,-2028,40,5853,292704150,2115,292704190,2115,142,13,23,-1,2544,30,-64,2542
52061787,1854,508048194,55191571,6031,-2027,40,5853,292704150,2115,292704200,2115,141,13,10,-24,2502,18,-86,2499
52073004,1853,508048221,55191556,6031,-2027,40,5853,292704150,2115,292704210,2115,141,13,-44,48,2497,-37,-14,2495
52081961,1853,508048248,55191541,6031,-2026,40,5853,292704200,2115,292704220,2115,140,13,-28,-73,2482,-20,-134,2478
52091867,1852,508048275,55191527,6031,-2025,40,5853,292704200,2115,292704230,2115,139,12,-25,-26,2525,-18,-88,2522
52101768,1851,508048302,55191513,6031,-2025,40,5853,292704200,2115,292704240,2115,139,12,-14,5,2456,-7,-55,2454
52111765,1850,508048329,55191499,6032,-2025,40,5853,292704200,2115,292704250,2115,139,12,44,-32,2528,52,-93,2525
52122016,1850,508048357,55191485,6032,-2024,40,5853,292704200,2115,292704260,2115,138,12,12,-79,2528,19,-140,2524
52131927,1849,508048384,55191470,6033,-2023,39,5853,292704250,2115,292704270,2115,138,11,4,-34,2500,11,-94,2497
52141850,1848,508048411,55191455,6033,-2022,40,5853,292704250,2115,292704280,2115,137,11,-32,-14,2475,-25,-74,2473
52151764,1848,508048438,55191441,6033,-2022,39,5853,292704250,2115,292704290,2115,137,11,-9,29,2551,-2,-32,2549
52161778,1847,508048465,55191427,6033,-2020,39,5853,292704250,2115,292704300,2115,136,11,-40,-137,2552,-33,-199,2546
52172094,1846,508048492,55191413,6033,-2020,39,5853,292704250,2115,292704310,2115,136,11,-10,4,2524,-4,-57,2521
52181908,1846,508048519,55191398,6033,-2020,39,5853,292704300,2115,292704320,2115,136,11,28,4,2511,35,-55,2509
52192496,1845,508048546,55191384,6034,-2019,38,5853,292704300,2115,292704330,2115,136,10,9,-89,2598,16,-151,2593
52201770,1844,508048573,55191370,6034,-2018,37,5853,292704300,2115,292704340,2115,136,10,-32,-69,2607,-25,-131,2603
52211808,1844,508048601,55191355,6034,-2017,37,5853,292704300,2115,292704350,2115,136,10,-15,8,2529,-8,-53,2527
52223205,1843,508048628,55191341,6034,-2017,36,5853,292704300,2115,292704360,2115,137,10,-41,-25,2577,-34,-87,2573
52231922,1842,508048655,55191326,6034,-2015,36,5853,292704350,2115,292704370,2115,137,9,-25,-69,2536,-18,-130,2531
52241836,1842,508048682,55191312,6034,-2015,36,5853,292704350,2115,292704380,2115,138,9,9,-7,2549,15,-68,2546
52251887,1841,508048709,55191298,6035,-2014,36,5853,292704350,2115,292704390,2115,138,9,27,-71,2489,33,-131,2485
52261791,1840,508048736,55191284,6035,-2013,35,5853,292704350,2115,292704400,2115,139,9,1,-32,2599,7,-95,2595
52272008,1839,508048763,55191270,6036,-2013,35,5853,292704350,2115,292704410,2115,139,8,-14,-57,2522,-8,-119,2518
52281911,1839,508048790,55191255,6036,-2012,34,5853,292704400,2115,292704420,2115,140,8,-6,-34,2607,-1,-98,2603
52291851,1838,508048818,55191241,6036,-2011,34,5853,292704400,2115,292704430,2115,141,7,-31,-84,2559,-25,-147,2554
52301795,1838,508048845,55191227,6036,-2010,33,5853,292704400,2115,292704440,2115,141,7,6,-36,2626,12,-101,2623
52311765,1837,508048872,55191213,6037,-2009,33,5853,292704400,2115,292704450,2115,142,7,2,-39,2522,7,-102,2519
52322033,1837,508048899,55191198,6037,-2008,33,5853,292704400,2115,292704460,2115,143,6,-8,-39,2521,-3,-102,2517
52331922,1836,508048926,55191184,6037,-2008,32,5853,292704450,2115,292704470,2115,143,6,-9,-92,2566,-4,-157,2561
52341831,1835,508048953,55191169,6038,-2007,32,5853,292704450,2115,292704480,2115,143,6,-8,-76,2583,-2,-141,2579
52351764,1835,508048980,55191155,6038,-2006,31,5853,292704450,2115,292704490,2115,143,6,-25,15,2579,-20,-50,2576
52361772,1834,508049007,55191141,6038,-2006,30,5853,292704450,2115,292704500,2115,143,6,-13,33,2614,-9,-33,2612
52372027,1834,508049035,55191127,6038,-2005,29,5853,292704450,2115,292704510,2115,144,6,3,-75,2600,8,-141,2595
52381916,1833,508049062,55191112,6038,-2004,29,5853,292704500,2115,292704520,2115,144,6,-8,-96,2540,-3,-160,2535
52391829,1833,508049089,55191098,6039,-2003,29,5853,292704500,2115,292704530,2115,144,6,-11,-13,2463,-6,-75,2460
52401756,1832,508049116,55191084,6039,-2003,30,5853,292704500,2115,292704540,2115,143,6,-19,3,2494,-14,-60,2492
52411779,1832,508049143,55191070,6038,-2002,29,5853,292704500,2115,292704550,2115,143,7,-35,14,2532,-30,-50,2530
52422024,1831,508049170,55191056,6039,-2001,29,5853,292704500,2115,292704560,2115,142,7,-14,-88,2546,-9,-151,2541
52431910,1831,508049197,55191041,6039,-2000,29,5853,292704550,2115,292704570,2115,141,7,14,43,2533,19,-19,2531
52441874,1830,508049225,55191027,6039,-2000,28,5853,292704550,2115,292704580,2115,140,7,27,-73,2529,33,-135,2524
52451783,1829,508049252,55191013,6040,-1999,28,5853,292704550,2115,292704590,2115,140,7,-1,2,2496,4,-59,2493
52462726,1829,508049279,55190999,6040,-1998,29,5853,292704550,2115,292704600,2115,139,8,-6,-29,2467,0,-89,2463
52472006,1828,508049306,55190985,6040,-1998,29,5853,292704550,2115,292704610,2115,138,8,-39,13,2507,-33,-48,2505
52481917,1828,508049333,55190971,6040,-1998,29,5853,292704600,2115,292704620,2115,137,8,-24,0,2492,-19,-60,2489
52492406,1827,508049360,55190956,6040,-1997,29,5853,292704600,2115,292704630,2115,136,9,3,-15,2526,8,-75,2523
52501771,1826,508049387,55190942,6040,-1996,29,5853,292704600,2115,292704640,2115,135,9,14,-24,2506,19,-83,2503
52511811,1825,508049415,55190928,6041,-1996,29,5853,292704600,2115,292704650,2115,134,9,24,-1,2497,30,-60,2494
52522204,1824,508049442,55190914,6041,-1996,29,5853,292704600,2115,292704660,2115,134,8,14,-19,2486,20,-77,2483
52531912,1824,508049469,55190900,6041,-1995,29,5853,292704650,2115,292704670,2115,134,8,-24,-28,2489,-19,-87,2486
52541833,1823,508049496,55190886,6041,-1995,29,5853,292704650,2115,292704680,2115,133,8,-49,34,2492,-44,-25,2491
52552277,1822,508049523,55190872,6041,-1994,28,5853,292704650,2115,292704690,2115,133,8,-6,-70,2558,0,-130,2553
52561754,1821,508049550,55190858,6041,-1994,28,5853,292704650,2115,292704700,2115,133,8,13,15,2510,18,-43,2508
52572504,1820,508049577,55190844,6042,-1993,28,5853,292704650,2115,292704710,2115,133,8,34,-83,2511,39,-141,2506
52582326,1819,508049605,55190829,6042,-1992,28,5853,292704700,2115,292704720,2115,134,8,10,-16,2529,15,-75,2527
52591835,1819,508049632,55190815,6043,-1991,28,5853,292704700,2115,292704730,2115,134,8,-26,-72,2486,-21,-131,2482
52601772,1818,508049659,55190801,6043,-1990,28,5853,292704700,2115,292704740,2115,135,8,-23,-42,2555,-18,-103,2551
52612498,1817,508049686,55190787,6043,-1990,28,5853,292704700,2115,292704750,2115,135,7,-40,-22,2520,-35,-82,2517
52623181,1816,508049713,55190773,6043,-1989,27,5853,292704700,2115,292704760,2115,136,7,-1,-83,2584,4,-145,2580
52631926,1815,508049740,55190758,6044,-1988,27,5853,292704750,2115,292704770,2115,137,7,13,-90,2528,18,-151,2523
52642307,1814,508049768,55190744,6044,-1987,27,5853,292704750,2115,292704780,2115,139,7,30,-45,2557,36,-107,2553
52651783,1813,508049795,55190730,6045,-1986,27,5853,292704750,2115,292704790,2115,140,7,18,-55,2491,23,-116,2487
52661775,1812,508049822,55190716,6044,-1985,27,5853,292704750,2115,292704800,2115,142,7,-46,-60,2451,-41,-121,2447
52672785,1812,508049849,55190703,6045,-1984,28,5853,292704750,2115,292704810,2115,143,7,-42,-114,2431,-37,-175,2426
52681922,1811,508049876,55190688,6045,-1982,28,5853,292704800,2115,292704820,2115,144,6,-14,-81,2516,-9,-145,2511
52691847,1810,508049903,55190674,6045,-1982,27,5853,292704800,2115,292704830,2115,145,6,5,-22,2548,10,-87,2545
52702076,1809,508049931,55190660,6046,-1981,27,5853,292704800,2115,292704840,2115,147,6,47,-107,2539,52,-172,2533
52711766,1808,508049958,55190646,6046,-1980,27,5853,292704800,2115,292704850,2115,148,6,34,-85,2512,39,-150,2507
52722032,1808,508049985,55190632,6047,-1979,27,5853,292704800,2115,292704860,2115,149,5,-24,-74,2459,-19,-139,2455
52732185,1807,508050012,55190618,6047,-1978,28,5853,292704850,2115,292704870,2115,151,5,-48,-40,2425,-44,-104,2421
52741852,1806,508050039,55190604,6047,-1977,28,5853,292704850,2115,292704880,2115,152,5,-49,-69,2472,-45,-135,2468
52751794,1805,508050066,55190590,6047,-1976,28,5853,292704850,2115,292704890,2115,152,5,-16,-67,2502,-12,-134,2498
52762825,1805,508050094,55190576,6048,-1975,28,5853,292704850,2115,292704900,2115,153,5,46,-96,2520,51,-163,2515
52772021,1804,508050121,55190562,6048,-1974,28,5853,292704850,2115,292704910,2115,154,5,42,-25,2500,46,-93,2497
52781911,1803,508050148,55190547,6049,-1973,28,5853,292704900,2115,292704920,2115,155,5,14,-72,2490,19,-140,2485
52791828,1802,508050175,55190534,6049,-1972,28,5853,292704900,2115,292704930,2115,155,5,-41,-60,2485,-37,-128,2480
52801812,1801,508050202,55190520,6049,-1971,29,5853,292704900,2115,292704940,2115,155,6,-54,-23,2443,-50,-90,2439
52811794,1801,508050229,55190506,6049,-1970,30,5853,292704900,2115,292704950,2115,156,6,-44,-79,2415,-39,-145,2410
52822017,1800,508050257,55190492,6049,-1969,30,5853,292704900,2115,292704960,2115,156,7,-19,6,2471,-14,-61,2469
52831906,1799,508050284,55190478,6049,-1968,30,5853,292704950,2115,292704970,2115,156,7,35,-64,2468,40,-131,2463
52841833,1798,508050311,55190464,6050,-1968,30,5853,292704950,2115,292704980,2115,155,8,34,-57,2450,39,-124,2445
52852456,1798,508050338,55190450,6050,-1967,31,5853,292704950,2115,292704990,2115,155,8,10,-22,2444,15,-88,2440
52861768,1797,508050365,55190436,6050,-1966,31,5853,292704950,2115,292705000,2115,154,9,-29,-13,2498,-23,-81,2495
52872327,1796,508050393,55190422,6050,-1966,32,5853,292704950,2115,292705010,2115,153,9,-61,-10,2404,-55,-76,2401
52882612,1795,508050420,55190408,6050,-1965,32,5853,292705000,2115,292705020,2115,153,10,-21,-32,2420,-15,-97,2417
52891866,1795,508050447,55190394,6050,-1964,33,5853,292705000,2115,292705030,2115,152,10,7,-27,2452,13,-93,2448
52901798,1794,508050474,55190380,6051,-1964,33,5853,292705000,2115,292705040,2115,152,11,48,-15,2440,55,-80,2436
52911854,1793,508050501,55190367,6052,-1963,34,5853,292705000,2115,292705050,2115,151,11,24,-51,2430,31,-116,2426
52922034,1792,508050528,55190353,6052,-1963,34,5853,292705000,2115,292705060,2115,151,12,-7,5,2442,0,-60,2440
52931908,1791,508050556,55190338,6052,-1962,35,5853,292705050,2115,292705070,2115,150,12,-8,-55,2430,-1,-119,2426
52941854,1791,508050583,55190324,6052,-1961,35,5853,292705050,2115,292705080,2115,149,12,-28,-43,2431,-21,-107,2427
52951775,1790,508050610,55190311,6052,-1960,36,5853,292705050,2115,292705090,2115,148,12,-15,-1,2431,-8,-64,2428
52961779,1789,508050637,55190297,6053,-1960,36,5853,292705050,2115,292705100,2115,148,12,30,-38,2493,37,-103,2489
52972518,1788,508050664,55190283,6053,-1959,37,5853,292705050,2115,292705110,2115,148,12,1,-55,2435,9,-119,2431
52981918,1787,508050692,55190269,6054,-1958,37,5853,292705100,2115,292705120,2115,147,12,30,-39,2451,38,-102,2448
52991837,1786,508050719,55190255,6054,-1958,38,5853,292705100,2115,292705130,2115,147,12,-21,-60,2432,-13,-123,2428
53002365,1786,508050746,55190241,6054,-1957,38,5853,292705100,2115,292705140,2115,146,12,-44,8,2499,-37,-56,2497
53011776,1785,508050773,55190227,6054,-1956,38,5853,292705100,2115,292705150,2115,146,12,-17,-58,2505,-10,-122,2501
53022045,1784,508050800,55190214,6054,-1955,38,5854,292705100,2115,292705160,2115,146,11,22,-58,2498,29,-122,2493
53032137,1783,508050828,55190199,6055,-1954,38,5854,292705150,2115,292705170,2115,145,11,15,-34,2523,22,-98,2520
53041863,1782,508050855,55190185,6055,-1953,38,5854,292705150,2115,292705180,2115,145,11,3,-69,2414,10,-130,2410
53051780,1781,508050882,55190172,6055,-1953,39,5854,292705150,2115,292705190,2115,144,10,-18,-32,2387,-12,-92,2383
53061815,1781,508050909,55190158,6055,-1952,39,5854,292705150,2115,292705200,2115,143,10,-42,-39,2488,-35,-102,2485
53072054,1780,508050937,55190144,6055,-1951,39,5854,292705150,2115,292705210,2115,143,10,-1,-58,2519,5,-121,2515
53081939,1779,508050964,55190130,6056,-1950,39,5854,292705200,2115,292705220,2115,142,9,15,-53,2507,21,-116,2503
53091843,1779,508050991,55190116,6056,-1949,39,5854,292705200,2115,292705230,2115,142,9,15,-55,2558,22,-118,2554
53101788,1778,508051018,55190103,6057,-1949,39,5854,292705200,2115,292705240,2115,141,9,12,-42,2503,18,-105,2499
53112134,1777,508051045,55190089,6057,-1948,39,5854,292705200,2115,292705250,2115,141,8,-7,-45,2516,-1,-108,2512
53122374,1776,508051073,55190075,6057,-1947,39,5854,292705200,2115,292705260,2115,141,8,-30,-99,2505,-24,-161,2500
53131936,1776,508051100,55190061,6057,-1946,38,5854,292705250,2115,292705270,2115,140,8,-49,24,2566,-43,-40,2564
53141840,1775,508051127,55190047,6057,-1945,38,5854,292705250,2115,292705280,2115,139,8,-8,-42,2505,-2,-103,2502
53152242,1774,508051154,55190034,6058,-1944,38,5854,292705250,2115,292705290,2115,139,8,7,-45,2563,12,-108,2560
53161781,1774,508051181,55190020,6058,-1944,37,5854,292705250,2115,292705300,2115,138,8,22,-40,2518,27,-101,2515
53172487,1773,508051209,55190006,6059,-1943,37,5854,292705250,2115,292705310,2115,138,7,41,-69,2561,46,-130,2557
53182391,1772,508051236,55189992,6058,-1943,37,5854,292705300,2115,292705320,2115,137,7,-33,-16,2545,-28,-78,2542
53191828,1772,508051263,55189978,6059,-1942,37,5854,292705300,2115,292705330,2115,137,7,-16,-41,2528,-11,-101,2524
53201782,1771,508051290,55189965,6059,-1941,36,5854,292705300,2115,292705340,2115,136,7,-19,-45,2561,-14,-106,2557
53212643,1770,508051318,55189951,6059,-1940,36,5854,292705300,2115,292705350,2115,135,7,-27,-14,2506,-22,-74,2503
53223151,1770,508051345,55189937,6059,-1939,36,5854,292705300,2115,292705360,2115,135,7,13,-60,2574,18,-121,2570
53231902,1769,508051372,55189923,6060,-1939,35,5854,292705350,2115,292705370,2115,135,7,35,-31,2566,40,-92,2563
53242667,1768,508051399,55189909,6060,-1938,34,5854,292705350,2115,292705380,2115,135,7,21,-16,2597,26,-78,2594
53251772,1767,508051426,55189896,6061,-1937,34,5854,292705350,2115,292705390,2115,136,7,2,-77,2542,7,-137,2538
53261756,1767,508051454,55189882,6060,-1937,34,5854,292705350,2115,292705400,2115,136,7,-33,-23,2516,-28,-83,2513
53272607,1766,508051481,55189869,6060,-1936,34,5854,292705350,2115,292705410,2115,135,7,-54,-76,2471,-49,-135,2467
53281910,1766,508051508,55189854,6060,-1935,34,5854,292705400,2115,292705420,2115,135,8,-32,-34,2539,-26,-94,2535
53291843,1765,508051535,55189841,6061,-1934,34,5854,292705400,2115,292705430,2115,134,8,10,-27,2524,16,-86,2520
53301878,1765,508051563,55189827,6061,-1934,33,5854,292705400,2115,292705440,2115,134,9,51,3,2580,57,-58,2578
53311777,1764,508051590,55189814,6062,-1933,33,5854,292705400,2115,292705450,2115,134,10,29,-99,2526,35,-159,2521
53322031,1764,508051617,55189800,6062,-1932,33,5854,292705400,2115,292705460,2115,134,10,-18,-21,2513,-11,-81,2510
53332253,1763,508051644,55189786,6062,-1931,33,5854,292705450,2115,292705470,2115,134,11,-71,-31,2503,-64,-91,2500
53341821,1763,508051672,55189772,6061,-1931,33,5854,292705450,2115,292705480,2115,134,12,-59,39,2476,-52,-20,2475
53352260,1763,508051699,55189759,6062,-1931,34,5854,292705450,2115,292705490,2115,134,13,9,-45,2394,16,-101,2390
53361774,1763,508051726,55189745,6062,-1930,34,5854,292705450,2115,292705500,2115,133,14,41,-31,2444,49,-88,2440
53372070,1762,508051753,55189732,6063,-1930,35,5854,292705450,2115,292705510,2115,133,15,35,8,2410,43,-48,2408
53381894,1762,508051781,55189717,6063,-1929,35,5854,292705500,2115,292705520,2115,134,15,56,-17,2494,64,-75,2491
53391837,1761,508051808,55189704,6063,-1929,35,5854,292705500,2115,292705530,2115,134,15,6,62,2510,14,3,2509
53401758,1761,508051835,55189690,6064,-1928,35,5854,292705500,2115,292705540,2115,134,16,-36,-105,2485,-27,-164,2480
53411756,1761,508051862,55189677,6063,-1928,36,5854,292705500,2115,292705550,2115,134,16,-33,44,2438,-24,-14,2436
53422016,1760,508051890,55189663,6064,-1928,37,5854,292705500,2115,292705560,2115,134,16,1,10,2405,10,-47,2403
53432398,1760,508051917,55189649,6064,-1927,37,5854,292705550,2115,292705570,2115,134,16,48,-52,2446,58,-109,2442
53441825,1760,508051944,55189635,6065,-1926,37,5854,292705550,2115,292705580,2115,134,16,48,-41,2470,57,-99,2466
53451762,1759,508051971,55189622,6065,-1926,37,5854,292705550,2115,292705590,2115,135,16,15,16,2506,24,-43,2504
53461772,1759,508051999,55189608,6065,-1925,37,5854,292705550,2115,292705600,2115,135,16,-25,-24,2488,-16,-83,2485
53472062,1758,508052026,55189595,6065,-1925,38,5854,292705550,2115,292705610,2115,135,15,-36,54,2483,-28,-5,2481
53481920,1758,508052053,55189581,6066,-1924,38,5854,292705600,2115,292705620,2115,135,15,29,-94,2502,37,-153,2497
53491858,1758,508052080,55189567,6066,-1924,38,5854,292705600,2115,292705630,2115,136,14,32,-20,2473,40,-79,2470
53501796,1757,508052108,55189554,6067,-1923,38,5854,292705600,2115,292705640,2115,136,14,10,7,2438,18,-51,2436
53511770,1757,508052135,55189540,6067,-1923,38,5854,292705600,2115,292705650,2115,136,13,4,-23,2482,12,-82,2479
53522017,1756,508052162,55189527,6067,-1922,39,5854,292705600,2115,292705660,2115,137,12,-46,19,2477,-39,-40,2475
53531895,1756,508052189,55189512,6067,-1922,38,5854,292705650,2115,292705670,2115,137,11,-6,-12,2589,1,-75,2587
53541840,1756,508052217,55189499,6067,-1922,37,5854,292705650,2115,292705680,2115,137,10,21,20,2593,27,-42,2590
53551747,1755,508052244,55189485,6068,-1921,37,5854,292705650,2115,292705690,2115,137,9,34,-21,2525,40,-82,2522
53561769,1755,508052271,55189472,6068,-1921,37,5854,292705650,2115,292705700,2115,138,9,4,-15,2518,10,-76,2515
53572629,1754,508052298,55189458,6068,-1920,37,5854,292705650,2115,292705710,2115,138,8,-19,-1,2521,-13,-63,2519
53581934,1754,508052326,55189444,6068,-1920,37,5854,292705700,2115,292705720,2115,139,7,-17,-1,2536,-12,-63,2533
53592551,1754,508052353,55189431,6068,-1919,36,5854,292705700,2115,292705730,2115,139,6,-9,-31,2570,-4,-94,2567
53601786,1753,508052380,55189417,6068,-1919,35,5854,292705700,2115,292705740,2115,139,5,12,61,2609,16,-2,2608
53611791,1753,508052408,55189404,6069,-1918,35,5854,292705700,2115,292705750,2115,139,5,40,-42,2562,44,-104,2558
53622705,1752,508052435,55189390,6069,-1918,34,5854,292705700,2115,292705760,2115,139,4,-14,56,2561,-11,-6,2560
53631909,1752,508052462,55189376,6069,-1917,34,5854,292705750,2115,292705770,2115,139,3,4,-38,2543,8,-100,2540
53641815,1752,508052489,55189363,6069,-1916,34,5854,292705750,2115,292705780,2115,139,3,1,-48,2523,4,-110,2519
53651787,1751,508052517,55189349,6069,-1916,34,5854,292705750,2115,292705790,2115,139,2,-34,48,2538,-32,-14,2537
53662468,1751,508052544,55189336,6069,-1916,33,5854,292705750,2115,292705800,2115,138,2,-19,5,2625,-17,-59,2623
53672572,1750,508052571,55189322,6069,-1916,32,5854,292705750,2115,292705810,2115,138,2,10,38,2565,13,-24,2563
53681929,1750,508052598,55189308,6069,-1915,31,5854,292705800,2115,292705820,2115,138,1,19,-37,2618,21,-100,2614
53692104,1750,508052626,55189295,6070,-1915,31,5854,292705800,2115,292705830,2115,138,1,38,-24,2579,40,-86,2576
53701752,1749,508052653,55189281,6070,-1915,30,5854,292705800,2115,292705840,2115,138,1,-13,41,2528,-11,-20,2526
53711761,1749,508052680,55189268,6070,-1914,30,5854,292705800,2115,292705850,2115,138,1,-13,9,2508,-11,-51,2506
53721985,1748,508052708,55189254,6070,-1913,30,5854,292705800,2115,292705860,2115,137,1,-16,-25,2568,-14,-87,2564
53731934,1748,508052735,55189240,6070,-1913,29,5854,292705850,2115,292705870,2115,137,1,-12,34,2547,-10,-27,2546
53741844,1748,508052762,55189227,6071,-1913,29,5854,292705850,2115,292705880,2115,136,1,31,21,2579,33,-41,2577
53752225,1747,508052789,55189213,6071,-1913,28,5854,292705850,2115,292705890,2115,136,1,26,18,2555,29,-43,2553
53761773,1747,508052817,55189200,6071,-1912,28,5854,292705850,2115,292705900,2115,136,2,25,-19,2514,27,-79,2511
53772009,1746,508052844,55189187,6071,-1912,28,5854,292705850,2115,292705910,2115,135,2,-2,21,2496,1,-39,2494
53781902,1746,508052871,55189172,6071,-1911,28,5854,292705900,2115,292705920,2115,135,2,-10,14,2495,-8,-46,2493
53791871,1746,508052899,55189159,6071,-1911,28,5854,292705900,2115,292705930,2115,134,2,-19,9,2564,-16,-51,2562
53801771,1745,508052926,55189146,6072,-1911,28,5854,292705900,2115,292705940,2115,133,2,-3,28,2558,0,-32,2556
53811772,1745,508052953,55189132,6072,-1911,27,5854,292705900,2115,292705950,2115,132,2,51,12,2584,54,-48,2581
53822009,1744,508052980,55189119,6073,-1910,27,5854,292705900,2115,292705960,2115,132,3,39,-39,2442,42,-96,2439
53831908,1744,508053008,55189105,6073,-1910,28,5854,292705950,2115,292705970,2115,131,3,-8,28,2468,-5,-29,2466
53842057,1744,508053035,55189091,6072,-1909,28,5854,292705950,2115,292705980,2115,130,3,-45,14,2456,-42,-42,2454
53851795,1743,508053062,55189078,6072,-1909,28,5854,292705950,2115,292705990,2115,129,4,-19,6,2505,-15,-51,2503
53861756,1743,508053090,55189064,6072,-1909,28,5854,292705950,2115,292706000,2115,128,4,-6,-7,2506,-2,-63,2503
53873189,1742,508053117,55189051,6073,-1908,27,5854,292705950,2115,292706010,2115,128,4,26,1,2573,30,-56,2570
53881896,1742,508053144,55189037,6073,-1908,27,5854,292706000,2115,292706020,2115,127,5,36,11,2492,40,-45,2490
53891833,1741,508053171,55189024,6074,-1907,27,5854,292706000,2115,292706030,2115,127,5,17,-20,2514,21,-76,2511
53901768,1741,508053199,55189010,6074,-1907,27,5854,292706000,2115,292706040,2115,126,5,2,-24,2503,7,-80,2500
53912273,1740,508053226,55188997,6074,-1907,28,5854,292706000,2115,292706050,2115,125,6,-28,46,2413,-24,-8,2411
53923133,1740,508053253,55188983,6074,-1906,29,5854,292706000,2115,292706060,2115,125,6,-28,1,2403,-23,-52,2400
53931904,1740,508053281,55188969,6074,-1906,29,5854,292706050,2115,292706070,2115,124,6,-9,-20,2471,-5,-74,2468
53941835,1739,508053308,55188956,6074,-1906,29,5854,292706050,2115,292706080,2115,124,7,56,23,2481,61,-31,2479
53951759,1739,508053335,55188943,6075,-1905,30,5854,292706050,2115,292706090,2115,124,7,50,-27,2417,55,-80,2414
53961787,1738,508053363,55188929,6075,-1905,30,5854,292706050,2115,292706100,2115,124,7,-2,34,2488,3,-20,2487
53972010,1738,508053390,55188916,6075,-1904,31,5854,292706050,2115,292706110,2115,124,8,1,-54,2398,7,-106,2394
53981927,1737,508053417,55188902,6075,-1904,31,5854,292706100,2115,292706120,2115,124,8,-48,30,2537,-43,-25,2535
53992494,1737,508053444,55188888,6075,-1904,31,5854,292706100,2115,292706130,2115,124,9,-43,11,2429,-37,-42,2427
54002227,1737,508053472,55188875,6075,-1903,31,5854,292706100,2115,292706140,2115,124,9,29,-32,2505,36,-87,2502
54011790,1736,508053499,55188862,6076,-1903,32,5854,292706100,2115,292706150,2115,124,10,33,6,2371,39,-45,2368
54022011,1736,508053526,55188848,6076,-1902,33,5854,292706100,2115,292706160,2115,125,10,42,-23,2453,49,-76,2450
54031914,1735,508053554,55188834,6076,-1902,34,5854,292706150,2115,292706170,2115,125,11,5,20,2384,12,-33,2382
54041865,1735,508053581,55188821,6076,-1902,34,5855,292706150,2115,292706180,2115,125,12,-45,27,2402,-38,-26,2400
54051767,1735,508053608,55188807,6076,-1901,35,5855,292706150,2115,292706190,2115,125,12,-46,-90,2415,-39,-143,2411
54061755,1734,508053636,55188794,6076,-1901,35,5855,292706150,2115,292706200,2115,126,13,-8,57,2445,-1,3,2444
54072449,1734,508053663,55188781,6076,-1901,36,5855,292706150,2115,292706210,2115,126,14,13,26,2489,21,-29,2487
54081910,1734,508053690,55188767,6077,-1900,36,5855,292706200,2115,292706220,2115,127,14,51,-63,2426,59,-117,2422
54091844,1733,508053717,55188753,6077,-1900,37,5855,292706200,2115,292706230,2115,127,14,14,30,2429,22,-24,2427
54101782,1733,508053745,55188740,6077,-1899,38,5855,292706200,2115,292706240,2115,127,15,5,-9,2388,13,-62,2385
54111795,1732,508053772,55188727,6077,-1899,39,5855,292706200,2115,292706250,2115,127,15,-33,-6,2384,-24,-59,2382
54122076,1732,508053799,55188713,6077,-1898,40,5855,292706200,2115,292706260,2115,127,15,-42,-8,2258,-34,-59,2256
54131903,1732,508053827,55188699,6077,-1898,41,5855,292706250,2115,292706270,2115,128,16,-6,-3,2427,2,-57,2424
54141824,1731,508053854,55188686,6078,-1898,42,5855,292706250,2115,292706280,2115,127,16,27,23,2364,35,-30,2362
54151967,1731,508053881,55188673,6078,-1898,42,5855,292706250,2115,292706290,2115,128,16,54,33,2469,63,-22,2467
54161776,1730,508053909,55188659,6079,-1897,42,5855,292706250,2115,292706300,2115,128,16,46,-66,2497,55,-122,2493
54171998,1730,508053936,55188646,6079,-1896,43,5855,292706250,2115,292706310,2115,128,16,-34,5,2454,-26,-51,2452
54181902,1730,508053963,55188632,6079,-1896,43,5855,292706300,2115,292706320,2115,128,16,-68,-23,2504,-58,-80,2501
54191880,1729,508053991,55188619,6078,-1896,42,5855,292706300,2115,292706330,2115,129,16,-40,47,2555,-31,-12,2554
54201784,1729,508054018,55188605,6079,-1895,43,5855,292706300,2115,292706340,2115,129,16,11,-39,2467,20,-95,2464
54211787,1728,508054045,55188592,6079,-1895,43,5855,292706300,2115,292706350,2115,130,17,24,-4,2417,33,-59,2415
54222031,1728,508054073,55188579,6079,-1895,44,5855,292706300,2115,292706360,2115,131,17,29,32,2438,37,-24,2436
54232693,1727,508054100,55188565,6080,-1894,44,5855,292706350,2115,292706370,2115,132,16,29,-82,2450,39,-138,2446
54241836,1727,508054127,55188551,6080,-1893,44,5855,292706350,2115,292706380,2115,133,16,-28,-5,2516,-20,-64,2514
54251762,1726,508054155,55188538,6080,-1893,44,5855,292706350,2115,292706390,2115,134,15,-15,-3,2521,-6,-62,2519
54261752,1726,508054182,55188525,6080,-1892,44,5855,292706350,2115,292706400,2115,135,15,-27,3,2473,-18,-56,2470
54272006,1725,508054209,55188512,6080,-1892,45,5855,292706350,2115,292706410,2115,136,14,-11,-8,2422,-3,-66,2419
54281904,1725,508054236,55188498,6081,-1891,44,5855,292706400,2115,292706420,2115,137,14,57,-42,2582,65,-104,2578
54291835,1725,508054264,55188484,6082,-1890,44,5855,292706400,2115,292706430,2115,138,13,35,-69,2579,43,-131,2575
54301961,1724,508054291,55188471,6082,-1890,43,5855,292706400,2115,292706440,2115,140,12,-15,33,2556,-7,-30,2554
54311873,1724,508054319,55188458,6082,-1889,43,5855,292706400,2115,292706450,2115,141,12,-27,-84,2536,-19,-147,2531
54322026,1723,508054346,55188445,6082,-1889,42,5855,292706400,2115,292706460,2115,142,11,-48,16,2590,-41,-49,2588
54332212,1723,508054373,55188431,6082,-1888,42,5855,292706450,2115,292706470,2115,143,11,-8,2,2563,-1,-63,2560
54341819,1723,508054400,55188417,6082,-1887,42,5855,292706450,2115,292706480,2115,144,11,27,-31,2570,34,-96,2567
54351764,1722,508054428,55188404,6083,-1886,41,5855,292706450,2115,292706490,2115,145,10,17,-63,2567,24,-128,2563
54362135,1722,508054455,55188391,6083,-1886,41,5855,292706450,2115,292706500,2115,146,10,-12,3,2572,-5,-63,2569
54372109,1722,508054483,55188378,6083,-1886,40,5855,292706450,2115,292706510,2115,147,9,-42,44,2601,-36,-23,2599
54381907,1721,508054510,55188364,6083,-1885,39,5855,292706500,2115,292706520,2115,148,8,-5,-47,2630,1,-115,2626
54393339,1721,508054537,55188350,6083,-1884,38,5855,292706500,2115,292706530,2115,149,8,-6,-4,2608,0,-72,2605
54401756,1721,508054565,55188337,6083,-1884,37,5855,292706500,2115,292706540,2115,150,8,31,16,2588,37,-52,2586
54411764,1720,508054592,55188324,6084,-1883,37,5855,292706500,2115,292706550,2115,150,7,24,-27,2510,30,-93,2507
54422534,1720,508054619,55188311,6084,-1882,37,5855,292706500,2115,292706560,2115,151,7,-21,-33,2542,-16,-100,2538
54431904,1720,508054647,55188297,6084,-1883,36,5855,292706550,2115,292706570,2115,151,7,-11,35,2566,-7,-33,2564
54441829,1720,508054674,55188284,6084,-1882,36,5855,292706550,2115,292706580,2115,151,6,-12,-24,2610,-7,-94,2606
54451758,1719,508054701,55188270,6084,-1882,35,5855,292706550,2115,292706590,2115,151,6,-29,68,2608,-25,-2,2607
54461752,1719,508054729,55188257,6084,-1881,34,5855,292706550,2115,292706600,2115,150,6,8,-33,2597,12,-102,2594
54472181,1719,508054756,55188244,6085,-1881,33,5855,292706550,2115,292706610,2115,150,5,30,26,2622,35,-42,2620
54481902,1718,508054783,55188230,6085,-1880,32,5855,292706600,2115,292706620,2115,149,5,22,-2,2597,27,-70,2594
54491844,1718,508054811,55188217,6085,-1880,31,5855,292706600,2115,292706630,2115,149,5,-10,29,2590,-5,-39,2588
54501765,1718,508054838,55188204,6085,-1880,31,5855,292706600,2115,292706640,2115,148,5,-25,57,2516,-21,-9,2515
54511868,1717,508054865,55188191,6085,-1879,31,5855,292706600,2115,292706650,2115,147,5,-48,4,2547,-44,-62,2544
54522108,1717,508054893,55188177,6085,-1879,30,5855,292706600,2115,292706660,2115,145,5,-5,42,2597,-1,-25,2595
54531924,1716,508054920,55188163,6085,-1879,30,5855,292706650,2115,292706670,2115,144,6,44,20,2556,48,-45,2554
54541859,1716,508054947,55188150,6085,-1879,30,5855,292706650,2115,292706680,2115,143,6,30,41,2515,34,-22,2513
54552253,1715,508054975,55188137,6086,-1878,29,5855,292706650,2115,292706690,2115,142,6,3,20,2526,7,-43,2524
54561765,1715,508055002,55188124,6086,-1878,29,5855,292706650,2115,292706700,2115,140,6,-14,16,2524,-9,-46,2522
54573579,1715,508055029,55188111,6085,-1878,29,5855,292706650,2115,292706710,2115,139,7,-33,41,2527,-28,-21,2525
54581944,1714,508055057,55188097,6085,-1878,29,5855,292706700,2115,292706720,2115,137,7,-23,77,2534,-18,15,2533
54591839,1714,508055084,55188084,6086,-1877,29,5855,292706700,2115,292706730,2115,136,8,23,-22,2523,29,-82,2520
54601782,1713,508055111,55188071,6086,-1877,29,5855,292706700,2115,292706740,2115,135,9,24,60,2491,29,1,2490
54611795,1712,508055139,55188057,6086,-1877,28,5855,292706700,2115,292706750,2115,134,9,35,45,2547,41,-15,2546
54622010,1712,508055166,55188044,6087,-1877,28,5855,292706700,2115,292706760,2115,133,10,41,-26,2509,48,-84,2506
54632393,1711,508055193,55188030,6086,-1876,29,5855,292706750,2115,292706770,2115,132,10,-54,35,2434,-48,-22,2432
54641838,1710,508055221,55188017,6086,-1876,29,5855,292706750,2115,292706780,2115,130,11,-40,32,2487,-34,-25,2485
54651766,1710,508055248,55188004,6086,-1876,30,5855,292706750,2115,292706790,2115,129,11,-6,1,2421,1,-54,2418
54661792,1709,508055276,55187991,6087,-1876,30,5855,292706750,2115,292706800,2115,128,12,38,20,2476,45,-36,2474
54672057,1709,508055303,55187978,6087,-1875,31,5855,292706750,2115,292706810,2115,127,12,56,-6,2430,64,-60,2427
54681941,1708,508055330,55187964,6088,-1875,31,5855,292706800,2115,292706820,2115,127,12,50,-39,2496,58,-95,2493
54692102,1707,508055358,55187951,6088,-1875,31,5855,292706800,2115,292706830,2115,126,13,-8,7,2442,-1,-47,2440
54701760,1706,508055385,55187938,6088,-1874,32,5855,292706800,2115,292706840,2115,126,13,-50,-11,2424,-43,-66,2422
54711760,1706,508055412,55187924,6088,-1874,32,5855,292706800,2115,292706850,2115,126,13,-32,9,2441,-25,-45,2439
54722112,1705,508055440,55187911,6088,-1872,32,5855,292706800,2115,292706860,2115,125,14,10,-120,2463,18,-175,2458
54731943,1705,508055467,55187898,6089,-1872,33,5855,292706850,2115,292706870,2115,125,14,31,30,2435,39,-23,2434
54741826,1704,508055494,55187884,6089,-1872,33,5855,292706850,2115,292706880,2115,125,15,26,-14,2428,34,-67,2425
54752212,1703,508055522,55187871,6089,-1871,34,5855,292706850,2115,292706890,2115,125,15,9,-34,2431,17,-88,2428
54761774,1703,508055549,55187858,6090,-1871,34,5855,292706850,2115,292706900,2115,125,15,-25,-17,2455,-17,-71,2452
54772031,1702,508055577,55187845,6089,-1870,35,5855,292706850,2115,292706910,2115,125,15,-49,-30,2435,-40,-84,2432
54782271,1702,508055604,55187831,6090,-1869,35,5855,292706900,2115,292706920,2115,125,16,-20,-31,2465,-11,-85,2462
54792542,1701,508055631,55187818,6090,-1869,36,5855,292706900,2115,292706930,2115,125,16,23,20,2414,32,-34,2412
54801780,1701,508055659,55187805,6091,-1868,37,5855,292706900,2115,292706940,2115,125,16,67,-78,2399,76,-130,2395
54812457,1700,508055686,55187792,6091,-1868,37,5855,292706900,2115,292706950,2115,126,16,12,-44,2434,21,-98,2431
54822652,1700,508055713,55187779,6091,-1867,38,5855,292706900,2115,292706960,2115,126,16,-18,-5,2416,-10,-59,2414
54831897,1699,508055741,55187765,6091,-1866,39,5855,292706950,2115,292706970,2115,126,16,-20,-55,2437,-11,-109,2433
54842537,1699,508055768,55187752,6091,-1866,39,5855,292706950,2115,292706980,2115,126,15,-24,27,2482,-15,-28,2481
54851770,1698,508055795,55187739,6092,-1866,39,5855,292706950,2115,292706990,2115,127,15,24,-32,2491,32,-88,2488
54861758,1698,508055823,55187726,6092,-1865,39,5855,292706950,2115,292707000,2115,127,15,50,-49,2418,59,-103,2414
54872808,1697,508055850,55187713,6093,-1864,40,5855,292706950,2115,292707010,2115,128,14,15,-16,2465,23,-71,2462
54881912,1697,508055878,55187699,6093,-1864,40,5855,292707000,2115,292707020,2115,128,14,10,-15,2457,18,-71,2454
54891839,1697,508055905,55187686,6093,-1864,41,5855,292707000,2115,292707030,2115,129,14,-32,-7,2456,-24,-63,2454
54902019,1696,508055932,55187673,6093,-1863,40,5855,292707000,2115,292707040,2115,129,13,-18,-49,2548,-10,-107,2544
54911761,1696,508055960,55187660,6093,-1862,40,5855,292707000,2115,292707050,2115,130,13,2,-2,2531,10,-60,2529
54922018,1695,508055987,55187647,6094,-1862,40,5855,292707000,2115,292707060,2115,130,12,18,11,2510,25,-46,2507
54931996,1695,508056015,55187633,6094,-1861,40,5855,292707050,2115,292707070,2115,131,11,28,-90,2510,35,-148,2505
54941813,1694,508056042,55187620,6094,-1860,40,5855,292707050,2115,292707080,2115,132,11,-3,-25,2486,3,-83,2483
54951756,1694,508056069,55187607,6095,-1860,40,5855,292707050,2115,292707090,2115,133,10,-9,10,2451,-3,-47,2449
54962133,1694,508056097,55187594,6095,-1859,40,5855,292707050,2115,292707100,2115,134,10,-26,5,2528,-20,-55,2526
54972027,1693,508056124,55187581,6095,-1859,40,5855,292707050,2115,292707110,2115,135,9,-17,-15,2467,-11,-74,2464
54981911,1693,508056151,55187567,6095,-1858,40,5855,292707100,2115,292707120,2115,135,9,17,-72,2540,23,-133,2536
54992309,1693,508056179,55187554,6096,-1857,40,5855,292707100,2115,292707130,2115,136,9,35,-22,2521,40,-82,2518
55002154,1692,508056206,55187541,6096,-1857,40,5855,292707100,2115,292707140,2115,137,8,42,12,2530,48,-48,2528
55011756,1692,508056234,55187528,6096,-1856,40,5855,292707100,2115,292707150,2115,138,8,-8,-53,2501,-3,-114,2497
55022078,1692,508056261,55187515,6096,-1856,40,5855,292707100,2115,292707160,2115,139,8,-37,6,2514,-32,-55,2512
55031938,1692,508056288,55187501,6096,-1855,40,5855,292707150,2115,292707170,2115,139,8,-67,-52,2522,-61,-114,2518
55041820,1691,508056316,55187488,6096,-1855,39,5855,292707150,2115,292707180,2115,140,8,13,11,2577,18,-52,2574
55051754,1691,508056343,55187475,6097,-1855,39,5855,292707150,2115,292707190,2115,140,8,31,30,2571,36,-33,2569
55061773,1691,508056371,55187462,6097,-1854,38,5856,292707150,2115,292707200,2115,141,8,43,-61,2520,49,-123,2516
55072153,1691,508056398,55187449,6097,-1853,38,5856,292707150,2115,292707210,2115,142,8,0,14,2520,5,-49,2518
55081915,1690,508056425,55187435,6098,-1853,38,5856,292707200,2115,292707220,2115,142,9,-2,6,2511,3,-57,2509
55091852,1690,508056453,55187422,6097,-1852,38,5856,292707200,2115,292707230,2115,143,9,-46,7,2456,-41,-55,2454
55101746,1690,508056480,55187409,6097,-1852,38,5856,292707200,2115,292707240,2115,143,9,-15,13,2549,-9,-51,2547
55112401,1689,508056508,55187396,6098,-1851,38,5856,292707200,2115,292707250,2115,144,9,26,-15,2550,32,-79,2547
55122486,1689,508056535,55187383,6098,-1851,37,5856,292707200,2115,292707260,2115,144,9,36,53,2538,42,-11,2537
55131922,1689,508056563,55187370,6099,-1851,37,5856,292707250,2115,292707270,2115,145,9,46,20,2519,52,-44,2517
55141916,1688,508056590,55187357,6099,-1850,38,5856,292707250,2115,292707280,2115,145,9,16,-47,2479,22,-110,2475
55151751,1688,508056617,55187344,6099,-1850,38,5856,292707250,2115,292707290,2115,146,10,-32,48,2479,-26,-16,2478
55161775,1688,508056645,55187331,6099,-1849,38,5856,292707250,2115,292707300,2115,146,10,-54,-22,2479,-48,-86,2476
55173169,1687,508056672,55187318,6099,-1849,38,5856,292707250,2115,292707310,2115,147,10,-15,41,2529,-9,-24,2528
55181914,1687,508056700,55187304,6099,-1849,37,5856,292707300,2115,292707320,2115,147,11,18,25,2590,25,-42,2588
55191831,1687,508056727,55187291,6100,-1849,36,5856,292707300,2115,292707330,2115,147,11,58,-12,2604,65,-80,2601
55201766,1686,508056754,55187278,6100,-1848,36,5856,292707300,2115,292707340,2115,148,11,24,-8,2546,31,-74,2543
55211793,1686,508056782,55187265,6100,-1848,35,5856,292707300,2115,292707350,2115,148,11,1,66,2554,8,0,2553
55222008,1685,508056809,55187252,6100,-1848,35,5856,292707300,2115,292707360,2115,149,12,-42,0,2534,-35,-67,2531
55232751,1685,508056837,55187239,6100,-1847,35,5856,292707350,2115,292707370,2115,150,12,-60,9,2499,-53,-57,2497
55242565,1685,508056864,55187226,6100,-1847,36,5856,292707350,2115,292707380,2115,150,12,7,0,2487,14,-65,2484
55251765,1684,508056891,55187213,6101,-1846,36,5856,292707350,2115,292707390,2115,151,12,42,30,2449,49,-34,2447
55262322,1684,508056919,55187200,6101,-1846,36,5856,292707350,2115,292707400,2115,151,12,60,22,2517,67,-45,2514
55272013,1683,508056946,55187187,6102,-1846,36,5856,292707350,2115,292707410,2115,152,11,55,-22,2527,62,-89,2524
55281947,1683,508056974,55187173,6102,-1846,35,5856,292707400,2115,292707420,2115,152,11,-34,52,2579,-28,-17,2578
55292607,1682,508057001,55187160,6101,-1845,35,5856,292707400,2115,292707430,2115,152,11,-46,-23,2546,-39,-91,2543
55301757,1682,508057029,55187147,6101,-1844,34,5856,292707400,2115,292707440,2115,153,10,-20,31,2612,-14,-39,2610
55311765,1681,508057056,55187134,6102,-1844,33,5856,292707400,2115,292707450,2115,153,10,6,-20,2561,12,-89,2558
55322836,1681,508057083,55187121,6102,-1843,33,5856,292707400,2115,292707460,2115,154,9,39,12,2587,45,-58,2585
55331907,1680,508057111,55187108,6103,-1843,33,5856,292707450,2115,292707470,2115,154,9,44,-5,2507,50,-73,2504
55341842,1680,508057138,55187095,6103,-1842,32,5856,292707450,2115,292707480,2115,154,8,10,-26,2580,16,-96,2577
55351758,1679,508057166,55187082,6103,-1842,32,5856,292707450,2115,292707490,2115,154,7,-47,-43,2515,-41,-111,2511
55361778,1679,508057193,55187069,6103,-1842,32,5856,292707450,2115,292707500,2115,154,7,-14,68,2561,-9,-1,2560
55373137,1678,508057221,55187056,6103,-1841,31,5856,292707450,2115,292707510,2115,153,6,10,-18,2586,15,-88,2583
55381911,1678,508057248,55187042,6104,-1840,30,5856,292707500,2115,292707520,2115,153,6,50,-11,2596,54,-80,2593
55391823,1677,508057275,55187029,6104,-1840,30,5856,292707500,2115,292707530,2115,152,5,29,7,2566,33,-61,2563
55401787,1677,508057303,55187017,6105,-1839,29,5856,292707500,2115,292707540,2115,152,4,14,-14,2581,18,-82,2578
55411755,1676,508057330,55187004,6104,-1839,29,5856,292707500,2115,292707550,2115,151,4,-45,8,2555,-42,-60,2552
55423157,1676,508057358,55186991,6104,-1838,28,5856,292707500,2115,292707560,2115,151,3,-20,-3,2573,-17,-71,2570
55432850,1675,508057385,55186977,6105,-1838,27,5856,292707550,2115,292707570,2115,150,3,14,11,2585,17,-57,2582
55441861,1674,508057413,55186964,6105,-1837,27,5856,292707550,2115,292707580,2115,149,2,19,3,2582,22,-64,2580
55451764,1674,508057440,55186951,6105,-1837,26,5856,292707550,2115,292707590,2115,148,1,50,24,2543,53,-42,2541
55461779,1673,508057467,55186938,6106,-1837,26,5856,292707550,2115,292707600,2115,148,1,7,-18,2551,9,-85,2548
55472134,1673,508057495,55186926,6106,-1836,26,5856,292707550,2115,292707610,2115,147,0,2,12,2554,4,-54,2552
55481911,1672,508057522,55186912,6106,-1836,26,5856,292707600,2115,292707620,2115,146,0,-16,-16,2507,-14,-80,2504
55491822,1672,508057550,55186899,6106,-1836,25,5856,292707600,2115,292707630,2115,145,-1,-14,48,2599,-13,-18,2598
55501812,1671,508057577,55186886,6106,-1835,24,5856,292707600,2115,292707640,2115,144,-1,2,-38,2575,4,-103,2572
55511760,1671,508057605,55186873,6106,-1835,24,5856,292707600,2115,292707650,2115,143,-1,29,59,2593,30,-7,2592
55522011,1670,508057632,55186860,6107,-1834,23,5856,292707600,2115,292707660,2115,143,-2,50,-17,2536,51,-80,2533
55532227,1669,508057660,55186847,6107,-1834,23,5856,292707650,2115,292707670,2115,142,-2,16,-24,2584,17,-89,2580
55541849,1669,508057687,55186834,6107,-1833,23,5856,292707650,2115,292707680,2115,141,-2,-26,37,2516,-25,-26,2514
55551763,1668,508057715,55186821,6107,-1833,22,5856,292707650,2115,292707690,2115,141,-2,-44,6,2567,-43,-58,2564
55562317,1668,508057742,55186808,6107,-1833,22,5856,292707650,2115,292707700,2115,140,-2,8,0,2504,9,-61,2502
55572000,1667,508057769,55186795,6107,-1832,22,5856,292707650,2115,292707710,2115,140,-2,14,47,2503,14,-14,2502
55581903,1666,508057797,55186782,6108,-1832,22,5856,292707700,2115,292707720,2115,139,-2,44,-10,2526,45,-72,2524
55591828,1666,508057824,55186769,6108,-1831,22,5856,292707700,2115,292707730,2115,139,-2,40,-53,2514,41,-114,2510
55602163,1665,508057852,55186756,6108,-1831,22,5856,292707700,2115,292707740,2115,139,-2,6,20,2526,7,-42,2524
55611790,1664,508057879,55186743,6109,-1830,22,5856,292707700,2115,292707750,2115,138,-2,-17,-36,2496,-16,-97,2492
55622021,1664,508057907,55186731,6108,-1830,22,5856,292707700,2115,292707760,2115,138,-2,-38,20,2498,-37,-41,2496
55631896,1663,508057934,55186717,6108,-1829,21,5856,292707750,2115,292707770,2115,137,-2,-22,-30,2534,-20,-92,2531
55641826,1662,508057962,55186704,6109,-1829,21,5856,292707750,2115,292707780,2115,137,-1,23,40,2520,25,-21,2519
55651748,1662,508057989,55186691,6109,-1828,22,5856,292707750,2115,292707790,2115,136,-1,41,-66,2447,43,-125,2443
55661753,1661,508058017,55186679,6110,-1828,22,5856,292707750,2115,292707800,2115,136,-1,25,-41,2435,27,-99,2431
55673160,1661,508058044,55186666,6110,-1827,23,5856,292707750,2115,292707810,2115,136,0,-33,-11,2399,-31,-68,2396
55681893,1660,508058071,55186652,6110,-1826,23,5856,292707800,2115,292707820,2115,136,0,-34,-25,2481,-32,-84,2478
55691846,1659,508058099,55186639,6110,-1826,24,5856,292707800,2115,292707830,2115,136,1,-11,-19,2482,-9,-78,2479
55701777,1659,508058126,55186627,6110,-1825,24,5856,292707800,2115,292707840,2115,135,1,41,-52,2486,43,-111,2482
55711765,1658,508058154,55186614,6111,-1824,24,5856,292707800,2115,292707850,2115,135,1,35,-32,2424,38,-89,2421
55722045,1658,508058181,55186601,6111,-1824,25,5856,292707800,2115,292707860,2115,135,2,-2,14,2435,1,-44,2433
55731909,1657,508058209,55186588,6111,-1823,25,5856,292707850,2115,292707870,2115,135,2,-3,-64,2458,0,-122,2454
55742342,1657,508058236,55186575,6111,-1822,26,5856,292707850,2115,292707880,2115,135,3,-7,-44,2409,-4,-101,2405
55751758,1656,508058264,55186562,6111,-1822,27,5856,292707850,2115,292707890,2115,135,3,-46,37,2387,-43,-20,2385
55761789,1656,508058291,55186549,6111,-1821,27,5856,292707850,2115,292707900,2115,135,4,16,-30,2437,19,-87,2434
55772636,1655,508058319,55186536,6112,-1821,28,5856,292707850,2115,292707910,2115,135,4,10,12,2430,14,-45,2428
55782462,1655,508058346,55186523,6112,-1820,28,5856,292707900,2115,292707920,2115,135,5,39,-72,2451,44,-130,2447
55791831,1654,508058374,55186510,6113,-1820,29,5856,292707900,2115,292707930,2115,135,5,27,-49,2437,31,-106,2433
55801762,1653,508058401,55186497,6113,-1819,30,5856,292707900,2115,292707940,2115,135,5,-26,17,2405,-22,-40,2403
55811764,1653,508058429,55186485,6113,-1818,30,5856,292707900,2115,292707950,2115,135,6,-47,-40,2416,-42,-98,2412
55822003,1652,508058456,55186472,6113,-1818,31,5856,292707900,2115,292707960,2115,136,6,-24,-50,2427,-19,-108,2423
55831906,1652,508058484,55186458,6113,-1817,31,5856,292707950,2115,292707970,2115,136,7,16,-1,2470,21,-60,2467
55841827,1651,508058511,55186446,6113,-1817,32,5856,292707950,2115,292707980,2115,137,8,39,-42,2375,44,-99,2372
55851759,1651,508058538,55186433,6114,-1816,32,5856,292707950,2115,292707990,2115,137,8,22,-36,2453,28,-96,2450
55861764,1650,508058566,55186420,6114,-1815,33,5856,292707950,2115,292708000,2115,138,8,22,-61,2432,28,-120,2428
55872051,1649,508058593,55186407,6114,-1814,33,5856,292707950,2115,292708010,2115,138,9,-27,-91,2478,-21,-151,2474
55881906,1649,508058621,55186394,6114,-1813,34,5856,292708000,2115,292708020,2115,139,9,-63,-2,2435,-57,-62,2433
55891994,1648,508058648,55186381,6114,-1813,34,5856,292708000,2115,292708030,2115,139,9,14,-15,2484,20,-76,2481
55901760,1648,508058676,55186369,6115,-1812,35,5856,292708000,2115,292708040,2115,140,9,19,-23,2427,24,-82,2424
55911758,1647,508058703,55186356,6115,-1811,35,5856,292708000,2115,292708050,2115,140,9,52,-60,2473,58,-120,2469
55922357,1646,508058731,55186343,6116,-1810,36,5856,292708000,2115,292708060,2115,141,9,35,-96,2418,41,-155,2413
55931909,1646,508058758,55186330,6116,-1810,36,5856,292708050,2115,292708070,2115,141,9,-17,6,2439,-12,-54,2436
55941828,1645,508058786,55186317,6116,-1809,36,5856,292708050,2115,292708080,2115,142,9,-30,-21,2449,-24,-82,2446
55952633,1644,508058813,55186304,6116,-1808,36,5856,292708050,2115,292708090,2115,142,9,4,-49,2486,10,-111,2483
55961767,1644,508058841,55186292,6117,-1808,36,5856,292708050,2115,292708100,2115,142,8,3,-33,2535,9,-96,2532
55972014,1643,508058868,55186279,6117,-1807,36,5856,292708050,2115,292708110,2115,142,8,26,-47,2512,32,-110,2508
55982543,1642,508058896,55186266,6118,-1806,36,5856,292708100,2115,292708120,2115,143,8,30,-11,2519,35,-74,2516
55991830,1642,508058923,55186253,6118,-1805,36,5856,292708100,2115,292708130,2115,143,7,-2,-93,2485,3,-155,2480
56001784,1641,508058951,55186240,6118,-1804,36,5856,292708100,2115,292708140,2115,143,7,-25,-43,2514,-20,-107,2510
56011759,1640,508058978,55186228,6118,-1804,37,5856,292708100,2115,292708150,2115,143,6,-17,6,2462,-13,-56,2460
56022038,1639,508059006,55186215,6118,-1804,36,5856,292708100,2115,292708160,2115,143,6,9,9,2539,13,-54,2537
56031895,1639,508059033,55186202,6119,-1803,36,5856,292708150,2115,292708170,2115,143,5,14,-22,2493,18,-85,2490
56041846,1638,508059061,55186189,6119,-1802,36,5856,292708150,2115,292708180,2115,143,5,56,-70,2544,60,-133,2540
56051768,1637,508059088,55186176,6120,-1801,36,5856,292708150,2115,292708190,2115,143,5,25,-123,2517,30,-186,2511
56061776,1636,508059116,55186164,6120,-1801,36,5856,292708150,2115,292708200,2115,143,5,-29,76,2529,-25,12,2528
56073153,1635,508059143,55186151,6120,-1800,36,5856,292708150,2115,292708210,2115,142,4,-33,-37,2489,-29,-100,2485
56081911,1634,508059171,55186138,6120,-1799,35,5856,292708200,2115,292708220,2115,142,4,3,-75,2570,7,-139,2565
56091826,1633,508059198,55186125,6120,-1798,35,5857,292708200,2115,292708230,2115,141,4,-7,-24,2582,-3,-88,2578
56101755,1633,508059226,55186113,6121,-1798,34,5857,292708200,2115,292708240,2115,141,4,35,-24,2572,38,-87,2568
56111755,1632,508059253,55186100,6121,-1797,34,5857,292708200,2115,292708250,2115,141,3,18,-40,2491,21,-101,2487
56122429,1631,508059281,55186088,6122,-1796,34,5857,292708200,2115,292708260,2115,141,3,8,-69,2512,12,-131,2508
56131902,1630,508059308,55186074,6122,-1795,34,5857,292708250,2115,292708270,2115,141,3,-12,-53,2514,-8,-115,2510
56141825,1629,508059336,55186062,6122,-1794,34,5857,292708250,2115,292708280,2115,140,3,-6,-64,2497,-3,-125,2492
56151756,1628,508059363,55186049,6122,-1793,34,5857,292708250,2115,292708290,2115,139,2,-35,-16,2556,-32,-78,2553
56161752,1627,508059391,55186037,6122,-1793,33,5857,292708250,2115,292708300,2115,139,2,19,-29,2561,22,-92,2558
56172037,1626,508059418,55186024,6123,-1792,33,5857,292708250,2115,292708310,2115,139,3,65,-102,2555,68,-164,2550
56181897,1625,508059446,55186011,6124,-1791,32,5857,292708300,2115,292708320,2115,138,3,11,-75,2544,15,-137,2539
56191852,1624,508059473,55185998,6124,-1790,32,5857,292708300,2115,292708330,2115,138,3,-13,-21,2557,-10,-83,2553
56201769,1623,508059501,55185986,6124,-1789,32,5857,292708300,2115,292708340,2115,137,3,-45,-123,2541,-41,-184,2536
56211757,1622,508059528,55185973,6124,-1788,31,5857,292708300,2115,292708350,2115,137,3,-39,-51,2600,-36,-114,2596
56223153,1621,508059556,55185961,6124,-1787,31,5857,292708300,2115,292708360,2115,136,4,-15,-41,2524,-11,-102,2520
56231893,1620,508059583,55185947,6124,-1786,31,5857,292708350,2115,292708370,2115,135,4,24,-56,2521,28,-116,2518
56241833,1619,508059611,55185935,6125,-1785,31,5857,292708350,2115,292708380,2115,134,5,19,-105,2475,23,-164,2470
56251772,1618,508059639,55185922,6125,-1784,31,5857,292708350,2115,292708390,2115,134,5,10,-28,2504,14,-87,2501
56261756,1617,508059666,55185910,6125,-1783,31,5857,292708350,2115,292708400,2115,133,6,-21,-61,2453,-17,-118,2449
56272013,1616,508059694,55185897,6125,-1783,31,5857,292708350,2115,292708410,2115,132,6,-43,-37,2511,-38,-96,2508
56281917,1615,508059721,55185884,6126,-1782,32,5857,292708400,2115,292708420,2115,131,7,-1,-65,2546,4,-124,2542
56291874,1614,508059749,55185872,6126,-1781,32,5857,292708400,2115,292708430,2115,130,8,21,-63,2480,26,-119,2476
56301773,1614,508059776,55185859,6127,-1780,32,5857,292708400,2115,292708440,2115,129,8,24,-50,2516,30,-107,2513
56311765,1613,508059804,55185847,6127,-1779,32,5857,292708400,2115,292708450,2115,128,9,24,-138,2509,31,-194,2503
56322036,1612,508059831,55185834,6127,-1778,32,5857,292708400,2115,292708460,2115,127,9,-8,-10,2511,-2,-66,2508
56331899,1611,508059859,55185821,6127,-1777,32,5857,292708450,2115,292708470,2115,126,10,-40,-88,2433,-33,-142,2429
56341862,1610,508059886,55185809,6127,-1776,32,5857,292708450,2115,292708480,2115,125,10,-33,-50,2466,-26,-105,2462
56351751,1609,508059914,55185796,6128,-1775,33,5857,292708450,2115,292708490,2115,124,11,24,-82,2415,31,-135,2411
56361779,1608,508059941,55185784,6128,-1775,33,5857,292708450,2115,292708500,2115,123,12,25,-50,2492,32,-104,2488
56372604,1607,508059969,55185771,6129,-1773,33,5857,292708450,2115,292708510,2115,123,12,26,-128,2465,34,-181,2460
56381898,1605,508059996,55185758,6129,-1773,33,5857,292708500,2115,292708520,2115,122,13,33,-38,2528,41,-92,2525
56391786,1604,508060024,55185746,6130,-1772,33,5857,292708500,2115,292708530,2115,122,13,-21,-100,2484,-12,-153,2480
56401760,1603,508060052,55185733,6130,-1771,33,5857,292708500,2115,292708540,2115,121,13,-14,-64,2479,-6,-117,2475
56411793,1602,508060079,55185721,6130,-1770,34,5857,292708500,2115,292708550,2115,121,14,-38,-110,2420,-29,-161,2416
56422023,1601,508060107,55185708,6130,-1769,34,5857,292708500,2115,292708560,2115,120,14,10,-54,2463,19,-106,2460
56431917,1600,508060134,55185695,6131,-1768,35,5857,292708550,2115,292708570,2115,120,14,24,-113,2408,32,-164,2404
56441766,1599,508060162,55185683,6132,-1767,35,5857,292708550,2115,292708580,2115,120,15,42,-99,2484,51,-151,2480
56451756,1598,508060189,55185670,6132,-1766,36,5857,292708550,2115,292708590,2115,120,14,15,-54,2435,24,-106,2431
56461752,1597,508060217,55185658,6133,-1765,36,5857,292708550,2115,292708600,2115,120,14,-20,-130,2425,-12,-181,2420
56472042,1596,508060245,55185646,6133,-1764,36,5857,292708550,2115,292708610,2115,120,14,-44,-86,2477,-36,-138,2473
56481906,1596,508060272,55185632,6132,-1763,36,5857,292708600,2115,292708620,2115,120,14,-14,-55,2482,-6,-108,2478
56491761,1595,508060300,55185620,6133,-1762,36,5857,292708600,2115,292708630,2115,120,14,22,-89,2474,30,-141,2469
56501789,1594,508060327,55185608,6134,-1761,37,5857,292708600,2115,292708640,2115,120,14,54,-115,2462,63,-166,2457
56511753,1593,508060355,55185595,6134,-1760,37,5857,292708600,2115,292708650,2115,121,13,25,-58,2500,33,-111,2496
56522451,1592,508060382,55185583,6135,-1759,37,5857,292708600,2115,292708660,2115,121,13,-7,-101,2494,1,-154,2489
56531905,1591,508060410,55185570,6135,-1759,37,5857,292708650,2115,292708670,2115,121,12,-42,-33,2486,-34,-86,2483
56541824,1590,508060437,55185557,6135,-1757,37,5857,292708650,2115,292708680,2115,122,12,-18,-124,2438,-10,-176,2433
56551746,1589,508060465,55185545,6135,-1756,37,5857,292708650,2115,292708690,2115,122,12,-3,-47,2473,4,-100,2469
56561873,1588,508060493,55185533,6136,-1756,37,5857,292708650,2115,292708700,2115,122,11,19,-62,2518,26,-116,2515
56573199,1587,508060520,55185520,6137,-1754,37,5857,292708650,2115,292708710,2115,123,10,69,-148,2496,76,-202,2490
56581845,1586,508060548,55185507,6137,-1753,37,5857,292708700,2115,292708720,2115,123,10,-7,-90,2510,0,-144,2505
56591754,1586,508060575,55185495,6137,-1752,37,5857,292708700,2115,292708730,2115,124,9,-32,-65,2548,-26,-121,2544
56601757,1585,508060603,55185483,6137,-1751,37,5857,292708700,2115,292708740,2115,124,9,-26,-82,2526,-20,-137,2522
56611759,1584,508060630,55185470,6137,-1750,37,5857,292708700,2115,292708750,2115,124,8,-25,-89,2541,-19,-144,2537
56622075,1583,508060658,55185458,6138,-1749,36,5857,292708700,2115,292708760,2115,125,8,22,-94,2522,28,-149,2518
56631902,1582,508060685,55185445,6138,-1748,37,5857,292708750,2115,292708770,2115,125,8,44,-124,2447,50,-178,2442
56641817,1582,508060713,55185433,6139,-1747,37,5857,292708750,2115,292708780,2115,125,8,-14,-24,2506,-9,-80,2504
56652203,1581,508060741,55185420,6139,-1746,36,5857,292708750,2115,292708790,2115,125,7,-17,-91,2538,-12,-146,2533
56661779,1580,508060768,55185408,6139,-1745,36,5857,292708750,2115,292708800,2115,125,7,-2,-83,2561,4,-140,2557
56672044,1580,508060796,55185396,6139,-1744,35,5857,292708750,2115,292708810,2115,125,7,-11,-115,2598,-5,-172,2593
56682453,1579,508060823,55185383,6139,-1743,35,5857,292708800,2115,292708820,2115,126,7,-19,-10,2541,-14,-66,2538
56691756,1578,508060851,55185371,6140,-1742,34,5857,292708800,2115,292708830,2115,126,6,8,-52,2574,13,-109,2570
56701761,1578,508060879,55185359,6140,-1741,34,5857,292708800,2115,292708840,2115,126,6,29,-116,2579,34,-173,2574
56711758,1577,508060906,55185346,6141,-1741,34,5857,292708800,2115,292708850,2115,126,5,42,-16,2525,47,-72,2522
56722081,1576,508060934,55185334,6141,-1740,34,5857,292708800,2115,292708860,2115,126,5,5,-97,2502,10,-153,2497
56731886,1575,508060961,55185322,6141,-1739,34,5857,292708850,2115,292708870,2115,126,5,-39,-4,2423,-35,-58,2420
56742298,1575,508060989,55185309,6141,-1738,34,5857,292708850,2115,292708880,2115,126,4,-51,-23,2502,-47,-79,2499
56751768,1574,508061017,55185297,6141,-1737,34,5857,292708850,2115,292708890,2115,126,4,-2,-92,2598,2,-149,2593
56761766,1573,508061044,55185285,6142,-1736,33,5857,292708850,2115,292708900,2115,126,4,107,-68,2653,111,-126,2649
56772186,1573,508061072,55185273,6143,-1736,32,5857,292708850,2115,292708910,2115,126,3,45,-53,2575,48,-109,2572
56781900,1572,508061099,55185260,6143,-1735,31,5857,292708900,2115,292708920,2115,126,3,-37,-43,2661,-34,-102,2658
56791828,1571,508061127,55185248,6143,-1734,30,5857,292708900,2115,292708930,2115,126,2,-69,-53,2628,-66,-111,2625
56802411,1570,508061155,55185236,6143,-1733,29,5857,292708900,2115,292708940,2115,126,2,-42,-11,2621,-39,-70,2618
56811751,1570,508061182,55185224,6143,-1732,29,5857,292708900,2115,292708950,2115,126,2,-10,-77,2533,-7,-133,2529
56822059,1569,508061210,55185211,6143,-1731,28,5857,292708900,2115,292708960,2115,127,2,55,-93,2546,58,-149,2542
56832154,1568,508061237,55185199,6144,-1731,28,5857,292708950,2115,292708970,2115,127,1,54,-83,2497,56,-138,2493
56841854,1567,508061265,55185186,6145,-1730,27,5857,292708950,2115,292708980,2115,127,1,14,-50,2619,17,-109,2615
56851759,1566,508061293,55185174,6145,-1729,27,5857,292708950,2115,292708990,2115,128,1,10,-50,2500,12,-106,2497
56861760,1565,508061320,55185162,6145,-1728,27,5857,292708950,2115,292709000,2115,128,1,-66,-74,2521,-64,-131,2517
56872013,1565,508061348,55185150,6145,-1727,27,5857,292708950,2115,292709010,2115,128,1,-47,-53,2573,-45,-112,2569
56881907,1564,508061376,55185137,6145,-1726,26,5857,292709000,2115,292709020,2115,128,1,9,-41,2613,12,-100,2610
56891831,1563,508061403,55185125,6146,-1725,25,5857,292709000,2115,292709030,2115,129,1,56,-105,2647,59,-164,2642
56901764,1562,508061431,55185113,6146,-1724,24,5857,292709000,2115,292709040,2115,130,1,24,-72,2567,27,-130,2563
56911755,1561,508061459,55185101,6147,-1723,24,5857,292709000,2115,292709050,2115,130,2,11,-85,2572,15,-144,2568
56922048,1561,508061486,55185089,6146,-1722,24,5857,292709000,2115,292709060,2115,131,2,-72,-103,2527,-69,-161,2522
56931904,1560,508061514,55185076,6146,-1721,24,5857,292709050,2115,292709070,2115,131,3,-60,-53,2500,-57,-111,2497
56941836,1559,508061541,55185064,6146,-1720,24,5857,292709050,2115,292709080,2115,131,4,8,-37,2437,12,-93,2434
56951900,1558,508061569,55185052,6147,-1719,24,5857,292709050,2115,292709090,2115,131,4,47,-81,2474,52,-138,2470
56961784,1557,508061597,55185040,6148,-1718,25,5857,292709050,2115,292709100,2115,131,5,53,-87,2447,57,-144,2442
56972012,1557,508061624,55185028,6148,-1718,24,5857,292709050,2115,292709110,2115,131,5,8,39,2554,12,-20,2552
56982676,1556,508061652,55185015,6148,-1717,25,5857,292709100,2115,292709120,2115,131,6,-1,-118,2453,4,-175,2448
56991835,1555,508061680,55185003,6148,-1716,25,5857,292709100,2115,292709130,2115,131,6,-53,-41,2498,-48,-99,2494
57001779,1554,508061707,55184991,6148,-1716,26,5857,292709100,2115,292709140,2115,131,7,-19,-24,2415,-14,-79,2412
57012193,1553,508061735,55184979,6149,-1715,26,5857,292709100,2115,292709150,2115,131,8,34,-75,2442,39,-131,2437
57021928,1552,508061762,55184967,6149,-1714,27,5857,292709100,2115,292709160,2115,131,8,31,-47,2429,36,-102,2425
57031908,1551,508061790,55184954,6150,-1713,27,5857,292709150,2115,292709170,2115,132,9,20,-104,2440,26,-160,2435
57041796,1550,508061818,55184942,6150,-1712,28,5857,292709150,2115,292709180,2115,132,10,5,-82,2445,12,-138,2441
57051896,1549,508061845,55184930,6150,-1711,28,5857,292709150,2115,292709190,2115,131,10,-48,12,2424,-42,-45,2421
57061768,1548,508061873,55184918,6150,-1710,28,5857,292709150,2115,292709200,2115,131,11,-15,-60,2479,-8,-117,2476
57072956,1547,508061901,55184906,6151,-1709,29,5857,292709150,2115,292709210,2115,131,12,8,-127,2411,16,-183,2405
57081932,1546,508061928,55184893,6151,-1708,30,5857,292709200,2115,292709220,2115,130,12,12,-30,2414,19,-85,2411
57091809,1546,508061956,55184881,6151,-1708,31,5857,292709200,2115,292709230,2115,130,13,17,-33,2376,25,-87,2373
57102087,1545,508061984,55184869,6152,-1707,31,5857,292709200,2115,292709240,2115,129,14,13,-52,2442,21,-107,2438
57111753,1544,508062011,55184857,6152,-1706,33,5858,292709200,2115,292709250,2115,129,15,1,-151,2349,10,-204,2343
57123133,1543,508062039,55184845,6152,-1705,33,5858,292709200,2115,292709260,2115,128,16,-20,-15,2407,-11,-70,2404
57132602,1542,508062066,55184833,6152,-1705,34,5858,292709250,2115,292709270,2115,127,16,-4,-14,2368,5,-67,2365
57141777,1541,508062094,55184821,6153,-1704,35,5858,292709250,2115,292709280,2115,127,17,24,-104,2371,33,-157,2366
57151978,1540,508062122,55184809,6154,-1703,36,5858,292709250,2115,292709290,2115,126,17,39,-71,2380,48,-124,2376
57161757,1539,508062149,55184797,6154,-1702,37,5858,292709250,2115,292709300,2115,126,17,34,-53,2394,43,-106,2390
57172511,1538,508062177,55184785,6154,-1701,39,5858,292709250,2115,292709310,2115,125,17,-20,-73,2321,-11,-124,2317
57181824,1537,508062205,55184772,6154,-1700,40,5858,292709300,2115,292709320,2115,124,18,-31,-47,2378,-22,-99,2374
57192756,1536,508062232,55184760,6155,-1700,40,5858,292709300,2115,292709330,2115,123,18,0,-51,2415,9,-103,2412
57201769,1535,508062260,55184748,6155,-1699,41,5858,292709300,2115,292709340,2115,122,17,35,-40,2413,44,-92,2410
57211759,1534,508062288,55184736,6156,-1698,42,5858,292709300,2115,292709350,2115,121,17,36,-41,2449,46,-93,2446
57223014,1533,508062315,55184724,6156,-1697,42,5858,292709300,2115,292709360,2115,121,17,36,-144,2435,46,-196,2429
57231916,1532,508062343,55184712,6157,-1697,42,5858,292709350,2115,292709370,2115,120,16,-8,1,2452,1,-51,2450
57241819,1531,508062371,55184700,6157,-1696,43,5858,292709350,2115,292709380,2115,120,16,-47,-86,2378,-38,-136,2374
57251776,1530,508062399,55184688,6157,-1695,43,5858,292709350,2115,292709390,2115,120,16,-8,-86,2506,1,-139,2502
57261764,1529,508062426,55184676,6157,-1694,44,5858,292709350,2115,292709400,2115,120,15,1,-67,2446,9,-119,2443
57271890,1528,508062454,55184664,6158,-1693,43,5858,292709350,2115,292709410,2115,120,14,30,-87,2577,39,-141,2573
57282819,1527,508062482,55184652,6158,-1692,44,5858,292709400,2115,292709420,2115,120,13,43,-72,2471,51,-124,2467
57291840,1526,508062509,55184640,6159,-1691,43,5858,292709400,2115,292709430,2115,120,12,28,-50,2531,35,-104,2527
57301763,1525,508062537,55184628,6159,-1690,43,5858,292709400,2115,292709440,2115,121,11,-8,-157,2507,0,-210,2501
57312130,1524,508062565,55184616,6159,-1689,43,5858,292709400,2115,292709450,2115,122,10,-33,-57,2516,-27,-111,2512
57321784,1523,508062592,55184604,6159,-1688,43,5858,292709400,2115,292709460,2115,122,9,-16,-75,2483,-10,-128,2479
57331894,1523,508062620,55184592,6160,-1687,43,5858,292709450,2115,292709470,2115,122,8,3,-72,2559,9,-127,2555
57342070,1522,508062648,55184580,6160,-1686,42,5858,292709450,2115,292709480,2115,123,7,33,-94,2574,39,-149,2569
57351753,1521,508062675,55184568,6161,-1685,42,5858,292709450,2115,292709490,2115,124,6,55,-129,2582,60,-185,2576
57361777,1520,508062703,55184556,6161,-1684,41,5858,292709450,2115,292709500,2115,125,4,-18,-48,2575,-14,-105,2571
57372420,1520,508062731,55184545,6162,-1682,41,5858,292709450,2115,292709510,2115,125,3,-16,-157,2559,-12,-213,2553
57381902,1519,508062758,55184532,6162,-1681,40,5858,292709500,2115,292709520,2115,126,2,-36,-88,2605,-33,-146,2601
57391856,1519,508062786,55184520,6162,-1680,39,5858,292709500,2115,292709530,2115,127,1,-12,-68,2599,-9,-126,2595
57401969,1518,508062814,55184508,6162,-1679,38,5858,292709500,2115,292709540,2115,127,1,25,-47,2633,27,-106,2629
57411773,1517,508062841,55184497,6163,-1678,37,5858,292709500,2115,292709550,2115,127,0,27,-67,2625,30,-125,2621
57421777,1517,508062869,55184485,6163,-1678,36,5858,292709500,2115,292709560,2115,128,-1,-3,-49,2666,-1,-109,2662
57432875,1516,508062897,55184472,6163,-1676,35,5858,292709550,2115,292709570,2115,128,-2,-3,-102,2654,-2,-162,2649
57441831,1516,508062925,55184461,6163,-1676,34,5858,292709550,2115,292709580,2115,128,-2,-14,-8,2625,-13,-68,2622
57452388,1515,508062952,55184449,6163,-1675,33,5858,292709550,2115,292709590,2115,129,-3,-25,-92,2578,-23,-150,2574
57461768,1515,508062980,55184437,6163,-1674,33,5858,292709550,2115,292709600,2115,129,-3,-38,-19,2546,-38,-77,2543
57471798,1515,508063008,55184425,6164,-1673,32,5858,292709550,2115,292709610,2115,128,-3,7,-25,2599,8,-84,2595
57481893,1514,508063035,55184413,6164,-1673,31,5858,292709600,2115,292709620,2115,129,-3,43,-56,2626,44,-115,2623
57491834,1514,508063063,55184401,6165,-1672,31,5858,292709600,2115,292709630,2115,129,-3,32,-53,2576,33,-111,2572
57501753,1513,508063091,55184389,6165,-1671,30,5858,292709600,2115,292709640,2115,129,-2,-2,-60,2629,-1,-119,2625
57511755,1513,508063118,55184378,6165,-1670,29,5858,292709600,2115,292709650,2115,129,-2,-47,8,2568,-46,-51,2565
57521782,1512,508063146,55184366,6165,-1670,28,5858,292709600,2115,292709660,2115,129,-1,-24,-28,2620,-22,-87,2617
57531932,1512,508063174,55184354,6165,-1669,28,5858,292709650,2115,292709670,2115,129,-1,4,-28,2539,6,-86,2535
57541825,1511,508063202,55184342,6165,-1668,28,5858,292709650,2115,292709680,2115,129,0,32,-36,2552,34,-94,2548
57551755,1511,508063229,55184330,6165,-1668,27,5858,292709650,2115,292709690,2115,129,1,10,39,2541,12,-19,2540
57561761,1510,508063257,55184319,6166,-1667,27,5858,292709650,2115,292709700,2115,130,2,24,-77,2582,28,-136,2577
57572199,1510,508063285,55184307,6166,-1667,27,5858,292709650,2115,292709710,2115,130,2,-13,-32,2511,-10,-90,2508
57581908,1509,508063313,55184294,6166,-1666,27,5858,292709700,2115,292709720,2115,131,3,-25,-5,2480,-21,-62,2477
57591824,1509,508063340,55184282,6166,-1666,27,5858,292709700,2115,292709730,2115,131,4,-7,36,2478,-3,-21,2476
57601767,1508,508063368,55184270,6166,-1665,27,5858,292709700,2115,292709740,2115,132,5,36,-57,2524,40,-115,2520
57611779,1508,508063396,55184259,6167,-1665,27,5858,292709700,2115,292709750,2115,132,6,42,-38,2544,47,-97,2541
57622730,1507,508063423,55184247,6167,-1664,27,5858,292709700,2115,292709760,2115,133,6,37,-2,2480,41,-60,2478
57631883,1507,508063451,55184234,6168,-1664,27,5858,292709750,2115,292709770,2115,133,7,-5,-11,2479,0,-69,2477
57641830,1506,508063479,55184223,6167,-1663,27,5858,292709750,2115,292709780,2115,134,8,-37,-13,2458,-32,-71,2455
57651758,1506,508063507,55184211,6167,-1663,28,5858,292709750,2115,292709790,2115,135,8,-29,-6,2485,-23,-65,2482
57661761,1505,508063534,55184199,6168,-1662,28,5858,292709750,2115,292709800,2115,135,9,30,-45,2465,36,-104,2462
57671870,1505,508063562,55184188,6168,-1661,28,5858,292709750,2115,292709810,2115,136,9,36,-23,2438,43,-81,2435
57681912,1504,508063590,55184175,6169,-1661,29,5858,292709800,2115,292709820,2115,136,10,9,-4,2479,15,-64,2476
57691831,1504,508063618,55184163,6169,-1660,28,5858,292709800,2115,292709830,2115,137,10,14,-46,2541,21,-107,2538
57701753,1504,508063645,55184152,6169,-1660,29,5858,292709800,2115,292709840,2115,137,11,-17,-21,2448,-10,-80,2445
57711763,1503,508063673,55184140,6169,-1659,29,5858,292709800,2115,292709850,2115,137,11,-22,-16,2505,-15,-77,2502
57721756,1503,508063701,55184128,6169,-1659,29,5858,292709800,2115,292709860,2115,138,11,3,16,2446,9,-44,2444
57731915,1502,508063729,55184116,6170,-1658,30,5858,292709850,2115,292709870,2115,138,12,10,-38,2427,17,-97,2424
57741875,1502,508063756,55184104,6170,-1657,30,5858,292709850,2115,292709880,2115,138,12,18,-35,2441,25,-94,2438
57751759,1502,508063784,55184092,6170,-1657,30,5858,292709850,2115,292709890,2115,138,12,37,-1,2502,44,-61,2500
57762169,1501,508063812,55184081,6171,-1656,31,5858,292709850,2115,292709900,2115,138,12,7,-15,2452,14,-74,2449
57771773,1501,508063840,55184069,6171,-1656,31,5858,292709850,2115,292709910,2115,137,12,-30,2,2443,-23,-57,2441
57781921,1500,508063867,55184057,6171,-1656,31,5858,292709900,2115,292709920,2115,137,12,-15,33,2490,-8,-27,2489
57792428,1500,508063895,55184045,6171,-1655,32,5858,292709900,2115,292709930,2115,137,13,-3,-24,2465,4,-83,2462
57801765,1500,508063923,55184033,6171,-1655,32,5858,292709900,2115,292709940,2115,137,13,36,11,2458,43,-48,2455
57811775,1499,508063951,55184022,6172,-1655,32,5858,292709900,2115,292709950,2115,138,13,50,3,2430,57,-56,2428
57821776,1499,508063978,55184010,6172,-1654,33,5858,292709900,2115,292709960,2115,138,12,0,-26,2478,8,-86,2475
57831918,1498,508064006,55183998,6172,-1654,33,5858,292709950,2115,292709970,2115,138,12,-21,44,2422,-15,-15,2420
57841830,1498,508064034,55183986,6172,-1653,33,5858,292709950,2115,292709980,2115,138,12,-14,13,2521,-7,-48,2518
57851748,1498,508064062,55183974,6172,-1653,34,5858,292709950,2115,292709990,2115,137,12,5,-12,2446,13,-71,2443
57861762,1497,508064089,55183963,6172,-1653,34,5858,292709950,2115,292710000,2115,137,12,12,50,2462,19,-10,2461
57871756,1497,508064117,55183951,6173,-1653,34,5858,292709950,2115,292710010,2115,137,11,23,12,2465,30,-48,2463
57881892,1496,508064145,55183939,6173,-1652,34,5858,292710000,2115,292710020,2115,137,11,17,-10,2483,24,-70,2480
57891833,1496,508064173,55183927,6173,-1651,35,5858,292710000,2115,292710030,2115,138,11,-35,-16,2469,-28,-76,2466
57901757,1496,508064201,55183915,6173,-1651,35,5858,292710000,2115,292710040,2115,138,11,-13,26,2435,-6,-33,2434
57911752,1495,508064228,55183904,6173,-1651,35,5858,292710000,2115,292710050,2115,137,11,-3,49,2472,3,-11,2471
57922002,1495,508064256,55183892,6173,-1651,36,5858,292710000,2115,292710060,2115,137,11,17,-21,2454,23,-80,2451
57931888,1494,508064284,55183880,6174,-1650,36,5858,292710050,2115,292710070,2115,137,10,15,-9,2469,22,-69,2466
57941861,1494,508064312,55183868,6174,-1650,36,5858,292710050,2115,292710080,2115,137,10,16,15,2471,23,-45,2469
57951754,1493,508064339,55183857,6174,-1649,36,5858,292710050,2115,292710090,2115,137,10,-5,5,2500,1,-55,2497
57961786,1493,508064367,55183845,6174,-1649,37,5858,292710050,2115,292710100,2115,137,10,0,6,2475,6,-53,2472
57972949,1492,508064395,55183833,6174,-1649,37,5858,292710050,2115,292710110,2115,136,10,-11,14,2493,-5,-46,2491
57981896,1492,508064423,55183821,6174,-1648,37,5858,292710100,2115,292710120,2115,136,9,-18,8,2423,-12,-50,2421
57991828,1491,508064450,55183810,6175,-1648,37,5858,292710100,2115,292710130,2115,136,9,15,4,2511,21,-56,2509
58001743,1491,508064478,55183798,6175,-1647,37,5858,292710100,2115,292710140,2115,136,9,41,-75,2462,47,-134,2458
58011760,1490,508064506,55183786,6175,-1647,37,5858,292710100,2115,292710150,2115,135,9,7,43,2513,13,-17,2512
58021766,1490,508064534,55183775,6175,-1646,38,5858,292710100,2115,292710160,2115,135,9,-20,-1,2483,-15,-60,2481
58031890,1489,508064561,55183762,6175,-1646,37,5858,292710150,2115,292710170,2115,135,8,-5,-19,2550,1,-80,2547
58041841,1489,508064589,55183751,6175,-1645,37,5858,292710150,2115,292710180,2115,134,8,-31,-16,2504,-25,-75,2501
58051770,1489,508064617,55183739,6176,-1645,37,5858,292710150,2115,292710190,2115,134,8,5,14,2545,10,-46,2543
58061755,1488,508064645,55183728,6176,-1644,37,5858,292710150,2115,292710200,2115,133,8,8,1,2490,14,-58,2487
58071785,1488,508064673,55183716,6176,-1644,37,5858,292710150,2115,292710210,2115,133,7,36,-12,2522,42,-71,2519
58081900,1487,508064700,55183704,6176,-1643,37,5858,292710200,2115,292710220,2115,133,7,8,-27,2519,13,-86,2515
58091838,1487,508064728,55183692,6177,-1643,36,5858,292710200,2115,292710230,2115,133,7,-3,45,2528,2,-14,2527
58101794,1486,508064756,55183681,6176,-1643,37,5858,292710200,2115,292710240,2115,133,6,-20,22,2501,-16,-36,2499
58111759,1486,508064784,55183669,6177,-1642,36,5858,292710200,2115,292710250,2115,132,6,-5,-50,2563,-1,-110,2559
58121786,1485,508064811,55183658,6177,-1642,36,5858,292710200,2115,292710260,2115,132,6,-6,16,2565,-2,-43,2562
58131884,1485,508064839,55183645,6177,-1641,35,5858,292710250,2115,292710270,2115,132,5,42,-22,2565,46,-81,2562
58141818,1484,508064867,55183634,6177,-1641,35,5859,292710250,2115,292710280,2115,131,5,0,27,2556,4,-32,2554
58152720,1484,508064895,55183622,6178,-1640,34,5859,292710250,2115,292710290,2115,131,5,6,-55,2579,11,-115,2575
58161781,1483,508064922,55183611,6178,-1640,33,5859,292710250,2115,292710300,2115,131,4,-15,17,2592,-11,-43,2590
58171817,1483,508064950,55183599,6178,-1639,33,5859,292710250,2115,292710310,2115,131,4,-48,-13,2541,-45,-72,2538
58181901,1482,508064978,55183587,6178,-1639,33,5859,292710300,2115,292710320,2115,132,3,8,-27,2570,12,-87,2566
58191817,1482,508065006,55183576,6178,-1638,32,5859,292710300,2115,292710330,2115,132,3,35,-10,2550,39,-69,2547
58201748,1481,508065034,55183564,6179,-1638,32,5859,292710300,2115,292710340,2115,132,3,20,-1,2549,23,-60,2546
58211774,1481,508065061,55183553,6179,-1637,31,5859,292710300,2115,292710350,2115,133,2,-1,-41,2549,2,-101,2546
58222026,1480,508065089,55183541,6179,-1637,31,5859,292710300,2115,292710360,2115,133,2,-11,-11,2577,-8,-71,2574
58231889,1480,508065117,55183529,6179,-1636,31,5859,292710350,2115,292710370,2115,134,2,-41,-25,2547,-38,-86,2544
58241831,1479,508065145,55183518,6179,-1635,30,5859,292710350,2115,292710380,2115,135,2,-7,-23,2585,-4,-84,2582
58251783,1479,508065172,55183506,6179,-1635,29,5859,292710350,2115,292710390,2115,135,2,1,-8,2567,3,-69,2564
58261766,1478,508065200,55183495,6179,-1634,29,5859,292710350,2115,292710400,2115,136,2,35,-29,2582,38,-90,2578
58271761,1478,508065228,55183483,6180,-1633,29,5859,292710350,2115,292710410,2115,137,3,-16,-35,2539,-13,-96,2536
58281884,1477,508065256,55183471,6180,-1632,28,5859,292710400,2115,292710420,2115,138,3,-10,-59,2597,-6,-122,2593
58291811,1477,508065284,55183459,6180,-1632,28,5859,292710400,2115,292710430,2115,139,3,-41,8,2520,-38,-54,2518
58301781,1476,508065311,55183448,6180,-1631,28,5859,292710400,2115,292710440,2115,139,4,-16,-51,2487,-12,-112,2483
58311750,1476,508065339,55183437,6180,-1631,27,5859,292710400,2115,292710450,2115,140,4,10,-6,2543,14,-68,2540
58321896,1475,508065367,55183425,6180,-1630,28,5859,292710400,2115,292710460,2115,140,4,21,-16,2491,25,-77,2488
58331941,1475,508065395,55183413,6181,-1629,27,5859,292710450,2115,292710470,2115,141,5,21,-21,2525,25,-84,2522
58341834,1474,508065422,55183402,6181,-1629,28,5859,292710450,2115,292710480,2115,141,5,5,-67,2485,9,-128,2481
58351753,1474,508065450,55183390,6181,-1628,28,5859,292710450,2115,292710490,2115,141,6,-24,5,2480,-19,-57,2478
58361766,1473,508065478,55183379,6181,-1627,28,5859,292710450,2115,292710500,2115,141,7,-37,-25,2449,-32,-86,2446
58372603,1473,508065506,55183367,6181,-1627,28,5859,292710450,2115,292710510,2115,141,7,-6,-2,2520,-1,-64,2518
58381896,1472,508065534,55183355,6181,-1627,28,5859,292710500,2115,292710520,2115,141,8,11,7,2475,17,-54,2473
58391817,1472,508065561,55183344,6182,-1626,28,5859,292710500,2115,292710530,2115,140,9,44,-38,2518,50,-100,2514
58401778,1471,508065589,55183332,6182,-1625,29,5859,292710500,2115,292710540,2115,140,9,15,-17,2445,21,-77,2442
58411797,1471,508065617,55183321,6182,-1625,29,5859,292710500,2115,292710550,2115,140,10,-21,0,2448,-15,-60,2445
58421798,1470,508065645,55183310,6182,-1624,30,5859,292710500,2115,292710560,2115,140,11,-51,15,2417,-45,-44,2415
58432649,1469,508065673,55183297,6182,-1624,30,5859,292710550,2115,292710570,2115,139,11,-14,-26,2429,-7,-86,2426
58441822,1469,508065700,55183286,6182,-1623,31,5859,292710550,2115,292710580,2115,138,12,19,-24,2437,26,-83,2434
58451765,1468,508065728,55183275,6183,-1623,31,5859,292710550,2115,292710590,2115,137,12,30,23,2449,37,-37,2447
58462652,1467,508065756,55183263,6183,-1623,32,5859,292710550,2115,292710600,2115,137,12,26,17,2442,33,-42,2440
58471766,1467,508065784,55183252,6183,-1622,32,5859,292710550,2115,292710610,2115,136,13,12,-88,2483,19,-148,2478
58481898,1466,508065812,55183240,6184,-1621,32,5859,292710600,2115,292710620,2115,136,13,-7,20,2469,0,-39,2467
58491948,1465,508065839,55183228,6184,-1621,33,5859,292710600,2115,292710630,2115,135,13,-23,17,2345,-16,-39,2343
58501764,1465,508065867,55183217,6183,-1621,34,5859,292710600,2115,292710640,2115,134,13,-27,-3,2375,-19,-60,2373
58511744,1464,508065895,55183206,6184,-1620,35,5859,292710600,2115,292710650,2115,134,13,2,-50,2443,10,-108,2439
58522226,1464,508065923,55183194,6184,-1619,35,5859,292710600,2115,292710660,2115,133,13,58,-16,2516,65,-75,2513
58531899,1463,508065951,55183182,6185,-1619,35,5859,292710650,2115,292710670,2115,133,13,25,11,2471,33,-46,2468
58541825,1462,508065978,55183171,6185,-1619,35,5859,292710650,2115,292710680,2115,132,13,-9,11,2511,-1,-48,2509
58552337,1462,508066006,55183160,6185,-1618,35,5859,292710650,2115,292710690,2115,132,13,-18,-53,2434,-10,-109,2430
58561756,1461,508066034,55183148,6185,-1617,36,5859,292710650,2115,292710700,2115,132,13,-41,-2,2454,-33,-59,2451
58571831,1460,508066062,55183137,6185,-1617,36,5859,292710650,2115,292710710,2115,132,12,6,-10,2507,13,-68,2504
58582525,1460,508066090,55183125,6185,-1617,36,5859,292710700,2115,292710720,2115,132,12,29,11,2469,36,-46,2466
58591824,1459,508066117,55183113,6186,-1616,36,5859,292710700,2115,292710730,2115,132,11,36,-3,2478,43,-60,2475
58601748,1458,508066145,55183102,6186,-1615,36,5859,292710700,2115,292710740,2115,132,11,21,-94,2508,28,-152,2503
58611767,1458,508066173,55183091,6186,-1615,36,5859,292710700,2115,292710750,2115,132,10,-18,16,2509,-12,-42,2507
58621985,1457,508066201,55183079,6186,-1614,36,5859,292710750,2115,292710760,2115,132,9,-15,-9,2504,-10,-68,2501
58631838,1456,508066229,55183067,6187,-1614,36,5859,292710750,2115,292710770,2115,132,8,3,-46,2475,9,-103,2471
58641866,1456,508066256,55183056,6187,-1613,36,5859,292710750,2115,292710780,2115,132,7,-5,-40,2502,0,-99,2499
58651774,1455,508066284,55183045,6187,-1612,37,5859,292710750,2115,292710790,2115,133,7,11,-25,2490,16,-83,2487
58661751,1455,508066312,55183033,6187,-1612,36,5859,292710750,2115,292710800,2115,133,6,8,-24,2541,12,-84,2538
58671793,1454,508066340,55183022,6188,-1611,36,5859,292710750,2115,292710810,2115,133,5,6,-47,2551,10,-106,2547
58681906,1454,508066368,55183010,6188,-1610,36,5859,292710800,2115,292710820,2115,133,5,4,-65,2555,8,-124,2551
58691848,1453,508066395,55182999,6188,-1609,35,5859,292710800,2115,292710830,2115,133,4,-17,-13,2603,-13,-74,2601
58701777,1453,508066423,55182988,6188,-1608,34,5859,292710800,2115,292710840,2115,133,4,-24,-45,2537,-20,-105,2533
58711750,1452,508066451,55182976,6188,-1608,34,5859,292710800,2115,292710850,2115,133,3,0,4,2599,3,-56,2597
58721958,1452,508066479,55182965,6189,-1607,34,5859,292710800,2115,292710860,2115,133,3,14,-47,2525,18,-106,2522
58732310,1451,508066507,55182954,6189,-1606,33,5859,292710850,2115,292710870,2115,133,3,3,-112,2546,6,-171,2541
58741843,1451,508066534,55182943,6189,-1606,33,5859,292710850,2115,292710880,2115,133,2,-31,34,2473,-28,-24,2471
58751773,1450,508066562,55182932,6189,-1605,33,5859,292710850,2115,292710890,2115,133,2,1,-14,2514,4,-73,2511
58761787,1450,508066590,55182921,6189,-1604,33,5859,292710850,2115,292710900,2115,133,2,-12,-50,2499,-8,-109,2495
58771778,1449,508066618,55182909,6189,-1604,33,5859,292710850,2115,292710910,2115,132,2,10,1,2578,13,-59,2575
58781885,1449,508066646,55182898,6189,-1604,33,5859,292710900,2115,292710920,2115,132,2,3,5,2488,6,-53,2486
58792228,1449,508066674,55182887,6190,-1603,32,5859,292710900,2115,292710930,2115,132,2,19,-27,2585,22,-86,2582
58801765,1448,508066701,55182876,6190,-1602,32,5859,292710900,2115,292710940,2115,132,2,4,-64,2539,7,-123,2535
58811770,1448,508066729,55182865,6190,-1602,32,5859,292710900,2115,292710950,2115,132,2,-2,-13,2504,1,-71,2501
58822526,1447,508066757,55182853,6190,-1601,32,5859,292710900,2115,292710960,2115,131,3,-51,50,2459,-48,-7,2458
58831915,1447,508066785,55182843,6190,-1601,32,5859,292710950,2115,292710970,2115,131,3,-25,-42,2518,-22,-100,2514
58841860,1446,508066813,55182831,6190,-1600,32,5859,292710950,2115,292710980,2115,130,4,7,-17,2502,10,-74,2499
58852034,1446,508066840,55182820,6190,-1600,32,5859,292710950,2115,292710990,2115,130,4,31,8,2591,35,-51,2588
58861765,1446,508066868,55182809,6191,-1599,31,5859,292710950,2115,292711000,2115,130,4,43,-26,2591,47,-85,2588
58871880,1445,508066896,55182798,6191,-1599,30,5859,292710950,2115,292711010,2115,130,4,32,-1,2566,36,-59,2564
58882379,1445,508066924,55182787,6191,-1598,31,5859,292711000,2115,292711020,2115,130,5,-48,12,2468,-44,-44,2466
58891820,1444,508066952,55182775,6191,-1598,31,5859,292711000,2115,292711030,2115,129,5,-68,-33,2456,-64,-89,2453
58901759,1444,508066980,55182764,6191,-1597,31,5859,292711000,2115,292711040,2115,129,6,-19,33,2486,-15,-23,2484
58912453,1443,508067007,55182753,6191,-1597,31,5859,292711000,2115,292711050,2115,129,6,20,-44,2487,25,-100,2484
58921906,1443,508067035,55182742,6192,-1596,31,5859,292711000,2115,292711060,2115,130,7,45,-6,2545,50,-63,2543
58931917,1443,508067063,55182731,6192,-1596,30,5859,292711050,2115,292711070,2115,130,7,39,4,2573,44,-54,2570
58942187,1442,508067091,55182719,6192,-1595,30,5859,292711050,2115,292711080,2115,131,7,-19,-17,2574,-13,-76,2572
58951735,1442,508067119,55182708,6192,-1595,30,5859,292711050,2115,292711090,2115,131,8,-37,38,2504,-32,-20,2502
58961730,1441,508067147,55182697,6192,-1594,30,5859,292711050,2115,292711100,2115,132,8,-12,-62,2466,-7,-119,2462
58972551,1441,508067174,55182686,6192,-1594,31,5859,292711050,2115,292711110,2115,132,9,-18,-33,2390,-13,-89,2387
58981902,1441,508067202,55182675,6192,-1593,32,5859,292711100,2115,292711120,2115,133,10,0,25,2408,6,-31,2406
58991823,1440,508067230,55182664,6193,-1593,32,5859,292711100,2115,292711130,2115,133,10,17,9,2469,24,-49,2467
59001832,1440,508067258,55182652,6193,-1592,32,5859,292711100,2115,292711140,2115,135,11,21,-45,2530,28,-105,2526
59011767,1440,508067286,55182641,6193,-1592,32,5859,292711100,2115,292711150,2115,136,12,-10,-28,2542,-3,-89,2539
59021890,1439,508067314,55182630,6193,-1591,32,5859,292711100,2115,292711160,2115,136,12,4,-17,2506,12,-77,2503
59031910,1439,508067341,55182619,6193,-1591,31,5859,292711150,2115,292711170,2115,137,13,-17,15,2603,-10,-48,2601
59041853,1438,508067369,55182608,6194,-1590,31,5859,292711150,2115,292711180,2115,138,13,-23,-82,2463,-15,-142,2459
59051753,1438,508067397,55182597,6194,-1589,32,5859,292711150,2115,292711190,2115,139,14,-11,23,2432,-3,-37,2430
59062142,1437,508067425,55182585,6194,-1589,32,5859,292711150,2115,292711200,2115,140,14,-6,-14,2472,2,-75,2469
59071898,1437,508067453,55182574,6194,-1588,33,5859,292711150,2115,292711210,2115,141,14,13,-28,2398,21,-88,2395
59081895,1436,508067481,55182563,6194,-1588,34,5859,292711200,2115,292711220,2115,142,14,34,7,2362,42,-52,2359
59091849,1436,508067508,55182552,6195,-1587,34,5859,292711200,2115,292711230,2115,143,13,26,-8,2415,34,-68,2412
59101742,1435,508067536,55182541,6195,-1587,35,5859,292711200,2115,292711240,2115,143,13,-8,-50,2395,0,-111,2391
59111745,1435,508067564,55182530,6195,-1586,36,5859,292711200,2115,292711250,2115,144,13,-16,33,2479,-9,-30,2477
59122643,1434,508067592,55182519,6195,-1585,35,5859,292711200,2115,292711260,2115,144,13,1,-73,2526,8,-137,2522
59131910,1434,508067620,55182507,6196,-1585,35,5859,292711250,2115,292711270,2115,145,12,9,-28,2562,17,-93,2558
59141809,1433,508067648,55182496,6196,-1584,35,5859,292711250,2115,292711280,2115,145,12,-6,-11,2526,1,-75,2523
59151960,1433,508067675,55182485,6196,-1584,34,5859,292711250,2115,292711290,2115,144,12,-16,-8,2574,-9,-74,2571
59161772,1432,508067703,55182474,6196,-1583,34,5860,292711250,2115,292711300,2115,143,12,-49,49,2516,-43,-14,2515
59171992,1432,508067731,55182463,6196,-1583,34,5860,292711250,2115,292711310,2115,143,12,-20,-33,2461,-12,-95,2457
59182448,1431,508067759,55182452,6196,-1582,35,5860,292711300,2115,292711320,2115,143,12,-7,-33,2442,0,-95,2439
59191810,1431,508067787,55182441,6196,-1582,35,5860,292711300,2115,292711330,2115,142,12,30,30,2458,36,-32,2457
59201777,1430,508067815,55182429,6197,-1582,35,5860,292711300,2115,292711340,2115,142,11,51,60,2472,57,-2,2471
59212313,1430,508067843,55182418,6197,-1581,35,5860,292711300,2115,292711350,2115,142,11,9,-37,2521,16,-99,2517
59223050,1429,508067870,55182407,6197,-1581,35,5860,292711300,2115,292711360,2115,141,11,-22,26,2479,-16,-36,2477
59231923,1429,508067898,55182396,6197,-1580,36,5860,292711350,2115,292711370,2115,140,11,-38,3,2483,-32,-59,2481
59241841,1428,508067926,55182385,6197,-1580,36,5860,292711350,2115,292711380,2115,139,11,-19,36,2513,-12,-26,2511
59251750,1427,508067954,55182374,6197,-1579,35,5860,292711350,2115,292711390,2115,138,11,5,-39,2518,12,-101,2515
59261766,1427,508067982,55182363,6197,-1579,35,5860,292711350,2115,292711400,2115,138,11,29,67,2551,36,5,2550
59271995,1426,508068010,55182352,6198,-1579,35,5860,292711350,2115,292711410,2115,138,11,8,-33,2498,14,-94,2495
59281892,1425,508068038,55182340,6197,-1578,35,5860,292711400,2115,292711420,2115,138,11,-29,31,2490,-23,-30,2488
59291818,1424,508068065,55182329,6198,-1578,35,5860,292711400,2115,292711430,2115,138,11,-14,-32,2520,-7,-93,2517
59301742,1424,508068093,55182318,6198,-1577,35,5860,292711400,2115,292711440,2115,137,11,-12,-57,2494,-5,-118,2490
59311738,1423,508068121,55182307,6198,-1577,35,5860,292711400,2115,292711450,2115,137,10,8,31,2495,15,-29,2493
59322079,1422,508068149,55182296,6198,-1576,35,5860,292711400,2115,292711460,2115,137,10,27,-20,2478,33,-79,2475
59331882,1422,508068177,55182285,6199,-1575,36,5860,292711450,2115,292711470,2115,137,10,1,-75,2440,8,-134,2435
59341828,1421,508068205,55182274,6198,-1575,36,5860,292711450,2115,292711480,2115,137,10,-35,-10,2496,-29,-71,2494
59351748,1420,508068233,55182263,6198,-1574,36,5860,292711450,2115,292711490,2115,137,10,-31,-11,2532,-25,-72,2529
59361773,1419,508068260,55182252,6199,-1573,36,5860,292711450,2115,292711500,2115,136,9,25,-74,2516,32,-134,2511
59371977,1418,508068288,55182241,6199,-1572,36,5860,292711450,2115,292711510,2115,136,9,-10,-30,2477,-4,-89,2474
59381890,1418,508068316,55182229,6199,-1571,36,5860,292711500,2115,292711520,2115,135,9,-5,-87,2465,2,-146,2460
59391860,1417,508068344,55182218,6199,-1571,36,5860,292711500,2115,292711530,2115,135,9,-25,-21,2500,-19,-81,2497
59401762,1416,508068372,55182207,6200,-1569,36,5860,292711500,2115,292711540,2115,135,9,-25,-103,2509,-19,-162,2504
59411757,1415,508068400,55182196,6200,-1569,36,5860,292711500,2115,292711550,2115,134,9,-27,-6,2497,-21,-65,2495
59421993,1414,508068428,55182185,6200,-1568,36,5860,292711500,2115,292711560,2115,134,9,4,-49,2486,10,-108,2483
59431901,1414,508068455,55182174,6200,-1567,36,5860,292711550,2115,292711570,2115,133,9,6,-76,2492,12,-134,2487
59441815,1413,508068483,55182163,6200,-1566,36,5860,292711550,2115,292711580,2115,132,9,-10,-36,2519,-4,-95,2516
59451758,1412,508068511,55182152,6200,-1565,36,5860,292711550,2115,292711590,2115,131,9,-4,-54,2491,2,-111,2487
59461767,1411,508068539,55182141,6201,-1564,37,5860,292711550,2115,292711600,2115,130,10,-14,-74,2490,-7,-132,2486
59472000,1410,508068567,55182130,6201,-1564,37,5860,292711550,2115,292711610,2115,129,10,-31,33,2484,-25,-24,2482
59481891,1410,508068595,55182119,6201,-1563,36,5860,292711600,2115,292711620,2115,128,10,-6,-53,2550,1,-110,2546
59491808,1409,508068623,55182108,6201,-1562,36,5860,292711600,2115,292711630,2115,127,10,-3,-65,2526,4,-121,2522
59501759,1408,508068650,55182097,6201,-1562,36,5860,292711600,2115,292711640,2115,126,11,-40,11,2494,-34,-44,2491
59511758,1407,508068678,55182086,6201,-1561,36,5860,292711600,2115,292711650,2115,125,11,14,-131,2528,21,-186,2522
59523162,1406,508068706,55182075,6201,-1560,36,5860,292711600,2115,292711660,2115,124,11,-6,7,2489,1,-47,2487
59531888,1405,508068734,55182063,6202,-1560,36,5860,292711650,2115,292711670,2115,123,11,-13,15,2461,-6,-38,2459
59542619,1404,508068762,55182053,6202,-1559,37,5860,292711650,2115,292711680,2115,122,11,-26,-58,2453,-19,-111,2449
59551759,1403,508068790,55182042,6202,-1558,37,5860,292711650,2115,292711690,2115,122,12,-3,-48,2471,4,-101,2468
59561752,1402,508068818,55182031,6202,-1558,37,5860,292711650,2115,292711700,2115,121,12,17,-51,2537,24,-105,2533
59572370,1401,508068846,55182020,6203,-1556,37,5860,292711650,2115,292711710,2115,121,12,19,-105,2538,27,-159,2533
59581886,1400,508068873,55182008,6203,-1556,36,5860,292711700,2115,292711720,2115,121,12,4,-7,2571,11,-62,2569
59591833,1399,508068901,55181997,6203,-1555,36,5860,292711700,2115,292711730,2115,120,12,-12,-81,2551,-4,-135,2547
59602350,1398,508068929,55181986,6203,-1554,36,5860,292711700,2115,292711740,2115,120,12,-55,-57,2515,-47,-110,2511
59611772,1397,508068957,55181975,6203,-1553,36,5860,292711700,2115,292711750,2115,120,12,-36,-60,2484,-29,-113,2481
59621890,1396,508068985,55181965,6203,-1552,36,5860,292711700,2115,292711760,2115,121,12,-12,-106,2507,-4,-160,2503
59631880,1395,508069013,55181953,6204,-1551,36,5860,292711750,2115,292711770,2115,121,12,5,-102,2507,12,-156,2503
59641828,1394,508069041,55181942,6204,-1550,36,5860,292711750,2115,292711780,2115,121,12,33,-101,2525,41,-154,2521
59651788,1393,508069068,55181931,6204,-1549,36,5860,292711750,2115,292711790,2115,121,12,-3,-46,2506,4,-99,2502
59661756,1392,508069096,55181920,6205,-1548,36,5860,292711750,2115,292711800,2115,121,12,-15,-86,2503,-7,-140,2499
59671885,1392,508069124,55181909,6204,-1547,36,5860,292711750,2115,292711810,2115,122,12,-50,-77,2510,-42,-131,2506
59681941,1391,508069152,55181898,6205,-1545,35,5860,292711800,2115,292711820,2115,122,13,5,-162,2538,13,-216,2532
59691825,1390,508069180,55181887,6205,-1544,35,5860,292711800,2115,292711830,2115,123,13,3,-89,2526,11,-144,2522
59701754,1389,508069208,55181876,6206,-1544,35,5860,292711800,2115,292711840,2115,123,13,0,-14,2563,8,-69,2560
59711753,1388,508069236,55181865,6206,-1543,35,5860,292711800,2115,292711850,2115,124,13,-24,-56,2507,-16,-111,2504
59721942,1387,508069264,55181855,6206,-1541,35,5860,292711800,2115,292711860,2115,125,13,-21,-170,2489,-13,-225,2483
59731879,1386,508069292,55181843,6206,-1540,35,5860,292711850,2115,292711870,2115,126,13,-7,-98,2494,1,-153,2490
59741811,1385,508069319,55181832,6207,-1539,35,5860,292711850,2115,292711880,2115,127,13,-3,-56,2481,4,-112,2477
59751760,1385,508069347,55181821,6207,-1538,35,5860,292711850,2115,292711890,2115,127,13,-1,-111,2534,7,-168,2529
59761787,1384,508069375,55181811,6207,-1537,35,5860,292711850,2115,292711900,2115,128,13,-1,-75,2474,7,-131,2470
59771965,1383,508069403,55181800,6207,-1536,35,5860,292711850,2115,292711910,2115,129,13,-5,-34,2495,3,-90,2492
59781913,1382,508069431,55181788,6208,-1535,35,5860,292711900,2115,292711920,2115,130,13,-21,-111,2464,-13,-167,2459
59791812,1382,508069459,55181778,6208,-1534,35,5860,292711900,2115,292711930,2115,131,13,5,-122,2519,13,-180,2514
59801804,1381,508069487,55181767,6208,-1533,36,5860,292711900,2115,292711940,2115,131,13,3,-74,2480,11,-132,2476
59811760,1380,508069515,55181756,6209,-1532,35,5860,292711900,2115,292711950,2115,132,13,1,-41,2545,9,-100,2542
59821959,1380,508069543,55181745,6209,-1530,35,5860,292711900,2115,292711960,2115,133,14,-18,-115,2514,-10,-174,2509
59831886,1379,508069570,55181734,6209,-1530,35,5860,292711950,2115,292711970,2115,133,14,-31,-30,2537,-22,-89,2534
59841831,1378,508069598,55181723,6209,-1529,35,5860,292711950,2115,292711980,2115,134,14,-4,-55,2489,4,-113,2485
59851765,1377,508069626,55181713,6210,-1527,35,5860,292711950,2115,292711990,2115,135,14,4,-138,2525,13,-198,2519
59861760,1377,508069654,55181702,6210,-1527,35,5860,292711950,2115,292712000,2115,136,15,-3,-42,2465,5,-101,2461
59872033,1376,508069682,55181691,6210,-1526,36,5860,292711950,2115,292712010,2115,137,15,-16,-5,2457,-8,-64,2454
59881894,1375,508069710,55181680,6210,-1525,36,5860,292712000,2115,292712020,2115,138,15,-29,-91,2469,-20,-151,2465
59891816,1375,508069738,55181669,6210,-1524,36,5860,292712000,2115,292712030,2115,138,15,-16,-31,2463,-7,-91,2460
59901756,1374,508069766,55181658,6211,-1523,37,5860,292712000,2115,292712040,2115,139,15,19,-67,2440,28,-126,2436
59911756,1373,508069794,55181648,6211,-1522,36,5860,292712000,2115,292712050,2115,139,15,28,-75,2521,37,-136,2517
59922003,1373,508069822,55181637,6211,-1522,37,5860,292712000,2115,292712060,2115,140,15,11,-28,2480,20,-89,2477
59931880,1372,508069850,55181626,6212,-1521,37,5860,292712050,2115,292712070,2115,140,15,-18,-56,2445,-10,-116,2441
59941841,1371,508069877,55181615,6211,-1520,38,5860,292712050,2115,292712080,2115,140,15,-45,-21,2426,-37,-81,2423
59951755,1371,508069905,55181604,6211,-1519,38,5860,292712050,2115,292712090,2115,140,15,-31,-71,2491,-23,-132,2486
59961755,1370,508069933,55181594,6212,-1518,37,5860,292712050,2115,292712100,2115,139,14,32,-33,2557,40,-95,2553
59972324,1369,508069961,55181583,6212,-1518,37,5860,292712050,2115,292712110,2115,139,14,26,-59,2511,34,-121,2507
59981892,1369,508069989,55181572,6213,-1517,37,5860,292712100,2115,292712120,2115,139,13,6,-30,2574,14,-93,2571
59992692,1368,508070017,55181561,6213,-1516,37,5860,292712100,2115,292712130,2115,139,13,-26,-12,2454,-18,-72,2451
