ADTF_CHUNK_TIME,INS_ANGLE_TRUE_HEADING,INS_Pos_Abs_Latitude,INS_Pos_Abs_Longitude,INS_Vel_Frame_X,INS_Vel_Frame_Y,INS_Vel_Frame_Z
3779,26134,348440354,-1168268795,-1007,6613,101
13784,26134,348440350,-1168268757,-1007,6612,101
24042,26134,348440345,-1168268721,-1007,6613,100
50264,26134,348440341,-1168268685,-1007,6613,100
50845,26134,348440336,-1168268650,-1007,6612,99
55046,26134,348440332,-1168268614,-1006,6612,99
63750,26135,348440327,-1168268576,-1006,6612,98
75114,26135,348440323,-1168268541,-1006,6612,98
86074,26135,348440318,-1168268505,-1006,6612,97
93594,26135,348440313,-1168268469,-1006,6612,97
104038,26135,348440309,-1168268433,-1006,6612,96
114744,26135,348440304,-1168268396,-1005,6612,96
123878,26135,348440300,-1168268360,-1005,6612,95
133578,26136,348440295,-1168268324,-1005,6612,95
144778,26136,348440291,-1168268288,-1005,6612,95
153976,26136,348440286,-1168268252,-1005,6612,94
163737,26136,348440282,-1168268215,-1005,6612,94
174726,26136,348440277,-1168268179,-1005,6612,93
184354,26136,348440273,-1168268143,-1005,6612,93
194251,26136,348440268,-1168268107,-1004,6612,92
203948,26136,348440264,-1168268072,-1005,6612,92
214114,26136,348440259,-1168268034,-1004,6611,92
223697,26136,348440255,-1168267998,-1004,6612,93
233626,26137,348440250,-1168267963,-1004,6611,93
243593,26137,348440246,-1168267927,-1004,6611,93
253794,26137,348440241,-1168267891,-1004,6611,92
264595,26137,348440237,-1168267854,-1004,6611,92
273653,26137,348440232,-1168267818,-1003,6612,91
283592,26137,348440227,-1168267782,-1003,6611,91
293585,26137,348440223,-1168267746,-1003,6611,92
303787,26137,348440218,-1168267710,-1003,6611,92
313749,26137,348440214,-1168267673,-1002,6611,92
323663,26138,348440209,-1168267637,-1002,6611,91
333597,26138,348440205,-1168267601,-1002,6611,91
343765,26138,348440200,-1168267565,-1001,6611,90
353785,26138,348440196,-1168267529,-1002,6611,90
363738,26138,348440191,-1168267492,-1001,6611,91
374809,26138,348440187,-1168267456,-1001,6611,90
383586,26138,348440182,-1168267420,-1001,6611,90
393615,26138,348440178,-1168267385,-1001,6611,90
403794,26138,348440173,-1168267349,-1001,6611,90
413735,26138,348440169,-1168267311,-1001,6610,90
423687,26138,348440164,-1168267276,-1001,6610,91
433632,26138,348440160,-1168267240,-1000,6611,90
443598,26138,348440155,-1168267204,-1000,6610,90
453905,26138,348440151,-1168267168,-1000,6610,90
463730,26138,348440146,-1168267131,-1000,6610,90
473683,26138,348440142,-1168267095,-1000,6610,90
483597,26138,348440137,-1168267059,-1000,6610,90
493622,26138,348440133,-1168267023,-1000,6610,90
503793,26138,348440128,-1168266987,-1000,6610,90
513758,26138,348440124,-1168266950,-1000,6609,90
523666,26138,348440119,-1168266914,-1000,6609,91
533588,26138,348440115,-1168266878,-999,6610,91
543583,26138,348440110,-1168266843,-1000,6609,92
553788,26138,348440106,-1168266807,-1000,6609,92
564325,26138,348440101,-1168266769,-999,6610,92
573655,26138,348440097,-1168266734,-999,6610,92
583581,26139,348440092,-1168266698,-999,6609,92
593589,26139,348440088,-1168266662,-999,6609,92
604598,26139,348440083,-1168266626,-999,6609,93
613718,26139,348440079,-1168266589,-999,6609,93
623649,26139,348440074,-1168266553,-999,6609,93
633596,26139,348440070,-1168266517,-999,6609,93
643585,26139,348440065,-1168266481,-999,6609,93
653770,26139,348440061,-1168266446,-998,6609,93
664093,26139,348440056,-1168266408,-999,6609,94
673642,26139,348440052,-1168266372,-998,6609,94
683585,26139,348440047,-1168266337,-998,6609,94
693643,26139,348440043,-1168266301,-998,6609,94
703782,26139,348440038,-1168266265,-998,6609,93
713747,26139,348440034,-1168266228,-998,6609,93
724092,26139,348440029,-1168266192,-998,6609,93
733573,26139,348440025,-1168266156,-998,6609,94
743581,26139,348440020,-1168266120,-997,6609,93
753804,26140,348440016,-1168266084,-998,6609,92
763726,26140,348440011,-1168266047,-998,6609,92
773645,26140,348440007,-1168266011,-997,6608,92
783559,26140,348440002,-1168265975,-997,6608,92
793589,26140,348439998,-1168265939,-997,6608,91
803853,26140,348439993,-1168265904,-997,6608,91
813720,26140,348439989,-1168265866,-997,6608,91
823945,26140,348439984,-1168265830,-997,6608,90
833584,26140,348439980,-1168265795,-996,6608,90
843592,26140,348439975,-1168265759,-996,6608,90
854510,26141,348439971,-1168265723,-997,6608,90
863730,26141,348439967,-1168265686,-996,6608,90
873667,26141,348439962,-1168265650,-997,6608,89
883588,26141,348439958,-1168265614,-996,6608,89
893581,26141,348439953,-1168265578,-996,6608,88
903806,26141,348439949,-1168265542,-996,6608,88
914582,26141,348439944,-1168265505,-995,6608,88
923631,26141,348439940,-1168265469,-996,6608,89
933579,26141,348439935,-1168265433,-996,6608,88
944780,26142,348439931,-1168265398,-996,6608,88
954373,26142,348439926,-1168265362,-995,6608,87
963739,26142,348439922,-1168265324,-995,6608,87
973692,26142,348439917,-1168265289,-995,6608,87
983573,26142,348439913,-1168265253,-995,6608,87
994294,26143,348439908,-1168265217,-995,6608,87
1003849,26143,348439904,-1168265181,-995,6608,86
1013965,26143,348439899,-1168265144,-994,6608,86
1023649,26143,348439895,-1168265108,-994,6607,86
1033592,26143,348439890,-1168265072,-993,6607,86
1043611,26144,348439886,-1168265036,-994,6607,87
1053784,26144,348439881,-1168265001,-993,6608,87
1063739,26144,348439877,-1168264963,-994,6608,87
1074178,26144,348439872,-1168264927,-993,6608,86
1083962,26145,348439868,-1168264892,-992,6608,86
1093588,26145,348439864,-1168264856,-993,6608,86
1104609,26145,348439859,-1168264820,-992,6608,86
1113720,26145,348439855,-1168264783,-992,6607,87
1123668,26145,348439850,-1168264747,-992,6608,87
1134261,26146,348439846,-1168264711,-992,6608,87
1143607,26146,348439841,-1168264675,-992,6608,86
1154709,26146,348439837,-1168264639,-991,6608,86
1163738,26146,348439832,-1168264602,-991,6608,86
1173648,26147,348439828,-1168264566,-991,6608,87
1183578,26147,348439823,-1168264530,-990,6608,87
1193592,26147,348439819,-1168264495,-990,6608,87
1204507,26147,348439814,-1168264459,-989,6608,87
1213723,26147,348439810,-1168264421,-989,6607,86
1223639,26148,348439805,-1168264386,-989,6607,86
1233830,26148,348439801,-1168264350,-989,6608,87
1243594,26148,348439797,-1168264314,-989,6607,87
1253809,26148,348439792,-1168264278,-988,6607,88
1264115,26149,348439788,-1168264241,-988,6608,88
1273644,26149,348439783,-1168264205,-987,6608,88
1283559,26149,348439779,-1168264169,-988,6608,88
1294638,26149,348439774,-1168264133,-987,6608,88
1303798,26149,348439770,-1168264098,-987,6608,89
1313941,26149,348439765,-1168264060,-987,6607,89
1323649,26149,348439761,-1168264024,-986,6608,88
1333573,26150,348439757,-1168263989,-986,6608,88
1343580,26150,348439752,-1168263953,-986,6608,88
1353786,26150,348439748,-1168263917,-985,6608,89
1363832,26150,348439743,-1168263880,-986,6607,89
1373641,26150,348439739,-1168263844,-985,6608,89
1383563,26150,348439734,-1168263808,-985,6608,89
1394474,26151,348439730,-1168263772,-984,6608,89
1403791,26151,348439725,-1168263736,-984,6608,88
1413734,26151,348439721,-1168263699,-984,6608,88
1423637,26151,348439717,-1168263663,-984,6608,88
1433588,26151,348439712,-1168263627,-984,6608,88
1443561,26151,348439708,-1168263592,-984,6608,88
1454472,26151,348439703,-1168263556,-983,6608,87
1463718,26151,348439699,-1168263519,-983,6608,87
1474270,26152,348439694,-1168263483,-983,6608,87
1484055,26152,348439690,-1168263447,-983,6608,87
1493575,26152,348439686,-1168263411,-983,6608,87
1503817,26152,348439681,-1168263375,-983,6608,86
1514373,26152,348439677,-1168263338,-982,6608,85
1523644,26152,348439672,-1168263302,-982,6608,84
1533763,26152,348439668,-1168263266,-982,6608,83
1543577,26152,348439663,-1168263231,-982,6608,83
1553845,26152,348439659,-1168263195,-983,6608,83
1563964,26152,348439655,-1168263157,-982,6608,83
1573625,26153,348439650,-1168263122,-982,6607,82
1583600,26153,348439646,-1168263086,-982,6608,81
1595283,26153,348439641,-1168263050,-982,6608,80
1604448,26153,348439637,-1168263014,-982,6608,79
1613699,26153,348439632,-1168262977,-982,6608,79
1624628,26153,348439628,-1168262941,-982,6607,79
1633562,26153,348439624,-1168262905,-982,6607,79
1643945,26153,348439619,-1168262869,-982,6607,78
1654278,26153,348439615,-1168262834,-982,6607,77
1663726,26153,348439610,-1168262796,-982,6607,76
1674218,26153,348439606,-1168262760,-982,6607,75
1684884,26153,348439601,-1168262725,-982,6607,74
1693585,26153,348439597,-1168262689,-982,6607,74
1704999,26153,348439593,-1168262653,-982,6607,73
1713850,26153,348439588,-1168262616,-982,6607,72
1723640,26153,348439584,-1168262580,-982,6607,72
1733563,26153,348439579,-1168262544,-982,6607,72
1743911,26153,348439575,-1168262508,-983,6607,71
1754061,26153,348439570,-1168262472,-982,6607,71
1763752,26153,348439566,-1168262435,-982,6607,70
1774190,26153,348439562,-1168262399,-982,6607,69
1783563,26153,348439557,-1168262363,-982,6606,68
1794420,26152,348439553,-1168262328,-982,6606,68
1804197,26152,348439548,-1168262292,-982,6606,68
1814014,26152,348439544,-1168262255,-982,6606,68
1823638,26152,348439540,-1168262219,-982,6606,67
1833938,26152,348439535,-1168262183,-982,6606,66
1843586,26151,348439531,-1168262147,-982,6606,66
1854267,26151,348439526,-1168262111,-982,6606,65
1864268,26151,348439522,-1168262074,-982,6606,65
1873637,26151,348439517,-1168262038,-982,6606,66
1883568,26150,348439513,-1168262002,-982,6606,65
1894340,26150,348439509,-1168261967,-983,6606,65
1903761,26150,348439504,-1168261931,-982,6605,65
1913758,26150,348439500,-1168261894,-982,6605,65
1924671,26150,348439495,-1168261858,-983,6605,64
1933553,26149,348439491,-1168261822,-983,6605,64
1943564,26149,348439486,-1168261786,-984,6605,64
1954440,26149,348439482,-1168261750,-983,6605,64
1964128,26149,348439478,-1168261713,-983,6605,65
1973639,26148,348439473,-1168261677,-983,6604,65
1983564,26148,348439469,-1168261641,-984,6605,65
1993583,26148,348439464,-1168261606,-985,6605,66
2004439,26148,348439460,-1168261570,-984,6605,66
2015519,26147,348439455,-1168261532,-985,6605,66
2024035,26147,348439451,-1168261497,-985,6604,66
2034410,26147,348439446,-1168261461,-985,6604,67
2043573,26147,348439442,-1168261425,-985,6604,67
2054242,26146,348439438,-1168261389,-986,6605,67
2063749,26146,348439433,-1168261352,-986,6604,68
2073619,26146,348439429,-1168261316,-986,6604,68
2083548,26146,348439424,-1168261280,-986,6604,68
2093694,26146,348439420,-1168261245,-986,6604,68
2105269,26145,348439415,-1168261209,-986,6604,69
2114578,26145,348439411,-1168261172,-987,6604,69
2123635,26145,348439406,-1168261136,-987,6604,69
2133591,26144,348439402,-1168261100,-987,6604,70
2143586,26144,348439398,-1168261064,-987,6604,70
2153770,26144,348439393,-1168261028,-987,6604,70
2163742,26144,348439389,-1168260991,-988,6604,70
2173621,26144,348439384,-1168260955,-988,6604,70
2183559,26143,348439380,-1168260919,-989,6604,70
2193567,26143,348439375,-1168260884,-989,6604,70
2203761,26143,348439371,-1168260848,-989,6604,70
2214212,26142,348439366,-1168260811,-989,6603,69
2223653,26142,348439362,-1168260775,-990,6603,69
2233585,26142,348439357,-1168260739,-989,6603,69
2244653,26141,348439353,-1168260703,-990,6603,69
2253754,26141,348439349,-1168260667,-990,6603,69
2264560,26141,348439344,-1168260630,-991,6603,69
2273635,26141,348439340,-1168260594,-991,6603,69
2286779,26140,348439335,-1168260558,-991,6603,69
2293559,26140,348439331,-1168260523,-991,6603,69
2303809,26140,348439326,-1168260487,-991,6603,69
2313760,26139,348439322,-1168260450,-993,6602,69
2323614,26139,348439317,-1168260414,-993,6603,69
2333560,26139,348439313,-1168260378,-993,6602,68
2343577,26139,348439308,-1168260342,-993,6602,68
2355903,26138,348439304,-1168260306,-994,6602,67
2363733,26138,348439299,-1168260269,-993,6602,67
2373605,26138,348439295,-1168260233,-994,6602,68
2384890,26137,348439290,-1168260198,-995,6602,68
2393568,26137,348439286,-1168260162,-995,6602,67
2403769,26137,348439281,-1168260126,-995,6602,67
2413724,26137,348439277,-1168260089,-995,6602,67
2424019,26137,348439273,-1168260053,-996,6601,67
2438754,26136,348439268,-1168260017,-996,6602,67
2443569,26136,348439264,-1168259981,-996,6602,68
2454453,26136,348439259,-1168259946,-997,6601,68
2463747,26136,348439255,-1168259908,-997,6601,67
2473621,26136,348439250,-1168259873,-997,6601,67
2483580,26135,348439246,-1168259837,-997,6601,67
2493551,26135,348439241,-1168259801,-997,6601,67
2503768,26135,348439237,-1168259765,-998,6601,67
2514705,26135,348439232,-1168259728,-998,6601,67
2523631,26134,348439228,-1168259692,-998,6601,67
2533843,26134,348439223,-1168259656,-998,6601,67
2543566,26134,348439219,-1168259621,-998,6601,67
2553715,26134,348439214,-1168259585,-999,6601,67
2563749,26134,348439210,-1168259548,-999,6601,67
2573618,26134,348439205,-1168259512,-999,6601,67
2583547,26133,348439201,-1168259476,-1000,6601,66
2593735,26133,348439196,-1168259440,-1000,6601,66
2603710,26133,348439192,-1168259404,-1000,6601,66
2617964,26133,348439187,-1168259367,-1000,6601,66
2624288,26133,348439183,-1168259331,-1001,6601,66
2633546,26133,348439178,-1168259296,-1001,6601,66
2643561,26133,348439174,-1168259260,-1001,6601,67
2654119,26133,348439169,-1168259224,-1001,6601,66
2663750,26132,348439165,-1168259187,-1001,6601,66
2673615,26132,348439160,-1168259151,-1002,6601,65
2683556,26132,348439155,-1168259115,-1002,6601,65
2693554,26132,348439151,-1168259079,-1002,6601,65
2703768,26132,348439146,-1168259044,-1003,6601,65
2713754,26132,348439142,-1168259006,-1002,6601,65
2723603,26132,348439137,-1168258971,-1003,6600,65
2733542,26132,348439133,-1168258935,-1003,6600,65
2743560,26132,348439128,-1168258899,-1003,6600,65
2754948,26132,348439124,-1168258863,-1004,6600,65
2763737,26131,348439119,-1168258826,-1004,6601,65
2773643,26131,348439115,-1168258790,-1004,6601,64
2784154,26131,348439110,-1168258754,-1003,6601,64
2793588,26131,348439106,-1168258719,-1004,6600,64
2803760,26131,348439101,-1168258683,-1004,6600,64
2815090,26131,348439097,-1168258646,-1004,6600,64
2823617,26131,348439092,-1168258610,-1004,6600,63
2833547,26131,348439088,-1168258574,-1005,6600,63
2843567,26131,348439083,-1168258538,-1005,6600,63
2854471,26131,348439079,-1168258503,-1005,6600,63
2864811,26131,348439074,-1168258465,-1005,6600,62
2873635,26130,348439070,-1168258430,-1005,6600,62
2883536,26130,348439065,-1168258394,-1005,6601,62
2893537,26130,348439060,-1168258358,-1005,6600,62
2903728,26130,348439056,-1168258322,-1006,6600,61
2914084,26130,348439051,-1168258285,-1005,6600,61
2923634,26130,348439047,-1168258249,-1006,6600,61
2933546,26129,348439042,-1168258213,-1006,6600,61
2943568,26129,348439038,-1168258178,-1007,6600,62
2953757,26129,348439033,-1168258142,-1006,6601,62
2963733,26129,348439029,-1168258105,-1007,6600,61
2974319,26129,348439024,-1168258069,-1007,6600,61
2983546,26128,348439020,-1168258033,-1007,6600,61
2994187,26128,348439015,-1168257997,-1007,6600,61
3004530,26128,348439011,-1168257961,-1008,6600,62
3013717,26128,348439006,-1168257924,-1008,6600,62
3023623,26128,348439001,-1168257888,-1008,6600,62
3033550,26128,348438997,-1168257853,-1008,6600,62
3043548,26128,348438992,-1168257817,-1008,6600,62
3053762,26127,348438988,-1168257781,-1008,6600,62
3063724,26127,348438983,-1168257744,-1008,6600,62
3073633,26127,348438979,-1168257708,-1009,6600,62
3083580,26127,348438974,-1168257672,-1009,6600,63
3093575,26127,348438970,-1168257636,-1009,6600,63
3105068,26127,348438965,-1168257601,-1009,6600,64
3113699,26127,348438961,-1168257563,-1009,6600,64
3123616,26127,348438956,-1168257528,-1009,6600,65
3133806,26126,348438951,-1168257492,-1010,6600,66
3143550,26126,348438947,-1168257456,-1010,6600,66
3153748,26126,348438942,-1168257420,-1010,6600,65
3165176,26126,348438938,-1168257383,-1009,6601,65
3173633,26126,348438933,-1168257347,-1010,6600,65
3183524,26126,348438929,-1168257312,-1010,6600,66
3196145,26126,348438924,-1168257276,-1010,6600,67
3203774,26126,348438920,-1168257240,-1011,6600,68
3213678,26125,348438915,-1168257203,-1010,6601,67
3223601,26125,348438911,-1168257167,-1010,6601,67
3233548,26125,348438906,-1168257131,-1010,6601,66
3243552,26125,348438901,-1168257095,-1011,6601,65
3253740,26125,348438897,-1168257060,-1011,6601,64
3264012,26125,348438892,-1168257022,-1011,6601,64
3273608,26125,348438888,-1168256986,-1012,6601,64
3283704,26125,348438883,-1168256951,-1011,6601,62
3293534,26125,348438879,-1168256915,-1011,6601,61
3303740,26124,348438874,-1168256879,-1011,6601,59
3314509,26124,348438870,-1168256842,-1012,6601,57
3323600,26124,348438865,-1168256806,-1012,6601,55
3333542,26124,348438860,-1168256770,-1012,6601,54
3343561,26124,348438856,-1168256734,-1012,6601,53
3354346,26124,348438851,-1168256699,-1012,6600,52
3363715,26124,348438847,-1168256661,-1012,6600,49
3373827,26123,348438842,-1168256626,-1011,6600,47
3383519,26123,348438838,-1168256590,-1012,6600,45
3393727,26123,348438833,-1168256554,-1012,6600,44
3403939,26123,348438829,-1168256518,-1012,6600,42
3413687,26123,348438824,-1168256481,-1012,6600,41
3423620,26122,348438819,-1168256445,-1012,6600,40
3434259,26122,348438815,-1168256409,-1012,6599,39
3443571,26122,348438810,-1168256374,-1013,6599,38
3454220,26121,348438806,-1168256338,-1013,6599,37
3464451,26121,348438801,-1168256301,-1013,6599,36
3473586,26121,348438797,-1168256265,-1013,6599,35
3483536,26121,348438792,-1168256229,-1013,6598,34
3493621,26121,348438787,-1168256193,-1013,6598,34
3503772,26120,348438783,-1168256158,-1013,6598,34
3513687,26120,348438778,-1168256120,-1014,6598,35
3523613,26120,348438774,-1168256085,-1014,6598,36
3533556,26119,348438769,-1168256049,-1014,6598,36
3543824,26119,348438765,-1168256013,-1014,6597,37
3553898,26119,348438760,-1168255977,-1014,6598,37
3563680,26119,348438756,-1168255940,-1015,6598,38
3574826,26118,348438751,-1168255904,-1015,6598,40
3584024,26118,348438746,-1168255868,-1016,6598,41
3593561,26118,348438742,-1168255833,-1016,6597,42
3603753,26118,348438737,-1168255797,-1016,6597,43
3613660,26117,348438733,-1168255760,-1016,6597,44
3623602,26117,348438728,-1168255724,-1016,6597,45
3633571,26117,348438723,-1168255688,-1017,6597,47
3643531,26117,348438719,-1168255652,-1017,6597,48
3653741,26116,348438714,-1168255617,-1018,6597,50
3663987,26116,348438710,-1168255579,-1018,6597,51
3673732,26116,348438705,-1168255544,-1018,6597,53
3683611,26116,348438701,-1168255508,-1019,6597,54
3693530,26116,348438696,-1168255472,-1019,6597,56
3704126,26116,348438691,-1168255436,-1020,6597,58
3714220,26116,348438687,-1168255399,-1020,6597,59
3723606,26116,348438682,-1168255363,-1021,6597,60
3734273,26116,348438678,-1168255328,-1021,6597,61
3743559,26116,348438673,-1168255292,-1022,6596,61
3754334,26116,348438668,-1168255256,-1022,6596,62
3764463,26116,348438664,-1168255219,-1023,6596,63
3773608,26116,348438659,-1168255183,-1023,6596,64
3783573,26116,348438655,-1168255147,-1023,6596,65
3793541,26116,348438650,-1168255112,-1023,6596,65
3803749,26116,348438645,-1168255076,-1024,6596,65
3813704,26116,348438641,-1168255039,-1024,6596,65
3823598,26116,348438636,-1168255003,-1025,6596,65
3833563,26116,348438631,-1168254967,-1025,6596,65
3843541,26117,348438627,-1168254931,-1025,6596,65
3853768,26117,348438622,-1168254895,-1025,6595,65
3863959,26117,348438618,-1168254858,-1025,6595,64
3873585,26117,348438613,-1168254822,-1024,6595,63
3883568,26117,348438608,-1168254787,-1025,6595,63
3894101,26117,348438604,-1168254751,-1025,6595,62
3903910,26117,348438599,-1168254715,-1025,6595,61
3913684,26118,348438595,-1168254678,-1024,6595,60
3924046,26118,348438590,-1168254642,-1024,6595,58
3933559,26118,348438585,-1168254606,-1024,6595,57
3943543,26118,348438581,-1168254571,-1023,6595,56
3955097,26118,348438576,-1168254535,-1024,6595,55
3963811,26118,348438571,-1168254498,-1023,6595,54
3973602,26118,348438567,-1168254462,-1023,6595,53
3983591,26118,348438562,-1168254426,-1022,6595,52
3993546,26118,348438558,-1168254391,-1022,6595,50
4004113,26118,348438553,-1168254355,-1022,6595,49
4013686,26118,348438548,-1168254318,-1021,6594,49
4023580,26118,348438544,-1168254282,-1021,6594,48
4033637,26118,348438539,-1168254246,-1021,6594,46
4043536,26118,348438535,-1168254210,-1021,6594,45
4053741,26118,348438530,-1168254175,-1021,6594,44
4063662,26118,348438525,-1168254137,-1020,6594,43
4073611,26118,348438521,-1168254102,-1021,6594,43
4083653,26118,348438516,-1168254066,-1021,6594,43
4093534,26118,348438512,-1168254030,-1021,6594,43
4104455,26118,348438507,-1168253994,-1021,6594,42
4114551,26118,348438503,-1168253957,-1020,6594,42
4123604,26118,348438498,-1168253921,-1021,6593,42
4133574,26118,348438493,-1168253886,-1020,6594,42
4143529,26117,348438489,-1168253850,-1021,6594,42
4153737,26117,348438484,-1168253814,-1021,6594,42
4163665,26117,348438480,-1168253777,-1021,6594,42
4173591,26117,348438475,-1168253741,-1021,6593,42
4183535,26117,348438470,-1168253705,-1021,6593,43
4194095,26117,348438466,-1168253670,-1021,6593,43
4203729,26117,348438461,-1168253634,-1021,6593,43
4213679,26117,348438457,-1168253597,-1021,6594,44
4223596,26117,348438452,-1168253561,-1022,6594,44
4233651,26117,348438447,-1168253525,-1021,6594,44
4243914,26116,348438443,-1168253489,-1022,6594,45
4254190,26116,348438438,-1168253454,-1021,6593,45
4263679,26116,348438433,-1168253416,-1022,6593,46
4273794,26116,348438429,-1168253381,-1022,6594,46
4283519,26116,348438424,-1168253345,-1023,6593,47
4293575,26116,348438420,-1168253309,-1022,6594,47
4304790,26116,348438415,-1168253274,-1022,6593,47
4313686,26115,348438410,-1168253236,-1023,6593,47
4323598,26115,348438406,-1168253201,-1023,6593,48
4333515,26115,348438401,-1168253165,-1024,6593,48
4343551,26115,348438397,-1168253129,-1023,6593,49
4354459,26115,348438392,-1168253093,-1024,6593,49
4364428,26115,348438387,-1168253056,-1024,6593,49
4373610,26114,348438383,-1168253020,-1024,6593,49
4383551,26114,348438378,-1168252985,-1024,6593,49
4393535,26114,348438374,-1168252949,-1025,6593,50
4403744,26114,348438369,-1168252913,-1025,6593,50
4413672,26114,348438364,-1168252876,-1025,6593,50
4423595,26113,348438360,-1168252840,-1025,6593,49
4433528,26113,348438355,-1168252804,-1026,6593,49
4443543,26113,348438350,-1168252769,-1026,6593,48
4453710,26113,348438346,-1168252733,-1026,6593,48
4464437,26112,348438341,-1168252696,-1026,6593,49
4473576,26112,348438337,-1168252660,-1026,6593,49
4483559,26112,348438332,-1168252624,-1027,6593,48
4494773,26112,348438327,-1168252589,-1026,6593,48
4503727,26112,348438323,-1168252553,-1027,6593,47
4513653,26112,348438318,-1168252516,-1028,6593,47
4523687,26111,348438313,-1168252480,-1028,6593,47
4533551,26111,348438309,-1168252444,-1028,6592,46
4543535,26111,348438304,-1168252408,-1028,6593,46
4553758,26111,348438300,-1168252373,-1028,6592,45
4563657,26111,348438295,-1168252335,-1028,6592,45
4573581,26111,348438290,-1168252300,-1028,6592,45
4583582,26110,348438286,-1168252264,-1029,6592,45
4593828,26110,348438281,-1168252228,-1029,6592,45
4603944,26110,348438276,-1168252192,-1030,6592,45
4613660,26110,348438272,-1168252155,-1029,6593,45
4623599,26110,348438267,-1168252120,-1029,6593,44
4633548,26110,348438262,-1168252084,-1029,6593,44
4643523,26109,348438258,-1168252048,-1030,6593,44
4654042,26109,348438253,-1168252012,-1030,6593,44
4663681,26109,348438249,-1168251975,-1030,6593,44
4673982,26109,348438244,-1168251939,-1030,6593,43
4684813,26109,348438239,-1168251904,-1029,6593,43
4693538,26109,348438235,-1168251868,-1030,6593,42
4704338,26108,348438230,-1168251832,-1029,6593,42
4713663,26108,348438225,-1168251795,-1030,6593,41
4723593,26108,348438221,-1168251759,-1030,6593,41
4733545,26108,348438216,-1168251723,-1030,6594,41
4743524,26108,348438211,-1168251688,-1030,6593,41
4754084,26107,348438207,-1168251652,-1030,6594,40
4764626,26107,348438202,-1168251615,-1030,6594,40
4773577,26107,348438198,-1168251579,-1031,6594,40
4783542,26106,348438193,-1168251543,-1030,6594,40
4793532,26106,348438188,-1168251507,-1031,6594,40
4804211,26106,348438184,-1168251472,-1031,6594,40
4813655,26106,348438179,-1168251435,-1031,6594,39
4823567,26105,348438174,-1168251399,-1031,6595,39
4833540,26105,348438170,-1168251363,-1032,6595,39
4844158,26105,348438165,-1168251327,-1032,6595,39
4853714,26105,348438160,-1168251292,-1033,6595,39
4863658,26104,348438156,-1168251254,-1032,6595,39
4874342,26104,348438151,-1168251219,-1033,6595,39
4883572,26104,348438146,-1168251183,-1033,6595,39
4893527,26104,348438142,-1168251147,-1033,6596,39
4903721,26104,348438137,-1168251111,-1034,6596,40
4913656,26104,348438132,-1168251074,-1034,6596,40
4924393,26103,348438128,-1168251038,-1034,6596,40
4933549,26103,348438123,-1168251003,-1034,6596,40
4943564,26103,348438118,-1168250967,-1034,6596,40
4953731,26103,348438114,-1168250931,-1034,6596,40
4963778,26103,348438109,-1168250894,-1035,6596,40
4973766,26102,348438105,-1168250858,-1035,6597,40
4983553,26102,348438100,-1168250822,-1035,6597,40
4993513,26102,348438095,-1168250787,-1035,6597,40
5004532,26102,348438091,-1168250751,-1035,6597,40
5013644,26102,348438086,-1168250714,-1035,6597,40
5023582,26102,348438081,-1168250678,-1035,6598,39
5034152,26101,348438077,-1168250642,-1036,6598,39
5043538,26101,348438072,-1168250606,-1036,6598,39
5053719,26101,348438067,-1168250570,-1036,6598,39
5064600,26101,348438063,-1168250533,-1036,6598,38
5073585,26101,348438058,-1168250497,-1037,6598,37
5083574,26101,348438053,-1168250462,-1036,6599,37
5093507,26101,348438049,-1168250426,-1037,6598,36
5103737,26100,348438044,-1168250390,-1038,6598,35
5113676,26100,348438039,-1168250353,-1037,6599,35
5123699,26101,348438034,-1168250317,-1038,6599,35
5133897,26101,348438030,-1168250281,-1038,6599,35
5143527,26101,348438025,-1168250246,-1038,6599,34
5153803,26101,348438020,-1168250210,-1039,6599,33
5164000,26101,348438016,-1168250173,-1040,6599,32
5173572,26101,348438011,-1168250137,-1040,6599,31
5183760,26101,348438006,-1168250101,-1039,6599,30
5193781,26101,348438002,-1168250065,-1039,6599,30
5203700,26101,348437997,-1168250029,-1040,6599,30
5214092,26101,348437992,-1168249992,-1041,6599,30
5223822,26101,348437988,-1168249956,-1041,6599,31
5233524,26101,348437983,-1168249921,-1040,6600,29
5243872,26102,348437978,-1168249885,-1040,6600,28
5254674,26102,348437974,-1168249849,-1040,6600,27
5264165,26102,348437969,-1168249812,-1040,6600,27
5273665,26102,348437964,-1168249776,-1041,6600,27
5283506,26102,348437960,-1168249740,-1040,6600,28
5293796,26102,348437955,-1168249705,-1040,6600,29
5304503,26102,348437950,-1168249669,-1040,6600,30
5313694,26103,348437945,-1168249631,-1040,6600,29
5323562,26103,348437941,-1168249596,-1040,6601,28
5333592,26103,348437936,-1168249560,-1039,6601,28
5343500,26103,348437931,-1168249524,-1040,6601,28
5354423,26103,348437927,-1168249488,-1040,6601,30
5363645,26103,348437922,-1168249451,-1040,6601,31
5373859,26103,348437917,-1168249415,-1039,6601,31
5384258,26103,348437913,-1168249380,-1040,6601,32
5394147,26103,348437908,-1168249344,-1039,6602,32
5404184,26103,348437903,-1168249308,-1040,6602,32
5413893,26103,348437899,-1168249271,-1039,6603,32
5424141,26104,348437894,-1168249235,-1040,6602,33
5433514,26104,348437889,-1168249199,-1039,6602,34
5443510,26104,348437884,-1168249163,-1039,6603,35
5453747,26104,348437880,-1168249128,-1039,6603,35
5463663,26104,348437875,-1168249090,-1039,6603,36
5473561,26104,348437870,-1168249054,-1039,6603,37
5483584,26104,348437866,-1168249019,-1039,6603,37
5493504,26105,348437861,-1168248983,-1038,6604,38
5503747,26105,348437856,-1168248947,-1039,6604,39
5513803,26105,348437852,-1168248910,-1039,6604,40
5523563,26105,348437847,-1168248874,-1039,6604,40
5533491,26106,348437842,-1168248838,-1039,6604,41
5543664,26106,348437838,-1168248802,-1039,6605,41
5553771,26106,348437833,-1168248767,-1038,6605,41
5564402,26106,348437828,-1168248729,-1038,6605,42
5574527,26107,348437824,-1168248693,-1037,6605,42
5583499,26107,348437819,-1168248658,-1038,6605,42
5593519,26107,348437814,-1168248622,-1038,6605,43
5604860,26107,348437810,-1168248586,-1038,6606,44
5613924,26107,348437805,-1168248549,-1037,6606,44
5623570,26107,348437800,-1168248513,-1036,6606,44
5634884,26108,348437796,-1168248477,-1036,6606,45
5643578,26108,348437791,-1168248441,-1036,6607,44
5653773,26108,348437786,-1168248406,-1036,6607,44
5664915,26108,348437781,-1168248368,-1036,6607,44
5673568,26108,348437777,-1168248332,-1036,6607,44
5683488,26108,348437772,-1168248297,-1036,6607,43
5693525,26108,348437767,-1168248261,-1035,6607,43
5703826,26108,348437763,-1168248225,-1035,6607,43
5713650,26108,348437758,-1168248188,-1035,6607,43
5723557,26108,348437753,-1168248152,-1035,6607,42
5733517,26109,348437749,-1168248116,-1035,6607,41
5743523,26109,348437744,-1168248080,-1035,6608,41
5753773,26109,348437739,-1168248044,-1035,6607,41
5763695,26109,348437735,-1168248007,-1034,6607,41
5773939,26109,348437730,-1168247971,-1034,6608,41
5783487,26109,348437726,-1168247935,-1035,6608,41
5793791,26109,348437721,-1168247900,-1035,6608,40
5803914,26110,348437716,-1168247864,-1035,6608,40
5813630,26110,348437712,-1168247826,-1034,6608,40
5824876,26110,348437707,-1168247791,-1034,6608,39
5833487,26110,348437702,-1168247755,-1034,6608,39
5843731,26110,348437698,-1168247719,-1034,6608,39
5853733,26110,348437693,-1168247683,-1034,6608,39
5863648,26111,348437688,-1168247646,-1034,6608,39
5873565,26111,348437684,-1168247610,-1034,6608,38
5883499,26111,348437679,-1168247574,-1034,6609,37
5893692,26111,348437674,-1168247538,-1033,6608,37
5904389,26111,348437670,-1168247503,-1033,6608,37
5913650,26111,348437665,-1168247465,-1033,6609,37
5923570,26111,348437660,-1168247429,-1034,6609,38
5933512,26112,348437656,-1168247394,-1033,6609,37
5943506,26112,348437651,-1168247358,-1033,6609,37
5954186,26112,348437646,-1168247322,-1033,6609,37
5963623,26112,348437642,-1168247285,-1032,6609,37
5973557,26112,348437637,-1168247249,-1033,6609,37
5984092,26112,348437632,-1168247213,-1033,6609,37
5993492,26112,348437628,-1168247177,-1033,6609,37
6003790,26112,348437623,-1168247141,-1032,6609,37
6013642,26112,348437618,-1168247104,-1032,6609,37
6023571,26113,348437614,-1168247068,-1031,6609,38
6033491,26113,348437609,-1168247032,-1032,6610,38
6043675,26113,348437604,-1168246997,-1032,6610,38
6053739,26113,348437600,-1168246961,-1032,6610,39
6063649,26113,348437595,-1168246923,-1031,6610,39
6073571,26113,348437590,-1168246888,-1031,6610,39
6083478,26113,348437586,-1168246852,-1031,6610,39
6093486,26113,348437581,-1168246816,-1031,6610,40
6103745,26113,348437576,-1168246780,-1031,6610,41
6113636,26113,348437572,-1168246743,-1031,6610,41
6123772,26114,348437567,-1168246707,-1030,6610,41
6133489,26114,348437563,-1168246671,-1030,6610,41
6143510,26114,348437558,-1168246635,-1029,6610,42
6153698,26114,348437553,-1168246599,-1029,6610,42
6164244,26114,348437549,-1168246562,-1029,6610,43
6173973,26115,348437544,-1168246526,-1029,6611,43
6183495,26115,348437539,-1168246490,-1029,6611,43
6193506,26115,348437535,-1168246455,-1028,6611,44
6204616,26115,348437530,-1168246419,-1028,6611,44
6213627,26115,348437525,-1168246381,-1028,6611,44
6223580,26115,348437521,-1168246346,-1028,6611,45
6233502,26115,348437516,-1168246310,-1027,6611,45
6243498,26116,348437512,-1168246274,-1027,6611,45
6254306,26116,348437507,-1168246238,-1027,6611,46
6264298,26116,348437502,-1168246201,-1026,6611,46
6273561,26116,348437498,-1168246165,-1026,6611,46
6283669,26116,348437493,-1168246129,-1026,6611,46
6293483,26117,348437488,-1168246093,-1026,6611,47
6303693,26117,348437484,-1168246057,-1026,6611,48
6313640,26117,348437479,-1168246020,-1025,6612,48
6323547,26117,348437475,-1168245984,-1025,6612,49
6333970,26118,348437470,-1168245948,-1025,6612,49
6343496,26118,348437465,-1168245913,-1025,6612,49
6353717,26118,348437461,-1168245877,-1025,6612,49
6363927,26118,348437456,-1168245839,-1025,6612,50
6373581,26118,348437451,-1168245804,-1025,6612,50
6383482,26118,348437447,-1168245768,-1024,6612,51
6393503,26118,348437442,-1168245732,-1024,6612,51
6403698,26118,348437438,-1168245696,-1024,6612,51
6413628,26119,348437433,-1168245659,-1024,6612,52
6423551,26119,348437428,-1168245623,-1024,6612,52
6433546,26119,348437424,-1168245587,-1024,6613,52
6443671,26119,348437419,-1168245551,-1023,6612,53
6453694,26119,348437414,-1168245515,-1023,6612,53
6463660,26119,348437410,-1168245478,-1023,6613,54
6473572,26119,348437405,-1168245442,-1023,6613,54
6483525,26120,348437401,-1168245406,-1023,6613,54
6493528,26120,348437396,-1168245370,-1023,6613,54
6504235,26120,348437391,-1168245335,-1023,6613,54
6513631,26120,348437387,-1168245297,-1022,6613,54
6523911,26120,348437382,-1168245261,-1022,6613,54
6533529,26120,348437378,-1168245226,-1022,6613,54
6543841,26120,348437373,-1168245190,-1022,6613,55
6554715,26121,348437368,-1168245154,-1023,6613,55
6563800,26121,348437364,-1168245117,-1022,6613,55
6573557,26121,348437359,-1168245081,-1022,6613,55
6583520,26121,348437355,-1168245045,-1021,6613,55
6593482,26121,348437350,-1168245009,-1021,6613,55
6604259,26121,348437345,-1168244973,-1022,6614,55
6613618,26121,348437341,-1168244936,-1021,6614,55
6623560,26122,348437336,-1168244900,-1021,6614,55
6633532,26122,348437332,-1168244864,-1020,6614,55
6643505,26122,348437327,-1168244828,-1020,6614,55
6654179,26122,348437322,-1168244792,-1020,6614,55
6663623,26122,348437318,-1168244755,-1020,6614,55
6673575,26122,348437313,-1168244719,-1020,6614,55
6683498,26122,348437309,-1168244683,-1020,6614,55
6693996,26123,348437304,-1168244647,-1019,6614,54
6703684,26123,348437299,-1168244612,-1019,6614,54
6714250,26123,348437295,-1168244574,-1019,6614,55
6723556,26123,348437290,-1168244538,-1019,6615,56
6733537,26123,348437286,-1168244503,-1019,6615,56
6744366,26123,348437281,-1168244467,-1019,6615,56
6753689,26123,348437276,-1168244431,-1018,6615,56
6763751,26123,348437272,-1168244394,-1018,6615,56
6773902,26123,348437267,-1168244358,-1018,6615,56
6783556,26123,348437263,-1168244322,-1018,6615,56
6793496,26123,348437258,-1168244286,-1018,6615,57
6804071,26123,348437253,-1168244250,-1019,6615,58
6813758,26123,348437249,-1168244213,-1019,6615,58
6823549,26123,348437244,-1168244177,-1018,6615,58
6833522,26123,348437240,-1168244141,-1018,6616,58
6844237,26124,348437235,-1168244105,-1018,6616,59
6853687,26124,348437231,-1168244069,-1018,6616,59
6863619,26124,348437226,-1168244032,-1018,6616,60
6873886,26124,348437221,-1168243996,-1018,6616,60
6883516,26124,348437217,-1168243960,-1018,6616,61
6893493,26124,348437212,-1168243924,-1017,6616,62
6904684,26124,348437208,-1168243888,-1018,6616,62
6913633,26124,348437203,-1168243851,-1018,6616,63
6923530,26124,348437198,-1168243815,-1018,6617,63
6935206,26124,348437194,-1168243779,-1018,6617,63
6943507,26124,348437189,-1168243743,-1017,6617,63
6953770,26124,348437185,-1168243708,-1018,6617,64
6964012,26124,348437180,-1168243670,-1017,6617,65
6973536,26124,348437175,-1168243634,-1017,6617,65
6983516,26124,348437171,-1168243599,-1018,6617,66
6993738,26124,348437166,-1168243563,-1017,6617,66
7003684,26124,348437162,-1168243527,-1018,6618,66
7013624,26124,348437157,-1168243489,-1017,6618,66
7024374,26124,348437153,-1168243454,-1017,6618,67
7033521,26124,348437148,-1168243418,-1017,6618,67
7043499,26124,348437143,-1168243382,-1018,6618,67
7054625,26123,348437139,-1168243346,-1017,6618,68
7063626,26123,348437134,-1168243309,-1018,6618,68
7073559,26123,348437130,-1168243273,-1017,6618,68
7084404,26123,348437125,-1168243237,-1017,6618,67
7093788,26123,348437120,-1168243201,-1017,6618,68
7103712,26123,348437116,-1168243165,-1017,6618,68
7114436,26123,348437111,-1168243128,-1017,6619,68
7124428,26123,348437107,-1168243092,-1017,6619,68
7133501,26123,348437102,-1168243056,-1017,6619,67
7143527,26123,348437098,-1168243020,-1017,6619,67
7153945,26122,348437093,-1168242984,-1017,6619,67
7164051,26122,348437088,-1168242947,-1018,6619,67
7173792,26122,348437084,-1168242911,-1018,6619,67
7184240,26122,348437079,-1168242875,-1019,6619,67
7193485,26122,348437075,-1168242839,-1019,6619,66
7203893,26122,348437070,-1168242803,-1019,6619,66
7213624,26122,348437065,-1168242766,-1019,6619,65
7223541,26122,348437061,-1168242730,-1019,6619,65
7234008,26122,348437056,-1168242694,-1020,6619,65
7244319,26122,348437052,-1168242658,-1020,6619,66
7254428,26122,348437047,-1168242622,-1021,6619,65
7263860,26122,348437042,-1168242585,-1020,6620,65
7273543,26121,348437038,-1168242549,-1020,6620,64
7283585,26122,348437033,-1168242513,-1021,6620,63
7293851,26122,348437029,-1168242477,-1021,6620,62
7303713,26122,348437024,-1168242441,-1022,6620,63
7313619,26122,348437019,-1168242404,-1022,6620,63
7323923,26122,348437015,-1168242368,-1022,6620,63
7333485,26121,348437010,-1168242332,-1022,6620,63
7343500,26121,348437006,-1168242296,-1022,6620,62
7353998,26121,348437001,-1168242261,-1023,6620,62
7363956,26121,348436996,-1168242223,-1024,6620,61
7373544,26121,348436992,-1168242187,-1024,6620,61
7383479,26121,348436987,-1168242151,-1024,6620,61
7393485,26121,348436983,-1168242116,-1024,6620,61
7404569,26121,348436978,-1168242080,-1024,6620,61
7414346,26121,348436973,-1168242042,-1025,6620,61
7423541,26121,348436969,-1168242006,-1025,6620,60
7433485,26121,348436964,-1168241970,-1025,6621,60
7444885,26122,348436959,-1168241935,-1025,6621,59
7453961,26122,348436955,-1168241899,-1025,6621,58
7463625,26122,348436950,-1168241861,-1025,6621,58
7473895,26122,348436946,-1168241825,-1025,6621,59
7483654,26122,348436941,-1168241790,-1025,6621,59
7493481,26122,348436936,-1168241754,-1025,6621,59
7505205,26122,348436932,-1168241718,-1025,6621,59
7513632,26122,348436927,-1168241680,-1024,6621,59
7523540,26122,348436922,-1168241645,-1024,6621,58
7533455,26122,348436918,-1168241609,-1024,6621,58
7543663,26122,348436913,-1168241573,-1024,6621,58
7554727,26122,348436909,-1168241537,-1024,6622,58
7563608,26122,348436904,-1168241499,-1024,6622,58
7573518,26122,348436899,-1168241464,-1023,6622,58
7583484,26122,348436895,-1168241428,-1024,6621,58
7593485,26122,348436890,-1168241392,-1023,6621,58
7603796,26122,348436886,-1168241356,-1023,6622,58
7613600,26122,348436881,-1168241318,-1023,6622,59
7623532,26122,348436876,-1168241283,-1024,6622,59
7635088,26122,348436872,-1168241247,-1024,6622,59
7643525,26122,348436867,-1168241211,-1023,6622,60
7654454,26122,348436862,-1168241175,-1023,6622,62
7665913,26122,348436858,-1168241138,-1022,6622,63
7673555,26123,348436853,-1168241102,-1023,6622,63
7683467,26123,348436849,-1168241066,-1023,6623,63
7693506,26123,348436844,-1168241030,-1023,6623,64
7703743,26123,348436839,-1168240994,-1022,6623,64
7713627,26123,348436835,-1168240957,-1022,6623,65
7723544,26123,348436830,-1168240921,-1021,6623,67
7733442,26123,348436826,-1168240885,-1021,6623,69
7743478,26123,348436821,-1168240849,-1021,6623,70
7753750,26123,348436816,-1168240813,-1021,6624,70
7763630,26123,348436812,-1168240775,-1020,6624,70
7773527,26123,348436807,-1168240740,-1020,6625,70
7783471,26123,348436803,-1168240704,-1019,6624,70
7793608,26123,348436798,-1168240668,-1020,6624,71
7803945,26123,348436793,-1168240632,-1020,6624,73
7813607,26123,348436789,-1168240594,-1020,6624,74
7824336,26123,348436784,-1168240559,-1019,6625,74
7833524,26123,348436780,-1168240523,-1019,6625,74
7843472,26123,348436775,-1168240487,-1019,6625,73
7854066,26123,348436771,-1168240451,-1019,6625,73
7864015,26124,348436766,-1168240413,-1019,6625,73
7873528,26124,348436761,-1168240377,-1019,6625,74
7883456,26124,348436757,-1168240342,-1019,6625,74
7893499,26124,348436752,-1168240306,-1019,6625,74
7903775,26124,348436748,-1168240270,-1018,6625,74
7913609,26124,348436743,-1168240232,-1018,6625,74
7923538,26124,348436738,-1168240196,-1018,6625,73
7933462,26124,348436734,-1168240161,-1019,6625,73
7943487,26125,348436729,-1168240125,-1018,6626,73
7953712,26125,348436725,-1168240089,-1019,6626,74
7964064,26125,348436720,-1168240051,-1018,6626,74
7973535,26125,348436715,-1168240015,-1018,6626,75
7983490,26125,348436711,-1168239979,-1018,6626,75
7993486,26125,348436706,-1168239944,-1019,6626,74
8003746,26125,348436702,-1168239908,-1019,6626,74
8014905,26126,348436697,-1168239870,-1019,6626,73
8023548,26126,348436693,-1168239834,-1019,6626,73
8033464,26126,348436688,-1168239798,-1018,6626,74
8044223,26127,348436683,-1168239762,-1019,6626,75
8053661,26127,348436679,-1168239727,-1019,6626,75
8063621,26127,348436674,-1168239689,-1019,6627,75
8073546,26128,348436670,-1168239653,-1019,6627,75
8083880,26128,348436665,-1168239617,-1018,6627,75
8093480,26129,348436660,-1168239581,-1018,6627,76
8103748,26129,348436656,-1168239545,-1018,6627,77
8113611,26129,348436651,-1168239508,-1018,6627,78
8123534,26129,348436647,-1168239472,-1018,6627,79
8133449,26130,348436642,-1168239436,-1017,6628,79
8143477,26130,348436637,-1168239400,-1016,6628,79
8154068,26130,348436633,-1168239364,-1016,6628,80
8163608,26130,348436628,-1168239327,-1015,6628,81
8173518,26130,348436624,-1168239291,-1016,6628,82
8183455,26130,348436619,-1168239255,-1015,6629,83
8193458,26130,348436615,-1168239219,-1015,6629,84
8204553,26131,348436610,-1168239183,-1015,6629,84
8213600,26131,348436605,-1168239146,-1014,6629,84
8223545,26131,348436601,-1168239110,-1014,6629,85
8234104,26131,348436596,-1168239074,-1014,6629,85
8243461,26131,348436592,-1168239038,-1014,6630,86
8253853,26131,348436587,-1168239002,-1014,6630,86
8263934,26131,348436583,-1168238964,-1013,6630,86
8273530,26131,348436578,-1168238929,-1013,6630,86
8283797,26131,348436573,-1168238893,-1012,6630,86
8293462,26131,348436569,-1168238857,-1012,6630,86
8303839,26131,348436564,-1168238821,-1012,6631,86
8313629,26131,348436560,-1168238783,-1012,6631,86
8323521,26131,348436555,-1168238747,-1012,6631,86
8333451,26131,348436551,-1168238711,-1011,6631,85
8343490,26131,348436546,-1168238675,-1011,6631,85
8353697,26131,348436541,-1168238639,-1011,6631,84
8363648,26131,348436537,-1168238602,-1011,6631,84
8373555,26131,348436532,-1168238566,-1012,6631,84
8383459,26131,348436528,-1168238530,-1012,6631,84
8394162,26131,348436523,-1168238494,-1011,6631,84
8404328,26131,348436519,-1168238458,-1011,6631,83
8413602,26131,348436514,-1168238421,-1011,6632,82
8424897,26131,348436510,-1168238385,-1012,6631,82
8433458,26131,348436505,-1168238349,-1012,6632,81
8443560,26131,348436500,-1168238313,-1012,6632,80
8453741,26131,348436496,-1168238277,-1012,6631,80
8463608,26131,348436491,-1168238240,-1012,6631,79
8473575,26131,348436487,-1168238204,-1012,6631,79
8483454,26131,348436482,-1168238168,-1012,6631,80
8493458,26131,348436478,-1168238132,-1012,6631,79
8503670,26131,348436473,-1168238096,-1013,6632,79
8513623,26131,348436468,-1168238058,-1012,6632,78
8523553,26132,348436464,-1168238022,-1012,6632,78
8533435,26132,348436459,-1168237986,-1012,6631,77
8543474,26132,348436455,-1168237950,-1012,6632,78
8553660,26132,348436450,-1168237915,-1012,6632,78
8563584,26132,348436446,-1168237877,-1013,6632,78
8573557,26132,348436441,-1168237841,-1012,6632,78
8583524,26132,348436437,-1168237805,-1012,6632,78
8593456,26132,348436432,-1168237769,-1012,6632,79
8604382,26132,348436427,-1168237733,-1011,6632,80
8614889,26132,348436423,-1168237696,-1012,6632,80
8623568,26132,348436418,-1168237660,-1012,6632,81
8633456,26132,348436414,-1168237624,-1013,6632,81
8643445,26132,348436409,-1168237588,-1012,6632,82
8653643,26132,348436405,-1168237552,-1012,6632,83
8663990,26132,348436400,-1168237515,-1012,6632,84
8673570,26132,348436395,-1168237479,-1012,6632,85
8683436,26132,348436391,-1168237443,-1012,6633,85
8693444,26132,348436386,-1168237407,-1012,6633,86
8704351,26132,348436382,-1168237371,-1013,6633,87
8713606,26132,348436377,-1168237333,-1012,6633,87
8723546,26132,348436373,-1168237297,-1012,6633,88
8733476,26132,348436368,-1168237261,-1012,6633,90
8743543,26132,348436364,-1168237225,-1012,6634,92
8753889,26131,348436359,-1168237189,-1013,6634,92
8763615,26131,348436354,-1168237152,-1012,6634,92
8774235,26131,348436350,-1168237116,-1012,6635,92
8783750,26132,348436345,-1168237080,-1012,6635,92
8793499,26132,348436341,-1168237044,-1011,6635,92
8805650,26131,348436336,-1168237008,-1012,6634,93
8813673,26132,348436332,-1168236971,-1012,6635,95
8823559,26131,348436327,-1168236935,-1012,6635,96
8833517,26131,348436322,-1168236899,-1011,6636,96
8843937,26131,348436318,-1168236863,-1011,6636,96
8853643,26131,348436313,-1168236827,-1011,6636,96
8863657,26131,348436309,-1168236789,-1011,6636,96
8873573,26131,348436304,-1168236753,-1011,6636,96
8883443,26131,348436300,-1168236717,-1011,6636,96
8894397,26131,348436295,-1168236681,-1011,6636,96
8904372,26131,348436291,-1168236645,-1011,6636,96
8913619,26131,348436286,-1168236608,-1011,6636,96
8924901,26130,348436281,-1168236572,-1012,6636,96
8933467,26130,348436277,-1168236536,-1012,6636,96
8943480,26130,348436272,-1168236500,-1012,6637,95
8954462,26130,348436268,-1168236464,-1013,6637,95
8964757,26130,348436263,-1168236426,-1013,6637,95
8973545,26130,348436259,-1168236390,-1013,6637,94
8983821,26130,348436254,-1168236355,-1013,6637,94
8995139,26130,348436249,-1168236319,-1013,6637,94
9003693,26130,348436245,-1168236283,-1014,6637,93
9014003,26130,348436240,-1168236245,-1014,6637,92
9023512,26130,348436236,-1168236209,-1014,6637,92
9036416,26130,348436231,-1168236173,-1013,6637,92
9043751,26130,348436227,-1168236137,-1013,6637,92
9053894,26130,348436222,-1168236101,-1014,6637,92
9063721,26130,348436217,-1168236064,-1014,6637,91
9073672,26130,348436213,-1168236028,-1015,6638,91
9084139,26130,348436208,-1168235992,-1014,6638,90
9093438,26130,348436204,-1168235956,-1014,6638,90
9103674,26130,348436199,-1168235920,-1014,6638,89
9113702,26130,348436195,-1168235882,-1014,6638,90
9123554,26130,348436190,-1168235846,-1015,6638,90
9134019,26130,348436185,-1168235810,-1015,6638,90
9143469,26130,348436181,-1168235774,-1015,6638,89
9154392,26131,348436176,-1168235738,-1015,6638,89
9169886,26131,348436172,-1168235701,-1014,6638,90
9173502,26131,348436167,-1168235665,-1015,6638,90
9183448,26131,348436163,-1168235629,-1015,6639,90
9194634,26131,348436158,-1168235593,-1015,6639,91
9203639,26131,348436153,-1168235557,-1015,6639,92
9213580,26131,348436149,-1168235519,-1014,6639,92
9224495,26131,348436144,-1168235483,-1014,6639,93
9233417,26131,348436140,-1168235447,-1014,6639,93
9244078,26131,348436135,-1168235411,-1015,6639,93
9254849,26131,348436131,-1168235375,-1015,6639,94
9263594,26131,348436126,-1168235338,-1015,6640,95
9273527,26131,348436121,-1168235302,-1015,6639,96
9283422,26131,348436117,-1168235266,-1015,6639,97
9293449,26131,348436112,-1168235230,-1014,6640,98
9303638,26131,348436108,-1168235194,-1015,6640,100
9314909,26131,348436103,-1168235156,-1016,6640,100
9323512,26131,348436099,-1168235120,-1016,6640,101
9333429,26131,348436094,-1168235084,-1015,6641,102
9343898,26131,348436089,-1168235048,-1016,6641,102
9354024,26131,348436085,-1168235012,-1015,6641,103
9363564,26131,348436080,-1168234975,-1016,6641,104
9373513,26131,348436076,-1168234939,-1016,6641,106
9384506,26131,348436071,-1168234903,-1016,6641,106
9393456,26131,348436067,-1168234867,-1016,6641,107
9404312,26131,348436062,-1168234831,-1015,6642,108
9413597,26131,348436057,-1168234793,-1014,6642,108
9423517,26131,348436053,-1168234757,-1015,6642,109
9433449,26131,348436048,-1168234721,-1014,6642,110
9443443,26131,348436044,-1168234685,-1015,6642,111
9453678,26131,348436039,-1168234649,-1014,6642,111
9463613,26131,348436035,-1168234612,-1014,6642,112
9473518,26131,348436030,-1168234576,-1014,6642,112
9483812,26131,348436025,-1168234540,-1013,6643,112
9493437,26131,348436021,-1168234504,-1014,6643,112
9504396,26131,348436016,-1168234468,-1014,6643,112
9513584,26130,348436012,-1168234430,-1014,6643,112
9523482,26130,348436007,-1168234394,-1013,6643,113
9534337,26130,348436003,-1168234358,-1014,6643,113
9543451,26130,348435998,-1168234322,-1013,6643,113
9553677,26130,348435993,-1168234286,-1014,6643,113
9563610,26130,348435989,-1168234249,-1013,6644,112
9573536,26130,348435984,-1168234213,-1014,6644,112
9583443,26130,348435980,-1168234177,-1014,6644,112
9593486,26131,348435975,-1168234141,-1013,6644,112
9603666,26131,348435971,-1168234105,-1013,6644,111
9614294,26131,348435966,-1168234067,-1013,6644,111
9623519,26130,348435962,-1168234031,-1013,6644,111
9633435,26130,348435957,-1168233995,-1014,6644,111
9643927,26130,348435952,-1168233959,-1014,6645,110
9653979,26130,348435948,-1168233923,-1013,6645,110
9663585,26130,348435943,-1168233886,-1013,6645,110
9673504,26131,348435939,-1168233850,-1013,6645,109
9683436,26130,348435934,-1168233813,-1013,6645,109
9693669,26130,348435930,-1168233777,-1014,6645,109
9703718,26131,348435925,-1168233741,-1014,6645,108
9713586,26131,348435920,-1168233704,-1013,6645,108
9724525,26131,348435916,-1168233668,-1013,6645,108
9734181,26131,348435911,-1168233632,-1013,6645,107
9743528,26131,348435907,-1168233596,-1014,6645,107
9753760,26131,348435902,-1168233560,-1014,6646,107
9763578,26131,348435898,-1168233522,-1014,6646,107
9773502,26131,348435893,-1168233486,-1014,6646,106
9783888,26131,348435888,-1168233450,-1013,6646,106
9793440,26131,348435884,-1168233414,-1013,6646,106
9804208,26131,348435879,-1168233378,-1013,6646,106
9813613,26131,348435875,-1168233341,-1013,6646,106
9823488,26131,348435870,-1168233305,-1014,6646,105
9833447,26131,348435866,-1168233269,-1013,6647,105
9843433,26131,348435861,-1168233233,-1014,6647,104
9853669,26131,348435856,-1168233197,-1013,6647,103
9863645,26131,348435852,-1168233159,-1014,6647,103
9873822,26131,348435847,-1168233123,-1013,6647,103
9883785,26131,348435843,-1168233087,-1014,6647,102
9893439,26131,348435838,-1168233051,-1014,6647,102
9903680,26131,348435834,-1168233015,-1013,6647,102
9914073,26131,348435829,-1168232977,-1014,6647,102
9923970,26131,348435824,-1168232941,-1013,6647,101
9933432,26131,348435820,-1168232905,-1014,6647,101
9943466,26131,348435815,-1168232869,-1014,6647,100
9953946,26131,348435811,-1168232833,-1014,6647,100
9964630,26131,348435806,-1168232796,-1014,6647,99
9973564,26131,348435802,-1168232760,-1014,6647,99
9983428,26131,348435797,-1168232724,-1014,6647,98
9993443,26131,348435792,-1168232687,-1015,6647,98
10004128,26131,348435788,-1168232651,-1014,6647,98
10013579,26131,348435783,-1168232614,-1015,6647,98
10023511,26131,348435779,-1168232578,-1014,6647,97
10033445,26131,348435774,-1168232542,-1015,6647,97
10043831,26131,348435770,-1168232506,-1014,6647,97
10053953,26131,348435765,-1168232470,-1015,6647,97
10063578,26131,348435760,-1168232432,-1015,6647,97
10073897,26132,348435756,-1168232396,-1015,6647,96
10083428,26132,348435751,-1168232360,-1015,6647,96
10093439,26132,348435747,-1168232324,-1014,6647,96
10104495,26132,348435742,-1168232288,-1014,6647,97
10113585,26132,348435738,-1168232251,-1014,6647,97
10123915,26132,348435733,-1168232215,-1014,6647,98
10133438,26132,348435728,-1168232178,-1015,6647,98
10143429,26132,348435724,-1168232142,-1014,6647,98
10153672,26132,348435719,-1168232106,-1014,6647,99
10163562,26132,348435715,-1168232069,-1014,6647,99
10173510,26132,348435710,-1168232033,-1013,6648,100
10183431,26132,348435706,-1168231997,-1014,6648,101
10193438,26132,348435701,-1168231961,-1014,6648,101
10203625,26132,348435697,-1168231925,-1014,6648,102
10213678,26132,348435692,-1168231887,-1013,6648,103
10223523,26132,348435687,-1168231851,-1013,6648,104
10234749,26132,348435683,-1168231815,-1013,6648,105
10243475,26132,348435678,-1168231779,-1013,6648,106
10253623,26132,348435674,-1168231743,-1013,6648,107
10264062,26132,348435669,-1168231706,-1014,6648,107
10273489,26132,348435664,-1168231670,-1013,6648,108
10284094,26133,348435660,-1168231634,-1013,6648,108
10295760,26133,348435655,-1168231597,-1013,6648,109
10304197,26133,348435651,-1168231561,-1013,6648,110
10313572,26133,348435646,-1168231524,-1013,6648,111
10323476,26133,348435642,-1168231488,-1013,6648,113
10334012,26134,348435637,-1168231452,-1013,6649,114
10343434,26134,348435632,-1168231416,-1013,6649,114
10353638,26134,348435628,-1168231380,-1012,6649,114
10363677,26134,348435623,-1168231342,-1012,6649,115
10373836,26134,348435619,-1168231306,-1012,6649,116
10383412,26134,348435614,-1168231270,-1013,6649,117
10393442,26135,348435610,-1168231234,-1012,6649,118
10404463,26135,348435605,-1168231198,-1012,6649,119
10413623,26135,348435600,-1168231161,-1012,6649,120
10423500,26135,348435596,-1168231125,-1011,6649,120
10433444,26135,348435591,-1168231088,-1012,6650,121
10443441,26136,348435587,-1168231052,-1011,6650,121
10453948,26136,348435582,-1168231016,-1012,6650,121
10463622,26136,348435577,-1168230979,-1011,6650,122
10473483,26136,348435573,-1168230943,-1011,6650,123
10484138,26136,348435568,-1168230907,-1010,6650,123
10493746,26136,348435564,-1168230871,-1011,6650,124
10503655,26137,348435559,-1168230835,-1011,6650,125
10513658,26137,348435555,-1168230797,-1011,6651,125
10523446,26137,348435550,-1168230761,-1011,6651,125
10533995,26137,348435546,-1168230725,-1010,6651,126
10543441,26137,348435541,-1168230689,-1010,6651,126
10553645,26138,348435536,-1168230653,-1010,6651,126
10563597,26138,348435532,-1168230615,-1010,6651,127
10573483,26138,348435527,-1168230579,-1010,6651,127
10583752,26138,348435523,-1168230543,-1010,6652,128
10593529,26138,348435518,-1168230507,-1009,6652,128
10604058,26139,348435514,-1168230471,-1009,6652,127
10613612,26139,348435509,-1168230434,-1008,6652,128
10623482,26139,348435505,-1168230398,-1008,6652,128
10633421,26139,348435500,-1168230362,-1009,6652,129
10643586,26139,348435495,-1168230325,-1008,6652,129
10654331,26139,348435491,-1168230289,-1008,6652,130
10663653,26139,348435486,-1168230252,-1007,6652,130
10674842,26139,348435482,-1168230216,-1007,6653,130
10683618,26140,348435477,-1168230180,-1007,6653,131
10693427,26140,348435473,-1168230144,-1007,6653,131
10704916,26140,348435468,-1168230108,-1007,6653,130
10713957,26140,348435464,-1168230070,-1006,6654,130
10724514,26140,348435459,-1168230034,-1006,6654,130
10733713,26140,348435455,-1168229998,-1005,6654,130
10743431,26140,348435450,-1168229962,-1005,6653,130
10753627,26140,348435445,-1168229926,-1005,6654,130
10764125,26140,348435441,-1168229888,-1005,6654,129
10773834,26141,348435436,-1168229852,-1004,6654,127
10783419,26141,348435432,-1168229816,-1003,6655,126
10793468,26141,348435427,-1168229780,-1003,6654,125
10804382,26141,348435423,-1168229744,-1003,6654,125
10813600,26141,348435418,-1168229706,-1002,6654,124
10824030,26141,348435414,-1168229670,-1003,6654,123
10833527,26141,348435409,-1168229634,-1002,6655,122
10843410,26141,348435405,-1168229598,-1002,6655,120
10853882,26141,348435400,-1168229562,-1002,6655,119
10865202,26141,348435396,-1168229524,-1001,6655,118
10873480,26141,348435391,-1168229488,-1001,6655,117
10883470,26141,348435387,-1168229452,-1001,6655,116
10893732,26141,348435382,-1168229416,-1002,6655,115
10903646,26141,348435378,-1168229380,-1001,6655,113
10913816,26141,348435373,-1168229343,-1001,6655,111
10923601,26141,348435369,-1168229307,-1000,6655,110
10934261,26141,348435364,-1168229270,-1001,6655,110
10943898,26141,348435360,-1168229234,-1000,6655,109
10954253,26141,348435355,-1168229198,-1001,6655,109
10963594,26141,348435351,-1168229161,-1001,6655,108
10974344,26141,348435346,-1168229125,-1000,6655,108
10983419,26141,348435342,-1168229089,-1000,6655,107
10993831,26141,348435337,-1168229053,-1001,6655,107
11004250,26141,348435332,-1168229016,-1001,6655,107
11014216,26141,348435328,-1168228979,-1001,6655,106
11023936,26141,348435323,-1168228943,-1001,6655,106
11034403,26141,348435319,-1168228907,-1001,6655,106
11043409,26141,348435314,-1168228871,-1001,6654,107
11054660,26140,348435310,-1168228835,-1001,6654,107
11064711,26140,348435305,-1168228797,-1002,6654,108
11073476,26140,348435301,-1168228761,-1002,6654,109
11083451,26140,348435296,-1168228725,-1002,6654,109
11094839,26140,348435292,-1168228689,-1002,6654,109
11103638,26140,348435287,-1168228653,-1002,6654,110
11113560,26140,348435283,-1168228615,-1002,6654,111
11123469,26140,348435278,-1168228579,-1002,6654,113
11133411,26140,348435274,-1168228543,-1002,6654,114
11143459,26140,348435269,-1168228507,-1003,6654,115
11154191,26140,348435265,-1168228471,-1002,6654,116
11163574,26140,348435260,-1168228433,-1002,6654,116
11173578,26140,348435256,-1168228397,-1002,6654,117
11183658,26140,348435251,-1168228361,-1002,6654,117
11193423,26139,348435247,-1168228325,-1002,6654,118
11203615,26139,348435242,-1168228289,-1002,6654,118
11214497,26139,348435238,-1168228251,-1002,6654,119
11223484,26139,348435233,-1168228215,-1002,6654,119
11233410,26139,348435229,-1168228179,-1002,6654,119
11244228,26139,348435224,-1168228143,-1002,6654,119
11253612,26139,348435220,-1168228107,-1003,6654,119
11263589,26138,348435215,-1168228070,-1003,6654,119
11273478,26138,348435210,-1168228034,-1004,6654,119
11283390,26139,348435206,-1168227997,-1004,6654,118
11293403,26139,348435201,-1168227961,-1005,6654,119
11304229,26139,348435197,-1168227925,-1005,6653,119
11313556,26139,348435192,-1168227888,-1005,6653,118
11325486,26139,348435188,-1168227852,-1006,6653,118
11333689,26139,348435183,-1168227816,-1006,6653,118
11343521,26139,348435179,-1168227780,-1006,6653,117
11353693,26140,348435174,-1168227743,-1006,6653,118
11363542,26140,348435170,-1168227706,-1006,6652,119
11373521,26140,348435165,-1168227670,-1007,6652,120
11383480,26140,348435161,-1168227634,-1006,6652,121
11393417,26140,348435156,-1168227598,-1007,6652,122
11403974,26141,348435152,-1168227562,-1006,6652,123
11413545,26141,348435147,-1168227524,-1006,6652,125
11423483,26141,348435142,-1168227488,-1006,6652,127
11433415,26141,348435138,-1168227452,-1006,6652,130
11443396,26141,348435133,-1168227416,-1006,6652,132
11454014,26141,348435129,-1168227380,-1006,6653,134
11463546,26141,348435124,-1168227342,-1006,6653,135
11473466,26141,348435120,-1168227306,-1005,6654,136
11483401,26141,348435115,-1168227270,-1005,6654,138
11493440,26142,348435111,-1168227234,-1005,6653,139
11503639,26142,348435106,-1168227198,-1004,6653,141
11513565,26142,348435102,-1168227160,-1005,6654,142
11523470,26142,348435097,-1168227124,-1004,6654,142
11533431,26142,348435093,-1168227088,-1004,6654,142
11543425,26142,348435088,-1168227052,-1003,6654,142
11553633,26142,348435084,-1168227016,-1003,6654,143
11564367,26142,348435079,-1168226979,-1003,6654,144
11573742,26142,348435075,-1168226943,-1003,6654,144
11583424,26142,348435070,-1168226906,-1004,6654,145
11594633,26142,348435065,-1168226870,-1003,6654,145
11604098,26142,348435061,-1168226834,-1003,6654,145
11614006,26142,348435056,-1168226797,-1002,6655,145
11623791,26142,348435052,-1168226761,-1003,6654,146
11633413,26142,348435047,-1168226725,-1003,6654,146
11643539,26142,348435043,-1168226689,-1003,6655,146
11653695,26142,348435038,-1168226652,-1004,6655,146
11663562,26142,348435034,-1168226615,-1003,6655,147
11673758,26141,348435029,-1168226579,-1003,6654,147
11683388,26141,348435025,-1168226543,-1003,6655,148
11693405,26141,348435020,-1168226507,-1003,6655,148
11704572,26141,348435016,-1168226471,-1004,6655,149
11713921,26141,348435011,-1168226433,-1003,6655,149
11723472,26141,348435007,-1168226397,-1003,6656,149
11734014,26141,348435002,-1168226361,-1003,6656,150
11743420,26141,348434998,-1168226325,-1003,6656,150
11754447,26141,348434993,-1168226289,-1003,6656,151
11763712,26141,348434989,-1168226251,-1003,6656,151
11773445,26141,348434984,-1168226215,-1003,6656,151
11784308,26141,348434980,-1168226179,-1003,6657,150
11793470,26141,348434975,-1168226143,-1003,6656,150
11803600,26141,348434971,-1168226107,-1003,6657,149
11813806,26141,348434966,-1168226069,-1003,6657,150
11835195,26141,348434962,-1168226033,-1003,6657,150
11835680,26141,348434957,-1168225997,-1003,6657,149
11843405,26141,348434952,-1168225961,-1003,6657,148
11853598,26141,348434948,-1168225925,-1003,6657,147
11863612,26141,348434943,-1168225887,-1003,6658,146
11873462,26141,348434939,-1168225851,-1003,6657,145
11883528,26141,348434934,-1168225815,-1003,6658,145
11893990,26141,348434930,-1168225779,-1004,6657,145
11903646,26141,348434925,-1168225743,-1004,6658,145
11913548,26141,348434921,-1168225705,-1004,6658,144
11923464,26141,348434916,-1168225669,-1004,6658,143
11933396,26141,348434912,-1168225633,-1004,6658,142
11943471,26141,348434907,-1168225597,-1004,6658,141
11953762,26141,348434903,-1168225561,-1004,6658,140
11963583,26141,348434898,-1168225523,-1004,6658,140
11974488,26141,348434894,-1168225487,-1004,6658,140
11983405,26141,348434889,-1168225451,-1004,6658,140
11993418,26141,348434885,-1168225415,-1003,6658,140
12003615,26141,348434880,-1168225379,-1004,6658,140
12013542,26141,348434876,-1168225341,-1004,6658,139
12023481,26141,348434871,-1168225305,-1004,6658,139
12033629,26141,348434867,-1168225269,-1004,6658,139
12043465,26141,348434862,-1168225233,-1004,6658,140
12054326,26141,348434857,-1168225197,-1003,6659,139
12063558,26141,348434853,-1168225159,-1003,6659,140
12073470,26141,348434848,-1168225123,-1003,6659,141
12083387,26141,348434844,-1168225087,-1004,6659,142
12093389,26140,348434839,-1168225051,-1004,6658,141
12103662,26140,348434835,-1168225015,-1004,6659,140
12113547,26140,348434830,-1168224977,-1003,6660,140
12123496,26140,348434826,-1168224941,-1003,6660,139
12133746,26140,348434821,-1168224905,-1003,6659,139
12143783,26139,348434817,-1168224869,-1003,6659,140
12153699,26139,348434812,-1168224833,-1004,6659,142
12165267,26139,348434808,-1168224795,-1002,6659,143
12173454,26139,348434803,-1168224759,-1003,6659,142
12183400,26138,348434799,-1168224723,-1003,6660,141
12193416,26138,348434794,-1168224687,-1004,6660,139
12204330,26138,348434790,-1168224651,-1005,6660,138
12214413,26138,348434785,-1168224613,-1004,6660,138
12223470,26138,348434781,-1168224577,-1005,6659,139
12233434,26138,348434776,-1168224541,-1005,6659,140
12243423,26138,348434772,-1168224505,-1005,6659,140
12253618,26137,348434767,-1168224469,-1005,6659,140
12263516,26137,348434762,-1168224431,-1006,6659,140
12273443,26137,348434758,-1168224395,-1006,6659,139
12283395,26137,348434753,-1168224359,-1006,6659,138
12294306,26137,348434749,-1168224323,-1006,6659,139
12304882,26137,348434744,-1168224287,-1006,6659,140
12313558,26137,348434740,-1168224249,-1007,6659,141
12323890,26136,348434735,-1168224213,-1007,6659,142
12333463,26136,348434731,-1168224177,-1008,6659,143
12343395,26136,348434726,-1168224141,-1008,6659,143
12354473,26136,348434722,-1168224105,-1007,6659,144
12363562,26135,348434717,-1168224067,-1007,6659,144
12373718,26135,348434713,-1168224031,-1008,6659,145
12383395,26135,348434708,-1168223995,-1008,6659,146
12393670,26135,348434703,-1168223959,-1009,6659,146
12403598,26134,348434699,-1168223923,-1009,6659,146
12413537,26134,348434694,-1168223885,-1009,6659,147
12423675,26134,348434690,-1168223849,-1009,6658,147
12433417,26133,348434685,-1168223813,-1009,6658,148
12443399,26133,348434681,-1168223777,-1009,6658,149
12454184,26133,348434676,-1168223741,-1010,6658,150
12463542,26132,348434672,-1168223703,-1011,6659,150
12473464,26132,348434667,-1168223667,-1010,6659,150
12483549,26131,348434663,-1168223631,-1010,6658,150
12493390,26131,348434658,-1168223595,-1011,6658,150
12503742,26131,348434653,-1168223559,-1011,6658,151
12515881,26130,348434649,-1168223521,-1013,6658,151
12523500,26130,348434644,-1168223485,-1013,6658,151
12533579,26130,348434640,-1168223449,-1013,6658,150
12543973,26130,348434635,-1168223413,-1014,6658,150
12553626,26129,348434631,-1168223377,-1014,6657,150
12563538,26129,348434626,-1168223339,-1015,6657,151
12573578,26129,348434621,-1168223303,-1015,6657,150
12583410,26129,348434617,-1168223267,-1016,6657,150
12593390,26128,348434612,-1168223231,-1016,6657,149
12604216,26128,348434608,-1168223195,-1016,6657,148
12613557,26128,348434603,-1168223157,-1016,6657,147
12623474,26128,348434599,-1168223121,-1017,6656,147
12634503,26128,348434594,-1168223085,-1018,6656,147
12643421,26128,348434589,-1168223049,-1018,6656,147
12653593,26127,348434585,-1168223013,-1019,6656,146
12663940,26127,348434580,-1168222975,-1018,6656,145
12673499,26127,348434576,-1168222939,-1018,6656,145
12683381,26127,348434571,-1168222903,-1019,6656,144
12693982,26127,348434566,-1168222867,-1019,6656,144
12703835,26127,348434562,-1168222831,-1020,6655,143
12713546,26127,348434557,-1168222794,-1020,6655,142
12723821,26127,348434553,-1168222757,-1020,6655,142
12733374,26127,348434548,-1168222721,-1020,6655,142
12743391,26127,348434544,-1168222685,-1019,6655,142
12754723,26127,348434539,-1168222649,-1020,6655,143
12763520,26127,348434534,-1168222612,-1020,6654,143
12774008,26127,348434530,-1168222576,-1020,6655,143
12784699,26127,348434525,-1168222540,-1020,6655,143
12793406,26127,348434521,-1168222503,-1020,6655,143
12803610,26127,348434516,-1168222467,-1019,6655,144
12814084,26127,348434511,-1168222430,-1020,6654,144
12823445,26127,348434507,-1168222394,-1020,6654,145
12833385,26127,348434502,-1168222358,-1020,6654,146
12845160,26127,348434498,-1168222322,-1019,6654,147
12853963,26127,348434493,-1168222285,-1019,6654,148
12864000,26127,348434488,-1168222248,-1018,6654,149
12873886,26127,348434484,-1168222212,-1019,6655,150
12883392,26127,348434479,-1168222176,-1019,6655,151
12894058,26126,348434475,-1168222140,-1019,6655,152
12904522,26126,348434470,-1168222104,-1019,6655,153
12913526,26126,348434465,-1168222066,-1018,6655,154
12923441,26126,348434461,-1168222030,-1018,6655,156
12934020,26126,348434456,-1168221994,-1018,6655,157
12943401,26126,348434452,-1168221958,-1018,6655,158
12953913,26126,348434447,-1168221922,-1019,6655,159
12963511,26126,348434442,-1168221884,-1018,6655,159
12973455,26126,348434438,-1168221848,-1018,6655,160
12983409,26126,348434433,-1168221812,-1018,6655,161
12993380,26126,348434429,-1168221776,-1018,6655,163
13003591,26126,348434424,-1168221740,-1018,6655,164
13013685,26126,348434420,-1168221702,-1019,6655,164
13023442,26126,348434415,-1168221666,-1019,6655,164
13033382,26127,348434410,-1168221630,-1018,6655,164
13043384,26127,348434406,-1168221594,-1018,6655,164
13053914,26127,348434401,-1168221558,-1018,6655,165
13063527,26127,348434397,-1168221520,-1019,6655,166
13073801,26127,348434392,-1168221484,-1019,6654,168
13084826,26127,348434387,-1168221448,-1020,6655,168
13093375,26127,348434383,-1168221412,-1020,6655,168
13103581,26127,348434378,-1168221376,-1020,6655,168
13113530,26128,348434374,-1168221338,-1020,6655,167
13123439,26128,348434369,-1168221302,-1020,6655,167
13133382,26128,348434364,-1168221266,-1020,6655,167
13143389,26128,348434360,-1168221230,-1021,6654,168
13154072,26128,348434355,-1168221194,-1021,6655,168
13163525,26128,348434351,-1168221156,-1020,6655,168
13173443,26128,348434346,-1168221120,-1020,6655,167
13183374,26129,348434342,-1168221084,-1020,6655,167
13193404,26129,348434337,-1168221048,-1020,6655,166
13203989,26129,348434332,-1168221012,-1020,6655,166
13213841,26129,348434328,-1168220975,-1020,6655,166
13223447,26129,348434323,-1168220938,-1020,6655,165
13233390,26129,348434319,-1168220902,-1019,6655,165
13243921,26129,348434314,-1168220866,-1019,6655,164
13253577,26129,348434309,-1168220830,-1019,6655,164
13263521,26129,348434305,-1168220793,-1019,6655,164
13274588,26129,348434300,-1168220756,-1019,6655,163
13283399,26129,348434296,-1168220720,-1019,6655,162
13293383,26129,348434291,-1168220684,-1018,6655,162
13304251,26130,348434287,-1168220648,-1018,6655,161
13313556,26130,348434282,-1168220611,-1018,6655,161
13323734,26130,348434278,-1168220575,-1018,6655,161
13333776,26130,348434273,-1168220538,-1017,6655,161
13343387,26130,348434268,-1168220502,-1017,6655,161
13353589,26130,348434264,-1168220466,-1017,6656,160
13363511,26130,348434259,-1168220429,-1017,6656,160
13373461,26130,348434255,-1168220393,-1016,6656,159
13383381,26130,348434250,-1168220357,-1017,6656,159
13393369,26130,348434246,-1168220320,-1017,6656,158
13403699,26130,348434241,-1168220284,-1017,6656,158
13413509,26130,348434236,-1168220247,-1016,6656,158
13423442,26130,348434232,-1168220211,-1016,6656,158
13433537,26131,348434227,-1168220175,-1016,6655,159
13443382,26131,348434223,-1168220138,-1016,6655,159
13454134,26131,348434218,-1168220102,-1016,6655,159
13464916,26131,348434214,-1168220065,-1017,6656,159
13473907,26131,348434209,-1168220029,-1016,6656,158
13483802,26131,348434204,-1168219993,-1016,6656,158
13493552,26131,348434200,-1168219957,-1016,6656,159
13503623,26132,348434195,-1168219920,-1016,6655,160
13513564,26132,348434191,-1168219883,-1016,6655,161
13523435,26132,348434186,-1168219847,-1016,6655,161
13533383,26132,348434182,-1168219811,-1016,6656,161
13543372,26132,348434177,-1168219775,-1016,6656,161
13553586,26132,348434173,-1168219739,-1015,6656,162
13563540,26132,348434168,-1168219701,-1015,6656,162
13574075,26132,348434163,-1168219665,-1015,6656,163
13583375,26133,348434159,-1168219629,-1016,6656,164
13593429,26133,348434154,-1168219593,-1015,6656,164
13605212,26133,348434150,-1168219557,-1015,6656,164
13613517,26133,348434145,-1168219519,-1014,6656,164
13624233,26133,348434141,-1168219483,-1015,6656,165
13633396,26133,348434136,-1168219447,-1014,6656,165
13643373,26133,348434131,-1168219411,-1015,6656,166
13653824,26133,348434127,-1168219375,-1014,6656,166
13663568,26133,348434122,-1168219337,-1014,6656,167
13673656,26133,348434118,-1168219301,-1014,6656,167
13683377,26133,348434113,-1168219265,-1014,6656,168
13693441,26133,348434109,-1168219229,-1014,6656,168
13703612,26133,348434104,-1168219193,-1014,6656,168
13713525,26133,348434100,-1168219155,-1014,6656,169
13723723,26133,348434095,-1168219119,-1014,6656,169
13733356,26133,348434090,-1168219083,-1013,6656,169
13743384,26133,348434086,-1168219047,-1014,6656,169
13753551,26133,348434081,-1168219011,-1014,6656,170
13763516,26133,348434077,-1168218973,-1014,6656,170
13773739,26133,348434072,-1168218937,-1014,6656,170
13783587,26133,348434068,-1168218901,-1014,6656,170
13793395,26133,348434063,-1168218865,-1014,6657,169
13803574,26133,348434059,-1168218829,-1014,6657,169
13814924,26133,348434054,-1168218791,-1014,6657,169
13823421,26133,348434049,-1168218755,-1014,6656,169
13833368,26133,348434045,-1168218719,-1014,6656,169
13843901,26133,348434040,-1168218683,-1014,6657,169
13854282,26133,348434036,-1168218647,-1013,6656,169
13863526,26133,348434031,-1168218609,-1013,6656,168
13873420,26133,348434027,-1168218573,-1013,6656,168
13883337,26133,348434022,-1168218537,-1013,6656,169
13893909,26133,348434017,-1168218501,-1014,6656,168
13903569,26132,348434013,-1168218465,-1014,6656,168
13913543,26132,348434008,-1168218427,-1014,6656,169
13923443,26132,348434004,-1168218391,-1013,6656,169
13933367,26132,348433999,-1168218355,-1013,6656,169
13943382,26132,348433995,-1168218319,-1013,6656,169
13953610,26132,348433990,-1168218283,-1014,6656,169
13964881,26132,348433986,-1168218245,-1014,6656,169
13973590,26131,348433981,-1168218209,-1014,6656,169
13983353,26131,348433976,-1168218173,-1014,6656,170
13993559,26131,348433972,-1168218137,-1013,6656,170
14004343,26131,348433967,-1168218101,-1014,6656,171
14013507,26131,348433963,-1168218063,-1014,6655,171
14023421,26131,348433958,-1168218027,-1014,6655,171
14033377,26130,348433954,-1168217991,-1015,6656,171
14043352,26130,348433949,-1168217955,-1014,6656,171
14053626,26130,348433945,-1168217919,-1014,6655,172
14063511,26130,348433940,-1168217882,-1014,6655,172
14074072,26130,348433935,-1168217845,-1015,6655,173
14083341,26130,348433931,-1168217809,-1016,6655,174
14093378,26130,348433926,-1168217773,-1015,6655,174
14104134,26130,348433922,-1168217737,-1015,6655,174
14113502,26130,348433917,-1168217700,-1015,6655,175
14123415,26130,348433913,-1168217664,-1015,6655,176
14133365,26129,348433908,-1168217627,-1015,6655,176
14143374,26129,348433903,-1168217591,-1016,6655,176
14153614,26129,348433899,-1168217555,-1016,6655,176
14163518,26129,348433894,-1168217518,-1016,6655,177
14173450,26129,348433890,-1168217482,-1016,6655,177
14183418,26129,348433885,-1168217446,-1015,6655,178
14193573,26128,348433881,-1168217409,-1016,6655,179
14204520,26128,348433876,-1168217373,-1016,6655,179
14214330,26128,348433871,-1168217336,-1017,6655,179
14224375,26128,348433867,-1168217300,-1016,6655,179
14233773,26128,348433862,-1168217264,-1016,6655,179
14243356,26128,348433858,-1168217228,-1016,6655,180
14253569,26128,348433853,-1168217192,-1017,6654,180
14263989,26127,348433849,-1168217154,-1017,6654,180
14274335,26127,348433844,-1168217118,-1017,6654,181
14283357,26127,348433839,-1168217082,-1018,6654,181
14293886,26127,348433835,-1168217046,-1017,6654,181
14303568,26127,348433830,-1168217010,-1017,6654,181
14313503,26127,348433826,-1168216972,-1018,6654,181
14324351,26126,348433821,-1168216936,-1018,6654,181
14333353,26126,348433816,-1168216900,-1019,6654,181
14343410,26126,348433812,-1168216864,-1019,6654,181
14353952,26126,348433807,-1168216828,-1018,6654,180
14363475,26126,348433803,-1168216790,-1019,6654,180
14373422,26126,348433798,-1168216754,-1019,6654,180
14385148,26125,348433794,-1168216718,-1019,6654,180
14393398,26125,348433789,-1168216682,-1020,6653,179
14403599,26125,348433784,-1168216646,-1020,6654,179
14413612,26125,348433780,-1168216608,-1020,6653,179
14423521,26125,348433775,-1168216572,-1020,6653,178
14433348,26125,348433771,-1168216536,-1020,6653,178
14443628,26125,348433766,-1168216500,-1021,6653,177
14455137,26124,348433761,-1168216464,-1020,6653,177
14463506,26124,348433757,-1168216426,-1021,6653,177
14473768,26124,348433752,-1168216390,-1021,6653,177
14483342,26124,348433748,-1168216354,-1021,6653,177
14493349,26124,348433743,-1168216318,-1020,6653,176
14503754,26124,348433738,-1168216282,-1021,6652,176
14513601,26124,348433734,-1168216245,-1021,6652,176
14524479,26124,348433729,-1168216209,-1022,6652,177
14534974,26124,348433725,-1168216173,-1022,6652,177
14543598,26124,348433720,-1168216136,-1021,6652,176
14553586,26124,348433715,-1168216100,-1022,6652,176
14563951,26124,348433711,-1168216063,-1021,6652,176
14573799,26124,348433706,-1168216027,-1021,6652,176
14583366,26124,348433702,-1168215991,-1022,6652,176
14594215,26124,348433697,-1168215955,-1022,6652,176
14605006,26124,348433692,-1168215919,-1022,6652,176
14614337,26124,348433688,-1168215881,-1021,6652,177
14624339,26124,348433683,-1168215845,-1021,6652,177
14633376,26124,348433679,-1168215809,-1021,6652,177
14643947,26124,348433674,-1168215773,-1022,6652,177
14654345,26124,348433669,-1168215737,-1022,6652,177
14663509,26124,348433665,-1168215699,-1021,6652,177
14673810,26124,348433660,-1168215663,-1022,6652,177
14683358,26124,348433656,-1168215627,-1021,6652,177
14693356,26124,348433651,-1168215591,-1022,6652,177
14703563,26124,348433646,-1168215555,-1022,6652,176
14714733,26124,348433642,-1168215517,-1022,6652,176
14723484,26124,348433637,-1168215481,-1022,6652,176
14733952,26124,348433633,-1168215445,-1022,6652,175
14743369,26124,348433628,-1168215409,-1022,6652,175
14753580,26124,348433623,-1168215373,-1022,6651,175
14763920,26124,348433619,-1168215336,-1022,6651,175
14773452,26124,348433614,-1168215300,-1022,6651,175
14783363,26124,348433610,-1168215264,-1022,6651,174
14793364,26124,348433605,-1168215227,-1022,6651,173
14803566,26124,348433600,-1168215191,-1022,6651,173
14813506,26124,348433596,-1168215154,-1022,6651,173
14823472,26124,348433591,-1168215118,-1022,6651,174
14833348,26124,348433587,-1168215082,-1023,6651,173
14843346,26124,348433582,-1168215046,-1023,6651,173
14853562,26124,348433577,-1168215010,-1022,6651,172
14863487,26124,348433573,-1168214972,-1022,6651,172
14873453,26124,348433568,-1168214936,-1021,6651,172
14883350,26124,348433564,-1168214900,-1022,6651,171
14893392,26124,348433559,-1168214864,-1023,6651,170
14903560,26124,348433554,-1168214828,-1023,6651,170
14913501,26124,348433550,-1168214790,-1022,6651,170
14924850,26124,348433545,-1168214754,-1022,6650,170
14933352,26124,348433541,-1168214718,-1022,6650,170
14943366,26124,348433536,-1168214682,-1022,6650,170
14954258,26124,348433531,-1168214646,-1022,6650,171
14963493,26124,348433527,-1168214609,-1022,6650,170
14973460,26124,348433522,-1168214572,-1023,6651,169
14983352,26123,348433518,-1168214536,-1022,6651,168
14993350,26123,348433513,-1168214500,-1022,6650,168
15003970,26123,348433508,-1168214464,-1022,6650,168
15013814,26123,348433504,-1168214427,-1021,6650,168
15024211,26123,348433499,-1168214391,-1023,6650,168
15033362,26123,348433495,-1168214355,-1021,6650,168
15043357,26123,348433490,-1168214319,-1022,6650,168
15053553,26123,348433485,-1168214283,-1020,6650,167
15063497,26123,348433481,-1168214245,-1022,6650,167
15074232,26123,348433476,-1168214209,-1021,6650,166
15083363,26123,348433472,-1168214173,-1022,6650,166
15093613,26123,348433467,-1168214137,-1022,6650,166
15103928,26123,348433462,-1168214101,-1022,6650,165
15114257,26123,348433458,-1168214063,-1022,6649,166
15123456,26123,348433453,-1168214027,-1020,6650,165
15133359,26123,348433449,-1168213991,-1022,6649,166
15144280,26123,348433444,-1168213955,-1022,6649,166
15153588,26123,348433439,-1168213919,-1022,6650,165
15163477,26123,348433435,-1168213881,-1022,6650,164
15173715,26123,348433430,-1168213845,-1021,6650,164
15183351,26123,348433426,-1168213809,-1022,6650,164
15193359,26123,348433421,-1168213773,-1021,6649,165
15204268,26123,348433416,-1168213737,-1022,6649,165
15213572,26123,348433412,-1168213700,-1022,6649,164
15223451,26123,348433407,-1168213664,-1022,6649,164
15233358,26123,348433403,-1168213628,-1021,6649,164
15243352,26123,348433398,-1168213592,-1021,6649,163
15253692,26124,348433393,-1168213556,-1021,6649,164
15263484,26124,348433389,-1168213518,-1021,6649,164
15273410,26124,348433384,-1168213482,-1021,6649,164
15283348,26124,348433380,-1168213446,-1021,6649,164
15293454,26124,348433375,-1168213410,-1021,6649,164
15303570,26124,348433370,-1168213374,-1021,6648,164
15313515,26124,348433366,-1168213336,-1020,6649,165
15324218,26124,348433361,-1168213300,-1020,6649,165
15333362,26124,348433357,-1168213264,-1020,6649,165
15343338,26124,348433352,-1168213228,-1021,6649,165
15353672,26124,348433347,-1168213192,-1021,6649,165
15363482,26124,348433343,-1168213155,-1020,6648,165
15373750,26124,348433338,-1168213119,-1020,6648,166
15383364,26124,348433334,-1168213083,-1020,6648,166
15393351,26124,348433329,-1168213046,-1020,6648,166
15403558,26124,348433324,-1168213010,-1021,6648,166
15413894,26124,348433320,-1168212973,-1021,6648,166
15423422,26124,348433315,-1168212937,-1020,6648,166
15433357,26124,348433311,-1168212901,-1020,6648,165
15443352,26124,348433306,-1168212865,-1020,6648,166
15454005,26124,348433301,-1168212829,-1020,6648,166
15463486,26124,348433297,-1168212791,-1021,6648,166
15473626,26124,348433292,-1168212755,-1021,6648,165
15483327,26124,348433288,-1168212719,-1020,6648,165
15493493,26124,348433283,-1168212683,-1020,6648,165
15503844,26124,348433278,-1168212647,-1020,6648,165
15513516,26124,348433274,-1168212609,-1020,6648,165
15524085,26124,348433269,-1168212573,-1021,6648,165
15533383,26124,348433265,-1168212537,-1020,6648,164
15543358,26124,348433260,-1168212501,-1020,6648,163
15553575,26124,348433255,-1168212465,-1020,6648,163
15563475,26124,348433251,-1168212428,-1020,6647,163
15573418,26124,348433246,-1168212392,-1020,6647,162
15583337,26124,348433242,-1168212356,-1020,6647,162
15593673,26124,348433237,-1168212320,-1020,6647,161
15603556,26124,348433233,-1168212284,-1021,6647,160
15613487,26124,348433228,-1168212246,-1021,6647,160
15623446,26124,348433223,-1168212210,-1020,6647,159
15633365,26124,348433219,-1168212174,-1021,6647,159
15643367,26124,348433214,-1168212138,-1021,6647,158
15654270,26124,348433210,-1168212102,-1021,6647,158
15663462,26124,348433205,-1168212064,-1021,6647,157
15677858,26124,348433200,-1168212028,-1021,6646,156
15683760,26124,348433196,-1168211992,-1020,6646,156
15693345,26124,348433191,-1168211956,-1021,6646,156
15703542,26124,348433187,-1168211920,-1021,6646,155
15714716,26124,348433182,-1168211883,-1021,6646,155
15723427,26124,348433177,-1168211847,-1021,6646,154
15733347,26124,348433173,-1168211811,-1020,6646,153
15743354,26124,348433168,-1168211775,-1021,6645,153
15754008,26124,348433164,-1168211739,-1020,6645,152
15763561,26124,348433159,-1168211701,-1021,6645,152
15773669,26124,348433154,-1168211665,-1021,6645,152
15783335,26124,348433150,-1168211629,-1021,6645,151
15793335,26124,348433145,-1168211593,-1021,6645,151
15803558,26124,348433141,-1168211557,-1020,6645,151
15814081,26124,348433136,-1168211520,-1020,6645,150
15823467,26124,348433131,-1168211484,-1021,6645,151
15833350,26124,348433127,-1168211448,-1020,6645,151
15843317,26124,348433122,-1168211412,-1021,6644,150
15853597,26124,348433118,-1168211376,-1021,6645,149
15863463,26124,348433113,-1168211338,-1020,6645,149
15873770,26124,348433108,-1168211302,-1020,6644,148
15883336,26124,348433104,-1168211266,-1020,6644,148
15893897,26124,348433099,-1168211230,-1020,6644,149
15903521,26124,348433095,-1168211194,-1021,6644,149
15913475,26124,348433090,-1168211156,-1020,6644,148
15923389,26124,348433085,-1168211120,-1020,6644,147
15933343,26124,348433081,-1168211084,-1020,6644,147
15943332,26124,348433076,-1168211048,-1020,6644,146
15953529,26125,348433072,-1168211012,-1019,6644,146
15963488,26125,348433067,-1168210975,-1020,6643,146
15973998,26125,348433062,-1168210939,-1020,6643,146
15983545,26125,348433058,-1168210903,-1019,6644,145
15993337,26125,348433053,-1168210867,-1019,6643,145
16003826,26125,348433049,-1168210831,-1019,6643,144
16013592,26125,348433044,-1168210793,-1020,6643,144
16023410,26125,348433040,-1168210757,-1019,6643,144
16033957,26125,348433035,-1168210721,-1019,6643,144
16043696,26125,348433030,-1168210685,-1019,6643,143
16054053,26125,348433026,-1168210649,-1019,6643,143
16063756,26125,348433021,-1168210612,-1019,6643,143
16073962,26125,348433017,-1168210576,-1019,6643,143
16083330,26125,348433012,-1168210540,-1019,6643,142
16094150,26125,348433007,-1168210504,-1020,6643,141
16104261,26125,348433003,-1168210468,-1020,6643,140
16113493,26125,348432998,-1168210430,-1019,6643,140
16123400,26125,348432994,-1168210394,-1019,6642,141
16133425,26125,348432989,-1168210358,-1019,6642,141
16143315,26125,348432984,-1168210322,-1019,6642,140
16153917,26125,348432980,-1168210286,-1020,6642,139
16163541,26125,348432975,-1168210249,-1019,6643,138
16173409,26125,348432971,-1168210213,-1019,6642,138
16183338,26126,348432966,-1168210177,-1018,6642,138
16193752,26126,348432962,-1168210141,-1019,6641,138
16203523,26126,348432957,-1168210105,-1018,6642,138
16213473,26126,348432952,-1168210067,-1019,6641,138
16223466,26126,348432948,-1168210031,-1019,6642,138
16233337,26126,348432943,-1168209995,-1019,6642,137
16243346,26126,348432939,-1168209959,-1019,6641,137
16254011,26126,348432934,-1168209923,-1018,6641,137
16263472,26126,348432929,-1168209885,-1018,6641,137
16273682,26126,348432925,-1168209849,-1018,6641,137
16283960,26126,348432920,-1168209813,-1018,6641,137
16293328,26126,348432916,-1168209777,-1018,6641,137
16303522,26126,348432911,-1168209741,-1018,6641,137
16314185,26126,348432906,-1168209704,-1018,6640,137
16323380,26126,348432902,-1168209668,-1018,6640,137
16333318,26126,348432897,-1168209632,-1017,6640,138
16345885,26126,348432893,-1168209596,-1018,6640,137
16354182,26127,348432888,-1168209560,-1017,6640,137
16363477,26127,348432884,-1168209522,-1017,6640,137
16373792,26127,348432879,-1168209486,-1017,6640,138
16383668,26127,348432874,-1168209450,-1017,6640,138
16393332,26127,348432870,-1168209414,-1017,6640,138
16404670,26127,348432865,-1168209378,-1017,6640,138
16413608,26127,348432861,-1168209341,-1017,6640,138
16423389,26127,348432856,-1168209305,-1016,6640,138
16434564,26127,348432852,-1168209269,-1016,6639,139
16443465,26127,348432847,-1168209233,-1016,6639,139
16453552,26127,348432842,-1168209197,-1016,6639,140
16464118,26127,348432838,-1168209159,-1016,6639,140
16473378,26127,348432833,-1168209123,-1016,6639,140
16483312,26127,348432829,-1168209087,-1016,6639,140
16494180,26127,348432824,-1168209052,-1015,6639,140
16503551,26128,348432819,-1168209016,-1016,6639,140
16513480,26128,348432815,-1168208978,-1015,6639,140
16524789,26128,348432810,-1168208942,-1016,6639,141
16533875,26128,348432806,-1168208906,-1016,6639,141
16543331,26128,348432801,-1168208870,-1016,6639,141
16553539,26128,348432797,-1168208834,-1015,6639,141
16563468,26128,348432792,-1168208797,-1015,6638,141
16573472,26128,348432787,-1168208761,-1016,6638,141
16583327,26128,348432783,-1168208725,-1015,6638,141
16593766,26128,348432778,-1168208689,-1016,6638,141
16603819,26128,348432774,-1168208653,-1016,6638,141
16614155,26128,348432769,-1168208615,-1015,6638,141
16623384,26128,348432765,-1168208579,-1015,6638,141
16634019,26128,348432760,-1168208543,-1016,6637,141
16643360,26128,348432755,-1168208507,-1016,6637,142
16653539,26129,348432751,-1168208471,-1016,6637,142
16663487,26129,348432746,-1168208434,-1016,6637,141
16673403,26129,348432742,-1168208398,-1016,6637,141
16683315,26129,348432737,-1168208362,-1016,6637,141
16693317,26129,348432733,-1168208326,-1015,6637,141
16703520,26129,348432728,-1168208290,-1016,6637,141
16713769,26129,348432723,-1168208252,-1015,6636,142
16723405,26129,348432719,-1168208216,-1016,6636,142
16733356,26129,348432714,-1168208180,-1015,6636,141
16743410,26129,348432710,-1168208144,-1015,6636,141
16754192,26129,348432705,-1168208108,-1014,6636,141
16763481,26129,348432701,-1168208071,-1015,6636,141
16773585,26130,348432696,-1168208035,-1014,6636,142
16784232,26129,348432691,-1168207999,-1015,6636,141
16793403,26130,348432687,-1168207963,-1014,6636,141
16803544,26130,348432682,-1168207927,-1014,6636,141
16813924,26130,348432678,-1168207890,-1013,6636,142
16823953,26130,348432673,-1168207854,-1013,6635,142
16833351,26130,348432669,-1168207818,-1014,6635,142
16843331,26130,348432664,-1168207782,-1014,6636,141
16853564,26130,348432659,-1168207746,-1014,6636,140
16863478,26130,348432655,-1168207708,-1014,6636,140
16873388,26130,348432650,-1168207672,-1013,6635,140
16883313,26130,348432646,-1168207636,-1013,6635,140
16893331,26130,348432641,-1168207600,-1013,6635,141
16903686,26130,348432637,-1168207564,-1015,6634,141
16913487,26130,348432632,-1168207527,-1013,6635,140
16923368,26129,348432627,-1168207491,-1014,6635,139
16934169,26129,348432623,-1168207455,-1013,6635,139
16943313,26129,348432618,-1168207419,-1014,6634,139
16953512,26129,348432614,-1168207383,-1013,6634,139
16963462,26129,348432609,-1168207345,-1014,6634,139
16973381,26128,348432605,-1168207310,-1014,6634,139
16983318,26128,348432600,-1168207274,-1014,6634,138
16993328,26128,348432595,-1168207238,-1013,6634,137
17004225,26128,348432591,-1168207202,-1013,6634,136
17014800,26127,348432586,-1168207164,-1014,6634,136
17023556,26127,348432582,-1168207128,-1013,6633,136
17033361,26126,348432577,-1168207092,-1014,6633,136
17043319,26126,348432573,-1168207056,-1014,6633,135
17053511,26126,348432568,-1168207020,-1014,6633,135
17063475,26125,348432564,-1168206983,-1014,6633,134
17073411,26125,348432559,-1168206947,-1014,6633,134
17083294,26124,348432554,-1168206911,-1014,6632,134
17093331,26124,348432550,-1168206875,-1015,6632,133
17103710,26123,348432545,-1168206839,-1015,6632,133
17113485,26123,348432541,-1168206802,-1015,6632,132
17123369,26123,348432536,-1168206766,-1015,6632,132
17133300,26122,348432532,-1168206730,-1016,6632,131
17143677,26122,348432527,-1168206694,-1016,6631,131
17153524,26121,348432522,-1168206658,-1017,6631,130
17163453,26120,348432518,-1168206620,-1017,6631,130
17173747,26120,348432513,-1168206584,-1018,6631,129
17183325,26120,348432509,-1168206548,-1018,6630,128
17193394,26119,348432504,-1168206512,-1018,6630,128
17203545,26119,348432499,-1168206477,-1019,6630,129
17213456,26118,348432495,-1168206439,-1019,6629,129
17223385,26118,348432490,-1168206403,-1020,6629,127
17233302,26117,348432486,-1168206367,-1021,6630,126
17243299,26117,348432481,-1168206331,-1021,6629,125
17253799,26117,348432477,-1168206295,-1021,6628,126
17263446,26116,348432472,-1168206258,-1022,6628,126
17273369,26116,348432467,-1168206222,-1023,6628,126
17283295,26116,348432463,-1168206186,-1024,6627,125
17293312,26115,348432458,-1168206150,-1024,6627,125
17303515,26115,348432453,-1168206114,-1025,6627,123
17313497,26115,348432449,-1168206077,-1024,6626,123
17323373,26114,348432444,-1168206041,-1024,6626,123
17333903,26114,348432440,-1168206005,-1025,6626,124
17343309,26114,348432435,-1168205969,-1027,6625,124
17354214,26113,348432430,-1168205933,-1026,6626,124
17363879,26113,348432426,-1168205896,-1028,6625,123
17373768,26113,348432421,-1168205860,-1027,6625,123
17383315,26112,348432417,-1168205824,-1028,6625,124
17394362,26112,348432412,-1168205788,-1028,6624,124
17403521,26112,348432407,-1168205752,-1029,6624,124
17413486,26111,348432403,-1168205715,-1030,6624,124
17426454,26111,348432398,-1168205679,-1030,6624,124
17433299,26111,348432393,-1168205643,-1030,6624,123
17443312,26111,348432389,-1168205607,-1030,6623,124
17454322,26110,348432384,-1168205571,-1031,6623,124
17463506,26110,348432379,-1168205533,-1031,6623,124
17473399,26110,348432375,-1168205498,-1032,6623,124
17483288,26109,348432370,-1168205462,-1032,6623,123
17494011,26109,348432365,-1168205426,-1032,6623,123
17504111,26109,348432361,-1168205390,-1032,6622,124
17513495,26109,348432356,-1168205352,-1032,6622,124
17524346,26108,348432352,-1168205317,-1033,6622,125
17533328,26108,348432347,-1168205281,-1033,6621,125
17543323,26108,348432342,-1168205245,-1033,6622,125
17553962,26107,348432338,-1168205209,-1033,6621,125
17563495,26107,348432333,-1168205171,-1034,6621,125
17573390,26107,348432328,-1168205136,-1033,6621,125
17583628,26106,348432324,-1168205100,-1034,6621,125
17593481,26106,348432319,-1168205064,-1034,6620,125
17603507,26106,348432314,-1168205028,-1035,6620,125
17613489,26105,348432310,-1168204990,-1036,6620,125
17623369,26105,348432305,-1168204955,-1035,6620,124
17633311,26105,348432300,-1168204919,-1036,6619,123
17643523,26105,348432296,-1168204883,-1036,6619,123
17654204,26104,348432291,-1168204847,-1036,6619,123
17663778,26104,348432286,-1168204810,-1038,6619,122
17673401,26104,348432282,-1168204774,-1037,6619,121
17683288,26103,348432277,-1168204738,-1037,6618,122
17693326,26103,348432272,-1168204702,-1037,6618,122
17703511,26103,348432268,-1168204666,-1038,6618,121
17713489,26103,348432263,-1168204629,-1038,6617,121
17723360,26103,348432258,-1168204593,-1039,6617,120
17733297,26102,348432254,-1168204557,-1040,6617,119
17743527,26102,348432249,-1168204521,-1040,6617,118
17754310,26102,348432244,-1168204485,-1040,6616,118
17763456,26102,348432240,-1168204448,-1039,6616,116
17774759,26102,348432235,-1168204412,-1040,6615,117
17783551,26101,348432230,-1168204376,-1042,6615,117
17793408,26101,348432225,-1168204340,-1042,6615,116
17803514,26101,348432221,-1168204304,-1042,6615,115
17813498,26101,348432216,-1168204267,-1042,6615,114
17823951,26101,348432211,-1168204231,-1042,6614,114
17833334,26101,348432207,-1168204195,-1043,6614,114
17843891,26101,348432202,-1168204159,-1043,6614,114
17853901,26101,348432197,-1168204124,-1044,6613,114
17863499,26101,348432193,-1168204086,-1044,6613,113
17873376,26100,348432188,-1168204050,-1044,6613,113
17884037,26100,348432183,-1168204014,-1044,6613,113
17893294,26100,348432178,-1168203979,-1044,6613,112
17904667,26100,348432174,-1168203943,-1044,6612,112
17914367,26100,348432169,-1168203905,-1045,6612,111
17923397,26100,348432164,-1168203870,-1045,6612,112
17933934,26100,348432160,-1168203834,-1045,6612,112
17944149,26100,348432155,-1168203798,-1044,6611,113
17953506,26099,348432150,-1168203762,-1044,6611,113
17963434,26099,348432146,-1168203725,-1045,6611,114
17973346,26099,348432141,-1168203689,-1045,6611,114
17983930,26099,348432136,-1168203653,-1045,6611,114
17993316,26099,348432131,-1168203617,-1045,6611,114
18004795,26099,348432127,-1168203581,-1045,6611,115
18013445,26099,348432122,-1168203544,-1044,6611,115
18023364,26099,348432117,-1168203508,-1045,6611,115
18033823,26098,348432113,-1168203472,-1045,6611,116
18043431,26098,348432108,-1168203436,-1046,6610,116
18053520,26098,348432103,-1168203401,-1046,6610,116
18064097,26098,348432098,-1168203363,-1046,6610,116
18073355,26098,348432094,-1168203327,-1046,6610,115
18083274,26098,348432089,-1168203292,-1047,6610,116
18094183,26098,348432084,-1168203256,-1047,6610,117
18103493,26098,348432080,-1168203220,-1049,6610,116
18113435,26098,348432075,-1168203183,-1047,6610,116
18124607,26098,348432070,-1168203147,-1048,6609,116
18133322,26098,348432065,-1168203111,-1048,6609,116
18143287,26098,348432061,-1168203075,-1049,6609,116
18154208,26098,348432056,-1168203039,-1049,6609,116
18163444,26098,348432051,-1168203002,-1050,6609,116
18173361,26098,348432047,-1168202966,-1050,6608,115
18184373,26098,348432042,-1168202930,-1050,6609,115
18193317,26099,348432037,-1168202894,-1050,6608,115
18203492,26099,348432032,-1168202859,-1049,6608,114
18214809,26099,348432028,-1168202821,-1050,6608,114
18223357,26099,348432023,-1168202785,-1051,6607,115
18233306,26099,348432018,-1168202750,-1050,6608,115
18243767,26099,348432013,-1168202714,-1051,6607,115
18253516,26099,348432009,-1168202678,-1050,6608,115
18263436,26099,348432004,-1168202641,-1050,6608,115
18273360,26100,348431999,-1168202605,-1050,6607,115
18283886,26100,348431994,-1168202569,-1050,6607,116
18293307,26100,348431990,-1168202533,-1050,6607,116
18304765,26100,348431985,-1168202497,-1049,6607,116
18314361,26100,348431980,-1168202460,-1049,6607,116
18323601,26100,348431976,-1168202424,-1048,6607,116
18333293,26100,348431971,-1168202388,-1048,6607,116
18343301,26100,348431966,-1168202353,-1047,6607,117
18353522,26101,348431961,-1168202317,-1047,6607,117
18363433,26101,348431957,-1168202279,-1046,6607,117
18373381,26101,348431952,-1168202244,-1046,6607,117
18383275,26101,348431947,-1168202208,-1045,6607,117
18393302,26101,348431943,-1168202172,-1045,6607,117
18404235,26101,348431938,-1168202136,-1045,6607,117
18413780,26101,348431933,-1168202099,-1044,6607,117
18423682,26101,348431928,-1168202063,-1045,6608,116
18433295,26101,348431924,-1168202027,-1044,6607,115
18443305,26101,348431919,-1168201991,-1044,6607,115
18453517,26102,348431914,-1168201956,-1043,6607,114
18463637,26102,348431910,-1168201918,-1044,6607,114
18473889,26102,348431905,-1168201882,-1043,6607,113
18483294,26102,348431900,-1168201847,-1044,6607,113
18493311,26102,348431896,-1168201811,-1044,6607,112
18504564,26102,348431891,-1168201775,-1043,6607,111
18513432,26102,348431886,-1168201738,-1043,6607,110
18523365,26103,348431881,-1168201702,-1043,6607,110
18533293,26103,348431877,-1168201666,-1043,6607,109
18543297,26103,348431872,-1168201630,-1044,6606,108
18554244,26103,348431867,-1168201594,-1043,6606,107
18563423,26104,348431863,-1168201557,-1044,6606,106
18573530,26104,348431858,-1168201521,-1043,6606,106
18583299,26104,348431853,-1168201485,-1043,6606,105
18593359,26104,348431849,-1168201450,-1043,6606,105
18603484,26105,348431844,-1168201414,-1043,6605,104
18613428,26105,348431839,-1168201376,-1043,6605,104
18623533,26105,348431834,-1168201341,-1043,6606,103
18633638,26105,348431830,-1168201305,-1042,6605,103
18643527,26106,348431825,-1168201269,-1042,6605,103
18653490,26106,348431820,-1168201233,-1042,6605,104
18663424,26106,348431816,-1168201196,-1042,6605,104
18673342,26106,348431811,-1168201160,-1042,6605,104
18683281,26106,348431806,-1168201124,-1042,6605,103
18694295,26106,348431802,-1168201089,-1040,6605,103
18703786,26106,348431797,-1168201053,-1040,6605,103
18713460,26106,348431792,-1168201015,-1039,6605,103
18723543,26106,348431788,-1168200980,-1040,6604,104
18733299,26106,348431783,-1168200944,-1040,6604,105
18743284,26107,348431778,-1168200908,-1039,6605,104
18753494,26106,348431773,-1168200872,-1039,6605,104
18763418,26106,348431769,-1168200835,-1038,6605,104
18773345,26106,348431764,-1168200799,-1038,6605,104
18783278,26106,348431759,-1168200763,-1038,6604,105
18793290,26106,348431755,-1168200727,-1038,6604,106
18804249,26106,348431750,-1168200692,-1038,6604,106
18813445,26106,348431745,-1168200654,-1038,6604,106
18823357,26106,348431741,-1168200619,-1037,6604,106
18833267,26106,348431736,-1168200583,-1037,6604,106
18843292,26106,348431731,-1168200547,-1037,6604,107
18854056,26105,348431727,-1168200511,-1037,6603,107
18863422,26105,348431722,-1168200474,-1037,6604,108
18873338,26105,348431717,-1168200438,-1037,6603,108
18883892,26105,348431713,-1168200402,-1037,6604,108
18893294,26105,348431708,-1168200366,-1037,6603,108
18903482,26105,348431703,-1168200331,-1037,6603,109
18913435,26105,348431699,-1168200293,-1037,6603,109
18923352,26104,348431694,-1168200258,-1038,6603,109
18933274,26104,348431689,-1168200222,-1037,6603,109
18943392,26104,348431685,-1168200186,-1038,6603,109
18953512,26104,348431680,-1168200150,-1037,6603,110
18963422,26104,348431675,-1168200113,-1038,6602,111
18973356,26104,348431671,-1168200077,-1038,6602,110
18983272,26104,348431666,-1168200041,-1039,6603,109
18993281,26104,348431661,-1168200005,-1038,6603,110
19003598,26104,348431657,-1168199970,-1039,6602,109
19013440,26104,348431652,-1168199932,-1038,6602,109
19023917,26104,348431647,-1168199897,-1039,6602,109
19033261,26103,348431643,-1168199861,-1038,6602,109
19043954,26103,348431638,-1168199825,-1039,6602,109
19053492,26103,348431633,-1168199789,-1040,6601,108
19063421,26103,348431629,-1168199752,-1038,6602,107
19074391,26103,348431624,-1168199716,-1039,6601,106
19083318,26103,348431619,-1168199680,-1038,6601,106
19093289,26103,348431615,-1168199645,-1040,6601,107
19103509,26103,348431610,-1168199609,-1038,6601,106
19113433,26103,348431605,-1168199572,-1041,6601,106
19123382,26103,348431600,-1168199536,-1039,6601,105
19133303,26103,348431596,-1168199500,-1040,6601,104
19143299,26102,348431591,-1168199464,-1040,6600,103
19153488,26102,348431586,-1168199428,-1040,6600,102
19163594,26102,348431582,-1168199391,-1040,6600,102
19173479,26102,348431577,-1168199355,-1040,6600,102
19183720,26102,348431572,-1168199320,-1041,6600,102
19193267,26102,348431568,-1168199284,-1040,6600,101
19203482,26102,348431563,-1168199248,-1040,6600,100
19213429,26102,348431558,-1168199211,-1040,6599,99
19223353,26102,348431554,-1168199175,-1041,6599,99
19233724,26102,348431549,-1168199139,-1041,6599,98
19243284,26102,348431544,-1168199103,-1041,6599,98
19253523,26102,348431540,-1168199068,-1041,6599,97
19263977,26102,348431535,-1168199030,-1040,6599,96
19273367,26102,348431530,-1168198995,-1041,6599,96
19283471,26102,348431526,-1168198959,-1041,6599,96
19293292,26102,348431521,-1168198923,-1041,6598,95
19304886,26102,348431516,-1168198887,-1042,6598,95
19313435,26102,348431511,-1168198850,-1042,6599,94
19323653,26102,348431507,-1168198814,-1042,6598,93
19333288,26102,348431502,-1168198778,-1041,6598,93
19343393,26102,348431497,-1168198743,-1042,6598,93
19353474,26102,348431493,-1168198707,-1042,6598,93
19363414,26102,348431488,-1168198670,-1042,6597,93
19373356,26102,348431483,-1168198634,-1042,6597,93
19383299,26102,348431479,-1168198598,-1042,6597,93
19393587,26102,348431474,-1168198562,-1042,6597,93
19403483,26102,348431469,-1168198527,-1042,6597,93
19413424,26103,348431465,-1168198489,-1042,6597,93
19423560,26103,348431460,-1168198454,-1042,6597,94
19433298,26103,348431455,-1168198418,-1042,6597,94
19443288,26103,348431450,-1168198382,-1042,6597,94
19454335,26103,348431446,-1168198346,-1042,6597,94
19463431,26104,348431441,-1168198309,-1042,6597,94
19473344,26104,348431436,-1168198273,-1042,6597,94
19483279,26104,348431432,-1168198237,-1042,6597,94
19493288,26104,348431427,-1168198202,-1042,6597,94
19504375,26104,348431422,-1168198166,-1042,6597,94
19513419,26104,348431418,-1168198129,-1041,6597,94
19523316,26104,348431413,-1168198093,-1041,6597,94
19533266,26105,348431408,-1168198057,-1041,6597,93
19543311,26105,348431404,-1168198021,-1041,6597,92
19553916,26105,348431399,-1168197986,-1041,6597,92
19563770,26105,348431394,-1168197948,-1041,6597,92
19573346,26105,348431390,-1168197913,-1041,6597,91
19583456,26105,348431385,-1168197877,-1041,6597,91
19593287,26105,348431380,-1168197841,-1040,6597,90
19603488,26105,348431375,-1168197805,-1041,6597,89
19614246,26105,348431371,-1168197768,-1041,6597,88
19623335,26105,348431366,-1168197732,-1041,6597,87
19633278,26105,348431361,-1168197696,-1041,6596,87
19644075,26105,348431357,-1168197661,-1040,6597,86
19653532,26105,348431352,-1168197625,-1040,6596,86
19663493,26105,348431347,-1168197588,-1041,6596,86
19673336,26105,348431343,-1168197552,-1041,6596,86
19683255,26105,348431338,-1168197516,-1041,6596,86
19693574,26105,348431333,-1168197480,-1041,6596,85
19703484,26105,348431329,-1168197445,-1040,6596,85
19713407,26104,348431324,-1168197407,-1040,6596,85
19723785,26104,348431319,-1168197372,-1040,6596,85
19733269,26104,348431315,-1168197336,-1040,6596,86
19744095,26104,348431310,-1168197300,-1041,6595,86
19754147,26104,348431305,-1168197264,-1040,6596,86
19763420,26104,348431300,-1168197227,-1040,6595,86
19773899,26103,348431296,-1168197191,-1039,6596,86
19784262,26103,348431291,-1168197156,-1040,6596,86
19793278,26103,348431286,-1168197120,-1039,6596,87
19803981,26103,348431282,-1168197084,-1039,6595,87
19814297,26103,348431277,-1168197047,-1040,6595,88
19823998,26102,348431272,-1168197011,-1039,6595,88
19834313,26102,348431268,-1168196975,-1039,6595,88
19843552,26102,348431263,-1168196940,-1039,6595,88
19854193,26102,348431258,-1168196904,-1040,6595,89
19863417,26101,348431254,-1168196867,-1039,6595,89
19873860,26101,348431249,-1168196831,-1040,6595,89
19883258,26101,348431244,-1168196795,-1041,6595,89
19893265,26101,348431240,-1168196759,-1039,6595,89
19904693,26101,348431235,-1168196724,-1040,6595,89
19913444,26101,348431230,-1168196686,-1040,6595,89
19923330,26101,348431226,-1168196651,-1040,6595,89
19933253,26101,348431221,-1168196615,-1041,6595,89
19943290,26100,348431216,-1168196579,-1041,6595,89
19953471,26100,348431211,-1168196543,-1041,6595,88
19964214,26100,348431207,-1168196506,-1041,6595,88
19973363,26100,348431202,-1168196470,-1041,6594,88
19984214,26100,348431197,-1168196435,-1042,6594,89
19993623,26100,348431193,-1168196399,-1042,6594,89
20003531,26100,348431188,-1168196363,-1042,6594,88
20013479,26100,348431183,-1168196326,-1042,6594,88
20026750,26100,348431179,-1168196290,-1042,6594,87
20033261,26101,348431174,-1168196254,-1042,6594,87
20043289,26101,348431169,-1168196219,-1042,6594,86
20054220,26101,348431165,-1168196183,-1042,6594,86
20064271,26101,348431160,-1168196146,-1043,6593,87
20073366,26101,348431155,-1168196110,-1043,6593,86
20083278,26101,348431150,-1168196074,-1042,6594,86
20093271,26101,348431146,-1168196038,-1042,6594,85
20103489,26101,348431141,-1168196003,-1042,6594,85
20114588,26101,348431136,-1168195965,-1043,6593,85
20123330,26101,348431132,-1168195930,-1043,6593,85
20133274,26101,348431127,-1168195894,-1043,6593,84
20143302,26101,348431122,-1168195858,-1043,6593,84
20153646,26102,348431118,-1168195822,-1042,6593,83
20163386,26102,348431113,-1168195785,-1042,6593,83
20173330,26102,348431108,-1168195749,-1042,6593,83
20183549,26102,348431103,-1168195714,-1042,6593,83
20193294,26102,348431099,-1168195678,-1043,6593,83
20204964,26102,348431094,-1168195642,-1042,6593,83
20213433,26102,348431089,-1168195605,-1041,6593,82
20223319,26103,348431085,-1168195569,-1041,6593,82
20233261,26103,348431080,-1168195534,-1042,6593,83
20243257,26103,348431075,-1168195498,-1041,6593,83
20254028,26103,348431071,-1168195462,-1042,6593,82
20263416,26104,348431066,-1168195425,-1041,6593,82
20273371,26104,348431061,-1168195389,-1041,6593,82
20283263,26104,348431057,-1168195353,-1041,6593,83
20293267,26104,348431052,-1168195318,-1040,6593,83
20303485,26105,348431047,-1168195282,-1040,6593,83
20313414,26105,348431043,-1168195245,-1040,6593,83
20323367,26105,348431038,-1168195209,-1040,6593,83
20333371,26105,348431033,-1168195173,-1040,6593,83
20343912,26105,348431028,-1168195137,-1039,6593,84
20353890,26106,348431024,-1168195102,-1039,6593,84
20363479,26106,348431019,-1168195064,-1039,6593,85
20374066,26106,348431014,-1168195029,-1039,6593,86
20383255,26106,348431010,-1168194993,-1038,6593,86
20393266,26107,348431005,-1168194957,-1038,6593,86
20403465,26107,348431000,-1168194921,-1037,6593,86
20413440,26107,348430996,-1168194884,-1038,6593,86
20423369,26107,348430991,-1168194848,-1038,6593,86
20433273,26107,348430986,-1168194813,-1037,6593,88
20443274,26108,348430982,-1168194777,-1037,6593,88
20454138,26108,348430977,-1168194741,-1037,6593,88
20464208,26108,348430972,-1168194704,-1036,6593,88
20473394,26108,348430968,-1168194668,-1036,6594,88
20483242,26108,348430963,-1168194632,-1036,6594,88
20493281,26109,348430958,-1168194597,-1035,6594,88
20503464,26109,348430954,-1168194561,-1035,6594,88
20513390,26109,348430949,-1168194524,-1036,6593,88
20523351,26109,348430944,-1168194488,-1035,6594,88
20533279,26110,348430940,-1168194452,-1034,6594,87
20545753,26110,348430935,-1168194417,-1034,6594,87
20553450,26110,348430930,-1168194381,-1034,6594,87
20563959,26110,348430926,-1168194344,-1033,6594,87
20573520,26110,348430921,-1168194308,-1034,6594,87
20583254,26110,348430916,-1168194272,-1033,6594,86
20593239,26111,348430912,-1168194236,-1032,6594,85
20603459,26111,348430907,-1168194201,-1032,6594,84
20613410,26111,348430902,-1168194163,-1032,6594,84
20623370,26111,348430898,-1168194128,-1032,6593,84
20633250,26111,348430893,-1168194092,-1032,6594,83
20643279,26112,348430888,-1168194056,-1031,6594,81
20653454,26112,348430884,-1168194020,-1031,6594,80
20663386,26112,348430879,-1168193983,-1030,6594,79
20673350,26112,348430875,-1168193947,-1031,6594,78
20683236,26112,348430870,-1168193912,-1030,6594,77
20693263,26112,348430865,-1168193876,-1030,6593,76
20703476,26112,348430861,-1168193840,-1030,6593,75
20713397,26113,348430856,-1168193803,-1030,6593,73
20724404,26113,348430851,-1168193767,-1029,6593,72
20733263,26113,348430847,-1168193731,-1029,6593,71
20743273,26113,348430842,-1168193696,-1029,6593,69
20755368,26113,348430837,-1168193660,-1029,6593,68
20763402,26113,348430833,-1168193623,-1029,6593,66
20773407,26113,348430828,-1168193587,-1029,6593,65
20783434,26114,348430824,-1168193551,-1028,6593,64
20793262,26114,348430819,-1168193515,-1028,6592,63
20803500,26114,348430814,-1168193480,-1028,6592,63
20813432,26114,348430810,-1168193443,-1028,6592,62
20823386,26114,348430805,-1168193407,-1028,6592,60
20833235,26115,348430800,-1168193371,-1028,6592,58
20843976,26115,348430796,-1168193335,-1027,6592,58
20853972,26115,348430791,-1168193300,-1027,6592,57
20864173,26115,348430786,-1168193262,-1027,6591,57
20873352,26115,348430782,-1168193227,-1027,6591,57
20883253,26115,348430777,-1168193191,-1027,6591,57
20893273,26115,348430773,-1168193155,-1026,6591,57
20903456,26116,348430768,-1168193119,-1026,6591,56
20913466,26116,348430763,-1168193082,-1025,6591,56
20923309,26116,348430759,-1168193047,-1025,6591,56
20933267,26116,348430754,-1168193011,-1025,6591,57
20943994,26116,348430750,-1168192975,-1025,6590,57
20953472,26116,348430745,-1168192939,-1025,6590,58
20963392,26116,348430740,-1168192902,-1025,6590,58
20973328,26116,348430736,-1168192866,-1024,6590,59
20983242,26116,348430731,-1168192831,-1024,6590,59
20993240,26116,348430726,-1168192795,-1024,6590,60
21003790,26116,348430722,-1168192759,-1024,6590,61
21013402,26116,348430717,-1168192722,-1024,6590,62
21023954,26116,348430713,-1168192686,-1024,6590,63
21033237,26116,348430708,-1168192651,-1023,6590,64
21043763,26116,348430703,-1168192615,-1023,6590,65
21053424,26117,348430699,-1168192579,-1023,6590,66
21063405,26117,348430694,-1168192542,-1023,6590,66
21073886,26117,348430690,-1168192506,-1023,6590,67
21083255,26117,348430685,-1168192470,-1023,6590,67
21093255,26117,348430680,-1168192435,-1023,6589,68
21104329,26117,348430676,-1168192399,-1023,6589,69
21113386,26117,348430671,-1168192362,-1022,6589,70
21123301,26117,348430667,-1168192326,-1023,6589,71
21133619,26117,348430662,-1168192290,-1022,6589,72
21143259,26118,348430657,-1168192255,-1023,6590,72
21153428,26118,348430653,-1168192219,-1022,6589,72
21163382,26118,348430648,-1168192182,-1021,6589,73
21173324,26118,348430644,-1168192146,-1021,6589,74
21183245,26118,348430639,-1168192110,-1022,6589,74
21193274,26118,348430634,-1168192074,-1021,6589,75
21204186,26118,348430630,-1168192039,-1022,6589,75
21213430,26118,348430625,-1168192002,-1022,6589,75
21223345,26119,348430620,-1168191966,-1021,6589,76
21233231,26119,348430616,-1168191930,-1021,6589,76
21243251,26119,348430611,-1168191894,-1021,6589,76
21253475,26119,348430607,-1168191859,-1022,6589,77
21263934,26119,348430602,-1168191821,-1022,6588,77
21273299,26119,348430597,-1168191786,-1021,6588,76
21283243,26120,348430593,-1168191750,-1021,6588,76
21294062,26120,348430588,-1168191714,-1021,6588,76
21303456,26120,348430584,-1168191679,-1021,6588,77
21313382,26120,348430579,-1168191641,-1021,6588,77
21323338,26120,348430574,-1168191606,-1021,6588,76
21333322,26120,348430570,-1168191570,-1021,6588,76
21343550,26121,348430565,-1168191534,-1020,6588,75
21354127,26121,348430561,-1168191499,-1020,6588,74
21363384,26121,348430556,-1168191461,-1020,6589,73
21373324,26121,348430552,-1168191426,-1020,6589,73
21383842,26121,348430547,-1168191390,-1020,6588,73
21393264,26122,348430542,-1168191354,-1020,6588,73
21403510,26122,348430538,-1168191318,-1020,6588,72
21413573,26122,348430533,-1168191281,-1019,6588,71
21423897,26122,348430529,-1168191245,-1020,6588,69
21433911,26122,348430524,-1168191210,-1020,6588,68
21443459,26123,348430519,-1168191174,-1019,6588,68
21454144,26123,348430515,-1168191138,-1019,6588,67
21463437,26123,348430510,-1168191101,-1019,6588,66
21473408,26123,348430506,-1168191065,-1019,6588,65
21484040,26124,348430501,-1168191030,-1018,6588,64
21493243,26124,348430496,-1168190994,-1019,6588,64
21503782,26124,348430492,-1168190958,-1018,6588,64
21514716,26124,348430487,-1168190921,-1018,6588,63
21523308,26124,348430483,-1168190885,-1018,6588,63
21533984,26125,348430478,-1168190850,-1018,6588,61
21543245,26125,348430473,-1168190814,-1017,6588,60
21553522,26125,348430469,-1168190778,-1016,6588,59
21563546,26125,348430464,-1168190741,-1016,6588,59
21573304,26125,348430460,-1168190705,-1016,6587,59
21583699,26125,348430455,-1168190670,-1016,6588,59
21594746,26125,348430451,-1168190634,-1015,6588,58
21603470,26126,348430446,-1168190598,-1014,6588,57
21613388,26126,348430441,-1168190561,-1014,6588,57
21623576,26126,348430437,-1168190525,-1014,6588,57
21633257,26126,348430432,-1168190490,-1013,6588,57
21643880,26126,348430428,-1168190454,-1013,6588,57
21654535,26126,348430423,-1168190418,-1013,6588,57
21663387,26126,348430419,-1168190381,-1012,6588,56
21674266,26126,348430414,-1168190345,-1012,6588,56
21683953,26126,348430409,-1168190309,-1011,6588,56
21693446,26126,348430405,-1168190274,-1011,6588,56
21704799,26125,348430400,-1168190238,-1011,6588,56
21714312,26125,348430396,-1168190201,-1011,6588,56
21723297,26125,348430391,-1168190165,-1011,6588,55
21733242,26125,348430387,-1168190129,-1010,6589,55
21744912,26125,348430382,-1168190094,-1011,6588,55
21753779,26125,348430378,-1168190058,-1010,6588,56
21763390,26125,348430373,-1168190021,-1011,6588,55
21773961,26125,348430369,-1168189985,-1011,6588,55
21783253,26125,348430364,-1168189949,-1011,6588,54
21793223,26125,348430359,-1168189914,-1011,6588,54
21803527,26125,348430355,-1168189878,-1010,6588,54
21813447,26125,348430350,-1168189841,-1011,6588,54
21824135,26125,348430346,-1168189805,-1011,6588,54
21833490,26125,348430341,-1168189769,-1011,6588,54
21843249,26125,348430337,-1168189734,-1011,6588,54
21853923,26125,348430332,-1168189698,-1011,6588,54
21864221,26125,348430328,-1168189661,-1011,6588,54
21873341,26125,348430323,-1168189625,-1011,6588,54
21883225,26125,348430318,-1168189589,-1011,6588,54
21893593,26125,348430314,-1168189553,-1011,6588,54
21904820,26125,348430309,-1168189518,-1011,6588,54
21913374,26125,348430305,-1168189481,-1011,6588,54
21923324,26125,348430300,-1168189445,-1011,6588,54
21933218,26125,348430296,-1168189409,-1011,6587,54
21943276,26125,348430291,-1168189373,-1011,6587,55
21954632,26125,348430287,-1168189338,-1012,6587,54
21963353,26125,348430282,-1168189300,-1012,6588,54
21973296,26125,348430277,-1168189265,-1011,6588,53
21983484,26125,348430273,-1168189229,-1011,6588,53
21993459,26125,348430268,-1168189193,-1011,6587,52
22003784,26124,348430264,-1168189158,-1012,6587,53
22013379,26124,348430259,-1168189120,-1012,6587,53
22023648,26124,348430255,-1168189085,-1012,6587,52
22033228,26124,348430250,-1168189049,-1012,6587,51
22043487,26124,348430245,-1168189013,-1011,6587,50
22053694,26124,348430241,-1168188978,-1012,6587,50
22063594,26124,348430236,-1168188940,-1012,6587,49
22073284,26124,348430232,-1168188905,-1012,6587,49
22083228,26124,348430227,-1168188869,-1012,6587,49
22093252,26124,348430223,-1168188833,-1012,6587,48
22105057,26124,348430218,-1168188798,-1012,6587,47
22113373,26124,348430214,-1168188760,-1012,6587,47
22123296,26124,348430209,-1168188725,-1013,6587,46
22133225,26123,348430204,-1168188689,-1013,6587,46
22143774,26123,348430200,-1168188653,-1013,6586,46
22153517,26123,348430195,-1168188618,-1013,6586,45
22163488,26123,348430191,-1168188580,-1013,6586,44
22173289,26123,348430186,-1168188545,-1013,6586,44
22183217,26123,348430182,-1168188509,-1013,6586,43
22193227,26123,348430177,-1168188473,-1014,6586,43
22203474,26123,348430173,-1168188438,-1014,6586,44
22214205,26123,348430168,-1168188400,-1014,6586,44
22224216,26123,348430163,-1168188365,-1014,6586,44
22233225,26123,348430159,-1168188329,-1014,6586,43
22243424,26123,348430154,-1168188293,-1014,6586,43
22253490,26123,348430150,-1168188258,-1014,6586,43
22263392,26123,348430145,-1168188220,-1014,6586,44
22273281,26123,348430141,-1168188185,-1015,6586,44
22283702,26123,348430136,-1168188149,-1015,6586,45
22293223,26122,348430131,-1168188113,-1014,6586,45
22304704,26122,348430127,-1168188078,-1014,6586,45
22313373,26122,348430122,-1168188040,-1015,6586,45
22323313,26122,348430118,-1168188005,-1014,6586,45
22333223,26122,348430113,-1168187969,-1015,6585,46
22343233,26122,348430109,-1168187933,-1015,6586,47
22353881,26122,348430104,-1168187898,-1015,6586,47
22363477,26121,348430099,-1168187860,-1014,6586,47
22373291,26121,348430095,-1168187825,-1014,6586,47
22384152,26121,348430090,-1168187789,-1015,6586,48
22393252,26121,348430086,-1168187753,-1015,6586,48
22403453,26120,348430081,-1168187718,-1015,6586,48
22413700,26120,348430077,-1168187680,-1015,6586,48
22423315,26120,348430072,-1168187645,-1015,6586,48
22433610,26120,348430067,-1168187609,-1015,6586,48
22443260,26120,348430063,-1168187573,-1015,6586,48
22453435,26119,348430058,-1168187537,-1015,6586,48
22463351,26119,348430054,-1168187500,-1015,6586,48
22473299,26119,348430049,-1168187465,-1016,6586,47
22483586,26119,348430045,-1168187429,-1016,6586,47
22493238,26119,348430040,-1168187393,-1015,6586,47
22503457,26119,348430035,-1168187357,-1016,6586,46
22513418,26118,348430031,-1168187320,-1016,6586,46
22523277,26118,348430026,-1168187285,-1017,6586,46
22533221,26118,348430022,-1168187249,-1017,6586,45
22543227,26118,348430017,-1168187213,-1017,6586,45
22553430,26118,348430012,-1168187177,-1017,6586,44
22563363,26118,348430008,-1168187140,-1017,6586,44
22573277,26118,348430003,-1168187104,-1018,6586,44
22583748,26117,348429999,-1168187069,-1018,6585,44
22594178,26117,348429994,-1168187033,-1018,6586,43
22603420,26117,348429990,-1168186997,-1019,6585,42
22613369,26117,348429985,-1168186960,-1019,6585,41
22623766,26117,348429980,-1168186924,-1019,6585,41
22633223,26117,348429976,-1168186889,-1019,6585,41
22643231,26117,348429971,-1168186853,-1020,6585,41
22653554,26117,348429967,-1168186817,-1020,6585,41
22663376,26117,348429962,-1168186780,-1021,6585,40
22673295,26116,348429957,-1168186744,-1021,6585,39
22683243,26116,348429953,-1168186709,-1020,6585,39
22693226,26116,348429948,-1168186673,-1021,6585,39
22703425,26116,348429944,-1168186637,-1022,6585,40
22713366,26116,348429939,-1168186600,-1022,6585,40
22723299,26116,348429934,-1168186564,-1022,6585,40
22733237,26116,348429930,-1168186529,-1022,6585,40
22743229,26116,348429925,-1168186493,-1022,6585,39
22753432,26116,348429921,-1168186457,-1022,6585,40
22763368,26116,348429916,-1168186420,-1022,6585,41
22773282,26116,348429911,-1168186385,-1023,6585,41
22783812,26115,348429907,-1168186349,-1023,6585,41
22793215,26115,348429902,-1168186313,-1023,6585,41
22803425,26115,348429898,-1168186277,-1023,6585,41
22814243,26115,348429893,-1168186240,-1022,6585,41
22823311,26115,348429888,-1168186205,-1023,6585,42
22833220,26115,348429884,-1168186169,-1023,6585,43
22843236,26115,348429879,-1168186133,-1023,6585,44
22854432,26115,348429874,-1168186097,-1024,6586,44
22863642,26115,348429870,-1168186060,-1023,6586,44
22873294,26115,348429865,-1168186025,-1023,6586,43
22884067,26115,348429861,-1168185989,-1023,6586,43
22893233,26114,348429856,-1168185953,-1024,6586,44
22903433,26114,348429851,-1168185917,-1024,6586,45
22913394,26114,348429847,-1168185880,-1023,6586,45
22923283,26114,348429842,-1168185845,-1024,6586,45
22933225,26114,348429838,-1168185809,-1023,6586,45
22944932,26114,348429833,-1168185773,-1023,6586,44
22953548,26114,348429828,-1168185737,-1024,6586,44
22963351,26114,348429824,-1168185700,-1024,6586,45
22973644,26114,348429819,-1168185664,-1023,6586,45
22983205,26114,348429815,-1168185629,-1024,6586,44
22993534,26113,348429810,-1168185593,-1024,6587,44
23004314,26113,348429805,-1168185557,-1024,6587,43
23013366,26113,348429801,-1168185520,-1024,6587,43
23023289,26113,348429796,-1168185484,-1024,6587,43
23033801,26113,348429791,-1168185449,-1024,6587,43
23043264,26113,348429787,-1168185413,-1024,6587,42
23053426,26112,348429782,-1168185377,-1025,6587,41
23063375,26112,348429778,-1168185340,-1024,6587,40
23073282,26112,348429773,-1168185304,-1025,6587,40
23083209,26112,348429768,-1168185269,-1025,6587,40
23093226,26112,348429764,-1168185233,-1025,6587,39
23104123,26112,348429759,-1168185197,-1026,6587,39
23114107,26111,348429755,-1168185160,-1026,6587,38
23123305,26111,348429750,-1168185124,-1026,6587,38
23133673,26111,348429745,-1168185089,-1026,6587,37
23143277,26111,348429741,-1168185053,-1027,6587,37
23153448,26111,348429736,-1168185017,-1027,6587,36
23163364,26110,348429731,-1168184980,-1027,6587,36
23173276,26110,348429727,-1168184944,-1027,6587,35
23183206,26110,348429722,-1168184909,-1028,6587,34
23193940,26110,348429718,-1168184873,-1027,6587,34
23203425,26110,348429713,-1168184837,-1028,6587,34
23213398,26109,348429708,-1168184800,-1029,6586,35
23223345,26109,348429704,-1168184764,-1029,6586,35
23233208,26109,348429699,-1168184729,-1029,6587,34
23243275,26109,348429694,-1168184693,-1029,6586,33
23253590,26109,348429690,-1168184657,-1029,6587,33
23263357,26109,348429685,-1168184620,-1030,6587,32
23273282,26108,348429680,-1168184584,-1030,6587,33
23283559,26108,348429676,-1168184549,-1030,6586,34
23293236,26108,348429671,-1168184513,-1031,6586,35
23303470,26108,348429666,-1168184477,-1031,6586,34
23313470,26108,348429662,-1168184440,-1031,6587,34
23323492,26108,348429657,-1168184404,-1031,6587,33
23333225,26107,348429653,-1168184369,-1031,6587,33
23343677,26107,348429648,-1168184333,-1031,6586,34
23354301,26107,348429643,-1168184297,-1032,6587,35
23363360,26107,348429639,-1168184260,-1032,6586,35
23373554,26107,348429634,-1168184224,-1031,6587,36
23383971,26107,348429629,-1168184189,-1032,6587,36
23393237,26107,348429625,-1168184153,-1032,6587,36
23403979,26106,348429620,-1168184117,-1032,6587,37
23413362,26106,348429615,-1168184080,-1033,6587,37
23423274,26106,348429611,-1168184044,-1033,6587,37
23434135,26106,348429606,-1168184009,-1033,6587,37
23443286,26106,348429601,-1168183973,-1032,6588,37
23453426,26106,348429597,-1168183937,-1033,6588,37
23463521,26106,348429592,-1168183900,-1033,6587,37
23473303,26106,348429587,-1168183864,-1033,6587,38
23484981,26106,348429583,-1168183828,-1034,6587,38
23493600,26105,348429578,-1168183793,-1033,6588,37
23503610,26105,348429573,-1168183757,-1033,6588,37
23513471,26105,348429569,-1168183720,-1034,6588,37
23523708,26105,348429564,-1168183684,-1034,6588,37
23533217,26105,348429560,-1168183648,-1035,6588,36
23544422,26105,348429555,-1168183613,-1034,6588,36
23555200,26105,348429550,-1168183577,-1035,6588,36
23563809,26105,348429546,-1168183540,-1035,6587,35
23573293,26105,348429541,-1168183504,-1035,6588,34
23583214,26105,348429536,-1168183468,-1035,6588,34
23593927,26105,348429532,-1168183433,-1035,6588,33
23603403,26105,348429527,-1168183397,-1036,6588,33
23613467,26105,348429522,-1168183360,-1036,6588,33
23623277,26105,348429518,-1168183324,-1036,6588,32
23633232,26105,348429513,-1168183288,-1036,6588,32
23643769,26105,348429508,-1168183253,-1036,6588,31
23653706,26106,348429504,-1168183217,-1036,6588,30
23663362,26106,348429499,-1168183180,-1036,6588,30
23673719,26106,348429494,-1168183144,-1036,6588,29
23683211,26106,348429490,-1168183108,-1036,6588,28
23693225,26106,348429485,-1168183073,-1036,6588,27
23705022,26106,348429480,-1168183037,-1035,6588,26
23713344,26107,348429476,-1168183000,-1035,6588,26
23723585,26107,348429471,-1168182964,-1036,6588,26
23733899,26107,348429466,-1168182928,-1036,6588,26
23743443,26107,348429462,-1168182892,-1036,6588,25
23754307,26107,348429457,-1168182857,-1035,6588,24
23763381,26108,348429452,-1168182820,-1035,6588,23
23773305,26108,348429448,-1168182784,-1035,6588,23
23783205,26108,348429443,-1168182748,-1035,6588,24
23793204,26108,348429438,-1168182712,-1035,6588,23
23803441,26108,348429434,-1168182677,-1034,6588,23
23813355,26108,348429429,-1168182640,-1034,6588,22
23823267,26109,348429424,-1168182604,-1033,6588,21
23834101,26109,348429420,-1168182568,-1033,6588,21
23843215,26109,348429415,-1168182532,-1033,6588,22
23853513,26109,348429410,-1168182497,-1034,6588,23
23863364,26109,348429406,-1168182459,-1033,6588,22
23873244,26109,348429401,-1168182424,-1033,6588,21
23883196,26110,348429396,-1168182388,-1032,6589,21
23893455,26110,348429392,-1168182352,-1032,6589,20
23903416,26110,348429387,-1168182317,-1032,6589,21
23913589,26110,348429382,-1168182279,-1032,6589,22
23923276,26110,348429378,-1168182244,-1033,6588,22
23933210,26110,348429373,-1168182208,-1032,6589,22
23943222,26110,348429368,-1168182172,-1032,6589,22
23954478,26110,348429364,-1168182137,-1032,6589,22
23963668,26110,348429359,-1168182099,-1031,6589,22
23973268,26110,348429354,-1168182064,-1032,6589,22
23983213,26111,348429350,-1168182028,-1032,6589,22
23993230,26111,348429345,-1168181992,-1031,6589,22
24003859,26111,348429340,-1168181956,-1031,6589,22
24013405,26111,348429336,-1168181919,-1031,6589,22
24023267,26111,348429331,-1168181883,-1031,6589,23
24033170,26111,348429327,-1168181848,-1031,6589,24
24043201,26111,348429322,-1168181812,-1031,6589,24
24053441,26111,348429317,-1168181776,-1031,6590,24
24063369,26112,348429313,-1168181739,-1030,6590,24
24073262,26112,348429308,-1168181703,-1030,6590,23
24083711,26112,348429303,-1168181668,-1030,6590,23
24093209,26112,348429299,-1168181632,-1030,6590,23
24103416,26113,348429294,-1168181596,-1030,6590,24
24113900,26113,348429289,-1168181559,-1030,6590,25
24123267,26113,348429285,-1168181523,-1030,6590,24
24133501,26113,348429280,-1168181488,-1029,6590,24
24143208,26113,348429275,-1168181452,-1029,6590,24
24154098,26114,348429271,-1168181416,-1029,6591,24
24163389,26114,348429266,-1168181379,-1029,6590,24
24173299,26114,348429261,-1168181343,-1029,6590,24
24183210,26114,348429257,-1168181308,-1029,6590,24
24193222,26115,348429252,-1168181272,-1028,6591,24
24203419,26115,348429248,-1168181236,-1028,6591,23
24213346,26116,348429243,-1168181199,-1028,6591,23
24223267,26116,348429238,-1168181163,-1028,6591,23
24234023,26116,348429234,-1168181127,-1028,6591,23
24243207,26116,348429229,-1168181092,-1027,6591,23
24253361,26117,348429224,-1168181056,-1027,6591,22
24263356,26117,348429220,-1168181019,-1026,6591,21
24273536,26117,348429215,-1168180983,-1027,6591,21
24283204,26118,348429210,-1168180947,-1026,6591,21
24293195,26118,348429206,-1168180912,-1026,6591,21
24304266,26118,348429201,-1168180876,-1026,6591,22
24313636,26119,348429196,-1168180839,-1025,6591,21
24323282,26119,348429192,-1168180803,-1025,6591,20
24333204,26119,348429187,-1168180767,-1025,6592,19
24343227,26120,348429182,-1168180731,-1024,6592,19
24353581,26120,348429178,-1168180696,-1024,6592,18
24363402,26120,348429173,-1168180659,-1024,6592,19
24373266,26121,348429169,-1168180623,-1023,6592,19
24383177,26121,348429164,-1168180587,-1023,6592,18
24393312,26121,348429159,-1168180551,-1022,6592,17
24403401,26121,348429155,-1168180516,-1022,6592,17
24413350,26122,348429150,-1168180478,-1022,6593,16
24423558,26122,348429145,-1168180443,-1022,6592,16
24433473,26122,348429141,-1168180407,-1022,6592,16
24443237,26123,348429136,-1168180371,-1021,6592,16
24453391,26123,348429132,-1168180335,-1021,6593,15
24464140,26123,348429127,-1168180298,-1021,6593,15
24474221,26124,348429122,-1168180263,-1020,6593,15
24483206,26124,348429118,-1168180227,-1020,6592,15
24494461,26124,348429113,-1168180191,-1019,6593,14
24504083,26124,348429109,-1168180155,-1019,6593,14
24513671,26125,348429104,-1168180118,-1018,6593,14
24523360,26125,348429099,-1168180082,-1018,6593,13
24533270,26125,348429095,-1168180047,-1018,6593,13
24543205,26126,348429090,-1168180011,-1017,6593,14
24553951,26126,348429086,-1168179975,-1017,6593,13
24563338,26126,348429081,-1168179938,-1017,6593,13
24573265,26126,348429076,-1168179902,-1016,6593,13
24583189,26126,348429072,-1168179866,-1016,6593,13
24593266,26127,348429067,-1168179831,-1016,6593,13
24603405,26127,348429063,-1168179795,-1016,6593,13
24613331,26127,348429058,-1168179758,-1015,6593,12
24623260,26127,348429053,-1168179722,-1015,6594,12
24633847,26128,348429049,-1168179686,-1015,6594,11
24643211,26128,348429044,-1168179651,-1014,6594,11
24654037,26128,348429040,-1168179615,-1014,6594,11
24663618,26128,348429035,-1168179578,-1014,6594,12
24673255,26129,348429030,-1168179542,-1014,6594,12
24684725,26129,348429026,-1168179506,-1014,6594,12
24693190,26129,348429021,-1168179470,-1013,6594,11
24704685,26129,348429017,-1168179435,-1013,6594,10
24713333,26129,348429012,-1168179397,-1012,6594,10
24723254,26129,348429008,-1168179362,-1012,6594,10
24733187,26130,348429003,-1168179326,-1012,6594,10
24743226,26130,348428998,-1168179290,-1012,6594,10
24753924,26130,348428994,-1168179254,-1012,6594,10
24763356,26130,348428989,-1168179217,-1011,6594,9
24773292,26130,348428985,-1168179181,-1011,6594,9
24783224,26130,348428980,-1168179146,-1011,6595,9
24793211,26130,348428976,-1168179110,-1011,6594,9
24803753,26130,348428971,-1168179074,-1010,6594,9
24813338,26130,348428966,-1168179037,-1010,6594,9
24823259,26130,348428962,-1168179001,-1010,6594,9
24833183,26130,348428957,-1168178966,-1010,6594,9
24843414,26130,348428953,-1168178930,-1010,6594,9
24853406,26130,348428948,-1168178894,-1010,6594,9
24863314,26130,348428944,-1168178857,-1010,6594,9
24873965,26130,348428939,-1168178821,-1010,6594,10
24883202,26130,348428935,-1168178785,-1010,6594,9
24893241,26130,348428930,-1168178750,-1010,6595,9
24903936,26130,348428925,-1168178714,-1010,6595,9
24913320,26130,348428921,-1168178677,-1010,6595,9
24923266,26130,348428916,-1168178641,-1010,6594,10
24933189,26130,348428912,-1168178605,-1010,6594,10
24943539,26130,348428907,-1168178569,-1010,6594,11
24954321,26130,348428903,-1168178534,-1010,6595,10
24963321,26130,348428898,-1168178496,-1010,6595,10
24973271,26130,348428894,-1168178461,-1010,6595,9
24983183,26130,348428889,-1168178425,-1010,6595,10
24993222,26129,348428884,-1168178389,-1010,6595,10
25003956,26129,348428880,-1168178353,-1010,6594,10
25013337,26129,348428875,-1168178316,-1010,6594,10
25023655,26129,348428871,-1168178280,-1010,6595,9
25033954,26129,348428866,-1168178245,-1010,6595,9
25043176,26129,348428862,-1168178209,-1010,6594,9
25054101,26129,348428857,-1168178173,-1010,6594,9
25063728,26129,348428853,-1168178136,-1009,6594,9
25073588,26129,348428848,-1168178100,-1010,6594,8
25083214,26129,348428843,-1168178064,-1009,6595,8
25093480,26129,348428839,-1168178029,-1009,6595,8
25103450,26129,348428834,-1168177993,-1009,6595,8
25113326,26129,348428830,-1168177956,-1009,6594,8
25124114,26128,348428825,-1168177920,-1009,6594,8
25133193,26128,348428821,-1168177884,-1008,6595,7
25143197,26128,348428816,-1168177848,-1009,6594,6
25154587,26128,348428812,-1168177813,-1008,6595,5
25163323,26128,348428807,-1168177775,-1008,6595,5
25173335,26128,348428802,-1168177740,-1009,6594,4
25183475,26128,348428798,-1168177704,-1008,6594,4
25193540,26127,348428793,-1168177668,-1008,6594,3
25203335,26127,348428789,-1168177632,-1009,6594,2
25215464,26127,348428784,-1168177595,-1008,6594,1
25224074,26127,348428780,-1168177559,-1009,6594,1
25233189,26127,348428775,-1168177524,-1008,6594,1
25243593,26127,348428771,-1168177488,-1009,6594,0
25254578,26127,348428766,-1168177452,-1009,6594,0
25263348,26127,348428761,-1168177415,-1009,6593,-1
25273716,26127,348428757,-1168177379,-1009,6593,-1
25283173,26127,348428752,-1168177344,-1009,6593,-2
25293486,26127,348428748,-1168177308,-1010,6593,-1
25303567,26127,348428743,-1168177272,-1010,6593,-1
25313334,26127,348428739,-1168177235,-1011,6593,-1
25323275,26127,348428734,-1168177199,-1010,6593,-1
25333370,26127,348428730,-1168177163,-1010,6593,-2
25343186,26127,348428725,-1168177128,-1011,6593,-2
25354302,26127,348428720,-1168177092,-1011,6593,-2
25363543,26127,348428716,-1168177055,-1011,6593,-1
25373274,26127,348428711,-1168177019,-1012,6593,0
25383606,26127,348428707,-1168176983,-1012,6593,0
25394099,26127,348428702,-1168176947,-1012,6593,1
25404098,26127,348428698,-1168176912,-1012,6593,0
25413854,26127,348428693,-1168176874,-1012,6593,0
25424477,26127,348428689,-1168176839,-1012,6593,1
25433550,26127,348428684,-1168176803,-1013,6593,1
25443189,26127,348428679,-1168176767,-1013,6593,1
25454325,26127,348428675,-1168176731,-1013,6593,1
25463319,26127,348428670,-1168176694,-1013,6593,1
25473241,26128,348428666,-1168176659,-1013,6592,1
25484197,26128,348428661,-1168176623,-1013,6592,1
25493178,26128,348428657,-1168176587,-1013,6592,2
25503369,26128,348428652,-1168176551,-1013,6592,2
25514668,26128,348428647,-1168176514,-1013,6592,1
25523272,26128,348428643,-1168176478,-1013,6593,0
25533190,26128,348428638,-1168176443,-1013,6592,0
25544857,26128,348428634,-1168176407,-1013,6592,0
25553379,26128,348428629,-1168176371,-1013,6592,1
25563333,26128,348428625,-1168176334,-1013,6592,1
25573590,26129,348428620,-1168176298,-1013,6592,0
25583210,26129,348428615,-1168176262,-1013,6592,0
25593213,26129,348428611,-1168176227,-1012,6592,-1
25603780,26129,348428606,-1168176191,-1013,6592,-2
25613314,26129,348428602,-1168176154,-1013,6592,-1
25623238,26130,348428597,-1168176118,-1013,6592,-1
25633198,26130,348428593,-1168176082,-1013,6592,-1
25643191,26130,348428588,-1168176047,-1012,6592,-2
25653919,26130,348428584,-1168176011,-1012,6592,-2
25663327,26130,348428579,-1168175974,-1011,6592,-3
25673450,26130,348428574,-1168175938,-1011,6592,-3
25683164,26130,348428570,-1168175902,-1011,6592,-3
25693167,26130,348428565,-1168175866,-1011,6591,-3
25703377,26131,348428561,-1168175831,-1010,6592,-4
25713304,26131,348428556,-1168175793,-1010,6592,-4
25723600,26131,348428552,-1168175758,-1010,6592,-5
25733166,26131,348428547,-1168175722,-1010,6592,-5
25743191,26131,348428542,-1168175686,-1010,6591,-5
25754124,26131,348428538,-1168175650,-1009,6591,-5
25763741,26131,348428533,-1168175613,-1009,6592,-5
25773251,26131,348428529,-1168175578,-1009,6592,-6
25783566,26131,348428524,-1168175542,-1008,6592,-7
25793763,26131,348428520,-1168175506,-1008,6592,-7
25803381,26131,348428515,-1168175470,-1008,6591,-7
25813344,26131,348428511,-1168175433,-1008,6591,-7
25823280,26131,348428506,-1168175397,-1007,6591,-7
25833212,26131,348428502,-1168175362,-1008,6591,-7
25843179,26131,348428497,-1168175326,-1007,6592,-8
25853415,26131,348428493,-1168175290,-1007,6592,-8
25863311,26131,348428488,-1168175253,-1007,6592,-8
25873232,26131,348428483,-1168175217,-1007,6591,-8
25883170,26131,348428479,-1168175181,-1007,6592,-8
25893189,26131,348428474,-1168175146,-1006,6591,-8
25903385,26131,348428470,-1168175110,-1006,6592,-8
25913437,26131,348428465,-1168175073,-1006,6592,-9
25923237,26131,348428461,-1168175037,-1006,6592,-9
25933170,26131,348428456,-1168175001,-1006,6591,-9
25943195,26131,348428452,-1168174966,-1006,6591,-9
25954205,26131,348428447,-1168174930,-1006,6591,-9
25963358,26131,348428443,-1168174893,-1006,6591,-9
25973259,26131,348428438,-1168174857,-1006,6591,-9
25984049,26131,348428434,-1168174821,-1006,6591,-10
25993272,26131,348428429,-1168174785,-1006,6591,-9
26004075,26131,348428425,-1168174750,-1007,6591,-9
26013353,26131,348428420,-1168174712,-1007,6591,-9
26023235,26131,348428415,-1168174677,-1007,6591,-9
26033174,26131,348428411,-1168174641,-1006,6591,-9
26043203,26131,348428406,-1168174605,-1007,6591,-9
26053425,26131,348428402,-1168174570,-1007,6591,-8
26063318,26131,348428397,-1168174532,-1007,6591,-7
26073220,26132,348428393,-1168174497,-1007,6591,-7
26083163,26132,348428388,-1168174461,-1007,6591,-8
26093183,26132,348428384,-1168174425,-1006,6591,-7
26104131,26132,348428379,-1168174389,-1006,6591,-8
26113323,26132,348428374,-1168174352,-1007,6591,-6
26123259,26132,348428370,-1168174317,-1006,6591,-5
26133190,26132,348428365,-1168174281,-1006,6591,-3
26143935,26133,348428361,-1168174245,-1006,6591,-3
26153661,26133,348428356,-1168174209,-1005,6591,-3
26163320,26133,348428352,-1168174172,-1005,6592,-3
26174551,26133,348428347,-1168174136,-1004,6592,-4
26183137,26133,348428343,-1168174101,-1005,6592,-3
26193162,26133,348428338,-1168174065,-1004,6591,-1
26203363,26133,348428334,-1168174029,-1004,6591,0
26213399,26133,348428329,-1168173992,-1003,6591,1
26223240,26133,348428325,-1168173956,-1003,6592,1
26233367,26133,348428320,-1168173920,-1003,6592,1
26243190,26133,348428316,-1168173885,-1002,6592,2
26253451,26133,348428311,-1168173849,-1003,6592,4
26263348,26133,348428306,-1168173812,-1003,6592,6
26273268,26133,348428302,-1168173776,-1002,6592,6
26284412,26133,348428297,-1168173740,-1002,6592,7
26293171,26134,348428293,-1168173705,-1003,6593,7
26304110,26134,348428288,-1168173669,-1002,6593,8
26314386,26134,348428284,-1168173632,-1002,6592,11
26323253,26134,348428279,-1168173596,-1001,6592,13
26333301,26134,348428275,-1168173560,-1002,6592,14
26343173,26134,348428270,-1168173524,-1001,6593,15
26353372,26134,348428266,-1168173489,-1001,6594,16
26363514,26134,348428261,-1168173451,-1000,6595,16
26373456,26135,348428257,-1168173416,-1001,6594,17
26383163,26135,348428252,-1168173380,-1000,6594,18
26393278,26135,348428248,-1168173344,-1000,6594,18
26403366,26135,348428243,-1168173308,-1001,6594,18
26413315,26135,348428239,-1168173271,-1000,6595,17
26423227,26135,348428234,-1168173235,-1000,6596,16
26433452,26136,348428230,-1168173200,-1000,6596,15
26443182,26136,348428225,-1168173164,-1000,6595,14
26454090,26136,348428221,-1168173128,-1000,6595,12
26463345,26136,348428216,-1168173091,-1000,6595,10
26473466,26136,348428212,-1168173055,-999,6596,7
26483157,26137,348428207,-1168173019,-999,6596,4
26493171,26137,348428203,-1168172984,-1000,6596,1
26503586,26137,348428198,-1168172948,-1000,6596,-2
26513325,26137,348428194,-1168172911,-1000,6595,-5
26523526,26137,348428189,-1168172875,-999,6595,-8
26533153,26137,348428185,-1168172839,-1000,6595,-10
26543723,26138,348428180,-1168172803,-1000,6595,-14
26554466,26138,348428176,-1168172768,-1000,6595,-18
26563303,26138,348428171,-1168172730,-1001,6595,-21
26573234,26138,348428167,-1168172695,-1001,6595,-25
26583166,26138,348428162,-1168172659,-1001,6594,-28
26593164,26138,348428158,-1168172623,-1001,6594,-31
26603376,26138,348428153,-1168172587,-1001,6594,-33
26613310,26139,348428149,-1168172550,-1001,6594,-36
26623225,26139,348428144,-1168172515,-1001,6593,-38
26633392,26139,348428139,-1168172479,-1002,6593,-40
26643184,26139,348428135,-1168172443,-1002,6593,-41
26653364,26139,348428130,-1168172407,-1002,6593,-42
26663314,26139,348428126,-1168172370,-1002,6593,-42
26673241,26139,348428121,-1168172334,-1002,6593,-41
26683140,26140,348428117,-1168172299,-1002,6593,-40
26693175,26140,348428112,-1168172263,-1002,6593,-38
26704011,26140,348428108,-1168172227,-1002,6593,-37
26714077,26140,348428103,-1168172190,-1001,6593,-36
26723222,26140,348428099,-1168172154,-1001,6594,-35
26733179,26140,348428094,-1168172118,-1000,6594,-33
26744094,26140,348428090,-1168172083,-1000,6594,-32
26753421,26140,348428085,-1168172047,-1001,6594,-29
26763308,26139,348428081,-1168172010,-1000,6594,-27
26773232,26139,348428076,-1168171974,-1000,6595,-24
26783264,26139,348428072,-1168171938,-1000,6595,-23
26793152,26139,348428067,-1168171902,-999,6595,-22
26803371,26139,348428063,-1168171867,-999,6595,-19
26813640,26139,348428058,-1168171829,-999,6595,-17
26823219,26139,348428054,-1168171794,-999,6596,-14
26833125,26139,348428049,-1168171758,-999,6596,-11
26843958,26139,348428045,-1168171722,-999,6596,-9
26854104,26139,348428040,-1168171686,-999,6596,-7
26863296,26138,348428036,-1168171649,-999,6597,-5
26882023,26138,348428031,-1168171613,-999,6597,-3
26883436,26139,348428027,-1168171578,-999,6597,0
26893155,26139,348428022,-1168171542,-999,6597,2
26904203,26139,348428018,-1168171506,-999,6597,4
26913291,26139,348428013,-1168171469,-998,6598,6
26923232,26139,348428009,-1168171433,-998,6598,8
26933476,26139,348428004,-1168171397,-999,6598,9
26943248,26139,348428000,-1168171362,-999,6598,11
26953396,26139,348427995,-1168171326,-999,6598,13
26963317,26139,348427991,-1168171289,-999,6598,14
26973221,26139,348427986,-1168171253,-999,6598,15
26983152,26139,348427982,-1168171217,-999,6599,17
26993832,26139,348427977,-1168171181,-999,6599,17
27003353,26140,348427973,-1168171145,-1000,6599,18
27013288,26140,348427968,-1168171108,-1000,6599,19
27023272,26140,348427964,-1168171072,-1001,6599,20
27034633,26140,348427959,-1168171037,-1000,6599,20
27043145,26140,348427955,-1168171001,-1000,6599,21
27054922,26141,348427950,-1168170965,-1000,6599,21
27063288,26141,348427946,-1168170928,-1001,6599,21
27073212,26141,348427941,-1168170892,-1001,6599,21
27083815,26142,348427937,-1168170856,-1001,6599,21
27093321,26142,348427932,-1168170821,-1000,6599,20
27103357,26142,348427928,-1168170785,-1000,6599,20
27113750,26142,348427923,-1168170747,-1000,6599,20
27124424,26142,348427919,-1168170712,-1000,6600,19
27133146,26143,348427914,-1168170676,-1001,6600,19
27143433,26143,348427909,-1168170640,-1000,6600,18
27153367,26143,348427905,-1168170604,-1000,6600,17
27163301,26143,348427900,-1168170567,-1000,6600,16
27173484,26143,348427896,-1168170531,-1000,6600,15
27183145,26143,348427891,-1168170496,-1000,6600,14
27193149,26143,348427887,-1168170460,-1000,6600,13
27204508,26143,348427882,-1168170424,-1000,6600,12
27213291,26144,348427878,-1168170387,-1000,6600,12
27223229,26144,348427873,-1168170351,-999,6601,11
27234014,26144,348427869,-1168170315,-999,6601,10
27243160,26144,348427864,-1168170279,-999,6601,9
27254681,26144,348427860,-1168170244,-999,6601,7
27264688,26144,348427855,-1168170206,-999,6601,6
27273201,26144,348427851,-1168170171,-999,6602,6
27284115,26144,348427846,-1168170135,-998,6602,5
27294373,26144,348427842,-1168170099,-998,6602,4
27303332,26144,348427837,-1168170063,-997,6602,3
27313327,26144,348427833,-1168170026,-997,6602,2
27324406,26144,348427828,-1168169990,-997,6602,2
27333137,26144,348427824,-1168169954,-996,6603,1
27343180,26144,348427819,-1168169918,-996,6603,0
27354278,26144,348427815,-1168169883,-996,6603,-1
27363283,26143,348427810,-1168169845,-995,6603,-2
27373203,26143,348427806,-1168169810,-994,6604,-3
27383159,26143,348427801,-1168169774,-994,6604,-3
27393157,26143,348427797,-1168169738,-994,6604,-4
27403358,26143,348427792,-1168169702,-993,6604,-4
27413300,26142,348427788,-1168169665,-993,6604,-5
27423212,26142,348427784,-1168169629,-992,6605,-7
27433141,26142,348427779,-1168169593,-993,6605,-8
27444138,26142,348427775,-1168169557,-992,6605,-8
27453355,26141,348427770,-1168169522,-993,6605,-9
27463301,26141,348427766,-1168169484,-992,6605,-9
27473751,26141,348427761,-1168169449,-992,6605,-10
27483131,26140,348427757,-1168169413,-992,6605,-11
27493160,26140,348427752,-1168169377,-993,6606,-12
27504034,26140,348427748,-1168169341,-992,6606,-13
27513281,26140,348427743,-1168169304,-993,6606,-14
27524035,26139,348427739,-1168169268,-993,6606,-14
27533149,26139,348427734,-1168169232,-993,6606,-15
27543153,26139,348427730,-1168169196,-993,6606,-16
27554075,26139,348427725,-1168169161,-993,6606,-18
27563278,26138,348427721,-1168169123,-993,6606,-19
27573224,26138,348427716,-1168169087,-994,6606,-19
27583440,26138,348427712,-1168169052,-994,6606,-20
27593163,26138,348427707,-1168169016,-995,6606,-20
27603398,26137,348427703,-1168168980,-995,6606,-22
27613280,26137,348427698,-1168168943,-995,6606,-23
27623201,26137,348427694,-1168168907,-995,6606,-24
27634060,26137,348427689,-1168168871,-995,6606,-25
27643164,26137,348427685,-1168168835,-996,6606,-26
27653384,26137,348427680,-1168168800,-996,6606,-26
27663303,26137,348427676,-1168168762,-995,6606,-27
27673570,26136,348427672,-1168168726,-996,6606,-28
27683136,26136,348427667,-1168168691,-995,6606,-30
27693157,26136,348427663,-1168168655,-997,6606,-30
27703427,26136,348427658,-1168168619,-997,6606,-31
27713287,26136,348427654,-1168168582,-997,6606,-31
27723290,26136,348427649,-1168168546,-997,6606,-31
27733127,26135,348427645,-1168168510,-997,6606,-32
27743158,26135,348427640,-1168168474,-998,6606,-32
27753365,26135,348427636,-1168168438,-997,6606,-33
27763299,26135,348427631,-1168168401,-999,6606,-33
27773214,26135,348427627,-1168168365,-998,6605,-33
27783156,26135,348427622,-1168168330,-999,6605,-33
27793143,26135,348427618,-1168168294,-999,6605,-33
27803595,26135,348427613,-1168168258,-999,6605,-33
27813296,26135,348427609,-1168168221,-1000,6605,-33
27823710,26135,348427604,-1168168185,-1000,6605,-32
27833166,26135,348427600,-1168168149,-1001,6605,-31
27843152,26135,348427595,-1168168113,-1000,6605,-30
27853769,26135,348427591,-1168168077,-1001,6606,-29
27863304,26135,348427586,-1168168040,-1001,6606,-28
27873228,26135,348427581,-1168168004,-1001,6606,-27
27883139,26135,348427577,-1168167968,-1001,6606,-26
27893149,26135,348427572,-1168167933,-1001,6606,-24
27903349,26135,348427568,-1168167897,-1001,6606,-22
27914225,26135,348427563,-1168167860,-1001,6606,-20
27923229,26135,348427559,-1168167824,-1000,6607,-19
27933140,26135,348427554,-1168167788,-1001,6607,-18
27943152,26135,348427550,-1168167752,-1001,6607,-16
27953709,26135,348427545,-1168167716,-1001,6607,-14
27963276,26135,348427541,-1168167679,-1001,6607,-12
27973210,26135,348427536,-1168167643,-1000,6607,-11
27983157,26135,348427532,-1168167607,-1000,6608,-10
27993908,26135,348427527,-1168167571,-1000,6608,-9
28003344,26135,348427523,-1168167536,-1000,6608,-8
28013615,26135,348427518,-1168167498,-1000,6608,-6
28023202,26135,348427514,-1168167463,-1000,6608,-5
28033133,26135,348427509,-1168167427,-1001,6609,-4
28043638,26135,348427505,-1168167391,-1000,6609,-4
28054010,26134,348427500,-1168167355,-1001,6609,-4
28063280,26135,348427496,-1168167318,-1001,6610,-4
28073203,26135,348427491,-1168167282,-1002,6609,-3
28084023,26135,348427487,-1168167246,-1002,6609,-1
28093128,26135,348427482,-1168167210,-1002,6609,0
28103361,26135,348427478,-1168167174,-1002,6609,-1
28113279,26135,348427473,-1168167137,-1002,6610,-2
28123196,26135,348427469,-1168167101,-1003,6610,-4
28133117,26135,348427464,-1168167065,-1003,6610,-5
28143140,26135,348427460,-1168167030,-1004,6609,-5
28154809,26136,348427455,-1168166994,-1004,6609,-5
28163399,26136,348427451,-1168166956,-1004,6610,-3
28173498,26136,348427446,-1168166921,-1004,6610,-3
28183128,26136,348427442,-1168166885,-1005,6610,-4
28193133,26136,348427437,-1168166849,-1006,6610,-6
28204180,26136,348427432,-1168166813,-1006,6611,-8
28213287,26136,348427428,-1168166776,-1007,6610,-9
28223205,26137,348427424,-1168166740,-1006,6610,-10
28234314,26137,348427419,-1168166704,-1006,6610,-10
28243142,26137,348427415,-1168166668,-1008,6610,-10
28253356,26137,348427410,-1168166632,-1008,6611,-10
28263271,26137,348427406,-1168166595,-1008,6611,-9
28273204,26138,348427401,-1168166559,-1009,6611,-10
28283189,26138,348427397,-1168166523,-1008,6611,-11
28293151,26138,348427392,-1168166487,-1010,6611,-14
28303378,26138,348427387,-1168166452,-1009,6611,-16
28314084,26139,348427383,-1168166414,-1010,6611,-18
28323844,26139,348427378,-1168166378,-1009,6611,-20
28333135,26139,348427374,-1168166343,-1010,6611,-19
28343173,26139,348427369,-1168166307,-1009,6611,-19
28353356,26139,348427365,-1168166271,-1009,6611,-17
28363419,26139,348427360,-1168166233,-1009,6611,-16
28373206,26139,348427356,-1168166198,-1008,6611,-18
28383142,26139,348427351,-1168166162,-1008,6612,-21
28393331,26139,348427347,-1168166126,-1007,6613,-24
28403459,26139,348427342,-1168166090,-1007,6614,-26
28413292,26138,348427338,-1168166053,-1007,6613,-26
28424029,26138,348427333,-1168166017,-1007,6612,-23
28433119,26138,348427329,-1168165981,-1007,6611,-23
28443144,26138,348427324,-1168165945,-1006,6612,-23
28453323,26137,348427320,-1168165909,-1006,6613,-25
28463287,26137,348427315,-1168165872,-1007,6613,-28
28473655,26137,348427311,-1168165836,-1006,6614,-30
28483296,26137,348427306,-1168165800,-1007,6614,-31
28493147,26137,348427302,-1168165764,-1006,6613,-31
28504080,26136,348427297,-1168165728,-1005,6613,-30
28513271,26136,348427293,-1168165691,-1006,6613,-30
28523248,26136,348427288,-1168165655,-1006,6614,-30
28533131,26136,348427284,-1168165619,-1006,6614,-32
28543159,26136,348427279,-1168165584,-1005,6613,-33
28554009,26135,348427275,-1168165548,-1005,6614,-35
28564098,26135,348427270,-1168165510,-1004,6614,-37
28573203,26134,348427266,-1168165474,-1004,6614,-37
28584632,26134,348427261,-1168165439,-1004,6614,-36
28593143,26134,348427257,-1168165403,-1005,6614,-35
28603351,26134,348427252,-1168165367,-1005,6614,-35
28614194,26133,348427248,-1168165329,-1004,6615,-35
28623188,26133,348427243,-1168165294,-1004,6614,-37
28633186,26132,348427239,-1168165258,-1005,6614,-39
28643545,26132,348427234,-1168165222,-1005,6615,-40
28653455,26132,348427230,-1168165186,-1006,6615,-41
28663278,26131,348427225,-1168165149,-1006,6614,-40
28673177,26131,348427221,-1168165113,-1006,6614,-38
28683405,26131,348427216,-1168165077,-1006,6614,-37
28693165,26130,348427211,-1168165041,-1006,6614,-36
28703743,26130,348427207,-1168165005,-1007,6614,-34
28713706,26130,348427203,-1168164968,-1008,6614,-35
28723807,26130,348427198,-1168164932,-1007,6614,-37
28733123,26130,348427193,-1168164896,-1009,6615,-38
28743153,26130,348427189,-1168164860,-1009,6616,-37
28753327,26130,348427184,-1168164824,-1009,6615,-34
28763268,26130,348427180,-1168164787,-1009,6614,-29
28774294,26130,348427175,-1168164751,-1010,6613,-26
28783114,26130,348427171,-1168164715,-1010,6613,-22
28793126,26129,348427166,-1168164679,-1010,6614,-21
28805737,26129,348427162,-1168164644,-1011,6616,-21
28813260,26129,348427157,-1168164606,-1011,6617,-22
28823186,26129,348427153,-1168164570,-1010,6616,-20
28833154,26129,348427148,-1168164534,-1011,6616,-16
28843141,26129,348427144,-1168164499,-1011,6615,-13
28853378,26129,348427139,-1168164463,-1010,6615,-11
28863583,26129,348427134,-1168164425,-1010,6616,-10
28873936,26129,348427130,-1168164390,-1011,6616,-10
28883111,26129,348427125,-1168164354,-1010,6616,-10
28893381,26129,348427121,-1168164318,-1010,6616,-10
28903335,26129,348427116,-1168164282,-1010,6616,-9
28913274,26129,348427112,-1168164245,-1009,6616,-7
28923386,26128,348427107,-1168164209,-1009,6617,-6
28933128,26128,348427103,-1168164173,-1009,6617,-6
28943155,26128,348427098,-1168164137,-1009,6617,-6
28954111,26128,348427094,-1168164101,-1009,6617,-7
28963698,26128,348427089,-1168164064,-1008,6617,-8
28973196,26128,348427085,-1168164028,-1009,6617,-9
28983365,26127,348427080,-1168163992,-1009,6617,-10
28993259,26127,348427075,-1168163956,-1008,6617,-11
29003326,26127,348427071,-1168163920,-1008,6617,-12
29013505,26127,348427066,-1168163883,-1008,6617,-14
29023185,26127,348427062,-1168163847,-1009,6617,-16
29033115,26127,348427057,-1168163811,-1009,6617,-18
29043549,26127,348427053,-1168163775,-1010,6617,-20
29053587,26126,348427048,-1168163739,-1010,6617,-22
29063261,26126,348427044,-1168163702,-1010,6617,-24
29074199,26126,348427039,-1168163666,-1010,6617,-27
29083110,26126,348427035,-1168163630,-1011,6617,-29
29093129,26126,348427030,-1168163594,-1011,6616,-32
29104844,26126,348427026,-1168163558,-1012,6616,-35
29114173,26126,348427021,-1168163521,-1012,6616,-38
29123261,26126,348427017,-1168163485,-1013,6616,-40
29133126,26126,348427012,-1168163449,-1013,6616,-42
29143117,26126,348427007,-1168163413,-1014,6616,-44
29154008,26126,348427003,-1168163378,-1014,6615,-45
29163261,26126,348426998,-1168163340,-1014,6615,-47
29173188,26125,348426994,-1168163304,-1015,6615,-50
29183106,26125,348426989,-1168163268,-1015,6615,-53
29193118,26125,348426985,-1168163233,-1015,6615,-56
29203351,26125,348426980,-1168163197,-1016,6615,-58
29213276,26125,348426975,-1168163159,-1016,6614,-59
29223175,26125,348426971,-1168163123,-1017,6614,-59
29233092,26124,348426966,-1168163088,-1016,6614,-59
29243116,26124,348426962,-1168163052,-1017,6614,-61
29253326,26124,348426957,-1168163016,-1017,6614,-64
29263259,26123,348426953,-1168162979,-1017,6614,-66
29273477,26123,348426948,-1168162943,-1018,6614,-67
29283266,26123,348426943,-1168162907,-1018,6613,-66
29293130,26122,348426939,-1168162871,-1018,6613,-65
29303645,26122,348426934,-1168162835,-1018,6613,-64
29313318,26121,348426930,-1168162798,-1018,6613,-63
29323327,26121,348426925,-1168162762,-1018,6613,-63
29333116,26121,348426921,-1168162726,-1019,6613,-63
29343712,26120,348426916,-1168162690,-1019,6613,-62
29353678,26120,348426911,-1168162654,-1019,6613,-60
29363253,26119,348426907,-1168162617,-1020,6613,-58
29373187,26119,348426902,-1168162581,-1020,6613,-57
29383109,26118,348426898,-1168162545,-1021,6613,-55
29393126,26118,348426893,-1168162509,-1020,6613,-54
29404252,26118,348426888,-1168162474,-1021,6613,-52
29413288,26117,348426884,-1168162436,-1021,6612,-49
29424258,26117,348426879,-1168162400,-1022,6612,-47
29433811,26116,348426875,-1168162365,-1022,6612,-45
29443123,26116,348426870,-1168162329,-1023,6613,-44
29453395,26116,348426865,-1168162293,-1023,6613,-42
29463288,26115,348426861,-1168162255,-1024,6613,-39
29473174,26115,348426856,-1168162220,-1024,6613,-36
29483114,26115,348426852,-1168162184,-1025,6612,-34
29493125,26115,348426847,-1168162148,-1025,6613,-31
29504066,26114,348426842,-1168162112,-1026,6613,-30
29513288,26114,348426838,-1168162075,-1025,6614,-28
29523163,26114,348426833,-1168162039,-1026,6613,-27
29533192,26114,348426829,-1168162003,-1026,6613,-25
29543127,26114,348426824,-1168161967,-1026,6613,-24
29553320,26114,348426819,-1168161931,-1027,6613,-22
29563261,26114,348426815,-1168161894,-1027,6613,-20
29573187,26114,348426810,-1168161858,-1027,6613,-19
29583102,26114,348426805,-1168161822,-1027,6613,-18
29593108,26113,348426801,-1168161786,-1027,6613,-17
29603527,26114,348426796,-1168161751,-1027,6613,-17
29613284,26113,348426792,-1168161713,-1026,6613,-16
29623190,26113,348426787,-1168161677,-1026,6614,-16
29633098,26113,348426782,-1168161641,-1027,6614,-16
29643465,26113,348426778,-1168161606,-1026,6614,-16
29653319,26113,348426773,-1168161570,-1026,6613,-17
29663249,26113,348426769,-1168161532,-1026,6613,-17
29674004,26113,348426764,-1168161497,-1026,6613,-18
29683103,26113,348426759,-1168161461,-1025,6613,-19
29693670,26113,348426755,-1168161425,-1026,6613,-21
29704222,26113,348426750,-1168161389,-1025,6613,-23
29713251,26112,348426745,-1168161352,-1025,6613,-24
29723182,26112,348426741,-1168161316,-1025,6613,-26
29733132,26112,348426736,-1168161280,-1025,6613,-27
29743117,26112,348426732,-1168161244,-1025,6613,-29
29753388,26112,348426727,-1168161208,-1025,6613,-31
29763247,26112,348426722,-1168161171,-1025,6613,-34
29773168,26112,348426718,-1168161135,-1025,6612,-36
29783108,26112,348426713,-1168161099,-1026,6612,-38
29793122,26112,348426708,-1168161063,-1026,6612,-40
29803355,26111,348426704,-1168161028,-1026,6612,-43
29813273,26111,348426699,-1168160990,-1026,6612,-45
29823205,26111,348426695,-1168160954,-1027,6611,-49
29833128,26111,348426690,-1168160918,-1027,6611,-51
29844083,26111,348426685,-1168160883,-1028,6611,-54
29853313,26111,348426681,-1168160847,-1029,6610,-56
29863244,26111,348426676,-1168160809,-1029,6610,-59
29873169,26111,348426672,-1168160774,-1030,6610,-61
29883153,26111,348426667,-1168160738,-1030,6610,-63
29893109,26111,348426662,-1168160702,-1030,6609,-66
29903309,26111,348426658,-1168160666,-1032,6609,-68
29913715,26111,348426653,-1168160629,-1032,6608,-70
29923272,26111,348426648,-1168160593,-1032,6608,-71
29933108,26112,348426644,-1168160557,-1033,6608,-72
29943100,26112,348426639,-1168160521,-1033,6608,-74
29953668,26112,348426634,-1168160486,-1034,6608,-75
29963253,26112,348426630,-1168160448,-1034,6607,-76
29973186,26112,348426625,-1168160412,-1035,6607,-77
29983121,26112,348426620,-1168160377,-1035,6607,-77
29993101,26112,348426616,-1168160341,-1035,6606,-77
30003323,26112,348426611,-1168160305,-1035,6607,-77
30013374,26112,348426606,-1168160268,-1036,6606,-77
30023159,26112,348426602,-1168160232,-1036,6606,-77
30033079,26112,348426597,-1168160196,-1036,6606,-76
30043314,26112,348426592,-1168160160,-1037,6606,-75
30053904,26112,348426588,-1168160124,-1037,6606,-74
30063244,26112,348426583,-1168160087,-1036,6606,-73
30073692,26112,348426578,-1168160051,-1037,6606,-72
30083094,26112,348426574,-1168160015,-1036,6606,-71
30093310,26112,348426569,-1168159980,-1037,6606,-70
30104244,26112,348426564,-1168159944,-1037,6606,-69
30113425,26112,348426560,-1168159906,-1037,6606,-67
30123157,26111,348426555,-1168159871,-1037,6606,-66
30133112,26111,348426550,-1168159835,-1037,6606,-65
30143449,26111,348426546,-1168159799,-1037,6606,-63
30153294,26111,348426541,-1168159763,-1037,6605,-62
30163247,26111,348426536,-1168159726,-1037,6605,-60
30173193,26111,348426532,-1168159690,-1037,6605,-58
30183089,26111,348426527,-1168159654,-1037,6605,-56
30193318,26110,348426522,-1168159618,-1037,6606,-55
30203318,26110,348426518,-1168159583,-1037,6606,-54
30213269,26110,348426513,-1168159545,-1037,6605,-52
30223160,26110,348426508,-1168159510,-1037,6605,-50
30233339,26110,348426504,-1168159474,-1037,6605,-48
30243101,26110,348426499,-1168159438,-1037,6605,-45
30253269,26109,348426494,-1168159402,-1036,6606,-44
30263985,26109,348426490,-1168159365,-1037,6605,-43
30273189,26109,348426485,-1168159329,-1036,6606,-42
30283086,26109,348426480,-1168159293,-1036,6606,-41
30293097,26109,348426476,-1168159257,-1037,6605,-39
30303967,26109,348426471,-1168159222,-1036,6605,-38
30313532,26109,348426466,-1168159184,-1036,6605,-37
30323158,26109,348426462,-1168159148,-1036,6605,-36
30333227,26108,348426457,-1168159113,-1035,6606,-35
30343115,26108,348426452,-1168159077,-1036,6605,-34
30353300,26108,348426448,-1168159041,-1036,6605,-34
30363419,26108,348426443,-1168159004,-1036,6605,-33
30373170,26108,348426438,-1168158968,-1036,6606,-33
30383076,26108,348426434,-1168158932,-1036,6606,-33
30393104,26108,348426429,-1168158896,-1036,6606,-33
30405003,26109,348426424,-1168158860,-1036,6605,-33
30413255,26109,348426420,-1168158823,-1036,6605,-33
30423385,26109,348426415,-1168158787,-1036,6605,-33
30433360,26109,348426410,-1168158751,-1036,6605,-33
30443118,26109,348426406,-1168158716,-1036,6605,-34
30454011,26109,348426401,-1168158680,-1037,6605,-36
30463495,26109,348426396,-1168158643,-1036,6605,-36
30473985,26109,348426392,-1168158607,-1037,6605,-37
30484338,26110,348426387,-1168158571,-1037,6605,-37
30493435,26110,348426382,-1168158535,-1037,6604,-38
30503385,26110,348426378,-1168158499,-1036,6604,-38
30513249,26110,348426373,-1168158462,-1037,6604,-40
30523699,26110,348426368,-1168158426,-1037,6605,-41
30533098,26110,348426364,-1168158390,-1037,6605,-43
30543108,26111,348426359,-1168158355,-1037,6604,-44
30553971,26111,348426354,-1168158319,-1036,6604,-44
30563503,26111,348426350,-1168158281,-1037,6604,-44
30573162,26111,348426345,-1168158246,-1037,6604,-45
30583917,26111,348426340,-1168158210,-1037,6604,-46
30593099,26111,348426336,-1168158174,-1037,6604,-48
30604103,26111,348426331,-1168158138,-1037,6604,-49
30614286,26112,348426326,-1168158101,-1036,6604,-50
30623162,26112,348426322,-1168158065,-1037,6604,-51
30634018,26112,348426317,-1168158029,-1036,6604,-51
30643331,26112,348426312,-1168157994,-1036,6604,-52
30653306,26112,348426308,-1168157958,-1036,6604,-53
30664119,26112,348426303,-1168157920,-1036,6604,-53
30673886,26112,348426298,-1168157885,-1037,6604,-53
30683739,26112,348426294,-1168157849,-1036,6604,-53
30693699,26112,348426289,-1168157813,-1036,6604,-53
30703967,26112,348426284,-1168157777,-1036,6605,-54
30713311,26112,348426280,-1168157740,-1035,6605,-54
30723592,26112,348426275,-1168157704,-1036,6605,-54
30733491,26112,348426270,-1168157668,-1036,6605,-53
30743172,26112,348426266,-1168157633,-1035,6604,-53
30753282,26112,348426261,-1168157597,-1035,6605,-52
30763978,26112,348426256,-1168157559,-1035,6605,-52
30773175,26112,348426252,-1168157524,-1035,6605,-52
30783090,26112,348426247,-1168157488,-1035,6605,-52
30793393,26113,348426242,-1168157452,-1035,6605,-51
30803354,26113,348426238,-1168157416,-1035,6605,-50
30813240,26113,348426233,-1168157379,-1035,6605,-48
30823903,26113,348426228,-1168157343,-1035,6605,-47
30833464,26113,348426224,-1168157307,-1035,6606,-46
30843141,26113,348426219,-1168157271,-1035,6606,-44
30853998,26113,348426214,-1168157236,-1035,6606,-43
30863234,26113,348426210,-1168157198,-1035,6606,-41
30873968,26113,348426205,-1168157162,-1035,6606,-39
30883586,26113,348426200,-1168157127,-1034,6606,-37
30893121,26113,348426196,-1168157091,-1035,6606,-35
30903264,26113,348426191,-1168157055,-1035,6607,-33
30913944,26113,348426186,-1168157018,-1035,6607,-31
30923984,26113,348426182,-1168156982,-1035,6607,-29
30933086,26113,348426177,-1168156946,-1034,6607,-27
30943083,26113,348426172,-1168156910,-1034,6607,-24
30957347,26113,348426168,-1168156874,-1034,6607,-22
30963814,26113,348426163,-1168156837,-1033,6608,-20
30974597,26113,348426158,-1168156801,-1034,6608,-18
30983078,26113,348426154,-1168156765,-1033,6608,-16
30993787,26113,348426149,-1168156730,-1033,6608,-14
31003303,26113,348426145,-1168156694,-1033,6608,-12
31013226,26113,348426140,-1168156657,-1032,6609,-11
31023771,26113,348426135,-1168156621,-1032,6609,-10
31034651,26113,348426131,-1168156585,-1032,6609,-8
31044069,26113,348426126,-1168156549,-1032,6609,-7
31053959,26113,348426121,-1168156513,-1032,6609,-6
31063381,26113,348426117,-1168156476,-1031,6609,-5
31073132,26113,348426112,-1168156440,-1031,6610,-4
31083089,26112,348426107,-1168156404,-1032,6610,-4
31093092,26113,348426103,-1168156368,-1031,6610,-4
31103328,26113,348426098,-1168156333,-1032,6610,-4
31113960,26113,348426093,-1168156295,-1032,6610,-3
31123266,26113,348426089,-1168156259,-1032,6610,-3
31133144,26113,348426084,-1168156224,-1031,6610,-3
31143099,26113,348426079,-1168156188,-1032,6610,-4
31153331,26113,348426075,-1168156152,-1032,6611,-4
31163317,26113,348426070,-1168156114,-1032,6610,-5
31173251,26114,348426066,-1168156079,-1032,6611,-6
31183899,26114,348426061,-1168156043,-1032,6611,-7
31193083,26114,348426056,-1168156007,-1032,6610,-7
31203414,26114,348426052,-1168155971,-1032,6611,-8
31214353,26114,348426047,-1168155934,-1032,6611,-9
31223138,26115,348426042,-1168155898,-1032,6611,-10
31233068,26115,348426038,-1168155862,-1032,6611,-12
31243112,26115,348426033,-1168155826,-1032,6611,-14
31253282,26115,348426028,-1168155790,-1032,6611,-15
31263223,26115,348426024,-1168155753,-1031,6611,-16
31273840,26115,348426019,-1168155717,-1031,6611,-18
31285374,26116,348426014,-1168155681,-1031,6611,-19
31293591,26116,348426010,-1168155646,-1031,6612,-21
31303275,26116,348426005,-1168155610,-1031,6612,-22
31313260,26116,348426000,-1168155572,-1031,6612,-24
31323173,26116,348425996,-1168155537,-1030,6612,-25
31333081,26117,348425991,-1168155501,-1031,6612,-26
31343372,26117,348425987,-1168155465,-1030,6612,-28
31353300,26117,348425982,-1168155429,-1031,6612,-30
31363241,26117,348425977,-1168155392,-1031,6613,-32
31373393,26118,348425973,-1168155356,-1030,6612,-33
31383069,26118,348425968,-1168155320,-1030,6612,-34
31393080,26118,348425963,-1168155284,-1030,6613,-35
31404211,26118,348425959,-1168155248,-1030,6613,-36
31413229,26118,348425954,-1168155211,-1029,6613,-36
31423155,26118,348425949,-1168155175,-1029,6613,-37
31433119,26119,348425945,-1168155139,-1029,6613,-37
31443098,26119,348425940,-1168155103,-1029,6614,-37
31453571,26119,348425936,-1168155068,-1029,6614,-38
31463237,26119,348425931,-1168155030,-1028,6614,-38
31473245,26119,348425926,-1168154994,-1028,6614,-38
31483086,26120,348425922,-1168154958,-1028,6614,-39
31493829,26120,348425917,-1168154923,-1028,6615,-39
31503289,26120,348425912,-1168154887,-1028,6614,-38
31513242,26120,348425908,-1168154849,-1028,6615,-38
31526824,26120,348425903,-1168154814,-1028,6615,-38
31533776,26121,348425899,-1168154778,-1027,6615,-38
31543096,26121,348425894,-1168154742,-1027,6615,-37
31553325,26121,348425889,-1168154706,-1027,6616,-36
31563217,26121,348425885,-1168154669,-1026,6616,-35
31573151,26122,348425880,-1168154633,-1026,6616,-34
31583074,26122,348425875,-1168154597,-1026,6617,-34
31593759,26122,348425871,-1168154561,-1025,6617,-34
31604001,26122,348425866,-1168154525,-1025,6617,-34
31613233,26122,348425862,-1168154488,-1025,6617,-33
31623136,26123,348425857,-1168154452,-1024,6617,-32
31633078,26123,348425852,-1168154416,-1024,6617,-31
31643104,26123,348425848,-1168154380,-1024,6618,-31
31653366,26123,348425843,-1168154344,-1023,6618,-29
31663221,26124,348425838,-1168154307,-1023,6618,-29
31673837,26124,348425834,-1168154271,-1023,6618,-28
31683189,26124,348425829,-1168154235,-1022,6619,-27
31694036,26124,348425825,-1168154199,-1022,6619,-26
31704009,26125,348425820,-1168154163,-1022,6619,-26
31713224,26125,348425815,-1168154126,-1022,6619,-25
31723529,26125,348425811,-1168154090,-1021,6620,-25
31733075,26126,348425806,-1168154054,-1021,6620,-24
31743071,26126,348425802,-1168154018,-1021,6620,-24
31753694,26126,348425797,-1168153982,-1020,6620,-23
31763202,26127,348425792,-1168153945,-1020,6620,-22
31773281,26127,348425788,-1168153909,-1020,6621,-22
31783558,26128,348425783,-1168153873,-1020,6621,-22
31793153,26128,348425779,-1168153837,-1020,6621,-22
31803605,26129,348425774,-1168153801,-1019,6621,-21
31813227,26129,348425770,-1168153764,-1019,6621,-21
31823163,26129,348425765,-1168153728,-1019,6622,-21
31833055,26130,348425760,-1168153692,-1019,6622,-20
31843089,26130,348425756,-1168153656,-1018,6622,-20
31853996,26131,348425751,-1168153620,-1018,6622,-20
31863232,26132,348425747,-1168153583,-1018,6622,-20
31873161,26132,348425742,-1168153547,-1017,6623,-20
31884915,26133,348425737,-1168153511,-1016,6623,-20
31893087,26133,348425733,-1168153475,-1017,6623,-20
31903285,26134,348425728,-1168153439,-1016,6624,-21
31913209,26135,348425724,-1168153402,-1015,6624,-21
31923129,26135,348425719,-1168153366,-1015,6624,-21
31933076,26136,348425715,-1168153330,-1014,6624,-21
31946680,26136,348425710,-1168153294,-1014,6624,-21
31953296,26137,348425705,-1168153258,-1013,6625,-21
31963229,26137,348425701,-1168153221,-1013,6625,-21
31973383,26138,348425696,-1168153185,-1012,6625,-22
31983107,26139,348425692,-1168153149,-1012,6626,-22
31993063,26139,348425687,-1168153113,-1011,6626,-23
32003383,26140,348425683,-1168153077,-1010,6626,-23
32013234,26140,348425678,-1168153040,-1010,6626,-23
32023136,26140,348425674,-1168153004,-1009,6626,-23
32033075,26141,348425669,-1168152968,-1008,6627,-24
32043106,26141,348425664,-1168152932,-1008,6627,-24
32053328,26142,348425660,-1168152896,-1008,6627,-25
32063229,26142,348425655,-1168152859,-1007,6627,-25
32073170,26143,348425651,-1168152823,-1006,6628,-25
32083066,26143,348425646,-1168152787,-1006,6628,-25
32093466,26144,348425642,-1168152751,-1005,6628,-26
32103269,26144,348425637,-1168152715,-1005,6628,-26
32113211,26144,348425633,-1168152678,-1004,6629,-26
32123145,26145,348425628,-1168152642,-1004,6629,-26
32133307,26145,348425624,-1168152606,-1003,6629,-26
32143088,26146,348425619,-1168152570,-1002,6630,-27
32153279,26146,348425615,-1168152534,-1002,6630,-27
32163447,26146,348425610,-1168152496,-1002,6630,-27
32173247,26147,348425606,-1168152461,-1002,6630,-27
32183057,26147,348425601,-1168152425,-1001,6630,-27
32193075,26147,348425597,-1168152389,-1001,6630,-26
32203801,26148,348425592,-1168152353,-1000,6631,-26
32213228,26148,348425588,-1168152315,-999,6631,-26
32223113,26148,348425583,-1168152279,-999,6632,-26
32233041,26149,348425579,-1168152243,-999,6632,-26
32243211,26149,348425574,-1168152207,-998,6632,-26
32253280,26149,348425570,-1168152171,-998,6632,-26
32263199,26150,348425565,-1168152134,-997,6632,-25
32273173,26150,348425561,-1168152098,-997,6633,-25
32283105,26150,348425556,-1168152062,-996,6633,-25
32293218,26150,348425552,-1168152026,-996,6633,-25
32303345,26150,348425547,-1168151990,-996,6633,-25
32313472,26151,348425543,-1168151953,-995,6633,-25
32323793,26151,348425538,-1168151917,-995,6634,-25
32333063,26151,348425534,-1168151881,-994,6634,-25
32343099,26151,348425529,-1168151845,-994,6634,-25
32353701,26151,348425525,-1168151809,-994,6634,-25
32363385,26151,348425520,-1168151771,-993,6634,-25
32373158,26151,348425516,-1168151735,-993,6634,-24
32383363,26151,348425511,-1168151700,-993,6634,-24
32393527,26151,348425507,-1168151664,-993,6635,-24
32403271,26151,348425502,-1168151628,-993,6635,-24
32413254,26151,348425498,-1168151590,-993,6635,-24
32424205,26150,348425494,-1168151554,-993,6636,-24
32433062,26150,348425489,-1168151518,-993,6636,-24
32443116,26150,348425485,-1168151482,-993,6635,-23
32453566,26150,348425480,-1168151446,-992,6636,-23
32463258,26150,348425476,-1168151409,-992,6636,-23
32473128,26150,348425471,-1168151373,-992,6636,-23
32483435,26149,348425467,-1168151337,-993,6636,-23
32493080,26149,348425462,-1168151301,-992,6636,-23
32503286,26149,348425458,-1168151265,-992,6636,-22
32513911,26149,348425453,-1168151227,-993,6636,-22
32523124,26148,348425449,-1168151191,-993,6637,-22
32533052,26148,348425444,-1168151155,-992,6637,-22
32543078,26148,348425440,-1168151120,-993,6637,-22
32553754,26147,348425435,-1168151084,-993,6637,-22
32563234,26147,348425431,-1168151046,-993,6637,-22
32573268,26147,348425426,-1168151010,-993,6637,-23
32583044,26146,348425422,-1168150974,-993,6637,-23
32594150,26146,348425417,-1168150938,-993,6637,-23
32604099,26146,348425413,-1168150902,-994,6637,-24
32613253,26145,348425409,-1168150865,-994,6637,-24
32623131,26145,348425404,-1168150829,-993,6637,-24
32633537,26145,348425400,-1168150793,-994,6637,-24
32643278,26144,348425395,-1168150757,-994,6637,-24
32653265,26144,348425391,-1168150721,-995,6637,-24
32663811,26144,348425386,-1168150683,-995,6637,-25
32673519,26143,348425382,-1168150647,-996,6637,-26
32683374,26143,348425377,-1168150611,-996,6637,-26
32693932,26143,348425373,-1168150575,-996,6637,-26
32703998,26142,348425368,-1168150539,-996,6637,-26
32714068,26142,348425364,-1168150502,-996,6637,-26
32724965,26142,348425359,-1168150466,-997,6637,-26
32734264,26141,348425355,-1168150430,-997,6637,-27
32743072,26141,348425350,-1168150394,-998,6637,-26
32754447,26141,348425346,-1168150358,-998,6637,-27
32763261,26140,348425341,-1168150321,-998,6637,-27
32773157,26140,348425337,-1168150285,-998,6637,-26
32783778,26139,348425332,-1168150249,-998,6637,-26
32793072,26139,348425328,-1168150213,-999,6637,-26
32803267,26139,348425323,-1168150177,-999,6637,-26
32813906,26138,348425319,-1168150139,-1000,6637,-26
32823195,26138,348425314,-1168150103,-1000,6637,-27
32833159,26137,348425310,-1168150067,-1000,6637,-27
32844305,26137,348425305,-1168150031,-1001,6637,-27
32853271,26137,348425301,-1168149995,-1001,6637,-27
32863235,26136,348425296,-1168149958,-1002,6637,-26
32873140,26136,348425292,-1168149922,-1002,6637,-26
32883301,26136,348425287,-1168149886,-1003,6637,-25
32893105,26135,348425283,-1168149850,-1003,6637,-25
32904625,26135,348425278,-1168149814,-1004,6637,-25
32913263,26134,348425274,-1168149776,-1004,6637,-25
32923146,26134,348425269,-1168149740,-1005,6637,-26
32933064,26134,348425265,-1168149704,-1006,6637,-26
32943071,26133,348425260,-1168149668,-1006,6637,-25
32954074,26133,348425256,-1168149632,-1006,6637,-25
32963199,26133,348425251,-1168149595,-1006,6637,-24
32973134,26133,348425246,-1168149559,-1007,6637,-24
32983050,26132,348425242,-1168149523,-1007,6637,-25
32993050,26132,348425237,-1168149487,-1008,6637,-25
33003339,26132,348425233,-1168149451,-1008,6637,-25
33013253,26132,348425228,-1168149414,-1008,6637,-25
33023121,26132,348425224,-1168149378,-1008,6637,-25
33033067,26131,348425219,-1168149342,-1008,6637,-25
33043048,26131,348425215,-1168149306,-1009,6637,-25
33053275,26131,348425210,-1168149270,-1009,6637,-25
33063191,26131,348425205,-1168149232,-1009,6637,-25
33073159,26131,348425201,-1168149196,-1009,6637,-26
33083602,26131,348425196,-1168149160,-1009,6638,-26
33093293,26130,348425192,-1168149124,-1009,6638,-26
33103609,26130,348425187,-1168149088,-1009,6637,-26
33113974,26130,348425183,-1168149051,-1010,6637,-26
33123132,26130,348425178,-1168149015,-1010,6637,-26
33133083,26130,348425174,-1168148979,-1010,6637,-26
33143054,26130,348425169,-1168148943,-1010,6637,-27
33153279,26130,348425165,-1168148907,-1010,6637,-27
33163206,26129,348425160,-1168148869,-1011,6637,-27
33173120,26129,348425155,-1168148833,-1011,6637,-27
33183039,26129,348425151,-1168148798,-1011,6637,-27
33193168,26129,348425146,-1168148762,-1012,6637,-26
33204190,26129,348425142,-1168148726,-1011,6637,-26
33213192,26129,348425137,-1168148688,-1012,6637,-26
33223104,26129,348425133,-1168148652,-1012,6637,-26
33233037,26129,348425128,-1168148616,-1013,6637,-26
33243100,26129,348425123,-1168148580,-1013,6637,-26
33253324,26128,348425119,-1168148544,-1013,6637,-25
33263220,26128,348425114,-1168148507,-1014,6637,-25
33273308,26128,348425110,-1168148471,-1014,6637,-24
33283050,26128,348425105,-1168148435,-1014,6637,-24
33293052,26128,348425101,-1168148399,-1014,6637,-23
33303255,26128,348425096,-1168148363,-1015,6637,-23
33315623,26128,348425091,-1168148325,-1015,6636,-22
33323113,26128,348425087,-1168148289,-1015,6637,-22
33333043,26128,348425082,-1168148253,-1015,6637,-22
33343049,26128,348425078,-1168148217,-1015,6637,-22
33353603,26128,348425073,-1168148181,-1016,6637,-21
33363203,26128,348425069,-1168148144,-1016,6637,-21
33373118,26128,348425064,-1168148108,-1016,6637,-20
33383026,26128,348425059,-1168148072,-1016,6637,-20
33393050,26127,348425055,-1168148036,-1016,6637,-19
33403280,26127,348425050,-1168148000,-1017,6637,-19
33413201,26127,348425046,-1168147963,-1017,6638,-19
33423110,26127,348425041,-1168147927,-1017,6638,-19
33433029,26127,348425037,-1168147891,-1017,6637,-18
33443185,26127,348425032,-1168147855,-1017,6637,-18
33453314,26127,348425027,-1168147819,-1017,6637,-18
33463503,26127,348425023,-1168147781,-1018,6638,-18
33473168,26127,348425018,-1168147745,-1018,6638,-17
33483082,26127,348425014,-1168147709,-1018,6638,-18
33493056,26127,348425009,-1168147673,-1018,6637,-18
33503222,26127,348425004,-1168147637,-1018,6638,-18
33513983,26126,348425000,-1168147600,-1018,6638,-18
33523165,26126,348424995,-1168147564,-1019,6638,-18
33533069,26126,348424991,-1168147528,-1018,6638,-18
33543045,26126,348424986,-1168147492,-1018,6638,-18
33553952,26126,348424981,-1168147456,-1019,6638,-18
33563192,26126,348424977,-1168147418,-1019,6638,-18
33573163,26126,348424972,-1168147382,-1019,6638,-19
33583026,26126,348424968,-1168147346,-1018,6638,-20
33593041,26126,348424963,-1168147310,-1019,6638,-20
33603753,26125,348424959,-1168147274,-1019,6638,-20
33613213,26125,348424954,-1168147237,-1019,6638,-21
33623145,26125,348424949,-1168147201,-1019,6638,-21
33633038,26125,348424945,-1168147165,-1019,6638,-21
33643068,26125,348424940,-1168147129,-1019,6638,-22
33654046,26125,348424936,-1168147093,-1019,6638,-23
33663192,26125,348424931,-1168147056,-1019,6638,-24
33673154,26125,348424926,-1168147020,-1019,6638,-25
33683024,26125,348424922,-1168146984,-1019,6638,-25
33693049,26125,348424917,-1168146948,-1019,6638,-25
33703252,26125,348424913,-1168146912,-1019,6638,-25
33713199,26124,348424908,-1168146874,-1019,6638,-25
33723150,26124,348424903,-1168146838,-1019,6638,-26
33733058,26124,348424899,-1168146802,-1019,6638,-27
33743052,26124,348424894,-1168146766,-1020,6638,-27
33753260,26124,348424890,-1168146730,-1019,6638,-28
33763198,26124,348424885,-1168146693,-1020,6638,-28
33773150,26124,348424881,-1168146657,-1020,6638,-28
33783041,26124,348424876,-1168146621,-1020,6639,-28
33793075,26123,348424871,-1168146585,-1020,6639,-28
33803224,26123,348424867,-1168146549,-1020,6638,-29
33813475,26123,348424862,-1168146511,-1021,6638,-30
33823141,26123,348424858,-1168146475,-1021,6638,-30
33834045,26123,348424853,-1168146439,-1020,6638,-30
33843610,26123,348424848,-1168146403,-1021,6638,-31
33853581,26123,348424844,-1168146367,-1021,6639,-31
33863184,26123,348424839,-1168146330,-1021,6638,-32
33873153,26123,348424835,-1168146294,-1021,6638,-32
33883063,26123,348424830,-1168146258,-1022,6638,-32
33893048,26123,348424825,-1168146222,-1021,6638,-31
33903234,26123,348424821,-1168146186,-1022,6638,-32
33913199,26123,348424816,-1168146148,-1022,6639,-32
33923150,26123,348424812,-1168146112,-1022,6638,-32
33933042,26123,348424807,-1168146077,-1022,6638,-33
33943048,26123,348424802,-1168146041,-1022,6638,-33
33955144,26122,348424798,-1168146005,-1023,6638,-32
33963193,26122,348424793,-1168145967,-1022,6638,-32
33973158,26122,348424789,-1168145931,-1022,6638,-31
33983035,26122,348424784,-1168145895,-1023,6638,-31
33993191,26122,348424779,-1168145859,-1023,6638,-31
34004163,26122,348424775,-1168145823,-1023,6638,-31
34013205,26122,348424770,-1168145786,-1023,6638,-31
34023158,26122,348424765,-1168145750,-1023,6639,-30
34033133,26122,348424761,-1168145714,-1023,6639,-29
34043026,26122,348424756,-1168145678,-1024,6638,-29
34053241,26122,348424752,-1168145642,-1024,6638,-28
34063213,26122,348424747,-1168145604,-1023,6638,-27
34073132,26122,348424742,-1168145568,-1024,6639,-27
34083971,26122,348424738,-1168145532,-1024,6639,-26
34093062,26122,348424733,-1168145496,-1024,6639,-26
34103248,26122,348424729,-1168145460,-1024,6639,-26
34113175,26122,348424724,-1168145423,-1024,6639,-25
34123101,26122,348424719,-1168145387,-1024,6639,-25
34133053,26122,348424715,-1168145351,-1025,6639,-24
34143035,26122,348424710,-1168145315,-1025,6638,-23
34154036,26122,348424706,-1168145279,-1024,6639,-23
34163219,26122,348424701,-1168145241,-1024,6639,-22
34173102,26122,348424696,-1168145205,-1025,6639,-22
34183030,26123,348424692,-1168145169,-1025,6639,-21
34194477,26123,348424687,-1168145133,-1025,6639,-21
34203488,26123,348424682,-1168145097,-1025,6639,-20
34213191,26123,348424678,-1168145060,-1025,6639,-19
34225548,26123,348424673,-1168145024,-1025,6639,-19
34233021,26123,348424669,-1168144988,-1025,6639,-19
34243034,26123,348424664,-1168144952,-1025,6639,-18
34257849,26123,348424659,-1168144916,-1025,6639,-18
34263789,26123,348424655,-1168144878,-1025,6639,-18
34273111,26123,348424650,-1168144842,-1025,6639,-17
34283040,26123,348424646,-1168144806,-1026,6639,-16
34293154,26123,348424641,-1168144770,-1025,6640,-16
34303908,26123,348424636,-1168144734,-1025,6640,-16
34313204,26123,348424632,-1168144697,-1025,6639,-16
34325831,26123,348424627,-1168144661,-1025,6639,-16
34333045,26123,348424622,-1168144625,-1025,6639,-15
34343036,26122,348424618,-1168144589,-1025,6640,-15
34353392,26122,348424613,-1168144553,-1025,6640,-15
34363399,26122,348424609,-1168144516,-1025,6640,-14
34373583,26122,348424604,-1168144480,-1025,6639,-15
34384183,26122,348424599,-1168144444,-1025,6640,-15
34393033,26122,348424595,-1168144408,-1025,6640,-15
34403514,26122,348424590,-1168144372,-1025,6640,-14
34413790,26121,348424585,-1168144334,-1025,6640,-14
34423603,26121,348424581,-1168144298,-1025,6640,-14
34433074,26121,348424576,-1168144262,-1025,6640,-14
34450731,26121,348424572,-1168144226,-1024,6640,-14
34453613,26121,348424567,-1168144190,-1024,6640,-14
34463182,26121,348424562,-1168144153,-1024,6640,-14
34473961,26120,348424558,-1168144117,-1024,6640,-14
34483029,26120,348424553,-1168144081,-1024,6640,-15
34493052,26120,348424549,-1168144045,-1024,6640,-15
34504295,26120,348424544,-1168144009,-1024,6640,-15
34513180,26120,348424539,-1168143971,-1025,6640,-15
34523156,26120,348424535,-1168143935,-1024,6640,-15
34533020,26119,348424530,-1168143899,-1025,6640,-15
34543479,26119,348424525,-1168143863,-1025,6640,-15
34553240,26119,348424521,-1168143827,-1025,6640,-15
34563362,26119,348424516,-1168143790,-1024,6640,-16
34573584,26119,348424512,-1168143754,-1025,6640,-16
34583018,26119,348424507,-1168143718,-1025,6640,-17
34596888,26119,348424502,-1168143682,-1025,6640,-17
34603225,26119,348424498,-1168143646,-1025,6640,-17
34613193,26119,348424493,-1168143608,-1025,6640,-18
34623135,26119,348424489,-1168143572,-1025,6640,-18
34633142,26119,348424484,-1168143536,-1025,6640,-18
34643166,26119,348424479,-1168143500,-1025,6640,-19
34656303,26119,348424475,-1168143464,-1025,6641,-19
34663335,26119,348424470,-1168143427,-1025,6641,-20
34673134,26119,348424466,-1168143391,-1025,6641,-21
34683580,26119,348424461,-1168143355,-1025,6641,-22
34693131,26119,348424456,-1168143319,-1025,6641,-22
34703485,26119,348424452,-1168143283,-1025,6640,-23
34713947,26119,348424447,-1168143245,-1025,6641,-23
34723168,26119,348424442,-1168143209,-1025,6641,-23
34733050,26119,348424438,-1168143173,-1026,6641,-24
34743208,26119,348424433,-1168143137,-1025,6641,-25
34753535,26119,348424429,-1168143101,-1025,6641,-26
34763954,26119,348424424,-1168143064,-1025,6641,-27
34773146,26119,348424419,-1168143028,-1025,6641,-27
34783018,26119,348424415,-1168142992,-1026,6641,-27
34793040,26119,348424410,-1168142956,-1026,6641,-28
34803678,26119,348424405,-1168142920,-1026,6641,-28
34813189,26119,348424401,-1168142882,-1026,6641,-30
34823139,26119,348424396,-1168142846,-1026,6641,-31
34833026,26119,348424392,-1168142810,-1026,6641,-31
34843052,26120,348424387,-1168142774,-1026,6641,-31
34853779,26120,348424382,-1168142738,-1026,6641,-32
34863184,26120,348424378,-1168142701,-1026,6641,-32
34873121,26120,348424373,-1168142665,-1026,6641,-33
34883021,26120,348424369,-1168142629,-1026,6641,-33
34893037,26120,348424364,-1168142593,-1026,6640,-34
34903227,26120,348424359,-1168142557,-1026,6641,-34
34913210,26120,348424355,-1168142519,-1027,6641,-35
34923928,26120,348424350,-1168142483,-1026,6641,-35
34933025,26120,348424345,-1168142447,-1026,6640,-36
34943038,26120,348424341,-1168142411,-1026,6640,-36
34954671,26120,348424336,-1168142375,-1027,6640,-36
34963195,26121,348424332,-1168142338,-1026,6641,-36
34973132,26121,348424327,-1168142302,-1026,6640,-37
34983030,26121,348424322,-1168142266,-1027,6640,-37
34993055,26121,348424318,-1168142230,-1026,6640,-37
35003232,26121,348424313,-1168142194,-1026,6640,-37
35013279,26121,348424308,-1168142156,-1027,6640,-38
35023127,26121,348424304,-1168142120,-1026,6640,-38
35033345,26121,348424299,-1168142084,-1027,6640,-38
35043016,26121,348424295,-1168142048,-1027,6640,-38
35053233,26122,348424290,-1168142012,-1026,6640,-37
35065600,26122,348424285,-1168141975,-1027,6640,-38
35073120,26122,348424281,-1168141939,-1026,6640,-38
35083013,26122,348424276,-1168141903,-1026,6640,-38
35093770,26122,348424271,-1168141867,-1026,6640,-38
35103185,26122,348424267,-1168141831,-1026,6640,-38
35113394,26123,348424262,-1168141793,-1026,6640,-38
35123088,26123,348424258,-1168141757,-1026,6640,-38
35133020,26123,348424253,-1168141721,-1025,6639,-38
35144249,26123,348424248,-1168141685,-1025,6639,-37
35153385,26123,348424244,-1168141649,-1025,6640,-37
35163171,26123,348424239,-1168141612,-1025,6640,-37
35173088,26123,348424235,-1168141576,-1024,6640,-37
35183001,26124,348424230,-1168141540,-1025,6639,-37
35193972,26124,348424225,-1168141504,-1024,6639,-36
35203228,26124,348424221,-1168141468,-1024,6639,-36
35213172,26124,348424216,-1168141430,-1023,6639,-35
35223062,26124,348424212,-1168141394,-1024,6639,-35
35233005,26124,348424207,-1168141358,-1023,6639,-34
35243031,26124,348424202,-1168141322,-1024,6639,-34
35253238,26125,348424198,-1168141286,-1023,6639,-34
35263150,26125,348424193,-1168141249,-1023,6639,-33
35273296,26125,348424189,-1168141213,-1023,6639,-32
35283306,26125,348424184,-1168141177,-1023,6639,-32
35293035,26125,348424179,-1168141141,-1022,6639,-31
35303541,26125,348424175,-1168141105,-1022,6639,-30
35313370,26125,348424170,-1168141067,-1022,6639,-30
35323086,26126,348424166,-1168141031,-1022,6639,-29
35333025,26126,348424161,-1168140995,-1021,6639,-29
35343041,26126,348424156,-1168140959,-1021,6639,-27
35353230,26126,348424152,-1168140923,-1021,6640,-26
35363409,26126,348424147,-1168140886,-1020,6640,-25
35373090,26126,348424143,-1168140850,-1021,6640,-25
35383008,26126,348424138,-1168140814,-1020,6640,-25
35393050,26127,348424133,-1168140778,-1020,6640,-24
35403247,26127,348424129,-1168140742,-1019,6640,-24
35413166,26127,348424124,-1168140704,-1020,6640,-23
35423091,26127,348424120,-1168140668,-1019,6640,-22
35433003,26127,348424115,-1168140632,-1019,6640,-21
35443324,26127,348424110,-1168140596,-1019,6640,-21
35453225,26127,348424106,-1168140560,-1018,6640,-21
35463182,26128,348424101,-1168140523,-1018,6640,-21
35473116,26128,348424097,-1168140487,-1018,6641,-21
35483041,26128,348424092,-1168140451,-1018,6641,-20
35493138,26128,348424088,-1168140415,-1017,6641,-20
35503490,26128,348424083,-1168140379,-1017,6640,-20
35513506,26128,348424078,-1168140341,-1017,6641,-20
35525301,26128,348424074,-1168140305,-1016,6641,-20
35533557,26128,348424069,-1168140269,-1016,6641,-20
35543025,26128,348424065,-1168140233,-1016,6641,-21
35553421,26128,348424060,-1168140197,-1016,6641,-22
35563162,26129,348424056,-1168140160,-1016,6641,-22
35573090,26129,348424051,-1168140124,-1016,6641,-23
35583023,26129,348424046,-1168140088,-1016,6641,-23
35593285,26129,348424042,-1168140052,-1016,6641,-23
35603555,26129,348424037,-1168140016,-1016,6641,-23
35613231,26129,348424033,-1168139978,-1016,6641,-24
35623200,26129,348424028,-1168139942,-1016,6641,-24
35633107,26130,348424024,-1168139906,-1015,6641,-25
35643352,26130,348424019,-1168139870,-1015,6641,-26
35653187,26130,348424014,-1168139834,-1015,6641,-26
35663161,26130,348424010,-1168139797,-1015,6641,-27
35673663,26130,348424005,-1168139761,-1015,6641,-27
35683283,26130,348424001,-1168139725,-1015,6641,-28
35693024,26130,348423996,-1168139689,-1015,6641,-29
35703244,26130,348423992,-1168139653,-1015,6641,-29
35714257,26131,348423987,-1168139615,-1014,6641,-30
35723472,26130,348423982,-1168139579,-1015,6641,-30
35733031,26130,348423978,-1168139543,-1014,6641,-30
35743019,26130,348423973,-1168139507,-1014,6641,-31
35753219,26131,348423969,-1168139471,-1014,6641,-31
35763169,26131,348423964,-1168139434,-1014,6641,-32
35773135,26131,348423960,-1168139398,-1013,6641,-32
35782993,26131,348423955,-1168139362,-1014,6641,-32
35793582,26131,348423951,-1168139326,-1013,6641,-33
35803214,26130,348423946,-1168139290,-1014,6641,-33
35813182,26131,348423941,-1168139252,-1013,6641,-34
35823241,26131,348423937,-1168139216,-1013,6641,-33
35833272,26131,348423932,-1168139180,-1014,6641,-33
35843466,26131,348423928,-1168139144,-1013,6641,-33
35853205,26131,348423923,-1168139108,-1014,6642,-33
35863157,26131,348423919,-1168139071,-1014,6642,-33
35873292,26131,348423914,-1168139035,-1014,6642,-34
35883010,26131,348423910,-1168138999,-1014,6642,-34
35893190,26131,348423905,-1168138963,-1014,6641,-33
35904008,26131,348423900,-1168138927,-1013,6642,-33
35913160,26131,348423896,-1168138889,-1013,6642,-32
35924248,26131,348423891,-1168138853,-1014,6642,-32
35933027,26131,348423887,-1168138817,-1014,6642,-32
35943201,26131,348423882,-1168138781,-1013,6642,-33
35953805,26131,348423878,-1168138745,-1013,6642,-32
35963161,26131,348423873,-1168138708,-1013,6642,-32
35973089,26131,348423868,-1168138672,-1013,6642,-31
35983119,26131,348423864,-1168138636,-1013,6643,-30
35993142,26131,348423859,-1168138600,-1013,6643,-30
36003559,26131,348423855,-1168138564,-1013,6643,-30
36013521,26131,348423850,-1168138526,-1013,6643,-30
36023065,26131,348423846,-1168138490,-1013,6643,-30
36033599,26131,348423841,-1168138454,-1013,6643,-30
36043266,26131,348423837,-1168138418,-1013,6643,-30
36053216,26131,348423832,-1168138382,-1013,6643,-29
36063415,26132,348423827,-1168138345,-1013,6643,-29
36073165,26132,348423823,-1168138309,-1013,6643,-29
36083259,26132,348423818,-1168138273,-1012,6643,-28
36092998,26132,348423814,-1168138237,-1012,6643,-29
36103518,26132,348423809,-1168138201,-1012,6644,-29
36113145,26132,348423805,-1168138163,-1013,6644,-29
36123096,26132,348423800,-1168138127,-1012,6644,-30
36133161,26132,348423796,-1168138091,-1012,6644,-30
36143039,26132,348423791,-1168138055,-1012,6644,-31
36153232,26132,348423786,-1168138019,-1011,6644,-31
36163326,26132,348423782,-1168137981,-1012,6643,-31
36173077,26132,348423777,-1168137945,-1012,6644,-32
36182994,26132,348423773,-1168137909,-1012,6644,-33
36193904,26133,348423768,-1168137873,-1012,6644,-34
36203243,26133,348423764,-1168137837,-1011,6644,-35
36213166,26133,348423759,-1168137800,-1012,6644,-35
36223615,26133,348423755,-1168137764,-1011,6644,-35
36233676,26133,348423750,-1168137728,-1012,6644,-36
36243550,26133,348423745,-1168137692,-1012,6644,-37
36253344,26133,348423741,-1168137656,-1011,6644,-39
36263140,26133,348423736,-1168137618,-1012,6644,-40
36273060,26134,348423732,-1168137582,-1011,6644,-41
36284326,26134,348423727,-1168137546,-1011,6643,-41
36293027,26134,348423723,-1168137510,-1012,6643,-40
36303848,26134,348423718,-1168137474,-1013,6643,-40
36313967,26134,348423713,-1168137437,-1012,6643,-41
36323837,26134,348423709,-1168137401,-1012,6643,-42
36333038,26134,348423704,-1168137365,-1013,6643,-43
36343020,26135,348423700,-1168137329,-1012,6644,-43
36353526,26135,348423695,-1168137293,-1013,6643,-42
36363491,26135,348423691,-1168137255,-1012,6643,-41
36373060,26135,348423686,-1168137219,-1013,6643,-40
36383783,26135,348423682,-1168137183,-1012,6643,-40
36393753,26135,348423677,-1168137147,-1012,6643,-40
36403833,26136,348423672,-1168137111,-1013,6643,-39
36413890,26136,348423668,-1168137074,-1012,6644,-39
36423085,26136,348423663,-1168137038,-1012,6644,-38
36433007,26136,348423659,-1168137002,-1012,6643,-37
36443131,26136,348423654,-1168136966,-1012,6643,-35
36453224,26136,348423650,-1168136930,-1011,6644,-35
36463158,26136,348423645,-1168136892,-1011,6644,-34
36473059,26136,348423641,-1168136856,-1010,6644,-33
36483049,26136,348423636,-1168136820,-1010,6644,-33
36493033,26136,348423631,-1168136784,-1011,6644,-31
36503223,26136,348423627,-1168136748,-1010,6644,-30
36513159,26136,348423622,-1168136710,-1009,6644,-28
36523231,26136,348423618,-1168136674,-1009,6644,-26
36532995,26136,348423613,-1168136638,-1009,6644,-25
36543042,26136,348423609,-1168136602,-1009,6645,-24
36553343,26135,348423604,-1168136566,-1009,6645,-23
36563139,26135,348423600,-1168136529,-1008,6645,-23
36573063,26135,348423595,-1168136493,-1007,6645,-22
36582989,26135,348423591,-1168136457,-1008,6645,-21
36593028,26135,348423586,-1168136421,-1007,6645,-20
36603969,26134,348423581,-1168136385,-1008,6645,-19
36613154,26134,348423577,-1168136347,-1008,6645,-18
36623070,26134,348423572,-1168136311,-1007,6645,-16
36634060,26134,348423568,-1168136275,-1007,6645,-16
36643018,26134,348423563,-1168136239,-1006,6645,-15
36653253,26133,348423559,-1168136203,-1008,6645,-15
36663163,26133,348423554,-1168136166,-1008,6646,-15
36673082,26133,348423550,-1168136130,-1008,6646,-14
36683008,26132,348423545,-1168136093,-1008,6646,-14
36693009,26132,348423541,-1168136057,-1008,6645,-14
36703214,26132,348423536,-1168136021,-1008,6645,-14
36713134,26132,348423532,-1168135984,-1008,6645,-13
36723303,26131,348423527,-1168135948,-1008,6645,-13
36733480,26131,348423522,-1168135912,-1008,6646,-12
36742998,26131,348423518,-1168135876,-1009,6646,-13
36753967,26130,348423513,-1168135840,-1009,6646,-13
36763145,26130,348423509,-1168135802,-1009,6646,-14
36773075,26130,348423504,-1168135766,-1009,6646,-15
36782991,26129,348423500,-1168135730,-1009,6646,-15
36793690,26129,348423495,-1168135694,-1010,6646,-14
36803274,26129,348423491,-1168135658,-1010,6645,-13
36813175,26128,348423486,-1168135621,-1010,6645,-14
36824328,26128,348423482,-1168135585,-1010,6645,-15
36832990,26127,348423477,-1168135549,-1011,6645,-16
36843317,26127,348423472,-1168135513,-1011,6645,-17
36853190,26127,348423468,-1168135477,-1012,6645,-18
36863764,26126,348423463,-1168135439,-1012,6645,-18
36873295,26126,348423459,-1168135403,-1013,6645,-18
36882973,26125,348423454,-1168135367,-1013,6645,-18
36893685,26125,348423450,-1168135331,-1013,6645,-19
36903224,26125,348423445,-1168135295,-1014,6645,-20
36913226,26124,348423441,-1168135257,-1015,6645,-21
36923114,26124,348423436,-1168135221,-1015,6645,-22
36933039,26123,348423431,-1168135185,-1015,6644,-22
36942999,26123,348423427,-1168135149,-1016,6644,-23
36954352,26123,348423422,-1168135113,-1017,6644,-24
36963140,26122,348423418,-1168135076,-1017,6644,-25
36973078,26122,348423413,-1168135040,-1017,6644,-25
36983196,26121,348423409,-1168135004,-1018,6644,-25
36993009,26121,348423404,-1168134968,-1019,6644,-25
37003244,26120,348423399,-1168134932,-1019,6643,-25
37014291,26120,348423395,-1168134894,-1020,6643,-26
37023056,26120,348423390,-1168134858,-1020,6644,-26
37032989,26119,348423386,-1168134822,-1020,6644,-27
37043005,26119,348423381,-1168134786,-1022,6644,-28
37053213,26119,348423376,-1168134750,-1022,6644,-27
37063125,26118,348423372,-1168134713,-1022,6643,-27
37073061,26118,348423367,-1168134677,-1023,6643,-26
37083003,26118,348423363,-1168134641,-1022,6643,-26
37093002,26117,348423358,-1168134605,-1024,6643,-25
37103965,26117,348423353,-1168134569,-1024,6643,-25
37113139,26116,348423349,-1168134531,-1026,6644,-25
37123978,26116,348423344,-1168134495,-1025,6643,-25
37133007,26116,348423339,-1168134459,-1026,6643,-25
37143277,26116,348423335,-1168134423,-1026,6643,-25
37153273,26115,348423330,-1168134387,-1026,6643,-24
37163144,26115,348423326,-1168134349,-1028,6643,-24
37173768,26115,348423321,-1168134313,-1026,6643,-24
37182982,26114,348423316,-1168134277,-1028,6643,-23
37193015,26114,348423312,-1168134241,-1028,6643,-23
37205747,26114,348423307,-1168134205,-1029,6643,-24
37213152,26114,348423302,-1168134168,-1029,6643,-24
37223156,26114,348423298,-1168134132,-1029,6643,-23
37233275,26113,348423293,-1168134096,-1030,6643,-23
37243003,26113,348423289,-1168134060,-1030,6643,-23
37253856,26113,348423284,-1168134024,-1030,6643,-23
37263126,26113,348423279,-1168133986,-1031,6642,-23
37273049,26113,348423275,-1168133950,-1031,6642,-23
37283014,26113,348423270,-1168133914,-1032,6643,-24
37293010,26112,348423265,-1168133878,-1032,6643,-24
37303228,26112,348423261,-1168133842,-1033,6643,-24
37313131,26112,348423256,-1168133805,-1033,6642,-24
37323060,26112,348423251,-1168133769,-1033,6642,-23
37332990,26112,348423247,-1168133733,-1034,6642,-24
37343149,26112,348423242,-1168133697,-1034,6642,-24
37353199,26111,348423237,-1168133661,-1035,6642,-24
37363258,26111,348423233,-1168133623,-1035,6642,-24
37373074,26111,348423228,-1168133587,-1035,6642,-23
37382991,26111,348423223,-1168133551,-1035,6642,-23
37394163,26111,348423219,-1168133515,-1036,6642,-22
37403162,26111,348423214,-1168133479,-1036,6642,-22
37413159,26110,348423209,-1168133442,-1037,6642,-22
37423061,26110,348423205,-1168133406,-1037,6642,-22
37432988,26110,348423200,-1168133370,-1038,6642,-22
37443001,26110,348423195,-1168133334,-1037,6642,-22
37453889,26110,348423191,-1168133298,-1038,6641,-22
37463128,26110,348423186,-1168133260,-1038,6641,-22
37473049,26110,348423181,-1168133224,-1039,6641,-21
37482977,26109,348423177,-1168133188,-1039,6642,-20
37493577,26109,348423172,-1168133152,-1039,6642,-20
37503204,26109,348423167,-1168133116,-1039,6642,-20
37513136,26109,348423163,-1168133079,-1039,6642,-20
37523561,26109,348423158,-1168133043,-1039,6641,-20
37532980,26109,348423153,-1168133007,-1039,6642,-20
37543000,26109,348423149,-1168132971,-1040,6642,-18
37553857,26109,348423144,-1168132935,-1040,6642,-17
37563141,26109,348423139,-1168132897,-1040,6642,-16
37573049,26109,348423135,-1168132861,-1041,6642,-17
37583043,26109,348423130,-1168132825,-1040,6642,-17
37593278,26109,348423125,-1168132789,-1040,6642,-18
37603294,26108,348423120,-1168132753,-1040,6642,-18
37613275,26108,348423116,-1168132716,-1040,6642,-18
37623044,26108,348423111,-1168132680,-1041,6642,-17
37632973,26108,348423106,-1168132644,-1039,6642,-17
37643482,26108,348423102,-1168132608,-1040,6642,-18
37653233,26108,348423097,-1168132572,-1040,6642,-19
37663152,26108,348423092,-1168132534,-1040,6642,-20
37673535,26108,348423088,-1168132498,-1040,6642,-21
37683201,26107,348423083,-1168132462,-1040,6642,-22
37693020,26107,348423078,-1168132426,-1039,6642,-22
37703676,26107,348423074,-1168132390,-1039,6642,-23
37713115,26107,348423069,-1168132352,-1039,6641,-24
37723079,26107,348423064,-1168132316,-1039,6642,-25
37733671,26107,348423060,-1168132280,-1039,6642,-27
37743388,26107,348423055,-1168132244,-1039,6642,-28
37753235,26106,348423050,-1168132208,-1039,6641,-29
37763780,26106,348423046,-1168132171,-1039,6641,-31
37773059,26106,348423041,-1168132135,-1039,6641,-32
37782973,26106,348423036,-1168132099,-1039,6641,-33
37794581,26106,348423031,-1168132063,-1040,6641,-34
37803214,26106,348423027,-1168132027,-1040,6641,-35
37813131,26106,348423022,-1168131989,-1040,6641,-35
37823985,26106,348423017,-1168131953,-1041,6641,-36
37832972,26106,348423013,-1168131917,-1040,6640,-37
37842973,26106,348423008,-1168131881,-1041,6640,-38
37854935,26106,348423003,-1168131845,-1041,6641,-39
37863103,26106,348422999,-1168131808,-1041,6640,-40
37873049,26106,348422994,-1168131772,-1042,6640,-40
37883387,26107,348422989,-1168131736,-1042,6640,-40
37892991,26107,348422985,-1168131700,-1042,6640,-41
37903240,26107,348422980,-1168131664,-1042,6639,-40
37913520,26107,348422975,-1168131626,-1043,6639,-40
37923043,26107,348422971,-1168131591,-1043,6640,-40
37933606,26108,348422966,-1168131555,-1043,6640,-39
37943519,26108,348422961,-1168131519,-1043,6640,-39
37953192,26108,348422956,-1168131483,-1043,6640,-40
37963114,26108,348422952,-1168131445,-1043,6640,-40
37973061,26108,348422947,-1168131409,-1042,6640,-39
37982974,26108,348422942,-1168131373,-1043,6640,-38
37993351,26108,348422938,-1168131337,-1043,6640,-38
38003450,26109,348422933,-1168131301,-1042,6639,-38
38013115,26109,348422928,-1168131264,-1042,6639,-38
38023045,26109,348422924,-1168131228,-1042,6640,-38
38033900,26109,348422919,-1168131192,-1042,6640,-37
38042991,26109,348422914,-1168131156,-1042,6640,-37
38054033,26109,348422909,-1168131120,-1042,6640,-36
38063505,26109,348422905,-1168131082,-1042,6640,-35
38073577,26109,348422900,-1168131046,-1041,6640,-35
38083423,26109,348422895,-1168131010,-1041,6639,-35
38093993,26109,348422891,-1168130974,-1041,6640,-34
38103974,26109,348422886,-1168130938,-1041,6640,-34
38113335,26109,348422881,-1168130901,-1041,6640,-33
38123817,26109,348422877,-1168130865,-1041,6640,-32
38133086,26109,348422872,-1168130829,-1041,6640,-31
38143006,26109,348422867,-1168130793,-1040,6640,-30
38154914,26109,348422863,-1168130757,-1040,6640,-30
38163327,26109,348422858,-1168130719,-1041,6640,-29
38173053,26109,348422853,-1168130683,-1040,6640,-28
38183230,26109,348422848,-1168130647,-1041,6640,-28
38192983,26109,348422844,-1168130611,-1040,6640,-27
38203192,26109,348422839,-1168130575,-1040,6640,-27
38213160,26109,348422834,-1168130538,-1040,6640,-26
38223049,26109,348422830,-1168130502,-1040,6640,-25
38232962,26109,348422825,-1168130466,-1041,6640,-25
38243290,26109,348422820,-1168130430,-1040,6640,-24
38253186,26109,348422816,-1168130394,-1040,6640,-24
38263115,26109,348422811,-1168130356,-1040,6640,-23
38273069,26109,348422806,-1168130320,-1040,6640,-23
38283463,26109,348422802,-1168130284,-1039,6640,-23
38292975,26109,348422797,-1168130248,-1040,6640,-22
38303638,26109,348422792,-1168130212,-1040,6640,-21
38313294,26109,348422788,-1168130175,-1040,6640,-21
38323033,26109,348422783,-1168130139,-1040,6640,-20
38332972,26109,348422778,-1168130103,-1040,6640,-21
38342962,26109,348422773,-1168130067,-1040,6640,-21
38353178,26109,348422769,-1168130031,-1039,6640,-20
38363411,26109,348422764,-1168129993,-1040,6640,-20
38373042,26109,348422759,-1168129957,-1040,6640,-19
38382996,26109,348422755,-1168129921,-1040,6640,-19
38392978,26109,348422750,-1168129885,-1040,6640,-19
38404092,26109,348422745,-1168129849,-1040,6640,-19
38413135,26109,348422741,-1168129812,-1040,6640,-19
38423046,26109,348422736,-1168129776,-1039,6640,-19
38433016,26109,348422731,-1168129740,-1040,6640,-18
38442969,26109,348422727,-1168129704,-1040,6640,-18
38453788,26110,348422722,-1168129668,-1039,6640,-18
38463100,26110,348422717,-1168129630,-1040,6640,-18
38473824,26110,348422713,-1168129594,-1040,6640,-18
38483164,26110,348422708,-1168129558,-1040,6640,-18
38492981,26110,348422703,-1168129522,-1040,6640,-17
38503743,26110,348422698,-1168129486,-1040,6640,-17
38513117,26110,348422694,-1168129449,-1040,6640,-17
38523112,26110,348422689,-1168129413,-1039,6640,-18
38533023,26110,348422684,-1168129377,-1039,6640,-18
38542978,26110,348422680,-1168129341,-1040,6640,-17
38553164,26110,348422675,-1168129305,-1039,6640,-17
38563115,26110,348422670,-1168129267,-1040,6640,-16
38573042,26110,348422666,-1168129231,-1039,6640,-16
38582996,26110,348422661,-1168129195,-1039,6640,-16
38592981,26110,348422656,-1168129159,-1039,6640,-16
38603914,26110,348422652,-1168129123,-1038,6640,-16
38613139,26110,348422647,-1168129086,-1039,6640,-16
38623028,26110,348422642,-1168129050,-1039,6640,-15
38632993,26110,348422638,-1168129014,-1038,6640,-15
38642975,26111,348422633,-1168128978,-1039,6640,-15
38653190,26111,348422628,-1168128942,-1038,6640,-14
38663304,26111,348422624,-1168128904,-1038,6640,-14
38673021,26111,348422619,-1168128868,-1038,6640,-14
38682995,26111,348422614,-1168128832,-1039,6640,-14
38693380,26111,348422610,-1168128796,-1038,6640,-14
38703171,26111,348422605,-1168128760,-1038,6640,-14
38713122,26111,348422600,-1168128723,-1038,6640,-14
38723705,26111,348422596,-1168128687,-1038,6640,-14
38733006,26111,348422591,-1168128651,-1038,6640,-13
38742966,26111,348422586,-1168128615,-1038,6640,-12
38753439,26111,348422581,-1168128579,-1039,6640,-12
38763787,26111,348422577,-1168128541,-1038,6640,-12
38773893,26111,348422572,-1168128505,-1038,6640,-13
38782994,26111,348422567,-1168128469,-1038,6640,-13
38792957,26111,348422563,-1168128433,-1038,6640,-13
38804086,26111,348422558,-1168128397,-1038,6640,-12
38813114,26111,348422553,-1168128360,-1039,6640,-12
38823024,26111,348422549,-1168128324,-1038,6640,-12
38833018,26112,348422544,-1168128288,-1038,6640,-12
38843000,26112,348422539,-1168128252,-1037,6640,-12
38854046,26112,348422535,-1168128216,-1038,6640,-12
38863101,26112,348422530,-1168128178,-1038,6640,-11
38873788,26112,348422525,-1168128142,-1038,6640,-11
38883735,26112,348422521,-1168128106,-1038,6640,-12
38892971,26113,348422516,-1168128070,-1038,6640,-12
38903189,26113,348422511,-1168128034,-1038,6640,-12
38913100,26113,348422507,-1168127997,-1037,6640,-11
38923049,26113,348422502,-1168127961,-1037,6640,-11
38933143,26113,348422497,-1168127925,-1037,6640,-11
38942964,26113,348422493,-1168127889,-1037,6640,-11
38953258,26113,348422488,-1168127853,-1036,6641,-12
38963187,26114,348422483,-1168127815,-1037,6641,-12
38973074,26114,348422479,-1168127779,-1036,6641,-13
38982998,26114,348422474,-1168127743,-1036,6641,-13
38992987,26114,348422469,-1168127708,-1036,6641,-12
39003407,26114,348422465,-1168127672,-1036,6641,-12
39013115,26114,348422460,-1168127634,-1035,6641,-11
39023033,26115,348422455,-1168127598,-1035,6640,-12
39033156,26115,348422451,-1168127562,-1035,6641,-13
39043418,26115,348422446,-1168127526,-1035,6641,-13
39053222,26115,348422441,-1168127490,-1035,6641,-13
39063103,26115,348422437,-1168127453,-1035,6641,-13
39073321,26115,348422432,-1168127417,-1034,6641,-13
39083076,26115,348422427,-1168127381,-1034,6640,-13
39092977,26115,348422423,-1168127345,-1034,6641,-14
39103278,26115,348422418,-1168127309,-1034,6641,-14
39113124,26115,348422413,-1168127271,-1033,6641,-14
39123201,26115,348422409,-1168127235,-1033,6641,-13
39132941,26115,348422404,-1168127199,-1034,6641,-13
39142974,26115,348422399,-1168127163,-1033,6641,-14
39153165,26115,348422395,-1168127127,-1033,6641,-14
39163126,26116,348422390,-1168127090,-1033,6641,-14
39173296,26115,348422385,-1168127054,-1033,6641,-14
39182952,26116,348422381,-1168127018,-1033,6641,-13
39193209,26116,348422376,-1168126982,-1033,6641,-13
39204161,26116,348422371,-1168126946,-1033,6641,-14
39213109,26116,348422366,-1168126908,-1033,6641,-14
39223018,26116,348422362,-1168126872,-1032,6641,-14
39233631,26116,348422357,-1168126836,-1033,6641,-15
39242963,26116,348422353,-1168126800,-1033,6641,-14
39253209,26116,348422348,-1168126764,-1033,6641,-14
39264107,26116,348422343,-1168126727,-1033,6641,-14
39273287,26117,348422338,-1168126691,-1033,6641,-14
39282945,26117,348422334,-1168126655,-1032,6641,-14
39293011,26117,348422329,-1168126619,-1032,6641,-15
39303301,26117,348422324,-1168126583,-1032,6641,-15
39313103,26117,348422320,-1168126545,-1032,6641,-15
39323062,26117,348422315,-1168126509,-1032,6641,-15
39332946,26118,348422310,-1168126473,-1032,6641,-16
39342957,26118,348422306,-1168126437,-1032,6641,-16
39353194,26118,348422301,-1168126401,-1032,6641,-16
39364281,26118,348422296,-1168126364,-1031,6641,-15
39373100,26118,348422292,-1168126328,-1032,6641,-15
39382949,26118,348422287,-1168126292,-1032,6641,-15
39393968,26119,348422282,-1168126256,-1031,6641,-16
39403166,26119,348422278,-1168126220,-1031,6641,-16
39413107,26119,348422273,-1168126182,-1031,6641,-15
39424799,26119,348422268,-1168126146,-1031,6641,-15
39433269,26119,348422264,-1168126110,-1031,6641,-15
39443817,26119,348422259,-1168126074,-1031,6641,-15
39454589,26120,348422254,-1168126038,-1030,6641,-14
39463075,26120,348422250,-1168126001,-1030,6641,-15
39473059,26120,348422245,-1168125965,-1030,6641,-15
39483691,26120,348422240,-1168125929,-1030,6642,-15
39492955,26120,348422236,-1168125893,-1030,6642,-15
39503167,26120,348422231,-1168125857,-1030,6642,-14
39515578,26120,348422226,-1168125820,-1030,6641,-13
39523175,26121,348422222,-1168125784,-1030,6641,-13
39533016,26121,348422217,-1168125748,-1029,6641,-13
39543099,26121,348422212,-1168125712,-1029,6641,-13
39553226,26121,348422208,-1168125676,-1029,6642,-13
39563107,26121,348422203,-1168125638,-1029,6642,-13
39574313,26121,348422198,-1168125602,-1029,6642,-13
39582938,26121,348422194,-1168125566,-1028,6642,-13
39592966,26121,348422189,-1168125530,-1028,6642,-13
39604134,26122,348422184,-1168125494,-1028,6641,-12
39613441,26122,348422180,-1168125457,-1028,6642,-11
39623044,26122,348422175,-1168125421,-1028,6642,-10
39633918,26122,348422170,-1168125385,-1028,6642,-10
39644236,26122,348422166,-1168125349,-1027,6642,-10
39653192,26122,348422161,-1168125313,-1027,6642,-10
39663140,26122,348422156,-1168125275,-1027,6642,-9
39673057,26122,348422152,-1168125239,-1027,6642,-9
39683316,26122,348422147,-1168125203,-1027,6642,-8
39693262,26122,348422143,-1168125167,-1027,6642,-8
39703346,26122,348422138,-1168125131,-1026,6642,-7
39713100,26122,348422133,-1168125094,-1026,6642,-7
39723314,26122,348422129,-1168125058,-1026,6642,-7
39732955,26122,348422124,-1168125022,-1026,6643,-6
39742941,26122,348422119,-1168124986,-1026,6643,-5
39753840,26122,348422115,-1168124950,-1026,6643,-5
39763091,26122,348422110,-1168124912,-1026,6643,-5
39773410,26122,348422105,-1168124876,-1026,6643,-4
39783238,26122,348422101,-1168124840,-1025,6643,-4
39793054,26122,348422096,-1168124804,-1026,6643,-4
39804354,26122,348422092,-1168124768,-1025,6643,-4
39814964,26122,348422087,-1168124731,-1025,6643,-3
39823037,26122,348422082,-1168124695,-1026,6643,-3
39832942,26123,348422078,-1168124659,-1025,6643,-3
39843721,26123,348422073,-1168124623,-1025,6643,-4
39853154,26123,348422068,-1168124587,-1025,6643,-4
39863101,26123,348422064,-1168124549,-1025,6643,-4
39874252,26123,348422059,-1168124513,-1025,6643,-3
39882953,26123,348422054,-1168124477,-1025,6643,-3
39892958,26123,348422050,-1168124441,-1025,6643,-3
39903503,26123,348422045,-1168124405,-1025,6643,-4
39913091,26123,348422041,-1168124368,-1025,6643,-4
39923780,26123,348422036,-1168124332,-1024,6643,-4
39934136,26123,348422031,-1168124296,-1025,6643,-4
39942976,26123,348422027,-1168124260,-1025,6643,-4
39953486,26123,348422022,-1168124224,-1024,6643,-4
39963537,26123,348422017,-1168124186,-1025,6643,-5
39973055,26123,348422013,-1168124150,-1024,6643,-6
39982933,26123,348422008,-1168124114,-1025,6643,-6
39993459,26123,348422004,-1168124078,-1025,6643,-6
40003965,26124,348421999,-1168124042,-1025,6643,-5
40013099,26124,348421994,-1168124005,-1025,6643,-6
40023013,26124,348421990,-1168123969,-1024,6643,-6
40032929,26124,348421985,-1168123933,-1024,6643,-6
40042960,26124,348421980,-1168123897,-1024,6643,-6
40053120,26124,348421976,-1168123861,-1024,6643,-6
40063090,26124,348421971,-1168123823,-1025,6643,-6
40073012,26124,348421967,-1168123787,-1025,6643,-6
40083854,26124,348421962,-1168123751,-1024,6643,-7
40092971,26124,348421957,-1168123715,-1024,6643,-7
40103368,26124,348421953,-1168123679,-1024,6643,-7
40113086,26124,348421948,-1168123642,-1024,6643,-7
40123004,26124,348421943,-1168123606,-1024,6643,-7
40132941,26124,348421939,-1168123570,-1024,6643,-7
40142952,26124,348421934,-1168123534,-1024,6643,-7
40153952,26124,348421930,-1168123498,-1024,6643,-7
40163095,26124,348421925,-1168123460,-1023,6643,-8
40173052,26124,348421920,-1168123424,-1024,6643,-7
40183593,26123,348421916,-1168123388,-1024,6643,-7
40192939,26123,348421911,-1168123352,-1024,6643,-7
40203405,26123,348421906,-1168123316,-1024,6643,-7
40213127,26123,348421902,-1168123279,-1024,6643,-7
40223005,26123,348421897,-1168123243,-1024,6643,-8
40232949,26123,348421893,-1168123207,-1024,6643,-8
40242979,26123,348421888,-1168123171,-1024,6643,-8
40253205,26123,348421883,-1168123135,-1024,6643,-7
40263066,26123,348421879,-1168123097,-1024,6643,-7
40273037,26123,348421874,-1168123061,-1023,6643,-8
40282963,26123,348421870,-1168123025,-1024,6643,-8
40292950,26123,348421865,-1168122989,-1023,6644,-8
40303141,26123,348421860,-1168122953,-1023,6644,-7
40313085,26123,348421856,-1168122916,-1024,6643,-7
40322998,26123,348421851,-1168122880,-1024,6644,-7
40332937,26123,348421847,-1168122844,-1024,6644,-7
40343198,26123,348421842,-1168122808,-1024,6643,-8
40353156,26123,348421837,-1168122772,-1024,6644,-8
40363401,26122,348421833,-1168122734,-1024,6644,-8
40374018,26122,348421828,-1168122698,-1024,6643,-7
40382956,26122,348421824,-1168122662,-1025,6643,-7
40393013,26122,348421819,-1168122626,-1024,6643,-7
40403288,26122,348421814,-1168122590,-1024,6643,-7
40413095,26122,348421810,-1168122552,-1024,6644,-7
40422996,26122,348421805,-1168122516,-1024,6644,-7
40432933,26122,348421800,-1168122480,-1024,6644,-7
40443117,26122,348421796,-1168122444,-1025,6644,-6
40453211,26121,348421791,-1168122408,-1025,6643,-5
40463084,26121,348421787,-1168122371,-1025,6644,-5
40473454,26121,348421782,-1168122335,-1024,6644,-5
40483132,26121,348421777,-1168122299,-1026,6644,-5
40492988,26121,348421773,-1168122263,-1025,6644,-5
40503352,26121,348421768,-1168122227,-1026,6644,-4
40513086,26121,348421764,-1168122189,-1026,6644,-3
40523195,26121,348421759,-1168122153,-1026,6644,-3
40533449,26121,348421754,-1168122117,-1026,6644,-2
40542983,26120,348421750,-1168122081,-1026,6644,-1
40553142,26120,348421745,-1168122045,-1027,6644,-1
40563938,26120,348421741,-1168122008,-1027,6644,0
40572997,26120,348421736,-1168121972,-1027,6644,0
40582927,26120,348421731,-1168121936,-1027,6644,1
40592969,26120,348421727,-1168121900,-1027,6644,1
40604133,26120,348421722,-1168121864,-1027,6644,1
40613080,26120,348421717,-1168121826,-1027,6644,2
40623034,26120,348421713,-1168121790,-1027,6644,3
40633026,26120,348421708,-1168121754,-1028,6645,3
40643756,26120,348421704,-1168121718,-1027,6644,4
40653128,26120,348421699,-1168121682,-1027,6644,4
40663071,26120,348421694,-1168121645,-1028,6644,4
40673011,26120,348421690,-1168121609,-1027,6645,4
40683448,26120,348421685,-1168121573,-1027,6645,4
40693397,26120,348421680,-1168121537,-1028,6645,5
40703175,26120,348421676,-1168121501,-1028,6645,5
40713099,26120,348421671,-1168121463,-1027,6645,5
40723590,26120,348421667,-1168121427,-1027,6645,5
40732922,26120,348421662,-1168121391,-1028,6645,5
40743314,26120,348421657,-1168121355,-1027,6645,5
40754562,26120,348421653,-1168121319,-1028,6645,6
40763424,26120,348421648,-1168121282,-1028,6645,6
40773979,26120,348421643,-1168121246,-1027,6645,6
40783230,26120,348421639,-1168121210,-1027,6645,6
40793027,26120,348421634,-1168121174,-1028,6645,6
40803969,26120,348421629,-1168121137,-1028,6646,6
40813076,26120,348421625,-1168121100,-1028,6645,6
40822999,26120,348421620,-1168121064,-1028,6646,6
40832966,26121,348421616,-1168121028,-1028,6646,6
40843111,26121,348421611,-1168120992,-1027,6645,6
40853145,26121,348421606,-1168120956,-1027,6646,6
40863075,26121,348421602,-1168120918,-1028,6646,6
40873010,26122,348421597,-1168120882,-1028,6646,6
40882939,26122,348421592,-1168120846,-1028,6646,6
40892976,26122,348421588,-1168120810,-1027,6646,6
40903189,26122,348421583,-1168120774,-1027,6646,5
40913466,26123,348421579,-1168120737,-1026,6646,5
40923023,26123,348421574,-1168120701,-1027,6646,5
40932951,26123,348421569,-1168120665,-1027,6646,5
40942977,26123,348421565,-1168120629,-1027,6646,5
40953147,26124,348421560,-1168120593,-1026,6647,5
40963136,26124,348421555,-1168120555,-1026,6647,5
40973010,26124,348421551,-1168120519,-1026,6646,5
40982942,26124,348421546,-1168120483,-1026,6646,5
40993227,26124,348421542,-1168120447,-1025,6647,5
41003272,26125,348421537,-1168120411,-1026,6647,5
41013260,26125,348421532,-1168120374,-1025,6647,4
41022988,26125,348421528,-1168120337,-1025,6647,4
41032922,26125,348421523,-1168120301,-1025,6647,3
41043248,26125,348421519,-1168120265,-1025,6647,3
41053136,26125,348421514,-1168120229,-1024,6647,3
41063066,26125,348421509,-1168120192,-1025,6647,4
41072994,26125,348421505,-1168120156,-1025,6648,4
41082916,26125,348421500,-1168120120,-1024,6648,4
41093295,26125,348421495,-1168120084,-1024,6648,2
41104025,26125,348421491,-1168120048,-1023,6649,1
41113069,26125,348421486,-1168120010,-1024,6648,0
41122996,26125,348421482,-1168119974,-1023,6648,0
41133654,26124,348421477,-1168119938,-1024,6648,0
41142948,26124,348421472,-1168119902,-1024,6648,0
41153120,26124,348421468,-1168119866,-1023,6648,-1
41163116,26124,348421463,-1168119829,-1024,6648,-2
41173009,26123,348421459,-1168119793,-1024,6648,-3
41182918,26123,348421454,-1168119756,-1024,6648,-4
41192940,26122,348421449,-1168119720,-1025,6648,-3
41204040,26122,348421445,-1168119684,-1024,6648,-2
41213749,26122,348421440,-1168119647,-1025,6648,-2
41222986,26121,348421436,-1168119611,-1025,6648,-1
41233162,26121,348421431,-1168119575,-1025,6648,-1
41242958,26121,348421426,-1168119539,-1025,6648,0
41253265,26120,348421422,-1168119503,-1026,6648,1
41263550,26120,348421417,-1168119465,-1026,6648,3
41272998,26119,348421412,-1168119429,-1026,6648,4
41283755,26119,348421408,-1168119393,-1027,6648,5
41293848,26118,348421403,-1168119357,-1027,6649,6
41303135,26118,348421399,-1168119321,-1027,6649,6
41313087,26117,348421394,-1168119283,-1028,6649,8
41323001,26117,348421389,-1168119247,-1028,6649,9
41332920,26117,348421385,-1168119211,-1029,6649,10
41342919,26116,348421380,-1168119175,-1029,6649,11
41354290,26116,348421375,-1168119139,-1029,6649,12
41363077,26115,348421371,-1168119102,-1029,6649,13
41372992,26115,348421366,-1168119066,-1030,6649,13
41383305,26114,348421362,-1168119030,-1030,6649,15
41392921,26114,348421357,-1168118994,-1030,6649,16
41404004,26114,348421352,-1168118958,-1030,6649,17
41413339,26113,348421348,-1168118920,-1030,6649,17
41422985,26113,348421343,-1168118884,-1032,6649,18
41432952,26113,348421338,-1168118848,-1031,6650,18
41443232,26112,348421334,-1168118812,-1032,6649,18
41453936,26112,348421329,-1168118776,-1033,6650,19
41463074,26112,348421324,-1168118738,-1032,6650,19
41473292,26112,348421320,-1168118702,-1033,6649,20
41483116,26111,348421315,-1168118666,-1032,6650,21
41492923,26111,348421310,-1168118630,-1034,6650,22
41504514,26111,348421306,-1168118594,-1033,6650,22
41514265,26111,348421301,-1168118557,-1034,6650,21
41523087,26111,348421296,-1168118521,-1034,6651,20
41533225,26111,348421292,-1168118484,-1034,6650,20
41542923,26111,348421287,-1168118448,-1034,6650,19
41553144,26111,348421282,-1168118412,-1035,6650,19
41563691,26111,348421278,-1168118375,-1035,6650,20
41572974,26111,348421273,-1168118339,-1035,6650,20
41582916,26111,348421269,-1168118303,-1036,6650,20
41593614,26111,348421264,-1168118267,-1035,6650,19
41603294,26111,348421259,-1168118231,-1035,6650,19
41613304,26111,348421255,-1168118193,-1036,6650,19
41623398,26111,348421250,-1168118157,-1036,6651,19
41632928,26111,348421245,-1168118121,-1037,6651,19
41643082,26111,348421241,-1168118085,-1036,6651,19
41655900,26112,348421236,-1168118049,-1037,6651,19
41663069,26112,348421231,-1168118011,-1036,6651,18
41673636,26112,348421227,-1168117975,-1037,6651,19
41684434,26112,348421222,-1168117939,-1036,6651,19
41693281,26112,348421217,-1168117903,-1037,6651,19
41703110,26112,348421213,-1168117867,-1037,6651,19
41714250,26113,348421208,-1168117830,-1036,6651,19
41722969,26113,348421203,-1168117794,-1037,6651,18
41732909,26113,348421199,-1168117757,-1036,6651,18
41743560,26113,348421194,-1168117721,-1036,6651,18
41753139,26113,348421189,-1168117685,-1037,6651,19
41763045,26114,348421185,-1168117648,-1037,6652,19
41772972,26114,348421180,-1168117612,-1037,6652,19
41783213,26114,348421175,-1168117576,-1036,6652,19
41792974,26114,348421171,-1168117540,-1036,6652,20
41804498,26115,348421166,-1168117504,-1036,6652,19
41813070,26115,348421161,-1168117466,-1036,6653,19
41822991,26115,348421157,-1168117430,-1036,6653,19
41833769,26115,348421152,-1168117394,-1036,6653,19
41842932,26116,348421147,-1168117358,-1036,6653,20
41853621,26116,348421143,-1168117322,-1035,6653,20
41863445,26116,348421138,-1168117284,-1036,6652,20
41873019,26116,348421133,-1168117248,-1035,6653,20
41883341,26116,348421129,-1168117212,-1036,6653,20
41892916,26117,348421124,-1168117176,-1035,6653,19
41903306,26117,348421119,-1168117140,-1035,6653,19
41913390,26117,348421115,-1168117102,-1034,6653,18
41922970,26117,348421110,-1168117066,-1034,6653,19
41933749,26117,348421105,-1168117030,-1034,6654,19
41942910,26118,348421101,-1168116994,-1034,6654,20
41953129,26118,348421096,-1168116958,-1034,6653,21
41963052,26118,348421091,-1168116921,-1034,6654,21
41972995,26118,348421087,-1168116884,-1033,6654,20
41982924,26118,348421082,-1168116848,-1033,6654,20
41992947,26119,348421077,-1168116812,-1033,6654,20
42003797,26119,348421073,-1168116776,-1033,6655,20
42013894,26119,348421068,-1168116739,-1032,6655,20
42023744,26119,348421063,-1168116703,-1033,6654,21
42033604,26119,348421059,-1168116667,-1032,6654,21
42042929,26119,348421054,-1168116630,-1031,6654,20
42053713,26119,348421049,-1168116594,-1031,6655,20
42063039,26119,348421045,-1168116557,-1031,6655,20
42072978,26119,348421040,-1168116521,-1031,6655,20
42082945,26120,348421036,-1168116485,-1031,6655,20
42093262,26120,348421031,-1168116449,-1030,6655,20
42103108,26120,348421026,-1168116412,-1030,6655,20
42113061,26120,348421022,-1168116375,-1030,6655,20
42123009,26120,348421017,-1168116339,-1030,6656,19
42133230,26120,348421012,-1168116303,-1030,6655,19
42142922,26120,348421008,-1168116267,-1030,6656,19
42153120,26120,348421003,-1168116231,-1029,6656,18
42163054,26121,348420998,-1168116193,-1029,6655,17
42173055,26121,348420994,-1168116157,-1029,6656,17
42183255,26121,348420989,-1168116121,-1029,6656,17
42192927,26121,348420985,-1168116085,-1029,6656,17
42204278,26121,348420980,-1168116049,-1029,6656,17
42213535,26121,348420975,-1168116011,-1029,6656,16
42222983,26121,348420971,-1168115975,-1028,6656,15
42232916,26121,348420966,-1168115939,-1028,6656,14
42242955,26121,348420961,-1168115903,-1029,6656,14
42253467,26121,348420957,-1168115867,-1029,6656,14
42263049,26121,348420952,-1168115829,-1029,6656,15
42273313,26121,348420947,-1168115793,-1030,6655,15
42282916,26121,348420943,-1168115757,-1030,6655,14
42292927,26121,348420938,-1168115721,-1029,6656,12
42303112,26121,348420934,-1168115685,-1031,6655,11
42313071,26121,348420929,-1168115647,-1030,6656,11
42323957,26121,348420924,-1168115611,-1031,6655,11
42333340,26121,348420920,-1168115575,-1031,6655,12
42342913,26121,348420915,-1168115539,-1031,6655,13
42353778,26121,348420910,-1168115503,-1031,6655,13
42363555,26121,348420906,-1168115465,-1031,6655,13
42372965,26121,348420901,-1168115429,-1032,6655,12
42382907,26121,348420896,-1168115393,-1032,6656,12
42392911,26121,348420892,-1168115357,-1032,6656,11
42403518,26121,348420887,-1168115321,-1032,6655,11
42413069,26121,348420882,-1168115283,-1032,6655,10
42422992,26121,348420878,-1168115247,-1031,6655,10
42434161,26121,348420873,-1168115211,-1031,6655,9
42442927,26121,348420869,-1168115175,-1032,6655,9
42453104,26120,348420864,-1168115139,-1031,6655,8
42463052,26120,348420859,-1168115102,-1031,6654,7
42472991,26120,348420855,-1168115065,-1031,6654,6
42483349,26120,348420850,-1168115029,-1030,6654,6
42493284,26120,348420845,-1168114993,-1031,6654,6
42503227,26120,348420841,-1168114957,-1030,6654,6
42513067,26120,348420836,-1168114920,-1031,6654,7
42522980,26120,348420831,-1168114884,-1031,6654,7
42532901,26119,348420827,-1168114848,-1030,6654,7
42542902,26119,348420822,-1168114811,-1030,6654,7
42553696,26119,348420817,-1168114775,-1030,6654,6
42563042,26119,348420813,-1168114738,-1031,6655,6
42574238,26119,348420808,-1168114702,-1030,6654,7
42583096,26119,348420804,-1168114666,-1031,6654,7
42593067,26119,348420799,-1168114630,-1030,6654,6
42603115,26118,348420794,-1168114594,-1030,6654,6
42613049,26118,348420790,-1168114556,-1030,6654,6
42623856,26118,348420785,-1168114520,-1029,6654,7
42632908,26118,348420780,-1168114484,-1030,6654,7
42643566,26118,348420776,-1168114448,-1030,6654,7
42654558,26118,348420771,-1168114412,-1030,6654,9
42663266,26118,348420766,-1168114374,-1029,6654,10
42672983,26117,348420762,-1168114338,-1030,6654,11
42682905,26117,348420757,-1168114302,-1030,6654,12
42692904,26117,348420753,-1168114266,-1031,6654,12
42703106,26117,348420748,-1168114230,-1031,6654,12
42713053,26116,348420743,-1168114192,-1031,6654,13
42722960,26116,348420739,-1168114156,-1030,6654,13
42733367,26116,348420734,-1168114120,-1031,6654,14
42742909,26116,348420729,-1168114084,-1031,6653,16
42753376,26116,348420725,-1168114048,-1031,6653,18
42763071,26116,348420720,-1168114010,-1033,6654,20
42772994,26116,348420715,-1168113974,-1032,6654,20
42783638,26116,348420711,-1168113938,-1032,6654,20
42792917,26116,348420706,-1168113902,-1033,6654,20
42803258,26116,348420701,-1168113866,-1033,6654,22
42813043,26116,348420697,-1168113828,-1033,6654,23
42822967,26116,348420692,-1168113792,-1034,6653,24
42833340,26116,348420687,-1168113756,-1034,6653,25
42842920,26116,348420683,-1168113720,-1034,6654,25
42853103,26116,348420678,-1168113684,-1034,6654,26
42863030,26116,348420673,-1168113647,-1034,6654,27
42872973,26116,348420669,-1168113611,-1034,6654,28
42882913,26116,348420664,-1168113574,-1035,6654,29
42893007,26116,348420659,-1168113538,-1035,6654,29
42903705,26116,348420655,-1168113502,-1035,6654,29
42913051,26116,348420650,-1168113465,-1035,6654,29
42923042,26116,348420646,-1168113429,-1036,6654,29
42932993,26116,348420641,-1168113393,-1035,6654,30
42942915,26116,348420636,-1168113356,-1036,6654,30
42953111,26116,348420632,-1168113320,-1035,6654,32
42963044,26117,348420627,-1168113283,-1036,6654,32
42973932,26117,348420622,-1168113247,-1035,6654,31
42982923,26117,348420618,-1168113211,-1035,6654,30
42992926,26117,348420613,-1168113175,-1036,6654,30
43003125,26117,348420608,-1168113139,-1035,6654,30
43013025,26117,348420604,-1168113101,-1035,6654,30
43022953,26117,348420599,-1168113065,-1035,6654,30
43032941,26118,348420594,-1168113029,-1035,6654,30
43043222,26118,348420590,-1168112993,-1035,6654,28
43053103,26118,348420585,-1168112957,-1034,6654,27
43063525,26118,348420580,-1168112919,-1035,6654,27
43073198,26118,348420576,-1168112883,-1035,6654,27
43082914,26118,348420571,-1168112847,-1034,6654,27
43092907,26119,348420566,-1168112811,-1034,6654,26
43104892,26119,348420562,-1168112775,-1033,6654,25
43114692,26119,348420557,-1168112737,-1033,6654,24
43122961,26119,348420552,-1168112701,-1033,6654,24
43133246,26119,348420548,-1168112665,-1033,6654,23
43142932,26120,348420543,-1168112629,-1033,6654,23
43153096,26120,348420538,-1168112593,-1032,6654,22
43164004,26120,348420534,-1168112555,-1032,6654,21
43172983,26120,348420529,-1168112519,-1032,6654,20
43182891,26120,348420524,-1168112483,-1031,6654,20
43193062,26120,348420520,-1168112447,-1032,6653,20
43203133,26120,348420515,-1168112411,-1031,6653,20
43213472,26121,348420511,-1168112373,-1031,6654,20
43223206,26121,348420506,-1168112337,-1031,6654,20
43232913,26121,348420501,-1168112301,-1030,6654,20
43242922,26121,348420497,-1168112265,-1031,6654,20
43253842,26121,348420492,-1168112229,-1030,6654,21
43263062,26121,348420488,-1168112191,-1030,6654,21
43273101,26121,348420483,-1168112155,-1030,6654,22
43283884,26121,348420478,-1168112119,-1030,6653,22
43292902,26121,348420474,-1168112083,-1029,6654,22
43305894,26121,348420469,-1168112047,-1030,6653,22
43313586,26121,348420464,-1168112010,-1030,6653,23
43322965,26121,348420460,-1168111974,-1031,6653,24
43332889,26121,348420455,-1168111937,-1030,6653,26
43343274,26121,348420451,-1168111901,-1031,6654,27
43353679,26121,348420446,-1168111865,-1030,6654,28
43363038,26121,348420441,-1168111828,-1030,6654,29
43373135,26121,348420437,-1168111792,-1031,6654,30
43382934,26121,348420432,-1168111756,-1032,6654,31
43392919,26121,348420427,-1168111719,-1031,6654,31
43403296,26121,348420423,-1168111683,-1032,6654,32
43413044,26121,348420418,-1168111646,-1031,6654,33
43423005,26122,348420414,-1168111610,-1032,6654,33
43433152,26122,348420409,-1168111574,-1031,6654,34
43442934,26122,348420404,-1168111538,-1032,6654,35
43453149,26122,348420400,-1168111501,-1032,6654,36
43463919,26122,348420395,-1168111464,-1032,6654,36
43472972,26122,348420390,-1168111428,-1032,6654,36
43482924,26122,348420386,-1168111392,-1031,6654,37
43493808,26122,348420381,-1168111356,-1032,6654,37
43503414,26122,348420376,-1168111320,-1032,6654,38
43513561,26122,348420372,-1168111282,-1032,6654,39
43524456,26122,348420367,-1168111246,-1032,6654,39
43532995,26123,348420363,-1168111210,-1031,6654,39
43543475,26123,348420358,-1168111174,-1031,6654,39
43553914,26123,348420353,-1168111138,-1031,6654,39
43563041,26123,348420349,-1168111100,-1031,6654,40
43572948,26123,348420344,-1168111064,-1031,6654,40
43582964,26123,348420339,-1168111028,-1030,6654,41
43592919,26124,348420335,-1168110992,-1030,6654,41
43603435,26124,348420330,-1168110956,-1029,6654,40
43614324,26124,348420326,-1168110918,-1029,6654,40
43622955,26124,348420321,-1168110882,-1028,6654,39
43632938,26124,348420316,-1168110846,-1028,6654,39
43642932,26124,348420312,-1168110810,-1028,6654,40
43653783,26124,348420307,-1168110774,-1027,6654,40
43663030,26124,348420303,-1168110736,-1027,6654,40
43672976,26124,348420298,-1168110700,-1026,6654,39
43682970,26124,348420293,-1168110664,-1026,6654,39
43692912,26124,348420289,-1168110628,-1026,6655,38
43703948,26124,348420284,-1168110592,-1027,6655,38
43713041,26125,348420279,-1168110554,-1026,6655,38
43722942,26125,348420275,-1168110518,-1025,6654,38
43734224,26125,348420270,-1168110482,-1025,6654,37
43742901,26125,348420266,-1168110446,-1024,6655,36
43753127,26125,348420261,-1168110410,-1025,6655,36
43763073,26125,348420256,-1168110372,-1025,6655,37
43772948,26126,348420252,-1168110336,-1025,6654,36
43782934,26126,348420247,-1168110300,-1024,6655,36
43792909,26126,348420243,-1168110264,-1023,6655,35
43803105,26126,348420238,-1168110228,-1024,6655,35
43813043,26127,348420233,-1168110190,-1023,6655,35
43823274,26127,348420229,-1168110154,-1024,6655,35
43832938,26127,348420224,-1168110118,-1023,6655,35
43842908,26127,348420220,-1168110082,-1023,6655,35
43853991,26128,348420215,-1168110046,-1022,6655,35
43863046,26128,348420210,-1168110008,-1022,6655,36
43872960,26128,348420206,-1168109972,-1023,6655,35
43882961,26128,348420201,-1168109936,-1023,6655,36
43894892,26128,348420197,-1168109900,-1022,6655,36
43903774,26129,348420192,-1168109864,-1023,6655,36
43913045,26129,348420188,-1168109827,-1022,6655,36
43923794,26129,348420183,-1168109790,-1022,6655,36
43932919,26130,348420178,-1168109754,-1022,6655,37
43942895,26130,348420174,-1168109718,-1022,6655,37
43953148,26130,348420169,-1168109682,-1022,6655,38
43963068,26131,348420165,-1168109645,-1022,6655,39
43972954,26131,348420160,-1168109609,-1021,6656,38
43982911,26131,348420155,-1168109572,-1021,6656,38
43992897,26132,348420151,-1168109536,-1021,6656,38
44003123,26132,348420146,-1168109500,-1021,6656,38
44013491,26132,348420142,-1168109463,-1020,6656,38
44022933,26133,348420137,-1168109427,-1020,6656,39
44032899,26133,348420132,-1168109391,-1020,6656,39
44042885,26133,348420128,-1168109354,-1019,6656,38
44053306,26134,348420123,-1168109318,-1019,6656,38
44063015,26134,348420119,-1168109281,-1018,6656,38
44072940,26134,348420114,-1168109245,-1019,6656,38
44082965,26134,348420109,-1168109209,-1018,6656,38
44093686,26135,348420105,-1168109172,-1018,6656,37
44103096,26135,348420100,-1168109136,-1017,6657,36
44113030,26135,348420096,-1168109099,-1017,6657,35
44122949,26135,348420091,-1168109063,-1016,6657,35
44132909,26135,348420087,-1168109027,-1016,6656,35
44142901,26135,348420082,-1168108991,-1016,6656,35
44153094,26135,348420077,-1168108954,-1015,6657,35
44163336,26135,348420073,-1168108917,-1015,6657,35
44173132,26135,348420068,-1168108881,-1014,6657,34
44182901,26135,348420064,-1168108845,-1014,6657,33
44192897,26135,348420059,-1168108809,-1014,6657,33
44203088,26135,348420055,-1168108772,-1014,6657,32
44213306,26135,348420050,-1168108735,-1014,6657,33
44222942,26135,348420046,-1168108699,-1013,6656,33
44232896,26135,348420041,-1168108663,-1013,6656,32
44242907,26135,348420036,-1168108627,-1013,6656,32
44253074,26135,348420032,-1168108591,-1013,6656,31
44263014,26135,348420027,-1168108553,-1013,6657,31
44274015,26135,348420023,-1168108517,-1013,6657,31
44282894,26134,348420018,-1168108481,-1013,6656,32
44292905,26134,348420014,-1168108445,-1012,6657,32
44303422,26134,348420009,-1168108409,-1013,6656,33
44313021,26134,348420005,-1168108371,-1013,6657,33
44322948,26134,348420000,-1168108335,-1013,6657,33
44332883,26134,348419996,-1168108299,-1013,6657,33
44342885,26134,348419991,-1168108263,-1013,6656,33
44353092,26134,348419986,-1168108227,-1013,6656,33
44363406,26134,348419982,-1168108189,-1013,6656,33
44372974,26134,348419977,-1168108153,-1014,6656,33
44382888,26133,348419973,-1168108117,-1014,6656,34
44392891,26133,348419968,-1168108081,-1014,6656,35
44403279,26133,348419964,-1168108045,-1014,6656,36
44413005,26133,348419959,-1168108007,-1014,6656,36
44422937,26133,348419954,-1168107971,-1014,6656,36
44432884,26133,348419950,-1168107935,-1014,6656,36
44442929,26133,348419945,-1168107899,-1015,6656,36
44453080,26133,348419941,-1168107863,-1015,6656,37
44463660,26133,348419936,-1168107825,-1015,6656,38
44472932,26133,348419932,-1168107789,-1015,6656,39
44482940,26133,348419927,-1168107753,-1015,6656,39
44492858,26133,348419923,-1168107717,-1015,6656,40
44503771,26133,348419918,-1168107681,-1015,6656,40
44513021,26133,348419913,-1168107643,-1015,6656,40
44523802,26133,348419909,-1168107607,-1016,6656,40
44533072,26133,348419904,-1168107571,-1015,6656,41
44542891,26133,348419900,-1168107535,-1015,6656,41
44553808,26133,348419895,-1168107499,-1015,6656,43
44563023,26133,348419891,-1168107461,-1015,6656,44
44573238,26133,348419886,-1168107425,-1016,6656,44
44582883,26133,348419881,-1168107389,-1016,6656,44
44592897,26133,348419877,-1168107353,-1016,6656,45
44603636,26133,348419872,-1168107317,-1015,6656,44
44613010,26134,348419868,-1168107279,-1016,6656,45
44622922,26134,348419863,-1168107243,-1015,6656,46
44633041,26134,348419859,-1168107207,-1016,6655,47
44643006,26134,348419854,-1168107171,-1016,6656,47
44653155,26133,348419849,-1168107135,-1016,6656,47
44663015,26133,348419845,-1168107097,-1015,6656,47
44673003,26133,348419840,-1168107061,-1015,6656,47
44682899,26133,348419836,-1168107025,-1015,6656,47
44693245,26133,348419831,-1168106989,-1015,6656,48
44703364,26133,348419827,-1168106953,-1015,6656,49
44713020,26133,348419822,-1168106916,-1015,6656,50
44723252,26133,348419817,-1168106879,-1015,6656,51
44734038,26133,348419813,-1168106843,-1014,6656,51
44742894,26133,348419808,-1168106807,-1014,6656,50
44753088,26133,348419804,-1168106771,-1014,6656,51
44763311,26133,348419799,-1168106734,-1015,6656,51
44772951,26132,348419795,-1168106698,-1014,6656,51
44783107,26132,348419790,-1168106661,-1014,6656,51
44792908,26132,348419785,-1168106625,-1014,6656,52
44803928,26132,348419781,-1168106589,-1014,6656,52
44813691,26132,348419776,-1168106552,-1014,6656,52
44822920,26132,348419772,-1168106516,-1015,6656,52
44832901,26131,348419767,-1168106480,-1015,6656,52
44843389,26131,348419763,-1168106443,-1015,6656,52
44853159,26131,348419758,-1168106407,-1014,6656,51
44863004,26131,348419754,-1168106370,-1015,6656,51
44873880,26131,348419749,-1168106334,-1015,6656,51
44882981,26131,348419744,-1168106298,-1015,6656,51
44893124,26131,348419740,-1168106262,-1015,6656,51
44903804,26131,348419735,-1168106225,-1016,6656,51
44913146,26131,348419731,-1168106188,-1015,6656,50
44922951,26131,348419726,-1168106152,-1015,6656,50
44932850,26131,348419722,-1168106116,-1016,6656,50
44943226,26131,348419717,-1168106080,-1016,6656,49
44953091,26131,348419712,-1168106044,-1017,6656,49
44963019,26131,348419708,-1168106006,-1016,6656,48
44973154,26131,348419703,-1168105970,-1017,6656,48
44982893,26131,348419699,-1168105934,-1016,6656,47
44992894,26131,348419694,-1168105898,-1016,6655,47
45003769,26131,348419690,-1168105862,-1016,6655,47
45013029,26131,348419685,-1168105824,-1017,6655,47
45022970,26131,348419680,-1168105788,-1017,6655,47
45034058,26131,348419676,-1168105752,-1017,6655,46
45042953,26131,348419671,-1168105716,-1016,6655,46
45053993,26131,348419667,-1168105680,-1016,6655,45
45063484,26131,348419662,-1168105642,-1016,6655,45
45072973,26131,348419657,-1168105606,-1017,6655,46
45082883,26131,348419653,-1168105570,-1017,6655,46
45093911,26131,348419648,-1168105534,-1016,6655,46
45103032,26131,348419644,-1168105498,-1016,6655,46
45113006,26131,348419639,-1168105460,-1016,6655,45
45122970,26131,348419635,-1168105424,-1016,6655,45
45133666,26130,348419630,-1168105388,-1016,6655,45
45142926,26130,348419625,-1168105352,-1017,6655,45
45154741,26130,348419621,-1168105316,-1016,6655,45
45162995,26130,348419616,-1168105278,-1016,6655,45
45172942,26130,348419612,-1168105242,-1016,6655,44
45183924,26130,348419607,-1168105206,-1016,6655,44
45193347,26130,348419603,-1168105170,-1017,6655,44
45203070,26129,348419598,-1168105134,-1017,6655,44
45213301,26129,348419593,-1168105097,-1017,6655,45
45223453,26129,348419589,-1168105060,-1017,6655,45
45232921,26129,348419584,-1168105024,-1017,6655,45
45243434,26129,348419580,-1168104988,-1017,6655,45
45253057,26129,348419575,-1168104952,-1018,6655,45
45263011,26129,348419571,-1168104915,-1018,6655,45
45273430,26128,348419566,-1168104879,-1018,6655,45
45283026,26128,348419561,-1168104843,-1018,6655,45
45293416,26128,348419557,-1168104806,-1018,6655,45
45303794,26128,348419552,-1168104770,-1018,6655,46
45313035,26128,348419548,-1168104733,-1018,6654,46
45322938,26128,348419543,-1168104697,-1019,6654,47
45334138,26128,348419538,-1168104661,-1018,6655,47
45342857,26127,348419534,-1168104625,-1019,6655,48
45353055,26127,348419529,-1168104589,-1019,6655,48
45364788,26127,348419525,-1168104551,-1019,6655,48
45373128,26127,348419520,-1168104515,-1019,6655,49
45383302,26127,348419515,-1168104479,-1020,6654,50
45392914,26127,348419511,-1168104443,-1020,6654,51
45403636,26126,348419506,-1168104407,-1020,6654,51
45413466,26126,348419502,-1168104369,-1020,6654,51
45424258,26126,348419497,-1168104333,-1019,6654,51
45432883,26126,348419493,-1168104297,-1020,6654,51
45442885,26126,348419488,-1168104261,-1020,6654,52
45454247,26126,348419483,-1168104225,-1021,6654,53
45463012,26126,348419479,-1168104187,-1021,6654,54
45472966,26126,348419474,-1168104151,-1021,6654,54
45482890,26126,348419470,-1168104115,-1020,6654,54
45492856,26125,348419465,-1168104079,-1021,6654,54
45503073,26125,348419460,-1168104043,-1021,6654,54
45513002,26125,348419456,-1168104005,-1021,6654,54
45522947,26125,348419451,-1168103969,-1021,6654,54
45532859,26125,348419447,-1168103933,-1021,6654,55
45542899,26125,348419442,-1168103897,-1021,6654,55
45553282,26125,348419437,-1168103861,-1021,6654,54
45563011,26125,348419433,-1168103823,-1021,6654,54
45573295,26125,348419428,-1168103787,-1022,6654,54
45583253,26125,348419424,-1168103751,-1021,6654,54
45592878,26125,348419419,-1168103715,-1021,6654,54
45603998,26125,348419414,-1168103679,-1021,6654,55
45613519,26125,348419410,-1168103642,-1021,6654,55
45622936,26125,348419405,-1168103606,-1021,6654,55
45632843,26126,348419401,-1168103569,-1022,6654,54
45642881,26126,348419396,-1168103533,-1022,6654,54
45653072,26126,348419391,-1168103497,-1022,6654,54
45663010,26126,348419387,-1168103460,-1022,6654,53
45672960,26126,348419382,-1168103424,-1021,6654,53
45682854,26126,348419378,-1168103388,-1022,6654,52
45692888,26126,348419373,-1168103352,-1022,6654,53
45703057,26126,348419368,-1168103315,-1022,6654,52
45713003,26126,348419364,-1168103278,-1022,6654,52
45722947,26126,348419359,-1168103242,-1022,6654,52
45732843,26127,348419355,-1168103206,-1022,6654,52
45742896,26127,348419350,-1168103170,-1022,6654,51
45753125,26127,348419345,-1168103134,-1022,6654,51
45763749,26127,348419341,-1168103096,-1022,6654,51
45772913,26127,348419336,-1168103060,-1022,6654,51
45782849,26127,348419332,-1168103024,-1022,6654,51
45792897,26127,348419327,-1168102988,-1022,6654,51
45803953,26128,348419322,-1168102952,-1022,6654,50
45812982,26128,348419318,-1168102914,-1022,6654,50
45822915,26128,348419313,-1168102878,-1022,6654,50
45832849,26128,348419309,-1168102842,-1022,6654,51
45842928,26128,348419304,-1168102806,-1022,6654,51
45853054,26128,348419299,-1168102770,-1022,6654,51
45863003,26129,348419295,-1168102732,-1021,6654,51
45872955,26129,348419290,-1168102696,-1021,6654,51
45882884,26129,348419286,-1168102660,-1021,6654,51
45892850,26129,348419281,-1168102624,-1021,6654,51
45903055,26129,348419276,-1168102588,-1021,6654,51
45913190,26129,348419272,-1168102550,-1021,6654,52
45922914,26129,348419267,-1168102514,-1020,6655,52
45932845,26129,348419263,-1168102478,-1021,6655,52
45942853,26130,348419258,-1168102442,-1020,6655,52
45953120,26130,348419253,-1168102406,-1021,6655,52
45962988,26130,348419249,-1168102369,-1021,6655,53
45972907,26130,348419244,-1168102332,-1021,6655,52
45982842,26130,348419240,-1168102296,-1020,6655,52
45992898,26130,348419235,-1168102260,-1020,6655,52
46003063,26130,348419230,-1168102224,-1020,6655,52
46013065,26130,348419226,-1168102187,-1020,6655,52
46023277,26130,348419221,-1168102151,-1020,6655,53
46032859,26130,348419217,-1168102115,-1020,6655,53
46042905,26130,348419212,-1168102078,-1019,6656,53
46053049,26130,348419207,-1168102042,-1020,6656,53
46062997,26130,348419203,-1168102005,-1019,6656,53
46072958,26130,348419198,-1168101969,-1019,6656,53
46082874,26130,348419194,-1168101933,-1020,6656,53
46092849,26130,348419189,-1168101897,-1019,6656,52
46103060,26130,348419184,-1168101860,-1019,6656,52
46112988,26130,348419180,-1168101823,-1018,6656,52
46122927,26130,348419175,-1168101787,-1018,6656,52
46132853,26130,348419171,-1168101751,-1019,6656,53
46144577,26130,348419166,-1168101715,-1018,6656,53
46153723,26130,348419162,-1168101679,-1019,6656,53
46162986,26130,348419157,-1168101641,-1019,6656,54
46173891,26130,348419152,-1168101605,-1018,6656,53
46182843,26130,348419148,-1168101569,-1018,6656,53
46192890,26130,348419143,-1168101533,-1018,6656,53
46203061,26130,348419139,-1168101497,-1019,6656,54
46212995,26130,348419134,-1168101459,-1018,6656,54
46222905,26130,348419129,-1168101423,-1018,6656,54
46232834,26130,348419125,-1168101387,-1017,6656,54
46243345,26130,348419120,-1168101351,-1017,6657,54
46253058,26130,348419116,-1168101315,-1017,6656,55
46262985,26130,348419111,-1168101277,-1017,6657,55
46272959,26130,348419107,-1168101241,-1017,6657,55
46282844,26130,348419102,-1168101205,-1017,6657,56
46292848,26130,348419097,-1168101169,-1017,6657,56
46303398,26130,348419093,-1168101133,-1017,6657,56
46312989,26130,348419088,-1168101095,-1017,6657,56
46322936,26130,348419084,-1168101059,-1017,6657,56
46333832,26130,348419079,-1168101023,-1017,6657,56
46342847,26130,348419074,-1168100987,-1017,6657,57
46353065,26130,348419070,-1168100951,-1017,6657,57
46363895,26130,348419065,-1168100913,-1017,6657,57
46372930,26130,348419061,-1168100877,-1017,6657,57
46382848,26130,348419056,-1168100841,-1017,6657,58
46393608,26131,348419052,-1168100805,-1017,6657,59
46403767,26131,348419047,-1168100769,-1017,6657,59
46413097,26131,348419042,-1168100731,-1017,6657,60
46422986,26131,348419038,-1168100695,-1016,6657,60
46432830,26131,348419033,-1168100659,-1016,6657,61
46443158,26131,348419029,-1168100623,-1017,6657,61
46453063,26132,348419024,-1168100587,-1017,6657,62
46462981,26132,348419020,-1168100549,-1017,6657,63
46472926,26132,348419015,-1168100513,-1017,6657,63
46482826,26132,348419010,-1168100477,-1016,6658,63
46493409,26132,348419006,-1168100441,-1016,6657,63
46503053,26133,348419001,-1168100405,-1017,6657,63
46512972,26133,348418997,-1168100367,-1017,6657,64
46523364,26133,348418992,-1168100331,-1017,6657,65
46532829,26133,348418987,-1168100295,-1016,6657,65
46542852,26134,348418983,-1168100259,-1017,6657,66
46553047,26134,348418978,-1168100223,-1016,6658,66
46563008,26134,348418974,-1168100185,-1016,6658,66
46573265,26134,348418969,-1168100149,-1016,6658,66
46582825,26135,348418965,-1168100113,-1016,6658,66
46593010,26135,348418960,-1168100077,-1016,6658,67
46603062,26135,348418955,-1168100041,-1015,6658,67
46612980,26135,348418951,-1168100003,-1015,6658,67
46623587,26136,348418946,-1168099967,-1014,6658,67
46632824,26136,348418942,-1168099931,-1014,6658,67
46642886,26136,348418937,-1168099895,-1015,6658,67
46653039,26136,348418933,-1168099859,-1014,6658,67
46663244,26136,348418928,-1168099821,-1014,6658,67
46672925,26136,348418923,-1168099785,-1013,6658,66
46683153,26136,348418919,-1168099749,-1013,6658,66
46692999,26137,348418914,-1168099713,-1013,6658,66
46703705,26137,348418910,-1168099677,-1013,6658,66
46713534,26137,348418905,-1168099639,-1013,6658,66
46723228,26137,348418901,-1168099603,-1013,6659,65
46732849,26137,348418896,-1168099567,-1012,6659,64
46743085,26137,348418892,-1168099531,-1012,6659,63
46753333,26137,348418887,-1168099495,-1012,6659,63
46763049,26137,348418882,-1168099458,-1012,6659,63
46772910,26137,348418878,-1168099421,-1012,6659,62
46783607,26137,348418873,-1168099385,-1012,6659,62
46792904,26137,348418869,-1168099349,-1011,6659,61
46804438,26137,348418864,-1168099313,-1011,6659,60
46813690,26137,348418860,-1168099276,-1011,6658,59
46822920,26137,348418855,-1168099239,-1012,6658,59
46832854,26137,348418851,-1168099203,-1011,6658,58
46843163,26136,348418846,-1168099167,-1011,6658,57
46853064,26136,348418841,-1168099131,-1011,6658,57
46863063,26136,348418837,-1168099094,-1011,6658,56
46873370,26136,348418832,-1168099057,-1010,6658,56
46882835,26136,348418828,-1168099021,-1011,6658,56
46893229,26136,348418823,-1168098985,-1011,6658,56
46903925,26136,348418819,-1168098949,-1011,6658,55
46912994,26136,348418814,-1168098912,-1011,6658,55
46922918,26136,348418810,-1168098875,-1010,6658,55
46933131,26136,348418805,-1168098839,-1010,6658,54
46942954,26136,348418800,-1168098803,-1010,6658,54
46953062,26136,348418796,-1168098767,-1010,6658,54
46963441,26136,348418791,-1168098730,-1011,6658,54
46972928,26136,348418787,-1168098694,-1011,6658,54
46982890,26136,348418782,-1168098657,-1010,6658,55
46993362,26136,348418778,-1168098621,-1010,6658,54
47003456,26136,348418773,-1168098585,-1010,6658,55
47012981,26136,348418769,-1168098548,-1011,6657,56
47024330,26136,348418764,-1168098512,-1011,6658,56
47032833,26136,348418759,-1168098475,-1011,6658,56
47042903,26136,348418755,-1168098439,-1011,6658,57
47053896,26136,348418750,-1168098403,-1011,6658,57
47063716,26136,348418746,-1168098366,-1011,6658,57
47072906,26136,348418741,-1168098330,-1012,6657,57
47083780,26136,348418737,-1168098293,-1012,6657,58
47093504,26136,348418732,-1168098257,-1012,6657,60
47103043,26137,348418728,-1168098221,-1012,6657,60
47113801,26137,348418723,-1168098184,-1012,6657,60
47123401,26137,348418718,-1168098148,-1012,6657,60
47132833,26136,348418714,-1168098112,-1012,6658,61
47143792,26137,348418709,-1168098075,-1012,6657,62
47153856,26136,348418705,-1168098039,-1013,6657,62
47162983,26137,348418700,-1168098002,-1011,6657,63
47174305,26137,348418696,-1168097966,-1012,6657,64
47182826,26137,348418691,-1168097930,-1011,6657,65
47192893,26136,348418687,-1168097893,-1012,6657,66
47203393,26136,348418682,-1168097857,-1011,6657,67
47213567,26136,348418677,-1168097820,-1012,6657,67
47222922,26136,348418673,-1168097784,-1011,6657,68
47233351,26136,348418668,-1168097748,-1011,6658,68
47242858,26136,348418664,-1168097712,-1012,6657,70
47253276,26136,348418659,-1168097675,-1010,6657,70
47262974,26136,348418655,-1168097638,-1011,6657,71
47273097,26135,348418650,-1168097602,-1012,6657,72
47283748,26135,348418646,-1168097566,-1011,6657,72
47293024,26135,348418641,-1168097530,-1011,6657,72
47303288,26135,348418636,-1168097493,-1010,6657,72
47312990,26135,348418632,-1168097456,-1011,6657,71
47326219,26135,348418627,-1168097420,-1010,6657,72
47332843,26134,348418623,-1168097384,-1011,6657,73
47342833,26134,348418618,-1168097348,-1011,6657,73
47353193,26134,348418614,-1168097312,-1012,6656,74
47363014,26134,348418609,-1168097274,-1011,6657,74
47372941,26134,348418605,-1168097238,-1011,6657,73
47382836,26134,348418600,-1168097202,-1011,6657,73
47393018,26134,348418595,-1168097166,-1012,6656,72
47403053,26134,348418591,-1168097130,-1012,6656,73
47413067,26134,348418586,-1168097092,-1012,6656,72
47422930,26133,348418582,-1168097056,-1011,6656,72
47432833,26133,348418577,-1168097020,-1011,6656,72
47443610,26133,348418573,-1168096984,-1011,6656,72
47453333,26133,348418568,-1168096948,-1012,6655,71
47462965,26133,348418564,-1168096910,-1012,6655,71
47473831,26133,348418559,-1168096874,-1013,6655,71
47482840,26133,348418554,-1168096838,-1012,6655,71
47492840,26133,348418550,-1168096802,-1013,6655,70
47503026,26133,348418545,-1168096766,-1013,6655,70
47512985,26133,348418541,-1168096728,-1013,6655,70
47522931,26133,348418536,-1168096692,-1014,6655,70
47532815,26133,348418532,-1168096656,-1013,6655,70
47543643,26133,348418527,-1168096620,-1014,6655,70
47553116,26133,348418523,-1168096584,-1013,6655,69
47563273,26133,348418518,-1168096546,-1014,6655,68
47572900,26133,348418513,-1168096510,-1014,6655,68
47582833,26133,348418509,-1168096474,-1014,6654,69
47592827,26133,348418504,-1168096438,-1015,6654,68
47603055,26133,348418500,-1168096402,-1013,6654,68
47612954,26133,348418495,-1168096364,-1015,6654,68
47623292,26133,348418491,-1168096328,-1013,6654,68
47633555,26133,348418486,-1168096292,-1015,6654,68
47642905,26133,348418481,-1168096256,-1014,6654,68
47653073,26133,348418477,-1168096220,-1015,6654,68
47663738,26133,348418472,-1168096183,-1014,6654,68
47672912,26133,348418468,-1168096147,-1013,6654,67
47682850,26133,348418463,-1168096110,-1015,6653,68
47692832,26133,348418459,-1168096074,-1012,6654,67
47703340,26133,348418454,-1168096038,-1014,6653,68
47712977,26133,348418449,-1168096001,-1014,6653,68
47722912,26133,348418445,-1168095965,-1014,6654,68
47732817,26133,348418440,-1168095929,-1014,6653,68
47742825,26133,348418436,-1168095893,-1014,6653,68
47753037,26133,348418431,-1168095856,-1014,6653,68
47762974,26133,348418427,-1168095819,-1014,6653,68
47772894,26133,348418422,-1168095783,-1015,6653,69
47782838,26133,348418417,-1168095747,-1015,6653,68
47792845,26132,348418413,-1168095711,-1014,6653,68
47803754,26132,348418408,-1168095675,-1014,6653,68
47812967,26132,348418404,-1168095637,-1014,6653,68
47823035,26132,348418399,-1168095601,-1015,6652,69
47832826,26132,348418395,-1168095565,-1014,6652,69
47842846,26131,348418390,-1168095529,-1015,6652,70
47853740,26131,348418385,-1168095493,-1015,6652,70
47862977,26131,348418381,-1168095455,-1014,6652,70
47872914,26131,348418376,-1168095419,-1014,6652,70
47882822,26131,348418372,-1168095383,-1014,6652,70
47892853,26130,348418367,-1168095347,-1014,6652,70
47903122,26130,348418363,-1168095311,-1015,6652,70
47912971,26130,348418358,-1168095274,-1014,6652,70
47922906,26130,348418354,-1168095237,-1014,6651,71
47932796,26129,348418349,-1168095201,-1015,6651,71
47943174,26129,348418344,-1168095165,-1015,6651,71
47953740,26129,348418340,-1168095129,-1015,6651,71
47962980,26129,348418335,-1168095092,-1015,6651,71
47972914,26128,348418331,-1168095056,-1015,6651,71
47982839,26128,348418326,-1168095020,-1015,6651,71
47992848,26128,348418322,-1168094984,-1016,6651,71
48003047,26128,348418317,-1168094948,-1015,6651,71
48013173,26128,348418312,-1168094910,-1016,6650,71
48022911,26128,348418308,-1168094874,-1016,6650,72
48032814,26127,348418303,-1168094838,-1017,6650,72
48043791,26127,348418299,-1168094802,-1017,6650,72
48053738,26127,348418294,-1168094766,-1017,6650,70
48062997,26127,348418289,-1168094728,-1016,6650,69
48072919,26127,348418285,-1168094692,-1017,6649,71
48082815,26127,348418280,-1168094656,-1018,6649,72
48093287,26127,348418276,-1168094620,-1019,6649,73
48103998,26127,348418271,-1168094584,-1019,6649,72
48112966,26127,348418267,-1168094547,-1019,6649,72
48122918,26127,348418262,-1168094510,-1019,6649,71
48132812,26127,348418257,-1168094474,-1020,6649,70
48143042,26127,348418253,-1168094438,-1020,6647,71
48153070,26127,348418248,-1168094402,-1019,6648,71
48162964,26127,348418244,-1168094365,-1021,6648,72
48173370,26127,348418239,-1168094329,-1020,6648,73
48182952,26127,348418234,-1168094293,-1021,6648,73
48192819,26127,348418230,-1168094257,-1019,6648,73
48204348,26127,348418225,-1168094221,-1021,6648,72
48212998,26127,348418221,-1168094183,-1022,6648,73
48222891,26127,348418216,-1168094147,-1021,6648,73
48232937,26127,348418211,-1168094111,-1022,6648,74
48243102,26127,348418207,-1168094075,-1022,6648,73
48253403,26127,348418202,-1168094039,-1022,6648,73
48262940,26127,348418198,-1168094001,-1021,6648,72
48272928,26127,348418193,-1168093965,-1022,6647,72
48282823,26127,348418188,-1168093929,-1022,6647,71
48292830,26127,348418184,-1168093893,-1022,6647,72
48303673,26126,348418179,-1168093857,-1022,6647,72
48312971,26127,348418175,-1168093820,-1022,6647,72
48322890,26127,348418170,-1168093784,-1022,6647,71
48333277,26126,348418165,-1168093748,-1022,6647,71
48342820,26126,348418161,-1168093712,-1023,6647,70
48353231,26126,348418156,-1168093676,-1023,6646,70
48363579,26126,348418152,-1168093638,-1022,6646,69
48372948,26126,348418147,-1168093602,-1022,6646,69
48383307,26126,348418142,-1168093566,-1023,6646,68
48394166,26126,348418138,-1168093530,-1023,6646,68
48403040,26126,348418133,-1168093494,-1023,6646,67
48413509,26126,348418129,-1168093456,-1023,6646,67
48423572,26126,348418124,-1168093420,-1023,6646,66
48432812,26126,348418119,-1168093384,-1023,6646,66
48442956,26126,348418115,-1168093348,-1022,6646,65
48453030,26126,348418110,-1168093312,-1023,6645,65
48463299,26126,348418106,-1168093275,-1022,6645,63
48472903,26126,348418101,-1168093239,-1023,6646,63
48482907,26126,348418096,-1168093203,-1022,6645,63
48493160,26126,348418092,-1168093167,-1022,6645,64
48503955,26126,348418087,-1168093131,-1021,6645,64
48513007,26126,348418082,-1168093093,-1022,6645,63
48524072,26126,348418078,-1168093057,-1022,6645,63
48533355,26126,348418073,-1168093021,-1022,6645,63
48542828,26126,348418069,-1168092985,-1022,6645,62
48553135,26126,348418064,-1168092949,-1021,6644,63
48563256,26126,348418059,-1168092912,-1020,6644,63
48572885,26126,348418055,-1168092876,-1021,6644,64
48583324,26126,348418050,-1168092840,-1022,6644,65
48593222,26126,348418046,-1168092804,-1021,6644,65
48603818,26126,348418041,-1168092768,-1021,6644,65
48614633,26125,348418037,-1168092730,-1020,6645,65
48623337,26125,348418032,-1168092694,-1021,6644,65
48632906,26125,348418027,-1168092658,-1019,6645,65
48642856,26125,348418023,-1168092622,-1020,6644,66
48653512,26125,348418018,-1168092586,-1021,6644,66
48663263,26124,348418014,-1168092548,-1020,6644,67
48672894,26124,348418009,-1168092512,-1020,6644,67
48683730,26124,348418004,-1168092476,-1020,6644,67
48692818,26124,348418000,-1168092440,-1020,6644,67
48704071,26124,348417995,-1168092404,-1020,6644,67
48713890,26124,348417991,-1168092367,-1021,6644,67
48722899,26124,348417986,-1168092331,-1021,6644,67
48732797,26123,348417981,-1168092295,-1021,6644,68
48743507,26123,348417977,-1168092259,-1021,6644,68
48753129,26123,348417972,-1168092223,-1021,6643,68
48762953,26123,348417968,-1168092185,-1022,6643,68
48773764,26123,348417963,-1168092149,-1022,6643,67
48782815,26122,348417958,-1168092113,-1022,6643,67
48792935,26122,348417954,-1168092077,-1022,6643,66
48803733,26122,348417949,-1168092041,-1022,6643,66
48813420,26122,348417945,-1168092004,-1022,6643,66
48823425,26122,348417940,-1168091968,-1022,6643,66
48833195,26122,348417935,-1168091932,-1023,6642,65
48842837,26122,348417931,-1168091896,-1024,6642,65
48853014,26121,348417926,-1168091860,-1024,6642,65
48863124,26121,348417922,-1168091822,-1023,6642,64
48872913,26121,348417917,-1168091786,-1024,6642,63
48882808,26121,348417912,-1168091750,-1024,6641,63
48893409,26121,348417908,-1168091714,-1025,6641,62
48903762,26121,348417903,-1168091678,-1025,6641,62
48913513,26121,348417899,-1168091641,-1027,6641,60
48923566,26121,348417894,-1168091605,-1024,6640,61
48933592,26120,348417889,-1168091569,-1026,6640,61
48942827,26120,348417885,-1168091533,-1024,6640,60
48953438,26120,348417880,-1168091497,-1027,6640,60
48963365,26120,348417875,-1168091459,-1025,6640,59
48974155,26120,348417871,-1168091423,-1026,6640,57
48983185,26120,348417866,-1168091387,-1025,6640,57
48993901,26120,348417862,-1168091351,-1025,6639,57
49003572,26119,348417857,-1168091315,-1027,6639,56
49013711,26119,348417852,-1168091278,-1026,6639,56
49022920,26119,348417848,-1168091242,-1027,6638,57
49032806,26119,348417843,-1168091206,-1027,6638,56
49044627,26119,348417838,-1168091170,-1027,6638,55
49053034,26119,348417834,-1168091134,-1026,6639,54
49063101,26119,348417829,-1168091096,-1027,6639,53
49074032,26119,348417825,-1168091060,-1027,6638,53
49082803,26119,348417820,-1168091024,-1027,6638,54
49092834,26119,348417815,-1168090988,-1028,6637,55
49103025,26119,348417811,-1168090952,-1028,6638,55
49112937,26119,348417806,-1168090915,-1028,6637,55
49124389,26118,348417801,-1168090879,-1027,6637,55
49132831,26118,348417797,-1168090843,-1027,6637,54
49142811,26118,348417792,-1168090807,-1028,6637,54
49153947,26118,348417788,-1168090771,-1028,6637,55
49162979,26117,348417783,-1168090734,-1028,6637,56
49172917,26117,348417778,-1168090698,-1028,6636,57
49182817,26117,348417774,-1168090662,-1028,6636,58
49192823,26116,348417769,-1168090626,-1028,6636,59
49203040,26116,348417764,-1168090590,-1028,6636,60
49212949,26116,348417760,-1168090552,-1029,6636,61
49225092,26115,348417755,-1168090516,-1029,6636,62
49232813,26115,348417751,-1168090480,-1029,6636,63
49242832,26115,348417746,-1168090444,-1029,6636,64
49253003,26115,348417741,-1168090408,-1030,6636,65
49262939,26114,348417737,-1168090371,-1030,6636,66
49272906,26114,348417732,-1168090335,-1030,6635,67
49283213,26113,348417727,-1168090299,-1031,6635,69
49292824,26113,348417723,-1168090263,-1030,6635,70
49303027,26112,348417718,-1168090227,-1031,6635,71
49313930,26112,348417713,-1168090189,-1032,6635,72
49322888,26112,348417709,-1168090153,-1032,6635,73
49332848,26112,348417704,-1168090118,-1032,6635,74
49344197,26112,348417699,-1168090082,-1033,6634,75
49353126,26111,348417695,-1168090046,-1035,6634,75
49362944,26111,348417690,-1168090008,-1033,6635,77
49372898,26111,348417686,-1168089972,-1034,6634,78
49386538,26111,348417681,-1168089936,-1033,6634,78
49392793,26111,348417676,-1168089900,-1034,6634,78
49403049,26111,348417672,-1168089864,-1034,6634,78
49412937,26111,348417667,-1168089827,-1034,6634,78
49422854,26111,348417662,-1168089791,-1035,6634,78
49432839,26111,348417658,-1168089755,-1033,6633,79
49442820,26110,348417653,-1168089719,-1035,6633,79
49453006,26110,348417648,-1168089683,-1035,6633,79
49463094,26110,348417644,-1168089646,-1034,6633,78
49472877,26110,348417639,-1168089610,-1035,6633,76
49482844,26110,348417634,-1168089574,-1034,6633,74
49492816,26110,348417630,-1168089538,-1035,6633,73
49503110,26110,348417625,-1168089502,-1034,6633,72
49513620,26110,348417620,-1168089464,-1035,6632,72
49522963,26110,348417616,-1168089428,-1034,6632,72
49533893,26109,348417611,-1168089392,-1035,6631,72
49543235,26109,348417606,-1168089356,-1035,6632,70
49553906,26109,348417602,-1168089320,-1035,6632,68
49562935,26109,348417597,-1168089283,-1036,6632,66
49572852,26108,348417592,-1168089247,-1035,6632,64
49582847,26108,348417588,-1168089211,-1038,6631,63
49592809,26108,348417583,-1168089175,-1037,6631,63
49603014,26108,348417578,-1168089139,-1038,6630,62
49613350,26108,348417574,-1168089102,-1039,6630,60
49622912,26107,348417569,-1168089066,-1039,6630,58
49632847,26107,348417564,-1168089030,-1039,6630,56
49642828,26107,348417560,-1168088994,-1040,6630,55
49652994,26107,348417555,-1168088958,-1040,6629,55
49662961,26107,348417550,-1168088921,-1042,6629,56
49672896,26107,348417546,-1168088885,-1042,6629,55
49682881,26106,348417541,-1168088849,-1041,6629,55
49693888,26106,348417536,-1168088813,-1042,6629,55
49702999,26106,348417532,-1168088777,-1041,6629,55
49712929,26105,348417527,-1168088739,-1042,6628,55
49724271,26105,348417522,-1168088703,-1043,6628,56
49732829,26105,348417517,-1168088668,-1043,6628,56
49742801,26104,348417513,-1168088632,-1043,6629,56
49753500,26104,348417508,-1168088596,-1043,6629,56
49762957,26104,348417503,-1168088558,-1042,6629,55
49772918,26103,348417499,-1168088522,-1043,6628,55
49783687,26103,348417494,-1168088486,-1044,6627,57
49792814,26103,348417489,-1168088450,-1043,6628,57
49803011,26103,348417485,-1168088415,-1043,6628,58
49813538,26103,348417480,-1168088377,-1043,6628,59
49822918,26102,348417475,-1168088341,-1043,6628,59
49832881,26102,348417470,-1168088305,-1044,6628,60
49842821,26102,348417466,-1168088269,-1043,6628,60
49852987,26102,348417461,-1168088233,-1044,6628,60
49862936,26102,348417456,-1168088196,-1043,6628,61
49872887,26102,348417452,-1168088160,-1042,6628,63
49883448,26102,348417447,-1168088124,-1044,6627,65
49892777,26102,348417442,-1168088088,-1043,6627,66
49903733,26102,348417438,-1168088052,-1043,6627,68
49913617,26102,348417433,-1168088015,-1044,6627,69
49923195,26102,348417428,-1168087979,-1043,6628,70
49932826,26102,348417423,-1168087943,-1043,6628,71
49943082,26102,348417419,-1168087907,-1044,6628,72
49953323,26102,348417414,-1168087871,-1044,6628,73
49963284,26101,348417409,-1168087834,-1043,6628,75
49972858,26101,348417405,-1168087798,-1044,6627,77
49982826,26101,348417400,-1168087762,-1045,6628,78
49992794,26101,348417395,-1168087726,-1044,6628,78
50004297,26101,348417391,-1168087690,-1045,6628,78
50014268,26100,348417386,-1168087653,-1044,6628,78
50022884,26100,348417381,-1168087617,-1045,6628,79
50032785,26100,348417376,-1168087581,-1045,6627,79
50042813,26100,348417372,-1168087545,-1045,6628,80
50052987,26100,348417367,-1168087509,-1046,6627,81
50062931,26099,348417362,-1168087471,-1045,6628,81
50073018,26099,348417358,-1168087435,-1045,6627,81
50082778,26099,348417353,-1168087400,-1047,6627,80
50092826,26098,348417348,-1168087364,-1046,6627,79
50103907,26098,348417343,-1168087328,-1047,6627,79
50113909,26098,348417339,-1168087290,-1047,6627,78
50122860,26097,348417334,-1168087254,-1047,6627,78
50133305,26097,348417329,-1168087218,-1047,6627,77
50142790,26096,348417325,-1168087182,-1046,6627,76
50153003,26096,348417320,-1168087147,-1047,6626,75
50162957,26095,348417315,-1168087109,-1048,6626,74
50172900,26095,348417310,-1168087073,-1047,6627,73
50182962,26094,348417306,-1168087037,-1048,6627,72
50192828,26094,348417301,-1168087001,-1048,6626,70
50202960,26093,348417296,-1168086965,-1048,6626,69
50212932,26093,348417292,-1168086928,-1049,6626,67
50222837,26092,348417287,-1168086892,-1049,6625,66
50233467,26092,348417282,-1168086856,-1051,6625,64
50242799,26091,348417277,-1168086820,-1051,6625,63
50253820,26091,348417273,-1168086784,-1052,6625,62
50263607,26091,348417268,-1168086747,-1051,6625,61
50272900,26090,348417263,-1168086711,-1052,6624,60
50282782,26090,348417259,-1168086675,-1053,6624,59
50292794,26089,348417254,-1168086639,-1053,6624,57
50302989,26089,348417249,-1168086603,-1053,6624,55
50312922,26089,348417244,-1168086566,-1054,6624,55
50322901,26088,348417240,-1168086530,-1053,6623,54
50332789,26088,348417235,-1168086494,-1057,6622,55
50342795,26088,348417230,-1168086458,-1055,6623,54
50352996,26088,348417225,-1168086422,-1058,6622,53
50363396,26088,348417221,-1168086385,-1056,6623,52
50372895,26088,348417216,-1168086349,-1057,6623,51
50382788,26088,348417211,-1168086313,-1057,6622,51
50392791,26088,348417206,-1168086277,-1058,6622,51
50403180,26089,348417202,-1168086241,-1058,6622,51
50412914,26089,348417197,-1168086204,-1059,6622,51
50423848,26089,348417192,-1168086168,-1059,6622,51
50433321,26089,348417187,-1168086132,-1058,6622,51
50442964,26089,348417182,-1168086096,-1059,6621,51
50453759,26089,348417178,-1168086060,-1058,6621,51
50466349,26089,348417173,-1168086023,-1060,6621,52
50472911,26090,348417168,-1168085987,-1059,6621,51
50483541,26090,348417163,-1168085951,-1059,6621,51
50493654,26090,348417159,-1168085915,-1060,6621,52
50503949,26090,348417154,-1168085879,-1059,6621,52
50512926,26090,348417149,-1168085842,-1059,6621,53
50523856,26090,348417144,-1168085806,-1060,6621,54
50532775,26090,348417140,-1168085770,-1060,6621,55
50543143,26090,348417135,-1168085734,-1060,6621,55
50553092,26090,348417130,-1168085698,-1059,6621,55
50562924,26090,348417125,-1168085661,-1059,6621,55
50572892,26090,348417121,-1168085625,-1059,6621,56
50583344,26090,348417116,-1168085589,-1059,6621,56
50592799,26090,348417111,-1168085553,-1059,6620,57
50602982,26089,348417106,-1168085517,-1060,6620,58
50613888,26089,348417101,-1168085480,-1060,6620,58
50622899,26089,348417097,-1168085444,-1059,6620,59
50632787,26089,348417092,-1168085408,-1059,6620,59
50643227,26089,348417087,-1168085372,-1058,6620,60
50653705,26089,348417082,-1168085336,-1059,6620,60
50662927,26089,348417078,-1168085299,-1058,6620,60
50673341,26089,348417073,-1168085263,-1060,6620,60
50682785,26088,348417068,-1168085227,-1058,6621,61
50692800,26088,348417063,-1168085191,-1060,6620,62
50703511,26088,348417059,-1168085155,-1058,6620,62
50712925,26088,348417054,-1168085118,-1060,6619,62
50723315,26088,348417049,-1168085082,-1060,6619,62
50733972,26088,348417044,-1168085046,-1060,6620,62
50743015,26088,348417040,-1168085010,-1061,6620,61
50753639,26088,348417035,-1168084975,-1059,6619,61
50763719,26087,348417030,-1168084937,-1061,6619,62
50772903,26087,348417025,-1168084901,-1060,6619,62
50782790,26087,348417020,-1168084865,-1060,6619,63
50793742,26087,348417016,-1168084829,-1062,6619,62
50803000,26086,348417011,-1168084794,-1060,6619,62
50812928,26086,348417006,-1168084756,-1061,6619,61
50823946,26086,348417001,-1168084720,-1060,6619,62
50833181,26086,348416997,-1168084684,-1062,6618,61
50842784,26085,348416992,-1168084649,-1061,6618,61
50854003,26085,348416987,-1168084613,-1063,6618,61
50862935,26085,348416982,-1168084575,-1063,6618,61
50872953,26084,348416977,-1168084539,-1063,6618,60
50882773,26084,348416973,-1168084504,-1063,6618,60
50892770,26083,348416968,-1168084468,-1063,6618,59
50903239,26083,348416963,-1168084432,-1064,6617,58
50913565,26083,348416958,-1168084394,-1063,6617,58
50922924,26082,348416954,-1168084359,-1065,6617,57
50932787,26082,348416949,-1168084323,-1064,6617,56
50943196,26081,348416944,-1168084287,-1065,6617,56
50952989,26081,348416939,-1168084251,-1065,6617,55
50962925,26080,348416934,-1168084214,-1065,6617,55
50972837,26080,348416930,-1168084178,-1067,6616,54
50982759,26080,348416925,-1168084142,-1066,6616,53
50993631,26079,348416920,-1168084106,-1067,6616,53
51004947,26079,348416915,-1168084070,-1067,6616,52
51012919,26078,348416910,-1168084033,-1068,6616,51
51024704,26078,348416906,-1168083997,-1069,6616,50
51032779,26078,348416901,-1168083961,-1069,6615,50
51042899,26077,348416896,-1168083925,-1070,6615,50
51052997,26077,348416891,-1168083889,-1070,6615,49
51062915,26077,348416886,-1168083852,-1071,6615,49
51072881,26077,348416881,-1168083816,-1071,6615,48
51082775,26076,348416877,-1168083780,-1070,6615,48
51092781,26076,348416872,-1168083744,-1072,6614,48
51103702,26076,348416867,-1168083709,-1071,6614,48
51112926,26075,348416862,-1168083671,-1072,6614,47
51122835,26075,348416857,-1168083635,-1073,6614,47
51132773,26075,348416853,-1168083599,-1074,6614,47
51143180,26075,348416848,-1168083564,-1073,6614,47
51152976,26075,348416843,-1168083528,-1074,6613,48
51162920,26075,348416838,-1168083490,-1073,6613,48
51172841,26075,348416833,-1168083455,-1075,6613,47
51183166,26074,348416828,-1168083419,-1074,6614,47
51192781,26074,348416824,-1168083383,-1074,6613,46
51202944,26074,348416819,-1168083347,-1074,6614,46
51212950,26074,348416814,-1168083310,-1073,6612,47
51222830,26074,348416809,-1168083274,-1075,6612,48
51232802,26074,348416804,-1168083238,-1075,6612,48
51242786,26073,348416799,-1168083202,-1076,6612,48
51252971,26073,348416795,-1168083166,-1075,6613,47
51263005,26073,348416790,-1168083129,-1076,6613,47
51272833,26073,348416785,-1168083093,-1076,6612,47
51282774,26073,348416780,-1168083057,-1076,6612,48
51292778,26073,348416775,-1168083021,-1077,6611,48
51303934,26073,348416770,-1168082986,-1077,6612,48
51312912,26073,348416765,-1168082948,-1077,6612,48
51322898,26073,348416761,-1168082912,-1077,6612,48
51332760,26073,348416756,-1168082877,-1077,6612,48
51342795,26073,348416751,-1168082841,-1077,6611,48
51353331,26074,348416746,-1168082805,-1077,6611,48
51362911,26074,348416741,-1168082767,-1078,6611,47
51373128,26074,348416736,-1168082732,-1077,6612,47
51383545,26074,348416732,-1168082696,-1077,6611,47
51392776,26074,348416727,-1168082660,-1077,6611,46
51402977,26074,348416722,-1168082624,-1077,6611,46
51412917,26074,348416717,-1168082587,-1077,6611,46
51423091,26075,348416712,-1168082551,-1078,6611,45
51432805,26075,348416707,-1168082515,-1078,6611,44
51443114,26075,348416702,-1168082479,-1078,6611,43
51453772,26076,348416698,-1168082443,-1078,6611,42
51463781,26076,348416693,-1168082406,-1078,6611,41
51472828,26076,348416688,-1168082370,-1079,6610,41
51482848,26077,348416683,-1168082334,-1078,6610,41
51492788,26077,348416678,-1168082299,-1079,6610,40
51502986,26077,348416673,-1168082263,-1079,6610,39
51512926,26078,348416669,-1168082225,-1079,6610,38
51522822,26078,348416664,-1168082190,-1078,6610,36
51533889,26078,348416659,-1168082154,-1079,6609,36
51542770,26079,348416654,-1168082118,-1078,6609,37
51552992,26079,348416649,-1168082082,-1076,6609,37
51563608,26079,348416644,-1168082045,-1079,6608,38
51572849,26080,348416639,-1168082009,-1076,6609,38
51582836,26080,348416635,-1168081973,-1078,6609,38
51594278,26080,348416630,-1168081937,-1077,6609,38
51602952,26081,348416625,-1168081902,-1077,6609,38
51612912,26081,348416620,-1168081864,-1077,6609,38
51622895,26081,348416615,-1168081828,-1077,6609,38
51632833,26082,348416610,-1168081793,-1078,6608,39
51642779,26082,348416605,-1168081757,-1074,6609,40
51653702,26082,348416601,-1168081721,-1076,6608,41
51662911,26082,348416596,-1168081684,-1075,6608,42
51672837,26083,348416591,-1168081648,-1075,6608,42
51682828,26083,348416586,-1168081612,-1074,6609,42
51692778,26083,348416581,-1168081576,-1074,6609,42
51703728,26083,348416576,-1168081540,-1074,6609,42
51712919,26084,348416572,-1168081503,-1072,6609,44
51722832,26084,348416567,-1168081467,-1073,6609,44
51732798,26084,348416562,-1168081431,-1073,6609,45
51742794,26084,348416557,-1168081395,-1072,6609,46
51753737,26084,348416552,-1168081360,-1072,6609,46
51762922,26085,348416547,-1168081322,-1071,6609,45
51772813,26085,348416543,-1168081286,-1071,6609,45
51783100,26085,348416538,-1168081251,-1070,6609,45
51792768,26085,348416533,-1168081215,-1070,6609,46
51803040,26085,348416528,-1168081179,-1070,6609,46
51812935,26085,348416523,-1168081142,-1069,6609,46
51822882,26086,348416519,-1168081106,-1069,6609,46
51832837,26086,348416514,-1168081070,-1068,6609,46
51842795,26086,348416509,-1168081034,-1068,6609,46
51854122,26086,348416504,-1168080998,-1068,6609,46
51862888,26086,348416499,-1168080961,-1068,6609,46
51872832,26086,348416495,-1168080925,-1067,6609,46
51884006,26087,348416490,-1168080889,-1067,6609,46
51892797,26087,348416485,-1168080854,-1067,6609,46
51903191,26087,348416480,-1168080818,-1066,6609,46
51913202,26087,348416475,-1168080780,-1066,6609,46
51922838,26087,348416471,-1168080744,-1065,6609,47
51932785,26088,348416466,-1168080709,-1066,6609,47
51943724,26088,348416461,-1168080673,-1065,6609,47
51952979,26088,348416456,-1168080637,-1064,6610,47
51962925,26088,348416451,-1168080600,-1064,6610,47
51972813,26088,348416447,-1168080564,-1064,6609,47
51982804,26089,348416442,-1168080528,-1064,6609,47
51992756,26089,348416437,-1168080492,-1064,6609,47
52003613,26089,348416432,-1168080456,-1063,6609,47
52013258,26089,348416427,-1168080419,-1063,6610,46
52023309,26089,348416423,-1168080383,-1062,6610,46
52032836,26089,348416418,-1168080347,-1063,6609,46
52042776,26089,348416413,-1168080312,-1062,6609,46
52052962,26090,348416408,-1168080276,-1062,6609,46
52063067,26090,348416404,-1168080238,-1062,6610,45
52072828,26090,348416399,-1168080202,-1062,6610,45
52082800,26090,348416394,-1168080167,-1062,6610,45
52092758,26090,348416389,-1168080131,-1061,6610,45
52103682,26090,348416384,-1168080095,-1062,6609,45
52112945,26090,348416380,-1168080058,-1062,6609,44
52122909,26090,348416375,-1168080022,-1062,6610,43
52133009,26090,348416370,-1168079986,-1062,6610,43
52143061,26091,348416365,-1168079950,-1062,6610,43
52153217,26091,348416361,-1168079914,-1062,6609,42
52162909,26091,348416356,-1168079877,-1062,6609,42
52172816,26091,348416351,-1168079841,-1062,6609,41
52183277,26091,348416346,-1168079805,-1063,6609,41
52192767,26091,348416341,-1168079770,-1062,6609,41
52202953,26091,348416337,-1168079734,-1063,6609,40
52213356,26091,348416332,-1168079696,-1062,6609,39
52222822,26091,348416327,-1168079661,-1063,6609,39
52232777,26091,348416322,-1168079625,-1063,6609,39
52242746,26091,348416318,-1168079589,-1063,6609,38
52253652,26091,348416313,-1168079553,-1063,6609,38
52263735,26091,348416308,-1168079516,-1062,6609,37
52272828,26091,348416303,-1168079480,-1063,6609,37
52282742,26091,348416298,-1168079444,-1062,6609,37
52293089,26091,348416294,-1168079408,-1062,6609,37
52303120,26091,348416289,-1168079372,-1063,6609,37
52312924,26091,348416284,-1168079335,-1063,6609,37
52323446,26091,348416279,-1168079299,-1062,6609,36
52333227,26091,348416275,-1168079263,-1062,6609,35
52342767,26091,348416270,-1168079228,-1062,6609,35
52354352,26090,348416265,-1168079192,-1062,6609,35
52363687,26090,348416260,-1168079154,-1062,6609,35
52372819,26090,348416255,-1168079119,-1063,6609,35
52382761,26090,348416251,-1168079083,-1062,6609,36
52392892,26090,348416246,-1168079047,-1062,6609,36
52403008,26090,348416241,-1168079011,-1062,6609,35
52412914,26090,348416236,-1168078974,-1062,6609,35
52423130,26089,348416232,-1168078938,-1062,6609,35
52432744,26089,348416227,-1168078902,-1063,6609,35
52442759,26089,348416222,-1168078866,-1062,6609,35
52453175,26089,348416217,-1168078830,-1062,6609,35
52462930,26088,348416213,-1168078793,-1062,6609,36
52472826,26088,348416208,-1168078757,-1062,6609,36
52483818,26088,348416203,-1168078721,-1063,6609,36
52492727,26088,348416198,-1168078686,-1063,6609,35
52503444,26087,348416193,-1168078650,-1063,6609,35
52513097,26087,348416189,-1168078612,-1063,6610,34
52525958,26086,348416184,-1168078577,-1063,6609,34
52533847,26086,348416179,-1168078541,-1063,6609,35
52544458,26086,348416174,-1168078505,-1064,6609,35
52553893,26085,348416169,-1168078469,-1064,6609,34
52562916,26085,348416165,-1168078432,-1064,6609,33
52573247,26085,348416160,-1168078396,-1064,6609,32
52583507,26084,348416155,-1168078360,-1064,6609,32
52592791,26084,348416150,-1168078324,-1065,6609,32
52602979,26084,348416146,-1168078288,-1065,6608,32
52613018,26083,348416141,-1168078251,-1066,6608,32
52622825,26083,348416136,-1168078215,-1066,6608,32
52632764,26083,348416131,-1168078179,-1066,6608,31
52642739,26082,348416126,-1168078144,-1067,6608,30
52653637,26082,348416122,-1168078108,-1067,6608,30
52664266,26082,348416117,-1168078070,-1067,6608,29
52673513,26082,348416112,-1168078035,-1068,6608,28
52682764,26081,348416107,-1168077999,-1069,6608,28
52692758,26081,348416102,-1168077963,-1068,6608,28
52703423,26081,348416098,-1168077927,-1069,6608,28
52713212,26080,348416093,-1168077890,-1069,6608,27
52722811,26080,348416088,-1168077854,-1070,6607,26
52732746,26080,348416083,-1168077818,-1070,6607,26
52742759,26079,348416078,-1168077782,-1070,6607,26
52752955,26079,348416073,-1168077747,-1071,6607,25
52762896,26078,348416069,-1168077709,-1071,6607,26
52772823,26078,348416064,-1168077673,-1071,6607,26
52782750,26078,348416059,-1168077638,-1071,6607,26
52792761,26077,348416054,-1168077602,-1072,6606,27
52803118,26077,348416049,-1168077566,-1072,6606,27
52812901,26076,348416045,-1168077529,-1072,6606,27
52823439,26076,348416040,-1168077493,-1073,6606,28
52832741,26076,348416035,-1168077457,-1073,6607,28
52842746,26075,348416030,-1168077421,-1073,6606,29
52852952,26075,348416025,-1168077385,-1074,6606,30
52863347,26074,348416020,-1168077348,-1074,6606,31
52872808,26074,348416016,-1168077312,-1074,6606,32
52889936,26074,348416011,-1168077276,-1074,6606,32
52892812,26073,348416006,-1168077241,-1074,6606,33
52904409,26073,348416001,-1168077205,-1074,6606,33
52912922,26072,348415996,-1168077167,-1074,6606,33
52922816,26072,348415991,-1168077132,-1075,6606,34
52932748,26071,348415987,-1168077096,-1075,6606,34
52942756,26071,348415982,-1168077060,-1076,6605,35
52952959,26071,348415977,-1168077024,-1075,6606,36
52962954,26070,348415972,-1168076987,-1075,6606,36
52972842,26070,348415967,-1168076951,-1075,6606,36
52983692,26069,348415962,-1168076915,-1076,6606,37
52992735,26069,348415958,-1168076879,-1076,6605,38
53002953,26068,348415953,-1168076844,-1076,6605,38
53012910,26068,348415948,-1168076806,-1077,6605,38
53022829,26068,348415943,-1168076770,-1077,6606,38
53032903,26067,348415938,-1168076735,-1078,6606,38
53042736,26067,348415933,-1168076699,-1078,6605,40
53053062,26067,348415928,-1168076663,-1079,6605,41
53062961,26066,348415924,-1168076626,-1080,6604,41
53072803,26066,348415919,-1168076590,-1080,6605,42
53083889,26066,348415914,-1168076554,-1080,6605,42
53092741,26066,348415909,-1168076518,-1081,6605,42
53102955,26066,348415904,-1168076483,-1082,6605,43
53112931,26065,348415899,-1168076445,-1082,6604,44
53122797,26065,348415894,-1168076409,-1082,6604,46
53132734,26065,348415890,-1168076374,-1082,6604,47
53142731,26065,348415885,-1168076338,-1083,6604,48
53152940,26064,348415880,-1168076302,-1083,6604,49
53162892,26064,348415875,-1168076265,-1083,6605,49
53172809,26064,348415870,-1168076229,-1083,6605,50
53182740,26064,348415865,-1168076193,-1084,6604,52
53193332,26063,348415860,-1168076157,-1084,6604,54
53202938,26063,348415855,-1168076121,-1084,6604,55
53212901,26063,348415851,-1168076084,-1085,6605,56
53222847,26063,348415846,-1168076048,-1085,6605,55
53232751,26062,348415841,-1168076013,-1086,6604,56
53242843,26062,348415836,-1168075977,-1086,6604,56
53253609,26062,348415831,-1168075941,-1087,6604,57
53262884,26062,348415826,-1168075904,-1087,6604,58
53274022,26062,348415821,-1168075868,-1088,6604,60
53283048,26062,348415816,-1168075832,-1088,6604,61
53292734,26062,348415811,-1168075796,-1089,6604,62
53302951,26062,348415807,-1168075760,-1089,6604,63
53312893,26062,348415802,-1168075723,-1090,6604,64
53322799,26062,348415797,-1168075687,-1091,6604,65
53332750,26062,348415792,-1168075651,-1091,6604,67
53342766,26063,348415787,-1168075616,-1091,6604,68
53353641,26063,348415782,-1168075580,-1092,6604,69
53362891,26063,348415777,-1168075543,-1092,6604,71
53372825,26063,348415772,-1168075507,-1092,6604,71
53382895,26064,348415767,-1168075471,-1092,6604,72
53394267,26064,348415762,-1168075435,-1092,6604,73
53404436,26064,348415757,-1168075399,-1092,6604,73
53412901,26064,348415752,-1168075362,-1092,6604,74
53423216,26064,348415748,-1168075326,-1092,6604,76
53433899,26064,348415743,-1168075290,-1091,6604,77
53442766,26064,348415738,-1168075255,-1091,6605,78
53452933,26065,348415733,-1168075219,-1090,6605,79
53463487,26064,348415728,-1168075181,-1090,6605,79
53472802,26065,348415723,-1168075146,-1089,6606,80
53482721,26065,348415718,-1168075110,-1089,6606,80
53492745,26065,348415713,-1168075074,-1089,6606,80
53503542,26065,348415708,-1168075038,-1088,6606,80
53512897,26065,348415703,-1168075001,-1087,6606,79
53522799,26065,348415699,-1168074965,-1087,6606,79
53532738,26065,348415694,-1168074929,-1086,6607,79
53542929,26064,348415689,-1168074893,-1086,6606,79
53553672,26065,348415684,-1168074858,-1085,6607,78
53562886,26065,348415679,-1168074820,-1085,6607,78
53572813,26065,348415674,-1168074784,-1085,6607,76
53582737,26065,348415669,-1168074749,-1084,6607,75
53592756,26065,348415664,-1168074713,-1084,6608,74
53602941,26065,348415659,-1168074677,-1084,6608,73
53612899,26065,348415655,-1168074640,-1084,6607,72
53623503,26066,348415650,-1168074604,-1084,6607,72
53632732,26066,348415645,-1168074568,-1084,6607,71
53642731,26066,348415640,-1168074532,-1083,6608,68
53654670,26066,348415635,-1168074496,-1083,6608,67
53662893,26067,348415630,-1168074459,-1083,6608,64
53672799,26067,348415625,-1168074423,-1083,6608,63
53682719,26068,348415620,-1168074387,-1083,6607,61
53692749,26068,348415616,-1168074352,-1083,6607,60
53703072,26069,348415611,-1168074316,-1083,6607,58
53712885,26069,348415606,-1168074278,-1083,6607,56
53723001,26070,348415601,-1168074243,-1083,6608,53
53732724,26070,348415596,-1168074207,-1083,6608,50
53742742,26071,348415591,-1168074171,-1082,6608,48
53753517,26071,348415586,-1168074135,-1082,6608,46
53762909,26072,348415581,-1168074098,-1082,6607,45
53772796,26072,348415577,-1168074062,-1083,6607,43
53783271,26072,348415572,-1168074026,-1082,6607,40
53792741,26073,348415567,-1168073990,-1082,6608,37
53803350,26073,348415562,-1168073954,-1082,6608,34
53813460,26074,348415557,-1168073917,-1082,6607,31
53822795,26074,348415552,-1168073881,-1083,6607,29
53832750,26075,348415547,-1168073845,-1082,6607,27
53843221,26075,348415542,-1168073810,-1082,6606,27
53852938,26075,348415538,-1168073774,-1082,6606,26
53863290,26076,348415533,-1168073737,-1082,6606,25
53872823,26076,348415528,-1168073701,-1083,6606,23
53882718,26077,348415523,-1168073665,-1083,6606,22
53892738,26077,348415518,-1168073629,-1082,6606,21
53903421,26077,348415513,-1168073593,-1082,6606,22
53913088,26078,348415508,-1168073556,-1082,6606,23
53922801,26078,348415504,-1168073520,-1082,6606,23
53933405,26078,348415499,-1168073484,-1081,6606,23
53943319,26079,348415494,-1168073449,-1082,6605,24
53952949,26079,348415489,-1168073413,-1082,6605,23
53963669,26079,348415484,-1168073375,-1081,6606,24
53972778,26079,348415479,-1168073340,-1081,6606,24
53982704,26079,348415474,-1168073304,-1081,6606,25
53993349,26079,348415469,-1168073268,-1080,6605,27
54003291,26079,348415465,-1168073232,-1080,6605,28
54012860,26079,348415460,-1168073195,-1080,6605,28
54023605,26079,348415455,-1168073159,-1080,6606,29
54032730,26079,348415450,-1168073123,-1080,6606,29
54042787,26079,348415445,-1168073087,-1079,6606,29
54053889,26079,348415440,-1168073052,-1079,6606,30
54062923,26079,348415435,-1168073014,-1079,6605,30
54072814,26079,348415431,-1168072978,-1079,6605,31
54083051,26078,348415426,-1168072943,-1079,6605,31
54092738,26078,348415421,-1168072907,-1079,6605,33
54103827,26078,348415416,-1168072871,-1078,6605,33
54113021,26078,348415411,-1168072834,-1078,6605,34
54122829,26078,348415406,-1168072798,-1078,6605,34
54133169,26078,348415401,-1168072762,-1078,6605,34
54143202,26078,348415396,-1168072726,-1078,6605,34
54153288,26078,348415392,-1168072691,-1078,6605,35
54163384,26077,348415387,-1168072653,-1077,6605,35
54173375,26077,348415382,-1168072617,-1077,6605,36
54182717,26077,348415377,-1168072582,-1077,6605,35
54193317,26077,348415372,-1168072546,-1077,6605,35
54203314,26077,348415367,-1168072510,-1077,6605,35
54212905,26077,348415362,-1168072473,-1076,6605,34
54222801,26077,348415357,-1168072437,-1076,6605,34
54232940,26077,348415353,-1168072401,-1076,6605,33
54242721,26077,348415348,-1168072365,-1075,6604,33
54253899,26077,348415343,-1168072330,-1076,6604,32
54263419,26077,348415338,-1168072292,-1076,6604,31
54272807,26077,348415333,-1168072256,-1075,6605,30
54282710,26077,348415328,-1168072221,-1075,6604,29
54293133,26077,348415323,-1168072185,-1075,6605,28
54302919,26077,348415319,-1168072149,-1075,6604,27
54312855,26077,348415314,-1168072112,-1075,6604,26
54323117,26077,348415309,-1168072076,-1075,6604,24
54332721,26077,348415304,-1168072040,-1075,6604,22
54343101,26077,348415299,-1168072004,-1075,6604,20
54353206,26077,348415294,-1168071969,-1075,6604,17
54363797,26077,348415289,-1168071931,-1075,6603,16
54372787,26077,348415284,-1168071895,-1075,6603,14
54383119,26077,348415280,-1168071860,-1074,6603,12
54392763,26077,348415275,-1168071824,-1075,6603,10
54403452,26077,348415270,-1168071788,-1075,6603,8
54412904,26077,348415265,-1168071751,-1074,6603,5
54422946,26077,348415260,-1168071715,-1075,6602,3
54432955,26077,348415255,-1168071679,-1074,6602,0
54442723,26077,348415250,-1168071643,-1074,6601,-2
54452989,26077,348415246,-1168071608,-1074,6601,-4
54462923,26077,348415241,-1168071570,-1074,6601,-6
54472783,26076,348415236,-1168071535,-1074,6601,-7
54482711,26076,348415231,-1168071499,-1073,6600,-9
54493203,26076,348415226,-1168071463,-1073,6600,-11
54503652,26076,348415221,-1168071427,-1073,6600,-13
54513480,26076,348415216,-1168071390,-1074,6600,-14
54522788,26076,348415212,-1168071354,-1073,6600,-16
54532718,26075,348415207,-1168071319,-1074,6599,-16
54543605,26075,348415202,-1168071283,-1073,6599,-16
54552936,26075,348415197,-1168071247,-1073,6599,-16
54562901,26074,348415192,-1168071210,-1073,6599,-16
54573151,26074,348415187,-1168071174,-1073,6598,-17
54583696,26074,348415183,-1168071138,-1074,6598,-17
54592737,26073,348415178,-1168071102,-1074,6598,-18
54602925,26073,348415173,-1168071067,-1074,6599,-18
54612923,26073,348415168,-1168071029,-1075,6598,-18
54622792,26072,348415163,-1168070994,-1075,6597,-17
54632707,26072,348415158,-1168070958,-1075,6597,-16
54642968,26072,348415153,-1168070922,-1076,6597,-16
54653674,26072,348415149,-1168070886,-1077,6597,-15
54662946,26071,348415144,-1168070849,-1077,6597,-15
54673266,26071,348415139,-1168070813,-1078,6597,-14
54682730,26071,348415134,-1168070778,-1079,6596,-13
54692745,26071,348415129,-1168070742,-1079,6596,-11
54702981,26071,348415124,-1168070706,-1080,6596,-10
54712935,26070,348415119,-1168070669,-1080,6596,-9
54722775,26070,348415115,-1168070633,-1081,6595,-8
54732739,26070,348415110,-1168070597,-1081,6595,-7
54742735,26070,348415105,-1168070562,-1083,6595,-5
54752960,26070,348415100,-1168070526,-1083,6595,-5
54763842,26070,348415095,-1168070489,-1083,6594,-4
54772793,26069,348415090,-1168070453,-1084,6594,-3
54782733,26069,348415085,-1168070417,-1084,6594,-2
54792728,26069,348415080,-1168070381,-1085,6594,0
54803239,26069,348415075,-1168070346,-1085,6594,2
54812916,26069,348415070,-1168070308,-1086,6593,4
54822781,26069,348415066,-1168070273,-1087,6593,6
54832956,26069,348415061,-1168070237,-1088,6593,7
54842730,26069,348415056,-1168070201,-1088,6594,8
54852911,26069,348415051,-1168070165,-1088,6593,9
54862934,26070,348415046,-1168070128,-1088,6593,11
54872784,26070,348415041,-1168070092,-1089,6593,13
54882705,26070,348415036,-1168070057,-1089,6592,14
54892711,26070,348415031,-1168070021,-1089,6593,16
54903633,26070,348415026,-1168069985,-1089,6593,17
54913081,26069,348415021,-1168069948,-1089,6592,18
54923305,26070,348415016,-1168069912,-1088,6592,20
54932702,26070,348415012,-1168069876,-1088,6593,21
54942719,26070,348415007,-1168069841,-1088,6592,23
54953605,26070,348415002,-1168069805,-1087,6592,25
54962891,26069,348414997,-1168069768,-1087,6593,26
54972770,26069,348414992,-1168069732,-1087,6593,27
54983901,26069,348414987,-1168069696,-1086,6593,27
54992950,26069,348414982,-1168069661,-1086,6593,28
55002920,26069,348414977,-1168069625,-1085,6593,29
55013194,26069,348414972,-1168069588,-1084,6593,30
55022788,26068,348414967,-1168069552,-1084,6593,30
55032721,26068,348414963,-1168069516,-1083,6594,31
55042720,26068,348414958,-1168069480,-1083,6594,31
55052949,26067,348414953,-1168069445,-1083,6594,30
55062854,26067,348414948,-1168069407,-1083,6594,29
55073178,26067,348414943,-1168069372,-1081,6594,27
55083407,26066,348414938,-1168069336,-1083,6593,25
55092707,26066,348414933,-1168069300,-1082,6594,24
55102937,26066,348414928,-1168069264,-1082,6593,24
55113844,26065,348414924,-1168069227,-1082,6593,23
55122852,26065,348414919,-1168069191,-1082,6593,21
55132692,26065,348414914,-1168069156,-1083,6593,20
55143550,26065,348414909,-1168069120,-1083,6593,18
55153542,26065,348414904,-1168069084,-1084,6593,16
55162858,26065,348414899,-1168069047,-1084,6592,15
55172774,26064,348414894,-1168069011,-1083,6592,13
55182720,26064,348414889,-1168068975,-1085,6592,12
55192730,26064,348414884,-1168068940,-1085,6592,12
55202937,26064,348414880,-1168068904,-1086,6591,12
55213056,26064,348414875,-1168068867,-1086,6592,11
55223744,26063,348414870,-1168068831,-1087,6591,9
55232745,26063,348414865,-1168068795,-1086,6591,7
55243039,26063,348414860,-1168068760,-1087,6592,4
55252905,26062,348414855,-1168068724,-1087,6592,3
55262857,26062,348414850,-1168068687,-1087,6591,1
55272779,26062,348414845,-1168068651,-1089,6591,1
55282954,26062,348414840,-1168068615,-1089,6591,2
55292711,26061,348414836,-1168068579,-1089,6591,3
55303262,26061,348414831,-1168068544,-1091,6590,3
55312904,26061,348414826,-1168068506,-1091,6591,0
55322774,26060,348414821,-1168068471,-1092,6591,-2
55332693,26060,348414816,-1168068435,-1092,6591,-5
55342772,26060,348414811,-1168068399,-1092,6591,-8
55353094,26059,348414806,-1168068364,-1093,6590,-11
55362844,26059,348414801,-1168068326,-1093,6590,-11
55372989,26059,348414796,-1168068291,-1093,6590,-11
55383612,26059,348414791,-1168068255,-1093,6589,-10
55393622,26058,348414786,-1168068219,-1094,6589,-10
55402924,26058,348414781,-1168068183,-1095,6589,-12
55412889,26058,348414776,-1168068146,-1095,6590,-15
55422816,26057,348414772,-1168068110,-1094,6591,-19
55432695,26057,348414767,-1168068075,-1094,6590,-22
55442703,26056,348414762,-1168068039,-1094,6590,-23
55452905,26056,348414757,-1168068003,-1095,6589,-22
55462844,26055,348414752,-1168067966,-1094,6588,-20
55472856,26055,348414747,-1168067930,-1095,6587,-19
55482693,26054,348414742,-1168067895,-1095,6587,-20
55492812,26054,348414737,-1168067859,-1095,6588,-22
55503586,26053,348414732,-1168067823,-1096,6588,-23
55512854,26053,348414727,-1168067786,-1096,6588,-22
55523560,26052,348414722,-1168067750,-1096,6588,-21
55532708,26052,348414717,-1168067715,-1097,6588,-19
55542732,26051,348414712,-1168067679,-1098,6587,-16
55553897,26051,348414707,-1168067643,-1096,6588,-14
55562847,26050,348414703,-1168067606,-1098,6587,-14
55572782,26050,348414698,-1168067570,-1099,6588,-14
55582708,26049,348414693,-1168067534,-1100,6588,-15
55592755,26049,348414688,-1168067499,-1100,6588,-15
55602914,26048,348414683,-1168067463,-1101,6588,-16
55613051,26048,348414678,-1168067426,-1101,6588,-14
55623003,26048,348414673,-1168067390,-1102,6587,-13
55632695,26047,348414668,-1168067354,-1102,6587,-12
55642704,26047,348414663,-1168067319,-1103,6587,-13
55653600,26047,348414658,-1168067283,-1103,6587,-14
55662853,26046,348414653,-1168067246,-1104,6587,-15
55672846,26046,348414648,-1168067210,-1104,6587,-16
55685318,26046,348414643,-1168067174,-1105,6586,-16
55692715,26045,348414638,-1168067139,-1105,6585,-15
55703426,26045,348414633,-1168067103,-1106,6585,-14
55712955,26045,348414628,-1168067066,-1107,6585,-13
55722773,26045,348414623,-1168067030,-1107,6585,-13
55732713,26045,348414618,-1168066994,-1108,6585,-13
55743611,26044,348414613,-1168066959,-1108,6585,-13
55752921,26044,348414608,-1168066923,-1109,6585,-12
55762849,26044,348414603,-1168066886,-1109,6584,-11
55772804,26044,348414598,-1168066850,-1109,6584,-10
55782723,26044,348414593,-1168066814,-1110,6584,-9
55792715,26043,348414588,-1168066779,-1110,6584,-9
55803679,26043,348414583,-1168066743,-1110,6584,-8
55812877,26043,348414578,-1168066706,-1111,6584,-7
55822771,26043,348414573,-1168066670,-1111,6584,-6
55832707,26042,348414568,-1168066634,-1111,6584,-3
55842723,26042,348414563,-1168066599,-1111,6584,-1
55852922,26042,348414558,-1168066563,-1111,6584,1
55864162,26042,348414553,-1168066526,-1111,6585,2
55873174,26042,348414548,-1168066490,-1112,6585,2
55882695,26041,348414543,-1168066454,-1112,6585,3
55892807,26041,348414538,-1168066419,-1112,6584,5
55902932,26041,348414533,-1168066383,-1112,6584,6
55912855,26040,348414528,-1168066346,-1112,6584,8
55923202,26040,348414523,-1168066310,-1112,6584,9
55932686,26040,348414518,-1168066274,-1112,6585,11
55942722,26039,348414513,-1168066239,-1113,6584,12
55953138,26039,348414508,-1168066203,-1111,6584,13
55962845,26038,348414503,-1168066166,-1113,6584,13
55972765,26038,348414498,-1168066130,-1112,6584,14
55982726,26038,348414493,-1168066094,-1114,6585,16
55992707,26038,348414488,-1168066059,-1114,6585,18
56003668,26038,348414483,-1168066023,-1115,6584,20
56012912,26038,348414478,-1168065986,-1115,6584,22
56022765,26038,348414473,-1168065950,-1116,6584,23
56033537,26038,348414468,-1168065914,-1117,6584,24
56042772,26038,348414463,-1168065879,-1117,6585,24
56053327,26038,348414458,-1168065843,-1118,6585,25
56063567,26038,348414453,-1168065806,-1119,6585,25
56073835,26039,348414448,-1168065770,-1119,6585,26
56082675,26039,348414443,-1168065734,-1120,6584,27
56092681,26039,348414438,-1168065699,-1120,6584,27
56103413,26039,348414433,-1168065663,-1120,6585,27
56112833,26039,348414428,-1168065626,-1121,6585,26
56122764,26039,348414423,-1168065590,-1120,6585,25
56133475,26039,348414418,-1168065554,-1121,6585,24
56142717,26039,348414413,-1168065519,-1121,6585,24
56152925,26039,348414407,-1168065483,-1120,6585,24
56163371,26039,348414402,-1168065446,-1121,6585,23
56172755,26039,348414397,-1168065410,-1122,6584,22
56182691,26038,348414392,-1168065374,-1120,6585,20
56192779,26038,348414387,-1168065339,-1121,6585,18
56202894,26038,348414382,-1168065303,-1121,6585,17
56212839,26038,348414377,-1168065266,-1121,6585,16
56223048,26038,348414372,-1168065230,-1121,6585,14
56232683,26038,348414367,-1168065194,-1121,6585,12
56242699,26037,348414362,-1168065159,-1120,6585,10
56253634,26037,348414357,-1168065123,-1119,6585,7
56262836,26037,348414352,-1168065086,-1120,6585,4
56273059,26036,348414347,-1168065050,-1119,6585,1
56282686,26036,348414342,-1168065014,-1119,6585,-1
56292691,26036,348414337,-1168064979,-1118,6585,-4
56303038,26035,348414332,-1168064943,-1119,6585,-7
56312849,26035,348414327,-1168064906,-1117,6585,-10
56322752,26035,348414322,-1168064870,-1119,6585,-14
56332710,26035,348414317,-1168064834,-1118,6584,-18
56342699,26034,348414312,-1168064799,-1118,6584,-22
56354148,26034,348414307,-1168064763,-1117,6584,-26
56363402,26034,348414302,-1168064726,-1118,6584,-30
56372751,26033,348414297,-1168064690,-1118,6584,-33
56382695,26033,348414291,-1168064654,-1118,6584,-36
56392717,26033,348414286,-1168064619,-1118,6583,-40
56403608,26032,348414281,-1168064583,-1118,6583,-44
56414154,26032,348414276,-1168064546,-1119,6583,-49
56422737,26032,348414271,-1168064510,-1119,6583,-53
56432716,26032,348414266,-1168064474,-1119,6583,-57
56443226,26032,348414261,-1168064439,-1120,6582,-60
56454246,26032,348414256,-1168064403,-1119,6582,-63
56462821,26032,348414251,-1168064366,-1120,6581,-66
56472757,26032,348414246,-1168064330,-1121,6580,-69
56482684,26032,348414241,-1168064295,-1121,6580,-73
56492699,26032,348414236,-1168064259,-1122,6580,-76
56502997,26032,348414231,-1168064223,-1121,6580,-78
56513647,26032,348414226,-1168064186,-1122,6580,-80
56522769,26032,348414221,-1168064150,-1121,6579,-80
56532714,26032,348414216,-1168064115,-1122,6579,-82
56542705,26032,348414211,-1168064079,-1121,6579,-83
56552904,26032,348414206,-1168064043,-1122,6579,-86
56562836,26033,348414201,-1168064006,-1121,6579,-88
56572756,26033,348414196,-1168063971,-1122,6578,-88
56582671,26033,348414191,-1168063935,-1122,6578,-88
56593208,26033,348414186,-1168063899,-1122,6577,-87
56603492,26033,348414180,-1168063864,-1122,6577,-87
56612826,26034,348414175,-1168063826,-1121,6577,-87
56622756,26034,348414170,-1168063791,-1121,6577,-87
56632727,26034,348414165,-1168063755,-1120,6577,-86
56642693,26034,348414160,-1168063719,-1123,6576,-84
56652903,26035,348414155,-1168063684,-1121,6576,-83
56662840,26035,348414150,-1168063647,-1122,6576,-82
56672764,26035,348414145,-1168063611,-1122,6576,-81
56682987,26035,348414140,-1168063575,-1122,6576,-80
56692690,26036,348414135,-1168063540,-1122,6576,-79
56703038,26036,348414130,-1168063504,-1121,6576,-77
56712897,26036,348414125,-1168063467,-1124,6574,-75
56722765,26036,348414120,-1168063431,-1121,6575,-73
56732679,26036,348414115,-1168063396,-1124,6575,-71
56742707,26037,348414110,-1168063360,-1122,6575,-69
56753705,26037,348414105,-1168063324,-1123,6575,-67
56762811,26037,348414100,-1168063287,-1123,6575,-65
56772759,26037,348414095,-1168063252,-1122,6575,-62
56782889,26037,348414090,-1168063216,-1123,6574,-60
56793346,26038,348414085,-1168063180,-1122,6575,-59
56803567,26038,348414079,-1168063145,-1123,6575,-57
56812888,26038,348414074,-1168063107,-1122,6575,-55
56823213,26038,348414069,-1168063072,-1122,6574,-52
56832754,26038,348414064,-1168063036,-1122,6574,-50
56842697,26038,348414059,-1168063001,-1122,6574,-48
56852989,26038,348414054,-1168062965,-1122,6574,-46
56862835,26038,348414049,-1168062928,-1121,6574,-45
56872766,26038,348414044,-1168062892,-1121,6575,-44
56882691,26038,348414039,-1168062856,-1121,6574,-42
56892685,26038,348414034,-1168062821,-1120,6574,-41
56902908,26038,348414029,-1168062785,-1120,6574,-39
56913701,26038,348414024,-1168062748,-1120,6573,-38
56922759,26038,348414019,-1168062712,-1120,6574,-37
56932676,26038,348414014,-1168062677,-1120,6574,-37
56942703,26038,348414009,-1168062641,-1119,6574,-36
56953355,26038,348414004,-1168062605,-1120,6574,-36
56962824,26038,348413999,-1168062568,-1119,6573,-36
56972751,26038,348413994,-1168062533,-1119,6573,-35
56983216,26038,348413989,-1168062497,-1119,6573,-35
56992685,26037,348413984,-1168062461,-1119,6573,-35
57002925,26037,348413979,-1168062426,-1119,6573,-35
57013746,26037,348413974,-1168062389,-1119,6573,-36
57022751,26037,348413968,-1168062353,-1119,6573,-37
57032702,26037,348413963,-1168062317,-1120,6572,-37
57042696,26037,348413958,-1168062282,-1120,6572,-38
57053606,26037,348413953,-1168062246,-1120,6572,-40
57062840,26037,348413948,-1168062209,-1120,6572,-41
57073891,26037,348413943,-1168062173,-1120,6572,-42
57082662,26037,348413938,-1168062138,-1120,6572,-43
57092677,26038,348413933,-1168062102,-1120,6571,-44
57102946,26038,348413928,-1168062066,-1120,6571,-44
57112831,26038,348413923,-1168062029,-1120,6571,-46
57122807,26038,348413918,-1168061994,-1121,6571,-48
57132690,26038,348413913,-1168061958,-1120,6571,-49
57142699,26038,348413908,-1168061922,-1121,6571,-51
57153813,26038,348413903,-1168061887,-1120,6570,-52
57162818,26038,348413898,-1168061850,-1121,6570,-52
57173365,26038,348413893,-1168061814,-1120,6570,-53
57182687,26038,348413888,-1168061779,-1121,6570,-54
57192732,26037,348413883,-1168061743,-1120,6570,-55
57202892,26037,348413878,-1168061707,-1120,6570,-57
57212956,26037,348413873,-1168061670,-1119,6569,-58
57222767,26037,348413868,-1168061635,-1119,6569,-59
57232954,26037,348413863,-1168061599,-1119,6569,-59
57242684,26037,348413858,-1168061563,-1119,6569,-60
57253254,26036,348413852,-1168061528,-1118,6569,-60
57262815,26036,348413847,-1168061491,-1118,6569,-60
57272894,26036,348413842,-1168061455,-1118,6569,-61
57282692,26036,348413837,-1168061419,-1117,6569,-61
57292684,26035,348413832,-1168061384,-1117,6569,-61
57303365,26035,348413827,-1168061348,-1117,6569,-62
57313548,26035,348413822,-1168061311,-1116,6569,-62
57322986,26035,348413817,-1168061275,-1116,6569,-61
57332658,26034,348413812,-1168061240,-1117,6569,-60
57342690,26034,348413807,-1168061204,-1116,6568,-59
57352939,26034,348413802,-1168061169,-1116,6568,-59
57364139,26033,348413797,-1168061132,-1116,6569,-59
57372723,26033,348413792,-1168061096,-1118,6569,-59
57382701,26033,348413787,-1168061060,-1117,6569,-59
57395509,26032,348413782,-1168061025,-1118,6568,-59
57403705,26032,348413777,-1168060989,-1118,6568,-57
57412884,26032,348413772,-1168060952,-1118,6568,-55
57422728,26032,348413767,-1168060916,-1119,6568,-54
57432677,26032,348413762,-1168060881,-1120,6568,-53
57442696,26032,348413757,-1168060845,-1121,6568,-51
57452903,26032,348413752,-1168060810,-1121,6568,-50
57462892,26032,348413747,-1168060773,-1122,6568,-50
57472747,26033,348413742,-1168060737,-1122,6568,-50
57482688,26033,348413737,-1168060701,-1123,6568,-50
57493696,26033,348413732,-1168060666,-1124,6568,-49
57502905,26033,348413727,-1168060630,-1124,6567,-48
57512926,26033,348413722,-1168060593,-1125,6566,-48
57522953,26033,348413716,-1168060557,-1125,6567,-46
57532665,26033,348413711,-1168060522,-1125,6566,-46
57542695,26033,348413706,-1168060486,-1125,6566,-46
57553012,26033,348413701,-1168060451,-1126,6567,-46
57562902,26033,348413696,-1168060414,-1126,6567,-46
57572731,26033,348413691,-1168060378,-1125,6567,-45
57582693,26034,348413686,-1168060342,-1126,6566,-43
57592687,26034,348413681,-1168060307,-1125,6566,-41
57602887,26033,348413676,-1168060271,-1127,6566,-40
57613698,26033,348413671,-1168060234,-1126,6566,-40
57623337,26033,348413666,-1168060198,-1127,6567,-40
57632891,26033,348413661,-1168060163,-1126,6567,-40
57642984,26033,348413656,-1168060127,-1127,6567,-39
57653056,26033,348413651,-1168060092,-1127,6566,-38
57662893,26033,348413645,-1168060055,-1126,6566,-36
57673904,26033,348413640,-1168060019,-1127,6566,-35
57682653,26033,348413635,-1168059983,-1126,6567,-34
57692689,26032,348413630,-1168059948,-1126,6567,-33
57704097,26032,348413625,-1168059912,-1126,6567,-32
57713329,26032,348413620,-1168059875,-1126,6566,-31
57723481,26032,348413615,-1168059840,-1126,6567,-29
57733173,26032,348413610,-1168059804,-1126,6567,-28
57748892,26032,348413605,-1168059768,-1125,6567,-27
57752913,26032,348413600,-1168059733,-1127,6567,-27
57762963,26032,348413595,-1168059696,-1125,6567,-26
57772746,26032,348413590,-1168059660,-1126,6567,-25
57782685,26031,348413585,-1168059624,-1126,6567,-24
57793102,26031,348413580,-1168059589,-1125,6567,-23
57803684,26031,348413574,-1168059553,-1126,6567,-21
57813218,26031,348413569,-1168059516,-1125,6568,-21
57823513,26031,348413564,-1168059481,-1126,6568,-20
57832703,26031,348413559,-1168059445,-1125,6568,-18
57842720,26031,348413554,-1168059409,-1125,6568,-18
57852892,26031,348413549,-1168059374,-1125,6568,-17
57862853,26031,348413544,-1168059337,-1125,6568,-18
57873820,26031,348413539,-1168059301,-1125,6569,-18
57883775,26031,348413534,-1168059265,-1125,6569,-18
57893260,26031,348413529,-1168059230,-1125,6568,-17
57903523,26032,348413524,-1168059194,-1124,6568,-17
57912974,26032,348413519,-1168059157,-1125,6568,-16
57923737,26032,348413514,-1168059121,-1125,6568,-16
57935907,26032,348413509,-1168059086,-1124,6569,-17
57943914,26032,348413504,-1168059050,-1124,6569,-18
57953744,26033,348413498,-1168059015,-1124,6570,-19
57964087,26033,348413493,-1168058978,-1124,6570,-20
57973044,26033,348413488,-1168058942,-1123,6569,-20
57982675,26033,348413483,-1168058906,-1124,6569,-20
57992686,26033,348413478,-1168058871,-1123,6569,-21
58006735,26034,348413473,-1168058835,-1124,6569,-23
58012852,26034,348413468,-1168058798,-1124,6570,-26
58022752,26034,348413463,-1168058762,-1123,6570,-28
58033024,26034,348413458,-1168058727,-1123,6569,-29
58042695,26035,348413453,-1168058691,-1123,6569,-30
58053600,26035,348413448,-1168058656,-1123,6569,-31
58064058,26036,348413443,-1168058618,-1124,6569,-32
58072971,26036,348413438,-1168058583,-1124,6569,-33
58082908,26036,348413433,-1168058547,-1124,6569,-35
58092796,26037,348413428,-1168058512,-1123,6569,-36
58102880,26037,348413423,-1168058476,-1123,6569,-37
58112822,26038,348413418,-1168058439,-1124,6569,-38
58123033,26038,348413413,-1168058403,-1123,6569,-39
58132675,26038,348413407,-1168058368,-1124,6569,-40
58142698,26039,348413402,-1168058332,-1123,6570,-41
58156776,26039,348413397,-1168058296,-1123,6569,-43
58162802,26040,348413392,-1168058259,-1122,6569,-43
58172751,26040,348413387,-1168058224,-1123,6569,-44
58182723,26041,348413382,-1168058188,-1122,6569,-45
58194134,26041,348413377,-1168058153,-1122,6569,-45
58202885,26041,348413372,-1168058117,-1121,6570,-46
58212831,26042,348413367,-1168058080,-1121,6570,-46
58223037,26042,348413362,-1168058044,-1120,6570,-46
58232677,26042,348413357,-1168058009,-1120,6570,-46
58242688,26043,348413352,-1168057973,-1119,6570,-46
58252933,26043,348413347,-1168057937,-1118,6570,-46
58262818,26043,348413342,-1168057900,-1118,6570,-46
58272724,26043,348413337,-1168057865,-1117,6571,-46
58283073,26044,348413332,-1168057829,-1117,6571,-45
58292702,26044,348413327,-1168057793,-1117,6570,-45
58303615,26044,348413322,-1168057758,-1116,6571,-45
58312827,26044,348413317,-1168057721,-1115,6571,-45
58322721,26044,348413312,-1168057685,-1115,6571,-45
58332708,26044,348413307,-1168057649,-1114,6571,-44
58342688,26045,348413302,-1168057614,-1114,6571,-43
58352934,26045,348413297,-1168057578,-1113,6571,-41
58363417,26045,348413292,-1168057541,-1113,6571,-40
58372716,26045,348413287,-1168057505,-1112,6572,-40
58382823,26045,348413282,-1168057470,-1112,6572,-39
58392692,26045,348413277,-1168057434,-1111,6573,-39
58402905,26046,348413272,-1168057398,-1112,6572,-38
58412796,26046,348413267,-1168057361,-1111,6572,-38
58423285,26046,348413262,-1168057326,-1111,6572,-37
58433459,26046,348413257,-1168057290,-1110,6573,-37
58442679,26046,348413252,-1168057254,-1110,6573,-36
58453948,26046,348413247,-1168057219,-1109,6573,-36
58462822,26046,348413242,-1168057182,-1109,6573,-36
58472950,26046,348413237,-1168057146,-1109,6573,-35
58482647,26046,348413232,-1168057110,-1109,6573,-35
58492686,26047,348413227,-1168057075,-1108,6573,-35
58502899,26047,348413222,-1168057039,-1109,6573,-35
58512817,26047,348413217,-1168057002,-1109,6573,-34
58522734,26047,348413212,-1168056966,-1108,6574,-35
58532692,26048,348413207,-1168056931,-1109,6573,-34
58542698,26048,348413202,-1168056895,-1108,6573,-34
58552886,26048,348413197,-1168056859,-1108,6573,-34
58562793,26049,348413192,-1168056822,-1108,6573,-34
58572726,26049,348413187,-1168056787,-1108,6574,-35
58582691,26049,348413182,-1168056751,-1107,6574,-35
58592689,26050,348413177,-1168056715,-1108,6574,-35
58603127,26050,348413172,-1168056680,-1107,6574,-35
58612825,26050,348413167,-1168056642,-1107,6574,-35
58623477,26051,348413162,-1168056607,-1107,6574,-35
58632676,26051,348413157,-1168056571,-1106,6574,-36
58642692,26051,348413152,-1168056536,-1106,6574,-36
58652933,26052,348413147,-1168056500,-1106,6574,-37
58663436,26052,348413142,-1168056463,-1106,6574,-37
58672930,26052,348413137,-1168056427,-1106,6574,-37
58682642,26053,348413133,-1168056391,-1105,6574,-38
58693489,26053,348413128,-1168056356,-1105,6574,-39
58702856,26053,348413123,-1168056320,-1105,6574,-39
58712808,26054,348413118,-1168056283,-1104,6575,-40
58723613,26054,348413113,-1168056247,-1104,6574,-40
58732669,26054,348413108,-1168056212,-1104,6574,-40
58743000,26054,348413103,-1168056176,-1104,6574,-41
58753791,26054,348413098,-1168056140,-1103,6575,-41
58762990,26055,348413093,-1168056103,-1103,6575,-42
58772722,26055,348413088,-1168056068,-1103,6575,-43
58782682,26055,348413083,-1168056032,-1102,6575,-43
58792652,26055,348413078,-1168055996,-1102,6575,-43
58803606,26056,348413073,-1168055961,-1102,6575,-43
58812803,26056,348413068,-1168055924,-1102,6575,-44
58823723,26056,348413063,-1168055888,-1101,6575,-44
58832700,26056,348413058,-1168055852,-1100,6576,-45
58842709,26056,348413053,-1168055817,-1101,6575,-46
58853208,26056,348413048,-1168055781,-1100,6576,-46
58862823,26057,348413043,-1168055744,-1100,6575,-45
58872728,26057,348413038,-1168055708,-1099,6576,-46
58883817,26057,348413033,-1168055673,-1099,6576,-46
58892702,26057,348413028,-1168055637,-1099,6576,-46
58903333,26057,348413023,-1168055601,-1098,6576,-46
58912940,26057,348413019,-1168055564,-1098,6576,-45
58922701,26057,348413014,-1168055528,-1098,6576,-45
58932652,26058,348413009,-1168055493,-1098,6576,-44
58942677,26058,348413004,-1168055457,-1097,6576,-44
58953553,26058,348412999,-1168055422,-1097,6577,-44
58962794,26058,348412994,-1168055384,-1097,6577,-44
58973423,26058,348412989,-1168055349,-1097,6577,-44
58983174,26059,348412984,-1168055313,-1096,6577,-43
58993312,26059,348412979,-1168055277,-1096,6576,-42
59002853,26059,348412974,-1168055242,-1096,6577,-42
59012835,26059,348412969,-1168055205,-1095,6577,-42
59022748,26059,348412964,-1168055169,-1095,6577,-42
59032654,26060,348412959,-1168055133,-1095,6577,-41
59043021,26060,348412954,-1168055098,-1094,6577,-41
59052918,26060,348412949,-1168055062,-1095,6577,-40
59062795,26060,348412945,-1168055025,-1094,6578,-40
59072713,26060,348412940,-1168054989,-1094,6578,-40
59082684,26060,348412935,-1168054953,-1094,6578,-39
59092650,26060,348412930,-1168054918,-1093,6578,-39
59102905,26061,348412925,-1168054882,-1093,6578,-39
59112799,26061,348412920,-1168054845,-1093,6578,-39
59122713,26061,348412915,-1168054809,-1093,6578,-38
59132658,26061,348412910,-1168054774,-1093,6578,-38
59142681,26061,348412905,-1168054738,-1093,6579,-38
59152856,26062,348412900,-1168054702,-1093,6579,-39
59162791,26062,348412895,-1168054665,-1093,6579,-39
59172714,26062,348412890,-1168054630,-1093,6579,-39
59182640,26062,348412886,-1168054594,-1092,6579,-38
59192658,26062,348412881,-1168054558,-1092,6578,-38
59203428,26063,348412876,-1168054523,-1092,6579,-38
59212816,26063,348412871,-1168054485,-1092,6579,-39
59222953,26063,348412866,-1168054450,-1092,6579,-39
59232738,26063,348412861,-1168054414,-1092,6579,-39
59242650,26064,348412856,-1168054378,-1092,6579,-39
59252851,26064,348412851,-1168054343,-1092,6579,-39
59262797,26064,348412846,-1168054306,-1092,6579,-40
59273263,26065,348412841,-1168054270,-1092,6579,-40
59282644,26065,348412836,-1168054234,-1092,6579,-40
59292647,26065,348412831,-1168054199,-1092,6579,-41
59303593,26066,348412827,-1168054163,-1091,6579,-41
59313631,26066,348412822,-1168054126,-1091,6579,-41
59322701,26066,348412817,-1168054090,-1090,6579,-41
59332660,26067,348412812,-1168054054,-1091,6579,-42
59342646,26067,348412807,-1168054019,-1090,6580,-42
59352893,26067,348412802,-1168053983,-1090,6580,-42
59363181,26067,348412797,-1168053946,-1089,6580,-42
59372709,26068,348412792,-1168053910,-1089,6579,-43
59382683,26068,348412787,-1168053875,-1089,6580,-44
59392688,26068,348412782,-1168053839,-1088,6580,-44
59402894,26068,348412777,-1168053803,-1087,6580,-44
59412823,26069,348412773,-1168053766,-1087,6580,-44
59422840,26069,348412768,-1168053730,-1086,6580,-44
59432663,26069,348412763,-1168053695,-1086,6580,-44
59442669,26070,348412758,-1168053659,-1086,6580,-44
59453723,26070,348412753,-1168053623,-1084,6581,-45
59463101,26070,348412748,-1168053586,-1084,6581,-46
59473060,26070,348412743,-1168053551,-1083,6581,-47
59483425,26070,348412738,-1168053515,-1083,6581,-47
59492643,26070,348412734,-1168053479,-1082,6581,-47
59502921,26070,348412729,-1168053444,-1082,6581,-47
59513283,26070,348412724,-1168053406,-1081,6581,-48
59522692,26070,348412719,-1168053371,-1082,6582,-49
59532641,26070,348412714,-1168053335,-1081,6582,-50
59542715,26070,348412709,-1168053299,-1081,6581,-50
59552859,26070,348412704,-1168053264,-1080,6581,-50
59562914,26070,348412699,-1168053227,-1080,6581,-50
59573512,26070,348412695,-1168053191,-1080,6582,-51
59582897,26070,348412690,-1168053155,-1080,6582,-52
59592646,26069,348412685,-1168053119,-1080,6582,-52
59605023,26069,348412680,-1168053084,-1080,6582,-52
59612900,26069,348412675,-1168053047,-1080,6581,-52
59624420,26069,348412670,-1168053011,-1081,6581,-52
59633175,26069,348412665,-1168052975,-1081,6581,-52
59642647,26069,348412661,-1168052940,-1081,6581,-52
59652841,26069,348412656,-1168052904,-1081,6582,-53
59662845,26069,348412651,-1168052867,-1082,6582,-52
59672731,26069,348412646,-1168052831,-1081,6581,-52
59682626,26069,348412641,-1168052795,-1084,6581,-51
59693029,26069,348412636,-1168052760,-1081,6581,-50
59702881,26069,348412631,-1168052724,-1083,6581,-50
59712788,26069,348412626,-1168052687,-1082,6582,-50
59723467,26069,348412622,-1168052651,-1083,6582,-49
59734824,26069,348412617,-1168052616,-1083,6581,-48
59742646,26069,348412612,-1168052580,-1082,6581,-48
59753335,26069,348412607,-1168052544,-1083,6581,-47
59762781,26069,348412602,-1168052507,-1082,6581,-46
59774453,26069,348412597,-1168052471,-1084,6581,-47
59783344,26069,348412592,-1168052436,-1083,6582,-47
59792649,26069,348412587,-1168052400,-1083,6582,-45
59803349,26069,348412582,-1168052364,-1083,6581,-43
59813827,26069,348412578,-1168052327,-1083,6581,-43
59822714,26069,348412573,-1168052291,-1083,6582,-43
59832642,26069,348412568,-1168052256,-1082,6582,-42
59843768,26069,348412563,-1168052220,-1083,6582,-42
59853312,26069,348412558,-1168052184,-1082,6582,-41
59862775,26069,348412553,-1168052147,-1081,6582,-40
59872722,26069,348412548,-1168052112,-1081,6582,-38
59882675,26069,348412544,-1168052076,-1080,6582,-36
59892640,26068,348412539,-1168052040,-1081,6582,-36
59904062,26068,348412534,-1168052005,-1080,6583,-36
59912786,26068,348412529,-1168051967,-1080,6583,-37
59922706,26068,348412524,-1168051932,-1081,6583,-36
59932645,26068,348412519,-1168051896,-1080,6583,-36
59942684,26067,348412514,-1168051860,-1081,6582,-36
59953713,26067,348412509,-1168051825,-1081,6582,-35
59963740,26067,348412505,-1168051787,-1081,6583,-35
59972712,26067,348412500,-1168051752,-1081,6583,-35
59982647,26066,348412495,-1168051716,-1081,6583,-35
59993115,26066,348412490,-1168051680,-1082,6583,-35
